Par,regiao,tabela_num,titulo,ano,arquivo,arquivo_path,aba,variavel,valor
RI Rio Capim,10 Rio Capim,22,"Tabela 22 – Caracterização Hospitalar – Equip de Manutenção da Vida, Equip de Diagnóstico e Infra - 2025 ri rio capim",20,"Tabela 22 – Caracterização Hospitalar – Equip de Manutenção da Vida, Equip de Diagnóstico e Infra - 2025 ri rio capim","..\..\Desktop\tabelas-powerBI\10 Rio Capim\Tabela 22 – Caracterização Hospitalar – Equip de Manutenção da Vida, Equip de Diagnóstico e Infra - 2025 ri rio capim.xlsx",Rio Capim,1560,64.0
Abel Figueiredo,10 Rio Capim,22,"Tabela 22 – Caracterização Hospitalar – Equip de Manutenção da Vida, Equip de Diagnóstico e Infra - 2025 ri rio capim",20,"Tabela 22 – Caracterização Hospitalar – Equip de Manutenção da Vida, Equip de Diagnóstico e Infra - 2025 ri rio capim","..\..\Desktop\tabelas-powerBI\10 Rio Capim\Tabela 22 – Caracterização Hospitalar – Equip de Manutenção da Vida, Equip de Diagnóstico e Infra - 2025 ri rio capim.xlsx",Rio Capim,1560,0.0
Aurora do Pará,10 Rio Capim,22,"Tabela 22 – Caracterização Hospitalar – Equip de Manutenção da Vida, Equip de Diagnóstico e Infra - 2025 ri rio capim",20,"Tabela 22 – Caracterização Hospitalar – Equip de Manutenção da Vida, Equip de Diagnóstico e Infra - 2025 ri rio capim","..\..\Desktop\tabelas-powerBI\10 Rio Capim\Tabela 22 – Caracterização Hospitalar – Equip de Manutenção da Vida, Equip de Diagnóstico e Infra - 2025 ri rio capim.xlsx",Rio Capim,1560,1.0
Bujaru,10 Rio Capim,22,"Tabela 22 – Caracterização Hospitalar – Equip de Manutenção da Vida, Equip de Diagnóstico e Infra - 2025 ri rio capim",20,"Tabela 22 – Caracterização Hospitalar – Equip de Manutenção da Vida, Equip de Diagnóstico e Infra - 2025 ri rio capim","..\..\Desktop\tabelas-powerBI\10 Rio Capim\Tabela 22 – Caracterização Hospitalar – Equip de Manutenção da Vida, Equip de Diagnóstico e Infra - 2025 ri rio capim.xlsx",Rio Capim,1560,1.0
Capitão Poço,10 Rio Capim,22,"Tabela 22 – Caracterização Hospitalar – Equip de Manutenção da Vida, Equip de Diagnóstico e Infra - 2025 ri rio capim",20,"Tabela 22 – Caracterização Hospitalar – Equip de Manutenção da Vida, Equip de Diagnóstico e Infra - 2025 ri rio capim","..\..\Desktop\tabelas-powerBI\10 Rio Capim\Tabela 22 – Caracterização Hospitalar – Equip de Manutenção da Vida, Equip de Diagnóstico e Infra - 2025 ri rio capim.xlsx",Rio Capim,1560,4.0
Concórdia do Pará,10 Rio Capim,22,"Tabela 22 – Caracterização Hospitalar – Equip de Manutenção da Vida, Equip de Diagnóstico e Infra - 2025 ri rio capim",20,"Tabela 22 – Caracterização Hospitalar – Equip de Manutenção da Vida, Equip de Diagnóstico e Infra - 2025 ri rio capim","..\..\Desktop\tabelas-powerBI\10 Rio Capim\Tabela 22 – Caracterização Hospitalar – Equip de Manutenção da Vida, Equip de Diagnóstico e Infra - 2025 ri rio capim.xlsx",Rio Capim,1560,2.0
Dom Eliseu,10 Rio Capim,22,"Tabela 22 – Caracterização Hospitalar – Equip de Manutenção da Vida, Equip de Diagnóstico e Infra - 2025 ri rio capim",20,"Tabela 22 – Caracterização Hospitalar – Equip de Manutenção da Vida, Equip de Diagnóstico e Infra - 2025 ri rio capim","..\..\Desktop\tabelas-powerBI\10 Rio Capim\Tabela 22 – Caracterização Hospitalar – Equip de Manutenção da Vida, Equip de Diagnóstico e Infra - 2025 ri rio capim.xlsx",Rio Capim,1560,5.0
Garrafão do Norte,10 Rio Capim,22,"Tabela 22 – Caracterização Hospitalar – Equip de Manutenção da Vida, Equip de Diagnóstico e Infra - 2025 ri rio capim",20,"Tabela 22 – Caracterização Hospitalar – Equip de Manutenção da Vida, Equip de Diagnóstico e Infra - 2025 ri rio capim","..\..\Desktop\tabelas-powerBI\10 Rio Capim\Tabela 22 – Caracterização Hospitalar – Equip de Manutenção da Vida, Equip de Diagnóstico e Infra - 2025 ri rio capim.xlsx",Rio Capim,1560,2.0
Ipixuna do Pará,10 Rio Capim,22,"Tabela 22 – Caracterização Hospitalar – Equip de Manutenção da Vida, Equip de Diagnóstico e Infra - 2025 ri rio capim",20,"Tabela 22 – Caracterização Hospitalar – Equip de Manutenção da Vida, Equip de Diagnóstico e Infra - 2025 ri rio capim","..\..\Desktop\tabelas-powerBI\10 Rio Capim\Tabela 22 – Caracterização Hospitalar – Equip de Manutenção da Vida, Equip de Diagnóstico e Infra - 2025 ri rio capim.xlsx",Rio Capim,1560,3.0
Irituia,10 Rio Capim,22,"Tabela 22 – Caracterização Hospitalar – Equip de Manutenção da Vida, Equip de Diagnóstico e Infra - 2025 ri rio capim",20,"Tabela 22 – Caracterização Hospitalar – Equip de Manutenção da Vida, Equip de Diagnóstico e Infra - 2025 ri rio capim","..\..\Desktop\tabelas-powerBI\10 Rio Capim\Tabela 22 – Caracterização Hospitalar – Equip de Manutenção da Vida, Equip de Diagnóstico e Infra - 2025 ri rio capim.xlsx",Rio Capim,1560,1.0
Mãe do Rio,10 Rio Capim,22,"Tabela 22 – Caracterização Hospitalar – Equip de Manutenção da Vida, Equip de Diagnóstico e Infra - 2025 ri rio capim",20,"Tabela 22 – Caracterização Hospitalar – Equip de Manutenção da Vida, Equip de Diagnóstico e Infra - 2025 ri rio capim","..\..\Desktop\tabelas-powerBI\10 Rio Capim\Tabela 22 – Caracterização Hospitalar – Equip de Manutenção da Vida, Equip de Diagnóstico e Infra - 2025 ri rio capim.xlsx",Rio Capim,1560,5.0
Nova Esperança do Piriá,10 Rio Capim,22,"Tabela 22 – Caracterização Hospitalar – Equip de Manutenção da Vida, Equip de Diagnóstico e Infra - 2025 ri rio capim",20,"Tabela 22 – Caracterização Hospitalar – Equip de Manutenção da Vida, Equip de Diagnóstico e Infra - 2025 ri rio capim","..\..\Desktop\tabelas-powerBI\10 Rio Capim\Tabela 22 – Caracterização Hospitalar – Equip de Manutenção da Vida, Equip de Diagnóstico e Infra - 2025 ri rio capim.xlsx",Rio Capim,1560,1.0
Ourém,10 Rio Capim,22,"Tabela 22 – Caracterização Hospitalar – Equip de Manutenção da Vida, Equip de Diagnóstico e Infra - 2025 ri rio capim",20,"Tabela 22 – Caracterização Hospitalar – Equip de Manutenção da Vida, Equip de Diagnóstico e Infra - 2025 ri rio capim","..\..\Desktop\tabelas-powerBI\10 Rio Capim\Tabela 22 – Caracterização Hospitalar – Equip de Manutenção da Vida, Equip de Diagnóstico e Infra - 2025 ri rio capim.xlsx",Rio Capim,1560,1.0
Paragominas,10 Rio Capim,22,"Tabela 22 – Caracterização Hospitalar – Equip de Manutenção da Vida, Equip de Diagnóstico e Infra - 2025 ri rio capim",20,"Tabela 22 – Caracterização Hospitalar – Equip de Manutenção da Vida, Equip de Diagnóstico e Infra - 2025 ri rio capim","..\..\Desktop\tabelas-powerBI\10 Rio Capim\Tabela 22 – Caracterização Hospitalar – Equip de Manutenção da Vida, Equip de Diagnóstico e Infra - 2025 ri rio capim.xlsx",Rio Capim,1560,22.0
Rondon do Pará,10 Rio Capim,22,"Tabela 22 – Caracterização Hospitalar – Equip de Manutenção da Vida, Equip de Diagnóstico e Infra - 2025 ri rio capim",20,"Tabela 22 – Caracterização Hospitalar – Equip de Manutenção da Vida, Equip de Diagnóstico e Infra - 2025 ri rio capim","..\..\Desktop\tabelas-powerBI\10 Rio Capim\Tabela 22 – Caracterização Hospitalar – Equip de Manutenção da Vida, Equip de Diagnóstico e Infra - 2025 ri rio capim.xlsx",Rio Capim,1560,1.0
Tomé-Açu,10 Rio Capim,22,"Tabela 22 – Caracterização Hospitalar – Equip de Manutenção da Vida, Equip de Diagnóstico e Infra - 2025 ri rio capim",20,"Tabela 22 – Caracterização Hospitalar – Equip de Manutenção da Vida, Equip de Diagnóstico e Infra - 2025 ri rio capim","..\..\Desktop\tabelas-powerBI\10 Rio Capim\Tabela 22 – Caracterização Hospitalar – Equip de Manutenção da Vida, Equip de Diagnóstico e Infra - 2025 ri rio capim.xlsx",Rio Capim,1560,7.0
Ulianópolis,10 Rio Capim,22,"Tabela 22 – Caracterização Hospitalar – Equip de Manutenção da Vida, Equip de Diagnóstico e Infra - 2025 ri rio capim",20,"Tabela 22 – Caracterização Hospitalar – Equip de Manutenção da Vida, Equip de Diagnóstico e Infra - 2025 ri rio capim","..\..\Desktop\tabelas-powerBI\10 Rio Capim\Tabela 22 – Caracterização Hospitalar – Equip de Manutenção da Vida, Equip de Diagnóstico e Infra - 2025 ri rio capim.xlsx",Rio Capim,1560,8.0
Fonte: DATASUS,10 Rio Capim,22,"Tabela 22 – Caracterização Hospitalar – Equip de Manutenção da Vida, Equip de Diagnóstico e Infra - 2025 ri rio capim",20,"Tabela 22 – Caracterização Hospitalar – Equip de Manutenção da Vida, Equip de Diagnóstico e Infra - 2025 ri rio capim","..\..\Desktop\tabelas-powerBI\10 Rio Capim\Tabela 22 – Caracterização Hospitalar – Equip de Manutenção da Vida, Equip de Diagnóstico e Infra - 2025 ri rio capim.xlsx",Rio Capim,1560,
Elaboração: FAPESPA,10 Rio Capim,22,"Tabela 22 – Caracterização Hospitalar – Equip de Manutenção da Vida, Equip de Diagnóstico e Infra - 2025 ri rio capim",20,"Tabela 22 – Caracterização Hospitalar – Equip de Manutenção da Vida, Equip de Diagnóstico e Infra - 2025 ri rio capim","..\..\Desktop\tabelas-powerBI\10 Rio Capim\Tabela 22 – Caracterização Hospitalar – Equip de Manutenção da Vida, Equip de Diagnóstico e Infra - 2025 ri rio capim.xlsx",Rio Capim,1560,
*Nota: Dados referentes a Outubro/2025.,10 Rio Capim,22,"Tabela 22 – Caracterização Hospitalar – Equip de Manutenção da Vida, Equip de Diagnóstico e Infra - 2025 ri rio capim",20,"Tabela 22 – Caracterização Hospitalar – Equip de Manutenção da Vida, Equip de Diagnóstico e Infra - 2025 ri rio capim","..\..\Desktop\tabelas-powerBI\10 Rio Capim\Tabela 22 – Caracterização Hospitalar – Equip de Manutenção da Vida, Equip de Diagnóstico e Infra - 2025 ri rio capim.xlsx",Rio Capim,1560,
RI Rio Capim,10 Rio Capim,22,"Tabela 22 – Caracterização Hospitalar – Equip de Manutenção da Vida, Equip de Diagnóstico e Infra - 2025 ri rio capim",20,"Tabela 22 – Caracterização Hospitalar – Equip de Manutenção da Vida, Equip de Diagnóstico e Infra - 2025 ri rio capim","..\..\Desktop\tabelas-powerBI\10 Rio Capim\Tabela 22 – Caracterização Hospitalar – Equip de Manutenção da Vida, Equip de Diagnóstico e Infra - 2025 ri rio capim.xlsx",Rio Capim,1444,62.0
Abel Figueiredo,10 Rio Capim,22,"Tabela 22 – Caracterização Hospitalar – Equip de Manutenção da Vida, Equip de Diagnóstico e Infra - 2025 ri rio capim",20,"Tabela 22 – Caracterização Hospitalar – Equip de Manutenção da Vida, Equip de Diagnóstico e Infra - 2025 ri rio capim","..\..\Desktop\tabelas-powerBI\10 Rio Capim\Tabela 22 – Caracterização Hospitalar – Equip de Manutenção da Vida, Equip de Diagnóstico e Infra - 2025 ri rio capim.xlsx",Rio Capim,1444,0.0
Aurora do Pará,10 Rio Capim,22,"Tabela 22 – Caracterização Hospitalar – Equip de Manutenção da Vida, Equip de Diagnóstico e Infra - 2025 ri rio capim",20,"Tabela 22 – Caracterização Hospitalar – Equip de Manutenção da Vida, Equip de Diagnóstico e Infra - 2025 ri rio capim","..\..\Desktop\tabelas-powerBI\10 Rio Capim\Tabela 22 – Caracterização Hospitalar – Equip de Manutenção da Vida, Equip de Diagnóstico e Infra - 2025 ri rio capim.xlsx",Rio Capim,1444,1.0
Bujaru,10 Rio Capim,22,"Tabela 22 – Caracterização Hospitalar – Equip de Manutenção da Vida, Equip de Diagnóstico e Infra - 2025 ri rio capim",20,"Tabela 22 – Caracterização Hospitalar – Equip de Manutenção da Vida, Equip de Diagnóstico e Infra - 2025 ri rio capim","..\..\Desktop\tabelas-powerBI\10 Rio Capim\Tabela 22 – Caracterização Hospitalar – Equip de Manutenção da Vida, Equip de Diagnóstico e Infra - 2025 ri rio capim.xlsx",Rio Capim,1444,1.0
Capitão Poço,10 Rio Capim,22,"Tabela 22 – Caracterização Hospitalar – Equip de Manutenção da Vida, Equip de Diagnóstico e Infra - 2025 ri rio capim",20,"Tabela 22 – Caracterização Hospitalar – Equip de Manutenção da Vida, Equip de Diagnóstico e Infra - 2025 ri rio capim","..\..\Desktop\tabelas-powerBI\10 Rio Capim\Tabela 22 – Caracterização Hospitalar – Equip de Manutenção da Vida, Equip de Diagnóstico e Infra - 2025 ri rio capim.xlsx",Rio Capim,1444,4.0
Concórdia do Pará,10 Rio Capim,22,"Tabela 22 – Caracterização Hospitalar – Equip de Manutenção da Vida, Equip de Diagnóstico e Infra - 2025 ri rio capim",20,"Tabela 22 – Caracterização Hospitalar – Equip de Manutenção da Vida, Equip de Diagnóstico e Infra - 2025 ri rio capim","..\..\Desktop\tabelas-powerBI\10 Rio Capim\Tabela 22 – Caracterização Hospitalar – Equip de Manutenção da Vida, Equip de Diagnóstico e Infra - 2025 ri rio capim.xlsx",Rio Capim,1444,2.0
Dom Eliseu,10 Rio Capim,22,"Tabela 22 – Caracterização Hospitalar – Equip de Manutenção da Vida, Equip de Diagnóstico e Infra - 2025 ri rio capim",20,"Tabela 22 – Caracterização Hospitalar – Equip de Manutenção da Vida, Equip de Diagnóstico e Infra - 2025 ri rio capim","..\..\Desktop\tabelas-powerBI\10 Rio Capim\Tabela 22 – Caracterização Hospitalar – Equip de Manutenção da Vida, Equip de Diagnóstico e Infra - 2025 ri rio capim.xlsx",Rio Capim,1444,5.0
Garrafão do Norte,10 Rio Capim,22,"Tabela 22 – Caracterização Hospitalar – Equip de Manutenção da Vida, Equip de Diagnóstico e Infra - 2025 ri rio capim",20,"Tabela 22 – Caracterização Hospitalar – Equip de Manutenção da Vida, Equip de Diagnóstico e Infra - 2025 ri rio capim","..\..\Desktop\tabelas-powerBI\10 Rio Capim\Tabela 22 – Caracterização Hospitalar – Equip de Manutenção da Vida, Equip de Diagnóstico e Infra - 2025 ri rio capim.xlsx",Rio Capim,1444,2.0
Ipixuna do Pará,10 Rio Capim,22,"Tabela 22 – Caracterização Hospitalar – Equip de Manutenção da Vida, Equip de Diagnóstico e Infra - 2025 ri rio capim",20,"Tabela 22 – Caracterização Hospitalar – Equip de Manutenção da Vida, Equip de Diagnóstico e Infra - 2025 ri rio capim","..\..\Desktop\tabelas-powerBI\10 Rio Capim\Tabela 22 – Caracterização Hospitalar – Equip de Manutenção da Vida, Equip de Diagnóstico e Infra - 2025 ri rio capim.xlsx",Rio Capim,1444,3.0
Irituia,10 Rio Capim,22,"Tabela 22 – Caracterização Hospitalar – Equip de Manutenção da Vida, Equip de Diagnóstico e Infra - 2025 ri rio capim",20,"Tabela 22 – Caracterização Hospitalar – Equip de Manutenção da Vida, Equip de Diagnóstico e Infra - 2025 ri rio capim","..\..\Desktop\tabelas-powerBI\10 Rio Capim\Tabela 22 – Caracterização Hospitalar – Equip de Manutenção da Vida, Equip de Diagnóstico e Infra - 2025 ri rio capim.xlsx",Rio Capim,1444,1.0
Mãe do Rio,10 Rio Capim,22,"Tabela 22 – Caracterização Hospitalar – Equip de Manutenção da Vida, Equip de Diagnóstico e Infra - 2025 ri rio capim",20,"Tabela 22 – Caracterização Hospitalar – Equip de Manutenção da Vida, Equip de Diagnóstico e Infra - 2025 ri rio capim","..\..\Desktop\tabelas-powerBI\10 Rio Capim\Tabela 22 – Caracterização Hospitalar – Equip de Manutenção da Vida, Equip de Diagnóstico e Infra - 2025 ri rio capim.xlsx",Rio Capim,1444,5.0
Nova Esperança do Piriá,10 Rio Capim,22,"Tabela 22 – Caracterização Hospitalar – Equip de Manutenção da Vida, Equip de Diagnóstico e Infra - 2025 ri rio capim",20,"Tabela 22 – Caracterização Hospitalar – Equip de Manutenção da Vida, Equip de Diagnóstico e Infra - 2025 ri rio capim","..\..\Desktop\tabelas-powerBI\10 Rio Capim\Tabela 22 – Caracterização Hospitalar – Equip de Manutenção da Vida, Equip de Diagnóstico e Infra - 2025 ri rio capim.xlsx",Rio Capim,1444,1.0
Ourém,10 Rio Capim,22,"Tabela 22 – Caracterização Hospitalar – Equip de Manutenção da Vida, Equip de Diagnóstico e Infra - 2025 ri rio capim",20,"Tabela 22 – Caracterização Hospitalar – Equip de Manutenção da Vida, Equip de Diagnóstico e Infra - 2025 ri rio capim","..\..\Desktop\tabelas-powerBI\10 Rio Capim\Tabela 22 – Caracterização Hospitalar – Equip de Manutenção da Vida, Equip de Diagnóstico e Infra - 2025 ri rio capim.xlsx",Rio Capim,1444,1.0
Paragominas,10 Rio Capim,22,"Tabela 22 – Caracterização Hospitalar – Equip de Manutenção da Vida, Equip de Diagnóstico e Infra - 2025 ri rio capim",20,"Tabela 22 – Caracterização Hospitalar – Equip de Manutenção da Vida, Equip de Diagnóstico e Infra - 2025 ri rio capim","..\..\Desktop\tabelas-powerBI\10 Rio Capim\Tabela 22 – Caracterização Hospitalar – Equip de Manutenção da Vida, Equip de Diagnóstico e Infra - 2025 ri rio capim.xlsx",Rio Capim,1444,20.0
Rondon do Pará,10 Rio Capim,22,"Tabela 22 – Caracterização Hospitalar – Equip de Manutenção da Vida, Equip de Diagnóstico e Infra - 2025 ri rio capim",20,"Tabela 22 – Caracterização Hospitalar – Equip de Manutenção da Vida, Equip de Diagnóstico e Infra - 2025 ri rio capim","..\..\Desktop\tabelas-powerBI\10 Rio Capim\Tabela 22 – Caracterização Hospitalar – Equip de Manutenção da Vida, Equip de Diagnóstico e Infra - 2025 ri rio capim.xlsx",Rio Capim,1444,1.0
Tomé-Açu,10 Rio Capim,22,"Tabela 22 – Caracterização Hospitalar – Equip de Manutenção da Vida, Equip de Diagnóstico e Infra - 2025 ri rio capim",20,"Tabela 22 – Caracterização Hospitalar – Equip de Manutenção da Vida, Equip de Diagnóstico e Infra - 2025 ri rio capim","..\..\Desktop\tabelas-powerBI\10 Rio Capim\Tabela 22 – Caracterização Hospitalar – Equip de Manutenção da Vida, Equip de Diagnóstico e Infra - 2025 ri rio capim.xlsx",Rio Capim,1444,7.0
Ulianópolis,10 Rio Capim,22,"Tabela 22 – Caracterização Hospitalar – Equip de Manutenção da Vida, Equip de Diagnóstico e Infra - 2025 ri rio capim",20,"Tabela 22 – Caracterização Hospitalar – Equip de Manutenção da Vida, Equip de Diagnóstico e Infra - 2025 ri rio capim","..\..\Desktop\tabelas-powerBI\10 Rio Capim\Tabela 22 – Caracterização Hospitalar – Equip de Manutenção da Vida, Equip de Diagnóstico e Infra - 2025 ri rio capim.xlsx",Rio Capim,1444,8.0
Fonte: DATASUS,10 Rio Capim,22,"Tabela 22 – Caracterização Hospitalar – Equip de Manutenção da Vida, Equip de Diagnóstico e Infra - 2025 ri rio capim",20,"Tabela 22 – Caracterização Hospitalar – Equip de Manutenção da Vida, Equip de Diagnóstico e Infra - 2025 ri rio capim","..\..\Desktop\tabelas-powerBI\10 Rio Capim\Tabela 22 – Caracterização Hospitalar – Equip de Manutenção da Vida, Equip de Diagnóstico e Infra - 2025 ri rio capim.xlsx",Rio Capim,1444,
Elaboração: FAPESPA,10 Rio Capim,22,"Tabela 22 – Caracterização Hospitalar – Equip de Manutenção da Vida, Equip de Diagnóstico e Infra - 2025 ri rio capim",20,"Tabela 22 – Caracterização Hospitalar – Equip de Manutenção da Vida, Equip de Diagnóstico e Infra - 2025 ri rio capim","..\..\Desktop\tabelas-powerBI\10 Rio Capim\Tabela 22 – Caracterização Hospitalar – Equip de Manutenção da Vida, Equip de Diagnóstico e Infra - 2025 ri rio capim.xlsx",Rio Capim,1444,
*Nota: Dados referentes a Outubro/2025.,10 Rio Capim,22,"Tabela 22 – Caracterização Hospitalar – Equip de Manutenção da Vida, Equip de Diagnóstico e Infra - 2025 ri rio capim",20,"Tabela 22 – Caracterização Hospitalar – Equip de Manutenção da Vida, Equip de Diagnóstico e Infra - 2025 ri rio capim","..\..\Desktop\tabelas-powerBI\10 Rio Capim\Tabela 22 – Caracterização Hospitalar – Equip de Manutenção da Vida, Equip de Diagnóstico e Infra - 2025 ri rio capim.xlsx",Rio Capim,1444,
RI Rio Capim,10 Rio Capim,22,"Tabela 22 – Caracterização Hospitalar – Equip de Manutenção da Vida, Equip de Diagnóstico e Infra - 2025 ri rio capim",20,"Tabela 22 – Caracterização Hospitalar – Equip de Manutenção da Vida, Equip de Diagnóstico e Infra - 2025 ri rio capim","..\..\Desktop\tabelas-powerBI\10 Rio Capim\Tabela 22 – Caracterização Hospitalar – Equip de Manutenção da Vida, Equip de Diagnóstico e Infra - 2025 ri rio capim.xlsx",Rio Capim,2966,58.0
Abel Figueiredo,10 Rio Capim,22,"Tabela 22 – Caracterização Hospitalar – Equip de Manutenção da Vida, Equip de Diagnóstico e Infra - 2025 ri rio capim",20,"Tabela 22 – Caracterização Hospitalar – Equip de Manutenção da Vida, Equip de Diagnóstico e Infra - 2025 ri rio capim","..\..\Desktop\tabelas-powerBI\10 Rio Capim\Tabela 22 – Caracterização Hospitalar – Equip de Manutenção da Vida, Equip de Diagnóstico e Infra - 2025 ri rio capim.xlsx",Rio Capim,2966,0.0
Aurora do Pará,10 Rio Capim,22,"Tabela 22 – Caracterização Hospitalar – Equip de Manutenção da Vida, Equip de Diagnóstico e Infra - 2025 ri rio capim",20,"Tabela 22 – Caracterização Hospitalar – Equip de Manutenção da Vida, Equip de Diagnóstico e Infra - 2025 ri rio capim","..\..\Desktop\tabelas-powerBI\10 Rio Capim\Tabela 22 – Caracterização Hospitalar – Equip de Manutenção da Vida, Equip de Diagnóstico e Infra - 2025 ri rio capim.xlsx",Rio Capim,2966,1.0
Bujaru,10 Rio Capim,22,"Tabela 22 – Caracterização Hospitalar – Equip de Manutenção da Vida, Equip de Diagnóstico e Infra - 2025 ri rio capim",20,"Tabela 22 – Caracterização Hospitalar – Equip de Manutenção da Vida, Equip de Diagnóstico e Infra - 2025 ri rio capim","..\..\Desktop\tabelas-powerBI\10 Rio Capim\Tabela 22 – Caracterização Hospitalar – Equip de Manutenção da Vida, Equip de Diagnóstico e Infra - 2025 ri rio capim.xlsx",Rio Capim,2966,0.0
Capitão Poço,10 Rio Capim,22,"Tabela 22 – Caracterização Hospitalar – Equip de Manutenção da Vida, Equip de Diagnóstico e Infra - 2025 ri rio capim",20,"Tabela 22 – Caracterização Hospitalar – Equip de Manutenção da Vida, Equip de Diagnóstico e Infra - 2025 ri rio capim","..\..\Desktop\tabelas-powerBI\10 Rio Capim\Tabela 22 – Caracterização Hospitalar – Equip de Manutenção da Vida, Equip de Diagnóstico e Infra - 2025 ri rio capim.xlsx",Rio Capim,2966,8.0
Concórdia do Pará,10 Rio Capim,22,"Tabela 22 – Caracterização Hospitalar – Equip de Manutenção da Vida, Equip de Diagnóstico e Infra - 2025 ri rio capim",20,"Tabela 22 – Caracterização Hospitalar – Equip de Manutenção da Vida, Equip de Diagnóstico e Infra - 2025 ri rio capim","..\..\Desktop\tabelas-powerBI\10 Rio Capim\Tabela 22 – Caracterização Hospitalar – Equip de Manutenção da Vida, Equip de Diagnóstico e Infra - 2025 ri rio capim.xlsx",Rio Capim,2966,1.0
Dom Eliseu,10 Rio Capim,22,"Tabela 22 – Caracterização Hospitalar – Equip de Manutenção da Vida, Equip de Diagnóstico e Infra - 2025 ri rio capim",20,"Tabela 22 – Caracterização Hospitalar – Equip de Manutenção da Vida, Equip de Diagnóstico e Infra - 2025 ri rio capim","..\..\Desktop\tabelas-powerBI\10 Rio Capim\Tabela 22 – Caracterização Hospitalar – Equip de Manutenção da Vida, Equip de Diagnóstico e Infra - 2025 ri rio capim.xlsx",Rio Capim,2966,1.0
Garrafão do Norte,10 Rio Capim,22,"Tabela 22 – Caracterização Hospitalar – Equip de Manutenção da Vida, Equip de Diagnóstico e Infra - 2025 ri rio capim",20,"Tabela 22 – Caracterização Hospitalar – Equip de Manutenção da Vida, Equip de Diagnóstico e Infra - 2025 ri rio capim","..\..\Desktop\tabelas-powerBI\10 Rio Capim\Tabela 22 – Caracterização Hospitalar – Equip de Manutenção da Vida, Equip de Diagnóstico e Infra - 2025 ri rio capim.xlsx",Rio Capim,2966,0.0
Ipixuna do Pará,10 Rio Capim,22,"Tabela 22 – Caracterização Hospitalar – Equip de Manutenção da Vida, Equip de Diagnóstico e Infra - 2025 ri rio capim",20,"Tabela 22 – Caracterização Hospitalar – Equip de Manutenção da Vida, Equip de Diagnóstico e Infra - 2025 ri rio capim","..\..\Desktop\tabelas-powerBI\10 Rio Capim\Tabela 22 – Caracterização Hospitalar – Equip de Manutenção da Vida, Equip de Diagnóstico e Infra - 2025 ri rio capim.xlsx",Rio Capim,2966,1.0
Irituia,10 Rio Capim,22,"Tabela 22 – Caracterização Hospitalar – Equip de Manutenção da Vida, Equip de Diagnóstico e Infra - 2025 ri rio capim",20,"Tabela 22 – Caracterização Hospitalar – Equip de Manutenção da Vida, Equip de Diagnóstico e Infra - 2025 ri rio capim","..\..\Desktop\tabelas-powerBI\10 Rio Capim\Tabela 22 – Caracterização Hospitalar – Equip de Manutenção da Vida, Equip de Diagnóstico e Infra - 2025 ri rio capim.xlsx",Rio Capim,2966,2.0
Mãe do Rio,10 Rio Capim,22,"Tabela 22 – Caracterização Hospitalar – Equip de Manutenção da Vida, Equip de Diagnóstico e Infra - 2025 ri rio capim",20,"Tabela 22 – Caracterização Hospitalar – Equip de Manutenção da Vida, Equip de Diagnóstico e Infra - 2025 ri rio capim","..\..\Desktop\tabelas-powerBI\10 Rio Capim\Tabela 22 – Caracterização Hospitalar – Equip de Manutenção da Vida, Equip de Diagnóstico e Infra - 2025 ri rio capim.xlsx",Rio Capim,2966,4.0
Nova Esperança do Piriá,10 Rio Capim,22,"Tabela 22 – Caracterização Hospitalar – Equip de Manutenção da Vida, Equip de Diagnóstico e Infra - 2025 ri rio capim",20,"Tabela 22 – Caracterização Hospitalar – Equip de Manutenção da Vida, Equip de Diagnóstico e Infra - 2025 ri rio capim","..\..\Desktop\tabelas-powerBI\10 Rio Capim\Tabela 22 – Caracterização Hospitalar – Equip de Manutenção da Vida, Equip de Diagnóstico e Infra - 2025 ri rio capim.xlsx",Rio Capim,2966,0.0
Ourém,10 Rio Capim,22,"Tabela 22 – Caracterização Hospitalar – Equip de Manutenção da Vida, Equip de Diagnóstico e Infra - 2025 ri rio capim",20,"Tabela 22 – Caracterização Hospitalar – Equip de Manutenção da Vida, Equip de Diagnóstico e Infra - 2025 ri rio capim","..\..\Desktop\tabelas-powerBI\10 Rio Capim\Tabela 22 – Caracterização Hospitalar – Equip de Manutenção da Vida, Equip de Diagnóstico e Infra - 2025 ri rio capim.xlsx",Rio Capim,2966,0.0
Paragominas,10 Rio Capim,22,"Tabela 22 – Caracterização Hospitalar – Equip de Manutenção da Vida, Equip de Diagnóstico e Infra - 2025 ri rio capim",20,"Tabela 22 – Caracterização Hospitalar – Equip de Manutenção da Vida, Equip de Diagnóstico e Infra - 2025 ri rio capim","..\..\Desktop\tabelas-powerBI\10 Rio Capim\Tabela 22 – Caracterização Hospitalar – Equip de Manutenção da Vida, Equip de Diagnóstico e Infra - 2025 ri rio capim.xlsx",Rio Capim,2966,27.0
Rondon do Pará,10 Rio Capim,22,"Tabela 22 – Caracterização Hospitalar – Equip de Manutenção da Vida, Equip de Diagnóstico e Infra - 2025 ri rio capim",20,"Tabela 22 – Caracterização Hospitalar – Equip de Manutenção da Vida, Equip de Diagnóstico e Infra - 2025 ri rio capim","..\..\Desktop\tabelas-powerBI\10 Rio Capim\Tabela 22 – Caracterização Hospitalar – Equip de Manutenção da Vida, Equip de Diagnóstico e Infra - 2025 ri rio capim.xlsx",Rio Capim,2966,3.0
Tomé-Açu,10 Rio Capim,22,"Tabela 22 – Caracterização Hospitalar – Equip de Manutenção da Vida, Equip de Diagnóstico e Infra - 2025 ri rio capim",20,"Tabela 22 – Caracterização Hospitalar – Equip de Manutenção da Vida, Equip de Diagnóstico e Infra - 2025 ri rio capim","..\..\Desktop\tabelas-powerBI\10 Rio Capim\Tabela 22 – Caracterização Hospitalar – Equip de Manutenção da Vida, Equip de Diagnóstico e Infra - 2025 ri rio capim.xlsx",Rio Capim,2966,2.0
Ulianópolis,10 Rio Capim,22,"Tabela 22 – Caracterização Hospitalar – Equip de Manutenção da Vida, Equip de Diagnóstico e Infra - 2025 ri rio capim",20,"Tabela 22 – Caracterização Hospitalar – Equip de Manutenção da Vida, Equip de Diagnóstico e Infra - 2025 ri rio capim","..\..\Desktop\tabelas-powerBI\10 Rio Capim\Tabela 22 – Caracterização Hospitalar – Equip de Manutenção da Vida, Equip de Diagnóstico e Infra - 2025 ri rio capim.xlsx",Rio Capim,2966,8.0
Fonte: DATASUS,10 Rio Capim,22,"Tabela 22 – Caracterização Hospitalar – Equip de Manutenção da Vida, Equip de Diagnóstico e Infra - 2025 ri rio capim",20,"Tabela 22 – Caracterização Hospitalar – Equip de Manutenção da Vida, Equip de Diagnóstico e Infra - 2025 ri rio capim","..\..\Desktop\tabelas-powerBI\10 Rio Capim\Tabela 22 – Caracterização Hospitalar – Equip de Manutenção da Vida, Equip de Diagnóstico e Infra - 2025 ri rio capim.xlsx",Rio Capim,2966,
Elaboração: FAPESPA,10 Rio Capim,22,"Tabela 22 – Caracterização Hospitalar – Equip de Manutenção da Vida, Equip de Diagnóstico e Infra - 2025 ri rio capim",20,"Tabela 22 – Caracterização Hospitalar – Equip de Manutenção da Vida, Equip de Diagnóstico e Infra - 2025 ri rio capim","..\..\Desktop\tabelas-powerBI\10 Rio Capim\Tabela 22 – Caracterização Hospitalar – Equip de Manutenção da Vida, Equip de Diagnóstico e Infra - 2025 ri rio capim.xlsx",Rio Capim,2966,
*Nota: Dados referentes a Outubro/2025.,10 Rio Capim,22,"Tabela 22 – Caracterização Hospitalar – Equip de Manutenção da Vida, Equip de Diagnóstico e Infra - 2025 ri rio capim",20,"Tabela 22 – Caracterização Hospitalar – Equip de Manutenção da Vida, Equip de Diagnóstico e Infra - 2025 ri rio capim","..\..\Desktop\tabelas-powerBI\10 Rio Capim\Tabela 22 – Caracterização Hospitalar – Equip de Manutenção da Vida, Equip de Diagnóstico e Infra - 2025 ri rio capim.xlsx",Rio Capim,2966,
RI Rio Capim,10 Rio Capim,22,"Tabela 22 – Caracterização Hospitalar – Equip de Manutenção da Vida, Equip de Diagnóstico e Infra - 2025 ri rio capim",20,"Tabela 22 – Caracterização Hospitalar – Equip de Manutenção da Vida, Equip de Diagnóstico e Infra - 2025 ri rio capim","..\..\Desktop\tabelas-powerBI\10 Rio Capim\Tabela 22 – Caracterização Hospitalar – Equip de Manutenção da Vida, Equip de Diagnóstico e Infra - 2025 ri rio capim.xlsx",Rio Capim,2860,53.0
Abel Figueiredo,10 Rio Capim,22,"Tabela 22 – Caracterização Hospitalar – Equip de Manutenção da Vida, Equip de Diagnóstico e Infra - 2025 ri rio capim",20,"Tabela 22 – Caracterização Hospitalar – Equip de Manutenção da Vida, Equip de Diagnóstico e Infra - 2025 ri rio capim","..\..\Desktop\tabelas-powerBI\10 Rio Capim\Tabela 22 – Caracterização Hospitalar – Equip de Manutenção da Vida, Equip de Diagnóstico e Infra - 2025 ri rio capim.xlsx",Rio Capim,2860,0.0
Aurora do Pará,10 Rio Capim,22,"Tabela 22 – Caracterização Hospitalar – Equip de Manutenção da Vida, Equip de Diagnóstico e Infra - 2025 ri rio capim",20,"Tabela 22 – Caracterização Hospitalar – Equip de Manutenção da Vida, Equip de Diagnóstico e Infra - 2025 ri rio capim","..\..\Desktop\tabelas-powerBI\10 Rio Capim\Tabela 22 – Caracterização Hospitalar – Equip de Manutenção da Vida, Equip de Diagnóstico e Infra - 2025 ri rio capim.xlsx",Rio Capim,2860,1.0
Bujaru,10 Rio Capim,22,"Tabela 22 – Caracterização Hospitalar – Equip de Manutenção da Vida, Equip de Diagnóstico e Infra - 2025 ri rio capim",20,"Tabela 22 – Caracterização Hospitalar – Equip de Manutenção da Vida, Equip de Diagnóstico e Infra - 2025 ri rio capim","..\..\Desktop\tabelas-powerBI\10 Rio Capim\Tabela 22 – Caracterização Hospitalar – Equip de Manutenção da Vida, Equip de Diagnóstico e Infra - 2025 ri rio capim.xlsx",Rio Capim,2860,0.0
Capitão Poço,10 Rio Capim,22,"Tabela 22 – Caracterização Hospitalar – Equip de Manutenção da Vida, Equip de Diagnóstico e Infra - 2025 ri rio capim",20,"Tabela 22 – Caracterização Hospitalar – Equip de Manutenção da Vida, Equip de Diagnóstico e Infra - 2025 ri rio capim","..\..\Desktop\tabelas-powerBI\10 Rio Capim\Tabela 22 – Caracterização Hospitalar – Equip de Manutenção da Vida, Equip de Diagnóstico e Infra - 2025 ri rio capim.xlsx",Rio Capim,2860,8.0
Concórdia do Pará,10 Rio Capim,22,"Tabela 22 – Caracterização Hospitalar – Equip de Manutenção da Vida, Equip de Diagnóstico e Infra - 2025 ri rio capim",20,"Tabela 22 – Caracterização Hospitalar – Equip de Manutenção da Vida, Equip de Diagnóstico e Infra - 2025 ri rio capim","..\..\Desktop\tabelas-powerBI\10 Rio Capim\Tabela 22 – Caracterização Hospitalar – Equip de Manutenção da Vida, Equip de Diagnóstico e Infra - 2025 ri rio capim.xlsx",Rio Capim,2860,1.0
Dom Eliseu,10 Rio Capim,22,"Tabela 22 – Caracterização Hospitalar – Equip de Manutenção da Vida, Equip de Diagnóstico e Infra - 2025 ri rio capim",20,"Tabela 22 – Caracterização Hospitalar – Equip de Manutenção da Vida, Equip de Diagnóstico e Infra - 2025 ri rio capim","..\..\Desktop\tabelas-powerBI\10 Rio Capim\Tabela 22 – Caracterização Hospitalar – Equip de Manutenção da Vida, Equip de Diagnóstico e Infra - 2025 ri rio capim.xlsx",Rio Capim,2860,1.0
Garrafão do Norte,10 Rio Capim,22,"Tabela 22 – Caracterização Hospitalar – Equip de Manutenção da Vida, Equip de Diagnóstico e Infra - 2025 ri rio capim",20,"Tabela 22 – Caracterização Hospitalar – Equip de Manutenção da Vida, Equip de Diagnóstico e Infra - 2025 ri rio capim","..\..\Desktop\tabelas-powerBI\10 Rio Capim\Tabela 22 – Caracterização Hospitalar – Equip de Manutenção da Vida, Equip de Diagnóstico e Infra - 2025 ri rio capim.xlsx",Rio Capim,2860,0.0
Ipixuna do Pará,10 Rio Capim,22,"Tabela 22 – Caracterização Hospitalar – Equip de Manutenção da Vida, Equip de Diagnóstico e Infra - 2025 ri rio capim",20,"Tabela 22 – Caracterização Hospitalar – Equip de Manutenção da Vida, Equip de Diagnóstico e Infra - 2025 ri rio capim","..\..\Desktop\tabelas-powerBI\10 Rio Capim\Tabela 22 – Caracterização Hospitalar – Equip de Manutenção da Vida, Equip de Diagnóstico e Infra - 2025 ri rio capim.xlsx",Rio Capim,2860,1.0
Irituia,10 Rio Capim,22,"Tabela 22 – Caracterização Hospitalar – Equip de Manutenção da Vida, Equip de Diagnóstico e Infra - 2025 ri rio capim",20,"Tabela 22 – Caracterização Hospitalar – Equip de Manutenção da Vida, Equip de Diagnóstico e Infra - 2025 ri rio capim","..\..\Desktop\tabelas-powerBI\10 Rio Capim\Tabela 22 – Caracterização Hospitalar – Equip de Manutenção da Vida, Equip de Diagnóstico e Infra - 2025 ri rio capim.xlsx",Rio Capim,2860,2.0
Mãe do Rio,10 Rio Capim,22,"Tabela 22 – Caracterização Hospitalar – Equip de Manutenção da Vida, Equip de Diagnóstico e Infra - 2025 ri rio capim",20,"Tabela 22 – Caracterização Hospitalar – Equip de Manutenção da Vida, Equip de Diagnóstico e Infra - 2025 ri rio capim","..\..\Desktop\tabelas-powerBI\10 Rio Capim\Tabela 22 – Caracterização Hospitalar – Equip de Manutenção da Vida, Equip de Diagnóstico e Infra - 2025 ri rio capim.xlsx",Rio Capim,2860,4.0
Nova Esperança do Piriá,10 Rio Capim,22,"Tabela 22 – Caracterização Hospitalar – Equip de Manutenção da Vida, Equip de Diagnóstico e Infra - 2025 ri rio capim",20,"Tabela 22 – Caracterização Hospitalar – Equip de Manutenção da Vida, Equip de Diagnóstico e Infra - 2025 ri rio capim","..\..\Desktop\tabelas-powerBI\10 Rio Capim\Tabela 22 – Caracterização Hospitalar – Equip de Manutenção da Vida, Equip de Diagnóstico e Infra - 2025 ri rio capim.xlsx",Rio Capim,2860,0.0
Ourém,10 Rio Capim,22,"Tabela 22 – Caracterização Hospitalar – Equip de Manutenção da Vida, Equip de Diagnóstico e Infra - 2025 ri rio capim",20,"Tabela 22 – Caracterização Hospitalar – Equip de Manutenção da Vida, Equip de Diagnóstico e Infra - 2025 ri rio capim","..\..\Desktop\tabelas-powerBI\10 Rio Capim\Tabela 22 – Caracterização Hospitalar – Equip de Manutenção da Vida, Equip de Diagnóstico e Infra - 2025 ri rio capim.xlsx",Rio Capim,2860,0.0
Paragominas,10 Rio Capim,22,"Tabela 22 – Caracterização Hospitalar – Equip de Manutenção da Vida, Equip de Diagnóstico e Infra - 2025 ri rio capim",20,"Tabela 22 – Caracterização Hospitalar – Equip de Manutenção da Vida, Equip de Diagnóstico e Infra - 2025 ri rio capim","..\..\Desktop\tabelas-powerBI\10 Rio Capim\Tabela 22 – Caracterização Hospitalar – Equip de Manutenção da Vida, Equip de Diagnóstico e Infra - 2025 ri rio capim.xlsx",Rio Capim,2860,23.0
Rondon do Pará,10 Rio Capim,22,"Tabela 22 – Caracterização Hospitalar – Equip de Manutenção da Vida, Equip de Diagnóstico e Infra - 2025 ri rio capim",20,"Tabela 22 – Caracterização Hospitalar – Equip de Manutenção da Vida, Equip de Diagnóstico e Infra - 2025 ri rio capim","..\..\Desktop\tabelas-powerBI\10 Rio Capim\Tabela 22 – Caracterização Hospitalar – Equip de Manutenção da Vida, Equip de Diagnóstico e Infra - 2025 ri rio capim.xlsx",Rio Capim,2860,3.0
Tomé-Açu,10 Rio Capim,22,"Tabela 22 – Caracterização Hospitalar – Equip de Manutenção da Vida, Equip de Diagnóstico e Infra - 2025 ri rio capim",20,"Tabela 22 – Caracterização Hospitalar – Equip de Manutenção da Vida, Equip de Diagnóstico e Infra - 2025 ri rio capim","..\..\Desktop\tabelas-powerBI\10 Rio Capim\Tabela 22 – Caracterização Hospitalar – Equip de Manutenção da Vida, Equip de Diagnóstico e Infra - 2025 ri rio capim.xlsx",Rio Capim,2860,1.0
Ulianópolis,10 Rio Capim,22,"Tabela 22 – Caracterização Hospitalar – Equip de Manutenção da Vida, Equip de Diagnóstico e Infra - 2025 ri rio capim",20,"Tabela 22 – Caracterização Hospitalar – Equip de Manutenção da Vida, Equip de Diagnóstico e Infra - 2025 ri rio capim","..\..\Desktop\tabelas-powerBI\10 Rio Capim\Tabela 22 – Caracterização Hospitalar – Equip de Manutenção da Vida, Equip de Diagnóstico e Infra - 2025 ri rio capim.xlsx",Rio Capim,2860,8.0
Fonte: DATASUS,10 Rio Capim,22,"Tabela 22 – Caracterização Hospitalar – Equip de Manutenção da Vida, Equip de Diagnóstico e Infra - 2025 ri rio capim",20,"Tabela 22 – Caracterização Hospitalar – Equip de Manutenção da Vida, Equip de Diagnóstico e Infra - 2025 ri rio capim","..\..\Desktop\tabelas-powerBI\10 Rio Capim\Tabela 22 – Caracterização Hospitalar – Equip de Manutenção da Vida, Equip de Diagnóstico e Infra - 2025 ri rio capim.xlsx",Rio Capim,2860,
Elaboração: FAPESPA,10 Rio Capim,22,"Tabela 22 – Caracterização Hospitalar – Equip de Manutenção da Vida, Equip de Diagnóstico e Infra - 2025 ri rio capim",20,"Tabela 22 – Caracterização Hospitalar – Equip de Manutenção da Vida, Equip de Diagnóstico e Infra - 2025 ri rio capim","..\..\Desktop\tabelas-powerBI\10 Rio Capim\Tabela 22 – Caracterização Hospitalar – Equip de Manutenção da Vida, Equip de Diagnóstico e Infra - 2025 ri rio capim.xlsx",Rio Capim,2860,
*Nota: Dados referentes a Outubro/2025.,10 Rio Capim,22,"Tabela 22 – Caracterização Hospitalar – Equip de Manutenção da Vida, Equip de Diagnóstico e Infra - 2025 ri rio capim",20,"Tabela 22 – Caracterização Hospitalar – Equip de Manutenção da Vida, Equip de Diagnóstico e Infra - 2025 ri rio capim","..\..\Desktop\tabelas-powerBI\10 Rio Capim\Tabela 22 – Caracterização Hospitalar – Equip de Manutenção da Vida, Equip de Diagnóstico e Infra - 2025 ri rio capim.xlsx",Rio Capim,2860,
RI Rio Capim,10 Rio Capim,22,"Tabela 22 – Caracterização Hospitalar – Equip de Manutenção da Vida, Equip de Diagnóstico e Infra - 2025 ri rio capim",20,"Tabela 22 – Caracterização Hospitalar – Equip de Manutenção da Vida, Equip de Diagnóstico e Infra - 2025 ri rio capim","..\..\Desktop\tabelas-powerBI\10 Rio Capim\Tabela 22 – Caracterização Hospitalar – Equip de Manutenção da Vida, Equip de Diagnóstico e Infra - 2025 ri rio capim.xlsx",Rio Capim,2827,85.0
Abel Figueiredo,10 Rio Capim,22,"Tabela 22 – Caracterização Hospitalar – Equip de Manutenção da Vida, Equip de Diagnóstico e Infra - 2025 ri rio capim",20,"Tabela 22 – Caracterização Hospitalar – Equip de Manutenção da Vida, Equip de Diagnóstico e Infra - 2025 ri rio capim","..\..\Desktop\tabelas-powerBI\10 Rio Capim\Tabela 22 – Caracterização Hospitalar – Equip de Manutenção da Vida, Equip de Diagnóstico e Infra - 2025 ri rio capim.xlsx",Rio Capim,2827,1.0
Aurora do Pará,10 Rio Capim,22,"Tabela 22 – Caracterização Hospitalar – Equip de Manutenção da Vida, Equip de Diagnóstico e Infra - 2025 ri rio capim",20,"Tabela 22 – Caracterização Hospitalar – Equip de Manutenção da Vida, Equip de Diagnóstico e Infra - 2025 ri rio capim","..\..\Desktop\tabelas-powerBI\10 Rio Capim\Tabela 22 – Caracterização Hospitalar – Equip de Manutenção da Vida, Equip de Diagnóstico e Infra - 2025 ri rio capim.xlsx",Rio Capim,2827,2.0
Bujaru,10 Rio Capim,22,"Tabela 22 – Caracterização Hospitalar – Equip de Manutenção da Vida, Equip de Diagnóstico e Infra - 2025 ri rio capim",20,"Tabela 22 – Caracterização Hospitalar – Equip de Manutenção da Vida, Equip de Diagnóstico e Infra - 2025 ri rio capim","..\..\Desktop\tabelas-powerBI\10 Rio Capim\Tabela 22 – Caracterização Hospitalar – Equip de Manutenção da Vida, Equip de Diagnóstico e Infra - 2025 ri rio capim.xlsx",Rio Capim,2827,0.0
Capitão Poço,10 Rio Capim,22,"Tabela 22 – Caracterização Hospitalar – Equip de Manutenção da Vida, Equip de Diagnóstico e Infra - 2025 ri rio capim",20,"Tabela 22 – Caracterização Hospitalar – Equip de Manutenção da Vida, Equip de Diagnóstico e Infra - 2025 ri rio capim","..\..\Desktop\tabelas-powerBI\10 Rio Capim\Tabela 22 – Caracterização Hospitalar – Equip de Manutenção da Vida, Equip de Diagnóstico e Infra - 2025 ri rio capim.xlsx",Rio Capim,2827,4.0
Concórdia do Pará,10 Rio Capim,22,"Tabela 22 – Caracterização Hospitalar – Equip de Manutenção da Vida, Equip de Diagnóstico e Infra - 2025 ri rio capim",20,"Tabela 22 – Caracterização Hospitalar – Equip de Manutenção da Vida, Equip de Diagnóstico e Infra - 2025 ri rio capim","..\..\Desktop\tabelas-powerBI\10 Rio Capim\Tabela 22 – Caracterização Hospitalar – Equip de Manutenção da Vida, Equip de Diagnóstico e Infra - 2025 ri rio capim.xlsx",Rio Capim,2827,0.0
Dom Eliseu,10 Rio Capim,22,"Tabela 22 – Caracterização Hospitalar – Equip de Manutenção da Vida, Equip de Diagnóstico e Infra - 2025 ri rio capim",20,"Tabela 22 – Caracterização Hospitalar – Equip de Manutenção da Vida, Equip de Diagnóstico e Infra - 2025 ri rio capim","..\..\Desktop\tabelas-powerBI\10 Rio Capim\Tabela 22 – Caracterização Hospitalar – Equip de Manutenção da Vida, Equip de Diagnóstico e Infra - 2025 ri rio capim.xlsx",Rio Capim,2827,13.0
Garrafão do Norte,10 Rio Capim,22,"Tabela 22 – Caracterização Hospitalar – Equip de Manutenção da Vida, Equip de Diagnóstico e Infra - 2025 ri rio capim",20,"Tabela 22 – Caracterização Hospitalar – Equip de Manutenção da Vida, Equip de Diagnóstico e Infra - 2025 ri rio capim","..\..\Desktop\tabelas-powerBI\10 Rio Capim\Tabela 22 – Caracterização Hospitalar – Equip de Manutenção da Vida, Equip de Diagnóstico e Infra - 2025 ri rio capim.xlsx",Rio Capim,2827,2.0
Ipixuna do Pará,10 Rio Capim,22,"Tabela 22 – Caracterização Hospitalar – Equip de Manutenção da Vida, Equip de Diagnóstico e Infra - 2025 ri rio capim",20,"Tabela 22 – Caracterização Hospitalar – Equip de Manutenção da Vida, Equip de Diagnóstico e Infra - 2025 ri rio capim","..\..\Desktop\tabelas-powerBI\10 Rio Capim\Tabela 22 – Caracterização Hospitalar – Equip de Manutenção da Vida, Equip de Diagnóstico e Infra - 2025 ri rio capim.xlsx",Rio Capim,2827,1.0
Irituia,10 Rio Capim,22,"Tabela 22 – Caracterização Hospitalar – Equip de Manutenção da Vida, Equip de Diagnóstico e Infra - 2025 ri rio capim",20,"Tabela 22 – Caracterização Hospitalar – Equip de Manutenção da Vida, Equip de Diagnóstico e Infra - 2025 ri rio capim","..\..\Desktop\tabelas-powerBI\10 Rio Capim\Tabela 22 – Caracterização Hospitalar – Equip de Manutenção da Vida, Equip de Diagnóstico e Infra - 2025 ri rio capim.xlsx",Rio Capim,2827,1.0
Mãe do Rio,10 Rio Capim,22,"Tabela 22 – Caracterização Hospitalar – Equip de Manutenção da Vida, Equip de Diagnóstico e Infra - 2025 ri rio capim",20,"Tabela 22 – Caracterização Hospitalar – Equip de Manutenção da Vida, Equip de Diagnóstico e Infra - 2025 ri rio capim","..\..\Desktop\tabelas-powerBI\10 Rio Capim\Tabela 22 – Caracterização Hospitalar – Equip de Manutenção da Vida, Equip de Diagnóstico e Infra - 2025 ri rio capim.xlsx",Rio Capim,2827,6.0
Nova Esperança do Piriá,10 Rio Capim,22,"Tabela 22 – Caracterização Hospitalar – Equip de Manutenção da Vida, Equip de Diagnóstico e Infra - 2025 ri rio capim",20,"Tabela 22 – Caracterização Hospitalar – Equip de Manutenção da Vida, Equip de Diagnóstico e Infra - 2025 ri rio capim","..\..\Desktop\tabelas-powerBI\10 Rio Capim\Tabela 22 – Caracterização Hospitalar – Equip de Manutenção da Vida, Equip de Diagnóstico e Infra - 2025 ri rio capim.xlsx",Rio Capim,2827,1.0
Ourém,10 Rio Capim,22,"Tabela 22 – Caracterização Hospitalar – Equip de Manutenção da Vida, Equip de Diagnóstico e Infra - 2025 ri rio capim",20,"Tabela 22 – Caracterização Hospitalar – Equip de Manutenção da Vida, Equip de Diagnóstico e Infra - 2025 ri rio capim","..\..\Desktop\tabelas-powerBI\10 Rio Capim\Tabela 22 – Caracterização Hospitalar – Equip de Manutenção da Vida, Equip de Diagnóstico e Infra - 2025 ri rio capim.xlsx",Rio Capim,2827,0.0
Paragominas,10 Rio Capim,22,"Tabela 22 – Caracterização Hospitalar – Equip de Manutenção da Vida, Equip de Diagnóstico e Infra - 2025 ri rio capim",20,"Tabela 22 – Caracterização Hospitalar – Equip de Manutenção da Vida, Equip de Diagnóstico e Infra - 2025 ri rio capim","..\..\Desktop\tabelas-powerBI\10 Rio Capim\Tabela 22 – Caracterização Hospitalar – Equip de Manutenção da Vida, Equip de Diagnóstico e Infra - 2025 ri rio capim.xlsx",Rio Capim,2827,41.0
Rondon do Pará,10 Rio Capim,22,"Tabela 22 – Caracterização Hospitalar – Equip de Manutenção da Vida, Equip de Diagnóstico e Infra - 2025 ri rio capim",20,"Tabela 22 – Caracterização Hospitalar – Equip de Manutenção da Vida, Equip de Diagnóstico e Infra - 2025 ri rio capim","..\..\Desktop\tabelas-powerBI\10 Rio Capim\Tabela 22 – Caracterização Hospitalar – Equip de Manutenção da Vida, Equip de Diagnóstico e Infra - 2025 ri rio capim.xlsx",Rio Capim,2827,0.0
Tomé-Açu,10 Rio Capim,22,"Tabela 22 – Caracterização Hospitalar – Equip de Manutenção da Vida, Equip de Diagnóstico e Infra - 2025 ri rio capim",20,"Tabela 22 – Caracterização Hospitalar – Equip de Manutenção da Vida, Equip de Diagnóstico e Infra - 2025 ri rio capim","..\..\Desktop\tabelas-powerBI\10 Rio Capim\Tabela 22 – Caracterização Hospitalar – Equip de Manutenção da Vida, Equip de Diagnóstico e Infra - 2025 ri rio capim.xlsx",Rio Capim,2827,2.0
Ulianópolis,10 Rio Capim,22,"Tabela 22 – Caracterização Hospitalar – Equip de Manutenção da Vida, Equip de Diagnóstico e Infra - 2025 ri rio capim",20,"Tabela 22 – Caracterização Hospitalar – Equip de Manutenção da Vida, Equip de Diagnóstico e Infra - 2025 ri rio capim","..\..\Desktop\tabelas-powerBI\10 Rio Capim\Tabela 22 – Caracterização Hospitalar – Equip de Manutenção da Vida, Equip de Diagnóstico e Infra - 2025 ri rio capim.xlsx",Rio Capim,2827,11.0
Fonte: DATASUS,10 Rio Capim,22,"Tabela 22 – Caracterização Hospitalar – Equip de Manutenção da Vida, Equip de Diagnóstico e Infra - 2025 ri rio capim",20,"Tabela 22 – Caracterização Hospitalar – Equip de Manutenção da Vida, Equip de Diagnóstico e Infra - 2025 ri rio capim","..\..\Desktop\tabelas-powerBI\10 Rio Capim\Tabela 22 – Caracterização Hospitalar – Equip de Manutenção da Vida, Equip de Diagnóstico e Infra - 2025 ri rio capim.xlsx",Rio Capim,2827,
Elaboração: FAPESPA,10 Rio Capim,22,"Tabela 22 – Caracterização Hospitalar – Equip de Manutenção da Vida, Equip de Diagnóstico e Infra - 2025 ri rio capim",20,"Tabela 22 – Caracterização Hospitalar – Equip de Manutenção da Vida, Equip de Diagnóstico e Infra - 2025 ri rio capim","..\..\Desktop\tabelas-powerBI\10 Rio Capim\Tabela 22 – Caracterização Hospitalar – Equip de Manutenção da Vida, Equip de Diagnóstico e Infra - 2025 ri rio capim.xlsx",Rio Capim,2827,
*Nota: Dados referentes a Outubro/2025.,10 Rio Capim,22,"Tabela 22 – Caracterização Hospitalar – Equip de Manutenção da Vida, Equip de Diagnóstico e Infra - 2025 ri rio capim",20,"Tabela 22 – Caracterização Hospitalar – Equip de Manutenção da Vida, Equip de Diagnóstico e Infra - 2025 ri rio capim","..\..\Desktop\tabelas-powerBI\10 Rio Capim\Tabela 22 – Caracterização Hospitalar – Equip de Manutenção da Vida, Equip de Diagnóstico e Infra - 2025 ri rio capim.xlsx",Rio Capim,2827,
RI Rio Capim,10 Rio Capim,22,"Tabela 22 – Caracterização Hospitalar – Equip de Manutenção da Vida, Equip de Diagnóstico e Infra - 2025 ri rio capim",20,"Tabela 22 – Caracterização Hospitalar – Equip de Manutenção da Vida, Equip de Diagnóstico e Infra - 2025 ri rio capim","..\..\Desktop\tabelas-powerBI\10 Rio Capim\Tabela 22 – Caracterização Hospitalar – Equip de Manutenção da Vida, Equip de Diagnóstico e Infra - 2025 ri rio capim.xlsx",Rio Capim,2630,84.0
Abel Figueiredo,10 Rio Capim,22,"Tabela 22 – Caracterização Hospitalar – Equip de Manutenção da Vida, Equip de Diagnóstico e Infra - 2025 ri rio capim",20,"Tabela 22 – Caracterização Hospitalar – Equip de Manutenção da Vida, Equip de Diagnóstico e Infra - 2025 ri rio capim","..\..\Desktop\tabelas-powerBI\10 Rio Capim\Tabela 22 – Caracterização Hospitalar – Equip de Manutenção da Vida, Equip de Diagnóstico e Infra - 2025 ri rio capim.xlsx",Rio Capim,2630,1.0
Aurora do Pará,10 Rio Capim,22,"Tabela 22 – Caracterização Hospitalar – Equip de Manutenção da Vida, Equip de Diagnóstico e Infra - 2025 ri rio capim",20,"Tabela 22 – Caracterização Hospitalar – Equip de Manutenção da Vida, Equip de Diagnóstico e Infra - 2025 ri rio capim","..\..\Desktop\tabelas-powerBI\10 Rio Capim\Tabela 22 – Caracterização Hospitalar – Equip de Manutenção da Vida, Equip de Diagnóstico e Infra - 2025 ri rio capim.xlsx",Rio Capim,2630,2.0
Bujaru,10 Rio Capim,22,"Tabela 22 – Caracterização Hospitalar – Equip de Manutenção da Vida, Equip de Diagnóstico e Infra - 2025 ri rio capim",20,"Tabela 22 – Caracterização Hospitalar – Equip de Manutenção da Vida, Equip de Diagnóstico e Infra - 2025 ri rio capim","..\..\Desktop\tabelas-powerBI\10 Rio Capim\Tabela 22 – Caracterização Hospitalar – Equip de Manutenção da Vida, Equip de Diagnóstico e Infra - 2025 ri rio capim.xlsx",Rio Capim,2630,0.0
Capitão Poço,10 Rio Capim,22,"Tabela 22 – Caracterização Hospitalar – Equip de Manutenção da Vida, Equip de Diagnóstico e Infra - 2025 ri rio capim",20,"Tabela 22 – Caracterização Hospitalar – Equip de Manutenção da Vida, Equip de Diagnóstico e Infra - 2025 ri rio capim","..\..\Desktop\tabelas-powerBI\10 Rio Capim\Tabela 22 – Caracterização Hospitalar – Equip de Manutenção da Vida, Equip de Diagnóstico e Infra - 2025 ri rio capim.xlsx",Rio Capim,2630,4.0
Concórdia do Pará,10 Rio Capim,22,"Tabela 22 – Caracterização Hospitalar – Equip de Manutenção da Vida, Equip de Diagnóstico e Infra - 2025 ri rio capim",20,"Tabela 22 – Caracterização Hospitalar – Equip de Manutenção da Vida, Equip de Diagnóstico e Infra - 2025 ri rio capim","..\..\Desktop\tabelas-powerBI\10 Rio Capim\Tabela 22 – Caracterização Hospitalar – Equip de Manutenção da Vida, Equip de Diagnóstico e Infra - 2025 ri rio capim.xlsx",Rio Capim,2630,0.0
Dom Eliseu,10 Rio Capim,22,"Tabela 22 – Caracterização Hospitalar – Equip de Manutenção da Vida, Equip de Diagnóstico e Infra - 2025 ri rio capim",20,"Tabela 22 – Caracterização Hospitalar – Equip de Manutenção da Vida, Equip de Diagnóstico e Infra - 2025 ri rio capim","..\..\Desktop\tabelas-powerBI\10 Rio Capim\Tabela 22 – Caracterização Hospitalar – Equip de Manutenção da Vida, Equip de Diagnóstico e Infra - 2025 ri rio capim.xlsx",Rio Capim,2630,13.0
Garrafão do Norte,10 Rio Capim,22,"Tabela 22 – Caracterização Hospitalar – Equip de Manutenção da Vida, Equip de Diagnóstico e Infra - 2025 ri rio capim",20,"Tabela 22 – Caracterização Hospitalar – Equip de Manutenção da Vida, Equip de Diagnóstico e Infra - 2025 ri rio capim","..\..\Desktop\tabelas-powerBI\10 Rio Capim\Tabela 22 – Caracterização Hospitalar – Equip de Manutenção da Vida, Equip de Diagnóstico e Infra - 2025 ri rio capim.xlsx",Rio Capim,2630,2.0
Ipixuna do Pará,10 Rio Capim,22,"Tabela 22 – Caracterização Hospitalar – Equip de Manutenção da Vida, Equip de Diagnóstico e Infra - 2025 ri rio capim",20,"Tabela 22 – Caracterização Hospitalar – Equip de Manutenção da Vida, Equip de Diagnóstico e Infra - 2025 ri rio capim","..\..\Desktop\tabelas-powerBI\10 Rio Capim\Tabela 22 – Caracterização Hospitalar – Equip de Manutenção da Vida, Equip de Diagnóstico e Infra - 2025 ri rio capim.xlsx",Rio Capim,2630,1.0
Irituia,10 Rio Capim,22,"Tabela 22 – Caracterização Hospitalar – Equip de Manutenção da Vida, Equip de Diagnóstico e Infra - 2025 ri rio capim",20,"Tabela 22 – Caracterização Hospitalar – Equip de Manutenção da Vida, Equip de Diagnóstico e Infra - 2025 ri rio capim","..\..\Desktop\tabelas-powerBI\10 Rio Capim\Tabela 22 – Caracterização Hospitalar – Equip de Manutenção da Vida, Equip de Diagnóstico e Infra - 2025 ri rio capim.xlsx",Rio Capim,2630,1.0
Mãe do Rio,10 Rio Capim,22,"Tabela 22 – Caracterização Hospitalar – Equip de Manutenção da Vida, Equip de Diagnóstico e Infra - 2025 ri rio capim",20,"Tabela 22 – Caracterização Hospitalar – Equip de Manutenção da Vida, Equip de Diagnóstico e Infra - 2025 ri rio capim","..\..\Desktop\tabelas-powerBI\10 Rio Capim\Tabela 22 – Caracterização Hospitalar – Equip de Manutenção da Vida, Equip de Diagnóstico e Infra - 2025 ri rio capim.xlsx",Rio Capim,2630,6.0
Nova Esperança do Piriá,10 Rio Capim,22,"Tabela 22 – Caracterização Hospitalar – Equip de Manutenção da Vida, Equip de Diagnóstico e Infra - 2025 ri rio capim",20,"Tabela 22 – Caracterização Hospitalar – Equip de Manutenção da Vida, Equip de Diagnóstico e Infra - 2025 ri rio capim","..\..\Desktop\tabelas-powerBI\10 Rio Capim\Tabela 22 – Caracterização Hospitalar – Equip de Manutenção da Vida, Equip de Diagnóstico e Infra - 2025 ri rio capim.xlsx",Rio Capim,2630,1.0
Ourém,10 Rio Capim,22,"Tabela 22 – Caracterização Hospitalar – Equip de Manutenção da Vida, Equip de Diagnóstico e Infra - 2025 ri rio capim",20,"Tabela 22 – Caracterização Hospitalar – Equip de Manutenção da Vida, Equip de Diagnóstico e Infra - 2025 ri rio capim","..\..\Desktop\tabelas-powerBI\10 Rio Capim\Tabela 22 – Caracterização Hospitalar – Equip de Manutenção da Vida, Equip de Diagnóstico e Infra - 2025 ri rio capim.xlsx",Rio Capim,2630,0.0
Paragominas,10 Rio Capim,22,"Tabela 22 – Caracterização Hospitalar – Equip de Manutenção da Vida, Equip de Diagnóstico e Infra - 2025 ri rio capim",20,"Tabela 22 – Caracterização Hospitalar – Equip de Manutenção da Vida, Equip de Diagnóstico e Infra - 2025 ri rio capim","..\..\Desktop\tabelas-powerBI\10 Rio Capim\Tabela 22 – Caracterização Hospitalar – Equip de Manutenção da Vida, Equip de Diagnóstico e Infra - 2025 ri rio capim.xlsx",Rio Capim,2630,41.0
Rondon do Pará,10 Rio Capim,22,"Tabela 22 – Caracterização Hospitalar – Equip de Manutenção da Vida, Equip de Diagnóstico e Infra - 2025 ri rio capim",20,"Tabela 22 – Caracterização Hospitalar – Equip de Manutenção da Vida, Equip de Diagnóstico e Infra - 2025 ri rio capim","..\..\Desktop\tabelas-powerBI\10 Rio Capim\Tabela 22 – Caracterização Hospitalar – Equip de Manutenção da Vida, Equip de Diagnóstico e Infra - 2025 ri rio capim.xlsx",Rio Capim,2630,0.0
Tomé-Açu,10 Rio Capim,22,"Tabela 22 – Caracterização Hospitalar – Equip de Manutenção da Vida, Equip de Diagnóstico e Infra - 2025 ri rio capim",20,"Tabela 22 – Caracterização Hospitalar – Equip de Manutenção da Vida, Equip de Diagnóstico e Infra - 2025 ri rio capim","..\..\Desktop\tabelas-powerBI\10 Rio Capim\Tabela 22 – Caracterização Hospitalar – Equip de Manutenção da Vida, Equip de Diagnóstico e Infra - 2025 ri rio capim.xlsx",Rio Capim,2630,1.0
Ulianópolis,10 Rio Capim,22,"Tabela 22 – Caracterização Hospitalar – Equip de Manutenção da Vida, Equip de Diagnóstico e Infra - 2025 ri rio capim",20,"Tabela 22 – Caracterização Hospitalar – Equip de Manutenção da Vida, Equip de Diagnóstico e Infra - 2025 ri rio capim","..\..\Desktop\tabelas-powerBI\10 Rio Capim\Tabela 22 – Caracterização Hospitalar – Equip de Manutenção da Vida, Equip de Diagnóstico e Infra - 2025 ri rio capim.xlsx",Rio Capim,2630,11.0
Fonte: DATASUS,10 Rio Capim,22,"Tabela 22 – Caracterização Hospitalar – Equip de Manutenção da Vida, Equip de Diagnóstico e Infra - 2025 ri rio capim",20,"Tabela 22 – Caracterização Hospitalar – Equip de Manutenção da Vida, Equip de Diagnóstico e Infra - 2025 ri rio capim","..\..\Desktop\tabelas-powerBI\10 Rio Capim\Tabela 22 – Caracterização Hospitalar – Equip de Manutenção da Vida, Equip de Diagnóstico e Infra - 2025 ri rio capim.xlsx",Rio Capim,2630,
Elaboração: FAPESPA,10 Rio Capim,22,"Tabela 22 – Caracterização Hospitalar – Equip de Manutenção da Vida, Equip de Diagnóstico e Infra - 2025 ri rio capim",20,"Tabela 22 – Caracterização Hospitalar – Equip de Manutenção da Vida, Equip de Diagnóstico e Infra - 2025 ri rio capim","..\..\Desktop\tabelas-powerBI\10 Rio Capim\Tabela 22 – Caracterização Hospitalar – Equip de Manutenção da Vida, Equip de Diagnóstico e Infra - 2025 ri rio capim.xlsx",Rio Capim,2630,
*Nota: Dados referentes a Outubro/2025.,10 Rio Capim,22,"Tabela 22 – Caracterização Hospitalar – Equip de Manutenção da Vida, Equip de Diagnóstico e Infra - 2025 ri rio capim",20,"Tabela 22 – Caracterização Hospitalar – Equip de Manutenção da Vida, Equip de Diagnóstico e Infra - 2025 ri rio capim","..\..\Desktop\tabelas-powerBI\10 Rio Capim\Tabela 22 – Caracterização Hospitalar – Equip de Manutenção da Vida, Equip de Diagnóstico e Infra - 2025 ri rio capim.xlsx",Rio Capim,2630,
RI Rio Capim,10 Rio Capim,22,"Tabela 22 – Caracterização Hospitalar – Equip de Manutenção da Vida, Equip de Diagnóstico e Infra - 2025 ri rio capim",20,"Tabela 22 – Caracterização Hospitalar – Equip de Manutenção da Vida, Equip de Diagnóstico e Infra - 2025 ri rio capim","..\..\Desktop\tabelas-powerBI\10 Rio Capim\Tabela 22 – Caracterização Hospitalar – Equip de Manutenção da Vida, Equip de Diagnóstico e Infra - 2025 ri rio capim.xlsx",Rio Capim,138,6.0
Abel Figueiredo,10 Rio Capim,22,"Tabela 22 – Caracterização Hospitalar – Equip de Manutenção da Vida, Equip de Diagnóstico e Infra - 2025 ri rio capim",20,"Tabela 22 – Caracterização Hospitalar – Equip de Manutenção da Vida, Equip de Diagnóstico e Infra - 2025 ri rio capim","..\..\Desktop\tabelas-powerBI\10 Rio Capim\Tabela 22 – Caracterização Hospitalar – Equip de Manutenção da Vida, Equip de Diagnóstico e Infra - 2025 ri rio capim.xlsx",Rio Capim,138,0.0
Aurora do Pará,10 Rio Capim,22,"Tabela 22 – Caracterização Hospitalar – Equip de Manutenção da Vida, Equip de Diagnóstico e Infra - 2025 ri rio capim",20,"Tabela 22 – Caracterização Hospitalar – Equip de Manutenção da Vida, Equip de Diagnóstico e Infra - 2025 ri rio capim","..\..\Desktop\tabelas-powerBI\10 Rio Capim\Tabela 22 – Caracterização Hospitalar – Equip de Manutenção da Vida, Equip de Diagnóstico e Infra - 2025 ri rio capim.xlsx",Rio Capim,138,0.0
Bujaru,10 Rio Capim,22,"Tabela 22 – Caracterização Hospitalar – Equip de Manutenção da Vida, Equip de Diagnóstico e Infra - 2025 ri rio capim",20,"Tabela 22 – Caracterização Hospitalar – Equip de Manutenção da Vida, Equip de Diagnóstico e Infra - 2025 ri rio capim","..\..\Desktop\tabelas-powerBI\10 Rio Capim\Tabela 22 – Caracterização Hospitalar – Equip de Manutenção da Vida, Equip de Diagnóstico e Infra - 2025 ri rio capim.xlsx",Rio Capim,138,0.0
Capitão Poço,10 Rio Capim,22,"Tabela 22 – Caracterização Hospitalar – Equip de Manutenção da Vida, Equip de Diagnóstico e Infra - 2025 ri rio capim",20,"Tabela 22 – Caracterização Hospitalar – Equip de Manutenção da Vida, Equip de Diagnóstico e Infra - 2025 ri rio capim","..\..\Desktop\tabelas-powerBI\10 Rio Capim\Tabela 22 – Caracterização Hospitalar – Equip de Manutenção da Vida, Equip de Diagnóstico e Infra - 2025 ri rio capim.xlsx",Rio Capim,138,1.0
Concórdia do Pará,10 Rio Capim,22,"Tabela 22 – Caracterização Hospitalar – Equip de Manutenção da Vida, Equip de Diagnóstico e Infra - 2025 ri rio capim",20,"Tabela 22 – Caracterização Hospitalar – Equip de Manutenção da Vida, Equip de Diagnóstico e Infra - 2025 ri rio capim","..\..\Desktop\tabelas-powerBI\10 Rio Capim\Tabela 22 – Caracterização Hospitalar – Equip de Manutenção da Vida, Equip de Diagnóstico e Infra - 2025 ri rio capim.xlsx",Rio Capim,138,0.0
Dom Eliseu,10 Rio Capim,22,"Tabela 22 – Caracterização Hospitalar – Equip de Manutenção da Vida, Equip de Diagnóstico e Infra - 2025 ri rio capim",20,"Tabela 22 – Caracterização Hospitalar – Equip de Manutenção da Vida, Equip de Diagnóstico e Infra - 2025 ri rio capim","..\..\Desktop\tabelas-powerBI\10 Rio Capim\Tabela 22 – Caracterização Hospitalar – Equip de Manutenção da Vida, Equip de Diagnóstico e Infra - 2025 ri rio capim.xlsx",Rio Capim,138,0.0
Garrafão do Norte,10 Rio Capim,22,"Tabela 22 – Caracterização Hospitalar – Equip de Manutenção da Vida, Equip de Diagnóstico e Infra - 2025 ri rio capim",20,"Tabela 22 – Caracterização Hospitalar – Equip de Manutenção da Vida, Equip de Diagnóstico e Infra - 2025 ri rio capim","..\..\Desktop\tabelas-powerBI\10 Rio Capim\Tabela 22 – Caracterização Hospitalar – Equip de Manutenção da Vida, Equip de Diagnóstico e Infra - 2025 ri rio capim.xlsx",Rio Capim,138,0.0
Ipixuna do Pará,10 Rio Capim,22,"Tabela 22 – Caracterização Hospitalar – Equip de Manutenção da Vida, Equip de Diagnóstico e Infra - 2025 ri rio capim",20,"Tabela 22 – Caracterização Hospitalar – Equip de Manutenção da Vida, Equip de Diagnóstico e Infra - 2025 ri rio capim","..\..\Desktop\tabelas-powerBI\10 Rio Capim\Tabela 22 – Caracterização Hospitalar – Equip de Manutenção da Vida, Equip de Diagnóstico e Infra - 2025 ri rio capim.xlsx",Rio Capim,138,0.0
Irituia,10 Rio Capim,22,"Tabela 22 – Caracterização Hospitalar – Equip de Manutenção da Vida, Equip de Diagnóstico e Infra - 2025 ri rio capim",20,"Tabela 22 – Caracterização Hospitalar – Equip de Manutenção da Vida, Equip de Diagnóstico e Infra - 2025 ri rio capim","..\..\Desktop\tabelas-powerBI\10 Rio Capim\Tabela 22 – Caracterização Hospitalar – Equip de Manutenção da Vida, Equip de Diagnóstico e Infra - 2025 ri rio capim.xlsx",Rio Capim,138,0.0
Mãe do Rio,10 Rio Capim,22,"Tabela 22 – Caracterização Hospitalar – Equip de Manutenção da Vida, Equip de Diagnóstico e Infra - 2025 ri rio capim",20,"Tabela 22 – Caracterização Hospitalar – Equip de Manutenção da Vida, Equip de Diagnóstico e Infra - 2025 ri rio capim","..\..\Desktop\tabelas-powerBI\10 Rio Capim\Tabela 22 – Caracterização Hospitalar – Equip de Manutenção da Vida, Equip de Diagnóstico e Infra - 2025 ri rio capim.xlsx",Rio Capim,138,1.0
Nova Esperança do Piriá,10 Rio Capim,22,"Tabela 22 – Caracterização Hospitalar – Equip de Manutenção da Vida, Equip de Diagnóstico e Infra - 2025 ri rio capim",20,"Tabela 22 – Caracterização Hospitalar – Equip de Manutenção da Vida, Equip de Diagnóstico e Infra - 2025 ri rio capim","..\..\Desktop\tabelas-powerBI\10 Rio Capim\Tabela 22 – Caracterização Hospitalar – Equip de Manutenção da Vida, Equip de Diagnóstico e Infra - 2025 ri rio capim.xlsx",Rio Capim,138,0.0
Ourém,10 Rio Capim,22,"Tabela 22 – Caracterização Hospitalar – Equip de Manutenção da Vida, Equip de Diagnóstico e Infra - 2025 ri rio capim",20,"Tabela 22 – Caracterização Hospitalar – Equip de Manutenção da Vida, Equip de Diagnóstico e Infra - 2025 ri rio capim","..\..\Desktop\tabelas-powerBI\10 Rio Capim\Tabela 22 – Caracterização Hospitalar – Equip de Manutenção da Vida, Equip de Diagnóstico e Infra - 2025 ri rio capim.xlsx",Rio Capim,138,0.0
Paragominas,10 Rio Capim,22,"Tabela 22 – Caracterização Hospitalar – Equip de Manutenção da Vida, Equip de Diagnóstico e Infra - 2025 ri rio capim",20,"Tabela 22 – Caracterização Hospitalar – Equip de Manutenção da Vida, Equip de Diagnóstico e Infra - 2025 ri rio capim","..\..\Desktop\tabelas-powerBI\10 Rio Capim\Tabela 22 – Caracterização Hospitalar – Equip de Manutenção da Vida, Equip de Diagnóstico e Infra - 2025 ri rio capim.xlsx",Rio Capim,138,3.0
Rondon do Pará,10 Rio Capim,22,"Tabela 22 – Caracterização Hospitalar – Equip de Manutenção da Vida, Equip de Diagnóstico e Infra - 2025 ri rio capim",20,"Tabela 22 – Caracterização Hospitalar – Equip de Manutenção da Vida, Equip de Diagnóstico e Infra - 2025 ri rio capim","..\..\Desktop\tabelas-powerBI\10 Rio Capim\Tabela 22 – Caracterização Hospitalar – Equip de Manutenção da Vida, Equip de Diagnóstico e Infra - 2025 ri rio capim.xlsx",Rio Capim,138,1.0
Tomé-Açu,10 Rio Capim,22,"Tabela 22 – Caracterização Hospitalar – Equip de Manutenção da Vida, Equip de Diagnóstico e Infra - 2025 ri rio capim",20,"Tabela 22 – Caracterização Hospitalar – Equip de Manutenção da Vida, Equip de Diagnóstico e Infra - 2025 ri rio capim","..\..\Desktop\tabelas-powerBI\10 Rio Capim\Tabela 22 – Caracterização Hospitalar – Equip de Manutenção da Vida, Equip de Diagnóstico e Infra - 2025 ri rio capim.xlsx",Rio Capim,138,0.0
Ulianópolis,10 Rio Capim,22,"Tabela 22 – Caracterização Hospitalar – Equip de Manutenção da Vida, Equip de Diagnóstico e Infra - 2025 ri rio capim",20,"Tabela 22 – Caracterização Hospitalar – Equip de Manutenção da Vida, Equip de Diagnóstico e Infra - 2025 ri rio capim","..\..\Desktop\tabelas-powerBI\10 Rio Capim\Tabela 22 – Caracterização Hospitalar – Equip de Manutenção da Vida, Equip de Diagnóstico e Infra - 2025 ri rio capim.xlsx",Rio Capim,138,0.0
Fonte: DATASUS,10 Rio Capim,22,"Tabela 22 – Caracterização Hospitalar – Equip de Manutenção da Vida, Equip de Diagnóstico e Infra - 2025 ri rio capim",20,"Tabela 22 – Caracterização Hospitalar – Equip de Manutenção da Vida, Equip de Diagnóstico e Infra - 2025 ri rio capim","..\..\Desktop\tabelas-powerBI\10 Rio Capim\Tabela 22 – Caracterização Hospitalar – Equip de Manutenção da Vida, Equip de Diagnóstico e Infra - 2025 ri rio capim.xlsx",Rio Capim,138,
Elaboração: FAPESPA,10 Rio Capim,22,"Tabela 22 – Caracterização Hospitalar – Equip de Manutenção da Vida, Equip de Diagnóstico e Infra - 2025 ri rio capim",20,"Tabela 22 – Caracterização Hospitalar – Equip de Manutenção da Vida, Equip de Diagnóstico e Infra - 2025 ri rio capim","..\..\Desktop\tabelas-powerBI\10 Rio Capim\Tabela 22 – Caracterização Hospitalar – Equip de Manutenção da Vida, Equip de Diagnóstico e Infra - 2025 ri rio capim.xlsx",Rio Capim,138,
*Nota: Dados referentes a Outubro/2025.,10 Rio Capim,22,"Tabela 22 – Caracterização Hospitalar – Equip de Manutenção da Vida, Equip de Diagnóstico e Infra - 2025 ri rio capim",20,"Tabela 22 – Caracterização Hospitalar – Equip de Manutenção da Vida, Equip de Diagnóstico e Infra - 2025 ri rio capim","..\..\Desktop\tabelas-powerBI\10 Rio Capim\Tabela 22 – Caracterização Hospitalar – Equip de Manutenção da Vida, Equip de Diagnóstico e Infra - 2025 ri rio capim.xlsx",Rio Capim,138,
RI Rio Capim,10 Rio Capim,22,"Tabela 22 – Caracterização Hospitalar – Equip de Manutenção da Vida, Equip de Diagnóstico e Infra - 2025 ri rio capim",20,"Tabela 22 – Caracterização Hospitalar – Equip de Manutenção da Vida, Equip de Diagnóstico e Infra - 2025 ri rio capim","..\..\Desktop\tabelas-powerBI\10 Rio Capim\Tabela 22 – Caracterização Hospitalar – Equip de Manutenção da Vida, Equip de Diagnóstico e Infra - 2025 ri rio capim.xlsx",Rio Capim,132,6.0
Abel Figueiredo,10 Rio Capim,22,"Tabela 22 – Caracterização Hospitalar – Equip de Manutenção da Vida, Equip de Diagnóstico e Infra - 2025 ri rio capim",20,"Tabela 22 – Caracterização Hospitalar – Equip de Manutenção da Vida, Equip de Diagnóstico e Infra - 2025 ri rio capim","..\..\Desktop\tabelas-powerBI\10 Rio Capim\Tabela 22 – Caracterização Hospitalar – Equip de Manutenção da Vida, Equip de Diagnóstico e Infra - 2025 ri rio capim.xlsx",Rio Capim,132,0.0
Aurora do Pará,10 Rio Capim,22,"Tabela 22 – Caracterização Hospitalar – Equip de Manutenção da Vida, Equip de Diagnóstico e Infra - 2025 ri rio capim",20,"Tabela 22 – Caracterização Hospitalar – Equip de Manutenção da Vida, Equip de Diagnóstico e Infra - 2025 ri rio capim","..\..\Desktop\tabelas-powerBI\10 Rio Capim\Tabela 22 – Caracterização Hospitalar – Equip de Manutenção da Vida, Equip de Diagnóstico e Infra - 2025 ri rio capim.xlsx",Rio Capim,132,0.0
Bujaru,10 Rio Capim,22,"Tabela 22 – Caracterização Hospitalar – Equip de Manutenção da Vida, Equip de Diagnóstico e Infra - 2025 ri rio capim",20,"Tabela 22 – Caracterização Hospitalar – Equip de Manutenção da Vida, Equip de Diagnóstico e Infra - 2025 ri rio capim","..\..\Desktop\tabelas-powerBI\10 Rio Capim\Tabela 22 – Caracterização Hospitalar – Equip de Manutenção da Vida, Equip de Diagnóstico e Infra - 2025 ri rio capim.xlsx",Rio Capim,132,0.0
Capitão Poço,10 Rio Capim,22,"Tabela 22 – Caracterização Hospitalar – Equip de Manutenção da Vida, Equip de Diagnóstico e Infra - 2025 ri rio capim",20,"Tabela 22 – Caracterização Hospitalar – Equip de Manutenção da Vida, Equip de Diagnóstico e Infra - 2025 ri rio capim","..\..\Desktop\tabelas-powerBI\10 Rio Capim\Tabela 22 – Caracterização Hospitalar – Equip de Manutenção da Vida, Equip de Diagnóstico e Infra - 2025 ri rio capim.xlsx",Rio Capim,132,1.0
Concórdia do Pará,10 Rio Capim,22,"Tabela 22 – Caracterização Hospitalar – Equip de Manutenção da Vida, Equip de Diagnóstico e Infra - 2025 ri rio capim",20,"Tabela 22 – Caracterização Hospitalar – Equip de Manutenção da Vida, Equip de Diagnóstico e Infra - 2025 ri rio capim","..\..\Desktop\tabelas-powerBI\10 Rio Capim\Tabela 22 – Caracterização Hospitalar – Equip de Manutenção da Vida, Equip de Diagnóstico e Infra - 2025 ri rio capim.xlsx",Rio Capim,132,0.0
Dom Eliseu,10 Rio Capim,22,"Tabela 22 – Caracterização Hospitalar – Equip de Manutenção da Vida, Equip de Diagnóstico e Infra - 2025 ri rio capim",20,"Tabela 22 – Caracterização Hospitalar – Equip de Manutenção da Vida, Equip de Diagnóstico e Infra - 2025 ri rio capim","..\..\Desktop\tabelas-powerBI\10 Rio Capim\Tabela 22 – Caracterização Hospitalar – Equip de Manutenção da Vida, Equip de Diagnóstico e Infra - 2025 ri rio capim.xlsx",Rio Capim,132,0.0
Garrafão do Norte,10 Rio Capim,22,"Tabela 22 – Caracterização Hospitalar – Equip de Manutenção da Vida, Equip de Diagnóstico e Infra - 2025 ri rio capim",20,"Tabela 22 – Caracterização Hospitalar – Equip de Manutenção da Vida, Equip de Diagnóstico e Infra - 2025 ri rio capim","..\..\Desktop\tabelas-powerBI\10 Rio Capim\Tabela 22 – Caracterização Hospitalar – Equip de Manutenção da Vida, Equip de Diagnóstico e Infra - 2025 ri rio capim.xlsx",Rio Capim,132,0.0
Ipixuna do Pará,10 Rio Capim,22,"Tabela 22 – Caracterização Hospitalar – Equip de Manutenção da Vida, Equip de Diagnóstico e Infra - 2025 ri rio capim",20,"Tabela 22 – Caracterização Hospitalar – Equip de Manutenção da Vida, Equip de Diagnóstico e Infra - 2025 ri rio capim","..\..\Desktop\tabelas-powerBI\10 Rio Capim\Tabela 22 – Caracterização Hospitalar – Equip de Manutenção da Vida, Equip de Diagnóstico e Infra - 2025 ri rio capim.xlsx",Rio Capim,132,0.0
Irituia,10 Rio Capim,22,"Tabela 22 – Caracterização Hospitalar – Equip de Manutenção da Vida, Equip de Diagnóstico e Infra - 2025 ri rio capim",20,"Tabela 22 – Caracterização Hospitalar – Equip de Manutenção da Vida, Equip de Diagnóstico e Infra - 2025 ri rio capim","..\..\Desktop\tabelas-powerBI\10 Rio Capim\Tabela 22 – Caracterização Hospitalar – Equip de Manutenção da Vida, Equip de Diagnóstico e Infra - 2025 ri rio capim.xlsx",Rio Capim,132,0.0
Mãe do Rio,10 Rio Capim,22,"Tabela 22 – Caracterização Hospitalar – Equip de Manutenção da Vida, Equip de Diagnóstico e Infra - 2025 ri rio capim",20,"Tabela 22 – Caracterização Hospitalar – Equip de Manutenção da Vida, Equip de Diagnóstico e Infra - 2025 ri rio capim","..\..\Desktop\tabelas-powerBI\10 Rio Capim\Tabela 22 – Caracterização Hospitalar – Equip de Manutenção da Vida, Equip de Diagnóstico e Infra - 2025 ri rio capim.xlsx",Rio Capim,132,1.0
Nova Esperança do Piriá,10 Rio Capim,22,"Tabela 22 – Caracterização Hospitalar – Equip de Manutenção da Vida, Equip de Diagnóstico e Infra - 2025 ri rio capim",20,"Tabela 22 – Caracterização Hospitalar – Equip de Manutenção da Vida, Equip de Diagnóstico e Infra - 2025 ri rio capim","..\..\Desktop\tabelas-powerBI\10 Rio Capim\Tabela 22 – Caracterização Hospitalar – Equip de Manutenção da Vida, Equip de Diagnóstico e Infra - 2025 ri rio capim.xlsx",Rio Capim,132,0.0
Ourém,10 Rio Capim,22,"Tabela 22 – Caracterização Hospitalar – Equip de Manutenção da Vida, Equip de Diagnóstico e Infra - 2025 ri rio capim",20,"Tabela 22 – Caracterização Hospitalar – Equip de Manutenção da Vida, Equip de Diagnóstico e Infra - 2025 ri rio capim","..\..\Desktop\tabelas-powerBI\10 Rio Capim\Tabela 22 – Caracterização Hospitalar – Equip de Manutenção da Vida, Equip de Diagnóstico e Infra - 2025 ri rio capim.xlsx",Rio Capim,132,0.0
Paragominas,10 Rio Capim,22,"Tabela 22 – Caracterização Hospitalar – Equip de Manutenção da Vida, Equip de Diagnóstico e Infra - 2025 ri rio capim",20,"Tabela 22 – Caracterização Hospitalar – Equip de Manutenção da Vida, Equip de Diagnóstico e Infra - 2025 ri rio capim","..\..\Desktop\tabelas-powerBI\10 Rio Capim\Tabela 22 – Caracterização Hospitalar – Equip de Manutenção da Vida, Equip de Diagnóstico e Infra - 2025 ri rio capim.xlsx",Rio Capim,132,3.0
Rondon do Pará,10 Rio Capim,22,"Tabela 22 – Caracterização Hospitalar – Equip de Manutenção da Vida, Equip de Diagnóstico e Infra - 2025 ri rio capim",20,"Tabela 22 – Caracterização Hospitalar – Equip de Manutenção da Vida, Equip de Diagnóstico e Infra - 2025 ri rio capim","..\..\Desktop\tabelas-powerBI\10 Rio Capim\Tabela 22 – Caracterização Hospitalar – Equip de Manutenção da Vida, Equip de Diagnóstico e Infra - 2025 ri rio capim.xlsx",Rio Capim,132,1.0
Tomé-Açu,10 Rio Capim,22,"Tabela 22 – Caracterização Hospitalar – Equip de Manutenção da Vida, Equip de Diagnóstico e Infra - 2025 ri rio capim",20,"Tabela 22 – Caracterização Hospitalar – Equip de Manutenção da Vida, Equip de Diagnóstico e Infra - 2025 ri rio capim","..\..\Desktop\tabelas-powerBI\10 Rio Capim\Tabela 22 – Caracterização Hospitalar – Equip de Manutenção da Vida, Equip de Diagnóstico e Infra - 2025 ri rio capim.xlsx",Rio Capim,132,0.0
Ulianópolis,10 Rio Capim,22,"Tabela 22 – Caracterização Hospitalar – Equip de Manutenção da Vida, Equip de Diagnóstico e Infra - 2025 ri rio capim",20,"Tabela 22 – Caracterização Hospitalar – Equip de Manutenção da Vida, Equip de Diagnóstico e Infra - 2025 ri rio capim","..\..\Desktop\tabelas-powerBI\10 Rio Capim\Tabela 22 – Caracterização Hospitalar – Equip de Manutenção da Vida, Equip de Diagnóstico e Infra - 2025 ri rio capim.xlsx",Rio Capim,132,0.0
Fonte: DATASUS,10 Rio Capim,22,"Tabela 22 – Caracterização Hospitalar – Equip de Manutenção da Vida, Equip de Diagnóstico e Infra - 2025 ri rio capim",20,"Tabela 22 – Caracterização Hospitalar – Equip de Manutenção da Vida, Equip de Diagnóstico e Infra - 2025 ri rio capim","..\..\Desktop\tabelas-powerBI\10 Rio Capim\Tabela 22 – Caracterização Hospitalar – Equip de Manutenção da Vida, Equip de Diagnóstico e Infra - 2025 ri rio capim.xlsx",Rio Capim,132,
Elaboração: FAPESPA,10 Rio Capim,22,"Tabela 22 – Caracterização Hospitalar – Equip de Manutenção da Vida, Equip de Diagnóstico e Infra - 2025 ri rio capim",20,"Tabela 22 – Caracterização Hospitalar – Equip de Manutenção da Vida, Equip de Diagnóstico e Infra - 2025 ri rio capim","..\..\Desktop\tabelas-powerBI\10 Rio Capim\Tabela 22 – Caracterização Hospitalar – Equip de Manutenção da Vida, Equip de Diagnóstico e Infra - 2025 ri rio capim.xlsx",Rio Capim,132,
*Nota: Dados referentes a Outubro/2025.,10 Rio Capim,22,"Tabela 22 – Caracterização Hospitalar – Equip de Manutenção da Vida, Equip de Diagnóstico e Infra - 2025 ri rio capim",20,"Tabela 22 – Caracterização Hospitalar – Equip de Manutenção da Vida, Equip de Diagnóstico e Infra - 2025 ri rio capim","..\..\Desktop\tabelas-powerBI\10 Rio Capim\Tabela 22 – Caracterização Hospitalar – Equip de Manutenção da Vida, Equip de Diagnóstico e Infra - 2025 ri rio capim.xlsx",Rio Capim,132,
RI Rio Capim,10 Rio Capim,22,"Tabela 22 – Caracterização Hospitalar – Equip de Manutenção da Vida, Equip de Diagnóstico e Infra - 2025 ri rio capim",20,"Tabela 22 – Caracterização Hospitalar – Equip de Manutenção da Vida, Equip de Diagnóstico e Infra - 2025 ri rio capim","..\..\Desktop\tabelas-powerBI\10 Rio Capim\Tabela 22 – Caracterização Hospitalar – Equip de Manutenção da Vida, Equip de Diagnóstico e Infra - 2025 ri rio capim.xlsx",Rio Capim,424,34.0
Abel Figueiredo,10 Rio Capim,22,"Tabela 22 – Caracterização Hospitalar – Equip de Manutenção da Vida, Equip de Diagnóstico e Infra - 2025 ri rio capim",20,"Tabela 22 – Caracterização Hospitalar – Equip de Manutenção da Vida, Equip de Diagnóstico e Infra - 2025 ri rio capim","..\..\Desktop\tabelas-powerBI\10 Rio Capim\Tabela 22 – Caracterização Hospitalar – Equip de Manutenção da Vida, Equip de Diagnóstico e Infra - 2025 ri rio capim.xlsx",Rio Capim,424,1.0
Aurora do Pará,10 Rio Capim,22,"Tabela 22 – Caracterização Hospitalar – Equip de Manutenção da Vida, Equip de Diagnóstico e Infra - 2025 ri rio capim",20,"Tabela 22 – Caracterização Hospitalar – Equip de Manutenção da Vida, Equip de Diagnóstico e Infra - 2025 ri rio capim","..\..\Desktop\tabelas-powerBI\10 Rio Capim\Tabela 22 – Caracterização Hospitalar – Equip de Manutenção da Vida, Equip de Diagnóstico e Infra - 2025 ri rio capim.xlsx",Rio Capim,424,2.0
Bujaru,10 Rio Capim,22,"Tabela 22 – Caracterização Hospitalar – Equip de Manutenção da Vida, Equip de Diagnóstico e Infra - 2025 ri rio capim",20,"Tabela 22 – Caracterização Hospitalar – Equip de Manutenção da Vida, Equip de Diagnóstico e Infra - 2025 ri rio capim","..\..\Desktop\tabelas-powerBI\10 Rio Capim\Tabela 22 – Caracterização Hospitalar – Equip de Manutenção da Vida, Equip de Diagnóstico e Infra - 2025 ri rio capim.xlsx",Rio Capim,424,1.0
Capitão Poço,10 Rio Capim,22,"Tabela 22 – Caracterização Hospitalar – Equip de Manutenção da Vida, Equip de Diagnóstico e Infra - 2025 ri rio capim",20,"Tabela 22 – Caracterização Hospitalar – Equip de Manutenção da Vida, Equip de Diagnóstico e Infra - 2025 ri rio capim","..\..\Desktop\tabelas-powerBI\10 Rio Capim\Tabela 22 – Caracterização Hospitalar – Equip de Manutenção da Vida, Equip de Diagnóstico e Infra - 2025 ri rio capim.xlsx",Rio Capim,424,6.0
Concórdia do Pará,10 Rio Capim,22,"Tabela 22 – Caracterização Hospitalar – Equip de Manutenção da Vida, Equip de Diagnóstico e Infra - 2025 ri rio capim",20,"Tabela 22 – Caracterização Hospitalar – Equip de Manutenção da Vida, Equip de Diagnóstico e Infra - 2025 ri rio capim","..\..\Desktop\tabelas-powerBI\10 Rio Capim\Tabela 22 – Caracterização Hospitalar – Equip de Manutenção da Vida, Equip de Diagnóstico e Infra - 2025 ri rio capim.xlsx",Rio Capim,424,3.0
Dom Eliseu,10 Rio Capim,22,"Tabela 22 – Caracterização Hospitalar – Equip de Manutenção da Vida, Equip de Diagnóstico e Infra - 2025 ri rio capim",20,"Tabela 22 – Caracterização Hospitalar – Equip de Manutenção da Vida, Equip de Diagnóstico e Infra - 2025 ri rio capim","..\..\Desktop\tabelas-powerBI\10 Rio Capim\Tabela 22 – Caracterização Hospitalar – Equip de Manutenção da Vida, Equip de Diagnóstico e Infra - 2025 ri rio capim.xlsx",Rio Capim,424,1.0
Garrafão do Norte,10 Rio Capim,22,"Tabela 22 – Caracterização Hospitalar – Equip de Manutenção da Vida, Equip de Diagnóstico e Infra - 2025 ri rio capim",20,"Tabela 22 – Caracterização Hospitalar – Equip de Manutenção da Vida, Equip de Diagnóstico e Infra - 2025 ri rio capim","..\..\Desktop\tabelas-powerBI\10 Rio Capim\Tabela 22 – Caracterização Hospitalar – Equip de Manutenção da Vida, Equip de Diagnóstico e Infra - 2025 ri rio capim.xlsx",Rio Capim,424,1.0
Ipixuna do Pará,10 Rio Capim,22,"Tabela 22 – Caracterização Hospitalar – Equip de Manutenção da Vida, Equip de Diagnóstico e Infra - 2025 ri rio capim",20,"Tabela 22 – Caracterização Hospitalar – Equip de Manutenção da Vida, Equip de Diagnóstico e Infra - 2025 ri rio capim","..\..\Desktop\tabelas-powerBI\10 Rio Capim\Tabela 22 – Caracterização Hospitalar – Equip de Manutenção da Vida, Equip de Diagnóstico e Infra - 2025 ri rio capim.xlsx",Rio Capim,424,2.0
Irituia,10 Rio Capim,22,"Tabela 22 – Caracterização Hospitalar – Equip de Manutenção da Vida, Equip de Diagnóstico e Infra - 2025 ri rio capim",20,"Tabela 22 – Caracterização Hospitalar – Equip de Manutenção da Vida, Equip de Diagnóstico e Infra - 2025 ri rio capim","..\..\Desktop\tabelas-powerBI\10 Rio Capim\Tabela 22 – Caracterização Hospitalar – Equip de Manutenção da Vida, Equip de Diagnóstico e Infra - 2025 ri rio capim.xlsx",Rio Capim,424,2.0
Mãe do Rio,10 Rio Capim,22,"Tabela 22 – Caracterização Hospitalar – Equip de Manutenção da Vida, Equip de Diagnóstico e Infra - 2025 ri rio capim",20,"Tabela 22 – Caracterização Hospitalar – Equip de Manutenção da Vida, Equip de Diagnóstico e Infra - 2025 ri rio capim","..\..\Desktop\tabelas-powerBI\10 Rio Capim\Tabela 22 – Caracterização Hospitalar – Equip de Manutenção da Vida, Equip de Diagnóstico e Infra - 2025 ri rio capim.xlsx",Rio Capim,424,3.0
Nova Esperança do Piriá,10 Rio Capim,22,"Tabela 22 – Caracterização Hospitalar – Equip de Manutenção da Vida, Equip de Diagnóstico e Infra - 2025 ri rio capim",20,"Tabela 22 – Caracterização Hospitalar – Equip de Manutenção da Vida, Equip de Diagnóstico e Infra - 2025 ri rio capim","..\..\Desktop\tabelas-powerBI\10 Rio Capim\Tabela 22 – Caracterização Hospitalar – Equip de Manutenção da Vida, Equip de Diagnóstico e Infra - 2025 ri rio capim.xlsx",Rio Capim,424,1.0
Ourém,10 Rio Capim,22,"Tabela 22 – Caracterização Hospitalar – Equip de Manutenção da Vida, Equip de Diagnóstico e Infra - 2025 ri rio capim",20,"Tabela 22 – Caracterização Hospitalar – Equip de Manutenção da Vida, Equip de Diagnóstico e Infra - 2025 ri rio capim","..\..\Desktop\tabelas-powerBI\10 Rio Capim\Tabela 22 – Caracterização Hospitalar – Equip de Manutenção da Vida, Equip de Diagnóstico e Infra - 2025 ri rio capim.xlsx",Rio Capim,424,1.0
Paragominas,10 Rio Capim,22,"Tabela 22 – Caracterização Hospitalar – Equip de Manutenção da Vida, Equip de Diagnóstico e Infra - 2025 ri rio capim",20,"Tabela 22 – Caracterização Hospitalar – Equip de Manutenção da Vida, Equip de Diagnóstico e Infra - 2025 ri rio capim","..\..\Desktop\tabelas-powerBI\10 Rio Capim\Tabela 22 – Caracterização Hospitalar – Equip de Manutenção da Vida, Equip de Diagnóstico e Infra - 2025 ri rio capim.xlsx",Rio Capim,424,3.0
Rondon do Pará,10 Rio Capim,22,"Tabela 22 – Caracterização Hospitalar – Equip de Manutenção da Vida, Equip de Diagnóstico e Infra - 2025 ri rio capim",20,"Tabela 22 – Caracterização Hospitalar – Equip de Manutenção da Vida, Equip de Diagnóstico e Infra - 2025 ri rio capim","..\..\Desktop\tabelas-powerBI\10 Rio Capim\Tabela 22 – Caracterização Hospitalar – Equip de Manutenção da Vida, Equip de Diagnóstico e Infra - 2025 ri rio capim.xlsx",Rio Capim,424,2.0
Tomé-Açu,10 Rio Capim,22,"Tabela 22 – Caracterização Hospitalar – Equip de Manutenção da Vida, Equip de Diagnóstico e Infra - 2025 ri rio capim",20,"Tabela 22 – Caracterização Hospitalar – Equip de Manutenção da Vida, Equip de Diagnóstico e Infra - 2025 ri rio capim","..\..\Desktop\tabelas-powerBI\10 Rio Capim\Tabela 22 – Caracterização Hospitalar – Equip de Manutenção da Vida, Equip de Diagnóstico e Infra - 2025 ri rio capim.xlsx",Rio Capim,424,3.0
Ulianópolis,10 Rio Capim,22,"Tabela 22 – Caracterização Hospitalar – Equip de Manutenção da Vida, Equip de Diagnóstico e Infra - 2025 ri rio capim",20,"Tabela 22 – Caracterização Hospitalar – Equip de Manutenção da Vida, Equip de Diagnóstico e Infra - 2025 ri rio capim","..\..\Desktop\tabelas-powerBI\10 Rio Capim\Tabela 22 – Caracterização Hospitalar – Equip de Manutenção da Vida, Equip de Diagnóstico e Infra - 2025 ri rio capim.xlsx",Rio Capim,424,2.0
Fonte: DATASUS,10 Rio Capim,22,"Tabela 22 – Caracterização Hospitalar – Equip de Manutenção da Vida, Equip de Diagnóstico e Infra - 2025 ri rio capim",20,"Tabela 22 – Caracterização Hospitalar – Equip de Manutenção da Vida, Equip de Diagnóstico e Infra - 2025 ri rio capim","..\..\Desktop\tabelas-powerBI\10 Rio Capim\Tabela 22 – Caracterização Hospitalar – Equip de Manutenção da Vida, Equip de Diagnóstico e Infra - 2025 ri rio capim.xlsx",Rio Capim,424,
Elaboração: FAPESPA,10 Rio Capim,22,"Tabela 22 – Caracterização Hospitalar – Equip de Manutenção da Vida, Equip de Diagnóstico e Infra - 2025 ri rio capim",20,"Tabela 22 – Caracterização Hospitalar – Equip de Manutenção da Vida, Equip de Diagnóstico e Infra - 2025 ri rio capim","..\..\Desktop\tabelas-powerBI\10 Rio Capim\Tabela 22 – Caracterização Hospitalar – Equip de Manutenção da Vida, Equip de Diagnóstico e Infra - 2025 ri rio capim.xlsx",Rio Capim,424,
*Nota: Dados referentes a Outubro/2025.,10 Rio Capim,22,"Tabela 22 – Caracterização Hospitalar – Equip de Manutenção da Vida, Equip de Diagnóstico e Infra - 2025 ri rio capim",20,"Tabela 22 – Caracterização Hospitalar – Equip de Manutenção da Vida, Equip de Diagnóstico e Infra - 2025 ri rio capim","..\..\Desktop\tabelas-powerBI\10 Rio Capim\Tabela 22 – Caracterização Hospitalar – Equip de Manutenção da Vida, Equip de Diagnóstico e Infra - 2025 ri rio capim.xlsx",Rio Capim,424,
RI Rio Capim,10 Rio Capim,22,"Tabela 22 – Caracterização Hospitalar – Equip de Manutenção da Vida, Equip de Diagnóstico e Infra - 2025 ri rio capim",20,"Tabela 22 – Caracterização Hospitalar – Equip de Manutenção da Vida, Equip de Diagnóstico e Infra - 2025 ri rio capim","..\..\Desktop\tabelas-powerBI\10 Rio Capim\Tabela 22 – Caracterização Hospitalar – Equip de Manutenção da Vida, Equip de Diagnóstico e Infra - 2025 ri rio capim.xlsx",Rio Capim,410,33.0
Abel Figueiredo,10 Rio Capim,22,"Tabela 22 – Caracterização Hospitalar – Equip de Manutenção da Vida, Equip de Diagnóstico e Infra - 2025 ri rio capim",20,"Tabela 22 – Caracterização Hospitalar – Equip de Manutenção da Vida, Equip de Diagnóstico e Infra - 2025 ri rio capim","..\..\Desktop\tabelas-powerBI\10 Rio Capim\Tabela 22 – Caracterização Hospitalar – Equip de Manutenção da Vida, Equip de Diagnóstico e Infra - 2025 ri rio capim.xlsx",Rio Capim,410,1.0
Aurora do Pará,10 Rio Capim,22,"Tabela 22 – Caracterização Hospitalar – Equip de Manutenção da Vida, Equip de Diagnóstico e Infra - 2025 ri rio capim",20,"Tabela 22 – Caracterização Hospitalar – Equip de Manutenção da Vida, Equip de Diagnóstico e Infra - 2025 ri rio capim","..\..\Desktop\tabelas-powerBI\10 Rio Capim\Tabela 22 – Caracterização Hospitalar – Equip de Manutenção da Vida, Equip de Diagnóstico e Infra - 2025 ri rio capim.xlsx",Rio Capim,410,2.0
Bujaru,10 Rio Capim,22,"Tabela 22 – Caracterização Hospitalar – Equip de Manutenção da Vida, Equip de Diagnóstico e Infra - 2025 ri rio capim",20,"Tabela 22 – Caracterização Hospitalar – Equip de Manutenção da Vida, Equip de Diagnóstico e Infra - 2025 ri rio capim","..\..\Desktop\tabelas-powerBI\10 Rio Capim\Tabela 22 – Caracterização Hospitalar – Equip de Manutenção da Vida, Equip de Diagnóstico e Infra - 2025 ri rio capim.xlsx",Rio Capim,410,1.0
Capitão Poço,10 Rio Capim,22,"Tabela 22 – Caracterização Hospitalar – Equip de Manutenção da Vida, Equip de Diagnóstico e Infra - 2025 ri rio capim",20,"Tabela 22 – Caracterização Hospitalar – Equip de Manutenção da Vida, Equip de Diagnóstico e Infra - 2025 ri rio capim","..\..\Desktop\tabelas-powerBI\10 Rio Capim\Tabela 22 – Caracterização Hospitalar – Equip de Manutenção da Vida, Equip de Diagnóstico e Infra - 2025 ri rio capim.xlsx",Rio Capim,410,5.0
Concórdia do Pará,10 Rio Capim,22,"Tabela 22 – Caracterização Hospitalar – Equip de Manutenção da Vida, Equip de Diagnóstico e Infra - 2025 ri rio capim",20,"Tabela 22 – Caracterização Hospitalar – Equip de Manutenção da Vida, Equip de Diagnóstico e Infra - 2025 ri rio capim","..\..\Desktop\tabelas-powerBI\10 Rio Capim\Tabela 22 – Caracterização Hospitalar – Equip de Manutenção da Vida, Equip de Diagnóstico e Infra - 2025 ri rio capim.xlsx",Rio Capim,410,3.0
Dom Eliseu,10 Rio Capim,22,"Tabela 22 – Caracterização Hospitalar – Equip de Manutenção da Vida, Equip de Diagnóstico e Infra - 2025 ri rio capim",20,"Tabela 22 – Caracterização Hospitalar – Equip de Manutenção da Vida, Equip de Diagnóstico e Infra - 2025 ri rio capim","..\..\Desktop\tabelas-powerBI\10 Rio Capim\Tabela 22 – Caracterização Hospitalar – Equip de Manutenção da Vida, Equip de Diagnóstico e Infra - 2025 ri rio capim.xlsx",Rio Capim,410,1.0
Garrafão do Norte,10 Rio Capim,22,"Tabela 22 – Caracterização Hospitalar – Equip de Manutenção da Vida, Equip de Diagnóstico e Infra - 2025 ri rio capim",20,"Tabela 22 – Caracterização Hospitalar – Equip de Manutenção da Vida, Equip de Diagnóstico e Infra - 2025 ri rio capim","..\..\Desktop\tabelas-powerBI\10 Rio Capim\Tabela 22 – Caracterização Hospitalar – Equip de Manutenção da Vida, Equip de Diagnóstico e Infra - 2025 ri rio capim.xlsx",Rio Capim,410,1.0
Ipixuna do Pará,10 Rio Capim,22,"Tabela 22 – Caracterização Hospitalar – Equip de Manutenção da Vida, Equip de Diagnóstico e Infra - 2025 ri rio capim",20,"Tabela 22 – Caracterização Hospitalar – Equip de Manutenção da Vida, Equip de Diagnóstico e Infra - 2025 ri rio capim","..\..\Desktop\tabelas-powerBI\10 Rio Capim\Tabela 22 – Caracterização Hospitalar – Equip de Manutenção da Vida, Equip de Diagnóstico e Infra - 2025 ri rio capim.xlsx",Rio Capim,410,2.0
Irituia,10 Rio Capim,22,"Tabela 22 – Caracterização Hospitalar – Equip de Manutenção da Vida, Equip de Diagnóstico e Infra - 2025 ri rio capim",20,"Tabela 22 – Caracterização Hospitalar – Equip de Manutenção da Vida, Equip de Diagnóstico e Infra - 2025 ri rio capim","..\..\Desktop\tabelas-powerBI\10 Rio Capim\Tabela 22 – Caracterização Hospitalar – Equip de Manutenção da Vida, Equip de Diagnóstico e Infra - 2025 ri rio capim.xlsx",Rio Capim,410,2.0
Mãe do Rio,10 Rio Capim,22,"Tabela 22 – Caracterização Hospitalar – Equip de Manutenção da Vida, Equip de Diagnóstico e Infra - 2025 ri rio capim",20,"Tabela 22 – Caracterização Hospitalar – Equip de Manutenção da Vida, Equip de Diagnóstico e Infra - 2025 ri rio capim","..\..\Desktop\tabelas-powerBI\10 Rio Capim\Tabela 22 – Caracterização Hospitalar – Equip de Manutenção da Vida, Equip de Diagnóstico e Infra - 2025 ri rio capim.xlsx",Rio Capim,410,3.0
Nova Esperança do Piriá,10 Rio Capim,22,"Tabela 22 – Caracterização Hospitalar – Equip de Manutenção da Vida, Equip de Diagnóstico e Infra - 2025 ri rio capim",20,"Tabela 22 – Caracterização Hospitalar – Equip de Manutenção da Vida, Equip de Diagnóstico e Infra - 2025 ri rio capim","..\..\Desktop\tabelas-powerBI\10 Rio Capim\Tabela 22 – Caracterização Hospitalar – Equip de Manutenção da Vida, Equip de Diagnóstico e Infra - 2025 ri rio capim.xlsx",Rio Capim,410,1.0
Ourém,10 Rio Capim,22,"Tabela 22 – Caracterização Hospitalar – Equip de Manutenção da Vida, Equip de Diagnóstico e Infra - 2025 ri rio capim",20,"Tabela 22 – Caracterização Hospitalar – Equip de Manutenção da Vida, Equip de Diagnóstico e Infra - 2025 ri rio capim","..\..\Desktop\tabelas-powerBI\10 Rio Capim\Tabela 22 – Caracterização Hospitalar – Equip de Manutenção da Vida, Equip de Diagnóstico e Infra - 2025 ri rio capim.xlsx",Rio Capim,410,1.0
Paragominas,10 Rio Capim,22,"Tabela 22 – Caracterização Hospitalar – Equip de Manutenção da Vida, Equip de Diagnóstico e Infra - 2025 ri rio capim",20,"Tabela 22 – Caracterização Hospitalar – Equip de Manutenção da Vida, Equip de Diagnóstico e Infra - 2025 ri rio capim","..\..\Desktop\tabelas-powerBI\10 Rio Capim\Tabela 22 – Caracterização Hospitalar – Equip de Manutenção da Vida, Equip de Diagnóstico e Infra - 2025 ri rio capim.xlsx",Rio Capim,410,3.0
Rondon do Pará,10 Rio Capim,22,"Tabela 22 – Caracterização Hospitalar – Equip de Manutenção da Vida, Equip de Diagnóstico e Infra - 2025 ri rio capim",20,"Tabela 22 – Caracterização Hospitalar – Equip de Manutenção da Vida, Equip de Diagnóstico e Infra - 2025 ri rio capim","..\..\Desktop\tabelas-powerBI\10 Rio Capim\Tabela 22 – Caracterização Hospitalar – Equip de Manutenção da Vida, Equip de Diagnóstico e Infra - 2025 ri rio capim.xlsx",Rio Capim,410,2.0
Tomé-Açu,10 Rio Capim,22,"Tabela 22 – Caracterização Hospitalar – Equip de Manutenção da Vida, Equip de Diagnóstico e Infra - 2025 ri rio capim",20,"Tabela 22 – Caracterização Hospitalar – Equip de Manutenção da Vida, Equip de Diagnóstico e Infra - 2025 ri rio capim","..\..\Desktop\tabelas-powerBI\10 Rio Capim\Tabela 22 – Caracterização Hospitalar – Equip de Manutenção da Vida, Equip de Diagnóstico e Infra - 2025 ri rio capim.xlsx",Rio Capim,410,3.0
Ulianópolis,10 Rio Capim,22,"Tabela 22 – Caracterização Hospitalar – Equip de Manutenção da Vida, Equip de Diagnóstico e Infra - 2025 ri rio capim",20,"Tabela 22 – Caracterização Hospitalar – Equip de Manutenção da Vida, Equip de Diagnóstico e Infra - 2025 ri rio capim","..\..\Desktop\tabelas-powerBI\10 Rio Capim\Tabela 22 – Caracterização Hospitalar – Equip de Manutenção da Vida, Equip de Diagnóstico e Infra - 2025 ri rio capim.xlsx",Rio Capim,410,2.0
Fonte: DATASUS,10 Rio Capim,22,"Tabela 22 – Caracterização Hospitalar – Equip de Manutenção da Vida, Equip de Diagnóstico e Infra - 2025 ri rio capim",20,"Tabela 22 – Caracterização Hospitalar – Equip de Manutenção da Vida, Equip de Diagnóstico e Infra - 2025 ri rio capim","..\..\Desktop\tabelas-powerBI\10 Rio Capim\Tabela 22 – Caracterização Hospitalar – Equip de Manutenção da Vida, Equip de Diagnóstico e Infra - 2025 ri rio capim.xlsx",Rio Capim,410,
Elaboração: FAPESPA,10 Rio Capim,22,"Tabela 22 – Caracterização Hospitalar – Equip de Manutenção da Vida, Equip de Diagnóstico e Infra - 2025 ri rio capim",20,"Tabela 22 – Caracterização Hospitalar – Equip de Manutenção da Vida, Equip de Diagnóstico e Infra - 2025 ri rio capim","..\..\Desktop\tabelas-powerBI\10 Rio Capim\Tabela 22 – Caracterização Hospitalar – Equip de Manutenção da Vida, Equip de Diagnóstico e Infra - 2025 ri rio capim.xlsx",Rio Capim,410,
*Nota: Dados referentes a Outubro/2025.,10 Rio Capim,22,"Tabela 22 – Caracterização Hospitalar – Equip de Manutenção da Vida, Equip de Diagnóstico e Infra - 2025 ri rio capim",20,"Tabela 22 – Caracterização Hospitalar – Equip de Manutenção da Vida, Equip de Diagnóstico e Infra - 2025 ri rio capim","..\..\Desktop\tabelas-powerBI\10 Rio Capim\Tabela 22 – Caracterização Hospitalar – Equip de Manutenção da Vida, Equip de Diagnóstico e Infra - 2025 ri rio capim.xlsx",Rio Capim,410,
RI Rio Capim,10 Rio Capim,22,"Tabela 22 – Caracterização Hospitalar – Equip de Manutenção da Vida, Equip de Diagnóstico e Infra - 2025 ri rio capim",20,"Tabela 22 – Caracterização Hospitalar – Equip de Manutenção da Vida, Equip de Diagnóstico e Infra - 2025 ri rio capim","..\..\Desktop\tabelas-powerBI\10 Rio Capim\Tabela 22 – Caracterização Hospitalar – Equip de Manutenção da Vida, Equip de Diagnóstico e Infra - 2025 ri rio capim.xlsx",Rio Capim,239,9.0
Abel Figueiredo,10 Rio Capim,22,"Tabela 22 – Caracterização Hospitalar – Equip de Manutenção da Vida, Equip de Diagnóstico e Infra - 2025 ri rio capim",20,"Tabela 22 – Caracterização Hospitalar – Equip de Manutenção da Vida, Equip de Diagnóstico e Infra - 2025 ri rio capim","..\..\Desktop\tabelas-powerBI\10 Rio Capim\Tabela 22 – Caracterização Hospitalar – Equip de Manutenção da Vida, Equip de Diagnóstico e Infra - 2025 ri rio capim.xlsx",Rio Capim,239,0.0
Aurora do Pará,10 Rio Capim,22,"Tabela 22 – Caracterização Hospitalar – Equip de Manutenção da Vida, Equip de Diagnóstico e Infra - 2025 ri rio capim",20,"Tabela 22 – Caracterização Hospitalar – Equip de Manutenção da Vida, Equip de Diagnóstico e Infra - 2025 ri rio capim","..\..\Desktop\tabelas-powerBI\10 Rio Capim\Tabela 22 – Caracterização Hospitalar – Equip de Manutenção da Vida, Equip de Diagnóstico e Infra - 2025 ri rio capim.xlsx",Rio Capim,239,0.0
Bujaru,10 Rio Capim,22,"Tabela 22 – Caracterização Hospitalar – Equip de Manutenção da Vida, Equip de Diagnóstico e Infra - 2025 ri rio capim",20,"Tabela 22 – Caracterização Hospitalar – Equip de Manutenção da Vida, Equip de Diagnóstico e Infra - 2025 ri rio capim","..\..\Desktop\tabelas-powerBI\10 Rio Capim\Tabela 22 – Caracterização Hospitalar – Equip de Manutenção da Vida, Equip de Diagnóstico e Infra - 2025 ri rio capim.xlsx",Rio Capim,239,0.0
Capitão Poço,10 Rio Capim,22,"Tabela 22 – Caracterização Hospitalar – Equip de Manutenção da Vida, Equip de Diagnóstico e Infra - 2025 ri rio capim",20,"Tabela 22 – Caracterização Hospitalar – Equip de Manutenção da Vida, Equip de Diagnóstico e Infra - 2025 ri rio capim","..\..\Desktop\tabelas-powerBI\10 Rio Capim\Tabela 22 – Caracterização Hospitalar – Equip de Manutenção da Vida, Equip de Diagnóstico e Infra - 2025 ri rio capim.xlsx",Rio Capim,239,2.0
Concórdia do Pará,10 Rio Capim,22,"Tabela 22 – Caracterização Hospitalar – Equip de Manutenção da Vida, Equip de Diagnóstico e Infra - 2025 ri rio capim",20,"Tabela 22 – Caracterização Hospitalar – Equip de Manutenção da Vida, Equip de Diagnóstico e Infra - 2025 ri rio capim","..\..\Desktop\tabelas-powerBI\10 Rio Capim\Tabela 22 – Caracterização Hospitalar – Equip de Manutenção da Vida, Equip de Diagnóstico e Infra - 2025 ri rio capim.xlsx",Rio Capim,239,0.0
Dom Eliseu,10 Rio Capim,22,"Tabela 22 – Caracterização Hospitalar – Equip de Manutenção da Vida, Equip de Diagnóstico e Infra - 2025 ri rio capim",20,"Tabela 22 – Caracterização Hospitalar – Equip de Manutenção da Vida, Equip de Diagnóstico e Infra - 2025 ri rio capim","..\..\Desktop\tabelas-powerBI\10 Rio Capim\Tabela 22 – Caracterização Hospitalar – Equip de Manutenção da Vida, Equip de Diagnóstico e Infra - 2025 ri rio capim.xlsx",Rio Capim,239,1.0
Garrafão do Norte,10 Rio Capim,22,"Tabela 22 – Caracterização Hospitalar – Equip de Manutenção da Vida, Equip de Diagnóstico e Infra - 2025 ri rio capim",20,"Tabela 22 – Caracterização Hospitalar – Equip de Manutenção da Vida, Equip de Diagnóstico e Infra - 2025 ri rio capim","..\..\Desktop\tabelas-powerBI\10 Rio Capim\Tabela 22 – Caracterização Hospitalar – Equip de Manutenção da Vida, Equip de Diagnóstico e Infra - 2025 ri rio capim.xlsx",Rio Capim,239,0.0
Ipixuna do Pará,10 Rio Capim,22,"Tabela 22 – Caracterização Hospitalar – Equip de Manutenção da Vida, Equip de Diagnóstico e Infra - 2025 ri rio capim",20,"Tabela 22 – Caracterização Hospitalar – Equip de Manutenção da Vida, Equip de Diagnóstico e Infra - 2025 ri rio capim","..\..\Desktop\tabelas-powerBI\10 Rio Capim\Tabela 22 – Caracterização Hospitalar – Equip de Manutenção da Vida, Equip de Diagnóstico e Infra - 2025 ri rio capim.xlsx",Rio Capim,239,0.0
Irituia,10 Rio Capim,22,"Tabela 22 – Caracterização Hospitalar – Equip de Manutenção da Vida, Equip de Diagnóstico e Infra - 2025 ri rio capim",20,"Tabela 22 – Caracterização Hospitalar – Equip de Manutenção da Vida, Equip de Diagnóstico e Infra - 2025 ri rio capim","..\..\Desktop\tabelas-powerBI\10 Rio Capim\Tabela 22 – Caracterização Hospitalar – Equip de Manutenção da Vida, Equip de Diagnóstico e Infra - 2025 ri rio capim.xlsx",Rio Capim,239,0.0
Mãe do Rio,10 Rio Capim,22,"Tabela 22 – Caracterização Hospitalar – Equip de Manutenção da Vida, Equip de Diagnóstico e Infra - 2025 ri rio capim",20,"Tabela 22 – Caracterização Hospitalar – Equip de Manutenção da Vida, Equip de Diagnóstico e Infra - 2025 ri rio capim","..\..\Desktop\tabelas-powerBI\10 Rio Capim\Tabela 22 – Caracterização Hospitalar – Equip de Manutenção da Vida, Equip de Diagnóstico e Infra - 2025 ri rio capim.xlsx",Rio Capim,239,0.0
Nova Esperança do Piriá,10 Rio Capim,22,"Tabela 22 – Caracterização Hospitalar – Equip de Manutenção da Vida, Equip de Diagnóstico e Infra - 2025 ri rio capim",20,"Tabela 22 – Caracterização Hospitalar – Equip de Manutenção da Vida, Equip de Diagnóstico e Infra - 2025 ri rio capim","..\..\Desktop\tabelas-powerBI\10 Rio Capim\Tabela 22 – Caracterização Hospitalar – Equip de Manutenção da Vida, Equip de Diagnóstico e Infra - 2025 ri rio capim.xlsx",Rio Capim,239,0.0
Ourém,10 Rio Capim,22,"Tabela 22 – Caracterização Hospitalar – Equip de Manutenção da Vida, Equip de Diagnóstico e Infra - 2025 ri rio capim",20,"Tabela 22 – Caracterização Hospitalar – Equip de Manutenção da Vida, Equip de Diagnóstico e Infra - 2025 ri rio capim","..\..\Desktop\tabelas-powerBI\10 Rio Capim\Tabela 22 – Caracterização Hospitalar – Equip de Manutenção da Vida, Equip de Diagnóstico e Infra - 2025 ri rio capim.xlsx",Rio Capim,239,0.0
Paragominas,10 Rio Capim,22,"Tabela 22 – Caracterização Hospitalar – Equip de Manutenção da Vida, Equip de Diagnóstico e Infra - 2025 ri rio capim",20,"Tabela 22 – Caracterização Hospitalar – Equip de Manutenção da Vida, Equip de Diagnóstico e Infra - 2025 ri rio capim","..\..\Desktop\tabelas-powerBI\10 Rio Capim\Tabela 22 – Caracterização Hospitalar – Equip de Manutenção da Vida, Equip de Diagnóstico e Infra - 2025 ri rio capim.xlsx",Rio Capim,239,4.0
Rondon do Pará,10 Rio Capim,22,"Tabela 22 – Caracterização Hospitalar – Equip de Manutenção da Vida, Equip de Diagnóstico e Infra - 2025 ri rio capim",20,"Tabela 22 – Caracterização Hospitalar – Equip de Manutenção da Vida, Equip de Diagnóstico e Infra - 2025 ri rio capim","..\..\Desktop\tabelas-powerBI\10 Rio Capim\Tabela 22 – Caracterização Hospitalar – Equip de Manutenção da Vida, Equip de Diagnóstico e Infra - 2025 ri rio capim.xlsx",Rio Capim,239,0.0
Tomé-Açu,10 Rio Capim,22,"Tabela 22 – Caracterização Hospitalar – Equip de Manutenção da Vida, Equip de Diagnóstico e Infra - 2025 ri rio capim",20,"Tabela 22 – Caracterização Hospitalar – Equip de Manutenção da Vida, Equip de Diagnóstico e Infra - 2025 ri rio capim","..\..\Desktop\tabelas-powerBI\10 Rio Capim\Tabela 22 – Caracterização Hospitalar – Equip de Manutenção da Vida, Equip de Diagnóstico e Infra - 2025 ri rio capim.xlsx",Rio Capim,239,1.0
Ulianópolis,10 Rio Capim,22,"Tabela 22 – Caracterização Hospitalar – Equip de Manutenção da Vida, Equip de Diagnóstico e Infra - 2025 ri rio capim",20,"Tabela 22 – Caracterização Hospitalar – Equip de Manutenção da Vida, Equip de Diagnóstico e Infra - 2025 ri rio capim","..\..\Desktop\tabelas-powerBI\10 Rio Capim\Tabela 22 – Caracterização Hospitalar – Equip de Manutenção da Vida, Equip de Diagnóstico e Infra - 2025 ri rio capim.xlsx",Rio Capim,239,1.0
Fonte: DATASUS,10 Rio Capim,22,"Tabela 22 – Caracterização Hospitalar – Equip de Manutenção da Vida, Equip de Diagnóstico e Infra - 2025 ri rio capim",20,"Tabela 22 – Caracterização Hospitalar – Equip de Manutenção da Vida, Equip de Diagnóstico e Infra - 2025 ri rio capim","..\..\Desktop\tabelas-powerBI\10 Rio Capim\Tabela 22 – Caracterização Hospitalar – Equip de Manutenção da Vida, Equip de Diagnóstico e Infra - 2025 ri rio capim.xlsx",Rio Capim,239,
Elaboração: FAPESPA,10 Rio Capim,22,"Tabela 22 – Caracterização Hospitalar – Equip de Manutenção da Vida, Equip de Diagnóstico e Infra - 2025 ri rio capim",20,"Tabela 22 – Caracterização Hospitalar – Equip de Manutenção da Vida, Equip de Diagnóstico e Infra - 2025 ri rio capim","..\..\Desktop\tabelas-powerBI\10 Rio Capim\Tabela 22 – Caracterização Hospitalar – Equip de Manutenção da Vida, Equip de Diagnóstico e Infra - 2025 ri rio capim.xlsx",Rio Capim,239,
*Nota: Dados referentes a Outubro/2025.,10 Rio Capim,22,"Tabela 22 – Caracterização Hospitalar – Equip de Manutenção da Vida, Equip de Diagnóstico e Infra - 2025 ri rio capim",20,"Tabela 22 – Caracterização Hospitalar – Equip de Manutenção da Vida, Equip de Diagnóstico e Infra - 2025 ri rio capim","..\..\Desktop\tabelas-powerBI\10 Rio Capim\Tabela 22 – Caracterização Hospitalar – Equip de Manutenção da Vida, Equip de Diagnóstico e Infra - 2025 ri rio capim.xlsx",Rio Capim,239,
RI Rio Capim,10 Rio Capim,22,"Tabela 22 – Caracterização Hospitalar – Equip de Manutenção da Vida, Equip de Diagnóstico e Infra - 2025 ri rio capim",20,"Tabela 22 – Caracterização Hospitalar – Equip de Manutenção da Vida, Equip de Diagnóstico e Infra - 2025 ri rio capim","..\..\Desktop\tabelas-powerBI\10 Rio Capim\Tabela 22 – Caracterização Hospitalar – Equip de Manutenção da Vida, Equip de Diagnóstico e Infra - 2025 ri rio capim.xlsx",Rio Capim,234,9.0
Abel Figueiredo,10 Rio Capim,22,"Tabela 22 – Caracterização Hospitalar – Equip de Manutenção da Vida, Equip de Diagnóstico e Infra - 2025 ri rio capim",20,"Tabela 22 – Caracterização Hospitalar – Equip de Manutenção da Vida, Equip de Diagnóstico e Infra - 2025 ri rio capim","..\..\Desktop\tabelas-powerBI\10 Rio Capim\Tabela 22 – Caracterização Hospitalar – Equip de Manutenção da Vida, Equip de Diagnóstico e Infra - 2025 ri rio capim.xlsx",Rio Capim,234,0.0
Aurora do Pará,10 Rio Capim,22,"Tabela 22 – Caracterização Hospitalar – Equip de Manutenção da Vida, Equip de Diagnóstico e Infra - 2025 ri rio capim",20,"Tabela 22 – Caracterização Hospitalar – Equip de Manutenção da Vida, Equip de Diagnóstico e Infra - 2025 ri rio capim","..\..\Desktop\tabelas-powerBI\10 Rio Capim\Tabela 22 – Caracterização Hospitalar – Equip de Manutenção da Vida, Equip de Diagnóstico e Infra - 2025 ri rio capim.xlsx",Rio Capim,234,0.0
Bujaru,10 Rio Capim,22,"Tabela 22 – Caracterização Hospitalar – Equip de Manutenção da Vida, Equip de Diagnóstico e Infra - 2025 ri rio capim",20,"Tabela 22 – Caracterização Hospitalar – Equip de Manutenção da Vida, Equip de Diagnóstico e Infra - 2025 ri rio capim","..\..\Desktop\tabelas-powerBI\10 Rio Capim\Tabela 22 – Caracterização Hospitalar – Equip de Manutenção da Vida, Equip de Diagnóstico e Infra - 2025 ri rio capim.xlsx",Rio Capim,234,0.0
Capitão Poço,10 Rio Capim,22,"Tabela 22 – Caracterização Hospitalar – Equip de Manutenção da Vida, Equip de Diagnóstico e Infra - 2025 ri rio capim",20,"Tabela 22 – Caracterização Hospitalar – Equip de Manutenção da Vida, Equip de Diagnóstico e Infra - 2025 ri rio capim","..\..\Desktop\tabelas-powerBI\10 Rio Capim\Tabela 22 – Caracterização Hospitalar – Equip de Manutenção da Vida, Equip de Diagnóstico e Infra - 2025 ri rio capim.xlsx",Rio Capim,234,2.0
Concórdia do Pará,10 Rio Capim,22,"Tabela 22 – Caracterização Hospitalar – Equip de Manutenção da Vida, Equip de Diagnóstico e Infra - 2025 ri rio capim",20,"Tabela 22 – Caracterização Hospitalar – Equip de Manutenção da Vida, Equip de Diagnóstico e Infra - 2025 ri rio capim","..\..\Desktop\tabelas-powerBI\10 Rio Capim\Tabela 22 – Caracterização Hospitalar – Equip de Manutenção da Vida, Equip de Diagnóstico e Infra - 2025 ri rio capim.xlsx",Rio Capim,234,0.0
Dom Eliseu,10 Rio Capim,22,"Tabela 22 – Caracterização Hospitalar – Equip de Manutenção da Vida, Equip de Diagnóstico e Infra - 2025 ri rio capim",20,"Tabela 22 – Caracterização Hospitalar – Equip de Manutenção da Vida, Equip de Diagnóstico e Infra - 2025 ri rio capim","..\..\Desktop\tabelas-powerBI\10 Rio Capim\Tabela 22 – Caracterização Hospitalar – Equip de Manutenção da Vida, Equip de Diagnóstico e Infra - 2025 ri rio capim.xlsx",Rio Capim,234,1.0
Garrafão do Norte,10 Rio Capim,22,"Tabela 22 – Caracterização Hospitalar – Equip de Manutenção da Vida, Equip de Diagnóstico e Infra - 2025 ri rio capim",20,"Tabela 22 – Caracterização Hospitalar – Equip de Manutenção da Vida, Equip de Diagnóstico e Infra - 2025 ri rio capim","..\..\Desktop\tabelas-powerBI\10 Rio Capim\Tabela 22 – Caracterização Hospitalar – Equip de Manutenção da Vida, Equip de Diagnóstico e Infra - 2025 ri rio capim.xlsx",Rio Capim,234,0.0
Ipixuna do Pará,10 Rio Capim,22,"Tabela 22 – Caracterização Hospitalar – Equip de Manutenção da Vida, Equip de Diagnóstico e Infra - 2025 ri rio capim",20,"Tabela 22 – Caracterização Hospitalar – Equip de Manutenção da Vida, Equip de Diagnóstico e Infra - 2025 ri rio capim","..\..\Desktop\tabelas-powerBI\10 Rio Capim\Tabela 22 – Caracterização Hospitalar – Equip de Manutenção da Vida, Equip de Diagnóstico e Infra - 2025 ri rio capim.xlsx",Rio Capim,234,0.0
Irituia,10 Rio Capim,22,"Tabela 22 – Caracterização Hospitalar – Equip de Manutenção da Vida, Equip de Diagnóstico e Infra - 2025 ri rio capim",20,"Tabela 22 – Caracterização Hospitalar – Equip de Manutenção da Vida, Equip de Diagnóstico e Infra - 2025 ri rio capim","..\..\Desktop\tabelas-powerBI\10 Rio Capim\Tabela 22 – Caracterização Hospitalar – Equip de Manutenção da Vida, Equip de Diagnóstico e Infra - 2025 ri rio capim.xlsx",Rio Capim,234,0.0
Mãe do Rio,10 Rio Capim,22,"Tabela 22 – Caracterização Hospitalar – Equip de Manutenção da Vida, Equip de Diagnóstico e Infra - 2025 ri rio capim",20,"Tabela 22 – Caracterização Hospitalar – Equip de Manutenção da Vida, Equip de Diagnóstico e Infra - 2025 ri rio capim","..\..\Desktop\tabelas-powerBI\10 Rio Capim\Tabela 22 – Caracterização Hospitalar – Equip de Manutenção da Vida, Equip de Diagnóstico e Infra - 2025 ri rio capim.xlsx",Rio Capim,234,0.0
Nova Esperança do Piriá,10 Rio Capim,22,"Tabela 22 – Caracterização Hospitalar – Equip de Manutenção da Vida, Equip de Diagnóstico e Infra - 2025 ri rio capim",20,"Tabela 22 – Caracterização Hospitalar – Equip de Manutenção da Vida, Equip de Diagnóstico e Infra - 2025 ri rio capim","..\..\Desktop\tabelas-powerBI\10 Rio Capim\Tabela 22 – Caracterização Hospitalar – Equip de Manutenção da Vida, Equip de Diagnóstico e Infra - 2025 ri rio capim.xlsx",Rio Capim,234,0.0
Ourém,10 Rio Capim,22,"Tabela 22 – Caracterização Hospitalar – Equip de Manutenção da Vida, Equip de Diagnóstico e Infra - 2025 ri rio capim",20,"Tabela 22 – Caracterização Hospitalar – Equip de Manutenção da Vida, Equip de Diagnóstico e Infra - 2025 ri rio capim","..\..\Desktop\tabelas-powerBI\10 Rio Capim\Tabela 22 – Caracterização Hospitalar – Equip de Manutenção da Vida, Equip de Diagnóstico e Infra - 2025 ri rio capim.xlsx",Rio Capim,234,0.0
Paragominas,10 Rio Capim,22,"Tabela 22 – Caracterização Hospitalar – Equip de Manutenção da Vida, Equip de Diagnóstico e Infra - 2025 ri rio capim",20,"Tabela 22 – Caracterização Hospitalar – Equip de Manutenção da Vida, Equip de Diagnóstico e Infra - 2025 ri rio capim","..\..\Desktop\tabelas-powerBI\10 Rio Capim\Tabela 22 – Caracterização Hospitalar – Equip de Manutenção da Vida, Equip de Diagnóstico e Infra - 2025 ri rio capim.xlsx",Rio Capim,234,4.0
Rondon do Pará,10 Rio Capim,22,"Tabela 22 – Caracterização Hospitalar – Equip de Manutenção da Vida, Equip de Diagnóstico e Infra - 2025 ri rio capim",20,"Tabela 22 – Caracterização Hospitalar – Equip de Manutenção da Vida, Equip de Diagnóstico e Infra - 2025 ri rio capim","..\..\Desktop\tabelas-powerBI\10 Rio Capim\Tabela 22 – Caracterização Hospitalar – Equip de Manutenção da Vida, Equip de Diagnóstico e Infra - 2025 ri rio capim.xlsx",Rio Capim,234,0.0
Tomé-Açu,10 Rio Capim,22,"Tabela 22 – Caracterização Hospitalar – Equip de Manutenção da Vida, Equip de Diagnóstico e Infra - 2025 ri rio capim",20,"Tabela 22 – Caracterização Hospitalar – Equip de Manutenção da Vida, Equip de Diagnóstico e Infra - 2025 ri rio capim","..\..\Desktop\tabelas-powerBI\10 Rio Capim\Tabela 22 – Caracterização Hospitalar – Equip de Manutenção da Vida, Equip de Diagnóstico e Infra - 2025 ri rio capim.xlsx",Rio Capim,234,1.0
Ulianópolis,10 Rio Capim,22,"Tabela 22 – Caracterização Hospitalar – Equip de Manutenção da Vida, Equip de Diagnóstico e Infra - 2025 ri rio capim",20,"Tabela 22 – Caracterização Hospitalar – Equip de Manutenção da Vida, Equip de Diagnóstico e Infra - 2025 ri rio capim","..\..\Desktop\tabelas-powerBI\10 Rio Capim\Tabela 22 – Caracterização Hospitalar – Equip de Manutenção da Vida, Equip de Diagnóstico e Infra - 2025 ri rio capim.xlsx",Rio Capim,234,1.0
Fonte: DATASUS,10 Rio Capim,22,"Tabela 22 – Caracterização Hospitalar – Equip de Manutenção da Vida, Equip de Diagnóstico e Infra - 2025 ri rio capim",20,"Tabela 22 – Caracterização Hospitalar – Equip de Manutenção da Vida, Equip de Diagnóstico e Infra - 2025 ri rio capim","..\..\Desktop\tabelas-powerBI\10 Rio Capim\Tabela 22 – Caracterização Hospitalar – Equip de Manutenção da Vida, Equip de Diagnóstico e Infra - 2025 ri rio capim.xlsx",Rio Capim,234,
Elaboração: FAPESPA,10 Rio Capim,22,"Tabela 22 – Caracterização Hospitalar – Equip de Manutenção da Vida, Equip de Diagnóstico e Infra - 2025 ri rio capim",20,"Tabela 22 – Caracterização Hospitalar – Equip de Manutenção da Vida, Equip de Diagnóstico e Infra - 2025 ri rio capim","..\..\Desktop\tabelas-powerBI\10 Rio Capim\Tabela 22 – Caracterização Hospitalar – Equip de Manutenção da Vida, Equip de Diagnóstico e Infra - 2025 ri rio capim.xlsx",Rio Capim,234,
*Nota: Dados referentes a Outubro/2025.,10 Rio Capim,22,"Tabela 22 – Caracterização Hospitalar – Equip de Manutenção da Vida, Equip de Diagnóstico e Infra - 2025 ri rio capim",20,"Tabela 22 – Caracterização Hospitalar – Equip de Manutenção da Vida, Equip de Diagnóstico e Infra - 2025 ri rio capim","..\..\Desktop\tabelas-powerBI\10 Rio Capim\Tabela 22 – Caracterização Hospitalar – Equip de Manutenção da Vida, Equip de Diagnóstico e Infra - 2025 ri rio capim.xlsx",Rio Capim,234,
RI Rio Capim,10 Rio Capim,22,"Tabela 22 – Caracterização Hospitalar – Equip de Manutenção da Vida, Equip de Diagnóstico e Infra - 2025 ri rio capim",20,"Tabela 22 – Caracterização Hospitalar – Equip de Manutenção da Vida, Equip de Diagnóstico e Infra - 2025 ri rio capim","..\..\Desktop\tabelas-powerBI\10 Rio Capim\Tabela 22 – Caracterização Hospitalar – Equip de Manutenção da Vida, Equip de Diagnóstico e Infra - 2025 ri rio capim.xlsx",Rio Capim,746,53.0
Abel Figueiredo,10 Rio Capim,22,"Tabela 22 – Caracterização Hospitalar – Equip de Manutenção da Vida, Equip de Diagnóstico e Infra - 2025 ri rio capim",20,"Tabela 22 – Caracterização Hospitalar – Equip de Manutenção da Vida, Equip de Diagnóstico e Infra - 2025 ri rio capim","..\..\Desktop\tabelas-powerBI\10 Rio Capim\Tabela 22 – Caracterização Hospitalar – Equip de Manutenção da Vida, Equip de Diagnóstico e Infra - 2025 ri rio capim.xlsx",Rio Capim,746,1.0
Aurora do Pará,10 Rio Capim,22,"Tabela 22 – Caracterização Hospitalar – Equip de Manutenção da Vida, Equip de Diagnóstico e Infra - 2025 ri rio capim",20,"Tabela 22 – Caracterização Hospitalar – Equip de Manutenção da Vida, Equip de Diagnóstico e Infra - 2025 ri rio capim","..\..\Desktop\tabelas-powerBI\10 Rio Capim\Tabela 22 – Caracterização Hospitalar – Equip de Manutenção da Vida, Equip de Diagnóstico e Infra - 2025 ri rio capim.xlsx",Rio Capim,746,3.0
Bujaru,10 Rio Capim,22,"Tabela 22 – Caracterização Hospitalar – Equip de Manutenção da Vida, Equip de Diagnóstico e Infra - 2025 ri rio capim",20,"Tabela 22 – Caracterização Hospitalar – Equip de Manutenção da Vida, Equip de Diagnóstico e Infra - 2025 ri rio capim","..\..\Desktop\tabelas-powerBI\10 Rio Capim\Tabela 22 – Caracterização Hospitalar – Equip de Manutenção da Vida, Equip de Diagnóstico e Infra - 2025 ri rio capim.xlsx",Rio Capim,746,3.0
Capitão Poço,10 Rio Capim,22,"Tabela 22 – Caracterização Hospitalar – Equip de Manutenção da Vida, Equip de Diagnóstico e Infra - 2025 ri rio capim",20,"Tabela 22 – Caracterização Hospitalar – Equip de Manutenção da Vida, Equip de Diagnóstico e Infra - 2025 ri rio capim","..\..\Desktop\tabelas-powerBI\10 Rio Capim\Tabela 22 – Caracterização Hospitalar – Equip de Manutenção da Vida, Equip de Diagnóstico e Infra - 2025 ri rio capim.xlsx",Rio Capim,746,6.0
Concórdia do Pará,10 Rio Capim,22,"Tabela 22 – Caracterização Hospitalar – Equip de Manutenção da Vida, Equip de Diagnóstico e Infra - 2025 ri rio capim",20,"Tabela 22 – Caracterização Hospitalar – Equip de Manutenção da Vida, Equip de Diagnóstico e Infra - 2025 ri rio capim","..\..\Desktop\tabelas-powerBI\10 Rio Capim\Tabela 22 – Caracterização Hospitalar – Equip de Manutenção da Vida, Equip de Diagnóstico e Infra - 2025 ri rio capim.xlsx",Rio Capim,746,4.0
Dom Eliseu,10 Rio Capim,22,"Tabela 22 – Caracterização Hospitalar – Equip de Manutenção da Vida, Equip de Diagnóstico e Infra - 2025 ri rio capim",20,"Tabela 22 – Caracterização Hospitalar – Equip de Manutenção da Vida, Equip de Diagnóstico e Infra - 2025 ri rio capim","..\..\Desktop\tabelas-powerBI\10 Rio Capim\Tabela 22 – Caracterização Hospitalar – Equip de Manutenção da Vida, Equip de Diagnóstico e Infra - 2025 ri rio capim.xlsx",Rio Capim,746,3.0
Garrafão do Norte,10 Rio Capim,22,"Tabela 22 – Caracterização Hospitalar – Equip de Manutenção da Vida, Equip de Diagnóstico e Infra - 2025 ri rio capim",20,"Tabela 22 – Caracterização Hospitalar – Equip de Manutenção da Vida, Equip de Diagnóstico e Infra - 2025 ri rio capim","..\..\Desktop\tabelas-powerBI\10 Rio Capim\Tabela 22 – Caracterização Hospitalar – Equip de Manutenção da Vida, Equip de Diagnóstico e Infra - 2025 ri rio capim.xlsx",Rio Capim,746,1.0
Ipixuna do Pará,10 Rio Capim,22,"Tabela 22 – Caracterização Hospitalar – Equip de Manutenção da Vida, Equip de Diagnóstico e Infra - 2025 ri rio capim",20,"Tabela 22 – Caracterização Hospitalar – Equip de Manutenção da Vida, Equip de Diagnóstico e Infra - 2025 ri rio capim","..\..\Desktop\tabelas-powerBI\10 Rio Capim\Tabela 22 – Caracterização Hospitalar – Equip de Manutenção da Vida, Equip de Diagnóstico e Infra - 2025 ri rio capim.xlsx",Rio Capim,746,4.0
Irituia,10 Rio Capim,22,"Tabela 22 – Caracterização Hospitalar – Equip de Manutenção da Vida, Equip de Diagnóstico e Infra - 2025 ri rio capim",20,"Tabela 22 – Caracterização Hospitalar – Equip de Manutenção da Vida, Equip de Diagnóstico e Infra - 2025 ri rio capim","..\..\Desktop\tabelas-powerBI\10 Rio Capim\Tabela 22 – Caracterização Hospitalar – Equip de Manutenção da Vida, Equip de Diagnóstico e Infra - 2025 ri rio capim.xlsx",Rio Capim,746,2.0
Mãe do Rio,10 Rio Capim,22,"Tabela 22 – Caracterização Hospitalar – Equip de Manutenção da Vida, Equip de Diagnóstico e Infra - 2025 ri rio capim",20,"Tabela 22 – Caracterização Hospitalar – Equip de Manutenção da Vida, Equip de Diagnóstico e Infra - 2025 ri rio capim","..\..\Desktop\tabelas-powerBI\10 Rio Capim\Tabela 22 – Caracterização Hospitalar – Equip de Manutenção da Vida, Equip de Diagnóstico e Infra - 2025 ri rio capim.xlsx",Rio Capim,746,7.0
Nova Esperança do Piriá,10 Rio Capim,22,"Tabela 22 – Caracterização Hospitalar – Equip de Manutenção da Vida, Equip de Diagnóstico e Infra - 2025 ri rio capim",20,"Tabela 22 – Caracterização Hospitalar – Equip de Manutenção da Vida, Equip de Diagnóstico e Infra - 2025 ri rio capim","..\..\Desktop\tabelas-powerBI\10 Rio Capim\Tabela 22 – Caracterização Hospitalar – Equip de Manutenção da Vida, Equip de Diagnóstico e Infra - 2025 ri rio capim.xlsx",Rio Capim,746,1.0
Ourém,10 Rio Capim,22,"Tabela 22 – Caracterização Hospitalar – Equip de Manutenção da Vida, Equip de Diagnóstico e Infra - 2025 ri rio capim",20,"Tabela 22 – Caracterização Hospitalar – Equip de Manutenção da Vida, Equip de Diagnóstico e Infra - 2025 ri rio capim","..\..\Desktop\tabelas-powerBI\10 Rio Capim\Tabela 22 – Caracterização Hospitalar – Equip de Manutenção da Vida, Equip de Diagnóstico e Infra - 2025 ri rio capim.xlsx",Rio Capim,746,1.0
Paragominas,10 Rio Capim,22,"Tabela 22 – Caracterização Hospitalar – Equip de Manutenção da Vida, Equip de Diagnóstico e Infra - 2025 ri rio capim",20,"Tabela 22 – Caracterização Hospitalar – Equip de Manutenção da Vida, Equip de Diagnóstico e Infra - 2025 ri rio capim","..\..\Desktop\tabelas-powerBI\10 Rio Capim\Tabela 22 – Caracterização Hospitalar – Equip de Manutenção da Vida, Equip de Diagnóstico e Infra - 2025 ri rio capim.xlsx",Rio Capim,746,10.0
Rondon do Pará,10 Rio Capim,22,"Tabela 22 – Caracterização Hospitalar – Equip de Manutenção da Vida, Equip de Diagnóstico e Infra - 2025 ri rio capim",20,"Tabela 22 – Caracterização Hospitalar – Equip de Manutenção da Vida, Equip de Diagnóstico e Infra - 2025 ri rio capim","..\..\Desktop\tabelas-powerBI\10 Rio Capim\Tabela 22 – Caracterização Hospitalar – Equip de Manutenção da Vida, Equip de Diagnóstico e Infra - 2025 ri rio capim.xlsx",Rio Capim,746,1.0
Tomé-Açu,10 Rio Capim,22,"Tabela 22 – Caracterização Hospitalar – Equip de Manutenção da Vida, Equip de Diagnóstico e Infra - 2025 ri rio capim",20,"Tabela 22 – Caracterização Hospitalar – Equip de Manutenção da Vida, Equip de Diagnóstico e Infra - 2025 ri rio capim","..\..\Desktop\tabelas-powerBI\10 Rio Capim\Tabela 22 – Caracterização Hospitalar – Equip de Manutenção da Vida, Equip de Diagnóstico e Infra - 2025 ri rio capim.xlsx",Rio Capim,746,4.0
Ulianópolis,10 Rio Capim,22,"Tabela 22 – Caracterização Hospitalar – Equip de Manutenção da Vida, Equip de Diagnóstico e Infra - 2025 ri rio capim",20,"Tabela 22 – Caracterização Hospitalar – Equip de Manutenção da Vida, Equip de Diagnóstico e Infra - 2025 ri rio capim","..\..\Desktop\tabelas-powerBI\10 Rio Capim\Tabela 22 – Caracterização Hospitalar – Equip de Manutenção da Vida, Equip de Diagnóstico e Infra - 2025 ri rio capim.xlsx",Rio Capim,746,2.0
Fonte: DATASUS,10 Rio Capim,22,"Tabela 22 – Caracterização Hospitalar – Equip de Manutenção da Vida, Equip de Diagnóstico e Infra - 2025 ri rio capim",20,"Tabela 22 – Caracterização Hospitalar – Equip de Manutenção da Vida, Equip de Diagnóstico e Infra - 2025 ri rio capim","..\..\Desktop\tabelas-powerBI\10 Rio Capim\Tabela 22 – Caracterização Hospitalar – Equip de Manutenção da Vida, Equip de Diagnóstico e Infra - 2025 ri rio capim.xlsx",Rio Capim,746,
Elaboração: FAPESPA,10 Rio Capim,22,"Tabela 22 – Caracterização Hospitalar – Equip de Manutenção da Vida, Equip de Diagnóstico e Infra - 2025 ri rio capim",20,"Tabela 22 – Caracterização Hospitalar – Equip de Manutenção da Vida, Equip de Diagnóstico e Infra - 2025 ri rio capim","..\..\Desktop\tabelas-powerBI\10 Rio Capim\Tabela 22 – Caracterização Hospitalar – Equip de Manutenção da Vida, Equip de Diagnóstico e Infra - 2025 ri rio capim.xlsx",Rio Capim,746,
*Nota: Dados referentes a Outubro/2025.,10 Rio Capim,22,"Tabela 22 – Caracterização Hospitalar – Equip de Manutenção da Vida, Equip de Diagnóstico e Infra - 2025 ri rio capim",20,"Tabela 22 – Caracterização Hospitalar – Equip de Manutenção da Vida, Equip de Diagnóstico e Infra - 2025 ri rio capim","..\..\Desktop\tabelas-powerBI\10 Rio Capim\Tabela 22 – Caracterização Hospitalar – Equip de Manutenção da Vida, Equip de Diagnóstico e Infra - 2025 ri rio capim.xlsx",Rio Capim,746,
RI Rio Capim,10 Rio Capim,22,"Tabela 22 – Caracterização Hospitalar – Equip de Manutenção da Vida, Equip de Diagnóstico e Infra - 2025 ri rio capim",20,"Tabela 22 – Caracterização Hospitalar – Equip de Manutenção da Vida, Equip de Diagnóstico e Infra - 2025 ri rio capim","..\..\Desktop\tabelas-powerBI\10 Rio Capim\Tabela 22 – Caracterização Hospitalar – Equip de Manutenção da Vida, Equip de Diagnóstico e Infra - 2025 ri rio capim.xlsx",Rio Capim,720,53.0
Abel Figueiredo,10 Rio Capim,22,"Tabela 22 – Caracterização Hospitalar – Equip de Manutenção da Vida, Equip de Diagnóstico e Infra - 2025 ri rio capim",20,"Tabela 22 – Caracterização Hospitalar – Equip de Manutenção da Vida, Equip de Diagnóstico e Infra - 2025 ri rio capim","..\..\Desktop\tabelas-powerBI\10 Rio Capim\Tabela 22 – Caracterização Hospitalar – Equip de Manutenção da Vida, Equip de Diagnóstico e Infra - 2025 ri rio capim.xlsx",Rio Capim,720,1.0
Aurora do Pará,10 Rio Capim,22,"Tabela 22 – Caracterização Hospitalar – Equip de Manutenção da Vida, Equip de Diagnóstico e Infra - 2025 ri rio capim",20,"Tabela 22 – Caracterização Hospitalar – Equip de Manutenção da Vida, Equip de Diagnóstico e Infra - 2025 ri rio capim","..\..\Desktop\tabelas-powerBI\10 Rio Capim\Tabela 22 – Caracterização Hospitalar – Equip de Manutenção da Vida, Equip de Diagnóstico e Infra - 2025 ri rio capim.xlsx",Rio Capim,720,3.0
Bujaru,10 Rio Capim,22,"Tabela 22 – Caracterização Hospitalar – Equip de Manutenção da Vida, Equip de Diagnóstico e Infra - 2025 ri rio capim",20,"Tabela 22 – Caracterização Hospitalar – Equip de Manutenção da Vida, Equip de Diagnóstico e Infra - 2025 ri rio capim","..\..\Desktop\tabelas-powerBI\10 Rio Capim\Tabela 22 – Caracterização Hospitalar – Equip de Manutenção da Vida, Equip de Diagnóstico e Infra - 2025 ri rio capim.xlsx",Rio Capim,720,3.0
Capitão Poço,10 Rio Capim,22,"Tabela 22 – Caracterização Hospitalar – Equip de Manutenção da Vida, Equip de Diagnóstico e Infra - 2025 ri rio capim",20,"Tabela 22 – Caracterização Hospitalar – Equip de Manutenção da Vida, Equip de Diagnóstico e Infra - 2025 ri rio capim","..\..\Desktop\tabelas-powerBI\10 Rio Capim\Tabela 22 – Caracterização Hospitalar – Equip de Manutenção da Vida, Equip de Diagnóstico e Infra - 2025 ri rio capim.xlsx",Rio Capim,720,6.0
Concórdia do Pará,10 Rio Capim,22,"Tabela 22 – Caracterização Hospitalar – Equip de Manutenção da Vida, Equip de Diagnóstico e Infra - 2025 ri rio capim",20,"Tabela 22 – Caracterização Hospitalar – Equip de Manutenção da Vida, Equip de Diagnóstico e Infra - 2025 ri rio capim","..\..\Desktop\tabelas-powerBI\10 Rio Capim\Tabela 22 – Caracterização Hospitalar – Equip de Manutenção da Vida, Equip de Diagnóstico e Infra - 2025 ri rio capim.xlsx",Rio Capim,720,4.0
Dom Eliseu,10 Rio Capim,22,"Tabela 22 – Caracterização Hospitalar – Equip de Manutenção da Vida, Equip de Diagnóstico e Infra - 2025 ri rio capim",20,"Tabela 22 – Caracterização Hospitalar – Equip de Manutenção da Vida, Equip de Diagnóstico e Infra - 2025 ri rio capim","..\..\Desktop\tabelas-powerBI\10 Rio Capim\Tabela 22 – Caracterização Hospitalar – Equip de Manutenção da Vida, Equip de Diagnóstico e Infra - 2025 ri rio capim.xlsx",Rio Capim,720,3.0
Garrafão do Norte,10 Rio Capim,22,"Tabela 22 – Caracterização Hospitalar – Equip de Manutenção da Vida, Equip de Diagnóstico e Infra - 2025 ri rio capim",20,"Tabela 22 – Caracterização Hospitalar – Equip de Manutenção da Vida, Equip de Diagnóstico e Infra - 2025 ri rio capim","..\..\Desktop\tabelas-powerBI\10 Rio Capim\Tabela 22 – Caracterização Hospitalar – Equip de Manutenção da Vida, Equip de Diagnóstico e Infra - 2025 ri rio capim.xlsx",Rio Capim,720,1.0
Ipixuna do Pará,10 Rio Capim,22,"Tabela 22 – Caracterização Hospitalar – Equip de Manutenção da Vida, Equip de Diagnóstico e Infra - 2025 ri rio capim",20,"Tabela 22 – Caracterização Hospitalar – Equip de Manutenção da Vida, Equip de Diagnóstico e Infra - 2025 ri rio capim","..\..\Desktop\tabelas-powerBI\10 Rio Capim\Tabela 22 – Caracterização Hospitalar – Equip de Manutenção da Vida, Equip de Diagnóstico e Infra - 2025 ri rio capim.xlsx",Rio Capim,720,4.0
Irituia,10 Rio Capim,22,"Tabela 22 – Caracterização Hospitalar – Equip de Manutenção da Vida, Equip de Diagnóstico e Infra - 2025 ri rio capim",20,"Tabela 22 – Caracterização Hospitalar – Equip de Manutenção da Vida, Equip de Diagnóstico e Infra - 2025 ri rio capim","..\..\Desktop\tabelas-powerBI\10 Rio Capim\Tabela 22 – Caracterização Hospitalar – Equip de Manutenção da Vida, Equip de Diagnóstico e Infra - 2025 ri rio capim.xlsx",Rio Capim,720,2.0
Mãe do Rio,10 Rio Capim,22,"Tabela 22 – Caracterização Hospitalar – Equip de Manutenção da Vida, Equip de Diagnóstico e Infra - 2025 ri rio capim",20,"Tabela 22 – Caracterização Hospitalar – Equip de Manutenção da Vida, Equip de Diagnóstico e Infra - 2025 ri rio capim","..\..\Desktop\tabelas-powerBI\10 Rio Capim\Tabela 22 – Caracterização Hospitalar – Equip de Manutenção da Vida, Equip de Diagnóstico e Infra - 2025 ri rio capim.xlsx",Rio Capim,720,7.0
Nova Esperança do Piriá,10 Rio Capim,22,"Tabela 22 – Caracterização Hospitalar – Equip de Manutenção da Vida, Equip de Diagnóstico e Infra - 2025 ri rio capim",20,"Tabela 22 – Caracterização Hospitalar – Equip de Manutenção da Vida, Equip de Diagnóstico e Infra - 2025 ri rio capim","..\..\Desktop\tabelas-powerBI\10 Rio Capim\Tabela 22 – Caracterização Hospitalar – Equip de Manutenção da Vida, Equip de Diagnóstico e Infra - 2025 ri rio capim.xlsx",Rio Capim,720,1.0
Ourém,10 Rio Capim,22,"Tabela 22 – Caracterização Hospitalar – Equip de Manutenção da Vida, Equip de Diagnóstico e Infra - 2025 ri rio capim",20,"Tabela 22 – Caracterização Hospitalar – Equip de Manutenção da Vida, Equip de Diagnóstico e Infra - 2025 ri rio capim","..\..\Desktop\tabelas-powerBI\10 Rio Capim\Tabela 22 – Caracterização Hospitalar – Equip de Manutenção da Vida, Equip de Diagnóstico e Infra - 2025 ri rio capim.xlsx",Rio Capim,720,1.0
Paragominas,10 Rio Capim,22,"Tabela 22 – Caracterização Hospitalar – Equip de Manutenção da Vida, Equip de Diagnóstico e Infra - 2025 ri rio capim",20,"Tabela 22 – Caracterização Hospitalar – Equip de Manutenção da Vida, Equip de Diagnóstico e Infra - 2025 ri rio capim","..\..\Desktop\tabelas-powerBI\10 Rio Capim\Tabela 22 – Caracterização Hospitalar – Equip de Manutenção da Vida, Equip de Diagnóstico e Infra - 2025 ri rio capim.xlsx",Rio Capim,720,10.0
Rondon do Pará,10 Rio Capim,22,"Tabela 22 – Caracterização Hospitalar – Equip de Manutenção da Vida, Equip de Diagnóstico e Infra - 2025 ri rio capim",20,"Tabela 22 – Caracterização Hospitalar – Equip de Manutenção da Vida, Equip de Diagnóstico e Infra - 2025 ri rio capim","..\..\Desktop\tabelas-powerBI\10 Rio Capim\Tabela 22 – Caracterização Hospitalar – Equip de Manutenção da Vida, Equip de Diagnóstico e Infra - 2025 ri rio capim.xlsx",Rio Capim,720,1.0
Tomé-Açu,10 Rio Capim,22,"Tabela 22 – Caracterização Hospitalar – Equip de Manutenção da Vida, Equip de Diagnóstico e Infra - 2025 ri rio capim",20,"Tabela 22 – Caracterização Hospitalar – Equip de Manutenção da Vida, Equip de Diagnóstico e Infra - 2025 ri rio capim","..\..\Desktop\tabelas-powerBI\10 Rio Capim\Tabela 22 – Caracterização Hospitalar – Equip de Manutenção da Vida, Equip de Diagnóstico e Infra - 2025 ri rio capim.xlsx",Rio Capim,720,4.0
Ulianópolis,10 Rio Capim,22,"Tabela 22 – Caracterização Hospitalar – Equip de Manutenção da Vida, Equip de Diagnóstico e Infra - 2025 ri rio capim",20,"Tabela 22 – Caracterização Hospitalar – Equip de Manutenção da Vida, Equip de Diagnóstico e Infra - 2025 ri rio capim","..\..\Desktop\tabelas-powerBI\10 Rio Capim\Tabela 22 – Caracterização Hospitalar – Equip de Manutenção da Vida, Equip de Diagnóstico e Infra - 2025 ri rio capim.xlsx",Rio Capim,720,2.0
Fonte: DATASUS,10 Rio Capim,22,"Tabela 22 – Caracterização Hospitalar – Equip de Manutenção da Vida, Equip de Diagnóstico e Infra - 2025 ri rio capim",20,"Tabela 22 – Caracterização Hospitalar – Equip de Manutenção da Vida, Equip de Diagnóstico e Infra - 2025 ri rio capim","..\..\Desktop\tabelas-powerBI\10 Rio Capim\Tabela 22 – Caracterização Hospitalar – Equip de Manutenção da Vida, Equip de Diagnóstico e Infra - 2025 ri rio capim.xlsx",Rio Capim,720,
Elaboração: FAPESPA,10 Rio Capim,22,"Tabela 22 – Caracterização Hospitalar – Equip de Manutenção da Vida, Equip de Diagnóstico e Infra - 2025 ri rio capim",20,"Tabela 22 – Caracterização Hospitalar – Equip de Manutenção da Vida, Equip de Diagnóstico e Infra - 2025 ri rio capim","..\..\Desktop\tabelas-powerBI\10 Rio Capim\Tabela 22 – Caracterização Hospitalar – Equip de Manutenção da Vida, Equip de Diagnóstico e Infra - 2025 ri rio capim.xlsx",Rio Capim,720,
*Nota: Dados referentes a Outubro/2025.,10 Rio Capim,22,"Tabela 22 – Caracterização Hospitalar – Equip de Manutenção da Vida, Equip de Diagnóstico e Infra - 2025 ri rio capim",20,"Tabela 22 – Caracterização Hospitalar – Equip de Manutenção da Vida, Equip de Diagnóstico e Infra - 2025 ri rio capim","..\..\Desktop\tabelas-powerBI\10 Rio Capim\Tabela 22 – Caracterização Hospitalar – Equip de Manutenção da Vida, Equip de Diagnóstico e Infra - 2025 ri rio capim.xlsx",Rio Capim,720,
RI Rio Capim,10 Rio Capim,22,"Tabela 22 – Caracterização Hospitalar – Equip de Manutenção da Vida, Equip de Diagnóstico e Infra - 2025 ri rio capim",20,"Tabela 22 – Caracterização Hospitalar – Equip de Manutenção da Vida, Equip de Diagnóstico e Infra - 2025 ri rio capim","..\..\Desktop\tabelas-powerBI\10 Rio Capim\Tabela 22 – Caracterização Hospitalar – Equip de Manutenção da Vida, Equip de Diagnóstico e Infra - 2025 ri rio capim.xlsx",Rio Capim,1199,69.0
Abel Figueiredo,10 Rio Capim,22,"Tabela 22 – Caracterização Hospitalar – Equip de Manutenção da Vida, Equip de Diagnóstico e Infra - 2025 ri rio capim",20,"Tabela 22 – Caracterização Hospitalar – Equip de Manutenção da Vida, Equip de Diagnóstico e Infra - 2025 ri rio capim","..\..\Desktop\tabelas-powerBI\10 Rio Capim\Tabela 22 – Caracterização Hospitalar – Equip de Manutenção da Vida, Equip de Diagnóstico e Infra - 2025 ri rio capim.xlsx",Rio Capim,1199,0.0
Aurora do Pará,10 Rio Capim,22,"Tabela 22 – Caracterização Hospitalar – Equip de Manutenção da Vida, Equip de Diagnóstico e Infra - 2025 ri rio capim",20,"Tabela 22 – Caracterização Hospitalar – Equip de Manutenção da Vida, Equip de Diagnóstico e Infra - 2025 ri rio capim","..\..\Desktop\tabelas-powerBI\10 Rio Capim\Tabela 22 – Caracterização Hospitalar – Equip de Manutenção da Vida, Equip de Diagnóstico e Infra - 2025 ri rio capim.xlsx",Rio Capim,1199,2.0
Bujaru,10 Rio Capim,22,"Tabela 22 – Caracterização Hospitalar – Equip de Manutenção da Vida, Equip de Diagnóstico e Infra - 2025 ri rio capim",20,"Tabela 22 – Caracterização Hospitalar – Equip de Manutenção da Vida, Equip de Diagnóstico e Infra - 2025 ri rio capim","..\..\Desktop\tabelas-powerBI\10 Rio Capim\Tabela 22 – Caracterização Hospitalar – Equip de Manutenção da Vida, Equip de Diagnóstico e Infra - 2025 ri rio capim.xlsx",Rio Capim,1199,4.0
Capitão Poço,10 Rio Capim,22,"Tabela 22 – Caracterização Hospitalar – Equip de Manutenção da Vida, Equip de Diagnóstico e Infra - 2025 ri rio capim",20,"Tabela 22 – Caracterização Hospitalar – Equip de Manutenção da Vida, Equip de Diagnóstico e Infra - 2025 ri rio capim","..\..\Desktop\tabelas-powerBI\10 Rio Capim\Tabela 22 – Caracterização Hospitalar – Equip de Manutenção da Vida, Equip de Diagnóstico e Infra - 2025 ri rio capim.xlsx",Rio Capim,1199,6.0
Concórdia do Pará,10 Rio Capim,22,"Tabela 22 – Caracterização Hospitalar – Equip de Manutenção da Vida, Equip de Diagnóstico e Infra - 2025 ri rio capim",20,"Tabela 22 – Caracterização Hospitalar – Equip de Manutenção da Vida, Equip de Diagnóstico e Infra - 2025 ri rio capim","..\..\Desktop\tabelas-powerBI\10 Rio Capim\Tabela 22 – Caracterização Hospitalar – Equip de Manutenção da Vida, Equip de Diagnóstico e Infra - 2025 ri rio capim.xlsx",Rio Capim,1199,4.0
Dom Eliseu,10 Rio Capim,22,"Tabela 22 – Caracterização Hospitalar – Equip de Manutenção da Vida, Equip de Diagnóstico e Infra - 2025 ri rio capim",20,"Tabela 22 – Caracterização Hospitalar – Equip de Manutenção da Vida, Equip de Diagnóstico e Infra - 2025 ri rio capim","..\..\Desktop\tabelas-powerBI\10 Rio Capim\Tabela 22 – Caracterização Hospitalar – Equip de Manutenção da Vida, Equip de Diagnóstico e Infra - 2025 ri rio capim.xlsx",Rio Capim,1199,5.0
Garrafão do Norte,10 Rio Capim,22,"Tabela 22 – Caracterização Hospitalar – Equip de Manutenção da Vida, Equip de Diagnóstico e Infra - 2025 ri rio capim",20,"Tabela 22 – Caracterização Hospitalar – Equip de Manutenção da Vida, Equip de Diagnóstico e Infra - 2025 ri rio capim","..\..\Desktop\tabelas-powerBI\10 Rio Capim\Tabela 22 – Caracterização Hospitalar – Equip de Manutenção da Vida, Equip de Diagnóstico e Infra - 2025 ri rio capim.xlsx",Rio Capim,1199,1.0
Ipixuna do Pará,10 Rio Capim,22,"Tabela 22 – Caracterização Hospitalar – Equip de Manutenção da Vida, Equip de Diagnóstico e Infra - 2025 ri rio capim",20,"Tabela 22 – Caracterização Hospitalar – Equip de Manutenção da Vida, Equip de Diagnóstico e Infra - 2025 ri rio capim","..\..\Desktop\tabelas-powerBI\10 Rio Capim\Tabela 22 – Caracterização Hospitalar – Equip de Manutenção da Vida, Equip de Diagnóstico e Infra - 2025 ri rio capim.xlsx",Rio Capim,1199,7.0
Irituia,10 Rio Capim,22,"Tabela 22 – Caracterização Hospitalar – Equip de Manutenção da Vida, Equip de Diagnóstico e Infra - 2025 ri rio capim",20,"Tabela 22 – Caracterização Hospitalar – Equip de Manutenção da Vida, Equip de Diagnóstico e Infra - 2025 ri rio capim","..\..\Desktop\tabelas-powerBI\10 Rio Capim\Tabela 22 – Caracterização Hospitalar – Equip de Manutenção da Vida, Equip de Diagnóstico e Infra - 2025 ri rio capim.xlsx",Rio Capim,1199,2.0
Mãe do Rio,10 Rio Capim,22,"Tabela 22 – Caracterização Hospitalar – Equip de Manutenção da Vida, Equip de Diagnóstico e Infra - 2025 ri rio capim",20,"Tabela 22 – Caracterização Hospitalar – Equip de Manutenção da Vida, Equip de Diagnóstico e Infra - 2025 ri rio capim","..\..\Desktop\tabelas-powerBI\10 Rio Capim\Tabela 22 – Caracterização Hospitalar – Equip de Manutenção da Vida, Equip de Diagnóstico e Infra - 2025 ri rio capim.xlsx",Rio Capim,1199,7.0
Nova Esperança do Piriá,10 Rio Capim,22,"Tabela 22 – Caracterização Hospitalar – Equip de Manutenção da Vida, Equip de Diagnóstico e Infra - 2025 ri rio capim",20,"Tabela 22 – Caracterização Hospitalar – Equip de Manutenção da Vida, Equip de Diagnóstico e Infra - 2025 ri rio capim","..\..\Desktop\tabelas-powerBI\10 Rio Capim\Tabela 22 – Caracterização Hospitalar – Equip de Manutenção da Vida, Equip de Diagnóstico e Infra - 2025 ri rio capim.xlsx",Rio Capim,1199,1.0
Ourém,10 Rio Capim,22,"Tabela 22 – Caracterização Hospitalar – Equip de Manutenção da Vida, Equip de Diagnóstico e Infra - 2025 ri rio capim",20,"Tabela 22 – Caracterização Hospitalar – Equip de Manutenção da Vida, Equip de Diagnóstico e Infra - 2025 ri rio capim","..\..\Desktop\tabelas-powerBI\10 Rio Capim\Tabela 22 – Caracterização Hospitalar – Equip de Manutenção da Vida, Equip de Diagnóstico e Infra - 2025 ri rio capim.xlsx",Rio Capim,1199,1.0
Paragominas,10 Rio Capim,22,"Tabela 22 – Caracterização Hospitalar – Equip de Manutenção da Vida, Equip de Diagnóstico e Infra - 2025 ri rio capim",20,"Tabela 22 – Caracterização Hospitalar – Equip de Manutenção da Vida, Equip de Diagnóstico e Infra - 2025 ri rio capim","..\..\Desktop\tabelas-powerBI\10 Rio Capim\Tabela 22 – Caracterização Hospitalar – Equip de Manutenção da Vida, Equip de Diagnóstico e Infra - 2025 ri rio capim.xlsx",Rio Capim,1199,17.0
Rondon do Pará,10 Rio Capim,22,"Tabela 22 – Caracterização Hospitalar – Equip de Manutenção da Vida, Equip de Diagnóstico e Infra - 2025 ri rio capim",20,"Tabela 22 – Caracterização Hospitalar – Equip de Manutenção da Vida, Equip de Diagnóstico e Infra - 2025 ri rio capim","..\..\Desktop\tabelas-powerBI\10 Rio Capim\Tabela 22 – Caracterização Hospitalar – Equip de Manutenção da Vida, Equip de Diagnóstico e Infra - 2025 ri rio capim.xlsx",Rio Capim,1199,1.0
Tomé-Açu,10 Rio Capim,22,"Tabela 22 – Caracterização Hospitalar – Equip de Manutenção da Vida, Equip de Diagnóstico e Infra - 2025 ri rio capim",20,"Tabela 22 – Caracterização Hospitalar – Equip de Manutenção da Vida, Equip de Diagnóstico e Infra - 2025 ri rio capim","..\..\Desktop\tabelas-powerBI\10 Rio Capim\Tabela 22 – Caracterização Hospitalar – Equip de Manutenção da Vida, Equip de Diagnóstico e Infra - 2025 ri rio capim.xlsx",Rio Capim,1199,6.0
Ulianópolis,10 Rio Capim,22,"Tabela 22 – Caracterização Hospitalar – Equip de Manutenção da Vida, Equip de Diagnóstico e Infra - 2025 ri rio capim",20,"Tabela 22 – Caracterização Hospitalar – Equip de Manutenção da Vida, Equip de Diagnóstico e Infra - 2025 ri rio capim","..\..\Desktop\tabelas-powerBI\10 Rio Capim\Tabela 22 – Caracterização Hospitalar – Equip de Manutenção da Vida, Equip de Diagnóstico e Infra - 2025 ri rio capim.xlsx",Rio Capim,1199,5.0
Fonte: DATASUS,10 Rio Capim,22,"Tabela 22 – Caracterização Hospitalar – Equip de Manutenção da Vida, Equip de Diagnóstico e Infra - 2025 ri rio capim",20,"Tabela 22 – Caracterização Hospitalar – Equip de Manutenção da Vida, Equip de Diagnóstico e Infra - 2025 ri rio capim","..\..\Desktop\tabelas-powerBI\10 Rio Capim\Tabela 22 – Caracterização Hospitalar – Equip de Manutenção da Vida, Equip de Diagnóstico e Infra - 2025 ri rio capim.xlsx",Rio Capim,1199,
Elaboração: FAPESPA,10 Rio Capim,22,"Tabela 22 – Caracterização Hospitalar – Equip de Manutenção da Vida, Equip de Diagnóstico e Infra - 2025 ri rio capim",20,"Tabela 22 – Caracterização Hospitalar – Equip de Manutenção da Vida, Equip de Diagnóstico e Infra - 2025 ri rio capim","..\..\Desktop\tabelas-powerBI\10 Rio Capim\Tabela 22 – Caracterização Hospitalar – Equip de Manutenção da Vida, Equip de Diagnóstico e Infra - 2025 ri rio capim.xlsx",Rio Capim,1199,
*Nota: Dados referentes a Outubro/2025.,10 Rio Capim,22,"Tabela 22 – Caracterização Hospitalar – Equip de Manutenção da Vida, Equip de Diagnóstico e Infra - 2025 ri rio capim",20,"Tabela 22 – Caracterização Hospitalar – Equip de Manutenção da Vida, Equip de Diagnóstico e Infra - 2025 ri rio capim","..\..\Desktop\tabelas-powerBI\10 Rio Capim\Tabela 22 – Caracterização Hospitalar – Equip de Manutenção da Vida, Equip de Diagnóstico e Infra - 2025 ri rio capim.xlsx",Rio Capim,1199,
RI Rio Capim,10 Rio Capim,22,"Tabela 22 – Caracterização Hospitalar – Equip de Manutenção da Vida, Equip de Diagnóstico e Infra - 2025 ri rio capim",20,"Tabela 22 – Caracterização Hospitalar – Equip de Manutenção da Vida, Equip de Diagnóstico e Infra - 2025 ri rio capim","..\..\Desktop\tabelas-powerBI\10 Rio Capim\Tabela 22 – Caracterização Hospitalar – Equip de Manutenção da Vida, Equip de Diagnóstico e Infra - 2025 ri rio capim.xlsx",Rio Capim,1128,67.0
Abel Figueiredo,10 Rio Capim,22,"Tabela 22 – Caracterização Hospitalar – Equip de Manutenção da Vida, Equip de Diagnóstico e Infra - 2025 ri rio capim",20,"Tabela 22 – Caracterização Hospitalar – Equip de Manutenção da Vida, Equip de Diagnóstico e Infra - 2025 ri rio capim","..\..\Desktop\tabelas-powerBI\10 Rio Capim\Tabela 22 – Caracterização Hospitalar – Equip de Manutenção da Vida, Equip de Diagnóstico e Infra - 2025 ri rio capim.xlsx",Rio Capim,1128,0.0
Aurora do Pará,10 Rio Capim,22,"Tabela 22 – Caracterização Hospitalar – Equip de Manutenção da Vida, Equip de Diagnóstico e Infra - 2025 ri rio capim",20,"Tabela 22 – Caracterização Hospitalar – Equip de Manutenção da Vida, Equip de Diagnóstico e Infra - 2025 ri rio capim","..\..\Desktop\tabelas-powerBI\10 Rio Capim\Tabela 22 – Caracterização Hospitalar – Equip de Manutenção da Vida, Equip de Diagnóstico e Infra - 2025 ri rio capim.xlsx",Rio Capim,1128,2.0
Bujaru,10 Rio Capim,22,"Tabela 22 – Caracterização Hospitalar – Equip de Manutenção da Vida, Equip de Diagnóstico e Infra - 2025 ri rio capim",20,"Tabela 22 – Caracterização Hospitalar – Equip de Manutenção da Vida, Equip de Diagnóstico e Infra - 2025 ri rio capim","..\..\Desktop\tabelas-powerBI\10 Rio Capim\Tabela 22 – Caracterização Hospitalar – Equip de Manutenção da Vida, Equip de Diagnóstico e Infra - 2025 ri rio capim.xlsx",Rio Capim,1128,4.0
Capitão Poço,10 Rio Capim,22,"Tabela 22 – Caracterização Hospitalar – Equip de Manutenção da Vida, Equip de Diagnóstico e Infra - 2025 ri rio capim",20,"Tabela 22 – Caracterização Hospitalar – Equip de Manutenção da Vida, Equip de Diagnóstico e Infra - 2025 ri rio capim","..\..\Desktop\tabelas-powerBI\10 Rio Capim\Tabela 22 – Caracterização Hospitalar – Equip de Manutenção da Vida, Equip de Diagnóstico e Infra - 2025 ri rio capim.xlsx",Rio Capim,1128,6.0
Concórdia do Pará,10 Rio Capim,22,"Tabela 22 – Caracterização Hospitalar – Equip de Manutenção da Vida, Equip de Diagnóstico e Infra - 2025 ri rio capim",20,"Tabela 22 – Caracterização Hospitalar – Equip de Manutenção da Vida, Equip de Diagnóstico e Infra - 2025 ri rio capim","..\..\Desktop\tabelas-powerBI\10 Rio Capim\Tabela 22 – Caracterização Hospitalar – Equip de Manutenção da Vida, Equip de Diagnóstico e Infra - 2025 ri rio capim.xlsx",Rio Capim,1128,4.0
Dom Eliseu,10 Rio Capim,22,"Tabela 22 – Caracterização Hospitalar – Equip de Manutenção da Vida, Equip de Diagnóstico e Infra - 2025 ri rio capim",20,"Tabela 22 – Caracterização Hospitalar – Equip de Manutenção da Vida, Equip de Diagnóstico e Infra - 2025 ri rio capim","..\..\Desktop\tabelas-powerBI\10 Rio Capim\Tabela 22 – Caracterização Hospitalar – Equip de Manutenção da Vida, Equip de Diagnóstico e Infra - 2025 ri rio capim.xlsx",Rio Capim,1128,5.0
Garrafão do Norte,10 Rio Capim,22,"Tabela 22 – Caracterização Hospitalar – Equip de Manutenção da Vida, Equip de Diagnóstico e Infra - 2025 ri rio capim",20,"Tabela 22 – Caracterização Hospitalar – Equip de Manutenção da Vida, Equip de Diagnóstico e Infra - 2025 ri rio capim","..\..\Desktop\tabelas-powerBI\10 Rio Capim\Tabela 22 – Caracterização Hospitalar – Equip de Manutenção da Vida, Equip de Diagnóstico e Infra - 2025 ri rio capim.xlsx",Rio Capim,1128,1.0
Ipixuna do Pará,10 Rio Capim,22,"Tabela 22 – Caracterização Hospitalar – Equip de Manutenção da Vida, Equip de Diagnóstico e Infra - 2025 ri rio capim",20,"Tabela 22 – Caracterização Hospitalar – Equip de Manutenção da Vida, Equip de Diagnóstico e Infra - 2025 ri rio capim","..\..\Desktop\tabelas-powerBI\10 Rio Capim\Tabela 22 – Caracterização Hospitalar – Equip de Manutenção da Vida, Equip de Diagnóstico e Infra - 2025 ri rio capim.xlsx",Rio Capim,1128,7.0
Irituia,10 Rio Capim,22,"Tabela 22 – Caracterização Hospitalar – Equip de Manutenção da Vida, Equip de Diagnóstico e Infra - 2025 ri rio capim",20,"Tabela 22 – Caracterização Hospitalar – Equip de Manutenção da Vida, Equip de Diagnóstico e Infra - 2025 ri rio capim","..\..\Desktop\tabelas-powerBI\10 Rio Capim\Tabela 22 – Caracterização Hospitalar – Equip de Manutenção da Vida, Equip de Diagnóstico e Infra - 2025 ri rio capim.xlsx",Rio Capim,1128,2.0
Mãe do Rio,10 Rio Capim,22,"Tabela 22 – Caracterização Hospitalar – Equip de Manutenção da Vida, Equip de Diagnóstico e Infra - 2025 ri rio capim",20,"Tabela 22 – Caracterização Hospitalar – Equip de Manutenção da Vida, Equip de Diagnóstico e Infra - 2025 ri rio capim","..\..\Desktop\tabelas-powerBI\10 Rio Capim\Tabela 22 – Caracterização Hospitalar – Equip de Manutenção da Vida, Equip de Diagnóstico e Infra - 2025 ri rio capim.xlsx",Rio Capim,1128,6.0
Nova Esperança do Piriá,10 Rio Capim,22,"Tabela 22 – Caracterização Hospitalar – Equip de Manutenção da Vida, Equip de Diagnóstico e Infra - 2025 ri rio capim",20,"Tabela 22 – Caracterização Hospitalar – Equip de Manutenção da Vida, Equip de Diagnóstico e Infra - 2025 ri rio capim","..\..\Desktop\tabelas-powerBI\10 Rio Capim\Tabela 22 – Caracterização Hospitalar – Equip de Manutenção da Vida, Equip de Diagnóstico e Infra - 2025 ri rio capim.xlsx",Rio Capim,1128,1.0
Ourém,10 Rio Capim,22,"Tabela 22 – Caracterização Hospitalar – Equip de Manutenção da Vida, Equip de Diagnóstico e Infra - 2025 ri rio capim",20,"Tabela 22 – Caracterização Hospitalar – Equip de Manutenção da Vida, Equip de Diagnóstico e Infra - 2025 ri rio capim","..\..\Desktop\tabelas-powerBI\10 Rio Capim\Tabela 22 – Caracterização Hospitalar – Equip de Manutenção da Vida, Equip de Diagnóstico e Infra - 2025 ri rio capim.xlsx",Rio Capim,1128,1.0
Paragominas,10 Rio Capim,22,"Tabela 22 – Caracterização Hospitalar – Equip de Manutenção da Vida, Equip de Diagnóstico e Infra - 2025 ri rio capim",20,"Tabela 22 – Caracterização Hospitalar – Equip de Manutenção da Vida, Equip de Diagnóstico e Infra - 2025 ri rio capim","..\..\Desktop\tabelas-powerBI\10 Rio Capim\Tabela 22 – Caracterização Hospitalar – Equip de Manutenção da Vida, Equip de Diagnóstico e Infra - 2025 ri rio capim.xlsx",Rio Capim,1128,17.0
Rondon do Pará,10 Rio Capim,22,"Tabela 22 – Caracterização Hospitalar – Equip de Manutenção da Vida, Equip de Diagnóstico e Infra - 2025 ri rio capim",20,"Tabela 22 – Caracterização Hospitalar – Equip de Manutenção da Vida, Equip de Diagnóstico e Infra - 2025 ri rio capim","..\..\Desktop\tabelas-powerBI\10 Rio Capim\Tabela 22 – Caracterização Hospitalar – Equip de Manutenção da Vida, Equip de Diagnóstico e Infra - 2025 ri rio capim.xlsx",Rio Capim,1128,1.0
Tomé-Açu,10 Rio Capim,22,"Tabela 22 – Caracterização Hospitalar – Equip de Manutenção da Vida, Equip de Diagnóstico e Infra - 2025 ri rio capim",20,"Tabela 22 – Caracterização Hospitalar – Equip de Manutenção da Vida, Equip de Diagnóstico e Infra - 2025 ri rio capim","..\..\Desktop\tabelas-powerBI\10 Rio Capim\Tabela 22 – Caracterização Hospitalar – Equip de Manutenção da Vida, Equip de Diagnóstico e Infra - 2025 ri rio capim.xlsx",Rio Capim,1128,5.0
Ulianópolis,10 Rio Capim,22,"Tabela 22 – Caracterização Hospitalar – Equip de Manutenção da Vida, Equip de Diagnóstico e Infra - 2025 ri rio capim",20,"Tabela 22 – Caracterização Hospitalar – Equip de Manutenção da Vida, Equip de Diagnóstico e Infra - 2025 ri rio capim","..\..\Desktop\tabelas-powerBI\10 Rio Capim\Tabela 22 – Caracterização Hospitalar – Equip de Manutenção da Vida, Equip de Diagnóstico e Infra - 2025 ri rio capim.xlsx",Rio Capim,1128,5.0
Fonte: DATASUS,10 Rio Capim,22,"Tabela 22 – Caracterização Hospitalar – Equip de Manutenção da Vida, Equip de Diagnóstico e Infra - 2025 ri rio capim",20,"Tabela 22 – Caracterização Hospitalar – Equip de Manutenção da Vida, Equip de Diagnóstico e Infra - 2025 ri rio capim","..\..\Desktop\tabelas-powerBI\10 Rio Capim\Tabela 22 – Caracterização Hospitalar – Equip de Manutenção da Vida, Equip de Diagnóstico e Infra - 2025 ri rio capim.xlsx",Rio Capim,1128,
Elaboração: FAPESPA,10 Rio Capim,22,"Tabela 22 – Caracterização Hospitalar – Equip de Manutenção da Vida, Equip de Diagnóstico e Infra - 2025 ri rio capim",20,"Tabela 22 – Caracterização Hospitalar – Equip de Manutenção da Vida, Equip de Diagnóstico e Infra - 2025 ri rio capim","..\..\Desktop\tabelas-powerBI\10 Rio Capim\Tabela 22 – Caracterização Hospitalar – Equip de Manutenção da Vida, Equip de Diagnóstico e Infra - 2025 ri rio capim.xlsx",Rio Capim,1128,
*Nota: Dados referentes a Outubro/2025.,10 Rio Capim,22,"Tabela 22 – Caracterização Hospitalar – Equip de Manutenção da Vida, Equip de Diagnóstico e Infra - 2025 ri rio capim",20,"Tabela 22 – Caracterização Hospitalar – Equip de Manutenção da Vida, Equip de Diagnóstico e Infra - 2025 ri rio capim","..\..\Desktop\tabelas-powerBI\10 Rio Capim\Tabela 22 – Caracterização Hospitalar – Equip de Manutenção da Vida, Equip de Diagnóstico e Infra - 2025 ri rio capim.xlsx",Rio Capim,1128,
RI Rio Capim,10 Rio Capim,22,"Tabela 22 – Caracterização Hospitalar – Equip de Manutenção da Vida, Equip de Diagnóstico e Infra - 2025 ri rio capim",20,"Tabela 22 – Caracterização Hospitalar – Equip de Manutenção da Vida, Equip de Diagnóstico e Infra - 2025 ri rio capim","..\..\Desktop\tabelas-powerBI\10 Rio Capim\Tabela 22 – Caracterização Hospitalar – Equip de Manutenção da Vida, Equip de Diagnóstico e Infra - 2025 ri rio capim.xlsx",Rio Capim,215,13.0
Abel Figueiredo,10 Rio Capim,22,"Tabela 22 – Caracterização Hospitalar – Equip de Manutenção da Vida, Equip de Diagnóstico e Infra - 2025 ri rio capim",20,"Tabela 22 – Caracterização Hospitalar – Equip de Manutenção da Vida, Equip de Diagnóstico e Infra - 2025 ri rio capim","..\..\Desktop\tabelas-powerBI\10 Rio Capim\Tabela 22 – Caracterização Hospitalar – Equip de Manutenção da Vida, Equip de Diagnóstico e Infra - 2025 ri rio capim.xlsx",Rio Capim,215,0.0
Aurora do Pará,10 Rio Capim,22,"Tabela 22 – Caracterização Hospitalar – Equip de Manutenção da Vida, Equip de Diagnóstico e Infra - 2025 ri rio capim",20,"Tabela 22 – Caracterização Hospitalar – Equip de Manutenção da Vida, Equip de Diagnóstico e Infra - 2025 ri rio capim","..\..\Desktop\tabelas-powerBI\10 Rio Capim\Tabela 22 – Caracterização Hospitalar – Equip de Manutenção da Vida, Equip de Diagnóstico e Infra - 2025 ri rio capim.xlsx",Rio Capim,215,0.0
Bujaru,10 Rio Capim,22,"Tabela 22 – Caracterização Hospitalar – Equip de Manutenção da Vida, Equip de Diagnóstico e Infra - 2025 ri rio capim",20,"Tabela 22 – Caracterização Hospitalar – Equip de Manutenção da Vida, Equip de Diagnóstico e Infra - 2025 ri rio capim","..\..\Desktop\tabelas-powerBI\10 Rio Capim\Tabela 22 – Caracterização Hospitalar – Equip de Manutenção da Vida, Equip de Diagnóstico e Infra - 2025 ri rio capim.xlsx",Rio Capim,215,0.0
Capitão Poço,10 Rio Capim,22,"Tabela 22 – Caracterização Hospitalar – Equip de Manutenção da Vida, Equip de Diagnóstico e Infra - 2025 ri rio capim",20,"Tabela 22 – Caracterização Hospitalar – Equip de Manutenção da Vida, Equip de Diagnóstico e Infra - 2025 ri rio capim","..\..\Desktop\tabelas-powerBI\10 Rio Capim\Tabela 22 – Caracterização Hospitalar – Equip de Manutenção da Vida, Equip de Diagnóstico e Infra - 2025 ri rio capim.xlsx",Rio Capim,215,1.0
Concórdia do Pará,10 Rio Capim,22,"Tabela 22 – Caracterização Hospitalar – Equip de Manutenção da Vida, Equip de Diagnóstico e Infra - 2025 ri rio capim",20,"Tabela 22 – Caracterização Hospitalar – Equip de Manutenção da Vida, Equip de Diagnóstico e Infra - 2025 ri rio capim","..\..\Desktop\tabelas-powerBI\10 Rio Capim\Tabela 22 – Caracterização Hospitalar – Equip de Manutenção da Vida, Equip de Diagnóstico e Infra - 2025 ri rio capim.xlsx",Rio Capim,215,1.0
Dom Eliseu,10 Rio Capim,22,"Tabela 22 – Caracterização Hospitalar – Equip de Manutenção da Vida, Equip de Diagnóstico e Infra - 2025 ri rio capim",20,"Tabela 22 – Caracterização Hospitalar – Equip de Manutenção da Vida, Equip de Diagnóstico e Infra - 2025 ri rio capim","..\..\Desktop\tabelas-powerBI\10 Rio Capim\Tabela 22 – Caracterização Hospitalar – Equip de Manutenção da Vida, Equip de Diagnóstico e Infra - 2025 ri rio capim.xlsx",Rio Capim,215,2.0
Garrafão do Norte,10 Rio Capim,22,"Tabela 22 – Caracterização Hospitalar – Equip de Manutenção da Vida, Equip de Diagnóstico e Infra - 2025 ri rio capim",20,"Tabela 22 – Caracterização Hospitalar – Equip de Manutenção da Vida, Equip de Diagnóstico e Infra - 2025 ri rio capim","..\..\Desktop\tabelas-powerBI\10 Rio Capim\Tabela 22 – Caracterização Hospitalar – Equip de Manutenção da Vida, Equip de Diagnóstico e Infra - 2025 ri rio capim.xlsx",Rio Capim,215,0.0
Ipixuna do Pará,10 Rio Capim,22,"Tabela 22 – Caracterização Hospitalar – Equip de Manutenção da Vida, Equip de Diagnóstico e Infra - 2025 ri rio capim",20,"Tabela 22 – Caracterização Hospitalar – Equip de Manutenção da Vida, Equip de Diagnóstico e Infra - 2025 ri rio capim","..\..\Desktop\tabelas-powerBI\10 Rio Capim\Tabela 22 – Caracterização Hospitalar – Equip de Manutenção da Vida, Equip de Diagnóstico e Infra - 2025 ri rio capim.xlsx",Rio Capim,215,0.0
Irituia,10 Rio Capim,22,"Tabela 22 – Caracterização Hospitalar – Equip de Manutenção da Vida, Equip de Diagnóstico e Infra - 2025 ri rio capim",20,"Tabela 22 – Caracterização Hospitalar – Equip de Manutenção da Vida, Equip de Diagnóstico e Infra - 2025 ri rio capim","..\..\Desktop\tabelas-powerBI\10 Rio Capim\Tabela 22 – Caracterização Hospitalar – Equip de Manutenção da Vida, Equip de Diagnóstico e Infra - 2025 ri rio capim.xlsx",Rio Capim,215,0.0
Mãe do Rio,10 Rio Capim,22,"Tabela 22 – Caracterização Hospitalar – Equip de Manutenção da Vida, Equip de Diagnóstico e Infra - 2025 ri rio capim",20,"Tabela 22 – Caracterização Hospitalar – Equip de Manutenção da Vida, Equip de Diagnóstico e Infra - 2025 ri rio capim","..\..\Desktop\tabelas-powerBI\10 Rio Capim\Tabela 22 – Caracterização Hospitalar – Equip de Manutenção da Vida, Equip de Diagnóstico e Infra - 2025 ri rio capim.xlsx",Rio Capim,215,2.0
Nova Esperança do Piriá,10 Rio Capim,22,"Tabela 22 – Caracterização Hospitalar – Equip de Manutenção da Vida, Equip de Diagnóstico e Infra - 2025 ri rio capim",20,"Tabela 22 – Caracterização Hospitalar – Equip de Manutenção da Vida, Equip de Diagnóstico e Infra - 2025 ri rio capim","..\..\Desktop\tabelas-powerBI\10 Rio Capim\Tabela 22 – Caracterização Hospitalar – Equip de Manutenção da Vida, Equip de Diagnóstico e Infra - 2025 ri rio capim.xlsx",Rio Capim,215,0.0
Ourém,10 Rio Capim,22,"Tabela 22 – Caracterização Hospitalar – Equip de Manutenção da Vida, Equip de Diagnóstico e Infra - 2025 ri rio capim",20,"Tabela 22 – Caracterização Hospitalar – Equip de Manutenção da Vida, Equip de Diagnóstico e Infra - 2025 ri rio capim","..\..\Desktop\tabelas-powerBI\10 Rio Capim\Tabela 22 – Caracterização Hospitalar – Equip de Manutenção da Vida, Equip de Diagnóstico e Infra - 2025 ri rio capim.xlsx",Rio Capim,215,0.0
Paragominas,10 Rio Capim,22,"Tabela 22 – Caracterização Hospitalar – Equip de Manutenção da Vida, Equip de Diagnóstico e Infra - 2025 ri rio capim",20,"Tabela 22 – Caracterização Hospitalar – Equip de Manutenção da Vida, Equip de Diagnóstico e Infra - 2025 ri rio capim","..\..\Desktop\tabelas-powerBI\10 Rio Capim\Tabela 22 – Caracterização Hospitalar – Equip de Manutenção da Vida, Equip de Diagnóstico e Infra - 2025 ri rio capim.xlsx",Rio Capim,215,3.0
Rondon do Pará,10 Rio Capim,22,"Tabela 22 – Caracterização Hospitalar – Equip de Manutenção da Vida, Equip de Diagnóstico e Infra - 2025 ri rio capim",20,"Tabela 22 – Caracterização Hospitalar – Equip de Manutenção da Vida, Equip de Diagnóstico e Infra - 2025 ri rio capim","..\..\Desktop\tabelas-powerBI\10 Rio Capim\Tabela 22 – Caracterização Hospitalar – Equip de Manutenção da Vida, Equip de Diagnóstico e Infra - 2025 ri rio capim.xlsx",Rio Capim,215,1.0
Tomé-Açu,10 Rio Capim,22,"Tabela 22 – Caracterização Hospitalar – Equip de Manutenção da Vida, Equip de Diagnóstico e Infra - 2025 ri rio capim",20,"Tabela 22 – Caracterização Hospitalar – Equip de Manutenção da Vida, Equip de Diagnóstico e Infra - 2025 ri rio capim","..\..\Desktop\tabelas-powerBI\10 Rio Capim\Tabela 22 – Caracterização Hospitalar – Equip de Manutenção da Vida, Equip de Diagnóstico e Infra - 2025 ri rio capim.xlsx",Rio Capim,215,3.0
Ulianópolis,10 Rio Capim,22,"Tabela 22 – Caracterização Hospitalar – Equip de Manutenção da Vida, Equip de Diagnóstico e Infra - 2025 ri rio capim",20,"Tabela 22 – Caracterização Hospitalar – Equip de Manutenção da Vida, Equip de Diagnóstico e Infra - 2025 ri rio capim","..\..\Desktop\tabelas-powerBI\10 Rio Capim\Tabela 22 – Caracterização Hospitalar – Equip de Manutenção da Vida, Equip de Diagnóstico e Infra - 2025 ri rio capim.xlsx",Rio Capim,215,0.0
Fonte: DATASUS,10 Rio Capim,22,"Tabela 22 – Caracterização Hospitalar – Equip de Manutenção da Vida, Equip de Diagnóstico e Infra - 2025 ri rio capim",20,"Tabela 22 – Caracterização Hospitalar – Equip de Manutenção da Vida, Equip de Diagnóstico e Infra - 2025 ri rio capim","..\..\Desktop\tabelas-powerBI\10 Rio Capim\Tabela 22 – Caracterização Hospitalar – Equip de Manutenção da Vida, Equip de Diagnóstico e Infra - 2025 ri rio capim.xlsx",Rio Capim,215,
Elaboração: FAPESPA,10 Rio Capim,22,"Tabela 22 – Caracterização Hospitalar – Equip de Manutenção da Vida, Equip de Diagnóstico e Infra - 2025 ri rio capim",20,"Tabela 22 – Caracterização Hospitalar – Equip de Manutenção da Vida, Equip de Diagnóstico e Infra - 2025 ri rio capim","..\..\Desktop\tabelas-powerBI\10 Rio Capim\Tabela 22 – Caracterização Hospitalar – Equip de Manutenção da Vida, Equip de Diagnóstico e Infra - 2025 ri rio capim.xlsx",Rio Capim,215,
*Nota: Dados referentes a Outubro/2025.,10 Rio Capim,22,"Tabela 22 – Caracterização Hospitalar – Equip de Manutenção da Vida, Equip de Diagnóstico e Infra - 2025 ri rio capim",20,"Tabela 22 – Caracterização Hospitalar – Equip de Manutenção da Vida, Equip de Diagnóstico e Infra - 2025 ri rio capim","..\..\Desktop\tabelas-powerBI\10 Rio Capim\Tabela 22 – Caracterização Hospitalar – Equip de Manutenção da Vida, Equip de Diagnóstico e Infra - 2025 ri rio capim.xlsx",Rio Capim,215,
RI Rio Capim,10 Rio Capim,22,"Tabela 22 – Caracterização Hospitalar – Equip de Manutenção da Vida, Equip de Diagnóstico e Infra - 2025 ri rio capim",20,"Tabela 22 – Caracterização Hospitalar – Equip de Manutenção da Vida, Equip de Diagnóstico e Infra - 2025 ri rio capim","..\..\Desktop\tabelas-powerBI\10 Rio Capim\Tabela 22 – Caracterização Hospitalar – Equip de Manutenção da Vida, Equip de Diagnóstico e Infra - 2025 ri rio capim.xlsx",Rio Capim,197,13.0
Abel Figueiredo,10 Rio Capim,22,"Tabela 22 – Caracterização Hospitalar – Equip de Manutenção da Vida, Equip de Diagnóstico e Infra - 2025 ri rio capim",20,"Tabela 22 – Caracterização Hospitalar – Equip de Manutenção da Vida, Equip de Diagnóstico e Infra - 2025 ri rio capim","..\..\Desktop\tabelas-powerBI\10 Rio Capim\Tabela 22 – Caracterização Hospitalar – Equip de Manutenção da Vida, Equip de Diagnóstico e Infra - 2025 ri rio capim.xlsx",Rio Capim,197,0.0
Aurora do Pará,10 Rio Capim,22,"Tabela 22 – Caracterização Hospitalar – Equip de Manutenção da Vida, Equip de Diagnóstico e Infra - 2025 ri rio capim",20,"Tabela 22 – Caracterização Hospitalar – Equip de Manutenção da Vida, Equip de Diagnóstico e Infra - 2025 ri rio capim","..\..\Desktop\tabelas-powerBI\10 Rio Capim\Tabela 22 – Caracterização Hospitalar – Equip de Manutenção da Vida, Equip de Diagnóstico e Infra - 2025 ri rio capim.xlsx",Rio Capim,197,0.0
Bujaru,10 Rio Capim,22,"Tabela 22 – Caracterização Hospitalar – Equip de Manutenção da Vida, Equip de Diagnóstico e Infra - 2025 ri rio capim",20,"Tabela 22 – Caracterização Hospitalar – Equip de Manutenção da Vida, Equip de Diagnóstico e Infra - 2025 ri rio capim","..\..\Desktop\tabelas-powerBI\10 Rio Capim\Tabela 22 – Caracterização Hospitalar – Equip de Manutenção da Vida, Equip de Diagnóstico e Infra - 2025 ri rio capim.xlsx",Rio Capim,197,0.0
Capitão Poço,10 Rio Capim,22,"Tabela 22 – Caracterização Hospitalar – Equip de Manutenção da Vida, Equip de Diagnóstico e Infra - 2025 ri rio capim",20,"Tabela 22 – Caracterização Hospitalar – Equip de Manutenção da Vida, Equip de Diagnóstico e Infra - 2025 ri rio capim","..\..\Desktop\tabelas-powerBI\10 Rio Capim\Tabela 22 – Caracterização Hospitalar – Equip de Manutenção da Vida, Equip de Diagnóstico e Infra - 2025 ri rio capim.xlsx",Rio Capim,197,1.0
Concórdia do Pará,10 Rio Capim,22,"Tabela 22 – Caracterização Hospitalar – Equip de Manutenção da Vida, Equip de Diagnóstico e Infra - 2025 ri rio capim",20,"Tabela 22 – Caracterização Hospitalar – Equip de Manutenção da Vida, Equip de Diagnóstico e Infra - 2025 ri rio capim","..\..\Desktop\tabelas-powerBI\10 Rio Capim\Tabela 22 – Caracterização Hospitalar – Equip de Manutenção da Vida, Equip de Diagnóstico e Infra - 2025 ri rio capim.xlsx",Rio Capim,197,1.0
Dom Eliseu,10 Rio Capim,22,"Tabela 22 – Caracterização Hospitalar – Equip de Manutenção da Vida, Equip de Diagnóstico e Infra - 2025 ri rio capim",20,"Tabela 22 – Caracterização Hospitalar – Equip de Manutenção da Vida, Equip de Diagnóstico e Infra - 2025 ri rio capim","..\..\Desktop\tabelas-powerBI\10 Rio Capim\Tabela 22 – Caracterização Hospitalar – Equip de Manutenção da Vida, Equip de Diagnóstico e Infra - 2025 ri rio capim.xlsx",Rio Capim,197,2.0
Garrafão do Norte,10 Rio Capim,22,"Tabela 22 – Caracterização Hospitalar – Equip de Manutenção da Vida, Equip de Diagnóstico e Infra - 2025 ri rio capim",20,"Tabela 22 – Caracterização Hospitalar – Equip de Manutenção da Vida, Equip de Diagnóstico e Infra - 2025 ri rio capim","..\..\Desktop\tabelas-powerBI\10 Rio Capim\Tabela 22 – Caracterização Hospitalar – Equip de Manutenção da Vida, Equip de Diagnóstico e Infra - 2025 ri rio capim.xlsx",Rio Capim,197,0.0
Ipixuna do Pará,10 Rio Capim,22,"Tabela 22 – Caracterização Hospitalar – Equip de Manutenção da Vida, Equip de Diagnóstico e Infra - 2025 ri rio capim",20,"Tabela 22 – Caracterização Hospitalar – Equip de Manutenção da Vida, Equip de Diagnóstico e Infra - 2025 ri rio capim","..\..\Desktop\tabelas-powerBI\10 Rio Capim\Tabela 22 – Caracterização Hospitalar – Equip de Manutenção da Vida, Equip de Diagnóstico e Infra - 2025 ri rio capim.xlsx",Rio Capim,197,0.0
Irituia,10 Rio Capim,22,"Tabela 22 – Caracterização Hospitalar – Equip de Manutenção da Vida, Equip de Diagnóstico e Infra - 2025 ri rio capim",20,"Tabela 22 – Caracterização Hospitalar – Equip de Manutenção da Vida, Equip de Diagnóstico e Infra - 2025 ri rio capim","..\..\Desktop\tabelas-powerBI\10 Rio Capim\Tabela 22 – Caracterização Hospitalar – Equip de Manutenção da Vida, Equip de Diagnóstico e Infra - 2025 ri rio capim.xlsx",Rio Capim,197,0.0
Mãe do Rio,10 Rio Capim,22,"Tabela 22 – Caracterização Hospitalar – Equip de Manutenção da Vida, Equip de Diagnóstico e Infra - 2025 ri rio capim",20,"Tabela 22 – Caracterização Hospitalar – Equip de Manutenção da Vida, Equip de Diagnóstico e Infra - 2025 ri rio capim","..\..\Desktop\tabelas-powerBI\10 Rio Capim\Tabela 22 – Caracterização Hospitalar – Equip de Manutenção da Vida, Equip de Diagnóstico e Infra - 2025 ri rio capim.xlsx",Rio Capim,197,2.0
Nova Esperança do Piriá,10 Rio Capim,22,"Tabela 22 – Caracterização Hospitalar – Equip de Manutenção da Vida, Equip de Diagnóstico e Infra - 2025 ri rio capim",20,"Tabela 22 – Caracterização Hospitalar – Equip de Manutenção da Vida, Equip de Diagnóstico e Infra - 2025 ri rio capim","..\..\Desktop\tabelas-powerBI\10 Rio Capim\Tabela 22 – Caracterização Hospitalar – Equip de Manutenção da Vida, Equip de Diagnóstico e Infra - 2025 ri rio capim.xlsx",Rio Capim,197,0.0
Ourém,10 Rio Capim,22,"Tabela 22 – Caracterização Hospitalar – Equip de Manutenção da Vida, Equip de Diagnóstico e Infra - 2025 ri rio capim",20,"Tabela 22 – Caracterização Hospitalar – Equip de Manutenção da Vida, Equip de Diagnóstico e Infra - 2025 ri rio capim","..\..\Desktop\tabelas-powerBI\10 Rio Capim\Tabela 22 – Caracterização Hospitalar – Equip de Manutenção da Vida, Equip de Diagnóstico e Infra - 2025 ri rio capim.xlsx",Rio Capim,197,0.0
Paragominas,10 Rio Capim,22,"Tabela 22 – Caracterização Hospitalar – Equip de Manutenção da Vida, Equip de Diagnóstico e Infra - 2025 ri rio capim",20,"Tabela 22 – Caracterização Hospitalar – Equip de Manutenção da Vida, Equip de Diagnóstico e Infra - 2025 ri rio capim","..\..\Desktop\tabelas-powerBI\10 Rio Capim\Tabela 22 – Caracterização Hospitalar – Equip de Manutenção da Vida, Equip de Diagnóstico e Infra - 2025 ri rio capim.xlsx",Rio Capim,197,3.0
Rondon do Pará,10 Rio Capim,22,"Tabela 22 – Caracterização Hospitalar – Equip de Manutenção da Vida, Equip de Diagnóstico e Infra - 2025 ri rio capim",20,"Tabela 22 – Caracterização Hospitalar – Equip de Manutenção da Vida, Equip de Diagnóstico e Infra - 2025 ri rio capim","..\..\Desktop\tabelas-powerBI\10 Rio Capim\Tabela 22 – Caracterização Hospitalar – Equip de Manutenção da Vida, Equip de Diagnóstico e Infra - 2025 ri rio capim.xlsx",Rio Capim,197,1.0
Tomé-Açu,10 Rio Capim,22,"Tabela 22 – Caracterização Hospitalar – Equip de Manutenção da Vida, Equip de Diagnóstico e Infra - 2025 ri rio capim",20,"Tabela 22 – Caracterização Hospitalar – Equip de Manutenção da Vida, Equip de Diagnóstico e Infra - 2025 ri rio capim","..\..\Desktop\tabelas-powerBI\10 Rio Capim\Tabela 22 – Caracterização Hospitalar – Equip de Manutenção da Vida, Equip de Diagnóstico e Infra - 2025 ri rio capim.xlsx",Rio Capim,197,3.0
Ulianópolis,10 Rio Capim,22,"Tabela 22 – Caracterização Hospitalar – Equip de Manutenção da Vida, Equip de Diagnóstico e Infra - 2025 ri rio capim",20,"Tabela 22 – Caracterização Hospitalar – Equip de Manutenção da Vida, Equip de Diagnóstico e Infra - 2025 ri rio capim","..\..\Desktop\tabelas-powerBI\10 Rio Capim\Tabela 22 – Caracterização Hospitalar – Equip de Manutenção da Vida, Equip de Diagnóstico e Infra - 2025 ri rio capim.xlsx",Rio Capim,197,0.0
Fonte: DATASUS,10 Rio Capim,22,"Tabela 22 – Caracterização Hospitalar – Equip de Manutenção da Vida, Equip de Diagnóstico e Infra - 2025 ri rio capim",20,"Tabela 22 – Caracterização Hospitalar – Equip de Manutenção da Vida, Equip de Diagnóstico e Infra - 2025 ri rio capim","..\..\Desktop\tabelas-powerBI\10 Rio Capim\Tabela 22 – Caracterização Hospitalar – Equip de Manutenção da Vida, Equip de Diagnóstico e Infra - 2025 ri rio capim.xlsx",Rio Capim,197,
Elaboração: FAPESPA,10 Rio Capim,22,"Tabela 22 – Caracterização Hospitalar – Equip de Manutenção da Vida, Equip de Diagnóstico e Infra - 2025 ri rio capim",20,"Tabela 22 – Caracterização Hospitalar – Equip de Manutenção da Vida, Equip de Diagnóstico e Infra - 2025 ri rio capim","..\..\Desktop\tabelas-powerBI\10 Rio Capim\Tabela 22 – Caracterização Hospitalar – Equip de Manutenção da Vida, Equip de Diagnóstico e Infra - 2025 ri rio capim.xlsx",Rio Capim,197,
*Nota: Dados referentes a Outubro/2025.,10 Rio Capim,22,"Tabela 22 – Caracterização Hospitalar – Equip de Manutenção da Vida, Equip de Diagnóstico e Infra - 2025 ri rio capim",20,"Tabela 22 – Caracterização Hospitalar – Equip de Manutenção da Vida, Equip de Diagnóstico e Infra - 2025 ri rio capim","..\..\Desktop\tabelas-powerBI\10 Rio Capim\Tabela 22 – Caracterização Hospitalar – Equip de Manutenção da Vida, Equip de Diagnóstico e Infra - 2025 ri rio capim.xlsx",Rio Capim,197,
RI Rio Capim,10 Rio Capim,22,"Tabela 22 – Caracterização Hospitalar – Equip de Manutenção da Vida, Equip de Diagnóstico e Infra - 2025 ri rio capim",20,"Tabela 22 – Caracterização Hospitalar – Equip de Manutenção da Vida, Equip de Diagnóstico e Infra - 2025 ri rio capim","..\..\Desktop\tabelas-powerBI\10 Rio Capim\Tabela 22 – Caracterização Hospitalar – Equip de Manutenção da Vida, Equip de Diagnóstico e Infra - 2025 ri rio capim.xlsx",Rio Capim,19075,889.0
Abel Figueiredo,10 Rio Capim,22,"Tabela 22 – Caracterização Hospitalar – Equip de Manutenção da Vida, Equip de Diagnóstico e Infra - 2025 ri rio capim",20,"Tabela 22 – Caracterização Hospitalar – Equip de Manutenção da Vida, Equip de Diagnóstico e Infra - 2025 ri rio capim","..\..\Desktop\tabelas-powerBI\10 Rio Capim\Tabela 22 – Caracterização Hospitalar – Equip de Manutenção da Vida, Equip de Diagnóstico e Infra - 2025 ri rio capim.xlsx",Rio Capim,19075,10.0
Aurora do Pará,10 Rio Capim,22,"Tabela 22 – Caracterização Hospitalar – Equip de Manutenção da Vida, Equip de Diagnóstico e Infra - 2025 ri rio capim",20,"Tabela 22 – Caracterização Hospitalar – Equip de Manutenção da Vida, Equip de Diagnóstico e Infra - 2025 ri rio capim","..\..\Desktop\tabelas-powerBI\10 Rio Capim\Tabela 22 – Caracterização Hospitalar – Equip de Manutenção da Vida, Equip de Diagnóstico e Infra - 2025 ri rio capim.xlsx",Rio Capim,19075,0.0
Bujaru,10 Rio Capim,22,"Tabela 22 – Caracterização Hospitalar – Equip de Manutenção da Vida, Equip de Diagnóstico e Infra - 2025 ri rio capim",20,"Tabela 22 – Caracterização Hospitalar – Equip de Manutenção da Vida, Equip de Diagnóstico e Infra - 2025 ri rio capim","..\..\Desktop\tabelas-powerBI\10 Rio Capim\Tabela 22 – Caracterização Hospitalar – Equip de Manutenção da Vida, Equip de Diagnóstico e Infra - 2025 ri rio capim.xlsx",Rio Capim,19075,6.0
Capitão Poço,10 Rio Capim,22,"Tabela 22 – Caracterização Hospitalar – Equip de Manutenção da Vida, Equip de Diagnóstico e Infra - 2025 ri rio capim",20,"Tabela 22 – Caracterização Hospitalar – Equip de Manutenção da Vida, Equip de Diagnóstico e Infra - 2025 ri rio capim","..\..\Desktop\tabelas-powerBI\10 Rio Capim\Tabela 22 – Caracterização Hospitalar – Equip de Manutenção da Vida, Equip de Diagnóstico e Infra - 2025 ri rio capim.xlsx",Rio Capim,19075,99.0
Concórdia do Pará,10 Rio Capim,22,"Tabela 22 – Caracterização Hospitalar – Equip de Manutenção da Vida, Equip de Diagnóstico e Infra - 2025 ri rio capim",20,"Tabela 22 – Caracterização Hospitalar – Equip de Manutenção da Vida, Equip de Diagnóstico e Infra - 2025 ri rio capim","..\..\Desktop\tabelas-powerBI\10 Rio Capim\Tabela 22 – Caracterização Hospitalar – Equip de Manutenção da Vida, Equip de Diagnóstico e Infra - 2025 ri rio capim.xlsx",Rio Capim,19075,18.0
Dom Eliseu,10 Rio Capim,22,"Tabela 22 – Caracterização Hospitalar – Equip de Manutenção da Vida, Equip de Diagnóstico e Infra - 2025 ri rio capim",20,"Tabela 22 – Caracterização Hospitalar – Equip de Manutenção da Vida, Equip de Diagnóstico e Infra - 2025 ri rio capim","..\..\Desktop\tabelas-powerBI\10 Rio Capim\Tabela 22 – Caracterização Hospitalar – Equip de Manutenção da Vida, Equip de Diagnóstico e Infra - 2025 ri rio capim.xlsx",Rio Capim,19075,5.0
Garrafão do Norte,10 Rio Capim,22,"Tabela 22 – Caracterização Hospitalar – Equip de Manutenção da Vida, Equip de Diagnóstico e Infra - 2025 ri rio capim",20,"Tabela 22 – Caracterização Hospitalar – Equip de Manutenção da Vida, Equip de Diagnóstico e Infra - 2025 ri rio capim","..\..\Desktop\tabelas-powerBI\10 Rio Capim\Tabela 22 – Caracterização Hospitalar – Equip de Manutenção da Vida, Equip de Diagnóstico e Infra - 2025 ri rio capim.xlsx",Rio Capim,19075,1.0
Ipixuna do Pará,10 Rio Capim,22,"Tabela 22 – Caracterização Hospitalar – Equip de Manutenção da Vida, Equip de Diagnóstico e Infra - 2025 ri rio capim",20,"Tabela 22 – Caracterização Hospitalar – Equip de Manutenção da Vida, Equip de Diagnóstico e Infra - 2025 ri rio capim","..\..\Desktop\tabelas-powerBI\10 Rio Capim\Tabela 22 – Caracterização Hospitalar – Equip de Manutenção da Vida, Equip de Diagnóstico e Infra - 2025 ri rio capim.xlsx",Rio Capim,19075,15.0
Irituia,10 Rio Capim,22,"Tabela 22 – Caracterização Hospitalar – Equip de Manutenção da Vida, Equip de Diagnóstico e Infra - 2025 ri rio capim",20,"Tabela 22 – Caracterização Hospitalar – Equip de Manutenção da Vida, Equip de Diagnóstico e Infra - 2025 ri rio capim","..\..\Desktop\tabelas-powerBI\10 Rio Capim\Tabela 22 – Caracterização Hospitalar – Equip de Manutenção da Vida, Equip de Diagnóstico e Infra - 2025 ri rio capim.xlsx",Rio Capim,19075,14.0
Mãe do Rio,10 Rio Capim,22,"Tabela 22 – Caracterização Hospitalar – Equip de Manutenção da Vida, Equip de Diagnóstico e Infra - 2025 ri rio capim",20,"Tabela 22 – Caracterização Hospitalar – Equip de Manutenção da Vida, Equip de Diagnóstico e Infra - 2025 ri rio capim","..\..\Desktop\tabelas-powerBI\10 Rio Capim\Tabela 22 – Caracterização Hospitalar – Equip de Manutenção da Vida, Equip de Diagnóstico e Infra - 2025 ri rio capim.xlsx",Rio Capim,19075,66.0
Nova Esperança do Piriá,10 Rio Capim,22,"Tabela 22 – Caracterização Hospitalar – Equip de Manutenção da Vida, Equip de Diagnóstico e Infra - 2025 ri rio capim",20,"Tabela 22 – Caracterização Hospitalar – Equip de Manutenção da Vida, Equip de Diagnóstico e Infra - 2025 ri rio capim","..\..\Desktop\tabelas-powerBI\10 Rio Capim\Tabela 22 – Caracterização Hospitalar – Equip de Manutenção da Vida, Equip de Diagnóstico e Infra - 2025 ri rio capim.xlsx",Rio Capim,19075,7.0
Ourém,10 Rio Capim,22,"Tabela 22 – Caracterização Hospitalar – Equip de Manutenção da Vida, Equip de Diagnóstico e Infra - 2025 ri rio capim",20,"Tabela 22 – Caracterização Hospitalar – Equip de Manutenção da Vida, Equip de Diagnóstico e Infra - 2025 ri rio capim","..\..\Desktop\tabelas-powerBI\10 Rio Capim\Tabela 22 – Caracterização Hospitalar – Equip de Manutenção da Vida, Equip de Diagnóstico e Infra - 2025 ri rio capim.xlsx",Rio Capim,19075,0.0
Paragominas,10 Rio Capim,22,"Tabela 22 – Caracterização Hospitalar – Equip de Manutenção da Vida, Equip de Diagnóstico e Infra - 2025 ri rio capim",20,"Tabela 22 – Caracterização Hospitalar – Equip de Manutenção da Vida, Equip de Diagnóstico e Infra - 2025 ri rio capim","..\..\Desktop\tabelas-powerBI\10 Rio Capim\Tabela 22 – Caracterização Hospitalar – Equip de Manutenção da Vida, Equip de Diagnóstico e Infra - 2025 ri rio capim.xlsx",Rio Capim,19075,506.0
Rondon do Pará,10 Rio Capim,22,"Tabela 22 – Caracterização Hospitalar – Equip de Manutenção da Vida, Equip de Diagnóstico e Infra - 2025 ri rio capim",20,"Tabela 22 – Caracterização Hospitalar – Equip de Manutenção da Vida, Equip de Diagnóstico e Infra - 2025 ri rio capim","..\..\Desktop\tabelas-powerBI\10 Rio Capim\Tabela 22 – Caracterização Hospitalar – Equip de Manutenção da Vida, Equip de Diagnóstico e Infra - 2025 ri rio capim.xlsx",Rio Capim,19075,45.0
Tomé-Açu,10 Rio Capim,22,"Tabela 22 – Caracterização Hospitalar – Equip de Manutenção da Vida, Equip de Diagnóstico e Infra - 2025 ri rio capim",20,"Tabela 22 – Caracterização Hospitalar – Equip de Manutenção da Vida, Equip de Diagnóstico e Infra - 2025 ri rio capim","..\..\Desktop\tabelas-powerBI\10 Rio Capim\Tabela 22 – Caracterização Hospitalar – Equip de Manutenção da Vida, Equip de Diagnóstico e Infra - 2025 ri rio capim.xlsx",Rio Capim,19075,33.0
Ulianópolis,10 Rio Capim,22,"Tabela 22 – Caracterização Hospitalar – Equip de Manutenção da Vida, Equip de Diagnóstico e Infra - 2025 ri rio capim",20,"Tabela 22 – Caracterização Hospitalar – Equip de Manutenção da Vida, Equip de Diagnóstico e Infra - 2025 ri rio capim","..\..\Desktop\tabelas-powerBI\10 Rio Capim\Tabela 22 – Caracterização Hospitalar – Equip de Manutenção da Vida, Equip de Diagnóstico e Infra - 2025 ri rio capim.xlsx",Rio Capim,19075,64.0
Fonte: DATASUS,10 Rio Capim,22,"Tabela 22 – Caracterização Hospitalar – Equip de Manutenção da Vida, Equip de Diagnóstico e Infra - 2025 ri rio capim",20,"Tabela 22 – Caracterização Hospitalar – Equip de Manutenção da Vida, Equip de Diagnóstico e Infra - 2025 ri rio capim","..\..\Desktop\tabelas-powerBI\10 Rio Capim\Tabela 22 – Caracterização Hospitalar – Equip de Manutenção da Vida, Equip de Diagnóstico e Infra - 2025 ri rio capim.xlsx",Rio Capim,19075,
Elaboração: FAPESPA,10 Rio Capim,22,"Tabela 22 – Caracterização Hospitalar – Equip de Manutenção da Vida, Equip de Diagnóstico e Infra - 2025 ri rio capim",20,"Tabela 22 – Caracterização Hospitalar – Equip de Manutenção da Vida, Equip de Diagnóstico e Infra - 2025 ri rio capim","..\..\Desktop\tabelas-powerBI\10 Rio Capim\Tabela 22 – Caracterização Hospitalar – Equip de Manutenção da Vida, Equip de Diagnóstico e Infra - 2025 ri rio capim.xlsx",Rio Capim,19075,
*Nota: Dados referentes a Outubro/2025.,10 Rio Capim,22,"Tabela 22 – Caracterização Hospitalar – Equip de Manutenção da Vida, Equip de Diagnóstico e Infra - 2025 ri rio capim",20,"Tabela 22 – Caracterização Hospitalar – Equip de Manutenção da Vida, Equip de Diagnóstico e Infra - 2025 ri rio capim","..\..\Desktop\tabelas-powerBI\10 Rio Capim\Tabela 22 – Caracterização Hospitalar – Equip de Manutenção da Vida, Equip de Diagnóstico e Infra - 2025 ri rio capim.xlsx",Rio Capim,19075,
RI Rio Capim,10 Rio Capim,22,"Tabela 22 – Caracterização Hospitalar – Equip de Manutenção da Vida, Equip de Diagnóstico e Infra - 2025 ri rio capim",20,"Tabela 22 – Caracterização Hospitalar – Equip de Manutenção da Vida, Equip de Diagnóstico e Infra - 2025 ri rio capim","..\..\Desktop\tabelas-powerBI\10 Rio Capim\Tabela 22 – Caracterização Hospitalar – Equip de Manutenção da Vida, Equip de Diagnóstico e Infra - 2025 ri rio capim.xlsx",Rio Capim,18607,869.0
Abel Figueiredo,10 Rio Capim,22,"Tabela 22 – Caracterização Hospitalar – Equip de Manutenção da Vida, Equip de Diagnóstico e Infra - 2025 ri rio capim",20,"Tabela 22 – Caracterização Hospitalar – Equip de Manutenção da Vida, Equip de Diagnóstico e Infra - 2025 ri rio capim","..\..\Desktop\tabelas-powerBI\10 Rio Capim\Tabela 22 – Caracterização Hospitalar – Equip de Manutenção da Vida, Equip de Diagnóstico e Infra - 2025 ri rio capim.xlsx",Rio Capim,18607,8.0
Aurora do Pará,10 Rio Capim,22,"Tabela 22 – Caracterização Hospitalar – Equip de Manutenção da Vida, Equip de Diagnóstico e Infra - 2025 ri rio capim",20,"Tabela 22 – Caracterização Hospitalar – Equip de Manutenção da Vida, Equip de Diagnóstico e Infra - 2025 ri rio capim","..\..\Desktop\tabelas-powerBI\10 Rio Capim\Tabela 22 – Caracterização Hospitalar – Equip de Manutenção da Vida, Equip de Diagnóstico e Infra - 2025 ri rio capim.xlsx",Rio Capim,18607,0.0
Bujaru,10 Rio Capim,22,"Tabela 22 – Caracterização Hospitalar – Equip de Manutenção da Vida, Equip de Diagnóstico e Infra - 2025 ri rio capim",20,"Tabela 22 – Caracterização Hospitalar – Equip de Manutenção da Vida, Equip de Diagnóstico e Infra - 2025 ri rio capim","..\..\Desktop\tabelas-powerBI\10 Rio Capim\Tabela 22 – Caracterização Hospitalar – Equip de Manutenção da Vida, Equip de Diagnóstico e Infra - 2025 ri rio capim.xlsx",Rio Capim,18607,6.0
Capitão Poço,10 Rio Capim,22,"Tabela 22 – Caracterização Hospitalar – Equip de Manutenção da Vida, Equip de Diagnóstico e Infra - 2025 ri rio capim",20,"Tabela 22 – Caracterização Hospitalar – Equip de Manutenção da Vida, Equip de Diagnóstico e Infra - 2025 ri rio capim","..\..\Desktop\tabelas-powerBI\10 Rio Capim\Tabela 22 – Caracterização Hospitalar – Equip de Manutenção da Vida, Equip de Diagnóstico e Infra - 2025 ri rio capim.xlsx",Rio Capim,18607,90.0
Concórdia do Pará,10 Rio Capim,22,"Tabela 22 – Caracterização Hospitalar – Equip de Manutenção da Vida, Equip de Diagnóstico e Infra - 2025 ri rio capim",20,"Tabela 22 – Caracterização Hospitalar – Equip de Manutenção da Vida, Equip de Diagnóstico e Infra - 2025 ri rio capim","..\..\Desktop\tabelas-powerBI\10 Rio Capim\Tabela 22 – Caracterização Hospitalar – Equip de Manutenção da Vida, Equip de Diagnóstico e Infra - 2025 ri rio capim.xlsx",Rio Capim,18607,18.0
Dom Eliseu,10 Rio Capim,22,"Tabela 22 – Caracterização Hospitalar – Equip de Manutenção da Vida, Equip de Diagnóstico e Infra - 2025 ri rio capim",20,"Tabela 22 – Caracterização Hospitalar – Equip de Manutenção da Vida, Equip de Diagnóstico e Infra - 2025 ri rio capim","..\..\Desktop\tabelas-powerBI\10 Rio Capim\Tabela 22 – Caracterização Hospitalar – Equip de Manutenção da Vida, Equip de Diagnóstico e Infra - 2025 ri rio capim.xlsx",Rio Capim,18607,5.0
Garrafão do Norte,10 Rio Capim,22,"Tabela 22 – Caracterização Hospitalar – Equip de Manutenção da Vida, Equip de Diagnóstico e Infra - 2025 ri rio capim",20,"Tabela 22 – Caracterização Hospitalar – Equip de Manutenção da Vida, Equip de Diagnóstico e Infra - 2025 ri rio capim","..\..\Desktop\tabelas-powerBI\10 Rio Capim\Tabela 22 – Caracterização Hospitalar – Equip de Manutenção da Vida, Equip de Diagnóstico e Infra - 2025 ri rio capim.xlsx",Rio Capim,18607,1.0
Ipixuna do Pará,10 Rio Capim,22,"Tabela 22 – Caracterização Hospitalar – Equip de Manutenção da Vida, Equip de Diagnóstico e Infra - 2025 ri rio capim",20,"Tabela 22 – Caracterização Hospitalar – Equip de Manutenção da Vida, Equip de Diagnóstico e Infra - 2025 ri rio capim","..\..\Desktop\tabelas-powerBI\10 Rio Capim\Tabela 22 – Caracterização Hospitalar – Equip de Manutenção da Vida, Equip de Diagnóstico e Infra - 2025 ri rio capim.xlsx",Rio Capim,18607,13.0
Irituia,10 Rio Capim,22,"Tabela 22 – Caracterização Hospitalar – Equip de Manutenção da Vida, Equip de Diagnóstico e Infra - 2025 ri rio capim",20,"Tabela 22 – Caracterização Hospitalar – Equip de Manutenção da Vida, Equip de Diagnóstico e Infra - 2025 ri rio capim","..\..\Desktop\tabelas-powerBI\10 Rio Capim\Tabela 22 – Caracterização Hospitalar – Equip de Manutenção da Vida, Equip de Diagnóstico e Infra - 2025 ri rio capim.xlsx",Rio Capim,18607,14.0
Mãe do Rio,10 Rio Capim,22,"Tabela 22 – Caracterização Hospitalar – Equip de Manutenção da Vida, Equip de Diagnóstico e Infra - 2025 ri rio capim",20,"Tabela 22 – Caracterização Hospitalar – Equip de Manutenção da Vida, Equip de Diagnóstico e Infra - 2025 ri rio capim","..\..\Desktop\tabelas-powerBI\10 Rio Capim\Tabela 22 – Caracterização Hospitalar – Equip de Manutenção da Vida, Equip de Diagnóstico e Infra - 2025 ri rio capim.xlsx",Rio Capim,18607,66.0
Nova Esperança do Piriá,10 Rio Capim,22,"Tabela 22 – Caracterização Hospitalar – Equip de Manutenção da Vida, Equip de Diagnóstico e Infra - 2025 ri rio capim",20,"Tabela 22 – Caracterização Hospitalar – Equip de Manutenção da Vida, Equip de Diagnóstico e Infra - 2025 ri rio capim","..\..\Desktop\tabelas-powerBI\10 Rio Capim\Tabela 22 – Caracterização Hospitalar – Equip de Manutenção da Vida, Equip de Diagnóstico e Infra - 2025 ri rio capim.xlsx",Rio Capim,18607,5.0
Ourém,10 Rio Capim,22,"Tabela 22 – Caracterização Hospitalar – Equip de Manutenção da Vida, Equip de Diagnóstico e Infra - 2025 ri rio capim",20,"Tabela 22 – Caracterização Hospitalar – Equip de Manutenção da Vida, Equip de Diagnóstico e Infra - 2025 ri rio capim","..\..\Desktop\tabelas-powerBI\10 Rio Capim\Tabela 22 – Caracterização Hospitalar – Equip de Manutenção da Vida, Equip de Diagnóstico e Infra - 2025 ri rio capim.xlsx",Rio Capim,18607,0.0
Paragominas,10 Rio Capim,22,"Tabela 22 – Caracterização Hospitalar – Equip de Manutenção da Vida, Equip de Diagnóstico e Infra - 2025 ri rio capim",20,"Tabela 22 – Caracterização Hospitalar – Equip de Manutenção da Vida, Equip de Diagnóstico e Infra - 2025 ri rio capim","..\..\Desktop\tabelas-powerBI\10 Rio Capim\Tabela 22 – Caracterização Hospitalar – Equip de Manutenção da Vida, Equip de Diagnóstico e Infra - 2025 ri rio capim.xlsx",Rio Capim,18607,501.0
Rondon do Pará,10 Rio Capim,22,"Tabela 22 – Caracterização Hospitalar – Equip de Manutenção da Vida, Equip de Diagnóstico e Infra - 2025 ri rio capim",20,"Tabela 22 – Caracterização Hospitalar – Equip de Manutenção da Vida, Equip de Diagnóstico e Infra - 2025 ri rio capim","..\..\Desktop\tabelas-powerBI\10 Rio Capim\Tabela 22 – Caracterização Hospitalar – Equip de Manutenção da Vida, Equip de Diagnóstico e Infra - 2025 ri rio capim.xlsx",Rio Capim,18607,45.0
Tomé-Açu,10 Rio Capim,22,"Tabela 22 – Caracterização Hospitalar – Equip de Manutenção da Vida, Equip de Diagnóstico e Infra - 2025 ri rio capim",20,"Tabela 22 – Caracterização Hospitalar – Equip de Manutenção da Vida, Equip de Diagnóstico e Infra - 2025 ri rio capim","..\..\Desktop\tabelas-powerBI\10 Rio Capim\Tabela 22 – Caracterização Hospitalar – Equip de Manutenção da Vida, Equip de Diagnóstico e Infra - 2025 ri rio capim.xlsx",Rio Capim,18607,33.0
Ulianópolis,10 Rio Capim,22,"Tabela 22 – Caracterização Hospitalar – Equip de Manutenção da Vida, Equip de Diagnóstico e Infra - 2025 ri rio capim",20,"Tabela 22 – Caracterização Hospitalar – Equip de Manutenção da Vida, Equip de Diagnóstico e Infra - 2025 ri rio capim","..\..\Desktop\tabelas-powerBI\10 Rio Capim\Tabela 22 – Caracterização Hospitalar – Equip de Manutenção da Vida, Equip de Diagnóstico e Infra - 2025 ri rio capim.xlsx",Rio Capim,18607,64.0
Fonte: DATASUS,10 Rio Capim,22,"Tabela 22 – Caracterização Hospitalar – Equip de Manutenção da Vida, Equip de Diagnóstico e Infra - 2025 ri rio capim",20,"Tabela 22 – Caracterização Hospitalar – Equip de Manutenção da Vida, Equip de Diagnóstico e Infra - 2025 ri rio capim","..\..\Desktop\tabelas-powerBI\10 Rio Capim\Tabela 22 – Caracterização Hospitalar – Equip de Manutenção da Vida, Equip de Diagnóstico e Infra - 2025 ri rio capim.xlsx",Rio Capim,18607,
Elaboração: FAPESPA,10 Rio Capim,22,"Tabela 22 – Caracterização Hospitalar – Equip de Manutenção da Vida, Equip de Diagnóstico e Infra - 2025 ri rio capim",20,"Tabela 22 – Caracterização Hospitalar – Equip de Manutenção da Vida, Equip de Diagnóstico e Infra - 2025 ri rio capim","..\..\Desktop\tabelas-powerBI\10 Rio Capim\Tabela 22 – Caracterização Hospitalar – Equip de Manutenção da Vida, Equip de Diagnóstico e Infra - 2025 ri rio capim.xlsx",Rio Capim,18607,
*Nota: Dados referentes a Outubro/2025.,10 Rio Capim,22,"Tabela 22 – Caracterização Hospitalar – Equip de Manutenção da Vida, Equip de Diagnóstico e Infra - 2025 ri rio capim",20,"Tabela 22 – Caracterização Hospitalar – Equip de Manutenção da Vida, Equip de Diagnóstico e Infra - 2025 ri rio capim","..\..\Desktop\tabelas-powerBI\10 Rio Capim\Tabela 22 – Caracterização Hospitalar – Equip de Manutenção da Vida, Equip de Diagnóstico e Infra - 2025 ri rio capim.xlsx",Rio Capim,18607,
RI Rio Capim,10 Rio Capim,22,"Tabela 22 – Caracterização Hospitalar – Equip de Manutenção da Vida, Equip de Diagnóstico e Infra - 2025 ri rio capim",20,"Tabela 22 – Caracterização Hospitalar – Equip de Manutenção da Vida, Equip de Diagnóstico e Infra - 2025 ri rio capim","..\..\Desktop\tabelas-powerBI\10 Rio Capim\Tabela 22 – Caracterização Hospitalar – Equip de Manutenção da Vida, Equip de Diagnóstico e Infra - 2025 ri rio capim.xlsx",Rio Capim,506,34.0
Abel Figueiredo,10 Rio Capim,22,"Tabela 22 – Caracterização Hospitalar – Equip de Manutenção da Vida, Equip de Diagnóstico e Infra - 2025 ri rio capim",20,"Tabela 22 – Caracterização Hospitalar – Equip de Manutenção da Vida, Equip de Diagnóstico e Infra - 2025 ri rio capim","..\..\Desktop\tabelas-powerBI\10 Rio Capim\Tabela 22 – Caracterização Hospitalar – Equip de Manutenção da Vida, Equip de Diagnóstico e Infra - 2025 ri rio capim.xlsx",Rio Capim,506,1.0
Aurora do Pará,10 Rio Capim,22,"Tabela 22 – Caracterização Hospitalar – Equip de Manutenção da Vida, Equip de Diagnóstico e Infra - 2025 ri rio capim",20,"Tabela 22 – Caracterização Hospitalar – Equip de Manutenção da Vida, Equip de Diagnóstico e Infra - 2025 ri rio capim","..\..\Desktop\tabelas-powerBI\10 Rio Capim\Tabela 22 – Caracterização Hospitalar – Equip de Manutenção da Vida, Equip de Diagnóstico e Infra - 2025 ri rio capim.xlsx",Rio Capim,506,0.0
Bujaru,10 Rio Capim,22,"Tabela 22 – Caracterização Hospitalar – Equip de Manutenção da Vida, Equip de Diagnóstico e Infra - 2025 ri rio capim",20,"Tabela 22 – Caracterização Hospitalar – Equip de Manutenção da Vida, Equip de Diagnóstico e Infra - 2025 ri rio capim","..\..\Desktop\tabelas-powerBI\10 Rio Capim\Tabela 22 – Caracterização Hospitalar – Equip de Manutenção da Vida, Equip de Diagnóstico e Infra - 2025 ri rio capim.xlsx",Rio Capim,506,1.0
Capitão Poço,10 Rio Capim,22,"Tabela 22 – Caracterização Hospitalar – Equip de Manutenção da Vida, Equip de Diagnóstico e Infra - 2025 ri rio capim",20,"Tabela 22 – Caracterização Hospitalar – Equip de Manutenção da Vida, Equip de Diagnóstico e Infra - 2025 ri rio capim","..\..\Desktop\tabelas-powerBI\10 Rio Capim\Tabela 22 – Caracterização Hospitalar – Equip de Manutenção da Vida, Equip de Diagnóstico e Infra - 2025 ri rio capim.xlsx",Rio Capim,506,2.0
Concórdia do Pará,10 Rio Capim,22,"Tabela 22 – Caracterização Hospitalar – Equip de Manutenção da Vida, Equip de Diagnóstico e Infra - 2025 ri rio capim",20,"Tabela 22 – Caracterização Hospitalar – Equip de Manutenção da Vida, Equip de Diagnóstico e Infra - 2025 ri rio capim","..\..\Desktop\tabelas-powerBI\10 Rio Capim\Tabela 22 – Caracterização Hospitalar – Equip de Manutenção da Vida, Equip de Diagnóstico e Infra - 2025 ri rio capim.xlsx",Rio Capim,506,1.0
Dom Eliseu,10 Rio Capim,22,"Tabela 22 – Caracterização Hospitalar – Equip de Manutenção da Vida, Equip de Diagnóstico e Infra - 2025 ri rio capim",20,"Tabela 22 – Caracterização Hospitalar – Equip de Manutenção da Vida, Equip de Diagnóstico e Infra - 2025 ri rio capim","..\..\Desktop\tabelas-powerBI\10 Rio Capim\Tabela 22 – Caracterização Hospitalar – Equip de Manutenção da Vida, Equip de Diagnóstico e Infra - 2025 ri rio capim.xlsx",Rio Capim,506,3.0
Garrafão do Norte,10 Rio Capim,22,"Tabela 22 – Caracterização Hospitalar – Equip de Manutenção da Vida, Equip de Diagnóstico e Infra - 2025 ri rio capim",20,"Tabela 22 – Caracterização Hospitalar – Equip de Manutenção da Vida, Equip de Diagnóstico e Infra - 2025 ri rio capim","..\..\Desktop\tabelas-powerBI\10 Rio Capim\Tabela 22 – Caracterização Hospitalar – Equip de Manutenção da Vida, Equip de Diagnóstico e Infra - 2025 ri rio capim.xlsx",Rio Capim,506,1.0
Ipixuna do Pará,10 Rio Capim,22,"Tabela 22 – Caracterização Hospitalar – Equip de Manutenção da Vida, Equip de Diagnóstico e Infra - 2025 ri rio capim",20,"Tabela 22 – Caracterização Hospitalar – Equip de Manutenção da Vida, Equip de Diagnóstico e Infra - 2025 ri rio capim","..\..\Desktop\tabelas-powerBI\10 Rio Capim\Tabela 22 – Caracterização Hospitalar – Equip de Manutenção da Vida, Equip de Diagnóstico e Infra - 2025 ri rio capim.xlsx",Rio Capim,506,1.0
Irituia,10 Rio Capim,22,"Tabela 22 – Caracterização Hospitalar – Equip de Manutenção da Vida, Equip de Diagnóstico e Infra - 2025 ri rio capim",20,"Tabela 22 – Caracterização Hospitalar – Equip de Manutenção da Vida, Equip de Diagnóstico e Infra - 2025 ri rio capim","..\..\Desktop\tabelas-powerBI\10 Rio Capim\Tabela 22 – Caracterização Hospitalar – Equip de Manutenção da Vida, Equip de Diagnóstico e Infra - 2025 ri rio capim.xlsx",Rio Capim,506,0.0
Mãe do Rio,10 Rio Capim,22,"Tabela 22 – Caracterização Hospitalar – Equip de Manutenção da Vida, Equip de Diagnóstico e Infra - 2025 ri rio capim",20,"Tabela 22 – Caracterização Hospitalar – Equip de Manutenção da Vida, Equip de Diagnóstico e Infra - 2025 ri rio capim","..\..\Desktop\tabelas-powerBI\10 Rio Capim\Tabela 22 – Caracterização Hospitalar – Equip de Manutenção da Vida, Equip de Diagnóstico e Infra - 2025 ri rio capim.xlsx",Rio Capim,506,2.0
Nova Esperança do Piriá,10 Rio Capim,22,"Tabela 22 – Caracterização Hospitalar – Equip de Manutenção da Vida, Equip de Diagnóstico e Infra - 2025 ri rio capim",20,"Tabela 22 – Caracterização Hospitalar – Equip de Manutenção da Vida, Equip de Diagnóstico e Infra - 2025 ri rio capim","..\..\Desktop\tabelas-powerBI\10 Rio Capim\Tabela 22 – Caracterização Hospitalar – Equip de Manutenção da Vida, Equip de Diagnóstico e Infra - 2025 ri rio capim.xlsx",Rio Capim,506,0.0
Ourém,10 Rio Capim,22,"Tabela 22 – Caracterização Hospitalar – Equip de Manutenção da Vida, Equip de Diagnóstico e Infra - 2025 ri rio capim",20,"Tabela 22 – Caracterização Hospitalar – Equip de Manutenção da Vida, Equip de Diagnóstico e Infra - 2025 ri rio capim","..\..\Desktop\tabelas-powerBI\10 Rio Capim\Tabela 22 – Caracterização Hospitalar – Equip de Manutenção da Vida, Equip de Diagnóstico e Infra - 2025 ri rio capim.xlsx",Rio Capim,506,1.0
Paragominas,10 Rio Capim,22,"Tabela 22 – Caracterização Hospitalar – Equip de Manutenção da Vida, Equip de Diagnóstico e Infra - 2025 ri rio capim",20,"Tabela 22 – Caracterização Hospitalar – Equip de Manutenção da Vida, Equip de Diagnóstico e Infra - 2025 ri rio capim","..\..\Desktop\tabelas-powerBI\10 Rio Capim\Tabela 22 – Caracterização Hospitalar – Equip de Manutenção da Vida, Equip de Diagnóstico e Infra - 2025 ri rio capim.xlsx",Rio Capim,506,10.0
Rondon do Pará,10 Rio Capim,22,"Tabela 22 – Caracterização Hospitalar – Equip de Manutenção da Vida, Equip de Diagnóstico e Infra - 2025 ri rio capim",20,"Tabela 22 – Caracterização Hospitalar – Equip de Manutenção da Vida, Equip de Diagnóstico e Infra - 2025 ri rio capim","..\..\Desktop\tabelas-powerBI\10 Rio Capim\Tabela 22 – Caracterização Hospitalar – Equip de Manutenção da Vida, Equip de Diagnóstico e Infra - 2025 ri rio capim.xlsx",Rio Capim,506,2.0
Tomé-Açu,10 Rio Capim,22,"Tabela 22 – Caracterização Hospitalar – Equip de Manutenção da Vida, Equip de Diagnóstico e Infra - 2025 ri rio capim",20,"Tabela 22 – Caracterização Hospitalar – Equip de Manutenção da Vida, Equip de Diagnóstico e Infra - 2025 ri rio capim","..\..\Desktop\tabelas-powerBI\10 Rio Capim\Tabela 22 – Caracterização Hospitalar – Equip de Manutenção da Vida, Equip de Diagnóstico e Infra - 2025 ri rio capim.xlsx",Rio Capim,506,6.0
Ulianópolis,10 Rio Capim,22,"Tabela 22 – Caracterização Hospitalar – Equip de Manutenção da Vida, Equip de Diagnóstico e Infra - 2025 ri rio capim",20,"Tabela 22 – Caracterização Hospitalar – Equip de Manutenção da Vida, Equip de Diagnóstico e Infra - 2025 ri rio capim","..\..\Desktop\tabelas-powerBI\10 Rio Capim\Tabela 22 – Caracterização Hospitalar – Equip de Manutenção da Vida, Equip de Diagnóstico e Infra - 2025 ri rio capim.xlsx",Rio Capim,506,3.0
Fonte: DATASUS,10 Rio Capim,22,"Tabela 22 – Caracterização Hospitalar – Equip de Manutenção da Vida, Equip de Diagnóstico e Infra - 2025 ri rio capim",20,"Tabela 22 – Caracterização Hospitalar – Equip de Manutenção da Vida, Equip de Diagnóstico e Infra - 2025 ri rio capim","..\..\Desktop\tabelas-powerBI\10 Rio Capim\Tabela 22 – Caracterização Hospitalar – Equip de Manutenção da Vida, Equip de Diagnóstico e Infra - 2025 ri rio capim.xlsx",Rio Capim,506,
Elaboração: FAPESPA,10 Rio Capim,22,"Tabela 22 – Caracterização Hospitalar – Equip de Manutenção da Vida, Equip de Diagnóstico e Infra - 2025 ri rio capim",20,"Tabela 22 – Caracterização Hospitalar – Equip de Manutenção da Vida, Equip de Diagnóstico e Infra - 2025 ri rio capim","..\..\Desktop\tabelas-powerBI\10 Rio Capim\Tabela 22 – Caracterização Hospitalar – Equip de Manutenção da Vida, Equip de Diagnóstico e Infra - 2025 ri rio capim.xlsx",Rio Capim,506,
*Nota: Dados referentes a Outubro/2025.,10 Rio Capim,22,"Tabela 22 – Caracterização Hospitalar – Equip de Manutenção da Vida, Equip de Diagnóstico e Infra - 2025 ri rio capim",20,"Tabela 22 – Caracterização Hospitalar – Equip de Manutenção da Vida, Equip de Diagnóstico e Infra - 2025 ri rio capim","..\..\Desktop\tabelas-powerBI\10 Rio Capim\Tabela 22 – Caracterização Hospitalar – Equip de Manutenção da Vida, Equip de Diagnóstico e Infra - 2025 ri rio capim.xlsx",Rio Capim,506,
RI Rio Capim,10 Rio Capim,22,"Tabela 22 – Caracterização Hospitalar – Equip de Manutenção da Vida, Equip de Diagnóstico e Infra - 2025 ri rio capim",20,"Tabela 22 – Caracterização Hospitalar – Equip de Manutenção da Vida, Equip de Diagnóstico e Infra - 2025 ri rio capim","..\..\Desktop\tabelas-powerBI\10 Rio Capim\Tabela 22 – Caracterização Hospitalar – Equip de Manutenção da Vida, Equip de Diagnóstico e Infra - 2025 ri rio capim.xlsx",Rio Capim,493,33.0
Abel Figueiredo,10 Rio Capim,22,"Tabela 22 – Caracterização Hospitalar – Equip de Manutenção da Vida, Equip de Diagnóstico e Infra - 2025 ri rio capim",20,"Tabela 22 – Caracterização Hospitalar – Equip de Manutenção da Vida, Equip de Diagnóstico e Infra - 2025 ri rio capim","..\..\Desktop\tabelas-powerBI\10 Rio Capim\Tabela 22 – Caracterização Hospitalar – Equip de Manutenção da Vida, Equip de Diagnóstico e Infra - 2025 ri rio capim.xlsx",Rio Capim,493,1.0
Aurora do Pará,10 Rio Capim,22,"Tabela 22 – Caracterização Hospitalar – Equip de Manutenção da Vida, Equip de Diagnóstico e Infra - 2025 ri rio capim",20,"Tabela 22 – Caracterização Hospitalar – Equip de Manutenção da Vida, Equip de Diagnóstico e Infra - 2025 ri rio capim","..\..\Desktop\tabelas-powerBI\10 Rio Capim\Tabela 22 – Caracterização Hospitalar – Equip de Manutenção da Vida, Equip de Diagnóstico e Infra - 2025 ri rio capim.xlsx",Rio Capim,493,0.0
Bujaru,10 Rio Capim,22,"Tabela 22 – Caracterização Hospitalar – Equip de Manutenção da Vida, Equip de Diagnóstico e Infra - 2025 ri rio capim",20,"Tabela 22 – Caracterização Hospitalar – Equip de Manutenção da Vida, Equip de Diagnóstico e Infra - 2025 ri rio capim","..\..\Desktop\tabelas-powerBI\10 Rio Capim\Tabela 22 – Caracterização Hospitalar – Equip de Manutenção da Vida, Equip de Diagnóstico e Infra - 2025 ri rio capim.xlsx",Rio Capim,493,1.0
Capitão Poço,10 Rio Capim,22,"Tabela 22 – Caracterização Hospitalar – Equip de Manutenção da Vida, Equip de Diagnóstico e Infra - 2025 ri rio capim",20,"Tabela 22 – Caracterização Hospitalar – Equip de Manutenção da Vida, Equip de Diagnóstico e Infra - 2025 ri rio capim","..\..\Desktop\tabelas-powerBI\10 Rio Capim\Tabela 22 – Caracterização Hospitalar – Equip de Manutenção da Vida, Equip de Diagnóstico e Infra - 2025 ri rio capim.xlsx",Rio Capim,493,2.0
Concórdia do Pará,10 Rio Capim,22,"Tabela 22 – Caracterização Hospitalar – Equip de Manutenção da Vida, Equip de Diagnóstico e Infra - 2025 ri rio capim",20,"Tabela 22 – Caracterização Hospitalar – Equip de Manutenção da Vida, Equip de Diagnóstico e Infra - 2025 ri rio capim","..\..\Desktop\tabelas-powerBI\10 Rio Capim\Tabela 22 – Caracterização Hospitalar – Equip de Manutenção da Vida, Equip de Diagnóstico e Infra - 2025 ri rio capim.xlsx",Rio Capim,493,1.0
Dom Eliseu,10 Rio Capim,22,"Tabela 22 – Caracterização Hospitalar – Equip de Manutenção da Vida, Equip de Diagnóstico e Infra - 2025 ri rio capim",20,"Tabela 22 – Caracterização Hospitalar – Equip de Manutenção da Vida, Equip de Diagnóstico e Infra - 2025 ri rio capim","..\..\Desktop\tabelas-powerBI\10 Rio Capim\Tabela 22 – Caracterização Hospitalar – Equip de Manutenção da Vida, Equip de Diagnóstico e Infra - 2025 ri rio capim.xlsx",Rio Capim,493,3.0
Garrafão do Norte,10 Rio Capim,22,"Tabela 22 – Caracterização Hospitalar – Equip de Manutenção da Vida, Equip de Diagnóstico e Infra - 2025 ri rio capim",20,"Tabela 22 – Caracterização Hospitalar – Equip de Manutenção da Vida, Equip de Diagnóstico e Infra - 2025 ri rio capim","..\..\Desktop\tabelas-powerBI\10 Rio Capim\Tabela 22 – Caracterização Hospitalar – Equip de Manutenção da Vida, Equip de Diagnóstico e Infra - 2025 ri rio capim.xlsx",Rio Capim,493,1.0
Ipixuna do Pará,10 Rio Capim,22,"Tabela 22 – Caracterização Hospitalar – Equip de Manutenção da Vida, Equip de Diagnóstico e Infra - 2025 ri rio capim",20,"Tabela 22 – Caracterização Hospitalar – Equip de Manutenção da Vida, Equip de Diagnóstico e Infra - 2025 ri rio capim","..\..\Desktop\tabelas-powerBI\10 Rio Capim\Tabela 22 – Caracterização Hospitalar – Equip de Manutenção da Vida, Equip de Diagnóstico e Infra - 2025 ri rio capim.xlsx",Rio Capim,493,1.0
Irituia,10 Rio Capim,22,"Tabela 22 – Caracterização Hospitalar – Equip de Manutenção da Vida, Equip de Diagnóstico e Infra - 2025 ri rio capim",20,"Tabela 22 – Caracterização Hospitalar – Equip de Manutenção da Vida, Equip de Diagnóstico e Infra - 2025 ri rio capim","..\..\Desktop\tabelas-powerBI\10 Rio Capim\Tabela 22 – Caracterização Hospitalar – Equip de Manutenção da Vida, Equip de Diagnóstico e Infra - 2025 ri rio capim.xlsx",Rio Capim,493,0.0
Mãe do Rio,10 Rio Capim,22,"Tabela 22 – Caracterização Hospitalar – Equip de Manutenção da Vida, Equip de Diagnóstico e Infra - 2025 ri rio capim",20,"Tabela 22 – Caracterização Hospitalar – Equip de Manutenção da Vida, Equip de Diagnóstico e Infra - 2025 ri rio capim","..\..\Desktop\tabelas-powerBI\10 Rio Capim\Tabela 22 – Caracterização Hospitalar – Equip de Manutenção da Vida, Equip de Diagnóstico e Infra - 2025 ri rio capim.xlsx",Rio Capim,493,2.0
Nova Esperança do Piriá,10 Rio Capim,22,"Tabela 22 – Caracterização Hospitalar – Equip de Manutenção da Vida, Equip de Diagnóstico e Infra - 2025 ri rio capim",20,"Tabela 22 – Caracterização Hospitalar – Equip de Manutenção da Vida, Equip de Diagnóstico e Infra - 2025 ri rio capim","..\..\Desktop\tabelas-powerBI\10 Rio Capim\Tabela 22 – Caracterização Hospitalar – Equip de Manutenção da Vida, Equip de Diagnóstico e Infra - 2025 ri rio capim.xlsx",Rio Capim,493,0.0
Ourém,10 Rio Capim,22,"Tabela 22 – Caracterização Hospitalar – Equip de Manutenção da Vida, Equip de Diagnóstico e Infra - 2025 ri rio capim",20,"Tabela 22 – Caracterização Hospitalar – Equip de Manutenção da Vida, Equip de Diagnóstico e Infra - 2025 ri rio capim","..\..\Desktop\tabelas-powerBI\10 Rio Capim\Tabela 22 – Caracterização Hospitalar – Equip de Manutenção da Vida, Equip de Diagnóstico e Infra - 2025 ri rio capim.xlsx",Rio Capim,493,1.0
Paragominas,10 Rio Capim,22,"Tabela 22 – Caracterização Hospitalar – Equip de Manutenção da Vida, Equip de Diagnóstico e Infra - 2025 ri rio capim",20,"Tabela 22 – Caracterização Hospitalar – Equip de Manutenção da Vida, Equip de Diagnóstico e Infra - 2025 ri rio capim","..\..\Desktop\tabelas-powerBI\10 Rio Capim\Tabela 22 – Caracterização Hospitalar – Equip de Manutenção da Vida, Equip de Diagnóstico e Infra - 2025 ri rio capim.xlsx",Rio Capim,493,10.0
Rondon do Pará,10 Rio Capim,22,"Tabela 22 – Caracterização Hospitalar – Equip de Manutenção da Vida, Equip de Diagnóstico e Infra - 2025 ri rio capim",20,"Tabela 22 – Caracterização Hospitalar – Equip de Manutenção da Vida, Equip de Diagnóstico e Infra - 2025 ri rio capim","..\..\Desktop\tabelas-powerBI\10 Rio Capim\Tabela 22 – Caracterização Hospitalar – Equip de Manutenção da Vida, Equip de Diagnóstico e Infra - 2025 ri rio capim.xlsx",Rio Capim,493,2.0
Tomé-Açu,10 Rio Capim,22,"Tabela 22 – Caracterização Hospitalar – Equip de Manutenção da Vida, Equip de Diagnóstico e Infra - 2025 ri rio capim",20,"Tabela 22 – Caracterização Hospitalar – Equip de Manutenção da Vida, Equip de Diagnóstico e Infra - 2025 ri rio capim","..\..\Desktop\tabelas-powerBI\10 Rio Capim\Tabela 22 – Caracterização Hospitalar – Equip de Manutenção da Vida, Equip de Diagnóstico e Infra - 2025 ri rio capim.xlsx",Rio Capim,493,5.0
Ulianópolis,10 Rio Capim,22,"Tabela 22 – Caracterização Hospitalar – Equip de Manutenção da Vida, Equip de Diagnóstico e Infra - 2025 ri rio capim",20,"Tabela 22 – Caracterização Hospitalar – Equip de Manutenção da Vida, Equip de Diagnóstico e Infra - 2025 ri rio capim","..\..\Desktop\tabelas-powerBI\10 Rio Capim\Tabela 22 – Caracterização Hospitalar – Equip de Manutenção da Vida, Equip de Diagnóstico e Infra - 2025 ri rio capim.xlsx",Rio Capim,493,3.0
Fonte: DATASUS,10 Rio Capim,22,"Tabela 22 – Caracterização Hospitalar – Equip de Manutenção da Vida, Equip de Diagnóstico e Infra - 2025 ri rio capim",20,"Tabela 22 – Caracterização Hospitalar – Equip de Manutenção da Vida, Equip de Diagnóstico e Infra - 2025 ri rio capim","..\..\Desktop\tabelas-powerBI\10 Rio Capim\Tabela 22 – Caracterização Hospitalar – Equip de Manutenção da Vida, Equip de Diagnóstico e Infra - 2025 ri rio capim.xlsx",Rio Capim,493,
Elaboração: FAPESPA,10 Rio Capim,22,"Tabela 22 – Caracterização Hospitalar – Equip de Manutenção da Vida, Equip de Diagnóstico e Infra - 2025 ri rio capim",20,"Tabela 22 – Caracterização Hospitalar – Equip de Manutenção da Vida, Equip de Diagnóstico e Infra - 2025 ri rio capim","..\..\Desktop\tabelas-powerBI\10 Rio Capim\Tabela 22 – Caracterização Hospitalar – Equip de Manutenção da Vida, Equip de Diagnóstico e Infra - 2025 ri rio capim.xlsx",Rio Capim,493,
*Nota: Dados referentes a Outubro/2025.,10 Rio Capim,22,"Tabela 22 – Caracterização Hospitalar – Equip de Manutenção da Vida, Equip de Diagnóstico e Infra - 2025 ri rio capim",20,"Tabela 22 – Caracterização Hospitalar – Equip de Manutenção da Vida, Equip de Diagnóstico e Infra - 2025 ri rio capim","..\..\Desktop\tabelas-powerBI\10 Rio Capim\Tabela 22 – Caracterização Hospitalar – Equip de Manutenção da Vida, Equip de Diagnóstico e Infra - 2025 ri rio capim.xlsx",Rio Capim,493,
RI Rio Capim,10 Rio Capim,22,"Tabela 22 – Caracterização Hospitalar – Equip de Manutenção da Vida, Equip de Diagnóstico e Infra - 2025 ri rio capim",20,"Tabela 22 – Caracterização Hospitalar – Equip de Manutenção da Vida, Equip de Diagnóstico e Infra - 2025 ri rio capim","..\..\Desktop\tabelas-powerBI\10 Rio Capim\Tabela 22 – Caracterização Hospitalar – Equip de Manutenção da Vida, Equip de Diagnóstico e Infra - 2025 ri rio capim.xlsx",Rio Capim,172,26.0
Abel Figueiredo,10 Rio Capim,22,"Tabela 22 – Caracterização Hospitalar – Equip de Manutenção da Vida, Equip de Diagnóstico e Infra - 2025 ri rio capim",20,"Tabela 22 – Caracterização Hospitalar – Equip de Manutenção da Vida, Equip de Diagnóstico e Infra - 2025 ri rio capim","..\..\Desktop\tabelas-powerBI\10 Rio Capim\Tabela 22 – Caracterização Hospitalar – Equip de Manutenção da Vida, Equip de Diagnóstico e Infra - 2025 ri rio capim.xlsx",Rio Capim,172,0.0
Aurora do Pará,10 Rio Capim,22,"Tabela 22 – Caracterização Hospitalar – Equip de Manutenção da Vida, Equip de Diagnóstico e Infra - 2025 ri rio capim",20,"Tabela 22 – Caracterização Hospitalar – Equip de Manutenção da Vida, Equip de Diagnóstico e Infra - 2025 ri rio capim","..\..\Desktop\tabelas-powerBI\10 Rio Capim\Tabela 22 – Caracterização Hospitalar – Equip de Manutenção da Vida, Equip de Diagnóstico e Infra - 2025 ri rio capim.xlsx",Rio Capim,172,0.0
Bujaru,10 Rio Capim,22,"Tabela 22 – Caracterização Hospitalar – Equip de Manutenção da Vida, Equip de Diagnóstico e Infra - 2025 ri rio capim",20,"Tabela 22 – Caracterização Hospitalar – Equip de Manutenção da Vida, Equip de Diagnóstico e Infra - 2025 ri rio capim","..\..\Desktop\tabelas-powerBI\10 Rio Capim\Tabela 22 – Caracterização Hospitalar – Equip de Manutenção da Vida, Equip de Diagnóstico e Infra - 2025 ri rio capim.xlsx",Rio Capim,172,0.0
Capitão Poço,10 Rio Capim,22,"Tabela 22 – Caracterização Hospitalar – Equip de Manutenção da Vida, Equip de Diagnóstico e Infra - 2025 ri rio capim",20,"Tabela 22 – Caracterização Hospitalar – Equip de Manutenção da Vida, Equip de Diagnóstico e Infra - 2025 ri rio capim","..\..\Desktop\tabelas-powerBI\10 Rio Capim\Tabela 22 – Caracterização Hospitalar – Equip de Manutenção da Vida, Equip de Diagnóstico e Infra - 2025 ri rio capim.xlsx",Rio Capim,172,4.0
Concórdia do Pará,10 Rio Capim,22,"Tabela 22 – Caracterização Hospitalar – Equip de Manutenção da Vida, Equip de Diagnóstico e Infra - 2025 ri rio capim",20,"Tabela 22 – Caracterização Hospitalar – Equip de Manutenção da Vida, Equip de Diagnóstico e Infra - 2025 ri rio capim","..\..\Desktop\tabelas-powerBI\10 Rio Capim\Tabela 22 – Caracterização Hospitalar – Equip de Manutenção da Vida, Equip de Diagnóstico e Infra - 2025 ri rio capim.xlsx",Rio Capim,172,0.0
Dom Eliseu,10 Rio Capim,22,"Tabela 22 – Caracterização Hospitalar – Equip de Manutenção da Vida, Equip de Diagnóstico e Infra - 2025 ri rio capim",20,"Tabela 22 – Caracterização Hospitalar – Equip de Manutenção da Vida, Equip de Diagnóstico e Infra - 2025 ri rio capim","..\..\Desktop\tabelas-powerBI\10 Rio Capim\Tabela 22 – Caracterização Hospitalar – Equip de Manutenção da Vida, Equip de Diagnóstico e Infra - 2025 ri rio capim.xlsx",Rio Capim,172,1.0
Garrafão do Norte,10 Rio Capim,22,"Tabela 22 – Caracterização Hospitalar – Equip de Manutenção da Vida, Equip de Diagnóstico e Infra - 2025 ri rio capim",20,"Tabela 22 – Caracterização Hospitalar – Equip de Manutenção da Vida, Equip de Diagnóstico e Infra - 2025 ri rio capim","..\..\Desktop\tabelas-powerBI\10 Rio Capim\Tabela 22 – Caracterização Hospitalar – Equip de Manutenção da Vida, Equip de Diagnóstico e Infra - 2025 ri rio capim.xlsx",Rio Capim,172,0.0
Ipixuna do Pará,10 Rio Capim,22,"Tabela 22 – Caracterização Hospitalar – Equip de Manutenção da Vida, Equip de Diagnóstico e Infra - 2025 ri rio capim",20,"Tabela 22 – Caracterização Hospitalar – Equip de Manutenção da Vida, Equip de Diagnóstico e Infra - 2025 ri rio capim","..\..\Desktop\tabelas-powerBI\10 Rio Capim\Tabela 22 – Caracterização Hospitalar – Equip de Manutenção da Vida, Equip de Diagnóstico e Infra - 2025 ri rio capim.xlsx",Rio Capim,172,0.0
Irituia,10 Rio Capim,22,"Tabela 22 – Caracterização Hospitalar – Equip de Manutenção da Vida, Equip de Diagnóstico e Infra - 2025 ri rio capim",20,"Tabela 22 – Caracterização Hospitalar – Equip de Manutenção da Vida, Equip de Diagnóstico e Infra - 2025 ri rio capim","..\..\Desktop\tabelas-powerBI\10 Rio Capim\Tabela 22 – Caracterização Hospitalar – Equip de Manutenção da Vida, Equip de Diagnóstico e Infra - 2025 ri rio capim.xlsx",Rio Capim,172,0.0
Mãe do Rio,10 Rio Capim,22,"Tabela 22 – Caracterização Hospitalar – Equip de Manutenção da Vida, Equip de Diagnóstico e Infra - 2025 ri rio capim",20,"Tabela 22 – Caracterização Hospitalar – Equip de Manutenção da Vida, Equip de Diagnóstico e Infra - 2025 ri rio capim","..\..\Desktop\tabelas-powerBI\10 Rio Capim\Tabela 22 – Caracterização Hospitalar – Equip de Manutenção da Vida, Equip de Diagnóstico e Infra - 2025 ri rio capim.xlsx",Rio Capim,172,0.0
Nova Esperança do Piriá,10 Rio Capim,22,"Tabela 22 – Caracterização Hospitalar – Equip de Manutenção da Vida, Equip de Diagnóstico e Infra - 2025 ri rio capim",20,"Tabela 22 – Caracterização Hospitalar – Equip de Manutenção da Vida, Equip de Diagnóstico e Infra - 2025 ri rio capim","..\..\Desktop\tabelas-powerBI\10 Rio Capim\Tabela 22 – Caracterização Hospitalar – Equip de Manutenção da Vida, Equip de Diagnóstico e Infra - 2025 ri rio capim.xlsx",Rio Capim,172,0.0
Ourém,10 Rio Capim,22,"Tabela 22 – Caracterização Hospitalar – Equip de Manutenção da Vida, Equip de Diagnóstico e Infra - 2025 ri rio capim",20,"Tabela 22 – Caracterização Hospitalar – Equip de Manutenção da Vida, Equip de Diagnóstico e Infra - 2025 ri rio capim","..\..\Desktop\tabelas-powerBI\10 Rio Capim\Tabela 22 – Caracterização Hospitalar – Equip de Manutenção da Vida, Equip de Diagnóstico e Infra - 2025 ri rio capim.xlsx",Rio Capim,172,0.0
Paragominas,10 Rio Capim,22,"Tabela 22 – Caracterização Hospitalar – Equip de Manutenção da Vida, Equip de Diagnóstico e Infra - 2025 ri rio capim",20,"Tabela 22 – Caracterização Hospitalar – Equip de Manutenção da Vida, Equip de Diagnóstico e Infra - 2025 ri rio capim","..\..\Desktop\tabelas-powerBI\10 Rio Capim\Tabela 22 – Caracterização Hospitalar – Equip de Manutenção da Vida, Equip de Diagnóstico e Infra - 2025 ri rio capim.xlsx",Rio Capim,172,8.0
Rondon do Pará,10 Rio Capim,22,"Tabela 22 – Caracterização Hospitalar – Equip de Manutenção da Vida, Equip de Diagnóstico e Infra - 2025 ri rio capim",20,"Tabela 22 – Caracterização Hospitalar – Equip de Manutenção da Vida, Equip de Diagnóstico e Infra - 2025 ri rio capim","..\..\Desktop\tabelas-powerBI\10 Rio Capim\Tabela 22 – Caracterização Hospitalar – Equip de Manutenção da Vida, Equip de Diagnóstico e Infra - 2025 ri rio capim.xlsx",Rio Capim,172,1.0
Tomé-Açu,10 Rio Capim,22,"Tabela 22 – Caracterização Hospitalar – Equip de Manutenção da Vida, Equip de Diagnóstico e Infra - 2025 ri rio capim",20,"Tabela 22 – Caracterização Hospitalar – Equip de Manutenção da Vida, Equip de Diagnóstico e Infra - 2025 ri rio capim","..\..\Desktop\tabelas-powerBI\10 Rio Capim\Tabela 22 – Caracterização Hospitalar – Equip de Manutenção da Vida, Equip de Diagnóstico e Infra - 2025 ri rio capim.xlsx",Rio Capim,172,0.0
Ulianópolis,10 Rio Capim,22,"Tabela 22 – Caracterização Hospitalar – Equip de Manutenção da Vida, Equip de Diagnóstico e Infra - 2025 ri rio capim",20,"Tabela 22 – Caracterização Hospitalar – Equip de Manutenção da Vida, Equip de Diagnóstico e Infra - 2025 ri rio capim","..\..\Desktop\tabelas-powerBI\10 Rio Capim\Tabela 22 – Caracterização Hospitalar – Equip de Manutenção da Vida, Equip de Diagnóstico e Infra - 2025 ri rio capim.xlsx",Rio Capim,172,12.0
Fonte: DATASUS,10 Rio Capim,22,"Tabela 22 – Caracterização Hospitalar – Equip de Manutenção da Vida, Equip de Diagnóstico e Infra - 2025 ri rio capim",20,"Tabela 22 – Caracterização Hospitalar – Equip de Manutenção da Vida, Equip de Diagnóstico e Infra - 2025 ri rio capim","..\..\Desktop\tabelas-powerBI\10 Rio Capim\Tabela 22 – Caracterização Hospitalar – Equip de Manutenção da Vida, Equip de Diagnóstico e Infra - 2025 ri rio capim.xlsx",Rio Capim,172,
Elaboração: FAPESPA,10 Rio Capim,22,"Tabela 22 – Caracterização Hospitalar – Equip de Manutenção da Vida, Equip de Diagnóstico e Infra - 2025 ri rio capim",20,"Tabela 22 – Caracterização Hospitalar – Equip de Manutenção da Vida, Equip de Diagnóstico e Infra - 2025 ri rio capim","..\..\Desktop\tabelas-powerBI\10 Rio Capim\Tabela 22 – Caracterização Hospitalar – Equip de Manutenção da Vida, Equip de Diagnóstico e Infra - 2025 ri rio capim.xlsx",Rio Capim,172,
*Nota: Dados referentes a Outubro/2025.,10 Rio Capim,22,"Tabela 22 – Caracterização Hospitalar – Equip de Manutenção da Vida, Equip de Diagnóstico e Infra - 2025 ri rio capim",20,"Tabela 22 – Caracterização Hospitalar – Equip de Manutenção da Vida, Equip de Diagnóstico e Infra - 2025 ri rio capim","..\..\Desktop\tabelas-powerBI\10 Rio Capim\Tabela 22 – Caracterização Hospitalar – Equip de Manutenção da Vida, Equip de Diagnóstico e Infra - 2025 ri rio capim.xlsx",Rio Capim,172,
RI Rio Capim,10 Rio Capim,22,"Tabela 22 – Caracterização Hospitalar – Equip de Manutenção da Vida, Equip de Diagnóstico e Infra - 2025 ri rio capim",20,"Tabela 22 – Caracterização Hospitalar – Equip de Manutenção da Vida, Equip de Diagnóstico e Infra - 2025 ri rio capim","..\..\Desktop\tabelas-powerBI\10 Rio Capim\Tabela 22 – Caracterização Hospitalar – Equip de Manutenção da Vida, Equip de Diagnóstico e Infra - 2025 ri rio capim.xlsx",Rio Capim,165,26.0
Abel Figueiredo,10 Rio Capim,22,"Tabela 22 – Caracterização Hospitalar – Equip de Manutenção da Vida, Equip de Diagnóstico e Infra - 2025 ri rio capim",20,"Tabela 22 – Caracterização Hospitalar – Equip de Manutenção da Vida, Equip de Diagnóstico e Infra - 2025 ri rio capim","..\..\Desktop\tabelas-powerBI\10 Rio Capim\Tabela 22 – Caracterização Hospitalar – Equip de Manutenção da Vida, Equip de Diagnóstico e Infra - 2025 ri rio capim.xlsx",Rio Capim,165,0.0
Aurora do Pará,10 Rio Capim,22,"Tabela 22 – Caracterização Hospitalar – Equip de Manutenção da Vida, Equip de Diagnóstico e Infra - 2025 ri rio capim",20,"Tabela 22 – Caracterização Hospitalar – Equip de Manutenção da Vida, Equip de Diagnóstico e Infra - 2025 ri rio capim","..\..\Desktop\tabelas-powerBI\10 Rio Capim\Tabela 22 – Caracterização Hospitalar – Equip de Manutenção da Vida, Equip de Diagnóstico e Infra - 2025 ri rio capim.xlsx",Rio Capim,165,0.0
Bujaru,10 Rio Capim,22,"Tabela 22 – Caracterização Hospitalar – Equip de Manutenção da Vida, Equip de Diagnóstico e Infra - 2025 ri rio capim",20,"Tabela 22 – Caracterização Hospitalar – Equip de Manutenção da Vida, Equip de Diagnóstico e Infra - 2025 ri rio capim","..\..\Desktop\tabelas-powerBI\10 Rio Capim\Tabela 22 – Caracterização Hospitalar – Equip de Manutenção da Vida, Equip de Diagnóstico e Infra - 2025 ri rio capim.xlsx",Rio Capim,165,0.0
Capitão Poço,10 Rio Capim,22,"Tabela 22 – Caracterização Hospitalar – Equip de Manutenção da Vida, Equip de Diagnóstico e Infra - 2025 ri rio capim",20,"Tabela 22 – Caracterização Hospitalar – Equip de Manutenção da Vida, Equip de Diagnóstico e Infra - 2025 ri rio capim","..\..\Desktop\tabelas-powerBI\10 Rio Capim\Tabela 22 – Caracterização Hospitalar – Equip de Manutenção da Vida, Equip de Diagnóstico e Infra - 2025 ri rio capim.xlsx",Rio Capim,165,4.0
Concórdia do Pará,10 Rio Capim,22,"Tabela 22 – Caracterização Hospitalar – Equip de Manutenção da Vida, Equip de Diagnóstico e Infra - 2025 ri rio capim",20,"Tabela 22 – Caracterização Hospitalar – Equip de Manutenção da Vida, Equip de Diagnóstico e Infra - 2025 ri rio capim","..\..\Desktop\tabelas-powerBI\10 Rio Capim\Tabela 22 – Caracterização Hospitalar – Equip de Manutenção da Vida, Equip de Diagnóstico e Infra - 2025 ri rio capim.xlsx",Rio Capim,165,0.0
Dom Eliseu,10 Rio Capim,22,"Tabela 22 – Caracterização Hospitalar – Equip de Manutenção da Vida, Equip de Diagnóstico e Infra - 2025 ri rio capim",20,"Tabela 22 – Caracterização Hospitalar – Equip de Manutenção da Vida, Equip de Diagnóstico e Infra - 2025 ri rio capim","..\..\Desktop\tabelas-powerBI\10 Rio Capim\Tabela 22 – Caracterização Hospitalar – Equip de Manutenção da Vida, Equip de Diagnóstico e Infra - 2025 ri rio capim.xlsx",Rio Capim,165,1.0
Garrafão do Norte,10 Rio Capim,22,"Tabela 22 – Caracterização Hospitalar – Equip de Manutenção da Vida, Equip de Diagnóstico e Infra - 2025 ri rio capim",20,"Tabela 22 – Caracterização Hospitalar – Equip de Manutenção da Vida, Equip de Diagnóstico e Infra - 2025 ri rio capim","..\..\Desktop\tabelas-powerBI\10 Rio Capim\Tabela 22 – Caracterização Hospitalar – Equip de Manutenção da Vida, Equip de Diagnóstico e Infra - 2025 ri rio capim.xlsx",Rio Capim,165,0.0
Ipixuna do Pará,10 Rio Capim,22,"Tabela 22 – Caracterização Hospitalar – Equip de Manutenção da Vida, Equip de Diagnóstico e Infra - 2025 ri rio capim",20,"Tabela 22 – Caracterização Hospitalar – Equip de Manutenção da Vida, Equip de Diagnóstico e Infra - 2025 ri rio capim","..\..\Desktop\tabelas-powerBI\10 Rio Capim\Tabela 22 – Caracterização Hospitalar – Equip de Manutenção da Vida, Equip de Diagnóstico e Infra - 2025 ri rio capim.xlsx",Rio Capim,165,0.0
Irituia,10 Rio Capim,22,"Tabela 22 – Caracterização Hospitalar – Equip de Manutenção da Vida, Equip de Diagnóstico e Infra - 2025 ri rio capim",20,"Tabela 22 – Caracterização Hospitalar – Equip de Manutenção da Vida, Equip de Diagnóstico e Infra - 2025 ri rio capim","..\..\Desktop\tabelas-powerBI\10 Rio Capim\Tabela 22 – Caracterização Hospitalar – Equip de Manutenção da Vida, Equip de Diagnóstico e Infra - 2025 ri rio capim.xlsx",Rio Capim,165,0.0
Mãe do Rio,10 Rio Capim,22,"Tabela 22 – Caracterização Hospitalar – Equip de Manutenção da Vida, Equip de Diagnóstico e Infra - 2025 ri rio capim",20,"Tabela 22 – Caracterização Hospitalar – Equip de Manutenção da Vida, Equip de Diagnóstico e Infra - 2025 ri rio capim","..\..\Desktop\tabelas-powerBI\10 Rio Capim\Tabela 22 – Caracterização Hospitalar – Equip de Manutenção da Vida, Equip de Diagnóstico e Infra - 2025 ri rio capim.xlsx",Rio Capim,165,0.0
Nova Esperança do Piriá,10 Rio Capim,22,"Tabela 22 – Caracterização Hospitalar – Equip de Manutenção da Vida, Equip de Diagnóstico e Infra - 2025 ri rio capim",20,"Tabela 22 – Caracterização Hospitalar – Equip de Manutenção da Vida, Equip de Diagnóstico e Infra - 2025 ri rio capim","..\..\Desktop\tabelas-powerBI\10 Rio Capim\Tabela 22 – Caracterização Hospitalar – Equip de Manutenção da Vida, Equip de Diagnóstico e Infra - 2025 ri rio capim.xlsx",Rio Capim,165,0.0
Ourém,10 Rio Capim,22,"Tabela 22 – Caracterização Hospitalar – Equip de Manutenção da Vida, Equip de Diagnóstico e Infra - 2025 ri rio capim",20,"Tabela 22 – Caracterização Hospitalar – Equip de Manutenção da Vida, Equip de Diagnóstico e Infra - 2025 ri rio capim","..\..\Desktop\tabelas-powerBI\10 Rio Capim\Tabela 22 – Caracterização Hospitalar – Equip de Manutenção da Vida, Equip de Diagnóstico e Infra - 2025 ri rio capim.xlsx",Rio Capim,165,0.0
Paragominas,10 Rio Capim,22,"Tabela 22 – Caracterização Hospitalar – Equip de Manutenção da Vida, Equip de Diagnóstico e Infra - 2025 ri rio capim",20,"Tabela 22 – Caracterização Hospitalar – Equip de Manutenção da Vida, Equip de Diagnóstico e Infra - 2025 ri rio capim","..\..\Desktop\tabelas-powerBI\10 Rio Capim\Tabela 22 – Caracterização Hospitalar – Equip de Manutenção da Vida, Equip de Diagnóstico e Infra - 2025 ri rio capim.xlsx",Rio Capim,165,8.0
Rondon do Pará,10 Rio Capim,22,"Tabela 22 – Caracterização Hospitalar – Equip de Manutenção da Vida, Equip de Diagnóstico e Infra - 2025 ri rio capim",20,"Tabela 22 – Caracterização Hospitalar – Equip de Manutenção da Vida, Equip de Diagnóstico e Infra - 2025 ri rio capim","..\..\Desktop\tabelas-powerBI\10 Rio Capim\Tabela 22 – Caracterização Hospitalar – Equip de Manutenção da Vida, Equip de Diagnóstico e Infra - 2025 ri rio capim.xlsx",Rio Capim,165,1.0
Tomé-Açu,10 Rio Capim,22,"Tabela 22 – Caracterização Hospitalar – Equip de Manutenção da Vida, Equip de Diagnóstico e Infra - 2025 ri rio capim",20,"Tabela 22 – Caracterização Hospitalar – Equip de Manutenção da Vida, Equip de Diagnóstico e Infra - 2025 ri rio capim","..\..\Desktop\tabelas-powerBI\10 Rio Capim\Tabela 22 – Caracterização Hospitalar – Equip de Manutenção da Vida, Equip de Diagnóstico e Infra - 2025 ri rio capim.xlsx",Rio Capim,165,0.0
Ulianópolis,10 Rio Capim,22,"Tabela 22 – Caracterização Hospitalar – Equip de Manutenção da Vida, Equip de Diagnóstico e Infra - 2025 ri rio capim",20,"Tabela 22 – Caracterização Hospitalar – Equip de Manutenção da Vida, Equip de Diagnóstico e Infra - 2025 ri rio capim","..\..\Desktop\tabelas-powerBI\10 Rio Capim\Tabela 22 – Caracterização Hospitalar – Equip de Manutenção da Vida, Equip de Diagnóstico e Infra - 2025 ri rio capim.xlsx",Rio Capim,165,12.0
Fonte: DATASUS,10 Rio Capim,22,"Tabela 22 – Caracterização Hospitalar – Equip de Manutenção da Vida, Equip de Diagnóstico e Infra - 2025 ri rio capim",20,"Tabela 22 – Caracterização Hospitalar – Equip de Manutenção da Vida, Equip de Diagnóstico e Infra - 2025 ri rio capim","..\..\Desktop\tabelas-powerBI\10 Rio Capim\Tabela 22 – Caracterização Hospitalar – Equip de Manutenção da Vida, Equip de Diagnóstico e Infra - 2025 ri rio capim.xlsx",Rio Capim,165,
Elaboração: FAPESPA,10 Rio Capim,22,"Tabela 22 – Caracterização Hospitalar – Equip de Manutenção da Vida, Equip de Diagnóstico e Infra - 2025 ri rio capim",20,"Tabela 22 – Caracterização Hospitalar – Equip de Manutenção da Vida, Equip de Diagnóstico e Infra - 2025 ri rio capim","..\..\Desktop\tabelas-powerBI\10 Rio Capim\Tabela 22 – Caracterização Hospitalar – Equip de Manutenção da Vida, Equip de Diagnóstico e Infra - 2025 ri rio capim.xlsx",Rio Capim,165,
*Nota: Dados referentes a Outubro/2025.,10 Rio Capim,22,"Tabela 22 – Caracterização Hospitalar – Equip de Manutenção da Vida, Equip de Diagnóstico e Infra - 2025 ri rio capim",20,"Tabela 22 – Caracterização Hospitalar – Equip de Manutenção da Vida, Equip de Diagnóstico e Infra - 2025 ri rio capim","..\..\Desktop\tabelas-powerBI\10 Rio Capim\Tabela 22 – Caracterização Hospitalar – Equip de Manutenção da Vida, Equip de Diagnóstico e Infra - 2025 ri rio capim.xlsx",Rio Capim,165,
RI Rio Capim,10 Rio Capim,22,"Tabela 22 – Caracterização Hospitalar – Equip de Manutenção da Vida, Equip de Diagnóstico e Infra - 2025 ri rio capim",20,"Tabela 22 – Caracterização Hospitalar – Equip de Manutenção da Vida, Equip de Diagnóstico e Infra - 2025 ri rio capim","..\..\Desktop\tabelas-powerBI\10 Rio Capim\Tabela 22 – Caracterização Hospitalar – Equip de Manutenção da Vida, Equip de Diagnóstico e Infra - 2025 ri rio capim.xlsx",Rio Capim,30067,1340.0
Abel Figueiredo,10 Rio Capim,22,"Tabela 22 – Caracterização Hospitalar – Equip de Manutenção da Vida, Equip de Diagnóstico e Infra - 2025 ri rio capim",20,"Tabela 22 – Caracterização Hospitalar – Equip de Manutenção da Vida, Equip de Diagnóstico e Infra - 2025 ri rio capim","..\..\Desktop\tabelas-powerBI\10 Rio Capim\Tabela 22 – Caracterização Hospitalar – Equip de Manutenção da Vida, Equip de Diagnóstico e Infra - 2025 ri rio capim.xlsx",Rio Capim,30067,14.0
Aurora do Pará,10 Rio Capim,22,"Tabela 22 – Caracterização Hospitalar – Equip de Manutenção da Vida, Equip de Diagnóstico e Infra - 2025 ri rio capim",20,"Tabela 22 – Caracterização Hospitalar – Equip de Manutenção da Vida, Equip de Diagnóstico e Infra - 2025 ri rio capim","..\..\Desktop\tabelas-powerBI\10 Rio Capim\Tabela 22 – Caracterização Hospitalar – Equip de Manutenção da Vida, Equip de Diagnóstico e Infra - 2025 ri rio capim.xlsx",Rio Capim,30067,11.0
Bujaru,10 Rio Capim,22,"Tabela 22 – Caracterização Hospitalar – Equip de Manutenção da Vida, Equip de Diagnóstico e Infra - 2025 ri rio capim",20,"Tabela 22 – Caracterização Hospitalar – Equip de Manutenção da Vida, Equip de Diagnóstico e Infra - 2025 ri rio capim","..\..\Desktop\tabelas-powerBI\10 Rio Capim\Tabela 22 – Caracterização Hospitalar – Equip de Manutenção da Vida, Equip de Diagnóstico e Infra - 2025 ri rio capim.xlsx",Rio Capim,30067,16.0
Capitão Poço,10 Rio Capim,22,"Tabela 22 – Caracterização Hospitalar – Equip de Manutenção da Vida, Equip de Diagnóstico e Infra - 2025 ri rio capim",20,"Tabela 22 – Caracterização Hospitalar – Equip de Manutenção da Vida, Equip de Diagnóstico e Infra - 2025 ri rio capim","..\..\Desktop\tabelas-powerBI\10 Rio Capim\Tabela 22 – Caracterização Hospitalar – Equip de Manutenção da Vida, Equip de Diagnóstico e Infra - 2025 ri rio capim.xlsx",Rio Capim,30067,143.0
Concórdia do Pará,10 Rio Capim,22,"Tabela 22 – Caracterização Hospitalar – Equip de Manutenção da Vida, Equip de Diagnóstico e Infra - 2025 ri rio capim",20,"Tabela 22 – Caracterização Hospitalar – Equip de Manutenção da Vida, Equip de Diagnóstico e Infra - 2025 ri rio capim","..\..\Desktop\tabelas-powerBI\10 Rio Capim\Tabela 22 – Caracterização Hospitalar – Equip de Manutenção da Vida, Equip de Diagnóstico e Infra - 2025 ri rio capim.xlsx",Rio Capim,30067,34.0
Dom Eliseu,10 Rio Capim,22,"Tabela 22 – Caracterização Hospitalar – Equip de Manutenção da Vida, Equip de Diagnóstico e Infra - 2025 ri rio capim",20,"Tabela 22 – Caracterização Hospitalar – Equip de Manutenção da Vida, Equip de Diagnóstico e Infra - 2025 ri rio capim","..\..\Desktop\tabelas-powerBI\10 Rio Capim\Tabela 22 – Caracterização Hospitalar – Equip de Manutenção da Vida, Equip de Diagnóstico e Infra - 2025 ri rio capim.xlsx",Rio Capim,30067,40.0
Garrafão do Norte,10 Rio Capim,22,"Tabela 22 – Caracterização Hospitalar – Equip de Manutenção da Vida, Equip de Diagnóstico e Infra - 2025 ri rio capim",20,"Tabela 22 – Caracterização Hospitalar – Equip de Manutenção da Vida, Equip de Diagnóstico e Infra - 2025 ri rio capim","..\..\Desktop\tabelas-powerBI\10 Rio Capim\Tabela 22 – Caracterização Hospitalar – Equip de Manutenção da Vida, Equip de Diagnóstico e Infra - 2025 ri rio capim.xlsx",Rio Capim,30067,9.0
Ipixuna do Pará,10 Rio Capim,22,"Tabela 22 – Caracterização Hospitalar – Equip de Manutenção da Vida, Equip de Diagnóstico e Infra - 2025 ri rio capim",20,"Tabela 22 – Caracterização Hospitalar – Equip de Manutenção da Vida, Equip de Diagnóstico e Infra - 2025 ri rio capim","..\..\Desktop\tabelas-powerBI\10 Rio Capim\Tabela 22 – Caracterização Hospitalar – Equip de Manutenção da Vida, Equip de Diagnóstico e Infra - 2025 ri rio capim.xlsx",Rio Capim,30067,34.0
Irituia,10 Rio Capim,22,"Tabela 22 – Caracterização Hospitalar – Equip de Manutenção da Vida, Equip de Diagnóstico e Infra - 2025 ri rio capim",20,"Tabela 22 – Caracterização Hospitalar – Equip de Manutenção da Vida, Equip de Diagnóstico e Infra - 2025 ri rio capim","..\..\Desktop\tabelas-powerBI\10 Rio Capim\Tabela 22 – Caracterização Hospitalar – Equip de Manutenção da Vida, Equip de Diagnóstico e Infra - 2025 ri rio capim.xlsx",Rio Capim,30067,24.0
Mãe do Rio,10 Rio Capim,22,"Tabela 22 – Caracterização Hospitalar – Equip de Manutenção da Vida, Equip de Diagnóstico e Infra - 2025 ri rio capim",20,"Tabela 22 – Caracterização Hospitalar – Equip de Manutenção da Vida, Equip de Diagnóstico e Infra - 2025 ri rio capim","..\..\Desktop\tabelas-powerBI\10 Rio Capim\Tabela 22 – Caracterização Hospitalar – Equip de Manutenção da Vida, Equip de Diagnóstico e Infra - 2025 ri rio capim.xlsx",Rio Capim,30067,103.0
Nova Esperança do Piriá,10 Rio Capim,22,"Tabela 22 – Caracterização Hospitalar – Equip de Manutenção da Vida, Equip de Diagnóstico e Infra - 2025 ri rio capim",20,"Tabela 22 – Caracterização Hospitalar – Equip de Manutenção da Vida, Equip de Diagnóstico e Infra - 2025 ri rio capim","..\..\Desktop\tabelas-powerBI\10 Rio Capim\Tabela 22 – Caracterização Hospitalar – Equip de Manutenção da Vida, Equip de Diagnóstico e Infra - 2025 ri rio capim.xlsx",Rio Capim,30067,12.0
Ourém,10 Rio Capim,22,"Tabela 22 – Caracterização Hospitalar – Equip de Manutenção da Vida, Equip de Diagnóstico e Infra - 2025 ri rio capim",20,"Tabela 22 – Caracterização Hospitalar – Equip de Manutenção da Vida, Equip de Diagnóstico e Infra - 2025 ri rio capim","..\..\Desktop\tabelas-powerBI\10 Rio Capim\Tabela 22 – Caracterização Hospitalar – Equip de Manutenção da Vida, Equip de Diagnóstico e Infra - 2025 ri rio capim.xlsx",Rio Capim,30067,5.0
Paragominas,10 Rio Capim,22,"Tabela 22 – Caracterização Hospitalar – Equip de Manutenção da Vida, Equip de Diagnóstico e Infra - 2025 ri rio capim",20,"Tabela 22 – Caracterização Hospitalar – Equip de Manutenção da Vida, Equip de Diagnóstico e Infra - 2025 ri rio capim","..\..\Desktop\tabelas-powerBI\10 Rio Capim\Tabela 22 – Caracterização Hospitalar – Equip de Manutenção da Vida, Equip de Diagnóstico e Infra - 2025 ri rio capim.xlsx",Rio Capim,30067,654.0
Rondon do Pará,10 Rio Capim,22,"Tabela 22 – Caracterização Hospitalar – Equip de Manutenção da Vida, Equip de Diagnóstico e Infra - 2025 ri rio capim",20,"Tabela 22 – Caracterização Hospitalar – Equip de Manutenção da Vida, Equip de Diagnóstico e Infra - 2025 ri rio capim","..\..\Desktop\tabelas-powerBI\10 Rio Capim\Tabela 22 – Caracterização Hospitalar – Equip de Manutenção da Vida, Equip de Diagnóstico e Infra - 2025 ri rio capim.xlsx",Rio Capim,30067,58.0
Tomé-Açu,10 Rio Capim,22,"Tabela 22 – Caracterização Hospitalar – Equip de Manutenção da Vida, Equip de Diagnóstico e Infra - 2025 ri rio capim",20,"Tabela 22 – Caracterização Hospitalar – Equip de Manutenção da Vida, Equip de Diagnóstico e Infra - 2025 ri rio capim","..\..\Desktop\tabelas-powerBI\10 Rio Capim\Tabela 22 – Caracterização Hospitalar – Equip de Manutenção da Vida, Equip de Diagnóstico e Infra - 2025 ri rio capim.xlsx",Rio Capim,30067,67.0
Ulianópolis,10 Rio Capim,22,"Tabela 22 – Caracterização Hospitalar – Equip de Manutenção da Vida, Equip de Diagnóstico e Infra - 2025 ri rio capim",20,"Tabela 22 – Caracterização Hospitalar – Equip de Manutenção da Vida, Equip de Diagnóstico e Infra - 2025 ri rio capim","..\..\Desktop\tabelas-powerBI\10 Rio Capim\Tabela 22 – Caracterização Hospitalar – Equip de Manutenção da Vida, Equip de Diagnóstico e Infra - 2025 ri rio capim.xlsx",Rio Capim,30067,116.0
Fonte: DATASUS,10 Rio Capim,22,"Tabela 22 – Caracterização Hospitalar – Equip de Manutenção da Vida, Equip de Diagnóstico e Infra - 2025 ri rio capim",20,"Tabela 22 – Caracterização Hospitalar – Equip de Manutenção da Vida, Equip de Diagnóstico e Infra - 2025 ri rio capim","..\..\Desktop\tabelas-powerBI\10 Rio Capim\Tabela 22 – Caracterização Hospitalar – Equip de Manutenção da Vida, Equip de Diagnóstico e Infra - 2025 ri rio capim.xlsx",Rio Capim,30067,
Elaboração: FAPESPA,10 Rio Capim,22,"Tabela 22 – Caracterização Hospitalar – Equip de Manutenção da Vida, Equip de Diagnóstico e Infra - 2025 ri rio capim",20,"Tabela 22 – Caracterização Hospitalar – Equip de Manutenção da Vida, Equip de Diagnóstico e Infra - 2025 ri rio capim","..\..\Desktop\tabelas-powerBI\10 Rio Capim\Tabela 22 – Caracterização Hospitalar – Equip de Manutenção da Vida, Equip de Diagnóstico e Infra - 2025 ri rio capim.xlsx",Rio Capim,30067,
*Nota: Dados referentes a Outubro/2025.,10 Rio Capim,22,"Tabela 22 – Caracterização Hospitalar – Equip de Manutenção da Vida, Equip de Diagnóstico e Infra - 2025 ri rio capim",20,"Tabela 22 – Caracterização Hospitalar – Equip de Manutenção da Vida, Equip de Diagnóstico e Infra - 2025 ri rio capim","..\..\Desktop\tabelas-powerBI\10 Rio Capim\Tabela 22 – Caracterização Hospitalar – Equip de Manutenção da Vida, Equip de Diagnóstico e Infra - 2025 ri rio capim.xlsx",Rio Capim,30067,
RI Rio Capim,10 Rio Capim,22,"Tabela 22 – Caracterização Hospitalar – Equip de Manutenção da Vida, Equip de Diagnóstico e Infra - 2025 ri rio capim",20,"Tabela 22 – Caracterização Hospitalar – Equip de Manutenção da Vida, Equip de Diagnóstico e Infra - 2025 ri rio capim","..\..\Desktop\tabelas-powerBI\10 Rio Capim\Tabela 22 – Caracterização Hospitalar – Equip de Manutenção da Vida, Equip de Diagnóstico e Infra - 2025 ri rio capim.xlsx",Rio Capim,29020,1308.0
Abel Figueiredo,10 Rio Capim,22,"Tabela 22 – Caracterização Hospitalar – Equip de Manutenção da Vida, Equip de Diagnóstico e Infra - 2025 ri rio capim",20,"Tabela 22 – Caracterização Hospitalar – Equip de Manutenção da Vida, Equip de Diagnóstico e Infra - 2025 ri rio capim","..\..\Desktop\tabelas-powerBI\10 Rio Capim\Tabela 22 – Caracterização Hospitalar – Equip de Manutenção da Vida, Equip de Diagnóstico e Infra - 2025 ri rio capim.xlsx",Rio Capim,29020,12.0
Aurora do Pará,10 Rio Capim,22,"Tabela 22 – Caracterização Hospitalar – Equip de Manutenção da Vida, Equip de Diagnóstico e Infra - 2025 ri rio capim",20,"Tabela 22 – Caracterização Hospitalar – Equip de Manutenção da Vida, Equip de Diagnóstico e Infra - 2025 ri rio capim","..\..\Desktop\tabelas-powerBI\10 Rio Capim\Tabela 22 – Caracterização Hospitalar – Equip de Manutenção da Vida, Equip de Diagnóstico e Infra - 2025 ri rio capim.xlsx",Rio Capim,29020,11.0
Bujaru,10 Rio Capim,22,"Tabela 22 – Caracterização Hospitalar – Equip de Manutenção da Vida, Equip de Diagnóstico e Infra - 2025 ri rio capim",20,"Tabela 22 – Caracterização Hospitalar – Equip de Manutenção da Vida, Equip de Diagnóstico e Infra - 2025 ri rio capim","..\..\Desktop\tabelas-powerBI\10 Rio Capim\Tabela 22 – Caracterização Hospitalar – Equip de Manutenção da Vida, Equip de Diagnóstico e Infra - 2025 ri rio capim.xlsx",Rio Capim,29020,16.0
Capitão Poço,10 Rio Capim,22,"Tabela 22 – Caracterização Hospitalar – Equip de Manutenção da Vida, Equip de Diagnóstico e Infra - 2025 ri rio capim",20,"Tabela 22 – Caracterização Hospitalar – Equip de Manutenção da Vida, Equip de Diagnóstico e Infra - 2025 ri rio capim","..\..\Desktop\tabelas-powerBI\10 Rio Capim\Tabela 22 – Caracterização Hospitalar – Equip de Manutenção da Vida, Equip de Diagnóstico e Infra - 2025 ri rio capim.xlsx",Rio Capim,29020,133.0
Concórdia do Pará,10 Rio Capim,22,"Tabela 22 – Caracterização Hospitalar – Equip de Manutenção da Vida, Equip de Diagnóstico e Infra - 2025 ri rio capim",20,"Tabela 22 – Caracterização Hospitalar – Equip de Manutenção da Vida, Equip de Diagnóstico e Infra - 2025 ri rio capim","..\..\Desktop\tabelas-powerBI\10 Rio Capim\Tabela 22 – Caracterização Hospitalar – Equip de Manutenção da Vida, Equip de Diagnóstico e Infra - 2025 ri rio capim.xlsx",Rio Capim,29020,34.0
Dom Eliseu,10 Rio Capim,22,"Tabela 22 – Caracterização Hospitalar – Equip de Manutenção da Vida, Equip de Diagnóstico e Infra - 2025 ri rio capim",20,"Tabela 22 – Caracterização Hospitalar – Equip de Manutenção da Vida, Equip de Diagnóstico e Infra - 2025 ri rio capim","..\..\Desktop\tabelas-powerBI\10 Rio Capim\Tabela 22 – Caracterização Hospitalar – Equip de Manutenção da Vida, Equip de Diagnóstico e Infra - 2025 ri rio capim.xlsx",Rio Capim,29020,40.0
Garrafão do Norte,10 Rio Capim,22,"Tabela 22 – Caracterização Hospitalar – Equip de Manutenção da Vida, Equip de Diagnóstico e Infra - 2025 ri rio capim",20,"Tabela 22 – Caracterização Hospitalar – Equip de Manutenção da Vida, Equip de Diagnóstico e Infra - 2025 ri rio capim","..\..\Desktop\tabelas-powerBI\10 Rio Capim\Tabela 22 – Caracterização Hospitalar – Equip de Manutenção da Vida, Equip de Diagnóstico e Infra - 2025 ri rio capim.xlsx",Rio Capim,29020,9.0
Ipixuna do Pará,10 Rio Capim,22,"Tabela 22 – Caracterização Hospitalar – Equip de Manutenção da Vida, Equip de Diagnóstico e Infra - 2025 ri rio capim",20,"Tabela 22 – Caracterização Hospitalar – Equip de Manutenção da Vida, Equip de Diagnóstico e Infra - 2025 ri rio capim","..\..\Desktop\tabelas-powerBI\10 Rio Capim\Tabela 22 – Caracterização Hospitalar – Equip de Manutenção da Vida, Equip de Diagnóstico e Infra - 2025 ri rio capim.xlsx",Rio Capim,29020,32.0
Irituia,10 Rio Capim,22,"Tabela 22 – Caracterização Hospitalar – Equip de Manutenção da Vida, Equip de Diagnóstico e Infra - 2025 ri rio capim",20,"Tabela 22 – Caracterização Hospitalar – Equip de Manutenção da Vida, Equip de Diagnóstico e Infra - 2025 ri rio capim","..\..\Desktop\tabelas-powerBI\10 Rio Capim\Tabela 22 – Caracterização Hospitalar – Equip de Manutenção da Vida, Equip de Diagnóstico e Infra - 2025 ri rio capim.xlsx",Rio Capim,29020,24.0
Mãe do Rio,10 Rio Capim,22,"Tabela 22 – Caracterização Hospitalar – Equip de Manutenção da Vida, Equip de Diagnóstico e Infra - 2025 ri rio capim",20,"Tabela 22 – Caracterização Hospitalar – Equip de Manutenção da Vida, Equip de Diagnóstico e Infra - 2025 ri rio capim","..\..\Desktop\tabelas-powerBI\10 Rio Capim\Tabela 22 – Caracterização Hospitalar – Equip de Manutenção da Vida, Equip de Diagnóstico e Infra - 2025 ri rio capim.xlsx",Rio Capim,29020,102.0
Nova Esperança do Piriá,10 Rio Capim,22,"Tabela 22 – Caracterização Hospitalar – Equip de Manutenção da Vida, Equip de Diagnóstico e Infra - 2025 ri rio capim",20,"Tabela 22 – Caracterização Hospitalar – Equip de Manutenção da Vida, Equip de Diagnóstico e Infra - 2025 ri rio capim","..\..\Desktop\tabelas-powerBI\10 Rio Capim\Tabela 22 – Caracterização Hospitalar – Equip de Manutenção da Vida, Equip de Diagnóstico e Infra - 2025 ri rio capim.xlsx",Rio Capim,29020,10.0
Ourém,10 Rio Capim,22,"Tabela 22 – Caracterização Hospitalar – Equip de Manutenção da Vida, Equip de Diagnóstico e Infra - 2025 ri rio capim",20,"Tabela 22 – Caracterização Hospitalar – Equip de Manutenção da Vida, Equip de Diagnóstico e Infra - 2025 ri rio capim","..\..\Desktop\tabelas-powerBI\10 Rio Capim\Tabela 22 – Caracterização Hospitalar – Equip de Manutenção da Vida, Equip de Diagnóstico e Infra - 2025 ri rio capim.xlsx",Rio Capim,29020,5.0
Paragominas,10 Rio Capim,22,"Tabela 22 – Caracterização Hospitalar – Equip de Manutenção da Vida, Equip de Diagnóstico e Infra - 2025 ri rio capim",20,"Tabela 22 – Caracterização Hospitalar – Equip de Manutenção da Vida, Equip de Diagnóstico e Infra - 2025 ri rio capim","..\..\Desktop\tabelas-powerBI\10 Rio Capim\Tabela 22 – Caracterização Hospitalar – Equip de Manutenção da Vida, Equip de Diagnóstico e Infra - 2025 ri rio capim.xlsx",Rio Capim,29020,643.0
Rondon do Pará,10 Rio Capim,22,"Tabela 22 – Caracterização Hospitalar – Equip de Manutenção da Vida, Equip de Diagnóstico e Infra - 2025 ri rio capim",20,"Tabela 22 – Caracterização Hospitalar – Equip de Manutenção da Vida, Equip de Diagnóstico e Infra - 2025 ri rio capim","..\..\Desktop\tabelas-powerBI\10 Rio Capim\Tabela 22 – Caracterização Hospitalar – Equip de Manutenção da Vida, Equip de Diagnóstico e Infra - 2025 ri rio capim.xlsx",Rio Capim,29020,58.0
Tomé-Açu,10 Rio Capim,22,"Tabela 22 – Caracterização Hospitalar – Equip de Manutenção da Vida, Equip de Diagnóstico e Infra - 2025 ri rio capim",20,"Tabela 22 – Caracterização Hospitalar – Equip de Manutenção da Vida, Equip de Diagnóstico e Infra - 2025 ri rio capim","..\..\Desktop\tabelas-powerBI\10 Rio Capim\Tabela 22 – Caracterização Hospitalar – Equip de Manutenção da Vida, Equip de Diagnóstico e Infra - 2025 ri rio capim.xlsx",Rio Capim,29020,63.0
Ulianópolis,10 Rio Capim,22,"Tabela 22 – Caracterização Hospitalar – Equip de Manutenção da Vida, Equip de Diagnóstico e Infra - 2025 ri rio capim",20,"Tabela 22 – Caracterização Hospitalar – Equip de Manutenção da Vida, Equip de Diagnóstico e Infra - 2025 ri rio capim","..\..\Desktop\tabelas-powerBI\10 Rio Capim\Tabela 22 – Caracterização Hospitalar – Equip de Manutenção da Vida, Equip de Diagnóstico e Infra - 2025 ri rio capim.xlsx",Rio Capim,29020,116.0
Fonte: DATASUS,10 Rio Capim,22,"Tabela 22 – Caracterização Hospitalar – Equip de Manutenção da Vida, Equip de Diagnóstico e Infra - 2025 ri rio capim",20,"Tabela 22 – Caracterização Hospitalar – Equip de Manutenção da Vida, Equip de Diagnóstico e Infra - 2025 ri rio capim","..\..\Desktop\tabelas-powerBI\10 Rio Capim\Tabela 22 – Caracterização Hospitalar – Equip de Manutenção da Vida, Equip de Diagnóstico e Infra - 2025 ri rio capim.xlsx",Rio Capim,29020,
Elaboração: FAPESPA,10 Rio Capim,22,"Tabela 22 – Caracterização Hospitalar – Equip de Manutenção da Vida, Equip de Diagnóstico e Infra - 2025 ri rio capim",20,"Tabela 22 – Caracterização Hospitalar – Equip de Manutenção da Vida, Equip de Diagnóstico e Infra - 2025 ri rio capim","..\..\Desktop\tabelas-powerBI\10 Rio Capim\Tabela 22 – Caracterização Hospitalar – Equip de Manutenção da Vida, Equip de Diagnóstico e Infra - 2025 ri rio capim.xlsx",Rio Capim,29020,
*Nota: Dados referentes a Outubro/2025.,10 Rio Capim,22,"Tabela 22 – Caracterização Hospitalar – Equip de Manutenção da Vida, Equip de Diagnóstico e Infra - 2025 ri rio capim",20,"Tabela 22 – Caracterização Hospitalar – Equip de Manutenção da Vida, Equip de Diagnóstico e Infra - 2025 ri rio capim","..\..\Desktop\tabelas-powerBI\10 Rio Capim\Tabela 22 – Caracterização Hospitalar – Equip de Manutenção da Vida, Equip de Diagnóstico e Infra - 2025 ri rio capim.xlsx",Rio Capim,29020,
