Par,137,97,1871,204611,3130177,2229561,15091,261114,426150,4729,74442,90615,1089,16329,43398,1646,16122,63855,regiao,tabela_num,titulo,ano,arquivo,arquivo_path,aba,variavel,valor
RI Tocantins,71,46,825,104040,1694584,1176301,235,3287,3978,133,1611,2262,125,1911,5653,132,1345,3335,12 Tocantins,43,"Área colhida (Hectares), Quantidade Produzida (Toneladas) e Valor (Mil Reais) da Produção por Tipo de Lavoura Permanente - 2024 ri tocantins",20,"Tabela 43 - Área colhida (Hectares), Quantidade Produzida (Toneladas) e Valor (Mil Reais) da Produção por Tipo de Lavoura Permanente - 2024 ri tocantins","..\..\Desktop\tabelas-powerBI\12 Tocantins\Tabela 43 - Área colhida (Hectares), Quantidade Produzida (Toneladas) e Valor (Mil Reais) da Produção por Tipo de Lavoura Permanente - 2024 ri tocantins.xlsx",Tocantins,36906,1476.0
Abaetetuba,20,16,245,2000,30000,22500,30,435,522,10,121,145,-,-,-,20,211,528,12 Tocantins,43,"Área colhida (Hectares), Quantidade Produzida (Toneladas) e Valor (Mil Reais) da Produção por Tipo de Lavoura Permanente - 2024 ri tocantins",20,"Tabela 43 - Área colhida (Hectares), Quantidade Produzida (Toneladas) e Valor (Mil Reais) da Produção por Tipo de Lavoura Permanente - 2024 ri tocantins","..\..\Desktop\tabelas-powerBI\12 Tocantins\Tabela 43 - Área colhida (Hectares), Quantidade Produzida (Toneladas) e Valor (Mil Reais) da Produção por Tipo de Lavoura Permanente - 2024 ri tocantins.xlsx",Tocantins,36906,50.0
Acará,-,-,-,20000,304000,227541,40,480,622,50,508,818,5,80,160,12,114,228,12 Tocantins,43,"Área colhida (Hectares), Quantidade Produzida (Toneladas) e Valor (Mil Reais) da Produção por Tipo de Lavoura Permanente - 2024 ri tocantins",20,"Tabela 43 - Área colhida (Hectares), Quantidade Produzida (Toneladas) e Valor (Mil Reais) da Produção por Tipo de Lavoura Permanente - 2024 ri tocantins","..\..\Desktop\tabelas-powerBI\12 Tocantins\Tabela 43 - Área colhida (Hectares), Quantidade Produzida (Toneladas) e Valor (Mil Reais) da Produção por Tipo de Lavoura Permanente - 2024 ri tocantins.xlsx",Tocantins,36906,150.0
Baião,30,15,300,40,600,480,-,-,-,-,-,-,-,-,-,-,-,-,12 Tocantins,43,"Área colhida (Hectares), Quantidade Produzida (Toneladas) e Valor (Mil Reais) da Produção por Tipo de Lavoura Permanente - 2024 ri tocantins",20,"Tabela 43 - Área colhida (Hectares), Quantidade Produzida (Toneladas) e Valor (Mil Reais) da Produção por Tipo de Lavoura Permanente - 2024 ri tocantins","..\..\Desktop\tabelas-powerBI\12 Tocantins\Tabela 43 - Área colhida (Hectares), Quantidade Produzida (Toneladas) e Valor (Mil Reais) da Produção por Tipo de Lavoura Permanente - 2024 ri tocantins.xlsx",Tocantins,36906,
Barcarena,-,-,-,-,-,-,45,675,878,10,122,159,20,331,993,10,95,266,12 Tocantins,43,"Área colhida (Hectares), Quantidade Produzida (Toneladas) e Valor (Mil Reais) da Produção por Tipo de Lavoura Permanente - 2024 ri tocantins",20,"Tabela 43 - Área colhida (Hectares), Quantidade Produzida (Toneladas) e Valor (Mil Reais) da Produção por Tipo de Lavoura Permanente - 2024 ri tocantins","..\..\Desktop\tabelas-powerBI\12 Tocantins\Tabela 43 - Área colhida (Hectares), Quantidade Produzida (Toneladas) e Valor (Mil Reais) da Produção por Tipo de Lavoura Permanente - 2024 ri tocantins.xlsx",Tocantins,36906,62.0
Cametá,16,10,200,-,-,-,20,300,300,23,360,540,-,-,-,-,-,-,12 Tocantins,43,"Área colhida (Hectares), Quantidade Produzida (Toneladas) e Valor (Mil Reais) da Produção por Tipo de Lavoura Permanente - 2024 ri tocantins",20,"Tabela 43 - Área colhida (Hectares), Quantidade Produzida (Toneladas) e Valor (Mil Reais) da Produção por Tipo de Lavoura Permanente - 2024 ri tocantins","..\..\Desktop\tabelas-powerBI\12 Tocantins\Tabela 43 - Área colhida (Hectares), Quantidade Produzida (Toneladas) e Valor (Mil Reais) da Produção por Tipo de Lavoura Permanente - 2024 ri tocantins.xlsx",Tocantins,36906,20.0
Igarapé-Miri,-,-,-,-,-,-,10,145,174,40,500,600,-,-,-,-,-,-,12 Tocantins,43,"Área colhida (Hectares), Quantidade Produzida (Toneladas) e Valor (Mil Reais) da Produção por Tipo de Lavoura Permanente - 2024 ri tocantins",20,"Tabela 43 - Área colhida (Hectares), Quantidade Produzida (Toneladas) e Valor (Mil Reais) da Produção por Tipo de Lavoura Permanente - 2024 ri tocantins","..\..\Desktop\tabelas-powerBI\12 Tocantins\Tabela 43 - Área colhida (Hectares), Quantidade Produzida (Toneladas) e Valor (Mil Reais) da Produção por Tipo de Lavoura Permanente - 2024 ri tocantins.xlsx",Tocantins,36906,50.0
Limoeiro do Ajuru,-,-,-,-,-,-,-,-,-,-,-,-,-,-,-,-,-,-,12 Tocantins,43,"Área colhida (Hectares), Quantidade Produzida (Toneladas) e Valor (Mil Reais) da Produção por Tipo de Lavoura Permanente - 2024 ri tocantins",20,"Tabela 43 - Área colhida (Hectares), Quantidade Produzida (Toneladas) e Valor (Mil Reais) da Produção por Tipo de Lavoura Permanente - 2024 ri tocantins","..\..\Desktop\tabelas-powerBI\12 Tocantins\Tabela 43 - Área colhida (Hectares), Quantidade Produzida (Toneladas) e Valor (Mil Reais) da Produção por Tipo de Lavoura Permanente - 2024 ri tocantins.xlsx",Tocantins,36906,11.0
Mocajuba,-,-,-,-,-,-,10,100,100,-,-,-,-,-,-,-,-,-,12 Tocantins,43,"Área colhida (Hectares), Quantidade Produzida (Toneladas) e Valor (Mil Reais) da Produção por Tipo de Lavoura Permanente - 2024 ri tocantins",20,"Tabela 43 - Área colhida (Hectares), Quantidade Produzida (Toneladas) e Valor (Mil Reais) da Produção por Tipo de Lavoura Permanente - 2024 ri tocantins","..\..\Desktop\tabelas-powerBI\12 Tocantins\Tabela 43 - Área colhida (Hectares), Quantidade Produzida (Toneladas) e Valor (Mil Reais) da Produção por Tipo de Lavoura Permanente - 2024 ri tocantins.xlsx",Tocantins,36906,13.0
Moju,5,5,80,21000,417900,313425,80,1152,1382,-,-,-,50,750,2250,50,485,1213,12 Tocantins,43,"Área colhida (Hectares), Quantidade Produzida (Toneladas) e Valor (Mil Reais) da Produção por Tipo de Lavoura Permanente - 2024 ri tocantins",20,"Tabela 43 - Área colhida (Hectares), Quantidade Produzida (Toneladas) e Valor (Mil Reais) da Produção por Tipo de Lavoura Permanente - 2024 ri tocantins","..\..\Desktop\tabelas-powerBI\12 Tocantins\Tabela 43 - Área colhida (Hectares), Quantidade Produzida (Toneladas) e Valor (Mil Reais) da Produção por Tipo de Lavoura Permanente - 2024 ri tocantins.xlsx",Tocantins,36906,1000.0
Tailândia,-,-,-,61000,942084,612355,-,-,-,-,-,-,50,750,2250,40,440,1100,12 Tocantins,43,"Área colhida (Hectares), Quantidade Produzida (Toneladas) e Valor (Mil Reais) da Produção por Tipo de Lavoura Permanente - 2024 ri tocantins",20,"Tabela 43 - Área colhida (Hectares), Quantidade Produzida (Toneladas) e Valor (Mil Reais) da Produção por Tipo de Lavoura Permanente - 2024 ri tocantins","..\..\Desktop\tabelas-powerBI\12 Tocantins\Tabela 43 - Área colhida (Hectares), Quantidade Produzida (Toneladas) e Valor (Mil Reais) da Produção por Tipo de Lavoura Permanente - 2024 ri tocantins.xlsx",Tocantins,36906,120.0
Fonte: IBGE/PAM,,,,,,,,,,,,,,,,,,,12 Tocantins,43,"Área colhida (Hectares), Quantidade Produzida (Toneladas) e Valor (Mil Reais) da Produção por Tipo de Lavoura Permanente - 2024 ri tocantins",20,"Tabela 43 - Área colhida (Hectares), Quantidade Produzida (Toneladas) e Valor (Mil Reais) da Produção por Tipo de Lavoura Permanente - 2024 ri tocantins","..\..\Desktop\tabelas-powerBI\12 Tocantins\Tabela 43 - Área colhida (Hectares), Quantidade Produzida (Toneladas) e Valor (Mil Reais) da Produção por Tipo de Lavoura Permanente - 2024 ri tocantins.xlsx",Tocantins,36906,
Elaboração: FAPESPA,,,,,,,,,,,,,,,,,,,12 Tocantins,43,"Área colhida (Hectares), Quantidade Produzida (Toneladas) e Valor (Mil Reais) da Produção por Tipo de Lavoura Permanente - 2024 ri tocantins",20,"Tabela 43 - Área colhida (Hectares), Quantidade Produzida (Toneladas) e Valor (Mil Reais) da Produção por Tipo de Lavoura Permanente - 2024 ri tocantins","..\..\Desktop\tabelas-powerBI\12 Tocantins\Tabela 43 - Área colhida (Hectares), Quantidade Produzida (Toneladas) e Valor (Mil Reais) da Produção por Tipo de Lavoura Permanente - 2024 ri tocantins.xlsx",Tocantins,36906,
Nota: A quantidade produzida de coco-da-baía é expressa em mil frutos ,,,,,,,,,,,,,,,,,,,12 Tocantins,43,"Área colhida (Hectares), Quantidade Produzida (Toneladas) e Valor (Mil Reais) da Produção por Tipo de Lavoura Permanente - 2024 ri tocantins",20,"Tabela 43 - Área colhida (Hectares), Quantidade Produzida (Toneladas) e Valor (Mil Reais) da Produção por Tipo de Lavoura Permanente - 2024 ri tocantins","..\..\Desktop\tabelas-powerBI\12 Tocantins\Tabela 43 - Área colhida (Hectares), Quantidade Produzida (Toneladas) e Valor (Mil Reais) da Produção por Tipo de Lavoura Permanente - 2024 ri tocantins.xlsx",Tocantins,36906,
RI Tocantins,71,46,825,104040,1694584,1176301,235,3287,3978,133,1611,2262,125,1911,5653,132,1345,3335,12 Tocantins,43,"Área colhida (Hectares), Quantidade Produzida (Toneladas) e Valor (Mil Reais) da Produção por Tipo de Lavoura Permanente - 2024 ri tocantins",20,"Tabela 43 - Área colhida (Hectares), Quantidade Produzida (Toneladas) e Valor (Mil Reais) da Produção por Tipo de Lavoura Permanente - 2024 ri tocantins","..\..\Desktop\tabelas-powerBI\12 Tocantins\Tabela 43 - Área colhida (Hectares), Quantidade Produzida (Toneladas) e Valor (Mil Reais) da Produção por Tipo de Lavoura Permanente - 2024 ri tocantins.xlsx",Tocantins,425275,18630.0
Abaetetuba,20,16,245,2000,30000,22500,30,435,522,10,121,145,-,-,-,20,211,528,12 Tocantins,43,"Área colhida (Hectares), Quantidade Produzida (Toneladas) e Valor (Mil Reais) da Produção por Tipo de Lavoura Permanente - 2024 ri tocantins",20,"Tabela 43 - Área colhida (Hectares), Quantidade Produzida (Toneladas) e Valor (Mil Reais) da Produção por Tipo de Lavoura Permanente - 2024 ri tocantins","..\..\Desktop\tabelas-powerBI\12 Tocantins\Tabela 43 - Área colhida (Hectares), Quantidade Produzida (Toneladas) e Valor (Mil Reais) da Produção por Tipo de Lavoura Permanente - 2024 ri tocantins.xlsx",Tocantins,425275,600.0
Acará,-,-,-,20000,304000,227541,40,480,622,50,508,818,5,80,160,12,114,228,12 Tocantins,43,"Área colhida (Hectares), Quantidade Produzida (Toneladas) e Valor (Mil Reais) da Produção por Tipo de Lavoura Permanente - 2024 ri tocantins",20,"Tabela 43 - Área colhida (Hectares), Quantidade Produzida (Toneladas) e Valor (Mil Reais) da Produção por Tipo de Lavoura Permanente - 2024 ri tocantins","..\..\Desktop\tabelas-powerBI\12 Tocantins\Tabela 43 - Área colhida (Hectares), Quantidade Produzida (Toneladas) e Valor (Mil Reais) da Produção por Tipo de Lavoura Permanente - 2024 ri tocantins.xlsx",Tocantins,425275,1631.0
Baião,30,15,300,40,600,480,-,-,-,-,-,-,-,-,-,-,-,-,12 Tocantins,43,"Área colhida (Hectares), Quantidade Produzida (Toneladas) e Valor (Mil Reais) da Produção por Tipo de Lavoura Permanente - 2024 ri tocantins",20,"Tabela 43 - Área colhida (Hectares), Quantidade Produzida (Toneladas) e Valor (Mil Reais) da Produção por Tipo de Lavoura Permanente - 2024 ri tocantins","..\..\Desktop\tabelas-powerBI\12 Tocantins\Tabela 43 - Área colhida (Hectares), Quantidade Produzida (Toneladas) e Valor (Mil Reais) da Produção por Tipo de Lavoura Permanente - 2024 ri tocantins.xlsx",Tocantins,425275,
Barcarena,-,-,-,-,-,-,45,675,878,10,122,159,20,331,993,10,95,266,12 Tocantins,43,"Área colhida (Hectares), Quantidade Produzida (Toneladas) e Valor (Mil Reais) da Produção por Tipo de Lavoura Permanente - 2024 ri tocantins",20,"Tabela 43 - Área colhida (Hectares), Quantidade Produzida (Toneladas) e Valor (Mil Reais) da Produção por Tipo de Lavoura Permanente - 2024 ri tocantins","..\..\Desktop\tabelas-powerBI\12 Tocantins\Tabela 43 - Área colhida (Hectares), Quantidade Produzida (Toneladas) e Valor (Mil Reais) da Produção por Tipo de Lavoura Permanente - 2024 ri tocantins.xlsx",Tocantins,425275,747.0
Cametá,16,10,200,-,-,-,20,300,300,23,360,540,-,-,-,-,-,-,12 Tocantins,43,"Área colhida (Hectares), Quantidade Produzida (Toneladas) e Valor (Mil Reais) da Produção por Tipo de Lavoura Permanente - 2024 ri tocantins",20,"Tabela 43 - Área colhida (Hectares), Quantidade Produzida (Toneladas) e Valor (Mil Reais) da Produção por Tipo de Lavoura Permanente - 2024 ri tocantins","..\..\Desktop\tabelas-powerBI\12 Tocantins\Tabela 43 - Área colhida (Hectares), Quantidade Produzida (Toneladas) e Valor (Mil Reais) da Produção por Tipo de Lavoura Permanente - 2024 ri tocantins.xlsx",Tocantins,425275,178.0
Igarapé-Miri,-,-,-,-,-,-,10,145,174,40,500,600,-,-,-,-,-,-,12 Tocantins,43,"Área colhida (Hectares), Quantidade Produzida (Toneladas) e Valor (Mil Reais) da Produção por Tipo de Lavoura Permanente - 2024 ri tocantins",20,"Tabela 43 - Área colhida (Hectares), Quantidade Produzida (Toneladas) e Valor (Mil Reais) da Produção por Tipo de Lavoura Permanente - 2024 ri tocantins","..\..\Desktop\tabelas-powerBI\12 Tocantins\Tabela 43 - Área colhida (Hectares), Quantidade Produzida (Toneladas) e Valor (Mil Reais) da Produção por Tipo de Lavoura Permanente - 2024 ri tocantins.xlsx",Tocantins,425275,600.0
Limoeiro do Ajuru,-,-,-,-,-,-,-,-,-,-,-,-,-,-,-,-,-,-,12 Tocantins,43,"Área colhida (Hectares), Quantidade Produzida (Toneladas) e Valor (Mil Reais) da Produção por Tipo de Lavoura Permanente - 2024 ri tocantins",20,"Tabela 43 - Área colhida (Hectares), Quantidade Produzida (Toneladas) e Valor (Mil Reais) da Produção por Tipo de Lavoura Permanente - 2024 ri tocantins","..\..\Desktop\tabelas-powerBI\12 Tocantins\Tabela 43 - Área colhida (Hectares), Quantidade Produzida (Toneladas) e Valor (Mil Reais) da Produção por Tipo de Lavoura Permanente - 2024 ri tocantins.xlsx",Tocantins,425275,143.0
Mocajuba,-,-,-,-,-,-,10,100,100,-,-,-,-,-,-,-,-,-,12 Tocantins,43,"Área colhida (Hectares), Quantidade Produzida (Toneladas) e Valor (Mil Reais) da Produção por Tipo de Lavoura Permanente - 2024 ri tocantins",20,"Tabela 43 - Área colhida (Hectares), Quantidade Produzida (Toneladas) e Valor (Mil Reais) da Produção por Tipo de Lavoura Permanente - 2024 ri tocantins","..\..\Desktop\tabelas-powerBI\12 Tocantins\Tabela 43 - Área colhida (Hectares), Quantidade Produzida (Toneladas) e Valor (Mil Reais) da Produção por Tipo de Lavoura Permanente - 2024 ri tocantins.xlsx",Tocantins,425275,171.0
Moju,5,5,80,21000,417900,313425,80,1152,1382,-,-,-,50,750,2250,50,485,1213,12 Tocantins,43,"Área colhida (Hectares), Quantidade Produzida (Toneladas) e Valor (Mil Reais) da Produção por Tipo de Lavoura Permanente - 2024 ri tocantins",20,"Tabela 43 - Área colhida (Hectares), Quantidade Produzida (Toneladas) e Valor (Mil Reais) da Produção por Tipo de Lavoura Permanente - 2024 ri tocantins","..\..\Desktop\tabelas-powerBI\12 Tocantins\Tabela 43 - Área colhida (Hectares), Quantidade Produzida (Toneladas) e Valor (Mil Reais) da Produção por Tipo de Lavoura Permanente - 2024 ri tocantins.xlsx",Tocantins,425275,13000.0
Tailândia,-,-,-,61000,942084,612355,-,-,-,-,-,-,50,750,2250,40,440,1100,12 Tocantins,43,"Área colhida (Hectares), Quantidade Produzida (Toneladas) e Valor (Mil Reais) da Produção por Tipo de Lavoura Permanente - 2024 ri tocantins",20,"Tabela 43 - Área colhida (Hectares), Quantidade Produzida (Toneladas) e Valor (Mil Reais) da Produção por Tipo de Lavoura Permanente - 2024 ri tocantins","..\..\Desktop\tabelas-powerBI\12 Tocantins\Tabela 43 - Área colhida (Hectares), Quantidade Produzida (Toneladas) e Valor (Mil Reais) da Produção por Tipo de Lavoura Permanente - 2024 ri tocantins.xlsx",Tocantins,425275,1560.0
Fonte: IBGE/PAM,,,,,,,,,,,,,,,,,,,12 Tocantins,43,"Área colhida (Hectares), Quantidade Produzida (Toneladas) e Valor (Mil Reais) da Produção por Tipo de Lavoura Permanente - 2024 ri tocantins",20,"Tabela 43 - Área colhida (Hectares), Quantidade Produzida (Toneladas) e Valor (Mil Reais) da Produção por Tipo de Lavoura Permanente - 2024 ri tocantins","..\..\Desktop\tabelas-powerBI\12 Tocantins\Tabela 43 - Área colhida (Hectares), Quantidade Produzida (Toneladas) e Valor (Mil Reais) da Produção por Tipo de Lavoura Permanente - 2024 ri tocantins.xlsx",Tocantins,425275,
Elaboração: FAPESPA,,,,,,,,,,,,,,,,,,,12 Tocantins,43,"Área colhida (Hectares), Quantidade Produzida (Toneladas) e Valor (Mil Reais) da Produção por Tipo de Lavoura Permanente - 2024 ri tocantins",20,"Tabela 43 - Área colhida (Hectares), Quantidade Produzida (Toneladas) e Valor (Mil Reais) da Produção por Tipo de Lavoura Permanente - 2024 ri tocantins","..\..\Desktop\tabelas-powerBI\12 Tocantins\Tabela 43 - Área colhida (Hectares), Quantidade Produzida (Toneladas) e Valor (Mil Reais) da Produção por Tipo de Lavoura Permanente - 2024 ri tocantins.xlsx",Tocantins,425275,
Nota: A quantidade produzida de coco-da-baía é expressa em mil frutos ,,,,,,,,,,,,,,,,,,,12 Tocantins,43,"Área colhida (Hectares), Quantidade Produzida (Toneladas) e Valor (Mil Reais) da Produção por Tipo de Lavoura Permanente - 2024 ri tocantins",20,"Tabela 43 - Área colhida (Hectares), Quantidade Produzida (Toneladas) e Valor (Mil Reais) da Produção por Tipo de Lavoura Permanente - 2024 ri tocantins","..\..\Desktop\tabelas-powerBI\12 Tocantins\Tabela 43 - Área colhida (Hectares), Quantidade Produzida (Toneladas) e Valor (Mil Reais) da Produção por Tipo de Lavoura Permanente - 2024 ri tocantins.xlsx",Tocantins,425275,
RI Tocantins,71,46,825,104040,1694584,1176301,235,3287,3978,133,1611,2262,125,1911,5653,132,1345,3335,12 Tocantins,43,"Área colhida (Hectares), Quantidade Produzida (Toneladas) e Valor (Mil Reais) da Produção por Tipo de Lavoura Permanente - 2024 ri tocantins",20,"Tabela 43 - Área colhida (Hectares), Quantidade Produzida (Toneladas) e Valor (Mil Reais) da Produção por Tipo de Lavoura Permanente - 2024 ri tocantins","..\..\Desktop\tabelas-powerBI\12 Tocantins\Tabela 43 - Área colhida (Hectares), Quantidade Produzida (Toneladas) e Valor (Mil Reais) da Produção por Tipo de Lavoura Permanente - 2024 ri tocantins.xlsx",Tocantins,1080902,31668.0
Abaetetuba,20,16,245,2000,30000,22500,30,435,522,10,121,145,-,-,-,20,211,528,12 Tocantins,43,"Área colhida (Hectares), Quantidade Produzida (Toneladas) e Valor (Mil Reais) da Produção por Tipo de Lavoura Permanente - 2024 ri tocantins",20,"Tabela 43 - Área colhida (Hectares), Quantidade Produzida (Toneladas) e Valor (Mil Reais) da Produção por Tipo de Lavoura Permanente - 2024 ri tocantins","..\..\Desktop\tabelas-powerBI\12 Tocantins\Tabela 43 - Área colhida (Hectares), Quantidade Produzida (Toneladas) e Valor (Mil Reais) da Produção por Tipo de Lavoura Permanente - 2024 ri tocantins.xlsx",Tocantins,1080902,900.0
Acará,-,-,-,20000,304000,227541,40,480,622,50,508,818,5,80,160,12,114,228,12 Tocantins,43,"Área colhida (Hectares), Quantidade Produzida (Toneladas) e Valor (Mil Reais) da Produção por Tipo de Lavoura Permanente - 2024 ri tocantins",20,"Tabela 43 - Área colhida (Hectares), Quantidade Produzida (Toneladas) e Valor (Mil Reais) da Produção por Tipo de Lavoura Permanente - 2024 ri tocantins","..\..\Desktop\tabelas-powerBI\12 Tocantins\Tabela 43 - Área colhida (Hectares), Quantidade Produzida (Toneladas) e Valor (Mil Reais) da Produção por Tipo de Lavoura Permanente - 2024 ri tocantins.xlsx",Tocantins,1080902,5357.0
Baião,30,15,300,40,600,480,-,-,-,-,-,-,-,-,-,-,-,-,12 Tocantins,43,"Área colhida (Hectares), Quantidade Produzida (Toneladas) e Valor (Mil Reais) da Produção por Tipo de Lavoura Permanente - 2024 ri tocantins",20,"Tabela 43 - Área colhida (Hectares), Quantidade Produzida (Toneladas) e Valor (Mil Reais) da Produção por Tipo de Lavoura Permanente - 2024 ri tocantins","..\..\Desktop\tabelas-powerBI\12 Tocantins\Tabela 43 - Área colhida (Hectares), Quantidade Produzida (Toneladas) e Valor (Mil Reais) da Produção por Tipo de Lavoura Permanente - 2024 ri tocantins.xlsx",Tocantins,1080902,
Barcarena,-,-,-,-,-,-,45,675,878,10,122,159,20,331,993,10,95,266,12 Tocantins,43,"Área colhida (Hectares), Quantidade Produzida (Toneladas) e Valor (Mil Reais) da Produção por Tipo de Lavoura Permanente - 2024 ri tocantins",20,"Tabela 43 - Área colhida (Hectares), Quantidade Produzida (Toneladas) e Valor (Mil Reais) da Produção por Tipo de Lavoura Permanente - 2024 ri tocantins","..\..\Desktop\tabelas-powerBI\12 Tocantins\Tabela 43 - Área colhida (Hectares), Quantidade Produzida (Toneladas) e Valor (Mil Reais) da Produção por Tipo de Lavoura Permanente - 2024 ri tocantins.xlsx",Tocantins,1080902,1195.0
Cametá,16,10,200,-,-,-,20,300,300,23,360,540,-,-,-,-,-,-,12 Tocantins,43,"Área colhida (Hectares), Quantidade Produzida (Toneladas) e Valor (Mil Reais) da Produção por Tipo de Lavoura Permanente - 2024 ri tocantins",20,"Tabela 43 - Área colhida (Hectares), Quantidade Produzida (Toneladas) e Valor (Mil Reais) da Produção por Tipo de Lavoura Permanente - 2024 ri tocantins","..\..\Desktop\tabelas-powerBI\12 Tocantins\Tabela 43 - Área colhida (Hectares), Quantidade Produzida (Toneladas) e Valor (Mil Reais) da Produção por Tipo de Lavoura Permanente - 2024 ri tocantins.xlsx",Tocantins,1080902,534.0
Igarapé-Miri,-,-,-,-,-,-,10,145,174,40,500,600,-,-,-,-,-,-,12 Tocantins,43,"Área colhida (Hectares), Quantidade Produzida (Toneladas) e Valor (Mil Reais) da Produção por Tipo de Lavoura Permanente - 2024 ri tocantins",20,"Tabela 43 - Área colhida (Hectares), Quantidade Produzida (Toneladas) e Valor (Mil Reais) da Produção por Tipo de Lavoura Permanente - 2024 ri tocantins","..\..\Desktop\tabelas-powerBI\12 Tocantins\Tabela 43 - Área colhida (Hectares), Quantidade Produzida (Toneladas) e Valor (Mil Reais) da Produção por Tipo de Lavoura Permanente - 2024 ri tocantins.xlsx",Tocantins,1080902,900.0
Limoeiro do Ajuru,-,-,-,-,-,-,-,-,-,-,-,-,-,-,-,-,-,-,12 Tocantins,43,"Área colhida (Hectares), Quantidade Produzida (Toneladas) e Valor (Mil Reais) da Produção por Tipo de Lavoura Permanente - 2024 ri tocantins",20,"Tabela 43 - Área colhida (Hectares), Quantidade Produzida (Toneladas) e Valor (Mil Reais) da Produção por Tipo de Lavoura Permanente - 2024 ri tocantins","..\..\Desktop\tabelas-powerBI\12 Tocantins\Tabela 43 - Área colhida (Hectares), Quantidade Produzida (Toneladas) e Valor (Mil Reais) da Produção por Tipo de Lavoura Permanente - 2024 ri tocantins.xlsx",Tocantins,1080902,429.0
Mocajuba,-,-,-,-,-,-,10,100,100,-,-,-,-,-,-,-,-,-,12 Tocantins,43,"Área colhida (Hectares), Quantidade Produzida (Toneladas) e Valor (Mil Reais) da Produção por Tipo de Lavoura Permanente - 2024 ri tocantins",20,"Tabela 43 - Área colhida (Hectares), Quantidade Produzida (Toneladas) e Valor (Mil Reais) da Produção por Tipo de Lavoura Permanente - 2024 ri tocantins","..\..\Desktop\tabelas-powerBI\12 Tocantins\Tabela 43 - Área colhida (Hectares), Quantidade Produzida (Toneladas) e Valor (Mil Reais) da Produção por Tipo de Lavoura Permanente - 2024 ri tocantins.xlsx",Tocantins,1080902,513.0
Moju,5,5,80,21000,417900,313425,80,1152,1382,-,-,-,50,750,2250,50,485,1213,12 Tocantins,43,"Área colhida (Hectares), Quantidade Produzida (Toneladas) e Valor (Mil Reais) da Produção por Tipo de Lavoura Permanente - 2024 ri tocantins",20,"Tabela 43 - Área colhida (Hectares), Quantidade Produzida (Toneladas) e Valor (Mil Reais) da Produção por Tipo de Lavoura Permanente - 2024 ri tocantins","..\..\Desktop\tabelas-powerBI\12 Tocantins\Tabela 43 - Área colhida (Hectares), Quantidade Produzida (Toneladas) e Valor (Mil Reais) da Produção por Tipo de Lavoura Permanente - 2024 ri tocantins.xlsx",Tocantins,1080902,19500.0
Tailândia,-,-,-,61000,942084,612355,-,-,-,-,-,-,50,750,2250,40,440,1100,12 Tocantins,43,"Área colhida (Hectares), Quantidade Produzida (Toneladas) e Valor (Mil Reais) da Produção por Tipo de Lavoura Permanente - 2024 ri tocantins",20,"Tabela 43 - Área colhida (Hectares), Quantidade Produzida (Toneladas) e Valor (Mil Reais) da Produção por Tipo de Lavoura Permanente - 2024 ri tocantins","..\..\Desktop\tabelas-powerBI\12 Tocantins\Tabela 43 - Área colhida (Hectares), Quantidade Produzida (Toneladas) e Valor (Mil Reais) da Produção por Tipo de Lavoura Permanente - 2024 ri tocantins.xlsx",Tocantins,1080902,2340.0
Fonte: IBGE/PAM,,,,,,,,,,,,,,,,,,,12 Tocantins,43,"Área colhida (Hectares), Quantidade Produzida (Toneladas) e Valor (Mil Reais) da Produção por Tipo de Lavoura Permanente - 2024 ri tocantins",20,"Tabela 43 - Área colhida (Hectares), Quantidade Produzida (Toneladas) e Valor (Mil Reais) da Produção por Tipo de Lavoura Permanente - 2024 ri tocantins","..\..\Desktop\tabelas-powerBI\12 Tocantins\Tabela 43 - Área colhida (Hectares), Quantidade Produzida (Toneladas) e Valor (Mil Reais) da Produção por Tipo de Lavoura Permanente - 2024 ri tocantins.xlsx",Tocantins,1080902,
Elaboração: FAPESPA,,,,,,,,,,,,,,,,,,,12 Tocantins,43,"Área colhida (Hectares), Quantidade Produzida (Toneladas) e Valor (Mil Reais) da Produção por Tipo de Lavoura Permanente - 2024 ri tocantins",20,"Tabela 43 - Área colhida (Hectares), Quantidade Produzida (Toneladas) e Valor (Mil Reais) da Produção por Tipo de Lavoura Permanente - 2024 ri tocantins","..\..\Desktop\tabelas-powerBI\12 Tocantins\Tabela 43 - Área colhida (Hectares), Quantidade Produzida (Toneladas) e Valor (Mil Reais) da Produção por Tipo de Lavoura Permanente - 2024 ri tocantins.xlsx",Tocantins,1080902,
Nota: A quantidade produzida de coco-da-baía é expressa em mil frutos ,,,,,,,,,,,,,,,,,,,12 Tocantins,43,"Área colhida (Hectares), Quantidade Produzida (Toneladas) e Valor (Mil Reais) da Produção por Tipo de Lavoura Permanente - 2024 ri tocantins",20,"Tabela 43 - Área colhida (Hectares), Quantidade Produzida (Toneladas) e Valor (Mil Reais) da Produção por Tipo de Lavoura Permanente - 2024 ri tocantins","..\..\Desktop\tabelas-powerBI\12 Tocantins\Tabela 43 - Área colhida (Hectares), Quantidade Produzida (Toneladas) e Valor (Mil Reais) da Produção por Tipo de Lavoura Permanente - 2024 ri tocantins.xlsx",Tocantins,1080902,
RI Tocantins,71,46,825,104040,1694584,1176301,235,3287,3978,133,1611,2262,125,1911,5653,132,1345,3335,12 Tocantins,43,"Área colhida (Hectares), Quantidade Produzida (Toneladas) e Valor (Mil Reais) da Produção por Tipo de Lavoura Permanente - 2024 ri tocantins",20,"Tabela 43 - Área colhida (Hectares), Quantidade Produzida (Toneladas) e Valor (Mil Reais) da Produção por Tipo de Lavoura Permanente - 2024 ri tocantins","..\..\Desktop\tabelas-powerBI\12 Tocantins\Tabela 43 - Área colhida (Hectares), Quantidade Produzida (Toneladas) e Valor (Mil Reais) da Produção por Tipo de Lavoura Permanente - 2024 ri tocantins.xlsx",Tocantins,163405,11658.0
Abaetetuba,20,16,245,2000,30000,22500,30,435,522,10,121,145,-,-,-,20,211,528,12 Tocantins,43,"Área colhida (Hectares), Quantidade Produzida (Toneladas) e Valor (Mil Reais) da Produção por Tipo de Lavoura Permanente - 2024 ri tocantins",20,"Tabela 43 - Área colhida (Hectares), Quantidade Produzida (Toneladas) e Valor (Mil Reais) da Produção por Tipo de Lavoura Permanente - 2024 ri tocantins","..\..\Desktop\tabelas-powerBI\12 Tocantins\Tabela 43 - Área colhida (Hectares), Quantidade Produzida (Toneladas) e Valor (Mil Reais) da Produção por Tipo de Lavoura Permanente - 2024 ri tocantins.xlsx",Tocantins,163405,140.0
Acará,-,-,-,20000,304000,227541,40,480,622,50,508,818,5,80,160,12,114,228,12 Tocantins,43,"Área colhida (Hectares), Quantidade Produzida (Toneladas) e Valor (Mil Reais) da Produção por Tipo de Lavoura Permanente - 2024 ri tocantins",20,"Tabela 43 - Área colhida (Hectares), Quantidade Produzida (Toneladas) e Valor (Mil Reais) da Produção por Tipo de Lavoura Permanente - 2024 ri tocantins","..\..\Desktop\tabelas-powerBI\12 Tocantins\Tabela 43 - Área colhida (Hectares), Quantidade Produzida (Toneladas) e Valor (Mil Reais) da Produção por Tipo de Lavoura Permanente - 2024 ri tocantins.xlsx",Tocantins,163405,1120.0
Baião,30,15,300,40,600,480,-,-,-,-,-,-,-,-,-,-,-,-,12 Tocantins,43,"Área colhida (Hectares), Quantidade Produzida (Toneladas) e Valor (Mil Reais) da Produção por Tipo de Lavoura Permanente - 2024 ri tocantins",20,"Tabela 43 - Área colhida (Hectares), Quantidade Produzida (Toneladas) e Valor (Mil Reais) da Produção por Tipo de Lavoura Permanente - 2024 ri tocantins","..\..\Desktop\tabelas-powerBI\12 Tocantins\Tabela 43 - Área colhida (Hectares), Quantidade Produzida (Toneladas) e Valor (Mil Reais) da Produção por Tipo de Lavoura Permanente - 2024 ri tocantins.xlsx",Tocantins,163405,700.0
Barcarena,-,-,-,-,-,-,45,675,878,10,122,159,20,331,993,10,95,266,12 Tocantins,43,"Área colhida (Hectares), Quantidade Produzida (Toneladas) e Valor (Mil Reais) da Produção por Tipo de Lavoura Permanente - 2024 ri tocantins",20,"Tabela 43 - Área colhida (Hectares), Quantidade Produzida (Toneladas) e Valor (Mil Reais) da Produção por Tipo de Lavoura Permanente - 2024 ri tocantins","..\..\Desktop\tabelas-powerBI\12 Tocantins\Tabela 43 - Área colhida (Hectares), Quantidade Produzida (Toneladas) e Valor (Mil Reais) da Produção por Tipo de Lavoura Permanente - 2024 ri tocantins.xlsx",Tocantins,163405,1700.0
Cametá,16,10,200,-,-,-,20,300,300,23,360,540,-,-,-,-,-,-,12 Tocantins,43,"Área colhida (Hectares), Quantidade Produzida (Toneladas) e Valor (Mil Reais) da Produção por Tipo de Lavoura Permanente - 2024 ri tocantins",20,"Tabela 43 - Área colhida (Hectares), Quantidade Produzida (Toneladas) e Valor (Mil Reais) da Produção por Tipo de Lavoura Permanente - 2024 ri tocantins","..\..\Desktop\tabelas-powerBI\12 Tocantins\Tabela 43 - Área colhida (Hectares), Quantidade Produzida (Toneladas) e Valor (Mil Reais) da Produção por Tipo de Lavoura Permanente - 2024 ri tocantins.xlsx",Tocantins,163405,6396.0
Igarapé-Miri,-,-,-,-,-,-,10,145,174,40,500,600,-,-,-,-,-,-,12 Tocantins,43,"Área colhida (Hectares), Quantidade Produzida (Toneladas) e Valor (Mil Reais) da Produção por Tipo de Lavoura Permanente - 2024 ri tocantins",20,"Tabela 43 - Área colhida (Hectares), Quantidade Produzida (Toneladas) e Valor (Mil Reais) da Produção por Tipo de Lavoura Permanente - 2024 ri tocantins","..\..\Desktop\tabelas-powerBI\12 Tocantins\Tabela 43 - Área colhida (Hectares), Quantidade Produzida (Toneladas) e Valor (Mil Reais) da Produção por Tipo de Lavoura Permanente - 2024 ri tocantins.xlsx",Tocantins,163405,462.0
Limoeiro do Ajuru,-,-,-,-,-,-,-,-,-,-,-,-,-,-,-,-,-,-,12 Tocantins,43,"Área colhida (Hectares), Quantidade Produzida (Toneladas) e Valor (Mil Reais) da Produção por Tipo de Lavoura Permanente - 2024 ri tocantins",20,"Tabela 43 - Área colhida (Hectares), Quantidade Produzida (Toneladas) e Valor (Mil Reais) da Produção por Tipo de Lavoura Permanente - 2024 ri tocantins","..\..\Desktop\tabelas-powerBI\12 Tocantins\Tabela 43 - Área colhida (Hectares), Quantidade Produzida (Toneladas) e Valor (Mil Reais) da Produção por Tipo de Lavoura Permanente - 2024 ri tocantins.xlsx",Tocantins,163405,100.0
Mocajuba,-,-,-,-,-,-,10,100,100,-,-,-,-,-,-,-,-,-,12 Tocantins,43,"Área colhida (Hectares), Quantidade Produzida (Toneladas) e Valor (Mil Reais) da Produção por Tipo de Lavoura Permanente - 2024 ri tocantins",20,"Tabela 43 - Área colhida (Hectares), Quantidade Produzida (Toneladas) e Valor (Mil Reais) da Produção por Tipo de Lavoura Permanente - 2024 ri tocantins","..\..\Desktop\tabelas-powerBI\12 Tocantins\Tabela 43 - Área colhida (Hectares), Quantidade Produzida (Toneladas) e Valor (Mil Reais) da Produção por Tipo de Lavoura Permanente - 2024 ri tocantins.xlsx",Tocantins,163405,800.0
Moju,5,5,80,21000,417900,313425,80,1152,1382,-,-,-,50,750,2250,50,485,1213,12 Tocantins,43,"Área colhida (Hectares), Quantidade Produzida (Toneladas) e Valor (Mil Reais) da Produção por Tipo de Lavoura Permanente - 2024 ri tocantins",20,"Tabela 43 - Área colhida (Hectares), Quantidade Produzida (Toneladas) e Valor (Mil Reais) da Produção por Tipo de Lavoura Permanente - 2024 ri tocantins","..\..\Desktop\tabelas-powerBI\12 Tocantins\Tabela 43 - Área colhida (Hectares), Quantidade Produzida (Toneladas) e Valor (Mil Reais) da Produção por Tipo de Lavoura Permanente - 2024 ri tocantins.xlsx",Tocantins,163405,170.0
Tailândia,-,-,-,61000,942084,612355,-,-,-,-,-,-,50,750,2250,40,440,1100,12 Tocantins,43,"Área colhida (Hectares), Quantidade Produzida (Toneladas) e Valor (Mil Reais) da Produção por Tipo de Lavoura Permanente - 2024 ri tocantins",20,"Tabela 43 - Área colhida (Hectares), Quantidade Produzida (Toneladas) e Valor (Mil Reais) da Produção por Tipo de Lavoura Permanente - 2024 ri tocantins","..\..\Desktop\tabelas-powerBI\12 Tocantins\Tabela 43 - Área colhida (Hectares), Quantidade Produzida (Toneladas) e Valor (Mil Reais) da Produção por Tipo de Lavoura Permanente - 2024 ri tocantins.xlsx",Tocantins,163405,70.0
Fonte: IBGE/PAM,,,,,,,,,,,,,,,,,,,12 Tocantins,43,"Área colhida (Hectares), Quantidade Produzida (Toneladas) e Valor (Mil Reais) da Produção por Tipo de Lavoura Permanente - 2024 ri tocantins",20,"Tabela 43 - Área colhida (Hectares), Quantidade Produzida (Toneladas) e Valor (Mil Reais) da Produção por Tipo de Lavoura Permanente - 2024 ri tocantins","..\..\Desktop\tabelas-powerBI\12 Tocantins\Tabela 43 - Área colhida (Hectares), Quantidade Produzida (Toneladas) e Valor (Mil Reais) da Produção por Tipo de Lavoura Permanente - 2024 ri tocantins.xlsx",Tocantins,163405,
Elaboração: FAPESPA,,,,,,,,,,,,,,,,,,,12 Tocantins,43,"Área colhida (Hectares), Quantidade Produzida (Toneladas) e Valor (Mil Reais) da Produção por Tipo de Lavoura Permanente - 2024 ri tocantins",20,"Tabela 43 - Área colhida (Hectares), Quantidade Produzida (Toneladas) e Valor (Mil Reais) da Produção por Tipo de Lavoura Permanente - 2024 ri tocantins","..\..\Desktop\tabelas-powerBI\12 Tocantins\Tabela 43 - Área colhida (Hectares), Quantidade Produzida (Toneladas) e Valor (Mil Reais) da Produção por Tipo de Lavoura Permanente - 2024 ri tocantins.xlsx",Tocantins,163405,
Nota: A quantidade produzida de coco-da-baía é expressa em mil frutos ,,,,,,,,,,,,,,,,,,,12 Tocantins,43,"Área colhida (Hectares), Quantidade Produzida (Toneladas) e Valor (Mil Reais) da Produção por Tipo de Lavoura Permanente - 2024 ri tocantins",20,"Tabela 43 - Área colhida (Hectares), Quantidade Produzida (Toneladas) e Valor (Mil Reais) da Produção por Tipo de Lavoura Permanente - 2024 ri tocantins","..\..\Desktop\tabelas-powerBI\12 Tocantins\Tabela 43 - Área colhida (Hectares), Quantidade Produzida (Toneladas) e Valor (Mil Reais) da Produção por Tipo de Lavoura Permanente - 2024 ri tocantins.xlsx",Tocantins,163405,
RI Tocantins,71,46,825,104040,1694584,1176301,235,3287,3978,133,1611,2262,125,1911,5653,132,1345,3335,12 Tocantins,43,"Área colhida (Hectares), Quantidade Produzida (Toneladas) e Valor (Mil Reais) da Produção por Tipo de Lavoura Permanente - 2024 ri tocantins",20,"Tabela 43 - Área colhida (Hectares), Quantidade Produzida (Toneladas) e Valor (Mil Reais) da Produção por Tipo de Lavoura Permanente - 2024 ri tocantins","..\..\Desktop\tabelas-powerBI\12 Tocantins\Tabela 43 - Área colhida (Hectares), Quantidade Produzida (Toneladas) e Valor (Mil Reais) da Produção por Tipo de Lavoura Permanente - 2024 ri tocantins.xlsx",Tocantins,137455,5381.0
Abaetetuba,20,16,245,2000,30000,22500,30,435,522,10,121,145,-,-,-,20,211,528,12 Tocantins,43,"Área colhida (Hectares), Quantidade Produzida (Toneladas) e Valor (Mil Reais) da Produção por Tipo de Lavoura Permanente - 2024 ri tocantins",20,"Tabela 43 - Área colhida (Hectares), Quantidade Produzida (Toneladas) e Valor (Mil Reais) da Produção por Tipo de Lavoura Permanente - 2024 ri tocantins","..\..\Desktop\tabelas-powerBI\12 Tocantins\Tabela 43 - Área colhida (Hectares), Quantidade Produzida (Toneladas) e Valor (Mil Reais) da Produção por Tipo de Lavoura Permanente - 2024 ri tocantins.xlsx",Tocantins,137455,94.0
Acará,-,-,-,20000,304000,227541,40,480,622,50,508,818,5,80,160,12,114,228,12 Tocantins,43,"Área colhida (Hectares), Quantidade Produzida (Toneladas) e Valor (Mil Reais) da Produção por Tipo de Lavoura Permanente - 2024 ri tocantins",20,"Tabela 43 - Área colhida (Hectares), Quantidade Produzida (Toneladas) e Valor (Mil Reais) da Produção por Tipo de Lavoura Permanente - 2024 ri tocantins","..\..\Desktop\tabelas-powerBI\12 Tocantins\Tabela 43 - Área colhida (Hectares), Quantidade Produzida (Toneladas) e Valor (Mil Reais) da Produção por Tipo de Lavoura Permanente - 2024 ri tocantins.xlsx",Tocantins,137455,784.0
Baião,30,15,300,40,600,480,-,-,-,-,-,-,-,-,-,-,-,-,12 Tocantins,43,"Área colhida (Hectares), Quantidade Produzida (Toneladas) e Valor (Mil Reais) da Produção por Tipo de Lavoura Permanente - 2024 ri tocantins",20,"Tabela 43 - Área colhida (Hectares), Quantidade Produzida (Toneladas) e Valor (Mil Reais) da Produção por Tipo de Lavoura Permanente - 2024 ri tocantins","..\..\Desktop\tabelas-powerBI\12 Tocantins\Tabela 43 - Área colhida (Hectares), Quantidade Produzida (Toneladas) e Valor (Mil Reais) da Produção por Tipo de Lavoura Permanente - 2024 ri tocantins.xlsx",Tocantins,137455,469.0
Barcarena,-,-,-,-,-,-,45,675,878,10,122,159,20,331,993,10,95,266,12 Tocantins,43,"Área colhida (Hectares), Quantidade Produzida (Toneladas) e Valor (Mil Reais) da Produção por Tipo de Lavoura Permanente - 2024 ri tocantins",20,"Tabela 43 - Área colhida (Hectares), Quantidade Produzida (Toneladas) e Valor (Mil Reais) da Produção por Tipo de Lavoura Permanente - 2024 ri tocantins","..\..\Desktop\tabelas-powerBI\12 Tocantins\Tabela 43 - Área colhida (Hectares), Quantidade Produzida (Toneladas) e Valor (Mil Reais) da Produção por Tipo de Lavoura Permanente - 2024 ri tocantins.xlsx",Tocantins,137455,1139.0
Cametá,16,10,200,-,-,-,20,300,300,23,360,540,-,-,-,-,-,-,12 Tocantins,43,"Área colhida (Hectares), Quantidade Produzida (Toneladas) e Valor (Mil Reais) da Produção por Tipo de Lavoura Permanente - 2024 ri tocantins",20,"Tabela 43 - Área colhida (Hectares), Quantidade Produzida (Toneladas) e Valor (Mil Reais) da Produção por Tipo de Lavoura Permanente - 2024 ri tocantins","..\..\Desktop\tabelas-powerBI\12 Tocantins\Tabela 43 - Área colhida (Hectares), Quantidade Produzida (Toneladas) e Valor (Mil Reais) da Produção por Tipo de Lavoura Permanente - 2024 ri tocantins.xlsx",Tocantins,137455,1919.0
Igarapé-Miri,-,-,-,-,-,-,10,145,174,40,500,600,-,-,-,-,-,-,12 Tocantins,43,"Área colhida (Hectares), Quantidade Produzida (Toneladas) e Valor (Mil Reais) da Produção por Tipo de Lavoura Permanente - 2024 ri tocantins",20,"Tabela 43 - Área colhida (Hectares), Quantidade Produzida (Toneladas) e Valor (Mil Reais) da Produção por Tipo de Lavoura Permanente - 2024 ri tocantins","..\..\Desktop\tabelas-powerBI\12 Tocantins\Tabela 43 - Área colhida (Hectares), Quantidade Produzida (Toneladas) e Valor (Mil Reais) da Produção por Tipo de Lavoura Permanente - 2024 ri tocantins.xlsx",Tocantins,137455,310.0
Limoeiro do Ajuru,-,-,-,-,-,-,-,-,-,-,-,-,-,-,-,-,-,-,12 Tocantins,43,"Área colhida (Hectares), Quantidade Produzida (Toneladas) e Valor (Mil Reais) da Produção por Tipo de Lavoura Permanente - 2024 ri tocantins",20,"Tabela 43 - Área colhida (Hectares), Quantidade Produzida (Toneladas) e Valor (Mil Reais) da Produção por Tipo de Lavoura Permanente - 2024 ri tocantins","..\..\Desktop\tabelas-powerBI\12 Tocantins\Tabela 43 - Área colhida (Hectares), Quantidade Produzida (Toneladas) e Valor (Mil Reais) da Produção por Tipo de Lavoura Permanente - 2024 ri tocantins.xlsx",Tocantins,137455,46.0
Mocajuba,-,-,-,-,-,-,10,100,100,-,-,-,-,-,-,-,-,-,12 Tocantins,43,"Área colhida (Hectares), Quantidade Produzida (Toneladas) e Valor (Mil Reais) da Produção por Tipo de Lavoura Permanente - 2024 ri tocantins",20,"Tabela 43 - Área colhida (Hectares), Quantidade Produzida (Toneladas) e Valor (Mil Reais) da Produção por Tipo de Lavoura Permanente - 2024 ri tocantins","..\..\Desktop\tabelas-powerBI\12 Tocantins\Tabela 43 - Área colhida (Hectares), Quantidade Produzida (Toneladas) e Valor (Mil Reais) da Produção por Tipo de Lavoura Permanente - 2024 ri tocantins.xlsx",Tocantins,137455,456.0
Moju,5,5,80,21000,417900,313425,80,1152,1382,-,-,-,50,750,2250,50,485,1213,12 Tocantins,43,"Área colhida (Hectares), Quantidade Produzida (Toneladas) e Valor (Mil Reais) da Produção por Tipo de Lavoura Permanente - 2024 ri tocantins",20,"Tabela 43 - Área colhida (Hectares), Quantidade Produzida (Toneladas) e Valor (Mil Reais) da Produção por Tipo de Lavoura Permanente - 2024 ri tocantins","..\..\Desktop\tabelas-powerBI\12 Tocantins\Tabela 43 - Área colhida (Hectares), Quantidade Produzida (Toneladas) e Valor (Mil Reais) da Produção por Tipo de Lavoura Permanente - 2024 ri tocantins.xlsx",Tocantins,137455,116.0
Tailândia,-,-,-,61000,942084,612355,-,-,-,-,-,-,50,750,2250,40,440,1100,12 Tocantins,43,"Área colhida (Hectares), Quantidade Produzida (Toneladas) e Valor (Mil Reais) da Produção por Tipo de Lavoura Permanente - 2024 ri tocantins",20,"Tabela 43 - Área colhida (Hectares), Quantidade Produzida (Toneladas) e Valor (Mil Reais) da Produção por Tipo de Lavoura Permanente - 2024 ri tocantins","..\..\Desktop\tabelas-powerBI\12 Tocantins\Tabela 43 - Área colhida (Hectares), Quantidade Produzida (Toneladas) e Valor (Mil Reais) da Produção por Tipo de Lavoura Permanente - 2024 ri tocantins.xlsx",Tocantins,137455,48.0
Fonte: IBGE/PAM,,,,,,,,,,,,,,,,,,,12 Tocantins,43,"Área colhida (Hectares), Quantidade Produzida (Toneladas) e Valor (Mil Reais) da Produção por Tipo de Lavoura Permanente - 2024 ri tocantins",20,"Tabela 43 - Área colhida (Hectares), Quantidade Produzida (Toneladas) e Valor (Mil Reais) da Produção por Tipo de Lavoura Permanente - 2024 ri tocantins","..\..\Desktop\tabelas-powerBI\12 Tocantins\Tabela 43 - Área colhida (Hectares), Quantidade Produzida (Toneladas) e Valor (Mil Reais) da Produção por Tipo de Lavoura Permanente - 2024 ri tocantins.xlsx",Tocantins,137455,
Elaboração: FAPESPA,,,,,,,,,,,,,,,,,,,12 Tocantins,43,"Área colhida (Hectares), Quantidade Produzida (Toneladas) e Valor (Mil Reais) da Produção por Tipo de Lavoura Permanente - 2024 ri tocantins",20,"Tabela 43 - Área colhida (Hectares), Quantidade Produzida (Toneladas) e Valor (Mil Reais) da Produção por Tipo de Lavoura Permanente - 2024 ri tocantins","..\..\Desktop\tabelas-powerBI\12 Tocantins\Tabela 43 - Área colhida (Hectares), Quantidade Produzida (Toneladas) e Valor (Mil Reais) da Produção por Tipo de Lavoura Permanente - 2024 ri tocantins.xlsx",Tocantins,137455,
Nota: A quantidade produzida de coco-da-baía é expressa em mil frutos ,,,,,,,,,,,,,,,,,,,12 Tocantins,43,"Área colhida (Hectares), Quantidade Produzida (Toneladas) e Valor (Mil Reais) da Produção por Tipo de Lavoura Permanente - 2024 ri tocantins",20,"Tabela 43 - Área colhida (Hectares), Quantidade Produzida (Toneladas) e Valor (Mil Reais) da Produção por Tipo de Lavoura Permanente - 2024 ri tocantins","..\..\Desktop\tabelas-powerBI\12 Tocantins\Tabela 43 - Área colhida (Hectares), Quantidade Produzida (Toneladas) e Valor (Mil Reais) da Produção por Tipo de Lavoura Permanente - 2024 ri tocantins.xlsx",Tocantins,137455,
RI Tocantins,71,46,825,104040,1694584,1176301,235,3287,3978,133,1611,2262,125,1911,5653,132,1345,3335,12 Tocantins,43,"Área colhida (Hectares), Quantidade Produzida (Toneladas) e Valor (Mil Reais) da Produção por Tipo de Lavoura Permanente - 2024 ri tocantins",20,"Tabela 43 - Área colhida (Hectares), Quantidade Produzida (Toneladas) e Valor (Mil Reais) da Produção por Tipo de Lavoura Permanente - 2024 ri tocantins","..\..\Desktop\tabelas-powerBI\12 Tocantins\Tabela 43 - Área colhida (Hectares), Quantidade Produzida (Toneladas) e Valor (Mil Reais) da Produção por Tipo de Lavoura Permanente - 2024 ri tocantins.xlsx",Tocantins,7716788,255588.0
Abaetetuba,20,16,245,2000,30000,22500,30,435,522,10,121,145,-,-,-,20,211,528,12 Tocantins,43,"Área colhida (Hectares), Quantidade Produzida (Toneladas) e Valor (Mil Reais) da Produção por Tipo de Lavoura Permanente - 2024 ri tocantins",20,"Tabela 43 - Área colhida (Hectares), Quantidade Produzida (Toneladas) e Valor (Mil Reais) da Produção por Tipo de Lavoura Permanente - 2024 ri tocantins","..\..\Desktop\tabelas-powerBI\12 Tocantins\Tabela 43 - Área colhida (Hectares), Quantidade Produzida (Toneladas) e Valor (Mil Reais) da Produção por Tipo de Lavoura Permanente - 2024 ri tocantins.xlsx",Tocantins,7716788,4230.0
Acará,-,-,-,20000,304000,227541,40,480,622,50,508,818,5,80,160,12,114,228,12 Tocantins,43,"Área colhida (Hectares), Quantidade Produzida (Toneladas) e Valor (Mil Reais) da Produção por Tipo de Lavoura Permanente - 2024 ri tocantins",20,"Tabela 43 - Área colhida (Hectares), Quantidade Produzida (Toneladas) e Valor (Mil Reais) da Produção por Tipo de Lavoura Permanente - 2024 ri tocantins","..\..\Desktop\tabelas-powerBI\12 Tocantins\Tabela 43 - Área colhida (Hectares), Quantidade Produzida (Toneladas) e Valor (Mil Reais) da Produção por Tipo de Lavoura Permanente - 2024 ri tocantins.xlsx",Tocantins,7716788,36848.0
Baião,30,15,300,40,600,480,-,-,-,-,-,-,-,-,-,-,-,-,12 Tocantins,43,"Área colhida (Hectares), Quantidade Produzida (Toneladas) e Valor (Mil Reais) da Produção por Tipo de Lavoura Permanente - 2024 ri tocantins",20,"Tabela 43 - Área colhida (Hectares), Quantidade Produzida (Toneladas) e Valor (Mil Reais) da Produção por Tipo de Lavoura Permanente - 2024 ri tocantins","..\..\Desktop\tabelas-powerBI\12 Tocantins\Tabela 43 - Área colhida (Hectares), Quantidade Produzida (Toneladas) e Valor (Mil Reais) da Produção por Tipo de Lavoura Permanente - 2024 ri tocantins.xlsx",Tocantins,7716788,21105.0
Barcarena,-,-,-,-,-,-,45,675,878,10,122,159,20,331,993,10,95,266,12 Tocantins,43,"Área colhida (Hectares), Quantidade Produzida (Toneladas) e Valor (Mil Reais) da Produção por Tipo de Lavoura Permanente - 2024 ri tocantins",20,"Tabela 43 - Área colhida (Hectares), Quantidade Produzida (Toneladas) e Valor (Mil Reais) da Produção por Tipo de Lavoura Permanente - 2024 ri tocantins","..\..\Desktop\tabelas-powerBI\12 Tocantins\Tabela 43 - Área colhida (Hectares), Quantidade Produzida (Toneladas) e Valor (Mil Reais) da Produção por Tipo de Lavoura Permanente - 2024 ri tocantins.xlsx",Tocantins,7716788,51255.0
Cametá,16,10,200,-,-,-,20,300,300,23,360,540,-,-,-,-,-,-,12 Tocantins,43,"Área colhida (Hectares), Quantidade Produzida (Toneladas) e Valor (Mil Reais) da Produção por Tipo de Lavoura Permanente - 2024 ri tocantins",20,"Tabela 43 - Área colhida (Hectares), Quantidade Produzida (Toneladas) e Valor (Mil Reais) da Produção por Tipo de Lavoura Permanente - 2024 ri tocantins","..\..\Desktop\tabelas-powerBI\12 Tocantins\Tabela 43 - Área colhida (Hectares), Quantidade Produzida (Toneladas) e Valor (Mil Reais) da Produção por Tipo de Lavoura Permanente - 2024 ri tocantins.xlsx",Tocantins,7716788,95950.0
Igarapé-Miri,-,-,-,-,-,-,10,145,174,40,500,600,-,-,-,-,-,-,12 Tocantins,43,"Área colhida (Hectares), Quantidade Produzida (Toneladas) e Valor (Mil Reais) da Produção por Tipo de Lavoura Permanente - 2024 ri tocantins",20,"Tabela 43 - Área colhida (Hectares), Quantidade Produzida (Toneladas) e Valor (Mil Reais) da Produção por Tipo de Lavoura Permanente - 2024 ri tocantins","..\..\Desktop\tabelas-powerBI\12 Tocantins\Tabela 43 - Área colhida (Hectares), Quantidade Produzida (Toneladas) e Valor (Mil Reais) da Produção por Tipo de Lavoura Permanente - 2024 ri tocantins.xlsx",Tocantins,7716788,13950.0
Limoeiro do Ajuru,-,-,-,-,-,-,-,-,-,-,-,-,-,-,-,-,-,-,12 Tocantins,43,"Área colhida (Hectares), Quantidade Produzida (Toneladas) e Valor (Mil Reais) da Produção por Tipo de Lavoura Permanente - 2024 ri tocantins",20,"Tabela 43 - Área colhida (Hectares), Quantidade Produzida (Toneladas) e Valor (Mil Reais) da Produção por Tipo de Lavoura Permanente - 2024 ri tocantins","..\..\Desktop\tabelas-powerBI\12 Tocantins\Tabela 43 - Área colhida (Hectares), Quantidade Produzida (Toneladas) e Valor (Mil Reais) da Produção por Tipo de Lavoura Permanente - 2024 ri tocantins.xlsx",Tocantins,7716788,2070.0
Mocajuba,-,-,-,-,-,-,10,100,100,-,-,-,-,-,-,-,-,-,12 Tocantins,43,"Área colhida (Hectares), Quantidade Produzida (Toneladas) e Valor (Mil Reais) da Produção por Tipo de Lavoura Permanente - 2024 ri tocantins",20,"Tabela 43 - Área colhida (Hectares), Quantidade Produzida (Toneladas) e Valor (Mil Reais) da Produção por Tipo de Lavoura Permanente - 2024 ri tocantins","..\..\Desktop\tabelas-powerBI\12 Tocantins\Tabela 43 - Área colhida (Hectares), Quantidade Produzida (Toneladas) e Valor (Mil Reais) da Produção por Tipo de Lavoura Permanente - 2024 ri tocantins.xlsx",Tocantins,7716788,22800.0
Moju,5,5,80,21000,417900,313425,80,1152,1382,-,-,-,50,750,2250,50,485,1213,12 Tocantins,43,"Área colhida (Hectares), Quantidade Produzida (Toneladas) e Valor (Mil Reais) da Produção por Tipo de Lavoura Permanente - 2024 ri tocantins",20,"Tabela 43 - Área colhida (Hectares), Quantidade Produzida (Toneladas) e Valor (Mil Reais) da Produção por Tipo de Lavoura Permanente - 2024 ri tocantins","..\..\Desktop\tabelas-powerBI\12 Tocantins\Tabela 43 - Área colhida (Hectares), Quantidade Produzida (Toneladas) e Valor (Mil Reais) da Produção por Tipo de Lavoura Permanente - 2024 ri tocantins.xlsx",Tocantins,7716788,5220.0
Tailândia,-,-,-,61000,942084,612355,-,-,-,-,-,-,50,750,2250,40,440,1100,12 Tocantins,43,"Área colhida (Hectares), Quantidade Produzida (Toneladas) e Valor (Mil Reais) da Produção por Tipo de Lavoura Permanente - 2024 ri tocantins",20,"Tabela 43 - Área colhida (Hectares), Quantidade Produzida (Toneladas) e Valor (Mil Reais) da Produção por Tipo de Lavoura Permanente - 2024 ri tocantins","..\..\Desktop\tabelas-powerBI\12 Tocantins\Tabela 43 - Área colhida (Hectares), Quantidade Produzida (Toneladas) e Valor (Mil Reais) da Produção por Tipo de Lavoura Permanente - 2024 ri tocantins.xlsx",Tocantins,7716788,2160.0
Fonte: IBGE/PAM,,,,,,,,,,,,,,,,,,,12 Tocantins,43,"Área colhida (Hectares), Quantidade Produzida (Toneladas) e Valor (Mil Reais) da Produção por Tipo de Lavoura Permanente - 2024 ri tocantins",20,"Tabela 43 - Área colhida (Hectares), Quantidade Produzida (Toneladas) e Valor (Mil Reais) da Produção por Tipo de Lavoura Permanente - 2024 ri tocantins","..\..\Desktop\tabelas-powerBI\12 Tocantins\Tabela 43 - Área colhida (Hectares), Quantidade Produzida (Toneladas) e Valor (Mil Reais) da Produção por Tipo de Lavoura Permanente - 2024 ri tocantins.xlsx",Tocantins,7716788,
Elaboração: FAPESPA,,,,,,,,,,,,,,,,,,,12 Tocantins,43,"Área colhida (Hectares), Quantidade Produzida (Toneladas) e Valor (Mil Reais) da Produção por Tipo de Lavoura Permanente - 2024 ri tocantins",20,"Tabela 43 - Área colhida (Hectares), Quantidade Produzida (Toneladas) e Valor (Mil Reais) da Produção por Tipo de Lavoura Permanente - 2024 ri tocantins","..\..\Desktop\tabelas-powerBI\12 Tocantins\Tabela 43 - Área colhida (Hectares), Quantidade Produzida (Toneladas) e Valor (Mil Reais) da Produção por Tipo de Lavoura Permanente - 2024 ri tocantins.xlsx",Tocantins,7716788,
Nota: A quantidade produzida de coco-da-baía é expressa em mil frutos ,,,,,,,,,,,,,,,,,,,12 Tocantins,43,"Área colhida (Hectares), Quantidade Produzida (Toneladas) e Valor (Mil Reais) da Produção por Tipo de Lavoura Permanente - 2024 ri tocantins",20,"Tabela 43 - Área colhida (Hectares), Quantidade Produzida (Toneladas) e Valor (Mil Reais) da Produção por Tipo de Lavoura Permanente - 2024 ri tocantins","..\..\Desktop\tabelas-powerBI\12 Tocantins\Tabela 43 - Área colhida (Hectares), Quantidade Produzida (Toneladas) e Valor (Mil Reais) da Produção por Tipo de Lavoura Permanente - 2024 ri tocantins.xlsx",Tocantins,7716788,
RI Tocantins,71,46,825,104040,1694584,1176301,235,3287,3978,133,1611,2262,125,1911,5653,132,1345,3335,12 Tocantins,43,"Área colhida (Hectares), Quantidade Produzida (Toneladas) e Valor (Mil Reais) da Produção por Tipo de Lavoura Permanente - 2024 ri tocantins",20,"Tabela 43 - Área colhida (Hectares), Quantidade Produzida (Toneladas) e Valor (Mil Reais) da Produção por Tipo de Lavoura Permanente - 2024 ri tocantins","..\..\Desktop\tabelas-powerBI\12 Tocantins\Tabela 43 - Área colhida (Hectares), Quantidade Produzida (Toneladas) e Valor (Mil Reais) da Produção por Tipo de Lavoura Permanente - 2024 ri tocantins.xlsx",Tocantins,16868,10773.0
Abaetetuba,20,16,245,2000,30000,22500,30,435,522,10,121,145,-,-,-,20,211,528,12 Tocantins,43,"Área colhida (Hectares), Quantidade Produzida (Toneladas) e Valor (Mil Reais) da Produção por Tipo de Lavoura Permanente - 2024 ri tocantins",20,"Tabela 43 - Área colhida (Hectares), Quantidade Produzida (Toneladas) e Valor (Mil Reais) da Produção por Tipo de Lavoura Permanente - 2024 ri tocantins","..\..\Desktop\tabelas-powerBI\12 Tocantins\Tabela 43 - Área colhida (Hectares), Quantidade Produzida (Toneladas) e Valor (Mil Reais) da Produção por Tipo de Lavoura Permanente - 2024 ri tocantins.xlsx",Tocantins,16868,385.0
Acará,-,-,-,20000,304000,227541,40,480,622,50,508,818,5,80,160,12,114,228,12 Tocantins,43,"Área colhida (Hectares), Quantidade Produzida (Toneladas) e Valor (Mil Reais) da Produção por Tipo de Lavoura Permanente - 2024 ri tocantins",20,"Tabela 43 - Área colhida (Hectares), Quantidade Produzida (Toneladas) e Valor (Mil Reais) da Produção por Tipo de Lavoura Permanente - 2024 ri tocantins","..\..\Desktop\tabelas-powerBI\12 Tocantins\Tabela 43 - Área colhida (Hectares), Quantidade Produzida (Toneladas) e Valor (Mil Reais) da Produção por Tipo de Lavoura Permanente - 2024 ri tocantins.xlsx",Tocantins,16868,2100.0
Baião,30,15,300,40,600,480,-,-,-,-,-,-,-,-,-,-,-,-,12 Tocantins,43,"Área colhida (Hectares), Quantidade Produzida (Toneladas) e Valor (Mil Reais) da Produção por Tipo de Lavoura Permanente - 2024 ri tocantins",20,"Tabela 43 - Área colhida (Hectares), Quantidade Produzida (Toneladas) e Valor (Mil Reais) da Produção por Tipo de Lavoura Permanente - 2024 ri tocantins","..\..\Desktop\tabelas-powerBI\12 Tocantins\Tabela 43 - Área colhida (Hectares), Quantidade Produzida (Toneladas) e Valor (Mil Reais) da Produção por Tipo de Lavoura Permanente - 2024 ri tocantins.xlsx",Tocantins,16868,80.0
Barcarena,-,-,-,-,-,-,45,675,878,10,122,159,20,331,993,10,95,266,12 Tocantins,43,"Área colhida (Hectares), Quantidade Produzida (Toneladas) e Valor (Mil Reais) da Produção por Tipo de Lavoura Permanente - 2024 ri tocantins",20,"Tabela 43 - Área colhida (Hectares), Quantidade Produzida (Toneladas) e Valor (Mil Reais) da Produção por Tipo de Lavoura Permanente - 2024 ri tocantins","..\..\Desktop\tabelas-powerBI\12 Tocantins\Tabela 43 - Área colhida (Hectares), Quantidade Produzida (Toneladas) e Valor (Mil Reais) da Produção por Tipo de Lavoura Permanente - 2024 ri tocantins.xlsx",Tocantins,16868,305.0
Cametá,16,10,200,-,-,-,20,300,300,23,360,540,-,-,-,-,-,-,12 Tocantins,43,"Área colhida (Hectares), Quantidade Produzida (Toneladas) e Valor (Mil Reais) da Produção por Tipo de Lavoura Permanente - 2024 ri tocantins",20,"Tabela 43 - Área colhida (Hectares), Quantidade Produzida (Toneladas) e Valor (Mil Reais) da Produção por Tipo de Lavoura Permanente - 2024 ri tocantins","..\..\Desktop\tabelas-powerBI\12 Tocantins\Tabela 43 - Área colhida (Hectares), Quantidade Produzida (Toneladas) e Valor (Mil Reais) da Produção por Tipo de Lavoura Permanente - 2024 ri tocantins.xlsx",Tocantins,16868,30.0
Igarapé-Miri,-,-,-,-,-,-,10,145,174,40,500,600,-,-,-,-,-,-,12 Tocantins,43,"Área colhida (Hectares), Quantidade Produzida (Toneladas) e Valor (Mil Reais) da Produção por Tipo de Lavoura Permanente - 2024 ri tocantins",20,"Tabela 43 - Área colhida (Hectares), Quantidade Produzida (Toneladas) e Valor (Mil Reais) da Produção por Tipo de Lavoura Permanente - 2024 ri tocantins","..\..\Desktop\tabelas-powerBI\12 Tocantins\Tabela 43 - Área colhida (Hectares), Quantidade Produzida (Toneladas) e Valor (Mil Reais) da Produção por Tipo de Lavoura Permanente - 2024 ri tocantins.xlsx",Tocantins,16868,90.0
Limoeiro do Ajuru,-,-,-,-,-,-,-,-,-,-,-,-,-,-,-,-,-,-,12 Tocantins,43,"Área colhida (Hectares), Quantidade Produzida (Toneladas) e Valor (Mil Reais) da Produção por Tipo de Lavoura Permanente - 2024 ri tocantins",20,"Tabela 43 - Área colhida (Hectares), Quantidade Produzida (Toneladas) e Valor (Mil Reais) da Produção por Tipo de Lavoura Permanente - 2024 ri tocantins","..\..\Desktop\tabelas-powerBI\12 Tocantins\Tabela 43 - Área colhida (Hectares), Quantidade Produzida (Toneladas) e Valor (Mil Reais) da Produção por Tipo de Lavoura Permanente - 2024 ri tocantins.xlsx",Tocantins,16868,8.0
Mocajuba,-,-,-,-,-,-,10,100,100,-,-,-,-,-,-,-,-,-,12 Tocantins,43,"Área colhida (Hectares), Quantidade Produzida (Toneladas) e Valor (Mil Reais) da Produção por Tipo de Lavoura Permanente - 2024 ri tocantins",20,"Tabela 43 - Área colhida (Hectares), Quantidade Produzida (Toneladas) e Valor (Mil Reais) da Produção por Tipo de Lavoura Permanente - 2024 ri tocantins","..\..\Desktop\tabelas-powerBI\12 Tocantins\Tabela 43 - Área colhida (Hectares), Quantidade Produzida (Toneladas) e Valor (Mil Reais) da Produção por Tipo de Lavoura Permanente - 2024 ri tocantins.xlsx",Tocantins,16868,75.0
Moju,5,5,80,21000,417900,313425,80,1152,1382,-,-,-,50,750,2250,50,485,1213,12 Tocantins,43,"Área colhida (Hectares), Quantidade Produzida (Toneladas) e Valor (Mil Reais) da Produção por Tipo de Lavoura Permanente - 2024 ri tocantins",20,"Tabela 43 - Área colhida (Hectares), Quantidade Produzida (Toneladas) e Valor (Mil Reais) da Produção por Tipo de Lavoura Permanente - 2024 ri tocantins","..\..\Desktop\tabelas-powerBI\12 Tocantins\Tabela 43 - Área colhida (Hectares), Quantidade Produzida (Toneladas) e Valor (Mil Reais) da Produção por Tipo de Lavoura Permanente - 2024 ri tocantins.xlsx",Tocantins,16868,7700.0
Tailândia,-,-,-,61000,942084,612355,-,-,-,-,-,-,50,750,2250,40,440,1100,12 Tocantins,43,"Área colhida (Hectares), Quantidade Produzida (Toneladas) e Valor (Mil Reais) da Produção por Tipo de Lavoura Permanente - 2024 ri tocantins",20,"Tabela 43 - Área colhida (Hectares), Quantidade Produzida (Toneladas) e Valor (Mil Reais) da Produção por Tipo de Lavoura Permanente - 2024 ri tocantins","..\..\Desktop\tabelas-powerBI\12 Tocantins\Tabela 43 - Área colhida (Hectares), Quantidade Produzida (Toneladas) e Valor (Mil Reais) da Produção por Tipo de Lavoura Permanente - 2024 ri tocantins.xlsx",Tocantins,16868,
Fonte: IBGE/PAM,,,,,,,,,,,,,,,,,,,12 Tocantins,43,"Área colhida (Hectares), Quantidade Produzida (Toneladas) e Valor (Mil Reais) da Produção por Tipo de Lavoura Permanente - 2024 ri tocantins",20,"Tabela 43 - Área colhida (Hectares), Quantidade Produzida (Toneladas) e Valor (Mil Reais) da Produção por Tipo de Lavoura Permanente - 2024 ri tocantins","..\..\Desktop\tabelas-powerBI\12 Tocantins\Tabela 43 - Área colhida (Hectares), Quantidade Produzida (Toneladas) e Valor (Mil Reais) da Produção por Tipo de Lavoura Permanente - 2024 ri tocantins.xlsx",Tocantins,16868,
Elaboração: FAPESPA,,,,,,,,,,,,,,,,,,,12 Tocantins,43,"Área colhida (Hectares), Quantidade Produzida (Toneladas) e Valor (Mil Reais) da Produção por Tipo de Lavoura Permanente - 2024 ri tocantins",20,"Tabela 43 - Área colhida (Hectares), Quantidade Produzida (Toneladas) e Valor (Mil Reais) da Produção por Tipo de Lavoura Permanente - 2024 ri tocantins","..\..\Desktop\tabelas-powerBI\12 Tocantins\Tabela 43 - Área colhida (Hectares), Quantidade Produzida (Toneladas) e Valor (Mil Reais) da Produção por Tipo de Lavoura Permanente - 2024 ri tocantins.xlsx",Tocantins,16868,
Nota: A quantidade produzida de coco-da-baía é expressa em mil frutos ,,,,,,,,,,,,,,,,,,,12 Tocantins,43,"Área colhida (Hectares), Quantidade Produzida (Toneladas) e Valor (Mil Reais) da Produção por Tipo de Lavoura Permanente - 2024 ri tocantins",20,"Tabela 43 - Área colhida (Hectares), Quantidade Produzida (Toneladas) e Valor (Mil Reais) da Produção por Tipo de Lavoura Permanente - 2024 ri tocantins","..\..\Desktop\tabelas-powerBI\12 Tocantins\Tabela 43 - Área colhida (Hectares), Quantidade Produzida (Toneladas) e Valor (Mil Reais) da Produção por Tipo de Lavoura Permanente - 2024 ri tocantins.xlsx",Tocantins,16868,
RI Tocantins,71,46,825,104040,1694584,1176301,235,3287,3978,133,1611,2262,125,1911,5653,132,1345,3335,12 Tocantins,43,"Área colhida (Hectares), Quantidade Produzida (Toneladas) e Valor (Mil Reais) da Produção por Tipo de Lavoura Permanente - 2024 ri tocantins",20,"Tabela 43 - Área colhida (Hectares), Quantidade Produzida (Toneladas) e Valor (Mil Reais) da Produção por Tipo de Lavoura Permanente - 2024 ri tocantins","..\..\Desktop\tabelas-powerBI\12 Tocantins\Tabela 43 - Área colhida (Hectares), Quantidade Produzida (Toneladas) e Valor (Mil Reais) da Produção por Tipo de Lavoura Permanente - 2024 ri tocantins.xlsx",Tocantins,169935,108552.0
Abaetetuba,20,16,245,2000,30000,22500,30,435,522,10,121,145,-,-,-,20,211,528,12 Tocantins,43,"Área colhida (Hectares), Quantidade Produzida (Toneladas) e Valor (Mil Reais) da Produção por Tipo de Lavoura Permanente - 2024 ri tocantins",20,"Tabela 43 - Área colhida (Hectares), Quantidade Produzida (Toneladas) e Valor (Mil Reais) da Produção por Tipo de Lavoura Permanente - 2024 ri tocantins","..\..\Desktop\tabelas-powerBI\12 Tocantins\Tabela 43 - Área colhida (Hectares), Quantidade Produzida (Toneladas) e Valor (Mil Reais) da Produção por Tipo de Lavoura Permanente - 2024 ri tocantins.xlsx",Tocantins,169935,2330.0
Acará,-,-,-,20000,304000,227541,40,480,622,50,508,818,5,80,160,12,114,228,12 Tocantins,43,"Área colhida (Hectares), Quantidade Produzida (Toneladas) e Valor (Mil Reais) da Produção por Tipo de Lavoura Permanente - 2024 ri tocantins",20,"Tabela 43 - Área colhida (Hectares), Quantidade Produzida (Toneladas) e Valor (Mil Reais) da Produção por Tipo de Lavoura Permanente - 2024 ri tocantins","..\..\Desktop\tabelas-powerBI\12 Tocantins\Tabela 43 - Área colhida (Hectares), Quantidade Produzida (Toneladas) e Valor (Mil Reais) da Produção por Tipo de Lavoura Permanente - 2024 ri tocantins.xlsx",Tocantins,169935,21000.0
Baião,30,15,300,40,600,480,-,-,-,-,-,-,-,-,-,-,-,-,12 Tocantins,43,"Área colhida (Hectares), Quantidade Produzida (Toneladas) e Valor (Mil Reais) da Produção por Tipo de Lavoura Permanente - 2024 ri tocantins",20,"Tabela 43 - Área colhida (Hectares), Quantidade Produzida (Toneladas) e Valor (Mil Reais) da Produção por Tipo de Lavoura Permanente - 2024 ri tocantins","..\..\Desktop\tabelas-powerBI\12 Tocantins\Tabela 43 - Área colhida (Hectares), Quantidade Produzida (Toneladas) e Valor (Mil Reais) da Produção por Tipo de Lavoura Permanente - 2024 ri tocantins.xlsx",Tocantins,169935,480.0
Barcarena,-,-,-,-,-,-,45,675,878,10,122,159,20,331,993,10,95,266,12 Tocantins,43,"Área colhida (Hectares), Quantidade Produzida (Toneladas) e Valor (Mil Reais) da Produção por Tipo de Lavoura Permanente - 2024 ri tocantins",20,"Tabela 43 - Área colhida (Hectares), Quantidade Produzida (Toneladas) e Valor (Mil Reais) da Produção por Tipo de Lavoura Permanente - 2024 ri tocantins","..\..\Desktop\tabelas-powerBI\12 Tocantins\Tabela 43 - Área colhida (Hectares), Quantidade Produzida (Toneladas) e Valor (Mil Reais) da Produção por Tipo de Lavoura Permanente - 2024 ri tocantins.xlsx",Tocantins,169935,3050.0
Cametá,16,10,200,-,-,-,20,300,300,23,360,540,-,-,-,-,-,-,12 Tocantins,43,"Área colhida (Hectares), Quantidade Produzida (Toneladas) e Valor (Mil Reais) da Produção por Tipo de Lavoura Permanente - 2024 ri tocantins",20,"Tabela 43 - Área colhida (Hectares), Quantidade Produzida (Toneladas) e Valor (Mil Reais) da Produção por Tipo de Lavoura Permanente - 2024 ri tocantins","..\..\Desktop\tabelas-powerBI\12 Tocantins\Tabela 43 - Área colhida (Hectares), Quantidade Produzida (Toneladas) e Valor (Mil Reais) da Produção por Tipo de Lavoura Permanente - 2024 ri tocantins.xlsx",Tocantins,169935,420.0
Igarapé-Miri,-,-,-,-,-,-,10,145,174,40,500,600,-,-,-,-,-,-,12 Tocantins,43,"Área colhida (Hectares), Quantidade Produzida (Toneladas) e Valor (Mil Reais) da Produção por Tipo de Lavoura Permanente - 2024 ri tocantins",20,"Tabela 43 - Área colhida (Hectares), Quantidade Produzida (Toneladas) e Valor (Mil Reais) da Produção por Tipo de Lavoura Permanente - 2024 ri tocantins","..\..\Desktop\tabelas-powerBI\12 Tocantins\Tabela 43 - Área colhida (Hectares), Quantidade Produzida (Toneladas) e Valor (Mil Reais) da Produção por Tipo de Lavoura Permanente - 2024 ri tocantins.xlsx",Tocantins,169935,1050.0
Limoeiro do Ajuru,-,-,-,-,-,-,-,-,-,-,-,-,-,-,-,-,-,-,12 Tocantins,43,"Área colhida (Hectares), Quantidade Produzida (Toneladas) e Valor (Mil Reais) da Produção por Tipo de Lavoura Permanente - 2024 ri tocantins",20,"Tabela 43 - Área colhida (Hectares), Quantidade Produzida (Toneladas) e Valor (Mil Reais) da Produção por Tipo de Lavoura Permanente - 2024 ri tocantins","..\..\Desktop\tabelas-powerBI\12 Tocantins\Tabela 43 - Área colhida (Hectares), Quantidade Produzida (Toneladas) e Valor (Mil Reais) da Produção por Tipo de Lavoura Permanente - 2024 ri tocantins.xlsx",Tocantins,169935,64.0
Mocajuba,-,-,-,-,-,-,10,100,100,-,-,-,-,-,-,-,-,-,12 Tocantins,43,"Área colhida (Hectares), Quantidade Produzida (Toneladas) e Valor (Mil Reais) da Produção por Tipo de Lavoura Permanente - 2024 ri tocantins",20,"Tabela 43 - Área colhida (Hectares), Quantidade Produzida (Toneladas) e Valor (Mil Reais) da Produção por Tipo de Lavoura Permanente - 2024 ri tocantins","..\..\Desktop\tabelas-powerBI\12 Tocantins\Tabela 43 - Área colhida (Hectares), Quantidade Produzida (Toneladas) e Valor (Mil Reais) da Produção por Tipo de Lavoura Permanente - 2024 ri tocantins.xlsx",Tocantins,169935,383.0
Moju,5,5,80,21000,417900,313425,80,1152,1382,-,-,-,50,750,2250,50,485,1213,12 Tocantins,43,"Área colhida (Hectares), Quantidade Produzida (Toneladas) e Valor (Mil Reais) da Produção por Tipo de Lavoura Permanente - 2024 ri tocantins",20,"Tabela 43 - Área colhida (Hectares), Quantidade Produzida (Toneladas) e Valor (Mil Reais) da Produção por Tipo de Lavoura Permanente - 2024 ri tocantins","..\..\Desktop\tabelas-powerBI\12 Tocantins\Tabela 43 - Área colhida (Hectares), Quantidade Produzida (Toneladas) e Valor (Mil Reais) da Produção por Tipo de Lavoura Permanente - 2024 ri tocantins.xlsx",Tocantins,169935,79775.0
Tailândia,-,-,-,61000,942084,612355,-,-,-,-,-,-,50,750,2250,40,440,1100,12 Tocantins,43,"Área colhida (Hectares), Quantidade Produzida (Toneladas) e Valor (Mil Reais) da Produção por Tipo de Lavoura Permanente - 2024 ri tocantins",20,"Tabela 43 - Área colhida (Hectares), Quantidade Produzida (Toneladas) e Valor (Mil Reais) da Produção por Tipo de Lavoura Permanente - 2024 ri tocantins","..\..\Desktop\tabelas-powerBI\12 Tocantins\Tabela 43 - Área colhida (Hectares), Quantidade Produzida (Toneladas) e Valor (Mil Reais) da Produção por Tipo de Lavoura Permanente - 2024 ri tocantins.xlsx",Tocantins,169935,
Fonte: IBGE/PAM,,,,,,,,,,,,,,,,,,,12 Tocantins,43,"Área colhida (Hectares), Quantidade Produzida (Toneladas) e Valor (Mil Reais) da Produção por Tipo de Lavoura Permanente - 2024 ri tocantins",20,"Tabela 43 - Área colhida (Hectares), Quantidade Produzida (Toneladas) e Valor (Mil Reais) da Produção por Tipo de Lavoura Permanente - 2024 ri tocantins","..\..\Desktop\tabelas-powerBI\12 Tocantins\Tabela 43 - Área colhida (Hectares), Quantidade Produzida (Toneladas) e Valor (Mil Reais) da Produção por Tipo de Lavoura Permanente - 2024 ri tocantins.xlsx",Tocantins,169935,
Elaboração: FAPESPA,,,,,,,,,,,,,,,,,,,12 Tocantins,43,"Área colhida (Hectares), Quantidade Produzida (Toneladas) e Valor (Mil Reais) da Produção por Tipo de Lavoura Permanente - 2024 ri tocantins",20,"Tabela 43 - Área colhida (Hectares), Quantidade Produzida (Toneladas) e Valor (Mil Reais) da Produção por Tipo de Lavoura Permanente - 2024 ri tocantins","..\..\Desktop\tabelas-powerBI\12 Tocantins\Tabela 43 - Área colhida (Hectares), Quantidade Produzida (Toneladas) e Valor (Mil Reais) da Produção por Tipo de Lavoura Permanente - 2024 ri tocantins.xlsx",Tocantins,169935,
Nota: A quantidade produzida de coco-da-baía é expressa em mil frutos ,,,,,,,,,,,,,,,,,,,12 Tocantins,43,"Área colhida (Hectares), Quantidade Produzida (Toneladas) e Valor (Mil Reais) da Produção por Tipo de Lavoura Permanente - 2024 ri tocantins",20,"Tabela 43 - Área colhida (Hectares), Quantidade Produzida (Toneladas) e Valor (Mil Reais) da Produção por Tipo de Lavoura Permanente - 2024 ri tocantins","..\..\Desktop\tabelas-powerBI\12 Tocantins\Tabela 43 - Área colhida (Hectares), Quantidade Produzida (Toneladas) e Valor (Mil Reais) da Produção por Tipo de Lavoura Permanente - 2024 ri tocantins.xlsx",Tocantins,169935,
RI Tocantins,71,46,825,104040,1694584,1176301,235,3287,3978,133,1611,2262,125,1911,5653,132,1345,3335,12 Tocantins,43,"Área colhida (Hectares), Quantidade Produzida (Toneladas) e Valor (Mil Reais) da Produção por Tipo de Lavoura Permanente - 2024 ri tocantins",20,"Tabela 43 - Área colhida (Hectares), Quantidade Produzida (Toneladas) e Valor (Mil Reais) da Produção por Tipo de Lavoura Permanente - 2024 ri tocantins","..\..\Desktop\tabelas-powerBI\12 Tocantins\Tabela 43 - Área colhida (Hectares), Quantidade Produzida (Toneladas) e Valor (Mil Reais) da Produção por Tipo de Lavoura Permanente - 2024 ri tocantins.xlsx",Tocantins,254341,189420.0
Abaetetuba,20,16,245,2000,30000,22500,30,435,522,10,121,145,-,-,-,20,211,528,12 Tocantins,43,"Área colhida (Hectares), Quantidade Produzida (Toneladas) e Valor (Mil Reais) da Produção por Tipo de Lavoura Permanente - 2024 ri tocantins",20,"Tabela 43 - Área colhida (Hectares), Quantidade Produzida (Toneladas) e Valor (Mil Reais) da Produção por Tipo de Lavoura Permanente - 2024 ri tocantins","..\..\Desktop\tabelas-powerBI\12 Tocantins\Tabela 43 - Área colhida (Hectares), Quantidade Produzida (Toneladas) e Valor (Mil Reais) da Produção por Tipo de Lavoura Permanente - 2024 ri tocantins.xlsx",Tocantins,254341,4620.0
Acará,-,-,-,20000,304000,227541,40,480,622,50,508,818,5,80,160,12,114,228,12 Tocantins,43,"Área colhida (Hectares), Quantidade Produzida (Toneladas) e Valor (Mil Reais) da Produção por Tipo de Lavoura Permanente - 2024 ri tocantins",20,"Tabela 43 - Área colhida (Hectares), Quantidade Produzida (Toneladas) e Valor (Mil Reais) da Produção por Tipo de Lavoura Permanente - 2024 ri tocantins","..\..\Desktop\tabelas-powerBI\12 Tocantins\Tabela 43 - Área colhida (Hectares), Quantidade Produzida (Toneladas) e Valor (Mil Reais) da Produção por Tipo de Lavoura Permanente - 2024 ri tocantins.xlsx",Tocantins,254341,16800.0
Baião,30,15,300,40,600,480,-,-,-,-,-,-,-,-,-,-,-,-,12 Tocantins,43,"Área colhida (Hectares), Quantidade Produzida (Toneladas) e Valor (Mil Reais) da Produção por Tipo de Lavoura Permanente - 2024 ri tocantins",20,"Tabela 43 - Área colhida (Hectares), Quantidade Produzida (Toneladas) e Valor (Mil Reais) da Produção por Tipo de Lavoura Permanente - 2024 ri tocantins","..\..\Desktop\tabelas-powerBI\12 Tocantins\Tabela 43 - Área colhida (Hectares), Quantidade Produzida (Toneladas) e Valor (Mil Reais) da Produção por Tipo de Lavoura Permanente - 2024 ri tocantins.xlsx",Tocantins,254341,548.0
Barcarena,-,-,-,-,-,-,45,675,878,10,122,159,20,331,993,10,95,266,12 Tocantins,43,"Área colhida (Hectares), Quantidade Produzida (Toneladas) e Valor (Mil Reais) da Produção por Tipo de Lavoura Permanente - 2024 ri tocantins",20,"Tabela 43 - Área colhida (Hectares), Quantidade Produzida (Toneladas) e Valor (Mil Reais) da Produção por Tipo de Lavoura Permanente - 2024 ri tocantins","..\..\Desktop\tabelas-powerBI\12 Tocantins\Tabela 43 - Área colhida (Hectares), Quantidade Produzida (Toneladas) e Valor (Mil Reais) da Produção por Tipo de Lavoura Permanente - 2024 ri tocantins.xlsx",Tocantins,254341,6065.0
Cametá,16,10,200,-,-,-,20,300,300,23,360,540,-,-,-,-,-,-,12 Tocantins,43,"Área colhida (Hectares), Quantidade Produzida (Toneladas) e Valor (Mil Reais) da Produção por Tipo de Lavoura Permanente - 2024 ri tocantins",20,"Tabela 43 - Área colhida (Hectares), Quantidade Produzida (Toneladas) e Valor (Mil Reais) da Produção por Tipo de Lavoura Permanente - 2024 ri tocantins","..\..\Desktop\tabelas-powerBI\12 Tocantins\Tabela 43 - Área colhida (Hectares), Quantidade Produzida (Toneladas) e Valor (Mil Reais) da Produção por Tipo de Lavoura Permanente - 2024 ri tocantins.xlsx",Tocantins,254341,840.0
Igarapé-Miri,-,-,-,-,-,-,10,145,174,40,500,600,-,-,-,-,-,-,12 Tocantins,43,"Área colhida (Hectares), Quantidade Produzida (Toneladas) e Valor (Mil Reais) da Produção por Tipo de Lavoura Permanente - 2024 ri tocantins",20,"Tabela 43 - Área colhida (Hectares), Quantidade Produzida (Toneladas) e Valor (Mil Reais) da Produção por Tipo de Lavoura Permanente - 2024 ri tocantins","..\..\Desktop\tabelas-powerBI\12 Tocantins\Tabela 43 - Área colhida (Hectares), Quantidade Produzida (Toneladas) e Valor (Mil Reais) da Produção por Tipo de Lavoura Permanente - 2024 ri tocantins.xlsx",Tocantins,254341,2060.0
Limoeiro do Ajuru,-,-,-,-,-,-,-,-,-,-,-,-,-,-,-,-,-,-,12 Tocantins,43,"Área colhida (Hectares), Quantidade Produzida (Toneladas) e Valor (Mil Reais) da Produção por Tipo de Lavoura Permanente - 2024 ri tocantins",20,"Tabela 43 - Área colhida (Hectares), Quantidade Produzida (Toneladas) e Valor (Mil Reais) da Produção por Tipo de Lavoura Permanente - 2024 ri tocantins","..\..\Desktop\tabelas-powerBI\12 Tocantins\Tabela 43 - Área colhida (Hectares), Quantidade Produzida (Toneladas) e Valor (Mil Reais) da Produção por Tipo de Lavoura Permanente - 2024 ri tocantins.xlsx",Tocantins,254341,77.0
Mocajuba,-,-,-,-,-,-,10,100,100,-,-,-,-,-,-,-,-,-,12 Tocantins,43,"Área colhida (Hectares), Quantidade Produzida (Toneladas) e Valor (Mil Reais) da Produção por Tipo de Lavoura Permanente - 2024 ri tocantins",20,"Tabela 43 - Área colhida (Hectares), Quantidade Produzida (Toneladas) e Valor (Mil Reais) da Produção por Tipo de Lavoura Permanente - 2024 ri tocantins","..\..\Desktop\tabelas-powerBI\12 Tocantins\Tabela 43 - Área colhida (Hectares), Quantidade Produzida (Toneladas) e Valor (Mil Reais) da Produção por Tipo de Lavoura Permanente - 2024 ri tocantins.xlsx",Tocantins,254341,460.0
Moju,5,5,80,21000,417900,313425,80,1152,1382,-,-,-,50,750,2250,50,485,1213,12 Tocantins,43,"Área colhida (Hectares), Quantidade Produzida (Toneladas) e Valor (Mil Reais) da Produção por Tipo de Lavoura Permanente - 2024 ri tocantins",20,"Tabela 43 - Área colhida (Hectares), Quantidade Produzida (Toneladas) e Valor (Mil Reais) da Produção por Tipo de Lavoura Permanente - 2024 ri tocantins","..\..\Desktop\tabelas-powerBI\12 Tocantins\Tabela 43 - Área colhida (Hectares), Quantidade Produzida (Toneladas) e Valor (Mil Reais) da Produção por Tipo de Lavoura Permanente - 2024 ri tocantins.xlsx",Tocantins,254341,157950.0
Tailândia,-,-,-,61000,942084,612355,-,-,-,-,-,-,50,750,2250,40,440,1100,12 Tocantins,43,"Área colhida (Hectares), Quantidade Produzida (Toneladas) e Valor (Mil Reais) da Produção por Tipo de Lavoura Permanente - 2024 ri tocantins",20,"Tabela 43 - Área colhida (Hectares), Quantidade Produzida (Toneladas) e Valor (Mil Reais) da Produção por Tipo de Lavoura Permanente - 2024 ri tocantins","..\..\Desktop\tabelas-powerBI\12 Tocantins\Tabela 43 - Área colhida (Hectares), Quantidade Produzida (Toneladas) e Valor (Mil Reais) da Produção por Tipo de Lavoura Permanente - 2024 ri tocantins.xlsx",Tocantins,254341,
Fonte: IBGE/PAM,,,,,,,,,,,,,,,,,,,12 Tocantins,43,"Área colhida (Hectares), Quantidade Produzida (Toneladas) e Valor (Mil Reais) da Produção por Tipo de Lavoura Permanente - 2024 ri tocantins",20,"Tabela 43 - Área colhida (Hectares), Quantidade Produzida (Toneladas) e Valor (Mil Reais) da Produção por Tipo de Lavoura Permanente - 2024 ri tocantins","..\..\Desktop\tabelas-powerBI\12 Tocantins\Tabela 43 - Área colhida (Hectares), Quantidade Produzida (Toneladas) e Valor (Mil Reais) da Produção por Tipo de Lavoura Permanente - 2024 ri tocantins.xlsx",Tocantins,254341,
Elaboração: FAPESPA,,,,,,,,,,,,,,,,,,,12 Tocantins,43,"Área colhida (Hectares), Quantidade Produzida (Toneladas) e Valor (Mil Reais) da Produção por Tipo de Lavoura Permanente - 2024 ri tocantins",20,"Tabela 43 - Área colhida (Hectares), Quantidade Produzida (Toneladas) e Valor (Mil Reais) da Produção por Tipo de Lavoura Permanente - 2024 ri tocantins","..\..\Desktop\tabelas-powerBI\12 Tocantins\Tabela 43 - Área colhida (Hectares), Quantidade Produzida (Toneladas) e Valor (Mil Reais) da Produção por Tipo de Lavoura Permanente - 2024 ri tocantins.xlsx",Tocantins,254341,
Nota: A quantidade produzida de coco-da-baía é expressa em mil frutos ,,,,,,,,,,,,,,,,,,,12 Tocantins,43,"Área colhida (Hectares), Quantidade Produzida (Toneladas) e Valor (Mil Reais) da Produção por Tipo de Lavoura Permanente - 2024 ri tocantins",20,"Tabela 43 - Área colhida (Hectares), Quantidade Produzida (Toneladas) e Valor (Mil Reais) da Produção por Tipo de Lavoura Permanente - 2024 ri tocantins","..\..\Desktop\tabelas-powerBI\12 Tocantins\Tabela 43 - Área colhida (Hectares), Quantidade Produzida (Toneladas) e Valor (Mil Reais) da Produção por Tipo de Lavoura Permanente - 2024 ri tocantins.xlsx",Tocantins,254341,
RI Tocantins,71,46,825,104040,1694584,1176301,235,3287,3978,133,1611,2262,125,1911,5653,132,1345,3335,12 Tocantins,43,"Área colhida (Hectares), Quantidade Produzida (Toneladas) e Valor (Mil Reais) da Produção por Tipo de Lavoura Permanente - 2024 ri tocantins",20,"Tabela 43 - Área colhida (Hectares), Quantidade Produzida (Toneladas) e Valor (Mil Reais) da Produção por Tipo de Lavoura Permanente - 2024 ri tocantins","..\..\Desktop\tabelas-powerBI\12 Tocantins\Tabela 43 - Área colhida (Hectares), Quantidade Produzida (Toneladas) e Valor (Mil Reais) da Produção por Tipo de Lavoura Permanente - 2024 ri tocantins.xlsx",Tocantins,18515,4904.0
Abaetetuba,20,16,245,2000,30000,22500,30,435,522,10,121,145,-,-,-,20,211,528,12 Tocantins,43,"Área colhida (Hectares), Quantidade Produzida (Toneladas) e Valor (Mil Reais) da Produção por Tipo de Lavoura Permanente - 2024 ri tocantins",20,"Tabela 43 - Área colhida (Hectares), Quantidade Produzida (Toneladas) e Valor (Mil Reais) da Produção por Tipo de Lavoura Permanente - 2024 ri tocantins","..\..\Desktop\tabelas-powerBI\12 Tocantins\Tabela 43 - Área colhida (Hectares), Quantidade Produzida (Toneladas) e Valor (Mil Reais) da Produção por Tipo de Lavoura Permanente - 2024 ri tocantins.xlsx",Tocantins,18515,20.0
Acará,-,-,-,20000,304000,227541,40,480,622,50,508,818,5,80,160,12,114,228,12 Tocantins,43,"Área colhida (Hectares), Quantidade Produzida (Toneladas) e Valor (Mil Reais) da Produção por Tipo de Lavoura Permanente - 2024 ri tocantins",20,"Tabela 43 - Área colhida (Hectares), Quantidade Produzida (Toneladas) e Valor (Mil Reais) da Produção por Tipo de Lavoura Permanente - 2024 ri tocantins","..\..\Desktop\tabelas-powerBI\12 Tocantins\Tabela 43 - Área colhida (Hectares), Quantidade Produzida (Toneladas) e Valor (Mil Reais) da Produção por Tipo de Lavoura Permanente - 2024 ri tocantins.xlsx",Tocantins,18515,1000.0
Baião,30,15,300,40,600,480,-,-,-,-,-,-,-,-,-,-,-,-,12 Tocantins,43,"Área colhida (Hectares), Quantidade Produzida (Toneladas) e Valor (Mil Reais) da Produção por Tipo de Lavoura Permanente - 2024 ri tocantins",20,"Tabela 43 - Área colhida (Hectares), Quantidade Produzida (Toneladas) e Valor (Mil Reais) da Produção por Tipo de Lavoura Permanente - 2024 ri tocantins","..\..\Desktop\tabelas-powerBI\12 Tocantins\Tabela 43 - Área colhida (Hectares), Quantidade Produzida (Toneladas) e Valor (Mil Reais) da Produção por Tipo de Lavoura Permanente - 2024 ri tocantins.xlsx",Tocantins,18515,1900.0
Barcarena,-,-,-,-,-,-,45,675,878,10,122,159,20,331,993,10,95,266,12 Tocantins,43,"Área colhida (Hectares), Quantidade Produzida (Toneladas) e Valor (Mil Reais) da Produção por Tipo de Lavoura Permanente - 2024 ri tocantins",20,"Tabela 43 - Área colhida (Hectares), Quantidade Produzida (Toneladas) e Valor (Mil Reais) da Produção por Tipo de Lavoura Permanente - 2024 ri tocantins","..\..\Desktop\tabelas-powerBI\12 Tocantins\Tabela 43 - Área colhida (Hectares), Quantidade Produzida (Toneladas) e Valor (Mil Reais) da Produção por Tipo de Lavoura Permanente - 2024 ri tocantins.xlsx",Tocantins,18515,20.0
Cametá,16,10,200,-,-,-,20,300,300,23,360,540,-,-,-,-,-,-,12 Tocantins,43,"Área colhida (Hectares), Quantidade Produzida (Toneladas) e Valor (Mil Reais) da Produção por Tipo de Lavoura Permanente - 2024 ri tocantins",20,"Tabela 43 - Área colhida (Hectares), Quantidade Produzida (Toneladas) e Valor (Mil Reais) da Produção por Tipo de Lavoura Permanente - 2024 ri tocantins","..\..\Desktop\tabelas-powerBI\12 Tocantins\Tabela 43 - Área colhida (Hectares), Quantidade Produzida (Toneladas) e Valor (Mil Reais) da Produção por Tipo de Lavoura Permanente - 2024 ri tocantins.xlsx",Tocantins,18515,625.0
Igarapé-Miri,-,-,-,-,-,-,10,145,174,40,500,600,-,-,-,-,-,-,12 Tocantins,43,"Área colhida (Hectares), Quantidade Produzida (Toneladas) e Valor (Mil Reais) da Produção por Tipo de Lavoura Permanente - 2024 ri tocantins",20,"Tabela 43 - Área colhida (Hectares), Quantidade Produzida (Toneladas) e Valor (Mil Reais) da Produção por Tipo de Lavoura Permanente - 2024 ri tocantins","..\..\Desktop\tabelas-powerBI\12 Tocantins\Tabela 43 - Área colhida (Hectares), Quantidade Produzida (Toneladas) e Valor (Mil Reais) da Produção por Tipo de Lavoura Permanente - 2024 ri tocantins.xlsx",Tocantins,18515,40.0
Limoeiro do Ajuru,-,-,-,-,-,-,-,-,-,-,-,-,-,-,-,-,-,-,12 Tocantins,43,"Área colhida (Hectares), Quantidade Produzida (Toneladas) e Valor (Mil Reais) da Produção por Tipo de Lavoura Permanente - 2024 ri tocantins",20,"Tabela 43 - Área colhida (Hectares), Quantidade Produzida (Toneladas) e Valor (Mil Reais) da Produção por Tipo de Lavoura Permanente - 2024 ri tocantins","..\..\Desktop\tabelas-powerBI\12 Tocantins\Tabela 43 - Área colhida (Hectares), Quantidade Produzida (Toneladas) e Valor (Mil Reais) da Produção por Tipo de Lavoura Permanente - 2024 ri tocantins.xlsx",Tocantins,18515,9.0
Mocajuba,-,-,-,-,-,-,10,100,100,-,-,-,-,-,-,-,-,-,12 Tocantins,43,"Área colhida (Hectares), Quantidade Produzida (Toneladas) e Valor (Mil Reais) da Produção por Tipo de Lavoura Permanente - 2024 ri tocantins",20,"Tabela 43 - Área colhida (Hectares), Quantidade Produzida (Toneladas) e Valor (Mil Reais) da Produção por Tipo de Lavoura Permanente - 2024 ri tocantins","..\..\Desktop\tabelas-powerBI\12 Tocantins\Tabela 43 - Área colhida (Hectares), Quantidade Produzida (Toneladas) e Valor (Mil Reais) da Produção por Tipo de Lavoura Permanente - 2024 ri tocantins.xlsx",Tocantins,18515,1000.0
Moju,5,5,80,21000,417900,313425,80,1152,1382,-,-,-,50,750,2250,50,485,1213,12 Tocantins,43,"Área colhida (Hectares), Quantidade Produzida (Toneladas) e Valor (Mil Reais) da Produção por Tipo de Lavoura Permanente - 2024 ri tocantins",20,"Tabela 43 - Área colhida (Hectares), Quantidade Produzida (Toneladas) e Valor (Mil Reais) da Produção por Tipo de Lavoura Permanente - 2024 ri tocantins","..\..\Desktop\tabelas-powerBI\12 Tocantins\Tabela 43 - Área colhida (Hectares), Quantidade Produzida (Toneladas) e Valor (Mil Reais) da Produção por Tipo de Lavoura Permanente - 2024 ri tocantins.xlsx",Tocantins,18515,140.0
Tailândia,-,-,-,61000,942084,612355,-,-,-,-,-,-,50,750,2250,40,440,1100,12 Tocantins,43,"Área colhida (Hectares), Quantidade Produzida (Toneladas) e Valor (Mil Reais) da Produção por Tipo de Lavoura Permanente - 2024 ri tocantins",20,"Tabela 43 - Área colhida (Hectares), Quantidade Produzida (Toneladas) e Valor (Mil Reais) da Produção por Tipo de Lavoura Permanente - 2024 ri tocantins","..\..\Desktop\tabelas-powerBI\12 Tocantins\Tabela 43 - Área colhida (Hectares), Quantidade Produzida (Toneladas) e Valor (Mil Reais) da Produção por Tipo de Lavoura Permanente - 2024 ri tocantins.xlsx",Tocantins,18515,150.0
Fonte: IBGE/PAM,,,,,,,,,,,,,,,,,,,12 Tocantins,43,"Área colhida (Hectares), Quantidade Produzida (Toneladas) e Valor (Mil Reais) da Produção por Tipo de Lavoura Permanente - 2024 ri tocantins",20,"Tabela 43 - Área colhida (Hectares), Quantidade Produzida (Toneladas) e Valor (Mil Reais) da Produção por Tipo de Lavoura Permanente - 2024 ri tocantins","..\..\Desktop\tabelas-powerBI\12 Tocantins\Tabela 43 - Área colhida (Hectares), Quantidade Produzida (Toneladas) e Valor (Mil Reais) da Produção por Tipo de Lavoura Permanente - 2024 ri tocantins.xlsx",Tocantins,18515,
Elaboração: FAPESPA,,,,,,,,,,,,,,,,,,,12 Tocantins,43,"Área colhida (Hectares), Quantidade Produzida (Toneladas) e Valor (Mil Reais) da Produção por Tipo de Lavoura Permanente - 2024 ri tocantins",20,"Tabela 43 - Área colhida (Hectares), Quantidade Produzida (Toneladas) e Valor (Mil Reais) da Produção por Tipo de Lavoura Permanente - 2024 ri tocantins","..\..\Desktop\tabelas-powerBI\12 Tocantins\Tabela 43 - Área colhida (Hectares), Quantidade Produzida (Toneladas) e Valor (Mil Reais) da Produção por Tipo de Lavoura Permanente - 2024 ri tocantins.xlsx",Tocantins,18515,
Nota: A quantidade produzida de coco-da-baía é expressa em mil frutos ,,,,,,,,,,,,,,,,,,,12 Tocantins,43,"Área colhida (Hectares), Quantidade Produzida (Toneladas) e Valor (Mil Reais) da Produção por Tipo de Lavoura Permanente - 2024 ri tocantins",20,"Tabela 43 - Área colhida (Hectares), Quantidade Produzida (Toneladas) e Valor (Mil Reais) da Produção por Tipo de Lavoura Permanente - 2024 ri tocantins","..\..\Desktop\tabelas-powerBI\12 Tocantins\Tabela 43 - Área colhida (Hectares), Quantidade Produzida (Toneladas) e Valor (Mil Reais) da Produção por Tipo de Lavoura Permanente - 2024 ri tocantins.xlsx",Tocantins,18515,
RI Tocantins,71,46,825,104040,1694584,1176301,235,3287,3978,133,1611,2262,125,1911,5653,132,1345,3335,12 Tocantins,43,"Área colhida (Hectares), Quantidade Produzida (Toneladas) e Valor (Mil Reais) da Produção por Tipo de Lavoura Permanente - 2024 ri tocantins",20,"Tabela 43 - Área colhida (Hectares), Quantidade Produzida (Toneladas) e Valor (Mil Reais) da Produção por Tipo de Lavoura Permanente - 2024 ri tocantins","..\..\Desktop\tabelas-powerBI\12 Tocantins\Tabela 43 - Área colhida (Hectares), Quantidade Produzida (Toneladas) e Valor (Mil Reais) da Produção por Tipo de Lavoura Permanente - 2024 ri tocantins.xlsx",Tocantins,41560,10567.0
Abaetetuba,20,16,245,2000,30000,22500,30,435,522,10,121,145,-,-,-,20,211,528,12 Tocantins,43,"Área colhida (Hectares), Quantidade Produzida (Toneladas) e Valor (Mil Reais) da Produção por Tipo de Lavoura Permanente - 2024 ri tocantins",20,"Tabela 43 - Área colhida (Hectares), Quantidade Produzida (Toneladas) e Valor (Mil Reais) da Produção por Tipo de Lavoura Permanente - 2024 ri tocantins","..\..\Desktop\tabelas-powerBI\12 Tocantins\Tabela 43 - Área colhida (Hectares), Quantidade Produzida (Toneladas) e Valor (Mil Reais) da Produção por Tipo de Lavoura Permanente - 2024 ri tocantins.xlsx",Tocantins,41560,41.0
Acará,-,-,-,20000,304000,227541,40,480,622,50,508,818,5,80,160,12,114,228,12 Tocantins,43,"Área colhida (Hectares), Quantidade Produzida (Toneladas) e Valor (Mil Reais) da Produção por Tipo de Lavoura Permanente - 2024 ri tocantins",20,"Tabela 43 - Área colhida (Hectares), Quantidade Produzida (Toneladas) e Valor (Mil Reais) da Produção por Tipo de Lavoura Permanente - 2024 ri tocantins","..\..\Desktop\tabelas-powerBI\12 Tocantins\Tabela 43 - Área colhida (Hectares), Quantidade Produzida (Toneladas) e Valor (Mil Reais) da Produção por Tipo de Lavoura Permanente - 2024 ri tocantins.xlsx",Tocantins,41560,2200.0
Baião,30,15,300,40,600,480,-,-,-,-,-,-,-,-,-,-,-,-,12 Tocantins,43,"Área colhida (Hectares), Quantidade Produzida (Toneladas) e Valor (Mil Reais) da Produção por Tipo de Lavoura Permanente - 2024 ri tocantins",20,"Tabela 43 - Área colhida (Hectares), Quantidade Produzida (Toneladas) e Valor (Mil Reais) da Produção por Tipo de Lavoura Permanente - 2024 ri tocantins","..\..\Desktop\tabelas-powerBI\12 Tocantins\Tabela 43 - Área colhida (Hectares), Quantidade Produzida (Toneladas) e Valor (Mil Reais) da Produção por Tipo de Lavoura Permanente - 2024 ri tocantins.xlsx",Tocantins,41560,3829.0
Barcarena,-,-,-,-,-,-,45,675,878,10,122,159,20,331,993,10,95,266,12 Tocantins,43,"Área colhida (Hectares), Quantidade Produzida (Toneladas) e Valor (Mil Reais) da Produção por Tipo de Lavoura Permanente - 2024 ri tocantins",20,"Tabela 43 - Área colhida (Hectares), Quantidade Produzida (Toneladas) e Valor (Mil Reais) da Produção por Tipo de Lavoura Permanente - 2024 ri tocantins","..\..\Desktop\tabelas-powerBI\12 Tocantins\Tabela 43 - Área colhida (Hectares), Quantidade Produzida (Toneladas) e Valor (Mil Reais) da Produção por Tipo de Lavoura Permanente - 2024 ri tocantins.xlsx",Tocantins,41560,41.0
Cametá,16,10,200,-,-,-,20,300,300,23,360,540,-,-,-,-,-,-,12 Tocantins,43,"Área colhida (Hectares), Quantidade Produzida (Toneladas) e Valor (Mil Reais) da Produção por Tipo de Lavoura Permanente - 2024 ri tocantins",20,"Tabela 43 - Área colhida (Hectares), Quantidade Produzida (Toneladas) e Valor (Mil Reais) da Produção por Tipo de Lavoura Permanente - 2024 ri tocantins","..\..\Desktop\tabelas-powerBI\12 Tocantins\Tabela 43 - Área colhida (Hectares), Quantidade Produzida (Toneladas) e Valor (Mil Reais) da Produção por Tipo de Lavoura Permanente - 2024 ri tocantins.xlsx",Tocantins,41560,1736.0
Igarapé-Miri,-,-,-,-,-,-,10,145,174,40,500,600,-,-,-,-,-,-,12 Tocantins,43,"Área colhida (Hectares), Quantidade Produzida (Toneladas) e Valor (Mil Reais) da Produção por Tipo de Lavoura Permanente - 2024 ri tocantins",20,"Tabela 43 - Área colhida (Hectares), Quantidade Produzida (Toneladas) e Valor (Mil Reais) da Produção por Tipo de Lavoura Permanente - 2024 ri tocantins","..\..\Desktop\tabelas-powerBI\12 Tocantins\Tabela 43 - Área colhida (Hectares), Quantidade Produzida (Toneladas) e Valor (Mil Reais) da Produção por Tipo de Lavoura Permanente - 2024 ri tocantins.xlsx",Tocantins,41560,82.0
Limoeiro do Ajuru,-,-,-,-,-,-,-,-,-,-,-,-,-,-,-,-,-,-,12 Tocantins,43,"Área colhida (Hectares), Quantidade Produzida (Toneladas) e Valor (Mil Reais) da Produção por Tipo de Lavoura Permanente - 2024 ri tocantins",20,"Tabela 43 - Área colhida (Hectares), Quantidade Produzida (Toneladas) e Valor (Mil Reais) da Produção por Tipo de Lavoura Permanente - 2024 ri tocantins","..\..\Desktop\tabelas-powerBI\12 Tocantins\Tabela 43 - Área colhida (Hectares), Quantidade Produzida (Toneladas) e Valor (Mil Reais) da Produção por Tipo de Lavoura Permanente - 2024 ri tocantins.xlsx",Tocantins,41560,18.0
Mocajuba,-,-,-,-,-,-,10,100,100,-,-,-,-,-,-,-,-,-,12 Tocantins,43,"Área colhida (Hectares), Quantidade Produzida (Toneladas) e Valor (Mil Reais) da Produção por Tipo de Lavoura Permanente - 2024 ri tocantins",20,"Tabela 43 - Área colhida (Hectares), Quantidade Produzida (Toneladas) e Valor (Mil Reais) da Produção por Tipo de Lavoura Permanente - 2024 ri tocantins","..\..\Desktop\tabelas-powerBI\12 Tocantins\Tabela 43 - Área colhida (Hectares), Quantidade Produzida (Toneladas) e Valor (Mil Reais) da Produção por Tipo de Lavoura Permanente - 2024 ri tocantins.xlsx",Tocantins,41560,2015.0
Moju,5,5,80,21000,417900,313425,80,1152,1382,-,-,-,50,750,2250,50,485,1213,12 Tocantins,43,"Área colhida (Hectares), Quantidade Produzida (Toneladas) e Valor (Mil Reais) da Produção por Tipo de Lavoura Permanente - 2024 ri tocantins",20,"Tabela 43 - Área colhida (Hectares), Quantidade Produzida (Toneladas) e Valor (Mil Reais) da Produção por Tipo de Lavoura Permanente - 2024 ri tocantins","..\..\Desktop\tabelas-powerBI\12 Tocantins\Tabela 43 - Área colhida (Hectares), Quantidade Produzida (Toneladas) e Valor (Mil Reais) da Produção por Tipo de Lavoura Permanente - 2024 ri tocantins.xlsx",Tocantins,41560,288.0
Tailândia,-,-,-,61000,942084,612355,-,-,-,-,-,-,50,750,2250,40,440,1100,12 Tocantins,43,"Área colhida (Hectares), Quantidade Produzida (Toneladas) e Valor (Mil Reais) da Produção por Tipo de Lavoura Permanente - 2024 ri tocantins",20,"Tabela 43 - Área colhida (Hectares), Quantidade Produzida (Toneladas) e Valor (Mil Reais) da Produção por Tipo de Lavoura Permanente - 2024 ri tocantins","..\..\Desktop\tabelas-powerBI\12 Tocantins\Tabela 43 - Área colhida (Hectares), Quantidade Produzida (Toneladas) e Valor (Mil Reais) da Produção por Tipo de Lavoura Permanente - 2024 ri tocantins.xlsx",Tocantins,41560,317.0
Fonte: IBGE/PAM,,,,,,,,,,,,,,,,,,,12 Tocantins,43,"Área colhida (Hectares), Quantidade Produzida (Toneladas) e Valor (Mil Reais) da Produção por Tipo de Lavoura Permanente - 2024 ri tocantins",20,"Tabela 43 - Área colhida (Hectares), Quantidade Produzida (Toneladas) e Valor (Mil Reais) da Produção por Tipo de Lavoura Permanente - 2024 ri tocantins","..\..\Desktop\tabelas-powerBI\12 Tocantins\Tabela 43 - Área colhida (Hectares), Quantidade Produzida (Toneladas) e Valor (Mil Reais) da Produção por Tipo de Lavoura Permanente - 2024 ri tocantins.xlsx",Tocantins,41560,
Elaboração: FAPESPA,,,,,,,,,,,,,,,,,,,12 Tocantins,43,"Área colhida (Hectares), Quantidade Produzida (Toneladas) e Valor (Mil Reais) da Produção por Tipo de Lavoura Permanente - 2024 ri tocantins",20,"Tabela 43 - Área colhida (Hectares), Quantidade Produzida (Toneladas) e Valor (Mil Reais) da Produção por Tipo de Lavoura Permanente - 2024 ri tocantins","..\..\Desktop\tabelas-powerBI\12 Tocantins\Tabela 43 - Área colhida (Hectares), Quantidade Produzida (Toneladas) e Valor (Mil Reais) da Produção por Tipo de Lavoura Permanente - 2024 ri tocantins.xlsx",Tocantins,41560,
Nota: A quantidade produzida de coco-da-baía é expressa em mil frutos ,,,,,,,,,,,,,,,,,,,12 Tocantins,43,"Área colhida (Hectares), Quantidade Produzida (Toneladas) e Valor (Mil Reais) da Produção por Tipo de Lavoura Permanente - 2024 ri tocantins",20,"Tabela 43 - Área colhida (Hectares), Quantidade Produzida (Toneladas) e Valor (Mil Reais) da Produção por Tipo de Lavoura Permanente - 2024 ri tocantins","..\..\Desktop\tabelas-powerBI\12 Tocantins\Tabela 43 - Área colhida (Hectares), Quantidade Produzida (Toneladas) e Valor (Mil Reais) da Produção por Tipo de Lavoura Permanente - 2024 ri tocantins.xlsx",Tocantins,41560,
RI Tocantins,71,46,825,104040,1694584,1176301,235,3287,3978,133,1611,2262,125,1911,5653,132,1345,3335,12 Tocantins,43,"Área colhida (Hectares), Quantidade Produzida (Toneladas) e Valor (Mil Reais) da Produção por Tipo de Lavoura Permanente - 2024 ri tocantins",20,"Tabela 43 - Área colhida (Hectares), Quantidade Produzida (Toneladas) e Valor (Mil Reais) da Produção por Tipo de Lavoura Permanente - 2024 ri tocantins","..\..\Desktop\tabelas-powerBI\12 Tocantins\Tabela 43 - Área colhida (Hectares), Quantidade Produzida (Toneladas) e Valor (Mil Reais) da Produção por Tipo de Lavoura Permanente - 2024 ri tocantins.xlsx",Tocantins,1248357,307263.0
Abaetetuba,20,16,245,2000,30000,22500,30,435,522,10,121,145,-,-,-,20,211,528,12 Tocantins,43,"Área colhida (Hectares), Quantidade Produzida (Toneladas) e Valor (Mil Reais) da Produção por Tipo de Lavoura Permanente - 2024 ri tocantins",20,"Tabela 43 - Área colhida (Hectares), Quantidade Produzida (Toneladas) e Valor (Mil Reais) da Produção por Tipo de Lavoura Permanente - 2024 ri tocantins","..\..\Desktop\tabelas-powerBI\12 Tocantins\Tabela 43 - Área colhida (Hectares), Quantidade Produzida (Toneladas) e Valor (Mil Reais) da Produção por Tipo de Lavoura Permanente - 2024 ri tocantins.xlsx",Tocantins,1248357,1230.0
Acará,-,-,-,20000,304000,227541,40,480,622,50,508,818,5,80,160,12,114,228,12 Tocantins,43,"Área colhida (Hectares), Quantidade Produzida (Toneladas) e Valor (Mil Reais) da Produção por Tipo de Lavoura Permanente - 2024 ri tocantins",20,"Tabela 43 - Área colhida (Hectares), Quantidade Produzida (Toneladas) e Valor (Mil Reais) da Produção por Tipo de Lavoura Permanente - 2024 ri tocantins","..\..\Desktop\tabelas-powerBI\12 Tocantins\Tabela 43 - Área colhida (Hectares), Quantidade Produzida (Toneladas) e Valor (Mil Reais) da Produção por Tipo de Lavoura Permanente - 2024 ri tocantins.xlsx",Tocantins,1248357,66000.0
Baião,30,15,300,40,600,480,-,-,-,-,-,-,-,-,-,-,-,-,12 Tocantins,43,"Área colhida (Hectares), Quantidade Produzida (Toneladas) e Valor (Mil Reais) da Produção por Tipo de Lavoura Permanente - 2024 ri tocantins",20,"Tabela 43 - Área colhida (Hectares), Quantidade Produzida (Toneladas) e Valor (Mil Reais) da Produção por Tipo de Lavoura Permanente - 2024 ri tocantins","..\..\Desktop\tabelas-powerBI\12 Tocantins\Tabela 43 - Área colhida (Hectares), Quantidade Produzida (Toneladas) e Valor (Mil Reais) da Produção por Tipo de Lavoura Permanente - 2024 ri tocantins.xlsx",Tocantins,1248357,103383.0
Barcarena,-,-,-,-,-,-,45,675,878,10,122,159,20,331,993,10,95,266,12 Tocantins,43,"Área colhida (Hectares), Quantidade Produzida (Toneladas) e Valor (Mil Reais) da Produção por Tipo de Lavoura Permanente - 2024 ri tocantins",20,"Tabela 43 - Área colhida (Hectares), Quantidade Produzida (Toneladas) e Valor (Mil Reais) da Produção por Tipo de Lavoura Permanente - 2024 ri tocantins","..\..\Desktop\tabelas-powerBI\12 Tocantins\Tabela 43 - Área colhida (Hectares), Quantidade Produzida (Toneladas) e Valor (Mil Reais) da Produção por Tipo de Lavoura Permanente - 2024 ri tocantins.xlsx",Tocantins,1248357,1230.0
Cametá,16,10,200,-,-,-,20,300,300,23,360,540,-,-,-,-,-,-,12 Tocantins,43,"Área colhida (Hectares), Quantidade Produzida (Toneladas) e Valor (Mil Reais) da Produção por Tipo de Lavoura Permanente - 2024 ri tocantins",20,"Tabela 43 - Área colhida (Hectares), Quantidade Produzida (Toneladas) e Valor (Mil Reais) da Produção por Tipo de Lavoura Permanente - 2024 ri tocantins","..\..\Desktop\tabelas-powerBI\12 Tocantins\Tabela 43 - Área colhida (Hectares), Quantidade Produzida (Toneladas) e Valor (Mil Reais) da Produção por Tipo de Lavoura Permanente - 2024 ri tocantins.xlsx",Tocantins,1248357,53816.0
Igarapé-Miri,-,-,-,-,-,-,10,145,174,40,500,600,-,-,-,-,-,-,12 Tocantins,43,"Área colhida (Hectares), Quantidade Produzida (Toneladas) e Valor (Mil Reais) da Produção por Tipo de Lavoura Permanente - 2024 ri tocantins",20,"Tabela 43 - Área colhida (Hectares), Quantidade Produzida (Toneladas) e Valor (Mil Reais) da Produção por Tipo de Lavoura Permanente - 2024 ri tocantins","..\..\Desktop\tabelas-powerBI\12 Tocantins\Tabela 43 - Área colhida (Hectares), Quantidade Produzida (Toneladas) e Valor (Mil Reais) da Produção por Tipo de Lavoura Permanente - 2024 ri tocantins.xlsx",Tocantins,1248357,2460.0
Limoeiro do Ajuru,-,-,-,-,-,-,-,-,-,-,-,-,-,-,-,-,-,-,12 Tocantins,43,"Área colhida (Hectares), Quantidade Produzida (Toneladas) e Valor (Mil Reais) da Produção por Tipo de Lavoura Permanente - 2024 ri tocantins",20,"Tabela 43 - Área colhida (Hectares), Quantidade Produzida (Toneladas) e Valor (Mil Reais) da Produção por Tipo de Lavoura Permanente - 2024 ri tocantins","..\..\Desktop\tabelas-powerBI\12 Tocantins\Tabela 43 - Área colhida (Hectares), Quantidade Produzida (Toneladas) e Valor (Mil Reais) da Produção por Tipo de Lavoura Permanente - 2024 ri tocantins.xlsx",Tocantins,1248357,544.0
Mocajuba,-,-,-,-,-,-,10,100,100,-,-,-,-,-,-,-,-,-,12 Tocantins,43,"Área colhida (Hectares), Quantidade Produzida (Toneladas) e Valor (Mil Reais) da Produção por Tipo de Lavoura Permanente - 2024 ri tocantins",20,"Tabela 43 - Área colhida (Hectares), Quantidade Produzida (Toneladas) e Valor (Mil Reais) da Produção por Tipo de Lavoura Permanente - 2024 ri tocantins","..\..\Desktop\tabelas-powerBI\12 Tocantins\Tabela 43 - Área colhida (Hectares), Quantidade Produzida (Toneladas) e Valor (Mil Reais) da Produção por Tipo de Lavoura Permanente - 2024 ri tocantins.xlsx",Tocantins,1248357,60450.0
Moju,5,5,80,21000,417900,313425,80,1152,1382,-,-,-,50,750,2250,50,485,1213,12 Tocantins,43,"Área colhida (Hectares), Quantidade Produzida (Toneladas) e Valor (Mil Reais) da Produção por Tipo de Lavoura Permanente - 2024 ri tocantins",20,"Tabela 43 - Área colhida (Hectares), Quantidade Produzida (Toneladas) e Valor (Mil Reais) da Produção por Tipo de Lavoura Permanente - 2024 ri tocantins","..\..\Desktop\tabelas-powerBI\12 Tocantins\Tabela 43 - Área colhida (Hectares), Quantidade Produzida (Toneladas) e Valor (Mil Reais) da Produção por Tipo de Lavoura Permanente - 2024 ri tocantins.xlsx",Tocantins,1248357,8640.0
Tailândia,-,-,-,61000,942084,612355,-,-,-,-,-,-,50,750,2250,40,440,1100,12 Tocantins,43,"Área colhida (Hectares), Quantidade Produzida (Toneladas) e Valor (Mil Reais) da Produção por Tipo de Lavoura Permanente - 2024 ri tocantins",20,"Tabela 43 - Área colhida (Hectares), Quantidade Produzida (Toneladas) e Valor (Mil Reais) da Produção por Tipo de Lavoura Permanente - 2024 ri tocantins","..\..\Desktop\tabelas-powerBI\12 Tocantins\Tabela 43 - Área colhida (Hectares), Quantidade Produzida (Toneladas) e Valor (Mil Reais) da Produção por Tipo de Lavoura Permanente - 2024 ri tocantins.xlsx",Tocantins,1248357,9510.0
Fonte: IBGE/PAM,,,,,,,,,,,,,,,,,,,12 Tocantins,43,"Área colhida (Hectares), Quantidade Produzida (Toneladas) e Valor (Mil Reais) da Produção por Tipo de Lavoura Permanente - 2024 ri tocantins",20,"Tabela 43 - Área colhida (Hectares), Quantidade Produzida (Toneladas) e Valor (Mil Reais) da Produção por Tipo de Lavoura Permanente - 2024 ri tocantins","..\..\Desktop\tabelas-powerBI\12 Tocantins\Tabela 43 - Área colhida (Hectares), Quantidade Produzida (Toneladas) e Valor (Mil Reais) da Produção por Tipo de Lavoura Permanente - 2024 ri tocantins.xlsx",Tocantins,1248357,
Elaboração: FAPESPA,,,,,,,,,,,,,,,,,,,12 Tocantins,43,"Área colhida (Hectares), Quantidade Produzida (Toneladas) e Valor (Mil Reais) da Produção por Tipo de Lavoura Permanente - 2024 ri tocantins",20,"Tabela 43 - Área colhida (Hectares), Quantidade Produzida (Toneladas) e Valor (Mil Reais) da Produção por Tipo de Lavoura Permanente - 2024 ri tocantins","..\..\Desktop\tabelas-powerBI\12 Tocantins\Tabela 43 - Área colhida (Hectares), Quantidade Produzida (Toneladas) e Valor (Mil Reais) da Produção por Tipo de Lavoura Permanente - 2024 ri tocantins.xlsx",Tocantins,1248357,
Nota: A quantidade produzida de coco-da-baía é expressa em mil frutos ,,,,,,,,,,,,,,,,,,,12 Tocantins,43,"Área colhida (Hectares), Quantidade Produzida (Toneladas) e Valor (Mil Reais) da Produção por Tipo de Lavoura Permanente - 2024 ri tocantins",20,"Tabela 43 - Área colhida (Hectares), Quantidade Produzida (Toneladas) e Valor (Mil Reais) da Produção por Tipo de Lavoura Permanente - 2024 ri tocantins","..\..\Desktop\tabelas-powerBI\12 Tocantins\Tabela 43 - Área colhida (Hectares), Quantidade Produzida (Toneladas) e Valor (Mil Reais) da Produção por Tipo de Lavoura Permanente - 2024 ri tocantins.xlsx",Tocantins,1248357,
