Par,45449,148884,233792,1192224,3751973,7307684,127,2802,12167,regiao,tabela_num,titulo,ano,arquivo,arquivo_path,aba,variavel,valor
RI Baixo Amazonas,4458,8000,13416,118900,351174,698019,54,1164,5040,3 Baixo Amazonas,44,"Área colhida (Hectares), Quantidade Produzida (Toneladas) e Valor (Mil Reais) da Produção por Tipo de Lavoura Temporária - 2024 ri baixo",20,"Tabela 44 - Área colhida (Hectares), Quantidade Produzida (Toneladas) e Valor (Mil Reais) da Produção por Tipo de Lavoura Temporária - 2024 ri baixo","..\..\Desktop\tabelas-powerBI\3 Baixo Amazonas\Tabela 44 - Área colhida (Hectares), Quantidade Produzida (Toneladas) e Valor (Mil Reais) da Produção por Tipo de Lavoura Temporária - 2024 ri baixo.xlsx",Baixo Amazonas,9274,307.0
Alenquer,30,50,90,-,-,-,2,40,160,3 Baixo Amazonas,44,"Área colhida (Hectares), Quantidade Produzida (Toneladas) e Valor (Mil Reais) da Produção por Tipo de Lavoura Temporária - 2024 ri baixo",20,"Tabela 44 - Área colhida (Hectares), Quantidade Produzida (Toneladas) e Valor (Mil Reais) da Produção por Tipo de Lavoura Temporária - 2024 ri baixo","..\..\Desktop\tabelas-powerBI\3 Baixo Amazonas\Tabela 44 - Área colhida (Hectares), Quantidade Produzida (Toneladas) e Valor (Mil Reais) da Produção por Tipo de Lavoura Temporária - 2024 ri baixo.xlsx",Baixo Amazonas,9274,6.0
Almeirim,-,-,-,-,-,-,-,-,-,3 Baixo Amazonas,44,"Área colhida (Hectares), Quantidade Produzida (Toneladas) e Valor (Mil Reais) da Produção por Tipo de Lavoura Temporária - 2024 ri baixo",20,"Tabela 44 - Área colhida (Hectares), Quantidade Produzida (Toneladas) e Valor (Mil Reais) da Produção por Tipo de Lavoura Temporária - 2024 ri baixo","..\..\Desktop\tabelas-powerBI\3 Baixo Amazonas\Tabela 44 - Área colhida (Hectares), Quantidade Produzida (Toneladas) e Valor (Mil Reais) da Produção por Tipo de Lavoura Temporária - 2024 ri baixo.xlsx",Baixo Amazonas,9274,60.0
Belterra,189,510,1020,29400,88200,176400,2,24,120,3 Baixo Amazonas,44,"Área colhida (Hectares), Quantidade Produzida (Toneladas) e Valor (Mil Reais) da Produção por Tipo de Lavoura Temporária - 2024 ri baixo",20,"Tabela 44 - Área colhida (Hectares), Quantidade Produzida (Toneladas) e Valor (Mil Reais) da Produção por Tipo de Lavoura Temporária - 2024 ri baixo","..\..\Desktop\tabelas-powerBI\3 Baixo Amazonas\Tabela 44 - Área colhida (Hectares), Quantidade Produzida (Toneladas) e Valor (Mil Reais) da Produção por Tipo de Lavoura Temporária - 2024 ri baixo.xlsx",Baixo Amazonas,9274,
Curuá,3,2,4,-,-,-,-,-,-,3 Baixo Amazonas,44,"Área colhida (Hectares), Quantidade Produzida (Toneladas) e Valor (Mil Reais) da Produção por Tipo de Lavoura Temporária - 2024 ri baixo",20,"Tabela 44 - Área colhida (Hectares), Quantidade Produzida (Toneladas) e Valor (Mil Reais) da Produção por Tipo de Lavoura Temporária - 2024 ri baixo","..\..\Desktop\tabelas-powerBI\3 Baixo Amazonas\Tabela 44 - Área colhida (Hectares), Quantidade Produzida (Toneladas) e Valor (Mil Reais) da Produção por Tipo de Lavoura Temporária - 2024 ri baixo.xlsx",Baixo Amazonas,9274,8.0
Faro,-,-,-,-,-,-,-,-,-,3 Baixo Amazonas,44,"Área colhida (Hectares), Quantidade Produzida (Toneladas) e Valor (Mil Reais) da Produção por Tipo de Lavoura Temporária - 2024 ri baixo",20,"Tabela 44 - Área colhida (Hectares), Quantidade Produzida (Toneladas) e Valor (Mil Reais) da Produção por Tipo de Lavoura Temporária - 2024 ri baixo","..\..\Desktop\tabelas-powerBI\3 Baixo Amazonas\Tabela 44 - Área colhida (Hectares), Quantidade Produzida (Toneladas) e Valor (Mil Reais) da Produção por Tipo de Lavoura Temporária - 2024 ri baixo.xlsx",Baixo Amazonas,9274,1.0
Juruti,-,-,-,-,-,-,-,-,-,3 Baixo Amazonas,44,"Área colhida (Hectares), Quantidade Produzida (Toneladas) e Valor (Mil Reais) da Produção por Tipo de Lavoura Temporária - 2024 ri baixo",20,"Tabela 44 - Área colhida (Hectares), Quantidade Produzida (Toneladas) e Valor (Mil Reais) da Produção por Tipo de Lavoura Temporária - 2024 ri baixo","..\..\Desktop\tabelas-powerBI\3 Baixo Amazonas\Tabela 44 - Área colhida (Hectares), Quantidade Produzida (Toneladas) e Valor (Mil Reais) da Produção por Tipo de Lavoura Temporária - 2024 ri baixo.xlsx",Baixo Amazonas,9274,1.0
Mojuí dos Campos,1431,3864,7728,58800,176400,352800,-,-,-,3 Baixo Amazonas,44,"Área colhida (Hectares), Quantidade Produzida (Toneladas) e Valor (Mil Reais) da Produção por Tipo de Lavoura Temporária - 2024 ri baixo",20,"Tabela 44 - Área colhida (Hectares), Quantidade Produzida (Toneladas) e Valor (Mil Reais) da Produção por Tipo de Lavoura Temporária - 2024 ri baixo","..\..\Desktop\tabelas-powerBI\3 Baixo Amazonas\Tabela 44 - Área colhida (Hectares), Quantidade Produzida (Toneladas) e Valor (Mil Reais) da Produção por Tipo de Lavoura Temporária - 2024 ri baixo.xlsx",Baixo Amazonas,9274,150.0
Monte Alegre,80,144,262,700,1974,3849,40,900,3960,3 Baixo Amazonas,44,"Área colhida (Hectares), Quantidade Produzida (Toneladas) e Valor (Mil Reais) da Produção por Tipo de Lavoura Temporária - 2024 ri baixo",20,"Tabela 44 - Área colhida (Hectares), Quantidade Produzida (Toneladas) e Valor (Mil Reais) da Produção por Tipo de Lavoura Temporária - 2024 ri baixo","..\..\Desktop\tabelas-powerBI\3 Baixo Amazonas\Tabela 44 - Área colhida (Hectares), Quantidade Produzida (Toneladas) e Valor (Mil Reais) da Produção por Tipo de Lavoura Temporária - 2024 ri baixo.xlsx",Baixo Amazonas,9274,8.0
Óbidos,15,12,17,-,-,-,-,-,-,3 Baixo Amazonas,44,"Área colhida (Hectares), Quantidade Produzida (Toneladas) e Valor (Mil Reais) da Produção por Tipo de Lavoura Temporária - 2024 ri baixo",20,"Tabela 44 - Área colhida (Hectares), Quantidade Produzida (Toneladas) e Valor (Mil Reais) da Produção por Tipo de Lavoura Temporária - 2024 ri baixo","..\..\Desktop\tabelas-powerBI\3 Baixo Amazonas\Tabela 44 - Área colhida (Hectares), Quantidade Produzida (Toneladas) e Valor (Mil Reais) da Produção por Tipo de Lavoura Temporária - 2024 ri baixo.xlsx",Baixo Amazonas,9274,22.0
Oriximiná,10,8,11,-,-,-,-,-,-,3 Baixo Amazonas,44,"Área colhida (Hectares), Quantidade Produzida (Toneladas) e Valor (Mil Reais) da Produção por Tipo de Lavoura Temporária - 2024 ri baixo",20,"Tabela 44 - Área colhida (Hectares), Quantidade Produzida (Toneladas) e Valor (Mil Reais) da Produção por Tipo de Lavoura Temporária - 2024 ri baixo","..\..\Desktop\tabelas-powerBI\3 Baixo Amazonas\Tabela 44 - Área colhida (Hectares), Quantidade Produzida (Toneladas) e Valor (Mil Reais) da Produção por Tipo de Lavoura Temporária - 2024 ri baixo.xlsx",Baixo Amazonas,9274,15.0
Prainha,2000,1520,2432,-,-,-,-,-,-,3 Baixo Amazonas,44,"Área colhida (Hectares), Quantidade Produzida (Toneladas) e Valor (Mil Reais) da Produção por Tipo de Lavoura Temporária - 2024 ri baixo",20,"Tabela 44 - Área colhida (Hectares), Quantidade Produzida (Toneladas) e Valor (Mil Reais) da Produção por Tipo de Lavoura Temporária - 2024 ri baixo","..\..\Desktop\tabelas-powerBI\3 Baixo Amazonas\Tabela 44 - Área colhida (Hectares), Quantidade Produzida (Toneladas) e Valor (Mil Reais) da Produção por Tipo de Lavoura Temporária - 2024 ri baixo.xlsx",Baixo Amazonas,9274,20.0
Santarém,700,1890,1852,30000,84600,164970,10,200,800,3 Baixo Amazonas,44,"Área colhida (Hectares), Quantidade Produzida (Toneladas) e Valor (Mil Reais) da Produção por Tipo de Lavoura Temporária - 2024 ri baixo",20,"Tabela 44 - Área colhida (Hectares), Quantidade Produzida (Toneladas) e Valor (Mil Reais) da Produção por Tipo de Lavoura Temporária - 2024 ri baixo","..\..\Desktop\tabelas-powerBI\3 Baixo Amazonas\Tabela 44 - Área colhida (Hectares), Quantidade Produzida (Toneladas) e Valor (Mil Reais) da Produção por Tipo de Lavoura Temporária - 2024 ri baixo.xlsx",Baixo Amazonas,9274,10.0
Terra Santa,-,-,-,-,-,-,-,-,-,3 Baixo Amazonas,44,"Área colhida (Hectares), Quantidade Produzida (Toneladas) e Valor (Mil Reais) da Produção por Tipo de Lavoura Temporária - 2024 ri baixo",20,"Tabela 44 - Área colhida (Hectares), Quantidade Produzida (Toneladas) e Valor (Mil Reais) da Produção por Tipo de Lavoura Temporária - 2024 ri baixo","..\..\Desktop\tabelas-powerBI\3 Baixo Amazonas\Tabela 44 - Área colhida (Hectares), Quantidade Produzida (Toneladas) e Valor (Mil Reais) da Produção por Tipo de Lavoura Temporária - 2024 ri baixo.xlsx",Baixo Amazonas,9274,6.0
Fonte: IBGE/PAM,,,,,,,,,,3 Baixo Amazonas,44,"Área colhida (Hectares), Quantidade Produzida (Toneladas) e Valor (Mil Reais) da Produção por Tipo de Lavoura Temporária - 2024 ri baixo",20,"Tabela 44 - Área colhida (Hectares), Quantidade Produzida (Toneladas) e Valor (Mil Reais) da Produção por Tipo de Lavoura Temporária - 2024 ri baixo","..\..\Desktop\tabelas-powerBI\3 Baixo Amazonas\Tabela 44 - Área colhida (Hectares), Quantidade Produzida (Toneladas) e Valor (Mil Reais) da Produção por Tipo de Lavoura Temporária - 2024 ri baixo.xlsx",Baixo Amazonas,9274,
Elaboração: FAPESPA,,,,,,,,,,3 Baixo Amazonas,44,"Área colhida (Hectares), Quantidade Produzida (Toneladas) e Valor (Mil Reais) da Produção por Tipo de Lavoura Temporária - 2024 ri baixo",20,"Tabela 44 - Área colhida (Hectares), Quantidade Produzida (Toneladas) e Valor (Mil Reais) da Produção por Tipo de Lavoura Temporária - 2024 ri baixo","..\..\Desktop\tabelas-powerBI\3 Baixo Amazonas\Tabela 44 - Área colhida (Hectares), Quantidade Produzida (Toneladas) e Valor (Mil Reais) da Produção por Tipo de Lavoura Temporária - 2024 ri baixo.xlsx",Baixo Amazonas,9274,
Nota: A quantidade produzida de abacaxi é expressa em mil frutos,,,,,,,,,,3 Baixo Amazonas,44,"Área colhida (Hectares), Quantidade Produzida (Toneladas) e Valor (Mil Reais) da Produção por Tipo de Lavoura Temporária - 2024 ri baixo",20,"Tabela 44 - Área colhida (Hectares), Quantidade Produzida (Toneladas) e Valor (Mil Reais) da Produção por Tipo de Lavoura Temporária - 2024 ri baixo","..\..\Desktop\tabelas-powerBI\3 Baixo Amazonas\Tabela 44 - Área colhida (Hectares), Quantidade Produzida (Toneladas) e Valor (Mil Reais) da Produção por Tipo de Lavoura Temporária - 2024 ri baixo.xlsx",Baixo Amazonas,9274,
RI Baixo Amazonas,4458,8000,13416,118900,351174,698019,54,1164,5040,3 Baixo Amazonas,44,"Área colhida (Hectares), Quantidade Produzida (Toneladas) e Valor (Mil Reais) da Produção por Tipo de Lavoura Temporária - 2024 ri baixo",20,"Tabela 44 - Área colhida (Hectares), Quantidade Produzida (Toneladas) e Valor (Mil Reais) da Produção por Tipo de Lavoura Temporária - 2024 ri baixo","..\..\Desktop\tabelas-powerBI\3 Baixo Amazonas\Tabela 44 - Área colhida (Hectares), Quantidade Produzida (Toneladas) e Valor (Mil Reais) da Produção por Tipo de Lavoura Temporária - 2024 ri baixo.xlsx",Baixo Amazonas,290432,6648.0
Alenquer,30,50,90,-,-,-,2,40,160,3 Baixo Amazonas,44,"Área colhida (Hectares), Quantidade Produzida (Toneladas) e Valor (Mil Reais) da Produção por Tipo de Lavoura Temporária - 2024 ri baixo",20,"Tabela 44 - Área colhida (Hectares), Quantidade Produzida (Toneladas) e Valor (Mil Reais) da Produção por Tipo de Lavoura Temporária - 2024 ri baixo","..\..\Desktop\tabelas-powerBI\3 Baixo Amazonas\Tabela 44 - Área colhida (Hectares), Quantidade Produzida (Toneladas) e Valor (Mil Reais) da Produção por Tipo de Lavoura Temporária - 2024 ri baixo.xlsx",Baixo Amazonas,290432,123.0
Almeirim,-,-,-,-,-,-,-,-,-,3 Baixo Amazonas,44,"Área colhida (Hectares), Quantidade Produzida (Toneladas) e Valor (Mil Reais) da Produção por Tipo de Lavoura Temporária - 2024 ri baixo",20,"Tabela 44 - Área colhida (Hectares), Quantidade Produzida (Toneladas) e Valor (Mil Reais) da Produção por Tipo de Lavoura Temporária - 2024 ri baixo","..\..\Desktop\tabelas-powerBI\3 Baixo Amazonas\Tabela 44 - Área colhida (Hectares), Quantidade Produzida (Toneladas) e Valor (Mil Reais) da Produção por Tipo de Lavoura Temporária - 2024 ri baixo.xlsx",Baixo Amazonas,290432,1680.0
Belterra,189,510,1020,29400,88200,176400,2,24,120,3 Baixo Amazonas,44,"Área colhida (Hectares), Quantidade Produzida (Toneladas) e Valor (Mil Reais) da Produção por Tipo de Lavoura Temporária - 2024 ri baixo",20,"Tabela 44 - Área colhida (Hectares), Quantidade Produzida (Toneladas) e Valor (Mil Reais) da Produção por Tipo de Lavoura Temporária - 2024 ri baixo","..\..\Desktop\tabelas-powerBI\3 Baixo Amazonas\Tabela 44 - Área colhida (Hectares), Quantidade Produzida (Toneladas) e Valor (Mil Reais) da Produção por Tipo de Lavoura Temporária - 2024 ri baixo.xlsx",Baixo Amazonas,290432,
Curuá,3,2,4,-,-,-,-,-,-,3 Baixo Amazonas,44,"Área colhida (Hectares), Quantidade Produzida (Toneladas) e Valor (Mil Reais) da Produção por Tipo de Lavoura Temporária - 2024 ri baixo",20,"Tabela 44 - Área colhida (Hectares), Quantidade Produzida (Toneladas) e Valor (Mil Reais) da Produção por Tipo de Lavoura Temporária - 2024 ri baixo","..\..\Desktop\tabelas-powerBI\3 Baixo Amazonas\Tabela 44 - Área colhida (Hectares), Quantidade Produzida (Toneladas) e Valor (Mil Reais) da Produção por Tipo de Lavoura Temporária - 2024 ri baixo.xlsx",Baixo Amazonas,290432,40.0
Faro,-,-,-,-,-,-,-,-,-,3 Baixo Amazonas,44,"Área colhida (Hectares), Quantidade Produzida (Toneladas) e Valor (Mil Reais) da Produção por Tipo de Lavoura Temporária - 2024 ri baixo",20,"Tabela 44 - Área colhida (Hectares), Quantidade Produzida (Toneladas) e Valor (Mil Reais) da Produção por Tipo de Lavoura Temporária - 2024 ri baixo","..\..\Desktop\tabelas-powerBI\3 Baixo Amazonas\Tabela 44 - Área colhida (Hectares), Quantidade Produzida (Toneladas) e Valor (Mil Reais) da Produção por Tipo de Lavoura Temporária - 2024 ri baixo.xlsx",Baixo Amazonas,290432,8.0
Juruti,-,-,-,-,-,-,-,-,-,3 Baixo Amazonas,44,"Área colhida (Hectares), Quantidade Produzida (Toneladas) e Valor (Mil Reais) da Produção por Tipo de Lavoura Temporária - 2024 ri baixo",20,"Tabela 44 - Área colhida (Hectares), Quantidade Produzida (Toneladas) e Valor (Mil Reais) da Produção por Tipo de Lavoura Temporária - 2024 ri baixo","..\..\Desktop\tabelas-powerBI\3 Baixo Amazonas\Tabela 44 - Área colhida (Hectares), Quantidade Produzida (Toneladas) e Valor (Mil Reais) da Produção por Tipo de Lavoura Temporária - 2024 ri baixo.xlsx",Baixo Amazonas,290432,8.0
Mojuí dos Campos,1431,3864,7728,58800,176400,352800,-,-,-,3 Baixo Amazonas,44,"Área colhida (Hectares), Quantidade Produzida (Toneladas) e Valor (Mil Reais) da Produção por Tipo de Lavoura Temporária - 2024 ri baixo",20,"Tabela 44 - Área colhida (Hectares), Quantidade Produzida (Toneladas) e Valor (Mil Reais) da Produção por Tipo de Lavoura Temporária - 2024 ri baixo","..\..\Desktop\tabelas-powerBI\3 Baixo Amazonas\Tabela 44 - Área colhida (Hectares), Quantidade Produzida (Toneladas) e Valor (Mil Reais) da Produção por Tipo de Lavoura Temporária - 2024 ri baixo.xlsx",Baixo Amazonas,290432,3450.0
Monte Alegre,80,144,262,700,1974,3849,40,900,3960,3 Baixo Amazonas,44,"Área colhida (Hectares), Quantidade Produzida (Toneladas) e Valor (Mil Reais) da Produção por Tipo de Lavoura Temporária - 2024 ri baixo",20,"Tabela 44 - Área colhida (Hectares), Quantidade Produzida (Toneladas) e Valor (Mil Reais) da Produção por Tipo de Lavoura Temporária - 2024 ri baixo","..\..\Desktop\tabelas-powerBI\3 Baixo Amazonas\Tabela 44 - Área colhida (Hectares), Quantidade Produzida (Toneladas) e Valor (Mil Reais) da Produção por Tipo de Lavoura Temporária - 2024 ri baixo.xlsx",Baixo Amazonas,290432,96.0
Óbidos,15,12,17,-,-,-,-,-,-,3 Baixo Amazonas,44,"Área colhida (Hectares), Quantidade Produzida (Toneladas) e Valor (Mil Reais) da Produção por Tipo de Lavoura Temporária - 2024 ri baixo",20,"Tabela 44 - Área colhida (Hectares), Quantidade Produzida (Toneladas) e Valor (Mil Reais) da Produção por Tipo de Lavoura Temporária - 2024 ri baixo","..\..\Desktop\tabelas-powerBI\3 Baixo Amazonas\Tabela 44 - Área colhida (Hectares), Quantidade Produzida (Toneladas) e Valor (Mil Reais) da Produção por Tipo de Lavoura Temporária - 2024 ri baixo.xlsx",Baixo Amazonas,290432,198.0
Oriximiná,10,8,11,-,-,-,-,-,-,3 Baixo Amazonas,44,"Área colhida (Hectares), Quantidade Produzida (Toneladas) e Valor (Mil Reais) da Produção por Tipo de Lavoura Temporária - 2024 ri baixo",20,"Tabela 44 - Área colhida (Hectares), Quantidade Produzida (Toneladas) e Valor (Mil Reais) da Produção por Tipo de Lavoura Temporária - 2024 ri baixo","..\..\Desktop\tabelas-powerBI\3 Baixo Amazonas\Tabela 44 - Área colhida (Hectares), Quantidade Produzida (Toneladas) e Valor (Mil Reais) da Produção por Tipo de Lavoura Temporária - 2024 ri baixo.xlsx",Baixo Amazonas,290432,225.0
Prainha,2000,1520,2432,-,-,-,-,-,-,3 Baixo Amazonas,44,"Área colhida (Hectares), Quantidade Produzida (Toneladas) e Valor (Mil Reais) da Produção por Tipo de Lavoura Temporária - 2024 ri baixo",20,"Tabela 44 - Área colhida (Hectares), Quantidade Produzida (Toneladas) e Valor (Mil Reais) da Produção por Tipo de Lavoura Temporária - 2024 ri baixo","..\..\Desktop\tabelas-powerBI\3 Baixo Amazonas\Tabela 44 - Área colhida (Hectares), Quantidade Produzida (Toneladas) e Valor (Mil Reais) da Produção por Tipo de Lavoura Temporária - 2024 ri baixo.xlsx",Baixo Amazonas,290432,560.0
Santarém,700,1890,1852,30000,84600,164970,10,200,800,3 Baixo Amazonas,44,"Área colhida (Hectares), Quantidade Produzida (Toneladas) e Valor (Mil Reais) da Produção por Tipo de Lavoura Temporária - 2024 ri baixo",20,"Tabela 44 - Área colhida (Hectares), Quantidade Produzida (Toneladas) e Valor (Mil Reais) da Produção por Tipo de Lavoura Temporária - 2024 ri baixo","..\..\Desktop\tabelas-powerBI\3 Baixo Amazonas\Tabela 44 - Área colhida (Hectares), Quantidade Produzida (Toneladas) e Valor (Mil Reais) da Produção por Tipo de Lavoura Temporária - 2024 ri baixo.xlsx",Baixo Amazonas,290432,200.0
Terra Santa,-,-,-,-,-,-,-,-,-,3 Baixo Amazonas,44,"Área colhida (Hectares), Quantidade Produzida (Toneladas) e Valor (Mil Reais) da Produção por Tipo de Lavoura Temporária - 2024 ri baixo",20,"Tabela 44 - Área colhida (Hectares), Quantidade Produzida (Toneladas) e Valor (Mil Reais) da Produção por Tipo de Lavoura Temporária - 2024 ri baixo","..\..\Desktop\tabelas-powerBI\3 Baixo Amazonas\Tabela 44 - Área colhida (Hectares), Quantidade Produzida (Toneladas) e Valor (Mil Reais) da Produção por Tipo de Lavoura Temporária - 2024 ri baixo.xlsx",Baixo Amazonas,290432,60.0
Fonte: IBGE/PAM,,,,,,,,,,3 Baixo Amazonas,44,"Área colhida (Hectares), Quantidade Produzida (Toneladas) e Valor (Mil Reais) da Produção por Tipo de Lavoura Temporária - 2024 ri baixo",20,"Tabela 44 - Área colhida (Hectares), Quantidade Produzida (Toneladas) e Valor (Mil Reais) da Produção por Tipo de Lavoura Temporária - 2024 ri baixo","..\..\Desktop\tabelas-powerBI\3 Baixo Amazonas\Tabela 44 - Área colhida (Hectares), Quantidade Produzida (Toneladas) e Valor (Mil Reais) da Produção por Tipo de Lavoura Temporária - 2024 ri baixo.xlsx",Baixo Amazonas,290432,
Elaboração: FAPESPA,,,,,,,,,,3 Baixo Amazonas,44,"Área colhida (Hectares), Quantidade Produzida (Toneladas) e Valor (Mil Reais) da Produção por Tipo de Lavoura Temporária - 2024 ri baixo",20,"Tabela 44 - Área colhida (Hectares), Quantidade Produzida (Toneladas) e Valor (Mil Reais) da Produção por Tipo de Lavoura Temporária - 2024 ri baixo","..\..\Desktop\tabelas-powerBI\3 Baixo Amazonas\Tabela 44 - Área colhida (Hectares), Quantidade Produzida (Toneladas) e Valor (Mil Reais) da Produção por Tipo de Lavoura Temporária - 2024 ri baixo.xlsx",Baixo Amazonas,290432,
Nota: A quantidade produzida de abacaxi é expressa em mil frutos,,,,,,,,,,3 Baixo Amazonas,44,"Área colhida (Hectares), Quantidade Produzida (Toneladas) e Valor (Mil Reais) da Produção por Tipo de Lavoura Temporária - 2024 ri baixo",20,"Tabela 44 - Área colhida (Hectares), Quantidade Produzida (Toneladas) e Valor (Mil Reais) da Produção por Tipo de Lavoura Temporária - 2024 ri baixo","..\..\Desktop\tabelas-powerBI\3 Baixo Amazonas\Tabela 44 - Área colhida (Hectares), Quantidade Produzida (Toneladas) e Valor (Mil Reais) da Produção por Tipo de Lavoura Temporária - 2024 ri baixo.xlsx",Baixo Amazonas,290432,
RI Baixo Amazonas,4458,8000,13416,118900,351174,698019,54,1164,5040,3 Baixo Amazonas,44,"Área colhida (Hectares), Quantidade Produzida (Toneladas) e Valor (Mil Reais) da Produção por Tipo de Lavoura Temporária - 2024 ri baixo",20,"Tabela 44 - Área colhida (Hectares), Quantidade Produzida (Toneladas) e Valor (Mil Reais) da Produção por Tipo de Lavoura Temporária - 2024 ri baixo","..\..\Desktop\tabelas-powerBI\3 Baixo Amazonas\Tabela 44 - Área colhida (Hectares), Quantidade Produzida (Toneladas) e Valor (Mil Reais) da Produção por Tipo de Lavoura Temporária - 2024 ri baixo.xlsx",Baixo Amazonas,1084062,18336.0
Alenquer,30,50,90,-,-,-,2,40,160,3 Baixo Amazonas,44,"Área colhida (Hectares), Quantidade Produzida (Toneladas) e Valor (Mil Reais) da Produção por Tipo de Lavoura Temporária - 2024 ri baixo",20,"Tabela 44 - Área colhida (Hectares), Quantidade Produzida (Toneladas) e Valor (Mil Reais) da Produção por Tipo de Lavoura Temporária - 2024 ri baixo","..\..\Desktop\tabelas-powerBI\3 Baixo Amazonas\Tabela 44 - Área colhida (Hectares), Quantidade Produzida (Toneladas) e Valor (Mil Reais) da Produção por Tipo de Lavoura Temporária - 2024 ri baixo.xlsx",Baixo Amazonas,1084062,185.0
Almeirim,-,-,-,-,-,-,-,-,-,3 Baixo Amazonas,44,"Área colhida (Hectares), Quantidade Produzida (Toneladas) e Valor (Mil Reais) da Produção por Tipo de Lavoura Temporária - 2024 ri baixo",20,"Tabela 44 - Área colhida (Hectares), Quantidade Produzida (Toneladas) e Valor (Mil Reais) da Produção por Tipo de Lavoura Temporária - 2024 ri baixo","..\..\Desktop\tabelas-powerBI\3 Baixo Amazonas\Tabela 44 - Área colhida (Hectares), Quantidade Produzida (Toneladas) e Valor (Mil Reais) da Produção por Tipo de Lavoura Temporária - 2024 ri baixo.xlsx",Baixo Amazonas,1084062,5040.0
Belterra,189,510,1020,29400,88200,176400,2,24,120,3 Baixo Amazonas,44,"Área colhida (Hectares), Quantidade Produzida (Toneladas) e Valor (Mil Reais) da Produção por Tipo de Lavoura Temporária - 2024 ri baixo",20,"Tabela 44 - Área colhida (Hectares), Quantidade Produzida (Toneladas) e Valor (Mil Reais) da Produção por Tipo de Lavoura Temporária - 2024 ri baixo","..\..\Desktop\tabelas-powerBI\3 Baixo Amazonas\Tabela 44 - Área colhida (Hectares), Quantidade Produzida (Toneladas) e Valor (Mil Reais) da Produção por Tipo de Lavoura Temporária - 2024 ri baixo.xlsx",Baixo Amazonas,1084062,
Curuá,3,2,4,-,-,-,-,-,-,3 Baixo Amazonas,44,"Área colhida (Hectares), Quantidade Produzida (Toneladas) e Valor (Mil Reais) da Produção por Tipo de Lavoura Temporária - 2024 ri baixo",20,"Tabela 44 - Área colhida (Hectares), Quantidade Produzida (Toneladas) e Valor (Mil Reais) da Produção por Tipo de Lavoura Temporária - 2024 ri baixo","..\..\Desktop\tabelas-powerBI\3 Baixo Amazonas\Tabela 44 - Área colhida (Hectares), Quantidade Produzida (Toneladas) e Valor (Mil Reais) da Produção por Tipo de Lavoura Temporária - 2024 ri baixo.xlsx",Baixo Amazonas,1084062,147.0
Faro,-,-,-,-,-,-,-,-,-,3 Baixo Amazonas,44,"Área colhida (Hectares), Quantidade Produzida (Toneladas) e Valor (Mil Reais) da Produção por Tipo de Lavoura Temporária - 2024 ri baixo",20,"Tabela 44 - Área colhida (Hectares), Quantidade Produzida (Toneladas) e Valor (Mil Reais) da Produção por Tipo de Lavoura Temporária - 2024 ri baixo","..\..\Desktop\tabelas-powerBI\3 Baixo Amazonas\Tabela 44 - Área colhida (Hectares), Quantidade Produzida (Toneladas) e Valor (Mil Reais) da Produção por Tipo de Lavoura Temporária - 2024 ri baixo.xlsx",Baixo Amazonas,1084062,22.0
Juruti,-,-,-,-,-,-,-,-,-,3 Baixo Amazonas,44,"Área colhida (Hectares), Quantidade Produzida (Toneladas) e Valor (Mil Reais) da Produção por Tipo de Lavoura Temporária - 2024 ri baixo",20,"Tabela 44 - Área colhida (Hectares), Quantidade Produzida (Toneladas) e Valor (Mil Reais) da Produção por Tipo de Lavoura Temporária - 2024 ri baixo","..\..\Desktop\tabelas-powerBI\3 Baixo Amazonas\Tabela 44 - Área colhida (Hectares), Quantidade Produzida (Toneladas) e Valor (Mil Reais) da Produção por Tipo de Lavoura Temporária - 2024 ri baixo.xlsx",Baixo Amazonas,1084062,26.0
Mojuí dos Campos,1431,3864,7728,58800,176400,352800,-,-,-,3 Baixo Amazonas,44,"Área colhida (Hectares), Quantidade Produzida (Toneladas) e Valor (Mil Reais) da Produção por Tipo de Lavoura Temporária - 2024 ri baixo",20,"Tabela 44 - Área colhida (Hectares), Quantidade Produzida (Toneladas) e Valor (Mil Reais) da Produção por Tipo de Lavoura Temporária - 2024 ri baixo","..\..\Desktop\tabelas-powerBI\3 Baixo Amazonas\Tabela 44 - Área colhida (Hectares), Quantidade Produzida (Toneladas) e Valor (Mil Reais) da Produção por Tipo de Lavoura Temporária - 2024 ri baixo.xlsx",Baixo Amazonas,1084062,8970.0
Monte Alegre,80,144,262,700,1974,3849,40,900,3960,3 Baixo Amazonas,44,"Área colhida (Hectares), Quantidade Produzida (Toneladas) e Valor (Mil Reais) da Produção por Tipo de Lavoura Temporária - 2024 ri baixo",20,"Tabela 44 - Área colhida (Hectares), Quantidade Produzida (Toneladas) e Valor (Mil Reais) da Produção por Tipo de Lavoura Temporária - 2024 ri baixo","..\..\Desktop\tabelas-powerBI\3 Baixo Amazonas\Tabela 44 - Área colhida (Hectares), Quantidade Produzida (Toneladas) e Valor (Mil Reais) da Produção por Tipo de Lavoura Temporária - 2024 ri baixo.xlsx",Baixo Amazonas,1084062,461.0
Óbidos,15,12,17,-,-,-,-,-,-,3 Baixo Amazonas,44,"Área colhida (Hectares), Quantidade Produzida (Toneladas) e Valor (Mil Reais) da Produção por Tipo de Lavoura Temporária - 2024 ri baixo",20,"Tabela 44 - Área colhida (Hectares), Quantidade Produzida (Toneladas) e Valor (Mil Reais) da Produção por Tipo de Lavoura Temporária - 2024 ri baixo","..\..\Desktop\tabelas-powerBI\3 Baixo Amazonas\Tabela 44 - Área colhida (Hectares), Quantidade Produzida (Toneladas) e Valor (Mil Reais) da Produção por Tipo de Lavoura Temporária - 2024 ri baixo.xlsx",Baixo Amazonas,1084062,403.0
Oriximiná,10,8,11,-,-,-,-,-,-,3 Baixo Amazonas,44,"Área colhida (Hectares), Quantidade Produzida (Toneladas) e Valor (Mil Reais) da Produção por Tipo de Lavoura Temporária - 2024 ri baixo",20,"Tabela 44 - Área colhida (Hectares), Quantidade Produzida (Toneladas) e Valor (Mil Reais) da Produção por Tipo de Lavoura Temporária - 2024 ri baixo","..\..\Desktop\tabelas-powerBI\3 Baixo Amazonas\Tabela 44 - Área colhida (Hectares), Quantidade Produzida (Toneladas) e Valor (Mil Reais) da Produção por Tipo de Lavoura Temporária - 2024 ri baixo.xlsx",Baixo Amazonas,1084062,900.0
Prainha,2000,1520,2432,-,-,-,-,-,-,3 Baixo Amazonas,44,"Área colhida (Hectares), Quantidade Produzida (Toneladas) e Valor (Mil Reais) da Produção por Tipo de Lavoura Temporária - 2024 ri baixo",20,"Tabela 44 - Área colhida (Hectares), Quantidade Produzida (Toneladas) e Valor (Mil Reais) da Produção por Tipo de Lavoura Temporária - 2024 ri baixo","..\..\Desktop\tabelas-powerBI\3 Baixo Amazonas\Tabela 44 - Área colhida (Hectares), Quantidade Produzida (Toneladas) e Valor (Mil Reais) da Produção por Tipo de Lavoura Temporária - 2024 ri baixo.xlsx",Baixo Amazonas,1084062,1568.0
Santarém,700,1890,1852,30000,84600,164970,10,200,800,3 Baixo Amazonas,44,"Área colhida (Hectares), Quantidade Produzida (Toneladas) e Valor (Mil Reais) da Produção por Tipo de Lavoura Temporária - 2024 ri baixo",20,"Tabela 44 - Área colhida (Hectares), Quantidade Produzida (Toneladas) e Valor (Mil Reais) da Produção por Tipo de Lavoura Temporária - 2024 ri baixo","..\..\Desktop\tabelas-powerBI\3 Baixo Amazonas\Tabela 44 - Área colhida (Hectares), Quantidade Produzida (Toneladas) e Valor (Mil Reais) da Produção por Tipo de Lavoura Temporária - 2024 ri baixo.xlsx",Baixo Amazonas,1084062,460.0
Terra Santa,-,-,-,-,-,-,-,-,-,3 Baixo Amazonas,44,"Área colhida (Hectares), Quantidade Produzida (Toneladas) e Valor (Mil Reais) da Produção por Tipo de Lavoura Temporária - 2024 ri baixo",20,"Tabela 44 - Área colhida (Hectares), Quantidade Produzida (Toneladas) e Valor (Mil Reais) da Produção por Tipo de Lavoura Temporária - 2024 ri baixo","..\..\Desktop\tabelas-powerBI\3 Baixo Amazonas\Tabela 44 - Área colhida (Hectares), Quantidade Produzida (Toneladas) e Valor (Mil Reais) da Produção por Tipo de Lavoura Temporária - 2024 ri baixo.xlsx",Baixo Amazonas,1084062,154.0
Fonte: IBGE/PAM,,,,,,,,,,3 Baixo Amazonas,44,"Área colhida (Hectares), Quantidade Produzida (Toneladas) e Valor (Mil Reais) da Produção por Tipo de Lavoura Temporária - 2024 ri baixo",20,"Tabela 44 - Área colhida (Hectares), Quantidade Produzida (Toneladas) e Valor (Mil Reais) da Produção por Tipo de Lavoura Temporária - 2024 ri baixo","..\..\Desktop\tabelas-powerBI\3 Baixo Amazonas\Tabela 44 - Área colhida (Hectares), Quantidade Produzida (Toneladas) e Valor (Mil Reais) da Produção por Tipo de Lavoura Temporária - 2024 ri baixo.xlsx",Baixo Amazonas,1084062,
Elaboração: FAPESPA,,,,,,,,,,3 Baixo Amazonas,44,"Área colhida (Hectares), Quantidade Produzida (Toneladas) e Valor (Mil Reais) da Produção por Tipo de Lavoura Temporária - 2024 ri baixo",20,"Tabela 44 - Área colhida (Hectares), Quantidade Produzida (Toneladas) e Valor (Mil Reais) da Produção por Tipo de Lavoura Temporária - 2024 ri baixo","..\..\Desktop\tabelas-powerBI\3 Baixo Amazonas\Tabela 44 - Área colhida (Hectares), Quantidade Produzida (Toneladas) e Valor (Mil Reais) da Produção por Tipo de Lavoura Temporária - 2024 ri baixo.xlsx",Baixo Amazonas,1084062,
Nota: A quantidade produzida de abacaxi é expressa em mil frutos,,,,,,,,,,3 Baixo Amazonas,44,"Área colhida (Hectares), Quantidade Produzida (Toneladas) e Valor (Mil Reais) da Produção por Tipo de Lavoura Temporária - 2024 ri baixo",20,"Tabela 44 - Área colhida (Hectares), Quantidade Produzida (Toneladas) e Valor (Mil Reais) da Produção por Tipo de Lavoura Temporária - 2024 ri baixo","..\..\Desktop\tabelas-powerBI\3 Baixo Amazonas\Tabela 44 - Área colhida (Hectares), Quantidade Produzida (Toneladas) e Valor (Mil Reais) da Produção por Tipo de Lavoura Temporária - 2024 ri baixo.xlsx",Baixo Amazonas,1084062,
RI Baixo Amazonas,4458,8000,13416,118900,351174,698019,54,1164,5040,3 Baixo Amazonas,44,"Área colhida (Hectares), Quantidade Produzida (Toneladas) e Valor (Mil Reais) da Produção por Tipo de Lavoura Temporária - 2024 ri baixo",20,"Tabela 44 - Área colhida (Hectares), Quantidade Produzida (Toneladas) e Valor (Mil Reais) da Produção por Tipo de Lavoura Temporária - 2024 ri baixo","..\..\Desktop\tabelas-powerBI\3 Baixo Amazonas\Tabela 44 - Área colhida (Hectares), Quantidade Produzida (Toneladas) e Valor (Mil Reais) da Produção por Tipo de Lavoura Temporária - 2024 ri baixo.xlsx",Baixo Amazonas,17516,94.0
Alenquer,30,50,90,-,-,-,2,40,160,3 Baixo Amazonas,44,"Área colhida (Hectares), Quantidade Produzida (Toneladas) e Valor (Mil Reais) da Produção por Tipo de Lavoura Temporária - 2024 ri baixo",20,"Tabela 44 - Área colhida (Hectares), Quantidade Produzida (Toneladas) e Valor (Mil Reais) da Produção por Tipo de Lavoura Temporária - 2024 ri baixo","..\..\Desktop\tabelas-powerBI\3 Baixo Amazonas\Tabela 44 - Área colhida (Hectares), Quantidade Produzida (Toneladas) e Valor (Mil Reais) da Produção por Tipo de Lavoura Temporária - 2024 ri baixo.xlsx",Baixo Amazonas,17516,16.0
Almeirim,-,-,-,-,-,-,-,-,-,3 Baixo Amazonas,44,"Área colhida (Hectares), Quantidade Produzida (Toneladas) e Valor (Mil Reais) da Produção por Tipo de Lavoura Temporária - 2024 ri baixo",20,"Tabela 44 - Área colhida (Hectares), Quantidade Produzida (Toneladas) e Valor (Mil Reais) da Produção por Tipo de Lavoura Temporária - 2024 ri baixo","..\..\Desktop\tabelas-powerBI\3 Baixo Amazonas\Tabela 44 - Área colhida (Hectares), Quantidade Produzida (Toneladas) e Valor (Mil Reais) da Produção por Tipo de Lavoura Temporária - 2024 ri baixo.xlsx",Baixo Amazonas,17516,8.0
Belterra,189,510,1020,29400,88200,176400,2,24,120,3 Baixo Amazonas,44,"Área colhida (Hectares), Quantidade Produzida (Toneladas) e Valor (Mil Reais) da Produção por Tipo de Lavoura Temporária - 2024 ri baixo",20,"Tabela 44 - Área colhida (Hectares), Quantidade Produzida (Toneladas) e Valor (Mil Reais) da Produção por Tipo de Lavoura Temporária - 2024 ri baixo","..\..\Desktop\tabelas-powerBI\3 Baixo Amazonas\Tabela 44 - Área colhida (Hectares), Quantidade Produzida (Toneladas) e Valor (Mil Reais) da Produção por Tipo de Lavoura Temporária - 2024 ri baixo.xlsx",Baixo Amazonas,17516,
Curuá,3,2,4,-,-,-,-,-,-,3 Baixo Amazonas,44,"Área colhida (Hectares), Quantidade Produzida (Toneladas) e Valor (Mil Reais) da Produção por Tipo de Lavoura Temporária - 2024 ri baixo",20,"Tabela 44 - Área colhida (Hectares), Quantidade Produzida (Toneladas) e Valor (Mil Reais) da Produção por Tipo de Lavoura Temporária - 2024 ri baixo","..\..\Desktop\tabelas-powerBI\3 Baixo Amazonas\Tabela 44 - Área colhida (Hectares), Quantidade Produzida (Toneladas) e Valor (Mil Reais) da Produção por Tipo de Lavoura Temporária - 2024 ri baixo.xlsx",Baixo Amazonas,17516,
Faro,-,-,-,-,-,-,-,-,-,3 Baixo Amazonas,44,"Área colhida (Hectares), Quantidade Produzida (Toneladas) e Valor (Mil Reais) da Produção por Tipo de Lavoura Temporária - 2024 ri baixo",20,"Tabela 44 - Área colhida (Hectares), Quantidade Produzida (Toneladas) e Valor (Mil Reais) da Produção por Tipo de Lavoura Temporária - 2024 ri baixo","..\..\Desktop\tabelas-powerBI\3 Baixo Amazonas\Tabela 44 - Área colhida (Hectares), Quantidade Produzida (Toneladas) e Valor (Mil Reais) da Produção por Tipo de Lavoura Temporária - 2024 ri baixo.xlsx",Baixo Amazonas,17516,1.0
Juruti,-,-,-,-,-,-,-,-,-,3 Baixo Amazonas,44,"Área colhida (Hectares), Quantidade Produzida (Toneladas) e Valor (Mil Reais) da Produção por Tipo de Lavoura Temporária - 2024 ri baixo",20,"Tabela 44 - Área colhida (Hectares), Quantidade Produzida (Toneladas) e Valor (Mil Reais) da Produção por Tipo de Lavoura Temporária - 2024 ri baixo","..\..\Desktop\tabelas-powerBI\3 Baixo Amazonas\Tabela 44 - Área colhida (Hectares), Quantidade Produzida (Toneladas) e Valor (Mil Reais) da Produção por Tipo de Lavoura Temporária - 2024 ri baixo.xlsx",Baixo Amazonas,17516,1.0
Mojuí dos Campos,1431,3864,7728,58800,176400,352800,-,-,-,3 Baixo Amazonas,44,"Área colhida (Hectares), Quantidade Produzida (Toneladas) e Valor (Mil Reais) da Produção por Tipo de Lavoura Temporária - 2024 ri baixo",20,"Tabela 44 - Área colhida (Hectares), Quantidade Produzida (Toneladas) e Valor (Mil Reais) da Produção por Tipo de Lavoura Temporária - 2024 ri baixo","..\..\Desktop\tabelas-powerBI\3 Baixo Amazonas\Tabela 44 - Área colhida (Hectares), Quantidade Produzida (Toneladas) e Valor (Mil Reais) da Produção por Tipo de Lavoura Temporária - 2024 ri baixo.xlsx",Baixo Amazonas,17516,10.0
Monte Alegre,80,144,262,700,1974,3849,40,900,3960,3 Baixo Amazonas,44,"Área colhida (Hectares), Quantidade Produzida (Toneladas) e Valor (Mil Reais) da Produção por Tipo de Lavoura Temporária - 2024 ri baixo",20,"Tabela 44 - Área colhida (Hectares), Quantidade Produzida (Toneladas) e Valor (Mil Reais) da Produção por Tipo de Lavoura Temporária - 2024 ri baixo","..\..\Desktop\tabelas-powerBI\3 Baixo Amazonas\Tabela 44 - Área colhida (Hectares), Quantidade Produzida (Toneladas) e Valor (Mil Reais) da Produção por Tipo de Lavoura Temporária - 2024 ri baixo.xlsx",Baixo Amazonas,17516,15.0
Óbidos,15,12,17,-,-,-,-,-,-,3 Baixo Amazonas,44,"Área colhida (Hectares), Quantidade Produzida (Toneladas) e Valor (Mil Reais) da Produção por Tipo de Lavoura Temporária - 2024 ri baixo",20,"Tabela 44 - Área colhida (Hectares), Quantidade Produzida (Toneladas) e Valor (Mil Reais) da Produção por Tipo de Lavoura Temporária - 2024 ri baixo","..\..\Desktop\tabelas-powerBI\3 Baixo Amazonas\Tabela 44 - Área colhida (Hectares), Quantidade Produzida (Toneladas) e Valor (Mil Reais) da Produção por Tipo de Lavoura Temporária - 2024 ri baixo.xlsx",Baixo Amazonas,17516,12.0
Oriximiná,10,8,11,-,-,-,-,-,-,3 Baixo Amazonas,44,"Área colhida (Hectares), Quantidade Produzida (Toneladas) e Valor (Mil Reais) da Produção por Tipo de Lavoura Temporária - 2024 ri baixo",20,"Tabela 44 - Área colhida (Hectares), Quantidade Produzida (Toneladas) e Valor (Mil Reais) da Produção por Tipo de Lavoura Temporária - 2024 ri baixo","..\..\Desktop\tabelas-powerBI\3 Baixo Amazonas\Tabela 44 - Área colhida (Hectares), Quantidade Produzida (Toneladas) e Valor (Mil Reais) da Produção por Tipo de Lavoura Temporária - 2024 ri baixo.xlsx",Baixo Amazonas,17516,5.0
Prainha,2000,1520,2432,-,-,-,-,-,-,3 Baixo Amazonas,44,"Área colhida (Hectares), Quantidade Produzida (Toneladas) e Valor (Mil Reais) da Produção por Tipo de Lavoura Temporária - 2024 ri baixo",20,"Tabela 44 - Área colhida (Hectares), Quantidade Produzida (Toneladas) e Valor (Mil Reais) da Produção por Tipo de Lavoura Temporária - 2024 ri baixo","..\..\Desktop\tabelas-powerBI\3 Baixo Amazonas\Tabela 44 - Área colhida (Hectares), Quantidade Produzida (Toneladas) e Valor (Mil Reais) da Produção por Tipo de Lavoura Temporária - 2024 ri baixo.xlsx",Baixo Amazonas,17516,6.0
Santarém,700,1890,1852,30000,84600,164970,10,200,800,3 Baixo Amazonas,44,"Área colhida (Hectares), Quantidade Produzida (Toneladas) e Valor (Mil Reais) da Produção por Tipo de Lavoura Temporária - 2024 ri baixo",20,"Tabela 44 - Área colhida (Hectares), Quantidade Produzida (Toneladas) e Valor (Mil Reais) da Produção por Tipo de Lavoura Temporária - 2024 ri baixo","..\..\Desktop\tabelas-powerBI\3 Baixo Amazonas\Tabela 44 - Área colhida (Hectares), Quantidade Produzida (Toneladas) e Valor (Mil Reais) da Produção por Tipo de Lavoura Temporária - 2024 ri baixo.xlsx",Baixo Amazonas,17516,15.0
Terra Santa,-,-,-,-,-,-,-,-,-,3 Baixo Amazonas,44,"Área colhida (Hectares), Quantidade Produzida (Toneladas) e Valor (Mil Reais) da Produção por Tipo de Lavoura Temporária - 2024 ri baixo",20,"Tabela 44 - Área colhida (Hectares), Quantidade Produzida (Toneladas) e Valor (Mil Reais) da Produção por Tipo de Lavoura Temporária - 2024 ri baixo","..\..\Desktop\tabelas-powerBI\3 Baixo Amazonas\Tabela 44 - Área colhida (Hectares), Quantidade Produzida (Toneladas) e Valor (Mil Reais) da Produção por Tipo de Lavoura Temporária - 2024 ri baixo.xlsx",Baixo Amazonas,17516,5.0
Fonte: IBGE/PAM,,,,,,,,,,3 Baixo Amazonas,44,"Área colhida (Hectares), Quantidade Produzida (Toneladas) e Valor (Mil Reais) da Produção por Tipo de Lavoura Temporária - 2024 ri baixo",20,"Tabela 44 - Área colhida (Hectares), Quantidade Produzida (Toneladas) e Valor (Mil Reais) da Produção por Tipo de Lavoura Temporária - 2024 ri baixo","..\..\Desktop\tabelas-powerBI\3 Baixo Amazonas\Tabela 44 - Área colhida (Hectares), Quantidade Produzida (Toneladas) e Valor (Mil Reais) da Produção por Tipo de Lavoura Temporária - 2024 ri baixo.xlsx",Baixo Amazonas,17516,
Elaboração: FAPESPA,,,,,,,,,,3 Baixo Amazonas,44,"Área colhida (Hectares), Quantidade Produzida (Toneladas) e Valor (Mil Reais) da Produção por Tipo de Lavoura Temporária - 2024 ri baixo",20,"Tabela 44 - Área colhida (Hectares), Quantidade Produzida (Toneladas) e Valor (Mil Reais) da Produção por Tipo de Lavoura Temporária - 2024 ri baixo","..\..\Desktop\tabelas-powerBI\3 Baixo Amazonas\Tabela 44 - Área colhida (Hectares), Quantidade Produzida (Toneladas) e Valor (Mil Reais) da Produção por Tipo de Lavoura Temporária - 2024 ri baixo.xlsx",Baixo Amazonas,17516,
Nota: A quantidade produzida de abacaxi é expressa em mil frutos,,,,,,,,,,3 Baixo Amazonas,44,"Área colhida (Hectares), Quantidade Produzida (Toneladas) e Valor (Mil Reais) da Produção por Tipo de Lavoura Temporária - 2024 ri baixo",20,"Tabela 44 - Área colhida (Hectares), Quantidade Produzida (Toneladas) e Valor (Mil Reais) da Produção por Tipo de Lavoura Temporária - 2024 ri baixo","..\..\Desktop\tabelas-powerBI\3 Baixo Amazonas\Tabela 44 - Área colhida (Hectares), Quantidade Produzida (Toneladas) e Valor (Mil Reais) da Produção por Tipo de Lavoura Temporária - 2024 ri baixo.xlsx",Baixo Amazonas,17516,
RI Baixo Amazonas,4458,8000,13416,118900,351174,698019,54,1164,5040,3 Baixo Amazonas,44,"Área colhida (Hectares), Quantidade Produzida (Toneladas) e Valor (Mil Reais) da Produção por Tipo de Lavoura Temporária - 2024 ri baixo",20,"Tabela 44 - Área colhida (Hectares), Quantidade Produzida (Toneladas) e Valor (Mil Reais) da Produção por Tipo de Lavoura Temporária - 2024 ri baixo","..\..\Desktop\tabelas-powerBI\3 Baixo Amazonas\Tabela 44 - Área colhida (Hectares), Quantidade Produzida (Toneladas) e Valor (Mil Reais) da Produção por Tipo de Lavoura Temporária - 2024 ri baixo.xlsx",Baixo Amazonas,1213359,2479.0
Alenquer,30,50,90,-,-,-,2,40,160,3 Baixo Amazonas,44,"Área colhida (Hectares), Quantidade Produzida (Toneladas) e Valor (Mil Reais) da Produção por Tipo de Lavoura Temporária - 2024 ri baixo",20,"Tabela 44 - Área colhida (Hectares), Quantidade Produzida (Toneladas) e Valor (Mil Reais) da Produção por Tipo de Lavoura Temporária - 2024 ri baixo","..\..\Desktop\tabelas-powerBI\3 Baixo Amazonas\Tabela 44 - Área colhida (Hectares), Quantidade Produzida (Toneladas) e Valor (Mil Reais) da Produção por Tipo de Lavoura Temporária - 2024 ri baixo.xlsx",Baixo Amazonas,1213359,420.0
Almeirim,-,-,-,-,-,-,-,-,-,3 Baixo Amazonas,44,"Área colhida (Hectares), Quantidade Produzida (Toneladas) e Valor (Mil Reais) da Produção por Tipo de Lavoura Temporária - 2024 ri baixo",20,"Tabela 44 - Área colhida (Hectares), Quantidade Produzida (Toneladas) e Valor (Mil Reais) da Produção por Tipo de Lavoura Temporária - 2024 ri baixo","..\..\Desktop\tabelas-powerBI\3 Baixo Amazonas\Tabela 44 - Área colhida (Hectares), Quantidade Produzida (Toneladas) e Valor (Mil Reais) da Produção por Tipo de Lavoura Temporária - 2024 ri baixo.xlsx",Baixo Amazonas,1213359,376.0
Belterra,189,510,1020,29400,88200,176400,2,24,120,3 Baixo Amazonas,44,"Área colhida (Hectares), Quantidade Produzida (Toneladas) e Valor (Mil Reais) da Produção por Tipo de Lavoura Temporária - 2024 ri baixo",20,"Tabela 44 - Área colhida (Hectares), Quantidade Produzida (Toneladas) e Valor (Mil Reais) da Produção por Tipo de Lavoura Temporária - 2024 ri baixo","..\..\Desktop\tabelas-powerBI\3 Baixo Amazonas\Tabela 44 - Área colhida (Hectares), Quantidade Produzida (Toneladas) e Valor (Mil Reais) da Produção por Tipo de Lavoura Temporária - 2024 ri baixo.xlsx",Baixo Amazonas,1213359,
Curuá,3,2,4,-,-,-,-,-,-,3 Baixo Amazonas,44,"Área colhida (Hectares), Quantidade Produzida (Toneladas) e Valor (Mil Reais) da Produção por Tipo de Lavoura Temporária - 2024 ri baixo",20,"Tabela 44 - Área colhida (Hectares), Quantidade Produzida (Toneladas) e Valor (Mil Reais) da Produção por Tipo de Lavoura Temporária - 2024 ri baixo","..\..\Desktop\tabelas-powerBI\3 Baixo Amazonas\Tabela 44 - Área colhida (Hectares), Quantidade Produzida (Toneladas) e Valor (Mil Reais) da Produção por Tipo de Lavoura Temporária - 2024 ri baixo.xlsx",Baixo Amazonas,1213359,
Faro,-,-,-,-,-,-,-,-,-,3 Baixo Amazonas,44,"Área colhida (Hectares), Quantidade Produzida (Toneladas) e Valor (Mil Reais) da Produção por Tipo de Lavoura Temporária - 2024 ri baixo",20,"Tabela 44 - Área colhida (Hectares), Quantidade Produzida (Toneladas) e Valor (Mil Reais) da Produção por Tipo de Lavoura Temporária - 2024 ri baixo","..\..\Desktop\tabelas-powerBI\3 Baixo Amazonas\Tabela 44 - Área colhida (Hectares), Quantidade Produzida (Toneladas) e Valor (Mil Reais) da Produção por Tipo de Lavoura Temporária - 2024 ri baixo.xlsx",Baixo Amazonas,1213359,20.0
Juruti,-,-,-,-,-,-,-,-,-,3 Baixo Amazonas,44,"Área colhida (Hectares), Quantidade Produzida (Toneladas) e Valor (Mil Reais) da Produção por Tipo de Lavoura Temporária - 2024 ri baixo",20,"Tabela 44 - Área colhida (Hectares), Quantidade Produzida (Toneladas) e Valor (Mil Reais) da Produção por Tipo de Lavoura Temporária - 2024 ri baixo","..\..\Desktop\tabelas-powerBI\3 Baixo Amazonas\Tabela 44 - Área colhida (Hectares), Quantidade Produzida (Toneladas) e Valor (Mil Reais) da Produção por Tipo de Lavoura Temporária - 2024 ri baixo.xlsx",Baixo Amazonas,1213359,20.0
Mojuí dos Campos,1431,3864,7728,58800,176400,352800,-,-,-,3 Baixo Amazonas,44,"Área colhida (Hectares), Quantidade Produzida (Toneladas) e Valor (Mil Reais) da Produção por Tipo de Lavoura Temporária - 2024 ri baixo",20,"Tabela 44 - Área colhida (Hectares), Quantidade Produzida (Toneladas) e Valor (Mil Reais) da Produção por Tipo de Lavoura Temporária - 2024 ri baixo","..\..\Desktop\tabelas-powerBI\3 Baixo Amazonas\Tabela 44 - Área colhida (Hectares), Quantidade Produzida (Toneladas) e Valor (Mil Reais) da Produção por Tipo de Lavoura Temporária - 2024 ri baixo.xlsx",Baixo Amazonas,1213359,250.0
Monte Alegre,80,144,262,700,1974,3849,40,900,3960,3 Baixo Amazonas,44,"Área colhida (Hectares), Quantidade Produzida (Toneladas) e Valor (Mil Reais) da Produção por Tipo de Lavoura Temporária - 2024 ri baixo",20,"Tabela 44 - Área colhida (Hectares), Quantidade Produzida (Toneladas) e Valor (Mil Reais) da Produção por Tipo de Lavoura Temporária - 2024 ri baixo","..\..\Desktop\tabelas-powerBI\3 Baixo Amazonas\Tabela 44 - Área colhida (Hectares), Quantidade Produzida (Toneladas) e Valor (Mil Reais) da Produção por Tipo de Lavoura Temporária - 2024 ri baixo.xlsx",Baixo Amazonas,1213359,360.0
Óbidos,15,12,17,-,-,-,-,-,-,3 Baixo Amazonas,44,"Área colhida (Hectares), Quantidade Produzida (Toneladas) e Valor (Mil Reais) da Produção por Tipo de Lavoura Temporária - 2024 ri baixo",20,"Tabela 44 - Área colhida (Hectares), Quantidade Produzida (Toneladas) e Valor (Mil Reais) da Produção por Tipo de Lavoura Temporária - 2024 ri baixo","..\..\Desktop\tabelas-powerBI\3 Baixo Amazonas\Tabela 44 - Área colhida (Hectares), Quantidade Produzida (Toneladas) e Valor (Mil Reais) da Produção por Tipo de Lavoura Temporária - 2024 ri baixo.xlsx",Baixo Amazonas,1213359,240.0
Oriximiná,10,8,11,-,-,-,-,-,-,3 Baixo Amazonas,44,"Área colhida (Hectares), Quantidade Produzida (Toneladas) e Valor (Mil Reais) da Produção por Tipo de Lavoura Temporária - 2024 ri baixo",20,"Tabela 44 - Área colhida (Hectares), Quantidade Produzida (Toneladas) e Valor (Mil Reais) da Produção por Tipo de Lavoura Temporária - 2024 ri baixo","..\..\Desktop\tabelas-powerBI\3 Baixo Amazonas\Tabela 44 - Área colhida (Hectares), Quantidade Produzida (Toneladas) e Valor (Mil Reais) da Produção por Tipo de Lavoura Temporária - 2024 ri baixo.xlsx",Baixo Amazonas,1213359,100.0
Prainha,2000,1520,2432,-,-,-,-,-,-,3 Baixo Amazonas,44,"Área colhida (Hectares), Quantidade Produzida (Toneladas) e Valor (Mil Reais) da Produção por Tipo de Lavoura Temporária - 2024 ri baixo",20,"Tabela 44 - Área colhida (Hectares), Quantidade Produzida (Toneladas) e Valor (Mil Reais) da Produção por Tipo de Lavoura Temporária - 2024 ri baixo","..\..\Desktop\tabelas-powerBI\3 Baixo Amazonas\Tabela 44 - Área colhida (Hectares), Quantidade Produzida (Toneladas) e Valor (Mil Reais) da Produção por Tipo de Lavoura Temporária - 2024 ri baixo.xlsx",Baixo Amazonas,1213359,293.0
Santarém,700,1890,1852,30000,84600,164970,10,200,800,3 Baixo Amazonas,44,"Área colhida (Hectares), Quantidade Produzida (Toneladas) e Valor (Mil Reais) da Produção por Tipo de Lavoura Temporária - 2024 ri baixo",20,"Tabela 44 - Área colhida (Hectares), Quantidade Produzida (Toneladas) e Valor (Mil Reais) da Produção por Tipo de Lavoura Temporária - 2024 ri baixo","..\..\Desktop\tabelas-powerBI\3 Baixo Amazonas\Tabela 44 - Área colhida (Hectares), Quantidade Produzida (Toneladas) e Valor (Mil Reais) da Produção por Tipo de Lavoura Temporária - 2024 ri baixo.xlsx",Baixo Amazonas,1213359,300.0
Terra Santa,-,-,-,-,-,-,-,-,-,3 Baixo Amazonas,44,"Área colhida (Hectares), Quantidade Produzida (Toneladas) e Valor (Mil Reais) da Produção por Tipo de Lavoura Temporária - 2024 ri baixo",20,"Tabela 44 - Área colhida (Hectares), Quantidade Produzida (Toneladas) e Valor (Mil Reais) da Produção por Tipo de Lavoura Temporária - 2024 ri baixo","..\..\Desktop\tabelas-powerBI\3 Baixo Amazonas\Tabela 44 - Área colhida (Hectares), Quantidade Produzida (Toneladas) e Valor (Mil Reais) da Produção por Tipo de Lavoura Temporária - 2024 ri baixo.xlsx",Baixo Amazonas,1213359,100.0
Fonte: IBGE/PAM,,,,,,,,,,3 Baixo Amazonas,44,"Área colhida (Hectares), Quantidade Produzida (Toneladas) e Valor (Mil Reais) da Produção por Tipo de Lavoura Temporária - 2024 ri baixo",20,"Tabela 44 - Área colhida (Hectares), Quantidade Produzida (Toneladas) e Valor (Mil Reais) da Produção por Tipo de Lavoura Temporária - 2024 ri baixo","..\..\Desktop\tabelas-powerBI\3 Baixo Amazonas\Tabela 44 - Área colhida (Hectares), Quantidade Produzida (Toneladas) e Valor (Mil Reais) da Produção por Tipo de Lavoura Temporária - 2024 ri baixo.xlsx",Baixo Amazonas,1213359,
Elaboração: FAPESPA,,,,,,,,,,3 Baixo Amazonas,44,"Área colhida (Hectares), Quantidade Produzida (Toneladas) e Valor (Mil Reais) da Produção por Tipo de Lavoura Temporária - 2024 ri baixo",20,"Tabela 44 - Área colhida (Hectares), Quantidade Produzida (Toneladas) e Valor (Mil Reais) da Produção por Tipo de Lavoura Temporária - 2024 ri baixo","..\..\Desktop\tabelas-powerBI\3 Baixo Amazonas\Tabela 44 - Área colhida (Hectares), Quantidade Produzida (Toneladas) e Valor (Mil Reais) da Produção por Tipo de Lavoura Temporária - 2024 ri baixo.xlsx",Baixo Amazonas,1213359,
Nota: A quantidade produzida de abacaxi é expressa em mil frutos,,,,,,,,,,3 Baixo Amazonas,44,"Área colhida (Hectares), Quantidade Produzida (Toneladas) e Valor (Mil Reais) da Produção por Tipo de Lavoura Temporária - 2024 ri baixo",20,"Tabela 44 - Área colhida (Hectares), Quantidade Produzida (Toneladas) e Valor (Mil Reais) da Produção por Tipo de Lavoura Temporária - 2024 ri baixo","..\..\Desktop\tabelas-powerBI\3 Baixo Amazonas\Tabela 44 - Área colhida (Hectares), Quantidade Produzida (Toneladas) e Valor (Mil Reais) da Produção por Tipo de Lavoura Temporária - 2024 ri baixo.xlsx",Baixo Amazonas,1213359,
RI Baixo Amazonas,4458,8000,13416,118900,351174,698019,54,1164,5040,3 Baixo Amazonas,44,"Área colhida (Hectares), Quantidade Produzida (Toneladas) e Valor (Mil Reais) da Produção por Tipo de Lavoura Temporária - 2024 ri baixo",20,"Tabela 44 - Área colhida (Hectares), Quantidade Produzida (Toneladas) e Valor (Mil Reais) da Produção por Tipo de Lavoura Temporária - 2024 ri baixo","..\..\Desktop\tabelas-powerBI\3 Baixo Amazonas\Tabela 44 - Área colhida (Hectares), Quantidade Produzida (Toneladas) e Valor (Mil Reais) da Produção por Tipo de Lavoura Temporária - 2024 ri baixo.xlsx",Baixo Amazonas,152720,872.0
Alenquer,30,50,90,-,-,-,2,40,160,3 Baixo Amazonas,44,"Área colhida (Hectares), Quantidade Produzida (Toneladas) e Valor (Mil Reais) da Produção por Tipo de Lavoura Temporária - 2024 ri baixo",20,"Tabela 44 - Área colhida (Hectares), Quantidade Produzida (Toneladas) e Valor (Mil Reais) da Produção por Tipo de Lavoura Temporária - 2024 ri baixo","..\..\Desktop\tabelas-powerBI\3 Baixo Amazonas\Tabela 44 - Área colhida (Hectares), Quantidade Produzida (Toneladas) e Valor (Mil Reais) da Produção por Tipo de Lavoura Temporária - 2024 ri baixo.xlsx",Baixo Amazonas,152720,168.0
Almeirim,-,-,-,-,-,-,-,-,-,3 Baixo Amazonas,44,"Área colhida (Hectares), Quantidade Produzida (Toneladas) e Valor (Mil Reais) da Produção por Tipo de Lavoura Temporária - 2024 ri baixo",20,"Tabela 44 - Área colhida (Hectares), Quantidade Produzida (Toneladas) e Valor (Mil Reais) da Produção por Tipo de Lavoura Temporária - 2024 ri baixo","..\..\Desktop\tabelas-powerBI\3 Baixo Amazonas\Tabela 44 - Área colhida (Hectares), Quantidade Produzida (Toneladas) e Valor (Mil Reais) da Produção por Tipo de Lavoura Temporária - 2024 ri baixo.xlsx",Baixo Amazonas,152720,58.0
Belterra,189,510,1020,29400,88200,176400,2,24,120,3 Baixo Amazonas,44,"Área colhida (Hectares), Quantidade Produzida (Toneladas) e Valor (Mil Reais) da Produção por Tipo de Lavoura Temporária - 2024 ri baixo",20,"Tabela 44 - Área colhida (Hectares), Quantidade Produzida (Toneladas) e Valor (Mil Reais) da Produção por Tipo de Lavoura Temporária - 2024 ri baixo","..\..\Desktop\tabelas-powerBI\3 Baixo Amazonas\Tabela 44 - Área colhida (Hectares), Quantidade Produzida (Toneladas) e Valor (Mil Reais) da Produção por Tipo de Lavoura Temporária - 2024 ri baixo.xlsx",Baixo Amazonas,152720,
Curuá,3,2,4,-,-,-,-,-,-,3 Baixo Amazonas,44,"Área colhida (Hectares), Quantidade Produzida (Toneladas) e Valor (Mil Reais) da Produção por Tipo de Lavoura Temporária - 2024 ri baixo",20,"Tabela 44 - Área colhida (Hectares), Quantidade Produzida (Toneladas) e Valor (Mil Reais) da Produção por Tipo de Lavoura Temporária - 2024 ri baixo","..\..\Desktop\tabelas-powerBI\3 Baixo Amazonas\Tabela 44 - Área colhida (Hectares), Quantidade Produzida (Toneladas) e Valor (Mil Reais) da Produção por Tipo de Lavoura Temporária - 2024 ri baixo.xlsx",Baixo Amazonas,152720,
Faro,-,-,-,-,-,-,-,-,-,3 Baixo Amazonas,44,"Área colhida (Hectares), Quantidade Produzida (Toneladas) e Valor (Mil Reais) da Produção por Tipo de Lavoura Temporária - 2024 ri baixo",20,"Tabela 44 - Área colhida (Hectares), Quantidade Produzida (Toneladas) e Valor (Mil Reais) da Produção por Tipo de Lavoura Temporária - 2024 ri baixo","..\..\Desktop\tabelas-powerBI\3 Baixo Amazonas\Tabela 44 - Área colhida (Hectares), Quantidade Produzida (Toneladas) e Valor (Mil Reais) da Produção por Tipo de Lavoura Temporária - 2024 ri baixo.xlsx",Baixo Amazonas,152720,6.0
Juruti,-,-,-,-,-,-,-,-,-,3 Baixo Amazonas,44,"Área colhida (Hectares), Quantidade Produzida (Toneladas) e Valor (Mil Reais) da Produção por Tipo de Lavoura Temporária - 2024 ri baixo",20,"Tabela 44 - Área colhida (Hectares), Quantidade Produzida (Toneladas) e Valor (Mil Reais) da Produção por Tipo de Lavoura Temporária - 2024 ri baixo","..\..\Desktop\tabelas-powerBI\3 Baixo Amazonas\Tabela 44 - Área colhida (Hectares), Quantidade Produzida (Toneladas) e Valor (Mil Reais) da Produção por Tipo de Lavoura Temporária - 2024 ri baixo.xlsx",Baixo Amazonas,152720,6.0
Mojuí dos Campos,1431,3864,7728,58800,176400,352800,-,-,-,3 Baixo Amazonas,44,"Área colhida (Hectares), Quantidade Produzida (Toneladas) e Valor (Mil Reais) da Produção por Tipo de Lavoura Temporária - 2024 ri baixo",20,"Tabela 44 - Área colhida (Hectares), Quantidade Produzida (Toneladas) e Valor (Mil Reais) da Produção por Tipo de Lavoura Temporária - 2024 ri baixo","..\..\Desktop\tabelas-powerBI\3 Baixo Amazonas\Tabela 44 - Área colhida (Hectares), Quantidade Produzida (Toneladas) e Valor (Mil Reais) da Produção por Tipo de Lavoura Temporária - 2024 ri baixo.xlsx",Baixo Amazonas,152720,113.0
Monte Alegre,80,144,262,700,1974,3849,40,900,3960,3 Baixo Amazonas,44,"Área colhida (Hectares), Quantidade Produzida (Toneladas) e Valor (Mil Reais) da Produção por Tipo de Lavoura Temporária - 2024 ri baixo",20,"Tabela 44 - Área colhida (Hectares), Quantidade Produzida (Toneladas) e Valor (Mil Reais) da Produção por Tipo de Lavoura Temporária - 2024 ri baixo","..\..\Desktop\tabelas-powerBI\3 Baixo Amazonas\Tabela 44 - Área colhida (Hectares), Quantidade Produzida (Toneladas) e Valor (Mil Reais) da Produção por Tipo de Lavoura Temporária - 2024 ri baixo.xlsx",Baixo Amazonas,152720,146.0
Óbidos,15,12,17,-,-,-,-,-,-,3 Baixo Amazonas,44,"Área colhida (Hectares), Quantidade Produzida (Toneladas) e Valor (Mil Reais) da Produção por Tipo de Lavoura Temporária - 2024 ri baixo",20,"Tabela 44 - Área colhida (Hectares), Quantidade Produzida (Toneladas) e Valor (Mil Reais) da Produção por Tipo de Lavoura Temporária - 2024 ri baixo","..\..\Desktop\tabelas-powerBI\3 Baixo Amazonas\Tabela 44 - Área colhida (Hectares), Quantidade Produzida (Toneladas) e Valor (Mil Reais) da Produção por Tipo de Lavoura Temporária - 2024 ri baixo.xlsx",Baixo Amazonas,152720,100.0
Oriximiná,10,8,11,-,-,-,-,-,-,3 Baixo Amazonas,44,"Área colhida (Hectares), Quantidade Produzida (Toneladas) e Valor (Mil Reais) da Produção por Tipo de Lavoura Temporária - 2024 ri baixo",20,"Tabela 44 - Área colhida (Hectares), Quantidade Produzida (Toneladas) e Valor (Mil Reais) da Produção por Tipo de Lavoura Temporária - 2024 ri baixo","..\..\Desktop\tabelas-powerBI\3 Baixo Amazonas\Tabela 44 - Área colhida (Hectares), Quantidade Produzida (Toneladas) e Valor (Mil Reais) da Produção por Tipo de Lavoura Temporária - 2024 ri baixo.xlsx",Baixo Amazonas,152720,48.0
Prainha,2000,1520,2432,-,-,-,-,-,-,3 Baixo Amazonas,44,"Área colhida (Hectares), Quantidade Produzida (Toneladas) e Valor (Mil Reais) da Produção por Tipo de Lavoura Temporária - 2024 ri baixo",20,"Tabela 44 - Área colhida (Hectares), Quantidade Produzida (Toneladas) e Valor (Mil Reais) da Produção por Tipo de Lavoura Temporária - 2024 ri baixo","..\..\Desktop\tabelas-powerBI\3 Baixo Amazonas\Tabela 44 - Área colhida (Hectares), Quantidade Produzida (Toneladas) e Valor (Mil Reais) da Produção por Tipo de Lavoura Temporária - 2024 ri baixo.xlsx",Baixo Amazonas,152720,47.0
Santarém,700,1890,1852,30000,84600,164970,10,200,800,3 Baixo Amazonas,44,"Área colhida (Hectares), Quantidade Produzida (Toneladas) e Valor (Mil Reais) da Produção por Tipo de Lavoura Temporária - 2024 ri baixo",20,"Tabela 44 - Área colhida (Hectares), Quantidade Produzida (Toneladas) e Valor (Mil Reais) da Produção por Tipo de Lavoura Temporária - 2024 ri baixo","..\..\Desktop\tabelas-powerBI\3 Baixo Amazonas\Tabela 44 - Área colhida (Hectares), Quantidade Produzida (Toneladas) e Valor (Mil Reais) da Produção por Tipo de Lavoura Temporária - 2024 ri baixo.xlsx",Baixo Amazonas,152720,150.0
Terra Santa,-,-,-,-,-,-,-,-,-,3 Baixo Amazonas,44,"Área colhida (Hectares), Quantidade Produzida (Toneladas) e Valor (Mil Reais) da Produção por Tipo de Lavoura Temporária - 2024 ri baixo",20,"Tabela 44 - Área colhida (Hectares), Quantidade Produzida (Toneladas) e Valor (Mil Reais) da Produção por Tipo de Lavoura Temporária - 2024 ri baixo","..\..\Desktop\tabelas-powerBI\3 Baixo Amazonas\Tabela 44 - Área colhida (Hectares), Quantidade Produzida (Toneladas) e Valor (Mil Reais) da Produção por Tipo de Lavoura Temporária - 2024 ri baixo.xlsx",Baixo Amazonas,152720,30.0
Fonte: IBGE/PAM,,,,,,,,,,3 Baixo Amazonas,44,"Área colhida (Hectares), Quantidade Produzida (Toneladas) e Valor (Mil Reais) da Produção por Tipo de Lavoura Temporária - 2024 ri baixo",20,"Tabela 44 - Área colhida (Hectares), Quantidade Produzida (Toneladas) e Valor (Mil Reais) da Produção por Tipo de Lavoura Temporária - 2024 ri baixo","..\..\Desktop\tabelas-powerBI\3 Baixo Amazonas\Tabela 44 - Área colhida (Hectares), Quantidade Produzida (Toneladas) e Valor (Mil Reais) da Produção por Tipo de Lavoura Temporária - 2024 ri baixo.xlsx",Baixo Amazonas,152720,
Elaboração: FAPESPA,,,,,,,,,,3 Baixo Amazonas,44,"Área colhida (Hectares), Quantidade Produzida (Toneladas) e Valor (Mil Reais) da Produção por Tipo de Lavoura Temporária - 2024 ri baixo",20,"Tabela 44 - Área colhida (Hectares), Quantidade Produzida (Toneladas) e Valor (Mil Reais) da Produção por Tipo de Lavoura Temporária - 2024 ri baixo","..\..\Desktop\tabelas-powerBI\3 Baixo Amazonas\Tabela 44 - Área colhida (Hectares), Quantidade Produzida (Toneladas) e Valor (Mil Reais) da Produção por Tipo de Lavoura Temporária - 2024 ri baixo.xlsx",Baixo Amazonas,152720,
Nota: A quantidade produzida de abacaxi é expressa em mil frutos,,,,,,,,,,3 Baixo Amazonas,44,"Área colhida (Hectares), Quantidade Produzida (Toneladas) e Valor (Mil Reais) da Produção por Tipo de Lavoura Temporária - 2024 ri baixo",20,"Tabela 44 - Área colhida (Hectares), Quantidade Produzida (Toneladas) e Valor (Mil Reais) da Produção por Tipo de Lavoura Temporária - 2024 ri baixo","..\..\Desktop\tabelas-powerBI\3 Baixo Amazonas\Tabela 44 - Área colhida (Hectares), Quantidade Produzida (Toneladas) e Valor (Mil Reais) da Produção por Tipo de Lavoura Temporária - 2024 ri baixo.xlsx",Baixo Amazonas,152720,
RI Baixo Amazonas,4458,8000,13416,118900,351174,698019,54,1164,5040,3 Baixo Amazonas,44,"Área colhida (Hectares), Quantidade Produzida (Toneladas) e Valor (Mil Reais) da Produção por Tipo de Lavoura Temporária - 2024 ri baixo",20,"Tabela 44 - Área colhida (Hectares), Quantidade Produzida (Toneladas) e Valor (Mil Reais) da Produção por Tipo de Lavoura Temporária - 2024 ri baixo","..\..\Desktop\tabelas-powerBI\3 Baixo Amazonas\Tabela 44 - Área colhida (Hectares), Quantidade Produzida (Toneladas) e Valor (Mil Reais) da Produção por Tipo de Lavoura Temporária - 2024 ri baixo.xlsx",Baixo Amazonas,21320,2721.0
Alenquer,30,50,90,-,-,-,2,40,160,3 Baixo Amazonas,44,"Área colhida (Hectares), Quantidade Produzida (Toneladas) e Valor (Mil Reais) da Produção por Tipo de Lavoura Temporária - 2024 ri baixo",20,"Tabela 44 - Área colhida (Hectares), Quantidade Produzida (Toneladas) e Valor (Mil Reais) da Produção por Tipo de Lavoura Temporária - 2024 ri baixo","..\..\Desktop\tabelas-powerBI\3 Baixo Amazonas\Tabela 44 - Área colhida (Hectares), Quantidade Produzida (Toneladas) e Valor (Mil Reais) da Produção por Tipo de Lavoura Temporária - 2024 ri baixo.xlsx",Baixo Amazonas,21320,510.0
Almeirim,-,-,-,-,-,-,-,-,-,3 Baixo Amazonas,44,"Área colhida (Hectares), Quantidade Produzida (Toneladas) e Valor (Mil Reais) da Produção por Tipo de Lavoura Temporária - 2024 ri baixo",20,"Tabela 44 - Área colhida (Hectares), Quantidade Produzida (Toneladas) e Valor (Mil Reais) da Produção por Tipo de Lavoura Temporária - 2024 ri baixo","..\..\Desktop\tabelas-powerBI\3 Baixo Amazonas\Tabela 44 - Área colhida (Hectares), Quantidade Produzida (Toneladas) e Valor (Mil Reais) da Produção por Tipo de Lavoura Temporária - 2024 ri baixo.xlsx",Baixo Amazonas,21320,50.0
Belterra,189,510,1020,29400,88200,176400,2,24,120,3 Baixo Amazonas,44,"Área colhida (Hectares), Quantidade Produzida (Toneladas) e Valor (Mil Reais) da Produção por Tipo de Lavoura Temporária - 2024 ri baixo",20,"Tabela 44 - Área colhida (Hectares), Quantidade Produzida (Toneladas) e Valor (Mil Reais) da Produção por Tipo de Lavoura Temporária - 2024 ri baixo","..\..\Desktop\tabelas-powerBI\3 Baixo Amazonas\Tabela 44 - Área colhida (Hectares), Quantidade Produzida (Toneladas) e Valor (Mil Reais) da Produção por Tipo de Lavoura Temporária - 2024 ri baixo.xlsx",Baixo Amazonas,21320,80.0
Curuá,3,2,4,-,-,-,-,-,-,3 Baixo Amazonas,44,"Área colhida (Hectares), Quantidade Produzida (Toneladas) e Valor (Mil Reais) da Produção por Tipo de Lavoura Temporária - 2024 ri baixo",20,"Tabela 44 - Área colhida (Hectares), Quantidade Produzida (Toneladas) e Valor (Mil Reais) da Produção por Tipo de Lavoura Temporária - 2024 ri baixo","..\..\Desktop\tabelas-powerBI\3 Baixo Amazonas\Tabela 44 - Área colhida (Hectares), Quantidade Produzida (Toneladas) e Valor (Mil Reais) da Produção por Tipo de Lavoura Temporária - 2024 ri baixo.xlsx",Baixo Amazonas,21320,9.0
Faro,-,-,-,-,-,-,-,-,-,3 Baixo Amazonas,44,"Área colhida (Hectares), Quantidade Produzida (Toneladas) e Valor (Mil Reais) da Produção por Tipo de Lavoura Temporária - 2024 ri baixo",20,"Tabela 44 - Área colhida (Hectares), Quantidade Produzida (Toneladas) e Valor (Mil Reais) da Produção por Tipo de Lavoura Temporária - 2024 ri baixo","..\..\Desktop\tabelas-powerBI\3 Baixo Amazonas\Tabela 44 - Área colhida (Hectares), Quantidade Produzida (Toneladas) e Valor (Mil Reais) da Produção por Tipo de Lavoura Temporária - 2024 ri baixo.xlsx",Baixo Amazonas,21320,
Juruti,-,-,-,-,-,-,-,-,-,3 Baixo Amazonas,44,"Área colhida (Hectares), Quantidade Produzida (Toneladas) e Valor (Mil Reais) da Produção por Tipo de Lavoura Temporária - 2024 ri baixo",20,"Tabela 44 - Área colhida (Hectares), Quantidade Produzida (Toneladas) e Valor (Mil Reais) da Produção por Tipo de Lavoura Temporária - 2024 ri baixo","..\..\Desktop\tabelas-powerBI\3 Baixo Amazonas\Tabela 44 - Área colhida (Hectares), Quantidade Produzida (Toneladas) e Valor (Mil Reais) da Produção por Tipo de Lavoura Temporária - 2024 ri baixo.xlsx",Baixo Amazonas,21320,3.0
Mojuí dos Campos,1431,3864,7728,58800,176400,352800,-,-,-,3 Baixo Amazonas,44,"Área colhida (Hectares), Quantidade Produzida (Toneladas) e Valor (Mil Reais) da Produção por Tipo de Lavoura Temporária - 2024 ri baixo",20,"Tabela 44 - Área colhida (Hectares), Quantidade Produzida (Toneladas) e Valor (Mil Reais) da Produção por Tipo de Lavoura Temporária - 2024 ri baixo","..\..\Desktop\tabelas-powerBI\3 Baixo Amazonas\Tabela 44 - Área colhida (Hectares), Quantidade Produzida (Toneladas) e Valor (Mil Reais) da Produção por Tipo de Lavoura Temporária - 2024 ri baixo.xlsx",Baixo Amazonas,21320,125.0
Monte Alegre,80,144,262,700,1974,3849,40,900,3960,3 Baixo Amazonas,44,"Área colhida (Hectares), Quantidade Produzida (Toneladas) e Valor (Mil Reais) da Produção por Tipo de Lavoura Temporária - 2024 ri baixo",20,"Tabela 44 - Área colhida (Hectares), Quantidade Produzida (Toneladas) e Valor (Mil Reais) da Produção por Tipo de Lavoura Temporária - 2024 ri baixo","..\..\Desktop\tabelas-powerBI\3 Baixo Amazonas\Tabela 44 - Área colhida (Hectares), Quantidade Produzida (Toneladas) e Valor (Mil Reais) da Produção por Tipo de Lavoura Temporária - 2024 ri baixo.xlsx",Baixo Amazonas,21320,1700.0
Óbidos,15,12,17,-,-,-,-,-,-,3 Baixo Amazonas,44,"Área colhida (Hectares), Quantidade Produzida (Toneladas) e Valor (Mil Reais) da Produção por Tipo de Lavoura Temporária - 2024 ri baixo",20,"Tabela 44 - Área colhida (Hectares), Quantidade Produzida (Toneladas) e Valor (Mil Reais) da Produção por Tipo de Lavoura Temporária - 2024 ri baixo","..\..\Desktop\tabelas-powerBI\3 Baixo Amazonas\Tabela 44 - Área colhida (Hectares), Quantidade Produzida (Toneladas) e Valor (Mil Reais) da Produção por Tipo de Lavoura Temporária - 2024 ri baixo.xlsx",Baixo Amazonas,21320,26.0
Oriximiná,10,8,11,-,-,-,-,-,-,3 Baixo Amazonas,44,"Área colhida (Hectares), Quantidade Produzida (Toneladas) e Valor (Mil Reais) da Produção por Tipo de Lavoura Temporária - 2024 ri baixo",20,"Tabela 44 - Área colhida (Hectares), Quantidade Produzida (Toneladas) e Valor (Mil Reais) da Produção por Tipo de Lavoura Temporária - 2024 ri baixo","..\..\Desktop\tabelas-powerBI\3 Baixo Amazonas\Tabela 44 - Área colhida (Hectares), Quantidade Produzida (Toneladas) e Valor (Mil Reais) da Produção por Tipo de Lavoura Temporária - 2024 ri baixo.xlsx",Baixo Amazonas,21320,72.0
Prainha,2000,1520,2432,-,-,-,-,-,-,3 Baixo Amazonas,44,"Área colhida (Hectares), Quantidade Produzida (Toneladas) e Valor (Mil Reais) da Produção por Tipo de Lavoura Temporária - 2024 ri baixo",20,"Tabela 44 - Área colhida (Hectares), Quantidade Produzida (Toneladas) e Valor (Mil Reais) da Produção por Tipo de Lavoura Temporária - 2024 ri baixo","..\..\Desktop\tabelas-powerBI\3 Baixo Amazonas\Tabela 44 - Área colhida (Hectares), Quantidade Produzida (Toneladas) e Valor (Mil Reais) da Produção por Tipo de Lavoura Temporária - 2024 ri baixo.xlsx",Baixo Amazonas,21320,
Santarém,700,1890,1852,30000,84600,164970,10,200,800,3 Baixo Amazonas,44,"Área colhida (Hectares), Quantidade Produzida (Toneladas) e Valor (Mil Reais) da Produção por Tipo de Lavoura Temporária - 2024 ri baixo",20,"Tabela 44 - Área colhida (Hectares), Quantidade Produzida (Toneladas) e Valor (Mil Reais) da Produção por Tipo de Lavoura Temporária - 2024 ri baixo","..\..\Desktop\tabelas-powerBI\3 Baixo Amazonas\Tabela 44 - Área colhida (Hectares), Quantidade Produzida (Toneladas) e Valor (Mil Reais) da Produção por Tipo de Lavoura Temporária - 2024 ri baixo.xlsx",Baixo Amazonas,21320,145.0
Terra Santa,-,-,-,-,-,-,-,-,-,3 Baixo Amazonas,44,"Área colhida (Hectares), Quantidade Produzida (Toneladas) e Valor (Mil Reais) da Produção por Tipo de Lavoura Temporária - 2024 ri baixo",20,"Tabela 44 - Área colhida (Hectares), Quantidade Produzida (Toneladas) e Valor (Mil Reais) da Produção por Tipo de Lavoura Temporária - 2024 ri baixo","..\..\Desktop\tabelas-powerBI\3 Baixo Amazonas\Tabela 44 - Área colhida (Hectares), Quantidade Produzida (Toneladas) e Valor (Mil Reais) da Produção por Tipo de Lavoura Temporária - 2024 ri baixo.xlsx",Baixo Amazonas,21320,1.0
Fonte: IBGE/PAM,,,,,,,,,,3 Baixo Amazonas,44,"Área colhida (Hectares), Quantidade Produzida (Toneladas) e Valor (Mil Reais) da Produção por Tipo de Lavoura Temporária - 2024 ri baixo",20,"Tabela 44 - Área colhida (Hectares), Quantidade Produzida (Toneladas) e Valor (Mil Reais) da Produção por Tipo de Lavoura Temporária - 2024 ri baixo","..\..\Desktop\tabelas-powerBI\3 Baixo Amazonas\Tabela 44 - Área colhida (Hectares), Quantidade Produzida (Toneladas) e Valor (Mil Reais) da Produção por Tipo de Lavoura Temporária - 2024 ri baixo.xlsx",Baixo Amazonas,21320,
Elaboração: FAPESPA,,,,,,,,,,3 Baixo Amazonas,44,"Área colhida (Hectares), Quantidade Produzida (Toneladas) e Valor (Mil Reais) da Produção por Tipo de Lavoura Temporária - 2024 ri baixo",20,"Tabela 44 - Área colhida (Hectares), Quantidade Produzida (Toneladas) e Valor (Mil Reais) da Produção por Tipo de Lavoura Temporária - 2024 ri baixo","..\..\Desktop\tabelas-powerBI\3 Baixo Amazonas\Tabela 44 - Área colhida (Hectares), Quantidade Produzida (Toneladas) e Valor (Mil Reais) da Produção por Tipo de Lavoura Temporária - 2024 ri baixo.xlsx",Baixo Amazonas,21320,
Nota: A quantidade produzida de abacaxi é expressa em mil frutos,,,,,,,,,,3 Baixo Amazonas,44,"Área colhida (Hectares), Quantidade Produzida (Toneladas) e Valor (Mil Reais) da Produção por Tipo de Lavoura Temporária - 2024 ri baixo",20,"Tabela 44 - Área colhida (Hectares), Quantidade Produzida (Toneladas) e Valor (Mil Reais) da Produção por Tipo de Lavoura Temporária - 2024 ri baixo","..\..\Desktop\tabelas-powerBI\3 Baixo Amazonas\Tabela 44 - Área colhida (Hectares), Quantidade Produzida (Toneladas) e Valor (Mil Reais) da Produção por Tipo de Lavoura Temporária - 2024 ri baixo.xlsx",Baixo Amazonas,21320,
RI Baixo Amazonas,4458,8000,13416,118900,351174,698019,54,1164,5040,3 Baixo Amazonas,44,"Área colhida (Hectares), Quantidade Produzida (Toneladas) e Valor (Mil Reais) da Produção por Tipo de Lavoura Temporária - 2024 ri baixo",20,"Tabela 44 - Área colhida (Hectares), Quantidade Produzida (Toneladas) e Valor (Mil Reais) da Produção por Tipo de Lavoura Temporária - 2024 ri baixo","..\..\Desktop\tabelas-powerBI\3 Baixo Amazonas\Tabela 44 - Área colhida (Hectares), Quantidade Produzida (Toneladas) e Valor (Mil Reais) da Produção por Tipo de Lavoura Temporária - 2024 ri baixo.xlsx",Baixo Amazonas,15601,1652.0
Alenquer,30,50,90,-,-,-,2,40,160,3 Baixo Amazonas,44,"Área colhida (Hectares), Quantidade Produzida (Toneladas) e Valor (Mil Reais) da Produção por Tipo de Lavoura Temporária - 2024 ri baixo",20,"Tabela 44 - Área colhida (Hectares), Quantidade Produzida (Toneladas) e Valor (Mil Reais) da Produção por Tipo de Lavoura Temporária - 2024 ri baixo","..\..\Desktop\tabelas-powerBI\3 Baixo Amazonas\Tabela 44 - Área colhida (Hectares), Quantidade Produzida (Toneladas) e Valor (Mil Reais) da Produção por Tipo de Lavoura Temporária - 2024 ri baixo.xlsx",Baixo Amazonas,15601,306.0
Almeirim,-,-,-,-,-,-,-,-,-,3 Baixo Amazonas,44,"Área colhida (Hectares), Quantidade Produzida (Toneladas) e Valor (Mil Reais) da Produção por Tipo de Lavoura Temporária - 2024 ri baixo",20,"Tabela 44 - Área colhida (Hectares), Quantidade Produzida (Toneladas) e Valor (Mil Reais) da Produção por Tipo de Lavoura Temporária - 2024 ri baixo","..\..\Desktop\tabelas-powerBI\3 Baixo Amazonas\Tabela 44 - Área colhida (Hectares), Quantidade Produzida (Toneladas) e Valor (Mil Reais) da Produção por Tipo de Lavoura Temporária - 2024 ri baixo.xlsx",Baixo Amazonas,15601,36.0
Belterra,189,510,1020,29400,88200,176400,2,24,120,3 Baixo Amazonas,44,"Área colhida (Hectares), Quantidade Produzida (Toneladas) e Valor (Mil Reais) da Produção por Tipo de Lavoura Temporária - 2024 ri baixo",20,"Tabela 44 - Área colhida (Hectares), Quantidade Produzida (Toneladas) e Valor (Mil Reais) da Produção por Tipo de Lavoura Temporária - 2024 ri baixo","..\..\Desktop\tabelas-powerBI\3 Baixo Amazonas\Tabela 44 - Área colhida (Hectares), Quantidade Produzida (Toneladas) e Valor (Mil Reais) da Produção por Tipo de Lavoura Temporária - 2024 ri baixo.xlsx",Baixo Amazonas,15601,58.0
Curuá,3,2,4,-,-,-,-,-,-,3 Baixo Amazonas,44,"Área colhida (Hectares), Quantidade Produzida (Toneladas) e Valor (Mil Reais) da Produção por Tipo de Lavoura Temporária - 2024 ri baixo",20,"Tabela 44 - Área colhida (Hectares), Quantidade Produzida (Toneladas) e Valor (Mil Reais) da Produção por Tipo de Lavoura Temporária - 2024 ri baixo","..\..\Desktop\tabelas-powerBI\3 Baixo Amazonas\Tabela 44 - Área colhida (Hectares), Quantidade Produzida (Toneladas) e Valor (Mil Reais) da Produção por Tipo de Lavoura Temporária - 2024 ri baixo.xlsx",Baixo Amazonas,15601,7.0
Faro,-,-,-,-,-,-,-,-,-,3 Baixo Amazonas,44,"Área colhida (Hectares), Quantidade Produzida (Toneladas) e Valor (Mil Reais) da Produção por Tipo de Lavoura Temporária - 2024 ri baixo",20,"Tabela 44 - Área colhida (Hectares), Quantidade Produzida (Toneladas) e Valor (Mil Reais) da Produção por Tipo de Lavoura Temporária - 2024 ri baixo","..\..\Desktop\tabelas-powerBI\3 Baixo Amazonas\Tabela 44 - Área colhida (Hectares), Quantidade Produzida (Toneladas) e Valor (Mil Reais) da Produção por Tipo de Lavoura Temporária - 2024 ri baixo.xlsx",Baixo Amazonas,15601,
Juruti,-,-,-,-,-,-,-,-,-,3 Baixo Amazonas,44,"Área colhida (Hectares), Quantidade Produzida (Toneladas) e Valor (Mil Reais) da Produção por Tipo de Lavoura Temporária - 2024 ri baixo",20,"Tabela 44 - Área colhida (Hectares), Quantidade Produzida (Toneladas) e Valor (Mil Reais) da Produção por Tipo de Lavoura Temporária - 2024 ri baixo","..\..\Desktop\tabelas-powerBI\3 Baixo Amazonas\Tabela 44 - Área colhida (Hectares), Quantidade Produzida (Toneladas) e Valor (Mil Reais) da Produção por Tipo de Lavoura Temporária - 2024 ri baixo.xlsx",Baixo Amazonas,15601,3.0
Mojuí dos Campos,1431,3864,7728,58800,176400,352800,-,-,-,3 Baixo Amazonas,44,"Área colhida (Hectares), Quantidade Produzida (Toneladas) e Valor (Mil Reais) da Produção por Tipo de Lavoura Temporária - 2024 ri baixo",20,"Tabela 44 - Área colhida (Hectares), Quantidade Produzida (Toneladas) e Valor (Mil Reais) da Produção por Tipo de Lavoura Temporária - 2024 ri baixo","..\..\Desktop\tabelas-powerBI\3 Baixo Amazonas\Tabela 44 - Área colhida (Hectares), Quantidade Produzida (Toneladas) e Valor (Mil Reais) da Produção por Tipo de Lavoura Temporária - 2024 ri baixo.xlsx",Baixo Amazonas,15601,75.0
Monte Alegre,80,144,262,700,1974,3849,40,900,3960,3 Baixo Amazonas,44,"Área colhida (Hectares), Quantidade Produzida (Toneladas) e Valor (Mil Reais) da Produção por Tipo de Lavoura Temporária - 2024 ri baixo",20,"Tabela 44 - Área colhida (Hectares), Quantidade Produzida (Toneladas) e Valor (Mil Reais) da Produção por Tipo de Lavoura Temporária - 2024 ri baixo","..\..\Desktop\tabelas-powerBI\3 Baixo Amazonas\Tabela 44 - Área colhida (Hectares), Quantidade Produzida (Toneladas) e Valor (Mil Reais) da Produção por Tipo de Lavoura Temporária - 2024 ri baixo.xlsx",Baixo Amazonas,15601,1020.0
Óbidos,15,12,17,-,-,-,-,-,-,3 Baixo Amazonas,44,"Área colhida (Hectares), Quantidade Produzida (Toneladas) e Valor (Mil Reais) da Produção por Tipo de Lavoura Temporária - 2024 ri baixo",20,"Tabela 44 - Área colhida (Hectares), Quantidade Produzida (Toneladas) e Valor (Mil Reais) da Produção por Tipo de Lavoura Temporária - 2024 ri baixo","..\..\Desktop\tabelas-powerBI\3 Baixo Amazonas\Tabela 44 - Área colhida (Hectares), Quantidade Produzida (Toneladas) e Valor (Mil Reais) da Produção por Tipo de Lavoura Temporária - 2024 ri baixo.xlsx",Baixo Amazonas,15601,16.0
Oriximiná,10,8,11,-,-,-,-,-,-,3 Baixo Amazonas,44,"Área colhida (Hectares), Quantidade Produzida (Toneladas) e Valor (Mil Reais) da Produção por Tipo de Lavoura Temporária - 2024 ri baixo",20,"Tabela 44 - Área colhida (Hectares), Quantidade Produzida (Toneladas) e Valor (Mil Reais) da Produção por Tipo de Lavoura Temporária - 2024 ri baixo","..\..\Desktop\tabelas-powerBI\3 Baixo Amazonas\Tabela 44 - Área colhida (Hectares), Quantidade Produzida (Toneladas) e Valor (Mil Reais) da Produção por Tipo de Lavoura Temporária - 2024 ri baixo.xlsx",Baixo Amazonas,15601,43.0
Prainha,2000,1520,2432,-,-,-,-,-,-,3 Baixo Amazonas,44,"Área colhida (Hectares), Quantidade Produzida (Toneladas) e Valor (Mil Reais) da Produção por Tipo de Lavoura Temporária - 2024 ri baixo",20,"Tabela 44 - Área colhida (Hectares), Quantidade Produzida (Toneladas) e Valor (Mil Reais) da Produção por Tipo de Lavoura Temporária - 2024 ri baixo","..\..\Desktop\tabelas-powerBI\3 Baixo Amazonas\Tabela 44 - Área colhida (Hectares), Quantidade Produzida (Toneladas) e Valor (Mil Reais) da Produção por Tipo de Lavoura Temporária - 2024 ri baixo.xlsx",Baixo Amazonas,15601,
Santarém,700,1890,1852,30000,84600,164970,10,200,800,3 Baixo Amazonas,44,"Área colhida (Hectares), Quantidade Produzida (Toneladas) e Valor (Mil Reais) da Produção por Tipo de Lavoura Temporária - 2024 ri baixo",20,"Tabela 44 - Área colhida (Hectares), Quantidade Produzida (Toneladas) e Valor (Mil Reais) da Produção por Tipo de Lavoura Temporária - 2024 ri baixo","..\..\Desktop\tabelas-powerBI\3 Baixo Amazonas\Tabela 44 - Área colhida (Hectares), Quantidade Produzida (Toneladas) e Valor (Mil Reais) da Produção por Tipo de Lavoura Temporária - 2024 ri baixo.xlsx",Baixo Amazonas,15601,87.0
Terra Santa,-,-,-,-,-,-,-,-,-,3 Baixo Amazonas,44,"Área colhida (Hectares), Quantidade Produzida (Toneladas) e Valor (Mil Reais) da Produção por Tipo de Lavoura Temporária - 2024 ri baixo",20,"Tabela 44 - Área colhida (Hectares), Quantidade Produzida (Toneladas) e Valor (Mil Reais) da Produção por Tipo de Lavoura Temporária - 2024 ri baixo","..\..\Desktop\tabelas-powerBI\3 Baixo Amazonas\Tabela 44 - Área colhida (Hectares), Quantidade Produzida (Toneladas) e Valor (Mil Reais) da Produção por Tipo de Lavoura Temporária - 2024 ri baixo.xlsx",Baixo Amazonas,15601,1.0
Fonte: IBGE/PAM,,,,,,,,,,3 Baixo Amazonas,44,"Área colhida (Hectares), Quantidade Produzida (Toneladas) e Valor (Mil Reais) da Produção por Tipo de Lavoura Temporária - 2024 ri baixo",20,"Tabela 44 - Área colhida (Hectares), Quantidade Produzida (Toneladas) e Valor (Mil Reais) da Produção por Tipo de Lavoura Temporária - 2024 ri baixo","..\..\Desktop\tabelas-powerBI\3 Baixo Amazonas\Tabela 44 - Área colhida (Hectares), Quantidade Produzida (Toneladas) e Valor (Mil Reais) da Produção por Tipo de Lavoura Temporária - 2024 ri baixo.xlsx",Baixo Amazonas,15601,
Elaboração: FAPESPA,,,,,,,,,,3 Baixo Amazonas,44,"Área colhida (Hectares), Quantidade Produzida (Toneladas) e Valor (Mil Reais) da Produção por Tipo de Lavoura Temporária - 2024 ri baixo",20,"Tabela 44 - Área colhida (Hectares), Quantidade Produzida (Toneladas) e Valor (Mil Reais) da Produção por Tipo de Lavoura Temporária - 2024 ri baixo","..\..\Desktop\tabelas-powerBI\3 Baixo Amazonas\Tabela 44 - Área colhida (Hectares), Quantidade Produzida (Toneladas) e Valor (Mil Reais) da Produção por Tipo de Lavoura Temporária - 2024 ri baixo.xlsx",Baixo Amazonas,15601,
Nota: A quantidade produzida de abacaxi é expressa em mil frutos,,,,,,,,,,3 Baixo Amazonas,44,"Área colhida (Hectares), Quantidade Produzida (Toneladas) e Valor (Mil Reais) da Produção por Tipo de Lavoura Temporária - 2024 ri baixo",20,"Tabela 44 - Área colhida (Hectares), Quantidade Produzida (Toneladas) e Valor (Mil Reais) da Produção por Tipo de Lavoura Temporária - 2024 ri baixo","..\..\Desktop\tabelas-powerBI\3 Baixo Amazonas\Tabela 44 - Área colhida (Hectares), Quantidade Produzida (Toneladas) e Valor (Mil Reais) da Produção por Tipo de Lavoura Temporária - 2024 ri baixo.xlsx",Baixo Amazonas,15601,
RI Baixo Amazonas,4458,8000,13416,118900,351174,698019,54,1164,5040,3 Baixo Amazonas,44,"Área colhida (Hectares), Quantidade Produzida (Toneladas) e Valor (Mil Reais) da Produção por Tipo de Lavoura Temporária - 2024 ri baixo",20,"Tabela 44 - Área colhida (Hectares), Quantidade Produzida (Toneladas) e Valor (Mil Reais) da Produção por Tipo de Lavoura Temporária - 2024 ri baixo","..\..\Desktop\tabelas-powerBI\3 Baixo Amazonas\Tabela 44 - Área colhida (Hectares), Quantidade Produzida (Toneladas) e Valor (Mil Reais) da Produção por Tipo de Lavoura Temporária - 2024 ri baixo.xlsx",Baixo Amazonas,70569,9153.0
Alenquer,30,50,90,-,-,-,2,40,160,3 Baixo Amazonas,44,"Área colhida (Hectares), Quantidade Produzida (Toneladas) e Valor (Mil Reais) da Produção por Tipo de Lavoura Temporária - 2024 ri baixo",20,"Tabela 44 - Área colhida (Hectares), Quantidade Produzida (Toneladas) e Valor (Mil Reais) da Produção por Tipo de Lavoura Temporária - 2024 ri baixo","..\..\Desktop\tabelas-powerBI\3 Baixo Amazonas\Tabela 44 - Área colhida (Hectares), Quantidade Produzida (Toneladas) e Valor (Mil Reais) da Produção por Tipo de Lavoura Temporária - 2024 ri baixo.xlsx",Baixo Amazonas,70569,1260.0
Almeirim,-,-,-,-,-,-,-,-,-,3 Baixo Amazonas,44,"Área colhida (Hectares), Quantidade Produzida (Toneladas) e Valor (Mil Reais) da Produção por Tipo de Lavoura Temporária - 2024 ri baixo",20,"Tabela 44 - Área colhida (Hectares), Quantidade Produzida (Toneladas) e Valor (Mil Reais) da Produção por Tipo de Lavoura Temporária - 2024 ri baixo","..\..\Desktop\tabelas-powerBI\3 Baixo Amazonas\Tabela 44 - Área colhida (Hectares), Quantidade Produzida (Toneladas) e Valor (Mil Reais) da Produção por Tipo de Lavoura Temporária - 2024 ri baixo.xlsx",Baixo Amazonas,70569,162.0
Belterra,189,510,1020,29400,88200,176400,2,24,120,3 Baixo Amazonas,44,"Área colhida (Hectares), Quantidade Produzida (Toneladas) e Valor (Mil Reais) da Produção por Tipo de Lavoura Temporária - 2024 ri baixo",20,"Tabela 44 - Área colhida (Hectares), Quantidade Produzida (Toneladas) e Valor (Mil Reais) da Produção por Tipo de Lavoura Temporária - 2024 ri baixo","..\..\Desktop\tabelas-powerBI\3 Baixo Amazonas\Tabela 44 - Área colhida (Hectares), Quantidade Produzida (Toneladas) e Valor (Mil Reais) da Produção por Tipo de Lavoura Temporária - 2024 ri baixo.xlsx",Baixo Amazonas,70569,298.0
Curuá,3,2,4,-,-,-,-,-,-,3 Baixo Amazonas,44,"Área colhida (Hectares), Quantidade Produzida (Toneladas) e Valor (Mil Reais) da Produção por Tipo de Lavoura Temporária - 2024 ri baixo",20,"Tabela 44 - Área colhida (Hectares), Quantidade Produzida (Toneladas) e Valor (Mil Reais) da Produção por Tipo de Lavoura Temporária - 2024 ri baixo","..\..\Desktop\tabelas-powerBI\3 Baixo Amazonas\Tabela 44 - Área colhida (Hectares), Quantidade Produzida (Toneladas) e Valor (Mil Reais) da Produção por Tipo de Lavoura Temporária - 2024 ri baixo.xlsx",Baixo Amazonas,70569,52.0
Faro,-,-,-,-,-,-,-,-,-,3 Baixo Amazonas,44,"Área colhida (Hectares), Quantidade Produzida (Toneladas) e Valor (Mil Reais) da Produção por Tipo de Lavoura Temporária - 2024 ri baixo",20,"Tabela 44 - Área colhida (Hectares), Quantidade Produzida (Toneladas) e Valor (Mil Reais) da Produção por Tipo de Lavoura Temporária - 2024 ri baixo","..\..\Desktop\tabelas-powerBI\3 Baixo Amazonas\Tabela 44 - Área colhida (Hectares), Quantidade Produzida (Toneladas) e Valor (Mil Reais) da Produção por Tipo de Lavoura Temporária - 2024 ri baixo.xlsx",Baixo Amazonas,70569,
Juruti,-,-,-,-,-,-,-,-,-,3 Baixo Amazonas,44,"Área colhida (Hectares), Quantidade Produzida (Toneladas) e Valor (Mil Reais) da Produção por Tipo de Lavoura Temporária - 2024 ri baixo",20,"Tabela 44 - Área colhida (Hectares), Quantidade Produzida (Toneladas) e Valor (Mil Reais) da Produção por Tipo de Lavoura Temporária - 2024 ri baixo","..\..\Desktop\tabelas-powerBI\3 Baixo Amazonas\Tabela 44 - Área colhida (Hectares), Quantidade Produzida (Toneladas) e Valor (Mil Reais) da Produção por Tipo de Lavoura Temporária - 2024 ri baixo.xlsx",Baixo Amazonas,70569,13.0
Mojuí dos Campos,1431,3864,7728,58800,176400,352800,-,-,-,3 Baixo Amazonas,44,"Área colhida (Hectares), Quantidade Produzida (Toneladas) e Valor (Mil Reais) da Produção por Tipo de Lavoura Temporária - 2024 ri baixo",20,"Tabela 44 - Área colhida (Hectares), Quantidade Produzida (Toneladas) e Valor (Mil Reais) da Produção por Tipo de Lavoura Temporária - 2024 ri baixo","..\..\Desktop\tabelas-powerBI\3 Baixo Amazonas\Tabela 44 - Área colhida (Hectares), Quantidade Produzida (Toneladas) e Valor (Mil Reais) da Produção por Tipo de Lavoura Temporária - 2024 ri baixo.xlsx",Baixo Amazonas,70569,450.0
Monte Alegre,80,144,262,700,1974,3849,40,900,3960,3 Baixo Amazonas,44,"Área colhida (Hectares), Quantidade Produzida (Toneladas) e Valor (Mil Reais) da Produção por Tipo de Lavoura Temporária - 2024 ri baixo",20,"Tabela 44 - Área colhida (Hectares), Quantidade Produzida (Toneladas) e Valor (Mil Reais) da Produção por Tipo de Lavoura Temporária - 2024 ri baixo","..\..\Desktop\tabelas-powerBI\3 Baixo Amazonas\Tabela 44 - Área colhida (Hectares), Quantidade Produzida (Toneladas) e Valor (Mil Reais) da Produção por Tipo de Lavoura Temporária - 2024 ri baixo.xlsx",Baixo Amazonas,70569,6341.0
Óbidos,15,12,17,-,-,-,-,-,-,3 Baixo Amazonas,44,"Área colhida (Hectares), Quantidade Produzida (Toneladas) e Valor (Mil Reais) da Produção por Tipo de Lavoura Temporária - 2024 ri baixo",20,"Tabela 44 - Área colhida (Hectares), Quantidade Produzida (Toneladas) e Valor (Mil Reais) da Produção por Tipo de Lavoura Temporária - 2024 ri baixo","..\..\Desktop\tabelas-powerBI\3 Baixo Amazonas\Tabela 44 - Área colhida (Hectares), Quantidade Produzida (Toneladas) e Valor (Mil Reais) da Produção por Tipo de Lavoura Temporária - 2024 ri baixo.xlsx",Baixo Amazonas,70569,73.0
Oriximiná,10,8,11,-,-,-,-,-,-,3 Baixo Amazonas,44,"Área colhida (Hectares), Quantidade Produzida (Toneladas) e Valor (Mil Reais) da Produção por Tipo de Lavoura Temporária - 2024 ri baixo",20,"Tabela 44 - Área colhida (Hectares), Quantidade Produzida (Toneladas) e Valor (Mil Reais) da Produção por Tipo de Lavoura Temporária - 2024 ri baixo","..\..\Desktop\tabelas-powerBI\3 Baixo Amazonas\Tabela 44 - Área colhida (Hectares), Quantidade Produzida (Toneladas) e Valor (Mil Reais) da Produção por Tipo de Lavoura Temporária - 2024 ri baixo.xlsx",Baixo Amazonas,70569,215.0
Prainha,2000,1520,2432,-,-,-,-,-,-,3 Baixo Amazonas,44,"Área colhida (Hectares), Quantidade Produzida (Toneladas) e Valor (Mil Reais) da Produção por Tipo de Lavoura Temporária - 2024 ri baixo",20,"Tabela 44 - Área colhida (Hectares), Quantidade Produzida (Toneladas) e Valor (Mil Reais) da Produção por Tipo de Lavoura Temporária - 2024 ri baixo","..\..\Desktop\tabelas-powerBI\3 Baixo Amazonas\Tabela 44 - Área colhida (Hectares), Quantidade Produzida (Toneladas) e Valor (Mil Reais) da Produção por Tipo de Lavoura Temporária - 2024 ri baixo.xlsx",Baixo Amazonas,70569,
Santarém,700,1890,1852,30000,84600,164970,10,200,800,3 Baixo Amazonas,44,"Área colhida (Hectares), Quantidade Produzida (Toneladas) e Valor (Mil Reais) da Produção por Tipo de Lavoura Temporária - 2024 ri baixo",20,"Tabela 44 - Área colhida (Hectares), Quantidade Produzida (Toneladas) e Valor (Mil Reais) da Produção por Tipo de Lavoura Temporária - 2024 ri baixo","..\..\Desktop\tabelas-powerBI\3 Baixo Amazonas\Tabela 44 - Área colhida (Hectares), Quantidade Produzida (Toneladas) e Valor (Mil Reais) da Produção por Tipo de Lavoura Temporária - 2024 ri baixo.xlsx",Baixo Amazonas,70569,284.0
Terra Santa,-,-,-,-,-,-,-,-,-,3 Baixo Amazonas,44,"Área colhida (Hectares), Quantidade Produzida (Toneladas) e Valor (Mil Reais) da Produção por Tipo de Lavoura Temporária - 2024 ri baixo",20,"Tabela 44 - Área colhida (Hectares), Quantidade Produzida (Toneladas) e Valor (Mil Reais) da Produção por Tipo de Lavoura Temporária - 2024 ri baixo","..\..\Desktop\tabelas-powerBI\3 Baixo Amazonas\Tabela 44 - Área colhida (Hectares), Quantidade Produzida (Toneladas) e Valor (Mil Reais) da Produção por Tipo de Lavoura Temporária - 2024 ri baixo.xlsx",Baixo Amazonas,70569,5.0
Fonte: IBGE/PAM,,,,,,,,,,3 Baixo Amazonas,44,"Área colhida (Hectares), Quantidade Produzida (Toneladas) e Valor (Mil Reais) da Produção por Tipo de Lavoura Temporária - 2024 ri baixo",20,"Tabela 44 - Área colhida (Hectares), Quantidade Produzida (Toneladas) e Valor (Mil Reais) da Produção por Tipo de Lavoura Temporária - 2024 ri baixo","..\..\Desktop\tabelas-powerBI\3 Baixo Amazonas\Tabela 44 - Área colhida (Hectares), Quantidade Produzida (Toneladas) e Valor (Mil Reais) da Produção por Tipo de Lavoura Temporária - 2024 ri baixo.xlsx",Baixo Amazonas,70569,
Elaboração: FAPESPA,,,,,,,,,,3 Baixo Amazonas,44,"Área colhida (Hectares), Quantidade Produzida (Toneladas) e Valor (Mil Reais) da Produção por Tipo de Lavoura Temporária - 2024 ri baixo",20,"Tabela 44 - Área colhida (Hectares), Quantidade Produzida (Toneladas) e Valor (Mil Reais) da Produção por Tipo de Lavoura Temporária - 2024 ri baixo","..\..\Desktop\tabelas-powerBI\3 Baixo Amazonas\Tabela 44 - Área colhida (Hectares), Quantidade Produzida (Toneladas) e Valor (Mil Reais) da Produção por Tipo de Lavoura Temporária - 2024 ri baixo.xlsx",Baixo Amazonas,70569,
Nota: A quantidade produzida de abacaxi é expressa em mil frutos,,,,,,,,,,3 Baixo Amazonas,44,"Área colhida (Hectares), Quantidade Produzida (Toneladas) e Valor (Mil Reais) da Produção por Tipo de Lavoura Temporária - 2024 ri baixo",20,"Tabela 44 - Área colhida (Hectares), Quantidade Produzida (Toneladas) e Valor (Mil Reais) da Produção por Tipo de Lavoura Temporária - 2024 ri baixo","..\..\Desktop\tabelas-powerBI\3 Baixo Amazonas\Tabela 44 - Área colhida (Hectares), Quantidade Produzida (Toneladas) e Valor (Mil Reais) da Produção por Tipo de Lavoura Temporária - 2024 ri baixo.xlsx",Baixo Amazonas,70569,
RI Baixo Amazonas,4458,8000,13416,118900,351174,698019,54,1164,5040,3 Baixo Amazonas,44,"Área colhida (Hectares), Quantidade Produzida (Toneladas) e Valor (Mil Reais) da Produção por Tipo de Lavoura Temporária - 2024 ri baixo",20,"Tabela 44 - Área colhida (Hectares), Quantidade Produzida (Toneladas) e Valor (Mil Reais) da Produção por Tipo de Lavoura Temporária - 2024 ri baixo","..\..\Desktop\tabelas-powerBI\3 Baixo Amazonas\Tabela 44 - Área colhida (Hectares), Quantidade Produzida (Toneladas) e Valor (Mil Reais) da Produção por Tipo de Lavoura Temporária - 2024 ri baixo.xlsx",Baixo Amazonas,266576,50472.0
Alenquer,30,50,90,-,-,-,2,40,160,3 Baixo Amazonas,44,"Área colhida (Hectares), Quantidade Produzida (Toneladas) e Valor (Mil Reais) da Produção por Tipo de Lavoura Temporária - 2024 ri baixo",20,"Tabela 44 - Área colhida (Hectares), Quantidade Produzida (Toneladas) e Valor (Mil Reais) da Produção por Tipo de Lavoura Temporária - 2024 ri baixo","..\..\Desktop\tabelas-powerBI\3 Baixo Amazonas\Tabela 44 - Área colhida (Hectares), Quantidade Produzida (Toneladas) e Valor (Mil Reais) da Produção por Tipo de Lavoura Temporária - 2024 ri baixo.xlsx",Baixo Amazonas,266576,11000.0
Almeirim,-,-,-,-,-,-,-,-,-,3 Baixo Amazonas,44,"Área colhida (Hectares), Quantidade Produzida (Toneladas) e Valor (Mil Reais) da Produção por Tipo de Lavoura Temporária - 2024 ri baixo",20,"Tabela 44 - Área colhida (Hectares), Quantidade Produzida (Toneladas) e Valor (Mil Reais) da Produção por Tipo de Lavoura Temporária - 2024 ri baixo","..\..\Desktop\tabelas-powerBI\3 Baixo Amazonas\Tabela 44 - Área colhida (Hectares), Quantidade Produzida (Toneladas) e Valor (Mil Reais) da Produção por Tipo de Lavoura Temporária - 2024 ri baixo.xlsx",Baixo Amazonas,266576,180.0
Belterra,189,510,1020,29400,88200,176400,2,24,120,3 Baixo Amazonas,44,"Área colhida (Hectares), Quantidade Produzida (Toneladas) e Valor (Mil Reais) da Produção por Tipo de Lavoura Temporária - 2024 ri baixo",20,"Tabela 44 - Área colhida (Hectares), Quantidade Produzida (Toneladas) e Valor (Mil Reais) da Produção por Tipo de Lavoura Temporária - 2024 ri baixo","..\..\Desktop\tabelas-powerBI\3 Baixo Amazonas\Tabela 44 - Área colhida (Hectares), Quantidade Produzida (Toneladas) e Valor (Mil Reais) da Produção por Tipo de Lavoura Temporária - 2024 ri baixo.xlsx",Baixo Amazonas,266576,1200.0
Curuá,3,2,4,-,-,-,-,-,-,3 Baixo Amazonas,44,"Área colhida (Hectares), Quantidade Produzida (Toneladas) e Valor (Mil Reais) da Produção por Tipo de Lavoura Temporária - 2024 ri baixo",20,"Tabela 44 - Área colhida (Hectares), Quantidade Produzida (Toneladas) e Valor (Mil Reais) da Produção por Tipo de Lavoura Temporária - 2024 ri baixo","..\..\Desktop\tabelas-powerBI\3 Baixo Amazonas\Tabela 44 - Área colhida (Hectares), Quantidade Produzida (Toneladas) e Valor (Mil Reais) da Produção por Tipo de Lavoura Temporária - 2024 ri baixo.xlsx",Baixo Amazonas,266576,65.0
Faro,-,-,-,-,-,-,-,-,-,3 Baixo Amazonas,44,"Área colhida (Hectares), Quantidade Produzida (Toneladas) e Valor (Mil Reais) da Produção por Tipo de Lavoura Temporária - 2024 ri baixo",20,"Tabela 44 - Área colhida (Hectares), Quantidade Produzida (Toneladas) e Valor (Mil Reais) da Produção por Tipo de Lavoura Temporária - 2024 ri baixo","..\..\Desktop\tabelas-powerBI\3 Baixo Amazonas\Tabela 44 - Área colhida (Hectares), Quantidade Produzida (Toneladas) e Valor (Mil Reais) da Produção por Tipo de Lavoura Temporária - 2024 ri baixo.xlsx",Baixo Amazonas,266576,72.0
Juruti,-,-,-,-,-,-,-,-,-,3 Baixo Amazonas,44,"Área colhida (Hectares), Quantidade Produzida (Toneladas) e Valor (Mil Reais) da Produção por Tipo de Lavoura Temporária - 2024 ri baixo",20,"Tabela 44 - Área colhida (Hectares), Quantidade Produzida (Toneladas) e Valor (Mil Reais) da Produção por Tipo de Lavoura Temporária - 2024 ri baixo","..\..\Desktop\tabelas-powerBI\3 Baixo Amazonas\Tabela 44 - Área colhida (Hectares), Quantidade Produzida (Toneladas) e Valor (Mil Reais) da Produção por Tipo de Lavoura Temporária - 2024 ri baixo.xlsx",Baixo Amazonas,266576,4600.0
Mojuí dos Campos,1431,3864,7728,58800,176400,352800,-,-,-,3 Baixo Amazonas,44,"Área colhida (Hectares), Quantidade Produzida (Toneladas) e Valor (Mil Reais) da Produção por Tipo de Lavoura Temporária - 2024 ri baixo",20,"Tabela 44 - Área colhida (Hectares), Quantidade Produzida (Toneladas) e Valor (Mil Reais) da Produção por Tipo de Lavoura Temporária - 2024 ri baixo","..\..\Desktop\tabelas-powerBI\3 Baixo Amazonas\Tabela 44 - Área colhida (Hectares), Quantidade Produzida (Toneladas) e Valor (Mil Reais) da Produção por Tipo de Lavoura Temporária - 2024 ri baixo.xlsx",Baixo Amazonas,266576,1400.0
Monte Alegre,80,144,262,700,1974,3849,40,900,3960,3 Baixo Amazonas,44,"Área colhida (Hectares), Quantidade Produzida (Toneladas) e Valor (Mil Reais) da Produção por Tipo de Lavoura Temporária - 2024 ri baixo",20,"Tabela 44 - Área colhida (Hectares), Quantidade Produzida (Toneladas) e Valor (Mil Reais) da Produção por Tipo de Lavoura Temporária - 2024 ri baixo","..\..\Desktop\tabelas-powerBI\3 Baixo Amazonas\Tabela 44 - Área colhida (Hectares), Quantidade Produzida (Toneladas) e Valor (Mil Reais) da Produção por Tipo de Lavoura Temporária - 2024 ri baixo.xlsx",Baixo Amazonas,266576,6000.0
Óbidos,15,12,17,-,-,-,-,-,-,3 Baixo Amazonas,44,"Área colhida (Hectares), Quantidade Produzida (Toneladas) e Valor (Mil Reais) da Produção por Tipo de Lavoura Temporária - 2024 ri baixo",20,"Tabela 44 - Área colhida (Hectares), Quantidade Produzida (Toneladas) e Valor (Mil Reais) da Produção por Tipo de Lavoura Temporária - 2024 ri baixo","..\..\Desktop\tabelas-powerBI\3 Baixo Amazonas\Tabela 44 - Área colhida (Hectares), Quantidade Produzida (Toneladas) e Valor (Mil Reais) da Produção por Tipo de Lavoura Temporária - 2024 ri baixo.xlsx",Baixo Amazonas,266576,7500.0
Oriximiná,10,8,11,-,-,-,-,-,-,3 Baixo Amazonas,44,"Área colhida (Hectares), Quantidade Produzida (Toneladas) e Valor (Mil Reais) da Produção por Tipo de Lavoura Temporária - 2024 ri baixo",20,"Tabela 44 - Área colhida (Hectares), Quantidade Produzida (Toneladas) e Valor (Mil Reais) da Produção por Tipo de Lavoura Temporária - 2024 ri baixo","..\..\Desktop\tabelas-powerBI\3 Baixo Amazonas\Tabela 44 - Área colhida (Hectares), Quantidade Produzida (Toneladas) e Valor (Mil Reais) da Produção por Tipo de Lavoura Temporária - 2024 ri baixo.xlsx",Baixo Amazonas,266576,12600.0
Prainha,2000,1520,2432,-,-,-,-,-,-,3 Baixo Amazonas,44,"Área colhida (Hectares), Quantidade Produzida (Toneladas) e Valor (Mil Reais) da Produção por Tipo de Lavoura Temporária - 2024 ri baixo",20,"Tabela 44 - Área colhida (Hectares), Quantidade Produzida (Toneladas) e Valor (Mil Reais) da Produção por Tipo de Lavoura Temporária - 2024 ri baixo","..\..\Desktop\tabelas-powerBI\3 Baixo Amazonas\Tabela 44 - Área colhida (Hectares), Quantidade Produzida (Toneladas) e Valor (Mil Reais) da Produção por Tipo de Lavoura Temporária - 2024 ri baixo.xlsx",Baixo Amazonas,266576,1800.0
Santarém,700,1890,1852,30000,84600,164970,10,200,800,3 Baixo Amazonas,44,"Área colhida (Hectares), Quantidade Produzida (Toneladas) e Valor (Mil Reais) da Produção por Tipo de Lavoura Temporária - 2024 ri baixo",20,"Tabela 44 - Área colhida (Hectares), Quantidade Produzida (Toneladas) e Valor (Mil Reais) da Produção por Tipo de Lavoura Temporária - 2024 ri baixo","..\..\Desktop\tabelas-powerBI\3 Baixo Amazonas\Tabela 44 - Área colhida (Hectares), Quantidade Produzida (Toneladas) e Valor (Mil Reais) da Produção por Tipo de Lavoura Temporária - 2024 ri baixo.xlsx",Baixo Amazonas,266576,4000.0
Terra Santa,-,-,-,-,-,-,-,-,-,3 Baixo Amazonas,44,"Área colhida (Hectares), Quantidade Produzida (Toneladas) e Valor (Mil Reais) da Produção por Tipo de Lavoura Temporária - 2024 ri baixo",20,"Tabela 44 - Área colhida (Hectares), Quantidade Produzida (Toneladas) e Valor (Mil Reais) da Produção por Tipo de Lavoura Temporária - 2024 ri baixo","..\..\Desktop\tabelas-powerBI\3 Baixo Amazonas\Tabela 44 - Área colhida (Hectares), Quantidade Produzida (Toneladas) e Valor (Mil Reais) da Produção por Tipo de Lavoura Temporária - 2024 ri baixo.xlsx",Baixo Amazonas,266576,55.0
Fonte: IBGE/PAM,,,,,,,,,,3 Baixo Amazonas,44,"Área colhida (Hectares), Quantidade Produzida (Toneladas) e Valor (Mil Reais) da Produção por Tipo de Lavoura Temporária - 2024 ri baixo",20,"Tabela 44 - Área colhida (Hectares), Quantidade Produzida (Toneladas) e Valor (Mil Reais) da Produção por Tipo de Lavoura Temporária - 2024 ri baixo","..\..\Desktop\tabelas-powerBI\3 Baixo Amazonas\Tabela 44 - Área colhida (Hectares), Quantidade Produzida (Toneladas) e Valor (Mil Reais) da Produção por Tipo de Lavoura Temporária - 2024 ri baixo.xlsx",Baixo Amazonas,266576,
Elaboração: FAPESPA,,,,,,,,,,3 Baixo Amazonas,44,"Área colhida (Hectares), Quantidade Produzida (Toneladas) e Valor (Mil Reais) da Produção por Tipo de Lavoura Temporária - 2024 ri baixo",20,"Tabela 44 - Área colhida (Hectares), Quantidade Produzida (Toneladas) e Valor (Mil Reais) da Produção por Tipo de Lavoura Temporária - 2024 ri baixo","..\..\Desktop\tabelas-powerBI\3 Baixo Amazonas\Tabela 44 - Área colhida (Hectares), Quantidade Produzida (Toneladas) e Valor (Mil Reais) da Produção por Tipo de Lavoura Temporária - 2024 ri baixo.xlsx",Baixo Amazonas,266576,
Nota: A quantidade produzida de abacaxi é expressa em mil frutos,,,,,,,,,,3 Baixo Amazonas,44,"Área colhida (Hectares), Quantidade Produzida (Toneladas) e Valor (Mil Reais) da Produção por Tipo de Lavoura Temporária - 2024 ri baixo",20,"Tabela 44 - Área colhida (Hectares), Quantidade Produzida (Toneladas) e Valor (Mil Reais) da Produção por Tipo de Lavoura Temporária - 2024 ri baixo","..\..\Desktop\tabelas-powerBI\3 Baixo Amazonas\Tabela 44 - Área colhida (Hectares), Quantidade Produzida (Toneladas) e Valor (Mil Reais) da Produção por Tipo de Lavoura Temporária - 2024 ri baixo.xlsx",Baixo Amazonas,266576,
RI Baixo Amazonas,4458,8000,13416,118900,351174,698019,54,1164,5040,3 Baixo Amazonas,44,"Área colhida (Hectares), Quantidade Produzida (Toneladas) e Valor (Mil Reais) da Produção por Tipo de Lavoura Temporária - 2024 ri baixo",20,"Tabela 44 - Área colhida (Hectares), Quantidade Produzida (Toneladas) e Valor (Mil Reais) da Produção por Tipo de Lavoura Temporária - 2024 ri baixo","..\..\Desktop\tabelas-powerBI\3 Baixo Amazonas\Tabela 44 - Área colhida (Hectares), Quantidade Produzida (Toneladas) e Valor (Mil Reais) da Produção por Tipo de Lavoura Temporária - 2024 ri baixo.xlsx",Baixo Amazonas,3966227,694126.0
Alenquer,30,50,90,-,-,-,2,40,160,3 Baixo Amazonas,44,"Área colhida (Hectares), Quantidade Produzida (Toneladas) e Valor (Mil Reais) da Produção por Tipo de Lavoura Temporária - 2024 ri baixo",20,"Tabela 44 - Área colhida (Hectares), Quantidade Produzida (Toneladas) e Valor (Mil Reais) da Produção por Tipo de Lavoura Temporária - 2024 ri baixo","..\..\Desktop\tabelas-powerBI\3 Baixo Amazonas\Tabela 44 - Área colhida (Hectares), Quantidade Produzida (Toneladas) e Valor (Mil Reais) da Produção por Tipo de Lavoura Temporária - 2024 ri baixo.xlsx",Baixo Amazonas,3966227,220000.0
Almeirim,-,-,-,-,-,-,-,-,-,3 Baixo Amazonas,44,"Área colhida (Hectares), Quantidade Produzida (Toneladas) e Valor (Mil Reais) da Produção por Tipo de Lavoura Temporária - 2024 ri baixo",20,"Tabela 44 - Área colhida (Hectares), Quantidade Produzida (Toneladas) e Valor (Mil Reais) da Produção por Tipo de Lavoura Temporária - 2024 ri baixo","..\..\Desktop\tabelas-powerBI\3 Baixo Amazonas\Tabela 44 - Área colhida (Hectares), Quantidade Produzida (Toneladas) e Valor (Mil Reais) da Produção por Tipo de Lavoura Temporária - 2024 ri baixo.xlsx",Baixo Amazonas,3966227,2160.0
Belterra,189,510,1020,29400,88200,176400,2,24,120,3 Baixo Amazonas,44,"Área colhida (Hectares), Quantidade Produzida (Toneladas) e Valor (Mil Reais) da Produção por Tipo de Lavoura Temporária - 2024 ri baixo",20,"Tabela 44 - Área colhida (Hectares), Quantidade Produzida (Toneladas) e Valor (Mil Reais) da Produção por Tipo de Lavoura Temporária - 2024 ri baixo","..\..\Desktop\tabelas-powerBI\3 Baixo Amazonas\Tabela 44 - Área colhida (Hectares), Quantidade Produzida (Toneladas) e Valor (Mil Reais) da Produção por Tipo de Lavoura Temporária - 2024 ri baixo.xlsx",Baixo Amazonas,3966227,16800.0
Curuá,3,2,4,-,-,-,-,-,-,3 Baixo Amazonas,44,"Área colhida (Hectares), Quantidade Produzida (Toneladas) e Valor (Mil Reais) da Produção por Tipo de Lavoura Temporária - 2024 ri baixo",20,"Tabela 44 - Área colhida (Hectares), Quantidade Produzida (Toneladas) e Valor (Mil Reais) da Produção por Tipo de Lavoura Temporária - 2024 ri baixo","..\..\Desktop\tabelas-powerBI\3 Baixo Amazonas\Tabela 44 - Área colhida (Hectares), Quantidade Produzida (Toneladas) e Valor (Mil Reais) da Produção por Tipo de Lavoura Temporária - 2024 ri baixo.xlsx",Baixo Amazonas,3966227,650.0
Faro,-,-,-,-,-,-,-,-,-,3 Baixo Amazonas,44,"Área colhida (Hectares), Quantidade Produzida (Toneladas) e Valor (Mil Reais) da Produção por Tipo de Lavoura Temporária - 2024 ri baixo",20,"Tabela 44 - Área colhida (Hectares), Quantidade Produzida (Toneladas) e Valor (Mil Reais) da Produção por Tipo de Lavoura Temporária - 2024 ri baixo","..\..\Desktop\tabelas-powerBI\3 Baixo Amazonas\Tabela 44 - Área colhida (Hectares), Quantidade Produzida (Toneladas) e Valor (Mil Reais) da Produção por Tipo de Lavoura Temporária - 2024 ri baixo.xlsx",Baixo Amazonas,3966227,716.0
Juruti,-,-,-,-,-,-,-,-,-,3 Baixo Amazonas,44,"Área colhida (Hectares), Quantidade Produzida (Toneladas) e Valor (Mil Reais) da Produção por Tipo de Lavoura Temporária - 2024 ri baixo",20,"Tabela 44 - Área colhida (Hectares), Quantidade Produzida (Toneladas) e Valor (Mil Reais) da Produção por Tipo de Lavoura Temporária - 2024 ri baixo","..\..\Desktop\tabelas-powerBI\3 Baixo Amazonas\Tabela 44 - Área colhida (Hectares), Quantidade Produzida (Toneladas) e Valor (Mil Reais) da Produção por Tipo de Lavoura Temporária - 2024 ri baixo.xlsx",Baixo Amazonas,3966227,55200.0
Mojuí dos Campos,1431,3864,7728,58800,176400,352800,-,-,-,3 Baixo Amazonas,44,"Área colhida (Hectares), Quantidade Produzida (Toneladas) e Valor (Mil Reais) da Produção por Tipo de Lavoura Temporária - 2024 ri baixo",20,"Tabela 44 - Área colhida (Hectares), Quantidade Produzida (Toneladas) e Valor (Mil Reais) da Produção por Tipo de Lavoura Temporária - 2024 ri baixo","..\..\Desktop\tabelas-powerBI\3 Baixo Amazonas\Tabela 44 - Área colhida (Hectares), Quantidade Produzida (Toneladas) e Valor (Mil Reais) da Produção por Tipo de Lavoura Temporária - 2024 ri baixo.xlsx",Baixo Amazonas,3966227,13440.0
Monte Alegre,80,144,262,700,1974,3849,40,900,3960,3 Baixo Amazonas,44,"Área colhida (Hectares), Quantidade Produzida (Toneladas) e Valor (Mil Reais) da Produção por Tipo de Lavoura Temporária - 2024 ri baixo",20,"Tabela 44 - Área colhida (Hectares), Quantidade Produzida (Toneladas) e Valor (Mil Reais) da Produção por Tipo de Lavoura Temporária - 2024 ri baixo","..\..\Desktop\tabelas-powerBI\3 Baixo Amazonas\Tabela 44 - Área colhida (Hectares), Quantidade Produzida (Toneladas) e Valor (Mil Reais) da Produção por Tipo de Lavoura Temporária - 2024 ri baixo.xlsx",Baixo Amazonas,3966227,90000.0
Óbidos,15,12,17,-,-,-,-,-,-,3 Baixo Amazonas,44,"Área colhida (Hectares), Quantidade Produzida (Toneladas) e Valor (Mil Reais) da Produção por Tipo de Lavoura Temporária - 2024 ri baixo",20,"Tabela 44 - Área colhida (Hectares), Quantidade Produzida (Toneladas) e Valor (Mil Reais) da Produção por Tipo de Lavoura Temporária - 2024 ri baixo","..\..\Desktop\tabelas-powerBI\3 Baixo Amazonas\Tabela 44 - Área colhida (Hectares), Quantidade Produzida (Toneladas) e Valor (Mil Reais) da Produção por Tipo de Lavoura Temporária - 2024 ri baixo.xlsx",Baixo Amazonas,3966227,97500.0
Oriximiná,10,8,11,-,-,-,-,-,-,3 Baixo Amazonas,44,"Área colhida (Hectares), Quantidade Produzida (Toneladas) e Valor (Mil Reais) da Produção por Tipo de Lavoura Temporária - 2024 ri baixo",20,"Tabela 44 - Área colhida (Hectares), Quantidade Produzida (Toneladas) e Valor (Mil Reais) da Produção por Tipo de Lavoura Temporária - 2024 ri baixo","..\..\Desktop\tabelas-powerBI\3 Baixo Amazonas\Tabela 44 - Área colhida (Hectares), Quantidade Produzida (Toneladas) e Valor (Mil Reais) da Produção por Tipo de Lavoura Temporária - 2024 ri baixo.xlsx",Baixo Amazonas,3966227,126000.0
Prainha,2000,1520,2432,-,-,-,-,-,-,3 Baixo Amazonas,44,"Área colhida (Hectares), Quantidade Produzida (Toneladas) e Valor (Mil Reais) da Produção por Tipo de Lavoura Temporária - 2024 ri baixo",20,"Tabela 44 - Área colhida (Hectares), Quantidade Produzida (Toneladas) e Valor (Mil Reais) da Produção por Tipo de Lavoura Temporária - 2024 ri baixo","..\..\Desktop\tabelas-powerBI\3 Baixo Amazonas\Tabela 44 - Área colhida (Hectares), Quantidade Produzida (Toneladas) e Valor (Mil Reais) da Produção por Tipo de Lavoura Temporária - 2024 ri baixo.xlsx",Baixo Amazonas,3966227,27000.0
Santarém,700,1890,1852,30000,84600,164970,10,200,800,3 Baixo Amazonas,44,"Área colhida (Hectares), Quantidade Produzida (Toneladas) e Valor (Mil Reais) da Produção por Tipo de Lavoura Temporária - 2024 ri baixo",20,"Tabela 44 - Área colhida (Hectares), Quantidade Produzida (Toneladas) e Valor (Mil Reais) da Produção por Tipo de Lavoura Temporária - 2024 ri baixo","..\..\Desktop\tabelas-powerBI\3 Baixo Amazonas\Tabela 44 - Área colhida (Hectares), Quantidade Produzida (Toneladas) e Valor (Mil Reais) da Produção por Tipo de Lavoura Temporária - 2024 ri baixo.xlsx",Baixo Amazonas,3966227,44000.0
Terra Santa,-,-,-,-,-,-,-,-,-,3 Baixo Amazonas,44,"Área colhida (Hectares), Quantidade Produzida (Toneladas) e Valor (Mil Reais) da Produção por Tipo de Lavoura Temporária - 2024 ri baixo",20,"Tabela 44 - Área colhida (Hectares), Quantidade Produzida (Toneladas) e Valor (Mil Reais) da Produção por Tipo de Lavoura Temporária - 2024 ri baixo","..\..\Desktop\tabelas-powerBI\3 Baixo Amazonas\Tabela 44 - Área colhida (Hectares), Quantidade Produzida (Toneladas) e Valor (Mil Reais) da Produção por Tipo de Lavoura Temporária - 2024 ri baixo.xlsx",Baixo Amazonas,3966227,660.0
Fonte: IBGE/PAM,,,,,,,,,,3 Baixo Amazonas,44,"Área colhida (Hectares), Quantidade Produzida (Toneladas) e Valor (Mil Reais) da Produção por Tipo de Lavoura Temporária - 2024 ri baixo",20,"Tabela 44 - Área colhida (Hectares), Quantidade Produzida (Toneladas) e Valor (Mil Reais) da Produção por Tipo de Lavoura Temporária - 2024 ri baixo","..\..\Desktop\tabelas-powerBI\3 Baixo Amazonas\Tabela 44 - Área colhida (Hectares), Quantidade Produzida (Toneladas) e Valor (Mil Reais) da Produção por Tipo de Lavoura Temporária - 2024 ri baixo.xlsx",Baixo Amazonas,3966227,
Elaboração: FAPESPA,,,,,,,,,,3 Baixo Amazonas,44,"Área colhida (Hectares), Quantidade Produzida (Toneladas) e Valor (Mil Reais) da Produção por Tipo de Lavoura Temporária - 2024 ri baixo",20,"Tabela 44 - Área colhida (Hectares), Quantidade Produzida (Toneladas) e Valor (Mil Reais) da Produção por Tipo de Lavoura Temporária - 2024 ri baixo","..\..\Desktop\tabelas-powerBI\3 Baixo Amazonas\Tabela 44 - Área colhida (Hectares), Quantidade Produzida (Toneladas) e Valor (Mil Reais) da Produção por Tipo de Lavoura Temporária - 2024 ri baixo.xlsx",Baixo Amazonas,3966227,
Nota: A quantidade produzida de abacaxi é expressa em mil frutos,,,,,,,,,,3 Baixo Amazonas,44,"Área colhida (Hectares), Quantidade Produzida (Toneladas) e Valor (Mil Reais) da Produção por Tipo de Lavoura Temporária - 2024 ri baixo",20,"Tabela 44 - Área colhida (Hectares), Quantidade Produzida (Toneladas) e Valor (Mil Reais) da Produção por Tipo de Lavoura Temporária - 2024 ri baixo","..\..\Desktop\tabelas-powerBI\3 Baixo Amazonas\Tabela 44 - Área colhida (Hectares), Quantidade Produzida (Toneladas) e Valor (Mil Reais) da Produção por Tipo de Lavoura Temporária - 2024 ri baixo.xlsx",Baixo Amazonas,3966227,
RI Baixo Amazonas,4458,8000,13416,118900,351174,698019,54,1164,5040,3 Baixo Amazonas,44,"Área colhida (Hectares), Quantidade Produzida (Toneladas) e Valor (Mil Reais) da Produção por Tipo de Lavoura Temporária - 2024 ri baixo",20,"Tabela 44 - Área colhida (Hectares), Quantidade Produzida (Toneladas) e Valor (Mil Reais) da Produção por Tipo de Lavoura Temporária - 2024 ri baixo","..\..\Desktop\tabelas-powerBI\3 Baixo Amazonas\Tabela 44 - Área colhida (Hectares), Quantidade Produzida (Toneladas) e Valor (Mil Reais) da Produção por Tipo de Lavoura Temporária - 2024 ri baixo.xlsx",Baixo Amazonas,4640906,1200981.0
Alenquer,30,50,90,-,-,-,2,40,160,3 Baixo Amazonas,44,"Área colhida (Hectares), Quantidade Produzida (Toneladas) e Valor (Mil Reais) da Produção por Tipo de Lavoura Temporária - 2024 ri baixo",20,"Tabela 44 - Área colhida (Hectares), Quantidade Produzida (Toneladas) e Valor (Mil Reais) da Produção por Tipo de Lavoura Temporária - 2024 ri baixo","..\..\Desktop\tabelas-powerBI\3 Baixo Amazonas\Tabela 44 - Área colhida (Hectares), Quantidade Produzida (Toneladas) e Valor (Mil Reais) da Produção por Tipo de Lavoura Temporária - 2024 ri baixo.xlsx",Baixo Amazonas,4640906,396000.0
Almeirim,-,-,-,-,-,-,-,-,-,3 Baixo Amazonas,44,"Área colhida (Hectares), Quantidade Produzida (Toneladas) e Valor (Mil Reais) da Produção por Tipo de Lavoura Temporária - 2024 ri baixo",20,"Tabela 44 - Área colhida (Hectares), Quantidade Produzida (Toneladas) e Valor (Mil Reais) da Produção por Tipo de Lavoura Temporária - 2024 ri baixo","..\..\Desktop\tabelas-powerBI\3 Baixo Amazonas\Tabela 44 - Área colhida (Hectares), Quantidade Produzida (Toneladas) e Valor (Mil Reais) da Produção por Tipo de Lavoura Temporária - 2024 ri baixo.xlsx",Baixo Amazonas,4640906,3504.0
Belterra,189,510,1020,29400,88200,176400,2,24,120,3 Baixo Amazonas,44,"Área colhida (Hectares), Quantidade Produzida (Toneladas) e Valor (Mil Reais) da Produção por Tipo de Lavoura Temporária - 2024 ri baixo",20,"Tabela 44 - Área colhida (Hectares), Quantidade Produzida (Toneladas) e Valor (Mil Reais) da Produção por Tipo de Lavoura Temporária - 2024 ri baixo","..\..\Desktop\tabelas-powerBI\3 Baixo Amazonas\Tabela 44 - Área colhida (Hectares), Quantidade Produzida (Toneladas) e Valor (Mil Reais) da Produção por Tipo de Lavoura Temporária - 2024 ri baixo.xlsx",Baixo Amazonas,4640906,25200.0
Curuá,3,2,4,-,-,-,-,-,-,3 Baixo Amazonas,44,"Área colhida (Hectares), Quantidade Produzida (Toneladas) e Valor (Mil Reais) da Produção por Tipo de Lavoura Temporária - 2024 ri baixo",20,"Tabela 44 - Área colhida (Hectares), Quantidade Produzida (Toneladas) e Valor (Mil Reais) da Produção por Tipo de Lavoura Temporária - 2024 ri baixo","..\..\Desktop\tabelas-powerBI\3 Baixo Amazonas\Tabela 44 - Área colhida (Hectares), Quantidade Produzida (Toneladas) e Valor (Mil Reais) da Produção por Tipo de Lavoura Temporária - 2024 ri baixo.xlsx",Baixo Amazonas,4640906,624.0
Faro,-,-,-,-,-,-,-,-,-,3 Baixo Amazonas,44,"Área colhida (Hectares), Quantidade Produzida (Toneladas) e Valor (Mil Reais) da Produção por Tipo de Lavoura Temporária - 2024 ri baixo",20,"Tabela 44 - Área colhida (Hectares), Quantidade Produzida (Toneladas) e Valor (Mil Reais) da Produção por Tipo de Lavoura Temporária - 2024 ri baixo","..\..\Desktop\tabelas-powerBI\3 Baixo Amazonas\Tabela 44 - Área colhida (Hectares), Quantidade Produzida (Toneladas) e Valor (Mil Reais) da Produção por Tipo de Lavoura Temporária - 2024 ri baixo.xlsx",Baixo Amazonas,4640906,1644.0
Juruti,-,-,-,-,-,-,-,-,-,3 Baixo Amazonas,44,"Área colhida (Hectares), Quantidade Produzida (Toneladas) e Valor (Mil Reais) da Produção por Tipo de Lavoura Temporária - 2024 ri baixo",20,"Tabela 44 - Área colhida (Hectares), Quantidade Produzida (Toneladas) e Valor (Mil Reais) da Produção por Tipo de Lavoura Temporária - 2024 ri baixo","..\..\Desktop\tabelas-powerBI\3 Baixo Amazonas\Tabela 44 - Área colhida (Hectares), Quantidade Produzida (Toneladas) e Valor (Mil Reais) da Produção por Tipo de Lavoura Temporária - 2024 ri baixo.xlsx",Baixo Amazonas,4640906,144171.0
Mojuí dos Campos,1431,3864,7728,58800,176400,352800,-,-,-,3 Baixo Amazonas,44,"Área colhida (Hectares), Quantidade Produzida (Toneladas) e Valor (Mil Reais) da Produção por Tipo de Lavoura Temporária - 2024 ri baixo",20,"Tabela 44 - Área colhida (Hectares), Quantidade Produzida (Toneladas) e Valor (Mil Reais) da Produção por Tipo de Lavoura Temporária - 2024 ri baixo","..\..\Desktop\tabelas-powerBI\3 Baixo Amazonas\Tabela 44 - Área colhida (Hectares), Quantidade Produzida (Toneladas) e Valor (Mil Reais) da Produção por Tipo de Lavoura Temporária - 2024 ri baixo.xlsx",Baixo Amazonas,4640906,22122.0
Monte Alegre,80,144,262,700,1974,3849,40,900,3960,3 Baixo Amazonas,44,"Área colhida (Hectares), Quantidade Produzida (Toneladas) e Valor (Mil Reais) da Produção por Tipo de Lavoura Temporária - 2024 ri baixo",20,"Tabela 44 - Área colhida (Hectares), Quantidade Produzida (Toneladas) e Valor (Mil Reais) da Produção por Tipo de Lavoura Temporária - 2024 ri baixo","..\..\Desktop\tabelas-powerBI\3 Baixo Amazonas\Tabela 44 - Área colhida (Hectares), Quantidade Produzida (Toneladas) e Valor (Mil Reais) da Produção por Tipo de Lavoura Temporária - 2024 ri baixo.xlsx",Baixo Amazonas,4640906,165000.0
Óbidos,15,12,17,-,-,-,-,-,-,3 Baixo Amazonas,44,"Área colhida (Hectares), Quantidade Produzida (Toneladas) e Valor (Mil Reais) da Produção por Tipo de Lavoura Temporária - 2024 ri baixo",20,"Tabela 44 - Área colhida (Hectares), Quantidade Produzida (Toneladas) e Valor (Mil Reais) da Produção por Tipo de Lavoura Temporária - 2024 ri baixo","..\..\Desktop\tabelas-powerBI\3 Baixo Amazonas\Tabela 44 - Área colhida (Hectares), Quantidade Produzida (Toneladas) e Valor (Mil Reais) da Produção por Tipo de Lavoura Temporária - 2024 ri baixo.xlsx",Baixo Amazonas,4640906,203837.0
Oriximiná,10,8,11,-,-,-,-,-,-,3 Baixo Amazonas,44,"Área colhida (Hectares), Quantidade Produzida (Toneladas) e Valor (Mil Reais) da Produção por Tipo de Lavoura Temporária - 2024 ri baixo",20,"Tabela 44 - Área colhida (Hectares), Quantidade Produzida (Toneladas) e Valor (Mil Reais) da Produção por Tipo de Lavoura Temporária - 2024 ri baixo","..\..\Desktop\tabelas-powerBI\3 Baixo Amazonas\Tabela 44 - Área colhida (Hectares), Quantidade Produzida (Toneladas) e Valor (Mil Reais) da Produção por Tipo de Lavoura Temporária - 2024 ri baixo.xlsx",Baixo Amazonas,4640906,103879.0
Prainha,2000,1520,2432,-,-,-,-,-,-,3 Baixo Amazonas,44,"Área colhida (Hectares), Quantidade Produzida (Toneladas) e Valor (Mil Reais) da Produção por Tipo de Lavoura Temporária - 2024 ri baixo",20,"Tabela 44 - Área colhida (Hectares), Quantidade Produzida (Toneladas) e Valor (Mil Reais) da Produção por Tipo de Lavoura Temporária - 2024 ri baixo","..\..\Desktop\tabelas-powerBI\3 Baixo Amazonas\Tabela 44 - Área colhida (Hectares), Quantidade Produzida (Toneladas) e Valor (Mil Reais) da Produção por Tipo de Lavoura Temporária - 2024 ri baixo.xlsx",Baixo Amazonas,4640906,45360.0
Santarém,700,1890,1852,30000,84600,164970,10,200,800,3 Baixo Amazonas,44,"Área colhida (Hectares), Quantidade Produzida (Toneladas) e Valor (Mil Reais) da Produção por Tipo de Lavoura Temporária - 2024 ri baixo",20,"Tabela 44 - Área colhida (Hectares), Quantidade Produzida (Toneladas) e Valor (Mil Reais) da Produção por Tipo de Lavoura Temporária - 2024 ri baixo","..\..\Desktop\tabelas-powerBI\3 Baixo Amazonas\Tabela 44 - Área colhida (Hectares), Quantidade Produzida (Toneladas) e Valor (Mil Reais) da Produção por Tipo de Lavoura Temporária - 2024 ri baixo.xlsx",Baixo Amazonas,4640906,88000.0
Terra Santa,-,-,-,-,-,-,-,-,-,3 Baixo Amazonas,44,"Área colhida (Hectares), Quantidade Produzida (Toneladas) e Valor (Mil Reais) da Produção por Tipo de Lavoura Temporária - 2024 ri baixo",20,"Tabela 44 - Área colhida (Hectares), Quantidade Produzida (Toneladas) e Valor (Mil Reais) da Produção por Tipo de Lavoura Temporária - 2024 ri baixo","..\..\Desktop\tabelas-powerBI\3 Baixo Amazonas\Tabela 44 - Área colhida (Hectares), Quantidade Produzida (Toneladas) e Valor (Mil Reais) da Produção por Tipo de Lavoura Temporária - 2024 ri baixo.xlsx",Baixo Amazonas,4640906,1640.0
Fonte: IBGE/PAM,,,,,,,,,,3 Baixo Amazonas,44,"Área colhida (Hectares), Quantidade Produzida (Toneladas) e Valor (Mil Reais) da Produção por Tipo de Lavoura Temporária - 2024 ri baixo",20,"Tabela 44 - Área colhida (Hectares), Quantidade Produzida (Toneladas) e Valor (Mil Reais) da Produção por Tipo de Lavoura Temporária - 2024 ri baixo","..\..\Desktop\tabelas-powerBI\3 Baixo Amazonas\Tabela 44 - Área colhida (Hectares), Quantidade Produzida (Toneladas) e Valor (Mil Reais) da Produção por Tipo de Lavoura Temporária - 2024 ri baixo.xlsx",Baixo Amazonas,4640906,
Elaboração: FAPESPA,,,,,,,,,,3 Baixo Amazonas,44,"Área colhida (Hectares), Quantidade Produzida (Toneladas) e Valor (Mil Reais) da Produção por Tipo de Lavoura Temporária - 2024 ri baixo",20,"Tabela 44 - Área colhida (Hectares), Quantidade Produzida (Toneladas) e Valor (Mil Reais) da Produção por Tipo de Lavoura Temporária - 2024 ri baixo","..\..\Desktop\tabelas-powerBI\3 Baixo Amazonas\Tabela 44 - Área colhida (Hectares), Quantidade Produzida (Toneladas) e Valor (Mil Reais) da Produção por Tipo de Lavoura Temporária - 2024 ri baixo.xlsx",Baixo Amazonas,4640906,
Nota: A quantidade produzida de abacaxi é expressa em mil frutos,,,,,,,,,,3 Baixo Amazonas,44,"Área colhida (Hectares), Quantidade Produzida (Toneladas) e Valor (Mil Reais) da Produção por Tipo de Lavoura Temporária - 2024 ri baixo",20,"Tabela 44 - Área colhida (Hectares), Quantidade Produzida (Toneladas) e Valor (Mil Reais) da Produção por Tipo de Lavoura Temporária - 2024 ri baixo","..\..\Desktop\tabelas-powerBI\3 Baixo Amazonas\Tabela 44 - Área colhida (Hectares), Quantidade Produzida (Toneladas) e Valor (Mil Reais) da Produção por Tipo de Lavoura Temporária - 2024 ri baixo.xlsx",Baixo Amazonas,4640906,
RI Baixo Amazonas,4458,8000,13416,118900,351174,698019,54,1164,5040,3 Baixo Amazonas,44,"Área colhida (Hectares), Quantidade Produzida (Toneladas) e Valor (Mil Reais) da Produção por Tipo de Lavoura Temporária - 2024 ri baixo",20,"Tabela 44 - Área colhida (Hectares), Quantidade Produzida (Toneladas) e Valor (Mil Reais) da Produção por Tipo de Lavoura Temporária - 2024 ri baixo","..\..\Desktop\tabelas-powerBI\3 Baixo Amazonas\Tabela 44 - Área colhida (Hectares), Quantidade Produzida (Toneladas) e Valor (Mil Reais) da Produção por Tipo de Lavoura Temporária - 2024 ri baixo.xlsx",Baixo Amazonas,4610,934.0
Alenquer,30,50,90,-,-,-,2,40,160,3 Baixo Amazonas,44,"Área colhida (Hectares), Quantidade Produzida (Toneladas) e Valor (Mil Reais) da Produção por Tipo de Lavoura Temporária - 2024 ri baixo",20,"Tabela 44 - Área colhida (Hectares), Quantidade Produzida (Toneladas) e Valor (Mil Reais) da Produção por Tipo de Lavoura Temporária - 2024 ri baixo","..\..\Desktop\tabelas-powerBI\3 Baixo Amazonas\Tabela 44 - Área colhida (Hectares), Quantidade Produzida (Toneladas) e Valor (Mil Reais) da Produção por Tipo de Lavoura Temporária - 2024 ri baixo.xlsx",Baixo Amazonas,4610,90.0
Almeirim,-,-,-,-,-,-,-,-,-,3 Baixo Amazonas,44,"Área colhida (Hectares), Quantidade Produzida (Toneladas) e Valor (Mil Reais) da Produção por Tipo de Lavoura Temporária - 2024 ri baixo",20,"Tabela 44 - Área colhida (Hectares), Quantidade Produzida (Toneladas) e Valor (Mil Reais) da Produção por Tipo de Lavoura Temporária - 2024 ri baixo","..\..\Desktop\tabelas-powerBI\3 Baixo Amazonas\Tabela 44 - Área colhida (Hectares), Quantidade Produzida (Toneladas) e Valor (Mil Reais) da Produção por Tipo de Lavoura Temporária - 2024 ri baixo.xlsx",Baixo Amazonas,4610,8.0
Belterra,189,510,1020,29400,88200,176400,2,24,120,3 Baixo Amazonas,44,"Área colhida (Hectares), Quantidade Produzida (Toneladas) e Valor (Mil Reais) da Produção por Tipo de Lavoura Temporária - 2024 ri baixo",20,"Tabela 44 - Área colhida (Hectares), Quantidade Produzida (Toneladas) e Valor (Mil Reais) da Produção por Tipo de Lavoura Temporária - 2024 ri baixo","..\..\Desktop\tabelas-powerBI\3 Baixo Amazonas\Tabela 44 - Área colhida (Hectares), Quantidade Produzida (Toneladas) e Valor (Mil Reais) da Produção por Tipo de Lavoura Temporária - 2024 ri baixo.xlsx",Baixo Amazonas,4610,50.0
Curuá,3,2,4,-,-,-,-,-,-,3 Baixo Amazonas,44,"Área colhida (Hectares), Quantidade Produzida (Toneladas) e Valor (Mil Reais) da Produção por Tipo de Lavoura Temporária - 2024 ri baixo",20,"Tabela 44 - Área colhida (Hectares), Quantidade Produzida (Toneladas) e Valor (Mil Reais) da Produção por Tipo de Lavoura Temporária - 2024 ri baixo","..\..\Desktop\tabelas-powerBI\3 Baixo Amazonas\Tabela 44 - Área colhida (Hectares), Quantidade Produzida (Toneladas) e Valor (Mil Reais) da Produção por Tipo de Lavoura Temporária - 2024 ri baixo.xlsx",Baixo Amazonas,4610,90.0
Faro,-,-,-,-,-,-,-,-,-,3 Baixo Amazonas,44,"Área colhida (Hectares), Quantidade Produzida (Toneladas) e Valor (Mil Reais) da Produção por Tipo de Lavoura Temporária - 2024 ri baixo",20,"Tabela 44 - Área colhida (Hectares), Quantidade Produzida (Toneladas) e Valor (Mil Reais) da Produção por Tipo de Lavoura Temporária - 2024 ri baixo","..\..\Desktop\tabelas-powerBI\3 Baixo Amazonas\Tabela 44 - Área colhida (Hectares), Quantidade Produzida (Toneladas) e Valor (Mil Reais) da Produção por Tipo de Lavoura Temporária - 2024 ri baixo.xlsx",Baixo Amazonas,4610,1.0
Juruti,-,-,-,-,-,-,-,-,-,3 Baixo Amazonas,44,"Área colhida (Hectares), Quantidade Produzida (Toneladas) e Valor (Mil Reais) da Produção por Tipo de Lavoura Temporária - 2024 ri baixo",20,"Tabela 44 - Área colhida (Hectares), Quantidade Produzida (Toneladas) e Valor (Mil Reais) da Produção por Tipo de Lavoura Temporária - 2024 ri baixo","..\..\Desktop\tabelas-powerBI\3 Baixo Amazonas\Tabela 44 - Área colhida (Hectares), Quantidade Produzida (Toneladas) e Valor (Mil Reais) da Produção por Tipo de Lavoura Temporária - 2024 ri baixo.xlsx",Baixo Amazonas,4610,60.0
Mojuí dos Campos,1431,3864,7728,58800,176400,352800,-,-,-,3 Baixo Amazonas,44,"Área colhida (Hectares), Quantidade Produzida (Toneladas) e Valor (Mil Reais) da Produção por Tipo de Lavoura Temporária - 2024 ri baixo",20,"Tabela 44 - Área colhida (Hectares), Quantidade Produzida (Toneladas) e Valor (Mil Reais) da Produção por Tipo de Lavoura Temporária - 2024 ri baixo","..\..\Desktop\tabelas-powerBI\3 Baixo Amazonas\Tabela 44 - Área colhida (Hectares), Quantidade Produzida (Toneladas) e Valor (Mil Reais) da Produção por Tipo de Lavoura Temporária - 2024 ri baixo.xlsx",Baixo Amazonas,4610,80.0
Monte Alegre,80,144,262,700,1974,3849,40,900,3960,3 Baixo Amazonas,44,"Área colhida (Hectares), Quantidade Produzida (Toneladas) e Valor (Mil Reais) da Produção por Tipo de Lavoura Temporária - 2024 ri baixo",20,"Tabela 44 - Área colhida (Hectares), Quantidade Produzida (Toneladas) e Valor (Mil Reais) da Produção por Tipo de Lavoura Temporária - 2024 ri baixo","..\..\Desktop\tabelas-powerBI\3 Baixo Amazonas\Tabela 44 - Área colhida (Hectares), Quantidade Produzida (Toneladas) e Valor (Mil Reais) da Produção por Tipo de Lavoura Temporária - 2024 ri baixo.xlsx",Baixo Amazonas,4610,180.0
Óbidos,15,12,17,-,-,-,-,-,-,3 Baixo Amazonas,44,"Área colhida (Hectares), Quantidade Produzida (Toneladas) e Valor (Mil Reais) da Produção por Tipo de Lavoura Temporária - 2024 ri baixo",20,"Tabela 44 - Área colhida (Hectares), Quantidade Produzida (Toneladas) e Valor (Mil Reais) da Produção por Tipo de Lavoura Temporária - 2024 ri baixo","..\..\Desktop\tabelas-powerBI\3 Baixo Amazonas\Tabela 44 - Área colhida (Hectares), Quantidade Produzida (Toneladas) e Valor (Mil Reais) da Produção por Tipo de Lavoura Temporária - 2024 ri baixo.xlsx",Baixo Amazonas,4610,110.0
Oriximiná,10,8,11,-,-,-,-,-,-,3 Baixo Amazonas,44,"Área colhida (Hectares), Quantidade Produzida (Toneladas) e Valor (Mil Reais) da Produção por Tipo de Lavoura Temporária - 2024 ri baixo",20,"Tabela 44 - Área colhida (Hectares), Quantidade Produzida (Toneladas) e Valor (Mil Reais) da Produção por Tipo de Lavoura Temporária - 2024 ri baixo","..\..\Desktop\tabelas-powerBI\3 Baixo Amazonas\Tabela 44 - Área colhida (Hectares), Quantidade Produzida (Toneladas) e Valor (Mil Reais) da Produção por Tipo de Lavoura Temporária - 2024 ri baixo.xlsx",Baixo Amazonas,4610,110.0
Prainha,2000,1520,2432,-,-,-,-,-,-,3 Baixo Amazonas,44,"Área colhida (Hectares), Quantidade Produzida (Toneladas) e Valor (Mil Reais) da Produção por Tipo de Lavoura Temporária - 2024 ri baixo",20,"Tabela 44 - Área colhida (Hectares), Quantidade Produzida (Toneladas) e Valor (Mil Reais) da Produção por Tipo de Lavoura Temporária - 2024 ri baixo","..\..\Desktop\tabelas-powerBI\3 Baixo Amazonas\Tabela 44 - Área colhida (Hectares), Quantidade Produzida (Toneladas) e Valor (Mil Reais) da Produção por Tipo de Lavoura Temporária - 2024 ri baixo.xlsx",Baixo Amazonas,4610,20.0
Santarém,700,1890,1852,30000,84600,164970,10,200,800,3 Baixo Amazonas,44,"Área colhida (Hectares), Quantidade Produzida (Toneladas) e Valor (Mil Reais) da Produção por Tipo de Lavoura Temporária - 2024 ri baixo",20,"Tabela 44 - Área colhida (Hectares), Quantidade Produzida (Toneladas) e Valor (Mil Reais) da Produção por Tipo de Lavoura Temporária - 2024 ri baixo","..\..\Desktop\tabelas-powerBI\3 Baixo Amazonas\Tabela 44 - Área colhida (Hectares), Quantidade Produzida (Toneladas) e Valor (Mil Reais) da Produção por Tipo de Lavoura Temporária - 2024 ri baixo.xlsx",Baixo Amazonas,4610,130.0
Terra Santa,-,-,-,-,-,-,-,-,-,3 Baixo Amazonas,44,"Área colhida (Hectares), Quantidade Produzida (Toneladas) e Valor (Mil Reais) da Produção por Tipo de Lavoura Temporária - 2024 ri baixo",20,"Tabela 44 - Área colhida (Hectares), Quantidade Produzida (Toneladas) e Valor (Mil Reais) da Produção por Tipo de Lavoura Temporária - 2024 ri baixo","..\..\Desktop\tabelas-powerBI\3 Baixo Amazonas\Tabela 44 - Área colhida (Hectares), Quantidade Produzida (Toneladas) e Valor (Mil Reais) da Produção por Tipo de Lavoura Temporária - 2024 ri baixo.xlsx",Baixo Amazonas,4610,5.0
Fonte: IBGE/PAM,,,,,,,,,,3 Baixo Amazonas,44,"Área colhida (Hectares), Quantidade Produzida (Toneladas) e Valor (Mil Reais) da Produção por Tipo de Lavoura Temporária - 2024 ri baixo",20,"Tabela 44 - Área colhida (Hectares), Quantidade Produzida (Toneladas) e Valor (Mil Reais) da Produção por Tipo de Lavoura Temporária - 2024 ri baixo","..\..\Desktop\tabelas-powerBI\3 Baixo Amazonas\Tabela 44 - Área colhida (Hectares), Quantidade Produzida (Toneladas) e Valor (Mil Reais) da Produção por Tipo de Lavoura Temporária - 2024 ri baixo.xlsx",Baixo Amazonas,4610,
Elaboração: FAPESPA,,,,,,,,,,3 Baixo Amazonas,44,"Área colhida (Hectares), Quantidade Produzida (Toneladas) e Valor (Mil Reais) da Produção por Tipo de Lavoura Temporária - 2024 ri baixo",20,"Tabela 44 - Área colhida (Hectares), Quantidade Produzida (Toneladas) e Valor (Mil Reais) da Produção por Tipo de Lavoura Temporária - 2024 ri baixo","..\..\Desktop\tabelas-powerBI\3 Baixo Amazonas\Tabela 44 - Área colhida (Hectares), Quantidade Produzida (Toneladas) e Valor (Mil Reais) da Produção por Tipo de Lavoura Temporária - 2024 ri baixo.xlsx",Baixo Amazonas,4610,
Nota: A quantidade produzida de abacaxi é expressa em mil frutos,,,,,,,,,,3 Baixo Amazonas,44,"Área colhida (Hectares), Quantidade Produzida (Toneladas) e Valor (Mil Reais) da Produção por Tipo de Lavoura Temporária - 2024 ri baixo",20,"Tabela 44 - Área colhida (Hectares), Quantidade Produzida (Toneladas) e Valor (Mil Reais) da Produção por Tipo de Lavoura Temporária - 2024 ri baixo","..\..\Desktop\tabelas-powerBI\3 Baixo Amazonas\Tabela 44 - Área colhida (Hectares), Quantidade Produzida (Toneladas) e Valor (Mil Reais) da Produção por Tipo de Lavoura Temporária - 2024 ri baixo.xlsx",Baixo Amazonas,4610,
RI Baixo Amazonas,4458,8000,13416,118900,351174,698019,54,1164,5040,3 Baixo Amazonas,44,"Área colhida (Hectares), Quantidade Produzida (Toneladas) e Valor (Mil Reais) da Produção por Tipo de Lavoura Temporária - 2024 ri baixo",20,"Tabela 44 - Área colhida (Hectares), Quantidade Produzida (Toneladas) e Valor (Mil Reais) da Produção por Tipo de Lavoura Temporária - 2024 ri baixo","..\..\Desktop\tabelas-powerBI\3 Baixo Amazonas\Tabela 44 - Área colhida (Hectares), Quantidade Produzida (Toneladas) e Valor (Mil Reais) da Produção por Tipo de Lavoura Temporária - 2024 ri baixo.xlsx",Baixo Amazonas,96067,18853.0
Alenquer,30,50,90,-,-,-,2,40,160,3 Baixo Amazonas,44,"Área colhida (Hectares), Quantidade Produzida (Toneladas) e Valor (Mil Reais) da Produção por Tipo de Lavoura Temporária - 2024 ri baixo",20,"Tabela 44 - Área colhida (Hectares), Quantidade Produzida (Toneladas) e Valor (Mil Reais) da Produção por Tipo de Lavoura Temporária - 2024 ri baixo","..\..\Desktop\tabelas-powerBI\3 Baixo Amazonas\Tabela 44 - Área colhida (Hectares), Quantidade Produzida (Toneladas) e Valor (Mil Reais) da Produção por Tipo de Lavoura Temporária - 2024 ri baixo.xlsx",Baixo Amazonas,96067,2057.0
Almeirim,-,-,-,-,-,-,-,-,-,3 Baixo Amazonas,44,"Área colhida (Hectares), Quantidade Produzida (Toneladas) e Valor (Mil Reais) da Produção por Tipo de Lavoura Temporária - 2024 ri baixo",20,"Tabela 44 - Área colhida (Hectares), Quantidade Produzida (Toneladas) e Valor (Mil Reais) da Produção por Tipo de Lavoura Temporária - 2024 ri baixo","..\..\Desktop\tabelas-powerBI\3 Baixo Amazonas\Tabela 44 - Área colhida (Hectares), Quantidade Produzida (Toneladas) e Valor (Mil Reais) da Produção por Tipo de Lavoura Temporária - 2024 ri baixo.xlsx",Baixo Amazonas,96067,200.0
Belterra,189,510,1020,29400,88200,176400,2,24,120,3 Baixo Amazonas,44,"Área colhida (Hectares), Quantidade Produzida (Toneladas) e Valor (Mil Reais) da Produção por Tipo de Lavoura Temporária - 2024 ri baixo",20,"Tabela 44 - Área colhida (Hectares), Quantidade Produzida (Toneladas) e Valor (Mil Reais) da Produção por Tipo de Lavoura Temporária - 2024 ri baixo","..\..\Desktop\tabelas-powerBI\3 Baixo Amazonas\Tabela 44 - Área colhida (Hectares), Quantidade Produzida (Toneladas) e Valor (Mil Reais) da Produção por Tipo de Lavoura Temporária - 2024 ri baixo.xlsx",Baixo Amazonas,96067,1300.0
Curuá,3,2,4,-,-,-,-,-,-,3 Baixo Amazonas,44,"Área colhida (Hectares), Quantidade Produzida (Toneladas) e Valor (Mil Reais) da Produção por Tipo de Lavoura Temporária - 2024 ri baixo",20,"Tabela 44 - Área colhida (Hectares), Quantidade Produzida (Toneladas) e Valor (Mil Reais) da Produção por Tipo de Lavoura Temporária - 2024 ri baixo","..\..\Desktop\tabelas-powerBI\3 Baixo Amazonas\Tabela 44 - Área colhida (Hectares), Quantidade Produzida (Toneladas) e Valor (Mil Reais) da Produção por Tipo de Lavoura Temporária - 2024 ri baixo.xlsx",Baixo Amazonas,96067,1260.0
Faro,-,-,-,-,-,-,-,-,-,3 Baixo Amazonas,44,"Área colhida (Hectares), Quantidade Produzida (Toneladas) e Valor (Mil Reais) da Produção por Tipo de Lavoura Temporária - 2024 ri baixo",20,"Tabela 44 - Área colhida (Hectares), Quantidade Produzida (Toneladas) e Valor (Mil Reais) da Produção por Tipo de Lavoura Temporária - 2024 ri baixo","..\..\Desktop\tabelas-powerBI\3 Baixo Amazonas\Tabela 44 - Área colhida (Hectares), Quantidade Produzida (Toneladas) e Valor (Mil Reais) da Produção por Tipo de Lavoura Temporária - 2024 ri baixo.xlsx",Baixo Amazonas,96067,15.0
Juruti,-,-,-,-,-,-,-,-,-,3 Baixo Amazonas,44,"Área colhida (Hectares), Quantidade Produzida (Toneladas) e Valor (Mil Reais) da Produção por Tipo de Lavoura Temporária - 2024 ri baixo",20,"Tabela 44 - Área colhida (Hectares), Quantidade Produzida (Toneladas) e Valor (Mil Reais) da Produção por Tipo de Lavoura Temporária - 2024 ri baixo","..\..\Desktop\tabelas-powerBI\3 Baixo Amazonas\Tabela 44 - Área colhida (Hectares), Quantidade Produzida (Toneladas) e Valor (Mil Reais) da Produção por Tipo de Lavoura Temporária - 2024 ri baixo.xlsx",Baixo Amazonas,96067,900.0
Mojuí dos Campos,1431,3864,7728,58800,176400,352800,-,-,-,3 Baixo Amazonas,44,"Área colhida (Hectares), Quantidade Produzida (Toneladas) e Valor (Mil Reais) da Produção por Tipo de Lavoura Temporária - 2024 ri baixo",20,"Tabela 44 - Área colhida (Hectares), Quantidade Produzida (Toneladas) e Valor (Mil Reais) da Produção por Tipo de Lavoura Temporária - 2024 ri baixo","..\..\Desktop\tabelas-powerBI\3 Baixo Amazonas\Tabela 44 - Área colhida (Hectares), Quantidade Produzida (Toneladas) e Valor (Mil Reais) da Produção por Tipo de Lavoura Temporária - 2024 ri baixo.xlsx",Baixo Amazonas,96067,1440.0
Monte Alegre,80,144,262,700,1974,3849,40,900,3960,3 Baixo Amazonas,44,"Área colhida (Hectares), Quantidade Produzida (Toneladas) e Valor (Mil Reais) da Produção por Tipo de Lavoura Temporária - 2024 ri baixo",20,"Tabela 44 - Área colhida (Hectares), Quantidade Produzida (Toneladas) e Valor (Mil Reais) da Produção por Tipo de Lavoura Temporária - 2024 ri baixo","..\..\Desktop\tabelas-powerBI\3 Baixo Amazonas\Tabela 44 - Área colhida (Hectares), Quantidade Produzida (Toneladas) e Valor (Mil Reais) da Produção por Tipo de Lavoura Temporária - 2024 ri baixo.xlsx",Baixo Amazonas,96067,4451.0
Óbidos,15,12,17,-,-,-,-,-,-,3 Baixo Amazonas,44,"Área colhida (Hectares), Quantidade Produzida (Toneladas) e Valor (Mil Reais) da Produção por Tipo de Lavoura Temporária - 2024 ri baixo",20,"Tabela 44 - Área colhida (Hectares), Quantidade Produzida (Toneladas) e Valor (Mil Reais) da Produção por Tipo de Lavoura Temporária - 2024 ri baixo","..\..\Desktop\tabelas-powerBI\3 Baixo Amazonas\Tabela 44 - Área colhida (Hectares), Quantidade Produzida (Toneladas) e Valor (Mil Reais) da Produção por Tipo de Lavoura Temporária - 2024 ri baixo.xlsx",Baixo Amazonas,96067,1650.0
Oriximiná,10,8,11,-,-,-,-,-,-,3 Baixo Amazonas,44,"Área colhida (Hectares), Quantidade Produzida (Toneladas) e Valor (Mil Reais) da Produção por Tipo de Lavoura Temporária - 2024 ri baixo",20,"Tabela 44 - Área colhida (Hectares), Quantidade Produzida (Toneladas) e Valor (Mil Reais) da Produção por Tipo de Lavoura Temporária - 2024 ri baixo","..\..\Desktop\tabelas-powerBI\3 Baixo Amazonas\Tabela 44 - Área colhida (Hectares), Quantidade Produzida (Toneladas) e Valor (Mil Reais) da Produção por Tipo de Lavoura Temporária - 2024 ri baixo.xlsx",Baixo Amazonas,96067,1650.0
Prainha,2000,1520,2432,-,-,-,-,-,-,3 Baixo Amazonas,44,"Área colhida (Hectares), Quantidade Produzida (Toneladas) e Valor (Mil Reais) da Produção por Tipo de Lavoura Temporária - 2024 ri baixo",20,"Tabela 44 - Área colhida (Hectares), Quantidade Produzida (Toneladas) e Valor (Mil Reais) da Produção por Tipo de Lavoura Temporária - 2024 ri baixo","..\..\Desktop\tabelas-powerBI\3 Baixo Amazonas\Tabela 44 - Área colhida (Hectares), Quantidade Produzida (Toneladas) e Valor (Mil Reais) da Produção por Tipo de Lavoura Temporária - 2024 ri baixo.xlsx",Baixo Amazonas,96067,440.0
Santarém,700,1890,1852,30000,84600,164970,10,200,800,3 Baixo Amazonas,44,"Área colhida (Hectares), Quantidade Produzida (Toneladas) e Valor (Mil Reais) da Produção por Tipo de Lavoura Temporária - 2024 ri baixo",20,"Tabela 44 - Área colhida (Hectares), Quantidade Produzida (Toneladas) e Valor (Mil Reais) da Produção por Tipo de Lavoura Temporária - 2024 ri baixo","..\..\Desktop\tabelas-powerBI\3 Baixo Amazonas\Tabela 44 - Área colhida (Hectares), Quantidade Produzida (Toneladas) e Valor (Mil Reais) da Produção por Tipo de Lavoura Temporária - 2024 ri baixo.xlsx",Baixo Amazonas,96067,3415.0
Terra Santa,-,-,-,-,-,-,-,-,-,3 Baixo Amazonas,44,"Área colhida (Hectares), Quantidade Produzida (Toneladas) e Valor (Mil Reais) da Produção por Tipo de Lavoura Temporária - 2024 ri baixo",20,"Tabela 44 - Área colhida (Hectares), Quantidade Produzida (Toneladas) e Valor (Mil Reais) da Produção por Tipo de Lavoura Temporária - 2024 ri baixo","..\..\Desktop\tabelas-powerBI\3 Baixo Amazonas\Tabela 44 - Área colhida (Hectares), Quantidade Produzida (Toneladas) e Valor (Mil Reais) da Produção por Tipo de Lavoura Temporária - 2024 ri baixo.xlsx",Baixo Amazonas,96067,75.0
Fonte: IBGE/PAM,,,,,,,,,,3 Baixo Amazonas,44,"Área colhida (Hectares), Quantidade Produzida (Toneladas) e Valor (Mil Reais) da Produção por Tipo de Lavoura Temporária - 2024 ri baixo",20,"Tabela 44 - Área colhida (Hectares), Quantidade Produzida (Toneladas) e Valor (Mil Reais) da Produção por Tipo de Lavoura Temporária - 2024 ri baixo","..\..\Desktop\tabelas-powerBI\3 Baixo Amazonas\Tabela 44 - Área colhida (Hectares), Quantidade Produzida (Toneladas) e Valor (Mil Reais) da Produção por Tipo de Lavoura Temporária - 2024 ri baixo.xlsx",Baixo Amazonas,96067,
Elaboração: FAPESPA,,,,,,,,,,3 Baixo Amazonas,44,"Área colhida (Hectares), Quantidade Produzida (Toneladas) e Valor (Mil Reais) da Produção por Tipo de Lavoura Temporária - 2024 ri baixo",20,"Tabela 44 - Área colhida (Hectares), Quantidade Produzida (Toneladas) e Valor (Mil Reais) da Produção por Tipo de Lavoura Temporária - 2024 ri baixo","..\..\Desktop\tabelas-powerBI\3 Baixo Amazonas\Tabela 44 - Área colhida (Hectares), Quantidade Produzida (Toneladas) e Valor (Mil Reais) da Produção por Tipo de Lavoura Temporária - 2024 ri baixo.xlsx",Baixo Amazonas,96067,
Nota: A quantidade produzida de abacaxi é expressa em mil frutos,,,,,,,,,,3 Baixo Amazonas,44,"Área colhida (Hectares), Quantidade Produzida (Toneladas) e Valor (Mil Reais) da Produção por Tipo de Lavoura Temporária - 2024 ri baixo",20,"Tabela 44 - Área colhida (Hectares), Quantidade Produzida (Toneladas) e Valor (Mil Reais) da Produção por Tipo de Lavoura Temporária - 2024 ri baixo","..\..\Desktop\tabelas-powerBI\3 Baixo Amazonas\Tabela 44 - Área colhida (Hectares), Quantidade Produzida (Toneladas) e Valor (Mil Reais) da Produção por Tipo de Lavoura Temporária - 2024 ri baixo.xlsx",Baixo Amazonas,96067,
RI Baixo Amazonas,4458,8000,13416,118900,351174,698019,54,1164,5040,3 Baixo Amazonas,44,"Área colhida (Hectares), Quantidade Produzida (Toneladas) e Valor (Mil Reais) da Produção por Tipo de Lavoura Temporária - 2024 ri baixo",20,"Tabela 44 - Área colhida (Hectares), Quantidade Produzida (Toneladas) e Valor (Mil Reais) da Produção por Tipo de Lavoura Temporária - 2024 ri baixo","..\..\Desktop\tabelas-powerBI\3 Baixo Amazonas\Tabela 44 - Área colhida (Hectares), Quantidade Produzida (Toneladas) e Valor (Mil Reais) da Produção por Tipo de Lavoura Temporária - 2024 ri baixo.xlsx",Baixo Amazonas,161718,32731.0
Alenquer,30,50,90,-,-,-,2,40,160,3 Baixo Amazonas,44,"Área colhida (Hectares), Quantidade Produzida (Toneladas) e Valor (Mil Reais) da Produção por Tipo de Lavoura Temporária - 2024 ri baixo",20,"Tabela 44 - Área colhida (Hectares), Quantidade Produzida (Toneladas) e Valor (Mil Reais) da Produção por Tipo de Lavoura Temporária - 2024 ri baixo","..\..\Desktop\tabelas-powerBI\3 Baixo Amazonas\Tabela 44 - Área colhida (Hectares), Quantidade Produzida (Toneladas) e Valor (Mil Reais) da Produção por Tipo de Lavoura Temporária - 2024 ri baixo.xlsx",Baixo Amazonas,161718,3086.0
Almeirim,-,-,-,-,-,-,-,-,-,3 Baixo Amazonas,44,"Área colhida (Hectares), Quantidade Produzida (Toneladas) e Valor (Mil Reais) da Produção por Tipo de Lavoura Temporária - 2024 ri baixo",20,"Tabela 44 - Área colhida (Hectares), Quantidade Produzida (Toneladas) e Valor (Mil Reais) da Produção por Tipo de Lavoura Temporária - 2024 ri baixo","..\..\Desktop\tabelas-powerBI\3 Baixo Amazonas\Tabela 44 - Área colhida (Hectares), Quantidade Produzida (Toneladas) e Valor (Mil Reais) da Produção por Tipo de Lavoura Temporária - 2024 ri baixo.xlsx",Baixo Amazonas,161718,300.0
Belterra,189,510,1020,29400,88200,176400,2,24,120,3 Baixo Amazonas,44,"Área colhida (Hectares), Quantidade Produzida (Toneladas) e Valor (Mil Reais) da Produção por Tipo de Lavoura Temporária - 2024 ri baixo",20,"Tabela 44 - Área colhida (Hectares), Quantidade Produzida (Toneladas) e Valor (Mil Reais) da Produção por Tipo de Lavoura Temporária - 2024 ri baixo","..\..\Desktop\tabelas-powerBI\3 Baixo Amazonas\Tabela 44 - Área colhida (Hectares), Quantidade Produzida (Toneladas) e Valor (Mil Reais) da Produção por Tipo de Lavoura Temporária - 2024 ri baixo.xlsx",Baixo Amazonas,161718,1300.0
Curuá,3,2,4,-,-,-,-,-,-,3 Baixo Amazonas,44,"Área colhida (Hectares), Quantidade Produzida (Toneladas) e Valor (Mil Reais) da Produção por Tipo de Lavoura Temporária - 2024 ri baixo",20,"Tabela 44 - Área colhida (Hectares), Quantidade Produzida (Toneladas) e Valor (Mil Reais) da Produção por Tipo de Lavoura Temporária - 2024 ri baixo","..\..\Desktop\tabelas-powerBI\3 Baixo Amazonas\Tabela 44 - Área colhida (Hectares), Quantidade Produzida (Toneladas) e Valor (Mil Reais) da Produção por Tipo de Lavoura Temporária - 2024 ri baixo.xlsx",Baixo Amazonas,161718,3125.0
Faro,-,-,-,-,-,-,-,-,-,3 Baixo Amazonas,44,"Área colhida (Hectares), Quantidade Produzida (Toneladas) e Valor (Mil Reais) da Produção por Tipo de Lavoura Temporária - 2024 ri baixo",20,"Tabela 44 - Área colhida (Hectares), Quantidade Produzida (Toneladas) e Valor (Mil Reais) da Produção por Tipo de Lavoura Temporária - 2024 ri baixo","..\..\Desktop\tabelas-powerBI\3 Baixo Amazonas\Tabela 44 - Área colhida (Hectares), Quantidade Produzida (Toneladas) e Valor (Mil Reais) da Produção por Tipo de Lavoura Temporária - 2024 ri baixo.xlsx",Baixo Amazonas,161718,51.0
Juruti,-,-,-,-,-,-,-,-,-,3 Baixo Amazonas,44,"Área colhida (Hectares), Quantidade Produzida (Toneladas) e Valor (Mil Reais) da Produção por Tipo de Lavoura Temporária - 2024 ri baixo",20,"Tabela 44 - Área colhida (Hectares), Quantidade Produzida (Toneladas) e Valor (Mil Reais) da Produção por Tipo de Lavoura Temporária - 2024 ri baixo","..\..\Desktop\tabelas-powerBI\3 Baixo Amazonas\Tabela 44 - Área colhida (Hectares), Quantidade Produzida (Toneladas) e Valor (Mil Reais) da Produção por Tipo de Lavoura Temporária - 2024 ri baixo.xlsx",Baixo Amazonas,161718,1419.0
Mojuí dos Campos,1431,3864,7728,58800,176400,352800,-,-,-,3 Baixo Amazonas,44,"Área colhida (Hectares), Quantidade Produzida (Toneladas) e Valor (Mil Reais) da Produção por Tipo de Lavoura Temporária - 2024 ri baixo",20,"Tabela 44 - Área colhida (Hectares), Quantidade Produzida (Toneladas) e Valor (Mil Reais) da Produção por Tipo de Lavoura Temporária - 2024 ri baixo","..\..\Desktop\tabelas-powerBI\3 Baixo Amazonas\Tabela 44 - Área colhida (Hectares), Quantidade Produzida (Toneladas) e Valor (Mil Reais) da Produção por Tipo de Lavoura Temporária - 2024 ri baixo.xlsx",Baixo Amazonas,161718,1318.0
Monte Alegre,80,144,262,700,1974,3849,40,900,3960,3 Baixo Amazonas,44,"Área colhida (Hectares), Quantidade Produzida (Toneladas) e Valor (Mil Reais) da Produção por Tipo de Lavoura Temporária - 2024 ri baixo",20,"Tabela 44 - Área colhida (Hectares), Quantidade Produzida (Toneladas) e Valor (Mil Reais) da Produção por Tipo de Lavoura Temporária - 2024 ri baixo","..\..\Desktop\tabelas-powerBI\3 Baixo Amazonas\Tabela 44 - Área colhida (Hectares), Quantidade Produzida (Toneladas) e Valor (Mil Reais) da Produção por Tipo de Lavoura Temporária - 2024 ri baixo.xlsx",Baixo Amazonas,161718,9169.0
Óbidos,15,12,17,-,-,-,-,-,-,3 Baixo Amazonas,44,"Área colhida (Hectares), Quantidade Produzida (Toneladas) e Valor (Mil Reais) da Produção por Tipo de Lavoura Temporária - 2024 ri baixo",20,"Tabela 44 - Área colhida (Hectares), Quantidade Produzida (Toneladas) e Valor (Mil Reais) da Produção por Tipo de Lavoura Temporária - 2024 ri baixo","..\..\Desktop\tabelas-powerBI\3 Baixo Amazonas\Tabela 44 - Área colhida (Hectares), Quantidade Produzida (Toneladas) e Valor (Mil Reais) da Produção por Tipo de Lavoura Temporária - 2024 ri baixo.xlsx",Baixo Amazonas,161718,3300.0
Oriximiná,10,8,11,-,-,-,-,-,-,3 Baixo Amazonas,44,"Área colhida (Hectares), Quantidade Produzida (Toneladas) e Valor (Mil Reais) da Produção por Tipo de Lavoura Temporária - 2024 ri baixo",20,"Tabela 44 - Área colhida (Hectares), Quantidade Produzida (Toneladas) e Valor (Mil Reais) da Produção por Tipo de Lavoura Temporária - 2024 ri baixo","..\..\Desktop\tabelas-powerBI\3 Baixo Amazonas\Tabela 44 - Área colhida (Hectares), Quantidade Produzida (Toneladas) e Valor (Mil Reais) da Produção por Tipo de Lavoura Temporária - 2024 ri baixo.xlsx",Baixo Amazonas,161718,4089.0
Prainha,2000,1520,2432,-,-,-,-,-,-,3 Baixo Amazonas,44,"Área colhida (Hectares), Quantidade Produzida (Toneladas) e Valor (Mil Reais) da Produção por Tipo de Lavoura Temporária - 2024 ri baixo",20,"Tabela 44 - Área colhida (Hectares), Quantidade Produzida (Toneladas) e Valor (Mil Reais) da Produção por Tipo de Lavoura Temporária - 2024 ri baixo","..\..\Desktop\tabelas-powerBI\3 Baixo Amazonas\Tabela 44 - Área colhida (Hectares), Quantidade Produzida (Toneladas) e Valor (Mil Reais) da Produção por Tipo de Lavoura Temporária - 2024 ri baixo.xlsx",Baixo Amazonas,161718,1056.0
Santarém,700,1890,1852,30000,84600,164970,10,200,800,3 Baixo Amazonas,44,"Área colhida (Hectares), Quantidade Produzida (Toneladas) e Valor (Mil Reais) da Produção por Tipo de Lavoura Temporária - 2024 ri baixo",20,"Tabela 44 - Área colhida (Hectares), Quantidade Produzida (Toneladas) e Valor (Mil Reais) da Produção por Tipo de Lavoura Temporária - 2024 ri baixo","..\..\Desktop\tabelas-powerBI\3 Baixo Amazonas\Tabela 44 - Área colhida (Hectares), Quantidade Produzida (Toneladas) e Valor (Mil Reais) da Produção por Tipo de Lavoura Temporária - 2024 ri baixo.xlsx",Baixo Amazonas,161718,4325.0
Terra Santa,-,-,-,-,-,-,-,-,-,3 Baixo Amazonas,44,"Área colhida (Hectares), Quantidade Produzida (Toneladas) e Valor (Mil Reais) da Produção por Tipo de Lavoura Temporária - 2024 ri baixo",20,"Tabela 44 - Área colhida (Hectares), Quantidade Produzida (Toneladas) e Valor (Mil Reais) da Produção por Tipo de Lavoura Temporária - 2024 ri baixo","..\..\Desktop\tabelas-powerBI\3 Baixo Amazonas\Tabela 44 - Área colhida (Hectares), Quantidade Produzida (Toneladas) e Valor (Mil Reais) da Produção por Tipo de Lavoura Temporária - 2024 ri baixo.xlsx",Baixo Amazonas,161718,193.0
Fonte: IBGE/PAM,,,,,,,,,,3 Baixo Amazonas,44,"Área colhida (Hectares), Quantidade Produzida (Toneladas) e Valor (Mil Reais) da Produção por Tipo de Lavoura Temporária - 2024 ri baixo",20,"Tabela 44 - Área colhida (Hectares), Quantidade Produzida (Toneladas) e Valor (Mil Reais) da Produção por Tipo de Lavoura Temporária - 2024 ri baixo","..\..\Desktop\tabelas-powerBI\3 Baixo Amazonas\Tabela 44 - Área colhida (Hectares), Quantidade Produzida (Toneladas) e Valor (Mil Reais) da Produção por Tipo de Lavoura Temporária - 2024 ri baixo.xlsx",Baixo Amazonas,161718,
Elaboração: FAPESPA,,,,,,,,,,3 Baixo Amazonas,44,"Área colhida (Hectares), Quantidade Produzida (Toneladas) e Valor (Mil Reais) da Produção por Tipo de Lavoura Temporária - 2024 ri baixo",20,"Tabela 44 - Área colhida (Hectares), Quantidade Produzida (Toneladas) e Valor (Mil Reais) da Produção por Tipo de Lavoura Temporária - 2024 ri baixo","..\..\Desktop\tabelas-powerBI\3 Baixo Amazonas\Tabela 44 - Área colhida (Hectares), Quantidade Produzida (Toneladas) e Valor (Mil Reais) da Produção por Tipo de Lavoura Temporária - 2024 ri baixo.xlsx",Baixo Amazonas,161718,
Nota: A quantidade produzida de abacaxi é expressa em mil frutos,,,,,,,,,,3 Baixo Amazonas,44,"Área colhida (Hectares), Quantidade Produzida (Toneladas) e Valor (Mil Reais) da Produção por Tipo de Lavoura Temporária - 2024 ri baixo",20,"Tabela 44 - Área colhida (Hectares), Quantidade Produzida (Toneladas) e Valor (Mil Reais) da Produção por Tipo de Lavoura Temporária - 2024 ri baixo","..\..\Desktop\tabelas-powerBI\3 Baixo Amazonas\Tabela 44 - Área colhida (Hectares), Quantidade Produzida (Toneladas) e Valor (Mil Reais) da Produção por Tipo de Lavoura Temporária - 2024 ri baixo.xlsx",Baixo Amazonas,161718,
RI Baixo Amazonas,4458,8000,13416,118900,351174,698019,54,1164,5040,3 Baixo Amazonas,44,"Área colhida (Hectares), Quantidade Produzida (Toneladas) e Valor (Mil Reais) da Produção por Tipo de Lavoura Temporária - 2024 ri baixo",20,"Tabela 44 - Área colhida (Hectares), Quantidade Produzida (Toneladas) e Valor (Mil Reais) da Produção por Tipo de Lavoura Temporária - 2024 ri baixo","..\..\Desktop\tabelas-powerBI\3 Baixo Amazonas\Tabela 44 - Área colhida (Hectares), Quantidade Produzida (Toneladas) e Valor (Mil Reais) da Produção por Tipo de Lavoura Temporária - 2024 ri baixo.xlsx",Baixo Amazonas,477562,69238.0
Alenquer,30,50,90,-,-,-,2,40,160,3 Baixo Amazonas,44,"Área colhida (Hectares), Quantidade Produzida (Toneladas) e Valor (Mil Reais) da Produção por Tipo de Lavoura Temporária - 2024 ri baixo",20,"Tabela 44 - Área colhida (Hectares), Quantidade Produzida (Toneladas) e Valor (Mil Reais) da Produção por Tipo de Lavoura Temporária - 2024 ri baixo","..\..\Desktop\tabelas-powerBI\3 Baixo Amazonas\Tabela 44 - Área colhida (Hectares), Quantidade Produzida (Toneladas) e Valor (Mil Reais) da Produção por Tipo de Lavoura Temporária - 2024 ri baixo.xlsx",Baixo Amazonas,477562,2000.0
Almeirim,-,-,-,-,-,-,-,-,-,3 Baixo Amazonas,44,"Área colhida (Hectares), Quantidade Produzida (Toneladas) e Valor (Mil Reais) da Produção por Tipo de Lavoura Temporária - 2024 ri baixo",20,"Tabela 44 - Área colhida (Hectares), Quantidade Produzida (Toneladas) e Valor (Mil Reais) da Produção por Tipo de Lavoura Temporária - 2024 ri baixo","..\..\Desktop\tabelas-powerBI\3 Baixo Amazonas\Tabela 44 - Área colhida (Hectares), Quantidade Produzida (Toneladas) e Valor (Mil Reais) da Produção por Tipo de Lavoura Temporária - 2024 ri baixo.xlsx",Baixo Amazonas,477562,95.0
Belterra,189,510,1020,29400,88200,176400,2,24,120,3 Baixo Amazonas,44,"Área colhida (Hectares), Quantidade Produzida (Toneladas) e Valor (Mil Reais) da Produção por Tipo de Lavoura Temporária - 2024 ri baixo",20,"Tabela 44 - Área colhida (Hectares), Quantidade Produzida (Toneladas) e Valor (Mil Reais) da Produção por Tipo de Lavoura Temporária - 2024 ri baixo","..\..\Desktop\tabelas-powerBI\3 Baixo Amazonas\Tabela 44 - Área colhida (Hectares), Quantidade Produzida (Toneladas) e Valor (Mil Reais) da Produção por Tipo de Lavoura Temporária - 2024 ri baixo.xlsx",Baixo Amazonas,477562,15900.0
Curuá,3,2,4,-,-,-,-,-,-,3 Baixo Amazonas,44,"Área colhida (Hectares), Quantidade Produzida (Toneladas) e Valor (Mil Reais) da Produção por Tipo de Lavoura Temporária - 2024 ri baixo",20,"Tabela 44 - Área colhida (Hectares), Quantidade Produzida (Toneladas) e Valor (Mil Reais) da Produção por Tipo de Lavoura Temporária - 2024 ri baixo","..\..\Desktop\tabelas-powerBI\3 Baixo Amazonas\Tabela 44 - Área colhida (Hectares), Quantidade Produzida (Toneladas) e Valor (Mil Reais) da Produção por Tipo de Lavoura Temporária - 2024 ri baixo.xlsx",Baixo Amazonas,477562,50.0
Faro,-,-,-,-,-,-,-,-,-,3 Baixo Amazonas,44,"Área colhida (Hectares), Quantidade Produzida (Toneladas) e Valor (Mil Reais) da Produção por Tipo de Lavoura Temporária - 2024 ri baixo",20,"Tabela 44 - Área colhida (Hectares), Quantidade Produzida (Toneladas) e Valor (Mil Reais) da Produção por Tipo de Lavoura Temporária - 2024 ri baixo","..\..\Desktop\tabelas-powerBI\3 Baixo Amazonas\Tabela 44 - Área colhida (Hectares), Quantidade Produzida (Toneladas) e Valor (Mil Reais) da Produção por Tipo de Lavoura Temporária - 2024 ri baixo.xlsx",Baixo Amazonas,477562,2.0
Juruti,-,-,-,-,-,-,-,-,-,3 Baixo Amazonas,44,"Área colhida (Hectares), Quantidade Produzida (Toneladas) e Valor (Mil Reais) da Produção por Tipo de Lavoura Temporária - 2024 ri baixo",20,"Tabela 44 - Área colhida (Hectares), Quantidade Produzida (Toneladas) e Valor (Mil Reais) da Produção por Tipo de Lavoura Temporária - 2024 ri baixo","..\..\Desktop\tabelas-powerBI\3 Baixo Amazonas\Tabela 44 - Área colhida (Hectares), Quantidade Produzida (Toneladas) e Valor (Mil Reais) da Produção por Tipo de Lavoura Temporária - 2024 ri baixo.xlsx",Baixo Amazonas,477562,6.0
Mojuí dos Campos,1431,3864,7728,58800,176400,352800,-,-,-,3 Baixo Amazonas,44,"Área colhida (Hectares), Quantidade Produzida (Toneladas) e Valor (Mil Reais) da Produção por Tipo de Lavoura Temporária - 2024 ri baixo",20,"Tabela 44 - Área colhida (Hectares), Quantidade Produzida (Toneladas) e Valor (Mil Reais) da Produção por Tipo de Lavoura Temporária - 2024 ri baixo","..\..\Desktop\tabelas-powerBI\3 Baixo Amazonas\Tabela 44 - Área colhida (Hectares), Quantidade Produzida (Toneladas) e Valor (Mil Reais) da Produção por Tipo de Lavoura Temporária - 2024 ri baixo.xlsx",Baixo Amazonas,477562,30500.0
Monte Alegre,80,144,262,700,1974,3849,40,900,3960,3 Baixo Amazonas,44,"Área colhida (Hectares), Quantidade Produzida (Toneladas) e Valor (Mil Reais) da Produção por Tipo de Lavoura Temporária - 2024 ri baixo",20,"Tabela 44 - Área colhida (Hectares), Quantidade Produzida (Toneladas) e Valor (Mil Reais) da Produção por Tipo de Lavoura Temporária - 2024 ri baixo","..\..\Desktop\tabelas-powerBI\3 Baixo Amazonas\Tabela 44 - Área colhida (Hectares), Quantidade Produzida (Toneladas) e Valor (Mil Reais) da Produção por Tipo de Lavoura Temporária - 2024 ri baixo.xlsx",Baixo Amazonas,477562,1900.0
Óbidos,15,12,17,-,-,-,-,-,-,3 Baixo Amazonas,44,"Área colhida (Hectares), Quantidade Produzida (Toneladas) e Valor (Mil Reais) da Produção por Tipo de Lavoura Temporária - 2024 ri baixo",20,"Tabela 44 - Área colhida (Hectares), Quantidade Produzida (Toneladas) e Valor (Mil Reais) da Produção por Tipo de Lavoura Temporária - 2024 ri baixo","..\..\Desktop\tabelas-powerBI\3 Baixo Amazonas\Tabela 44 - Área colhida (Hectares), Quantidade Produzida (Toneladas) e Valor (Mil Reais) da Produção por Tipo de Lavoura Temporária - 2024 ri baixo.xlsx",Baixo Amazonas,477562,45.0
Oriximiná,10,8,11,-,-,-,-,-,-,3 Baixo Amazonas,44,"Área colhida (Hectares), Quantidade Produzida (Toneladas) e Valor (Mil Reais) da Produção por Tipo de Lavoura Temporária - 2024 ri baixo",20,"Tabela 44 - Área colhida (Hectares), Quantidade Produzida (Toneladas) e Valor (Mil Reais) da Produção por Tipo de Lavoura Temporária - 2024 ri baixo","..\..\Desktop\tabelas-powerBI\3 Baixo Amazonas\Tabela 44 - Área colhida (Hectares), Quantidade Produzida (Toneladas) e Valor (Mil Reais) da Produção por Tipo de Lavoura Temporária - 2024 ri baixo.xlsx",Baixo Amazonas,477562,130.0
Prainha,2000,1520,2432,-,-,-,-,-,-,3 Baixo Amazonas,44,"Área colhida (Hectares), Quantidade Produzida (Toneladas) e Valor (Mil Reais) da Produção por Tipo de Lavoura Temporária - 2024 ri baixo",20,"Tabela 44 - Área colhida (Hectares), Quantidade Produzida (Toneladas) e Valor (Mil Reais) da Produção por Tipo de Lavoura Temporária - 2024 ri baixo","..\..\Desktop\tabelas-powerBI\3 Baixo Amazonas\Tabela 44 - Área colhida (Hectares), Quantidade Produzida (Toneladas) e Valor (Mil Reais) da Produção por Tipo de Lavoura Temporária - 2024 ri baixo.xlsx",Baixo Amazonas,477562,100.0
Santarém,700,1890,1852,30000,84600,164970,10,200,800,3 Baixo Amazonas,44,"Área colhida (Hectares), Quantidade Produzida (Toneladas) e Valor (Mil Reais) da Produção por Tipo de Lavoura Temporária - 2024 ri baixo",20,"Tabela 44 - Área colhida (Hectares), Quantidade Produzida (Toneladas) e Valor (Mil Reais) da Produção por Tipo de Lavoura Temporária - 2024 ri baixo","..\..\Desktop\tabelas-powerBI\3 Baixo Amazonas\Tabela 44 - Área colhida (Hectares), Quantidade Produzida (Toneladas) e Valor (Mil Reais) da Produção por Tipo de Lavoura Temporária - 2024 ri baixo.xlsx",Baixo Amazonas,477562,18500.0
Terra Santa,-,-,-,-,-,-,-,-,-,3 Baixo Amazonas,44,"Área colhida (Hectares), Quantidade Produzida (Toneladas) e Valor (Mil Reais) da Produção por Tipo de Lavoura Temporária - 2024 ri baixo",20,"Tabela 44 - Área colhida (Hectares), Quantidade Produzida (Toneladas) e Valor (Mil Reais) da Produção por Tipo de Lavoura Temporária - 2024 ri baixo","..\..\Desktop\tabelas-powerBI\3 Baixo Amazonas\Tabela 44 - Área colhida (Hectares), Quantidade Produzida (Toneladas) e Valor (Mil Reais) da Produção por Tipo de Lavoura Temporária - 2024 ri baixo.xlsx",Baixo Amazonas,477562,10.0
Fonte: IBGE/PAM,,,,,,,,,,3 Baixo Amazonas,44,"Área colhida (Hectares), Quantidade Produzida (Toneladas) e Valor (Mil Reais) da Produção por Tipo de Lavoura Temporária - 2024 ri baixo",20,"Tabela 44 - Área colhida (Hectares), Quantidade Produzida (Toneladas) e Valor (Mil Reais) da Produção por Tipo de Lavoura Temporária - 2024 ri baixo","..\..\Desktop\tabelas-powerBI\3 Baixo Amazonas\Tabela 44 - Área colhida (Hectares), Quantidade Produzida (Toneladas) e Valor (Mil Reais) da Produção por Tipo de Lavoura Temporária - 2024 ri baixo.xlsx",Baixo Amazonas,477562,
Elaboração: FAPESPA,,,,,,,,,,3 Baixo Amazonas,44,"Área colhida (Hectares), Quantidade Produzida (Toneladas) e Valor (Mil Reais) da Produção por Tipo de Lavoura Temporária - 2024 ri baixo",20,"Tabela 44 - Área colhida (Hectares), Quantidade Produzida (Toneladas) e Valor (Mil Reais) da Produção por Tipo de Lavoura Temporária - 2024 ri baixo","..\..\Desktop\tabelas-powerBI\3 Baixo Amazonas\Tabela 44 - Área colhida (Hectares), Quantidade Produzida (Toneladas) e Valor (Mil Reais) da Produção por Tipo de Lavoura Temporária - 2024 ri baixo.xlsx",Baixo Amazonas,477562,
Nota: A quantidade produzida de abacaxi é expressa em mil frutos,,,,,,,,,,3 Baixo Amazonas,44,"Área colhida (Hectares), Quantidade Produzida (Toneladas) e Valor (Mil Reais) da Produção por Tipo de Lavoura Temporária - 2024 ri baixo",20,"Tabela 44 - Área colhida (Hectares), Quantidade Produzida (Toneladas) e Valor (Mil Reais) da Produção por Tipo de Lavoura Temporária - 2024 ri baixo","..\..\Desktop\tabelas-powerBI\3 Baixo Amazonas\Tabela 44 - Área colhida (Hectares), Quantidade Produzida (Toneladas) e Valor (Mil Reais) da Produção por Tipo de Lavoura Temporária - 2024 ri baixo.xlsx",Baixo Amazonas,477562,
RI Baixo Amazonas,4458,8000,13416,118900,351174,698019,54,1164,5040,3 Baixo Amazonas,44,"Área colhida (Hectares), Quantidade Produzida (Toneladas) e Valor (Mil Reais) da Produção por Tipo de Lavoura Temporária - 2024 ri baixo",20,"Tabela 44 - Área colhida (Hectares), Quantidade Produzida (Toneladas) e Valor (Mil Reais) da Produção por Tipo de Lavoura Temporária - 2024 ri baixo","..\..\Desktop\tabelas-powerBI\3 Baixo Amazonas\Tabela 44 - Área colhida (Hectares), Quantidade Produzida (Toneladas) e Valor (Mil Reais) da Produção por Tipo de Lavoura Temporária - 2024 ri baixo.xlsx",Baixo Amazonas,1759249,185193.0
Alenquer,30,50,90,-,-,-,2,40,160,3 Baixo Amazonas,44,"Área colhida (Hectares), Quantidade Produzida (Toneladas) e Valor (Mil Reais) da Produção por Tipo de Lavoura Temporária - 2024 ri baixo",20,"Tabela 44 - Área colhida (Hectares), Quantidade Produzida (Toneladas) e Valor (Mil Reais) da Produção por Tipo de Lavoura Temporária - 2024 ri baixo","..\..\Desktop\tabelas-powerBI\3 Baixo Amazonas\Tabela 44 - Área colhida (Hectares), Quantidade Produzida (Toneladas) e Valor (Mil Reais) da Produção por Tipo de Lavoura Temporária - 2024 ri baixo.xlsx",Baixo Amazonas,1759249,4000.0
Almeirim,-,-,-,-,-,-,-,-,-,3 Baixo Amazonas,44,"Área colhida (Hectares), Quantidade Produzida (Toneladas) e Valor (Mil Reais) da Produção por Tipo de Lavoura Temporária - 2024 ri baixo",20,"Tabela 44 - Área colhida (Hectares), Quantidade Produzida (Toneladas) e Valor (Mil Reais) da Produção por Tipo de Lavoura Temporária - 2024 ri baixo","..\..\Desktop\tabelas-powerBI\3 Baixo Amazonas\Tabela 44 - Área colhida (Hectares), Quantidade Produzida (Toneladas) e Valor (Mil Reais) da Produção por Tipo de Lavoura Temporária - 2024 ri baixo.xlsx",Baixo Amazonas,1759249,137.0
Belterra,189,510,1020,29400,88200,176400,2,24,120,3 Baixo Amazonas,44,"Área colhida (Hectares), Quantidade Produzida (Toneladas) e Valor (Mil Reais) da Produção por Tipo de Lavoura Temporária - 2024 ri baixo",20,"Tabela 44 - Área colhida (Hectares), Quantidade Produzida (Toneladas) e Valor (Mil Reais) da Produção por Tipo de Lavoura Temporária - 2024 ri baixo","..\..\Desktop\tabelas-powerBI\3 Baixo Amazonas\Tabela 44 - Área colhida (Hectares), Quantidade Produzida (Toneladas) e Valor (Mil Reais) da Produção por Tipo de Lavoura Temporária - 2024 ri baixo.xlsx",Baixo Amazonas,1759249,43740.0
Curuá,3,2,4,-,-,-,-,-,-,3 Baixo Amazonas,44,"Área colhida (Hectares), Quantidade Produzida (Toneladas) e Valor (Mil Reais) da Produção por Tipo de Lavoura Temporária - 2024 ri baixo",20,"Tabela 44 - Área colhida (Hectares), Quantidade Produzida (Toneladas) e Valor (Mil Reais) da Produção por Tipo de Lavoura Temporária - 2024 ri baixo","..\..\Desktop\tabelas-powerBI\3 Baixo Amazonas\Tabela 44 - Área colhida (Hectares), Quantidade Produzida (Toneladas) e Valor (Mil Reais) da Produção por Tipo de Lavoura Temporária - 2024 ri baixo.xlsx",Baixo Amazonas,1759249,35.0
Faro,-,-,-,-,-,-,-,-,-,3 Baixo Amazonas,44,"Área colhida (Hectares), Quantidade Produzida (Toneladas) e Valor (Mil Reais) da Produção por Tipo de Lavoura Temporária - 2024 ri baixo",20,"Tabela 44 - Área colhida (Hectares), Quantidade Produzida (Toneladas) e Valor (Mil Reais) da Produção por Tipo de Lavoura Temporária - 2024 ri baixo","..\..\Desktop\tabelas-powerBI\3 Baixo Amazonas\Tabela 44 - Área colhida (Hectares), Quantidade Produzida (Toneladas) e Valor (Mil Reais) da Produção por Tipo de Lavoura Temporária - 2024 ri baixo.xlsx",Baixo Amazonas,1759249,1.0
Juruti,-,-,-,-,-,-,-,-,-,3 Baixo Amazonas,44,"Área colhida (Hectares), Quantidade Produzida (Toneladas) e Valor (Mil Reais) da Produção por Tipo de Lavoura Temporária - 2024 ri baixo",20,"Tabela 44 - Área colhida (Hectares), Quantidade Produzida (Toneladas) e Valor (Mil Reais) da Produção por Tipo de Lavoura Temporária - 2024 ri baixo","..\..\Desktop\tabelas-powerBI\3 Baixo Amazonas\Tabela 44 - Área colhida (Hectares), Quantidade Produzida (Toneladas) e Valor (Mil Reais) da Produção por Tipo de Lavoura Temporária - 2024 ri baixo.xlsx",Baixo Amazonas,1759249,4.0
Mojuí dos Campos,1431,3864,7728,58800,176400,352800,-,-,-,3 Baixo Amazonas,44,"Área colhida (Hectares), Quantidade Produzida (Toneladas) e Valor (Mil Reais) da Produção por Tipo de Lavoura Temporária - 2024 ri baixo",20,"Tabela 44 - Área colhida (Hectares), Quantidade Produzida (Toneladas) e Valor (Mil Reais) da Produção por Tipo de Lavoura Temporária - 2024 ri baixo","..\..\Desktop\tabelas-powerBI\3 Baixo Amazonas\Tabela 44 - Área colhida (Hectares), Quantidade Produzida (Toneladas) e Valor (Mil Reais) da Produção por Tipo de Lavoura Temporária - 2024 ri baixo.xlsx",Baixo Amazonas,1759249,82350.0
Monte Alegre,80,144,262,700,1974,3849,40,900,3960,3 Baixo Amazonas,44,"Área colhida (Hectares), Quantidade Produzida (Toneladas) e Valor (Mil Reais) da Produção por Tipo de Lavoura Temporária - 2024 ri baixo",20,"Tabela 44 - Área colhida (Hectares), Quantidade Produzida (Toneladas) e Valor (Mil Reais) da Produção por Tipo de Lavoura Temporária - 2024 ri baixo","..\..\Desktop\tabelas-powerBI\3 Baixo Amazonas\Tabela 44 - Área colhida (Hectares), Quantidade Produzida (Toneladas) e Valor (Mil Reais) da Produção por Tipo de Lavoura Temporária - 2024 ri baixo.xlsx",Baixo Amazonas,1759249,4275.0
Óbidos,15,12,17,-,-,-,-,-,-,3 Baixo Amazonas,44,"Área colhida (Hectares), Quantidade Produzida (Toneladas) e Valor (Mil Reais) da Produção por Tipo de Lavoura Temporária - 2024 ri baixo",20,"Tabela 44 - Área colhida (Hectares), Quantidade Produzida (Toneladas) e Valor (Mil Reais) da Produção por Tipo de Lavoura Temporária - 2024 ri baixo","..\..\Desktop\tabelas-powerBI\3 Baixo Amazonas\Tabela 44 - Área colhida (Hectares), Quantidade Produzida (Toneladas) e Valor (Mil Reais) da Produção por Tipo de Lavoura Temporária - 2024 ri baixo.xlsx",Baixo Amazonas,1759249,27.0
Oriximiná,10,8,11,-,-,-,-,-,-,3 Baixo Amazonas,44,"Área colhida (Hectares), Quantidade Produzida (Toneladas) e Valor (Mil Reais) da Produção por Tipo de Lavoura Temporária - 2024 ri baixo",20,"Tabela 44 - Área colhida (Hectares), Quantidade Produzida (Toneladas) e Valor (Mil Reais) da Produção por Tipo de Lavoura Temporária - 2024 ri baixo","..\..\Desktop\tabelas-powerBI\3 Baixo Amazonas\Tabela 44 - Área colhida (Hectares), Quantidade Produzida (Toneladas) e Valor (Mil Reais) da Produção por Tipo de Lavoura Temporária - 2024 ri baixo.xlsx",Baixo Amazonas,1759249,117.0
Prainha,2000,1520,2432,-,-,-,-,-,-,3 Baixo Amazonas,44,"Área colhida (Hectares), Quantidade Produzida (Toneladas) e Valor (Mil Reais) da Produção por Tipo de Lavoura Temporária - 2024 ri baixo",20,"Tabela 44 - Área colhida (Hectares), Quantidade Produzida (Toneladas) e Valor (Mil Reais) da Produção por Tipo de Lavoura Temporária - 2024 ri baixo","..\..\Desktop\tabelas-powerBI\3 Baixo Amazonas\Tabela 44 - Área colhida (Hectares), Quantidade Produzida (Toneladas) e Valor (Mil Reais) da Produção por Tipo de Lavoura Temporária - 2024 ri baixo.xlsx",Baixo Amazonas,1759249,100.0
Santarém,700,1890,1852,30000,84600,164970,10,200,800,3 Baixo Amazonas,44,"Área colhida (Hectares), Quantidade Produzida (Toneladas) e Valor (Mil Reais) da Produção por Tipo de Lavoura Temporária - 2024 ri baixo",20,"Tabela 44 - Área colhida (Hectares), Quantidade Produzida (Toneladas) e Valor (Mil Reais) da Produção por Tipo de Lavoura Temporária - 2024 ri baixo","..\..\Desktop\tabelas-powerBI\3 Baixo Amazonas\Tabela 44 - Área colhida (Hectares), Quantidade Produzida (Toneladas) e Valor (Mil Reais) da Produção por Tipo de Lavoura Temporária - 2024 ri baixo.xlsx",Baixo Amazonas,1759249,50400.0
Terra Santa,-,-,-,-,-,-,-,-,-,3 Baixo Amazonas,44,"Área colhida (Hectares), Quantidade Produzida (Toneladas) e Valor (Mil Reais) da Produção por Tipo de Lavoura Temporária - 2024 ri baixo",20,"Tabela 44 - Área colhida (Hectares), Quantidade Produzida (Toneladas) e Valor (Mil Reais) da Produção por Tipo de Lavoura Temporária - 2024 ri baixo","..\..\Desktop\tabelas-powerBI\3 Baixo Amazonas\Tabela 44 - Área colhida (Hectares), Quantidade Produzida (Toneladas) e Valor (Mil Reais) da Produção por Tipo de Lavoura Temporária - 2024 ri baixo.xlsx",Baixo Amazonas,1759249,7.0
Fonte: IBGE/PAM,,,,,,,,,,3 Baixo Amazonas,44,"Área colhida (Hectares), Quantidade Produzida (Toneladas) e Valor (Mil Reais) da Produção por Tipo de Lavoura Temporária - 2024 ri baixo",20,"Tabela 44 - Área colhida (Hectares), Quantidade Produzida (Toneladas) e Valor (Mil Reais) da Produção por Tipo de Lavoura Temporária - 2024 ri baixo","..\..\Desktop\tabelas-powerBI\3 Baixo Amazonas\Tabela 44 - Área colhida (Hectares), Quantidade Produzida (Toneladas) e Valor (Mil Reais) da Produção por Tipo de Lavoura Temporária - 2024 ri baixo.xlsx",Baixo Amazonas,1759249,
Elaboração: FAPESPA,,,,,,,,,,3 Baixo Amazonas,44,"Área colhida (Hectares), Quantidade Produzida (Toneladas) e Valor (Mil Reais) da Produção por Tipo de Lavoura Temporária - 2024 ri baixo",20,"Tabela 44 - Área colhida (Hectares), Quantidade Produzida (Toneladas) e Valor (Mil Reais) da Produção por Tipo de Lavoura Temporária - 2024 ri baixo","..\..\Desktop\tabelas-powerBI\3 Baixo Amazonas\Tabela 44 - Área colhida (Hectares), Quantidade Produzida (Toneladas) e Valor (Mil Reais) da Produção por Tipo de Lavoura Temporária - 2024 ri baixo.xlsx",Baixo Amazonas,1759249,
Nota: A quantidade produzida de abacaxi é expressa em mil frutos,,,,,,,,,,3 Baixo Amazonas,44,"Área colhida (Hectares), Quantidade Produzida (Toneladas) e Valor (Mil Reais) da Produção por Tipo de Lavoura Temporária - 2024 ri baixo",20,"Tabela 44 - Área colhida (Hectares), Quantidade Produzida (Toneladas) e Valor (Mil Reais) da Produção por Tipo de Lavoura Temporária - 2024 ri baixo","..\..\Desktop\tabelas-powerBI\3 Baixo Amazonas\Tabela 44 - Área colhida (Hectares), Quantidade Produzida (Toneladas) e Valor (Mil Reais) da Produção por Tipo de Lavoura Temporária - 2024 ri baixo.xlsx",Baixo Amazonas,1759249,
RI Baixo Amazonas,4458,8000,13416,118900,351174,698019,54,1164,5040,3 Baixo Amazonas,44,"Área colhida (Hectares), Quantidade Produzida (Toneladas) e Valor (Mil Reais) da Produção por Tipo de Lavoura Temporária - 2024 ri baixo",20,"Tabela 44 - Área colhida (Hectares), Quantidade Produzida (Toneladas) e Valor (Mil Reais) da Produção por Tipo de Lavoura Temporária - 2024 ri baixo","..\..\Desktop\tabelas-powerBI\3 Baixo Amazonas\Tabela 44 - Área colhida (Hectares), Quantidade Produzida (Toneladas) e Valor (Mil Reais) da Produção por Tipo de Lavoura Temporária - 2024 ri baixo.xlsx",Baixo Amazonas,1562172,156678.0
Alenquer,30,50,90,-,-,-,2,40,160,3 Baixo Amazonas,44,"Área colhida (Hectares), Quantidade Produzida (Toneladas) e Valor (Mil Reais) da Produção por Tipo de Lavoura Temporária - 2024 ri baixo",20,"Tabela 44 - Área colhida (Hectares), Quantidade Produzida (Toneladas) e Valor (Mil Reais) da Produção por Tipo de Lavoura Temporária - 2024 ri baixo","..\..\Desktop\tabelas-powerBI\3 Baixo Amazonas\Tabela 44 - Área colhida (Hectares), Quantidade Produzida (Toneladas) e Valor (Mil Reais) da Produção por Tipo de Lavoura Temporária - 2024 ri baixo.xlsx",Baixo Amazonas,1562172,6800.0
Almeirim,-,-,-,-,-,-,-,-,-,3 Baixo Amazonas,44,"Área colhida (Hectares), Quantidade Produzida (Toneladas) e Valor (Mil Reais) da Produção por Tipo de Lavoura Temporária - 2024 ri baixo",20,"Tabela 44 - Área colhida (Hectares), Quantidade Produzida (Toneladas) e Valor (Mil Reais) da Produção por Tipo de Lavoura Temporária - 2024 ri baixo","..\..\Desktop\tabelas-powerBI\3 Baixo Amazonas\Tabela 44 - Área colhida (Hectares), Quantidade Produzida (Toneladas) e Valor (Mil Reais) da Produção por Tipo de Lavoura Temporária - 2024 ri baixo.xlsx",Baixo Amazonas,1562172,160.0
Belterra,189,510,1020,29400,88200,176400,2,24,120,3 Baixo Amazonas,44,"Área colhida (Hectares), Quantidade Produzida (Toneladas) e Valor (Mil Reais) da Produção por Tipo de Lavoura Temporária - 2024 ri baixo",20,"Tabela 44 - Área colhida (Hectares), Quantidade Produzida (Toneladas) e Valor (Mil Reais) da Produção por Tipo de Lavoura Temporária - 2024 ri baixo","..\..\Desktop\tabelas-powerBI\3 Baixo Amazonas\Tabela 44 - Área colhida (Hectares), Quantidade Produzida (Toneladas) e Valor (Mil Reais) da Produção por Tipo de Lavoura Temporária - 2024 ri baixo.xlsx",Baixo Amazonas,1562172,35099.0
Curuá,3,2,4,-,-,-,-,-,-,3 Baixo Amazonas,44,"Área colhida (Hectares), Quantidade Produzida (Toneladas) e Valor (Mil Reais) da Produção por Tipo de Lavoura Temporária - 2024 ri baixo",20,"Tabela 44 - Área colhida (Hectares), Quantidade Produzida (Toneladas) e Valor (Mil Reais) da Produção por Tipo de Lavoura Temporária - 2024 ri baixo","..\..\Desktop\tabelas-powerBI\3 Baixo Amazonas\Tabela 44 - Área colhida (Hectares), Quantidade Produzida (Toneladas) e Valor (Mil Reais) da Produção por Tipo de Lavoura Temporária - 2024 ri baixo.xlsx",Baixo Amazonas,1562172,30.0
Faro,-,-,-,-,-,-,-,-,-,3 Baixo Amazonas,44,"Área colhida (Hectares), Quantidade Produzida (Toneladas) e Valor (Mil Reais) da Produção por Tipo de Lavoura Temporária - 2024 ri baixo",20,"Tabela 44 - Área colhida (Hectares), Quantidade Produzida (Toneladas) e Valor (Mil Reais) da Produção por Tipo de Lavoura Temporária - 2024 ri baixo","..\..\Desktop\tabelas-powerBI\3 Baixo Amazonas\Tabela 44 - Área colhida (Hectares), Quantidade Produzida (Toneladas) e Valor (Mil Reais) da Produção por Tipo de Lavoura Temporária - 2024 ri baixo.xlsx",Baixo Amazonas,1562172,1.0
Juruti,-,-,-,-,-,-,-,-,-,3 Baixo Amazonas,44,"Área colhida (Hectares), Quantidade Produzida (Toneladas) e Valor (Mil Reais) da Produção por Tipo de Lavoura Temporária - 2024 ri baixo",20,"Tabela 44 - Área colhida (Hectares), Quantidade Produzida (Toneladas) e Valor (Mil Reais) da Produção por Tipo de Lavoura Temporária - 2024 ri baixo","..\..\Desktop\tabelas-powerBI\3 Baixo Amazonas\Tabela 44 - Área colhida (Hectares), Quantidade Produzida (Toneladas) e Valor (Mil Reais) da Produção por Tipo de Lavoura Temporária - 2024 ri baixo.xlsx",Baixo Amazonas,1562172,4.0
Mojuí dos Campos,1431,3864,7728,58800,176400,352800,-,-,-,3 Baixo Amazonas,44,"Área colhida (Hectares), Quantidade Produzida (Toneladas) e Valor (Mil Reais) da Produção por Tipo de Lavoura Temporária - 2024 ri baixo",20,"Tabela 44 - Área colhida (Hectares), Quantidade Produzida (Toneladas) e Valor (Mil Reais) da Produção por Tipo de Lavoura Temporária - 2024 ri baixo","..\..\Desktop\tabelas-powerBI\3 Baixo Amazonas\Tabela 44 - Área colhida (Hectares), Quantidade Produzida (Toneladas) e Valor (Mil Reais) da Produção por Tipo de Lavoura Temporária - 2024 ri baixo.xlsx",Baixo Amazonas,1562172,67293.0
Monte Alegre,80,144,262,700,1974,3849,40,900,3960,3 Baixo Amazonas,44,"Área colhida (Hectares), Quantidade Produzida (Toneladas) e Valor (Mil Reais) da Produção por Tipo de Lavoura Temporária - 2024 ri baixo",20,"Tabela 44 - Área colhida (Hectares), Quantidade Produzida (Toneladas) e Valor (Mil Reais) da Produção por Tipo de Lavoura Temporária - 2024 ri baixo","..\..\Desktop\tabelas-powerBI\3 Baixo Amazonas\Tabela 44 - Área colhida (Hectares), Quantidade Produzida (Toneladas) e Valor (Mil Reais) da Produção por Tipo de Lavoura Temporária - 2024 ri baixo.xlsx",Baixo Amazonas,1562172,4987.0
Óbidos,15,12,17,-,-,-,-,-,-,3 Baixo Amazonas,44,"Área colhida (Hectares), Quantidade Produzida (Toneladas) e Valor (Mil Reais) da Produção por Tipo de Lavoura Temporária - 2024 ri baixo",20,"Tabela 44 - Área colhida (Hectares), Quantidade Produzida (Toneladas) e Valor (Mil Reais) da Produção por Tipo de Lavoura Temporária - 2024 ri baixo","..\..\Desktop\tabelas-powerBI\3 Baixo Amazonas\Tabela 44 - Área colhida (Hectares), Quantidade Produzida (Toneladas) e Valor (Mil Reais) da Produção por Tipo de Lavoura Temporária - 2024 ri baixo.xlsx",Baixo Amazonas,1562172,31.0
Oriximiná,10,8,11,-,-,-,-,-,-,3 Baixo Amazonas,44,"Área colhida (Hectares), Quantidade Produzida (Toneladas) e Valor (Mil Reais) da Produção por Tipo de Lavoura Temporária - 2024 ri baixo",20,"Tabela 44 - Área colhida (Hectares), Quantidade Produzida (Toneladas) e Valor (Mil Reais) da Produção por Tipo de Lavoura Temporária - 2024 ri baixo","..\..\Desktop\tabelas-powerBI\3 Baixo Amazonas\Tabela 44 - Área colhida (Hectares), Quantidade Produzida (Toneladas) e Valor (Mil Reais) da Produção por Tipo de Lavoura Temporária - 2024 ri baixo.xlsx",Baixo Amazonas,1562172,152.0
Prainha,2000,1520,2432,-,-,-,-,-,-,3 Baixo Amazonas,44,"Área colhida (Hectares), Quantidade Produzida (Toneladas) e Valor (Mil Reais) da Produção por Tipo de Lavoura Temporária - 2024 ri baixo",20,"Tabela 44 - Área colhida (Hectares), Quantidade Produzida (Toneladas) e Valor (Mil Reais) da Produção por Tipo de Lavoura Temporária - 2024 ri baixo","..\..\Desktop\tabelas-powerBI\3 Baixo Amazonas\Tabela 44 - Área colhida (Hectares), Quantidade Produzida (Toneladas) e Valor (Mil Reais) da Produção por Tipo de Lavoura Temporária - 2024 ri baixo.xlsx",Baixo Amazonas,1562172,100.0
Santarém,700,1890,1852,30000,84600,164970,10,200,800,3 Baixo Amazonas,44,"Área colhida (Hectares), Quantidade Produzida (Toneladas) e Valor (Mil Reais) da Produção por Tipo de Lavoura Temporária - 2024 ri baixo",20,"Tabela 44 - Área colhida (Hectares), Quantidade Produzida (Toneladas) e Valor (Mil Reais) da Produção por Tipo de Lavoura Temporária - 2024 ri baixo","..\..\Desktop\tabelas-powerBI\3 Baixo Amazonas\Tabela 44 - Área colhida (Hectares), Quantidade Produzida (Toneladas) e Valor (Mil Reais) da Produção por Tipo de Lavoura Temporária - 2024 ri baixo.xlsx",Baixo Amazonas,1562172,42014.0
Terra Santa,-,-,-,-,-,-,-,-,-,3 Baixo Amazonas,44,"Área colhida (Hectares), Quantidade Produzida (Toneladas) e Valor (Mil Reais) da Produção por Tipo de Lavoura Temporária - 2024 ri baixo",20,"Tabela 44 - Área colhida (Hectares), Quantidade Produzida (Toneladas) e Valor (Mil Reais) da Produção por Tipo de Lavoura Temporária - 2024 ri baixo","..\..\Desktop\tabelas-powerBI\3 Baixo Amazonas\Tabela 44 - Área colhida (Hectares), Quantidade Produzida (Toneladas) e Valor (Mil Reais) da Produção por Tipo de Lavoura Temporária - 2024 ri baixo.xlsx",Baixo Amazonas,1562172,7.0
Fonte: IBGE/PAM,,,,,,,,,,3 Baixo Amazonas,44,"Área colhida (Hectares), Quantidade Produzida (Toneladas) e Valor (Mil Reais) da Produção por Tipo de Lavoura Temporária - 2024 ri baixo",20,"Tabela 44 - Área colhida (Hectares), Quantidade Produzida (Toneladas) e Valor (Mil Reais) da Produção por Tipo de Lavoura Temporária - 2024 ri baixo","..\..\Desktop\tabelas-powerBI\3 Baixo Amazonas\Tabela 44 - Área colhida (Hectares), Quantidade Produzida (Toneladas) e Valor (Mil Reais) da Produção por Tipo de Lavoura Temporária - 2024 ri baixo.xlsx",Baixo Amazonas,1562172,
Elaboração: FAPESPA,,,,,,,,,,3 Baixo Amazonas,44,"Área colhida (Hectares), Quantidade Produzida (Toneladas) e Valor (Mil Reais) da Produção por Tipo de Lavoura Temporária - 2024 ri baixo",20,"Tabela 44 - Área colhida (Hectares), Quantidade Produzida (Toneladas) e Valor (Mil Reais) da Produção por Tipo de Lavoura Temporária - 2024 ri baixo","..\..\Desktop\tabelas-powerBI\3 Baixo Amazonas\Tabela 44 - Área colhida (Hectares), Quantidade Produzida (Toneladas) e Valor (Mil Reais) da Produção por Tipo de Lavoura Temporária - 2024 ri baixo.xlsx",Baixo Amazonas,1562172,
Nota: A quantidade produzida de abacaxi é expressa em mil frutos,,,,,,,,,,3 Baixo Amazonas,44,"Área colhida (Hectares), Quantidade Produzida (Toneladas) e Valor (Mil Reais) da Produção por Tipo de Lavoura Temporária - 2024 ri baixo",20,"Tabela 44 - Área colhida (Hectares), Quantidade Produzida (Toneladas) e Valor (Mil Reais) da Produção por Tipo de Lavoura Temporária - 2024 ri baixo","..\..\Desktop\tabelas-powerBI\3 Baixo Amazonas\Tabela 44 - Área colhida (Hectares), Quantidade Produzida (Toneladas) e Valor (Mil Reais) da Produção por Tipo de Lavoura Temporária - 2024 ri baixo.xlsx",Baixo Amazonas,1562172,
