Par,regiao,tabela_num,titulo,ano,arquivo,arquivo_path,aba,variavel,valor
RI Baixo Amazonas,3 Baixo Amazonas,22,"Tabela 22 – Caracterização Hospitalar – Equip de Manutenção da Vida, Equip de Diagnóstico e Infra - 2025 ri baixo amazonas",20,"Tabela 22 – Caracterização Hospitalar – Equip de Manutenção da Vida, Equip de Diagnóstico e Infra - 2025 ri baixo amazonas","..\..\Desktop\tabelas-powerBI\3 Baixo Amazonas\Tabela 22 – Caracterização Hospitalar – Equip de Manutenção da Vida, Equip de Diagnóstico e Infra - 2025 ri baixo amazonas.xlsx",Baixo Amazonas,1560,86.0
Alenquer,3 Baixo Amazonas,22,"Tabela 22 – Caracterização Hospitalar – Equip de Manutenção da Vida, Equip de Diagnóstico e Infra - 2025 ri baixo amazonas",20,"Tabela 22 – Caracterização Hospitalar – Equip de Manutenção da Vida, Equip de Diagnóstico e Infra - 2025 ri baixo amazonas","..\..\Desktop\tabelas-powerBI\3 Baixo Amazonas\Tabela 22 – Caracterização Hospitalar – Equip de Manutenção da Vida, Equip de Diagnóstico e Infra - 2025 ri baixo amazonas.xlsx",Baixo Amazonas,1560,3.0
Almeirim,3 Baixo Amazonas,22,"Tabela 22 – Caracterização Hospitalar – Equip de Manutenção da Vida, Equip de Diagnóstico e Infra - 2025 ri baixo amazonas",20,"Tabela 22 – Caracterização Hospitalar – Equip de Manutenção da Vida, Equip de Diagnóstico e Infra - 2025 ri baixo amazonas","..\..\Desktop\tabelas-powerBI\3 Baixo Amazonas\Tabela 22 – Caracterização Hospitalar – Equip de Manutenção da Vida, Equip de Diagnóstico e Infra - 2025 ri baixo amazonas.xlsx",Baixo Amazonas,1560,3.0
Belterra,3 Baixo Amazonas,22,"Tabela 22 – Caracterização Hospitalar – Equip de Manutenção da Vida, Equip de Diagnóstico e Infra - 2025 ri baixo amazonas",20,"Tabela 22 – Caracterização Hospitalar – Equip de Manutenção da Vida, Equip de Diagnóstico e Infra - 2025 ri baixo amazonas","..\..\Desktop\tabelas-powerBI\3 Baixo Amazonas\Tabela 22 – Caracterização Hospitalar – Equip de Manutenção da Vida, Equip de Diagnóstico e Infra - 2025 ri baixo amazonas.xlsx",Baixo Amazonas,1560,4.0
Curuá,3 Baixo Amazonas,22,"Tabela 22 – Caracterização Hospitalar – Equip de Manutenção da Vida, Equip de Diagnóstico e Infra - 2025 ri baixo amazonas",20,"Tabela 22 – Caracterização Hospitalar – Equip de Manutenção da Vida, Equip de Diagnóstico e Infra - 2025 ri baixo amazonas","..\..\Desktop\tabelas-powerBI\3 Baixo Amazonas\Tabela 22 – Caracterização Hospitalar – Equip de Manutenção da Vida, Equip de Diagnóstico e Infra - 2025 ri baixo amazonas.xlsx",Baixo Amazonas,1560,0.0
Faro,3 Baixo Amazonas,22,"Tabela 22 – Caracterização Hospitalar – Equip de Manutenção da Vida, Equip de Diagnóstico e Infra - 2025 ri baixo amazonas",20,"Tabela 22 – Caracterização Hospitalar – Equip de Manutenção da Vida, Equip de Diagnóstico e Infra - 2025 ri baixo amazonas","..\..\Desktop\tabelas-powerBI\3 Baixo Amazonas\Tabela 22 – Caracterização Hospitalar – Equip de Manutenção da Vida, Equip de Diagnóstico e Infra - 2025 ri baixo amazonas.xlsx",Baixo Amazonas,1560,6.0
Juruti,3 Baixo Amazonas,22,"Tabela 22 – Caracterização Hospitalar – Equip de Manutenção da Vida, Equip de Diagnóstico e Infra - 2025 ri baixo amazonas",20,"Tabela 22 – Caracterização Hospitalar – Equip de Manutenção da Vida, Equip de Diagnóstico e Infra - 2025 ri baixo amazonas","..\..\Desktop\tabelas-powerBI\3 Baixo Amazonas\Tabela 22 – Caracterização Hospitalar – Equip de Manutenção da Vida, Equip de Diagnóstico e Infra - 2025 ri baixo amazonas.xlsx",Baixo Amazonas,1560,11.0
Mojuí dos Campos,3 Baixo Amazonas,22,"Tabela 22 – Caracterização Hospitalar – Equip de Manutenção da Vida, Equip de Diagnóstico e Infra - 2025 ri baixo amazonas",20,"Tabela 22 – Caracterização Hospitalar – Equip de Manutenção da Vida, Equip de Diagnóstico e Infra - 2025 ri baixo amazonas","..\..\Desktop\tabelas-powerBI\3 Baixo Amazonas\Tabela 22 – Caracterização Hospitalar – Equip de Manutenção da Vida, Equip de Diagnóstico e Infra - 2025 ri baixo amazonas.xlsx",Baixo Amazonas,1560,0.0
Monte Alegre,3 Baixo Amazonas,22,"Tabela 22 – Caracterização Hospitalar – Equip de Manutenção da Vida, Equip de Diagnóstico e Infra - 2025 ri baixo amazonas",20,"Tabela 22 – Caracterização Hospitalar – Equip de Manutenção da Vida, Equip de Diagnóstico e Infra - 2025 ri baixo amazonas","..\..\Desktop\tabelas-powerBI\3 Baixo Amazonas\Tabela 22 – Caracterização Hospitalar – Equip de Manutenção da Vida, Equip de Diagnóstico e Infra - 2025 ri baixo amazonas.xlsx",Baixo Amazonas,1560,1.0
Óbidos,3 Baixo Amazonas,22,"Tabela 22 – Caracterização Hospitalar – Equip de Manutenção da Vida, Equip de Diagnóstico e Infra - 2025 ri baixo amazonas",20,"Tabela 22 – Caracterização Hospitalar – Equip de Manutenção da Vida, Equip de Diagnóstico e Infra - 2025 ri baixo amazonas","..\..\Desktop\tabelas-powerBI\3 Baixo Amazonas\Tabela 22 – Caracterização Hospitalar – Equip de Manutenção da Vida, Equip de Diagnóstico e Infra - 2025 ri baixo amazonas.xlsx",Baixo Amazonas,1560,9.0
Oriximiná,3 Baixo Amazonas,22,"Tabela 22 – Caracterização Hospitalar – Equip de Manutenção da Vida, Equip de Diagnóstico e Infra - 2025 ri baixo amazonas",20,"Tabela 22 – Caracterização Hospitalar – Equip de Manutenção da Vida, Equip de Diagnóstico e Infra - 2025 ri baixo amazonas","..\..\Desktop\tabelas-powerBI\3 Baixo Amazonas\Tabela 22 – Caracterização Hospitalar – Equip de Manutenção da Vida, Equip de Diagnóstico e Infra - 2025 ri baixo amazonas.xlsx",Baixo Amazonas,1560,2.0
Prainha,3 Baixo Amazonas,22,"Tabela 22 – Caracterização Hospitalar – Equip de Manutenção da Vida, Equip de Diagnóstico e Infra - 2025 ri baixo amazonas",20,"Tabela 22 – Caracterização Hospitalar – Equip de Manutenção da Vida, Equip de Diagnóstico e Infra - 2025 ri baixo amazonas","..\..\Desktop\tabelas-powerBI\3 Baixo Amazonas\Tabela 22 – Caracterização Hospitalar – Equip de Manutenção da Vida, Equip de Diagnóstico e Infra - 2025 ri baixo amazonas.xlsx",Baixo Amazonas,1560,1.0
Santarém,3 Baixo Amazonas,22,"Tabela 22 – Caracterização Hospitalar – Equip de Manutenção da Vida, Equip de Diagnóstico e Infra - 2025 ri baixo amazonas",20,"Tabela 22 – Caracterização Hospitalar – Equip de Manutenção da Vida, Equip de Diagnóstico e Infra - 2025 ri baixo amazonas","..\..\Desktop\tabelas-powerBI\3 Baixo Amazonas\Tabela 22 – Caracterização Hospitalar – Equip de Manutenção da Vida, Equip de Diagnóstico e Infra - 2025 ri baixo amazonas.xlsx",Baixo Amazonas,1560,44.0
Terra Santa,3 Baixo Amazonas,22,"Tabela 22 – Caracterização Hospitalar – Equip de Manutenção da Vida, Equip de Diagnóstico e Infra - 2025 ri baixo amazonas",20,"Tabela 22 – Caracterização Hospitalar – Equip de Manutenção da Vida, Equip de Diagnóstico e Infra - 2025 ri baixo amazonas","..\..\Desktop\tabelas-powerBI\3 Baixo Amazonas\Tabela 22 – Caracterização Hospitalar – Equip de Manutenção da Vida, Equip de Diagnóstico e Infra - 2025 ri baixo amazonas.xlsx",Baixo Amazonas,1560,2.0
Fonte: DATASUS,3 Baixo Amazonas,22,"Tabela 22 – Caracterização Hospitalar – Equip de Manutenção da Vida, Equip de Diagnóstico e Infra - 2025 ri baixo amazonas",20,"Tabela 22 – Caracterização Hospitalar – Equip de Manutenção da Vida, Equip de Diagnóstico e Infra - 2025 ri baixo amazonas","..\..\Desktop\tabelas-powerBI\3 Baixo Amazonas\Tabela 22 – Caracterização Hospitalar – Equip de Manutenção da Vida, Equip de Diagnóstico e Infra - 2025 ri baixo amazonas.xlsx",Baixo Amazonas,1560,
Elaboração: FAPESPA,3 Baixo Amazonas,22,"Tabela 22 – Caracterização Hospitalar – Equip de Manutenção da Vida, Equip de Diagnóstico e Infra - 2025 ri baixo amazonas",20,"Tabela 22 – Caracterização Hospitalar – Equip de Manutenção da Vida, Equip de Diagnóstico e Infra - 2025 ri baixo amazonas","..\..\Desktop\tabelas-powerBI\3 Baixo Amazonas\Tabela 22 – Caracterização Hospitalar – Equip de Manutenção da Vida, Equip de Diagnóstico e Infra - 2025 ri baixo amazonas.xlsx",Baixo Amazonas,1560,
*Nota: Dados referentes a Outubro/2025.,3 Baixo Amazonas,22,"Tabela 22 – Caracterização Hospitalar – Equip de Manutenção da Vida, Equip de Diagnóstico e Infra - 2025 ri baixo amazonas",20,"Tabela 22 – Caracterização Hospitalar – Equip de Manutenção da Vida, Equip de Diagnóstico e Infra - 2025 ri baixo amazonas","..\..\Desktop\tabelas-powerBI\3 Baixo Amazonas\Tabela 22 – Caracterização Hospitalar – Equip de Manutenção da Vida, Equip de Diagnóstico e Infra - 2025 ri baixo amazonas.xlsx",Baixo Amazonas,1560,
RI Baixo Amazonas,3 Baixo Amazonas,22,"Tabela 22 – Caracterização Hospitalar – Equip de Manutenção da Vida, Equip de Diagnóstico e Infra - 2025 ri baixo amazonas",20,"Tabela 22 – Caracterização Hospitalar – Equip de Manutenção da Vida, Equip de Diagnóstico e Infra - 2025 ri baixo amazonas","..\..\Desktop\tabelas-powerBI\3 Baixo Amazonas\Tabela 22 – Caracterização Hospitalar – Equip de Manutenção da Vida, Equip de Diagnóstico e Infra - 2025 ri baixo amazonas.xlsx",Baixo Amazonas,1444,82.0
Alenquer,3 Baixo Amazonas,22,"Tabela 22 – Caracterização Hospitalar – Equip de Manutenção da Vida, Equip de Diagnóstico e Infra - 2025 ri baixo amazonas",20,"Tabela 22 – Caracterização Hospitalar – Equip de Manutenção da Vida, Equip de Diagnóstico e Infra - 2025 ri baixo amazonas","..\..\Desktop\tabelas-powerBI\3 Baixo Amazonas\Tabela 22 – Caracterização Hospitalar – Equip de Manutenção da Vida, Equip de Diagnóstico e Infra - 2025 ri baixo amazonas.xlsx",Baixo Amazonas,1444,3.0
Almeirim,3 Baixo Amazonas,22,"Tabela 22 – Caracterização Hospitalar – Equip de Manutenção da Vida, Equip de Diagnóstico e Infra - 2025 ri baixo amazonas",20,"Tabela 22 – Caracterização Hospitalar – Equip de Manutenção da Vida, Equip de Diagnóstico e Infra - 2025 ri baixo amazonas","..\..\Desktop\tabelas-powerBI\3 Baixo Amazonas\Tabela 22 – Caracterização Hospitalar – Equip de Manutenção da Vida, Equip de Diagnóstico e Infra - 2025 ri baixo amazonas.xlsx",Baixo Amazonas,1444,3.0
Belterra,3 Baixo Amazonas,22,"Tabela 22 – Caracterização Hospitalar – Equip de Manutenção da Vida, Equip de Diagnóstico e Infra - 2025 ri baixo amazonas",20,"Tabela 22 – Caracterização Hospitalar – Equip de Manutenção da Vida, Equip de Diagnóstico e Infra - 2025 ri baixo amazonas","..\..\Desktop\tabelas-powerBI\3 Baixo Amazonas\Tabela 22 – Caracterização Hospitalar – Equip de Manutenção da Vida, Equip de Diagnóstico e Infra - 2025 ri baixo amazonas.xlsx",Baixo Amazonas,1444,4.0
Curuá,3 Baixo Amazonas,22,"Tabela 22 – Caracterização Hospitalar – Equip de Manutenção da Vida, Equip de Diagnóstico e Infra - 2025 ri baixo amazonas",20,"Tabela 22 – Caracterização Hospitalar – Equip de Manutenção da Vida, Equip de Diagnóstico e Infra - 2025 ri baixo amazonas","..\..\Desktop\tabelas-powerBI\3 Baixo Amazonas\Tabela 22 – Caracterização Hospitalar – Equip de Manutenção da Vida, Equip de Diagnóstico e Infra - 2025 ri baixo amazonas.xlsx",Baixo Amazonas,1444,0.0
Faro,3 Baixo Amazonas,22,"Tabela 22 – Caracterização Hospitalar – Equip de Manutenção da Vida, Equip de Diagnóstico e Infra - 2025 ri baixo amazonas",20,"Tabela 22 – Caracterização Hospitalar – Equip de Manutenção da Vida, Equip de Diagnóstico e Infra - 2025 ri baixo amazonas","..\..\Desktop\tabelas-powerBI\3 Baixo Amazonas\Tabela 22 – Caracterização Hospitalar – Equip de Manutenção da Vida, Equip de Diagnóstico e Infra - 2025 ri baixo amazonas.xlsx",Baixo Amazonas,1444,6.0
Juruti,3 Baixo Amazonas,22,"Tabela 22 – Caracterização Hospitalar – Equip de Manutenção da Vida, Equip de Diagnóstico e Infra - 2025 ri baixo amazonas",20,"Tabela 22 – Caracterização Hospitalar – Equip de Manutenção da Vida, Equip de Diagnóstico e Infra - 2025 ri baixo amazonas","..\..\Desktop\tabelas-powerBI\3 Baixo Amazonas\Tabela 22 – Caracterização Hospitalar – Equip de Manutenção da Vida, Equip de Diagnóstico e Infra - 2025 ri baixo amazonas.xlsx",Baixo Amazonas,1444,7.0
Mojuí dos Campos,3 Baixo Amazonas,22,"Tabela 22 – Caracterização Hospitalar – Equip de Manutenção da Vida, Equip de Diagnóstico e Infra - 2025 ri baixo amazonas",20,"Tabela 22 – Caracterização Hospitalar – Equip de Manutenção da Vida, Equip de Diagnóstico e Infra - 2025 ri baixo amazonas","..\..\Desktop\tabelas-powerBI\3 Baixo Amazonas\Tabela 22 – Caracterização Hospitalar – Equip de Manutenção da Vida, Equip de Diagnóstico e Infra - 2025 ri baixo amazonas.xlsx",Baixo Amazonas,1444,0.0
Monte Alegre,3 Baixo Amazonas,22,"Tabela 22 – Caracterização Hospitalar – Equip de Manutenção da Vida, Equip de Diagnóstico e Infra - 2025 ri baixo amazonas",20,"Tabela 22 – Caracterização Hospitalar – Equip de Manutenção da Vida, Equip de Diagnóstico e Infra - 2025 ri baixo amazonas","..\..\Desktop\tabelas-powerBI\3 Baixo Amazonas\Tabela 22 – Caracterização Hospitalar – Equip de Manutenção da Vida, Equip de Diagnóstico e Infra - 2025 ri baixo amazonas.xlsx",Baixo Amazonas,1444,1.0
Óbidos,3 Baixo Amazonas,22,"Tabela 22 – Caracterização Hospitalar – Equip de Manutenção da Vida, Equip de Diagnóstico e Infra - 2025 ri baixo amazonas",20,"Tabela 22 – Caracterização Hospitalar – Equip de Manutenção da Vida, Equip de Diagnóstico e Infra - 2025 ri baixo amazonas","..\..\Desktop\tabelas-powerBI\3 Baixo Amazonas\Tabela 22 – Caracterização Hospitalar – Equip de Manutenção da Vida, Equip de Diagnóstico e Infra - 2025 ri baixo amazonas.xlsx",Baixo Amazonas,1444,9.0
Oriximiná,3 Baixo Amazonas,22,"Tabela 22 – Caracterização Hospitalar – Equip de Manutenção da Vida, Equip de Diagnóstico e Infra - 2025 ri baixo amazonas",20,"Tabela 22 – Caracterização Hospitalar – Equip de Manutenção da Vida, Equip de Diagnóstico e Infra - 2025 ri baixo amazonas","..\..\Desktop\tabelas-powerBI\3 Baixo Amazonas\Tabela 22 – Caracterização Hospitalar – Equip de Manutenção da Vida, Equip de Diagnóstico e Infra - 2025 ri baixo amazonas.xlsx",Baixo Amazonas,1444,2.0
Prainha,3 Baixo Amazonas,22,"Tabela 22 – Caracterização Hospitalar – Equip de Manutenção da Vida, Equip de Diagnóstico e Infra - 2025 ri baixo amazonas",20,"Tabela 22 – Caracterização Hospitalar – Equip de Manutenção da Vida, Equip de Diagnóstico e Infra - 2025 ri baixo amazonas","..\..\Desktop\tabelas-powerBI\3 Baixo Amazonas\Tabela 22 – Caracterização Hospitalar – Equip de Manutenção da Vida, Equip de Diagnóstico e Infra - 2025 ri baixo amazonas.xlsx",Baixo Amazonas,1444,1.0
Santarém,3 Baixo Amazonas,22,"Tabela 22 – Caracterização Hospitalar – Equip de Manutenção da Vida, Equip de Diagnóstico e Infra - 2025 ri baixo amazonas",20,"Tabela 22 – Caracterização Hospitalar – Equip de Manutenção da Vida, Equip de Diagnóstico e Infra - 2025 ri baixo amazonas","..\..\Desktop\tabelas-powerBI\3 Baixo Amazonas\Tabela 22 – Caracterização Hospitalar – Equip de Manutenção da Vida, Equip de Diagnóstico e Infra - 2025 ri baixo amazonas.xlsx",Baixo Amazonas,1444,44.0
Terra Santa,3 Baixo Amazonas,22,"Tabela 22 – Caracterização Hospitalar – Equip de Manutenção da Vida, Equip de Diagnóstico e Infra - 2025 ri baixo amazonas",20,"Tabela 22 – Caracterização Hospitalar – Equip de Manutenção da Vida, Equip de Diagnóstico e Infra - 2025 ri baixo amazonas","..\..\Desktop\tabelas-powerBI\3 Baixo Amazonas\Tabela 22 – Caracterização Hospitalar – Equip de Manutenção da Vida, Equip de Diagnóstico e Infra - 2025 ri baixo amazonas.xlsx",Baixo Amazonas,1444,2.0
Fonte: DATASUS,3 Baixo Amazonas,22,"Tabela 22 – Caracterização Hospitalar – Equip de Manutenção da Vida, Equip de Diagnóstico e Infra - 2025 ri baixo amazonas",20,"Tabela 22 – Caracterização Hospitalar – Equip de Manutenção da Vida, Equip de Diagnóstico e Infra - 2025 ri baixo amazonas","..\..\Desktop\tabelas-powerBI\3 Baixo Amazonas\Tabela 22 – Caracterização Hospitalar – Equip de Manutenção da Vida, Equip de Diagnóstico e Infra - 2025 ri baixo amazonas.xlsx",Baixo Amazonas,1444,
Elaboração: FAPESPA,3 Baixo Amazonas,22,"Tabela 22 – Caracterização Hospitalar – Equip de Manutenção da Vida, Equip de Diagnóstico e Infra - 2025 ri baixo amazonas",20,"Tabela 22 – Caracterização Hospitalar – Equip de Manutenção da Vida, Equip de Diagnóstico e Infra - 2025 ri baixo amazonas","..\..\Desktop\tabelas-powerBI\3 Baixo Amazonas\Tabela 22 – Caracterização Hospitalar – Equip de Manutenção da Vida, Equip de Diagnóstico e Infra - 2025 ri baixo amazonas.xlsx",Baixo Amazonas,1444,
*Nota: Dados referentes a Outubro/2025.,3 Baixo Amazonas,22,"Tabela 22 – Caracterização Hospitalar – Equip de Manutenção da Vida, Equip de Diagnóstico e Infra - 2025 ri baixo amazonas",20,"Tabela 22 – Caracterização Hospitalar – Equip de Manutenção da Vida, Equip de Diagnóstico e Infra - 2025 ri baixo amazonas","..\..\Desktop\tabelas-powerBI\3 Baixo Amazonas\Tabela 22 – Caracterização Hospitalar – Equip de Manutenção da Vida, Equip de Diagnóstico e Infra - 2025 ri baixo amazonas.xlsx",Baixo Amazonas,1444,
RI Baixo Amazonas,3 Baixo Amazonas,22,"Tabela 22 – Caracterização Hospitalar – Equip de Manutenção da Vida, Equip de Diagnóstico e Infra - 2025 ri baixo amazonas",20,"Tabela 22 – Caracterização Hospitalar – Equip de Manutenção da Vida, Equip de Diagnóstico e Infra - 2025 ri baixo amazonas","..\..\Desktop\tabelas-powerBI\3 Baixo Amazonas\Tabela 22 – Caracterização Hospitalar – Equip de Manutenção da Vida, Equip de Diagnóstico e Infra - 2025 ri baixo amazonas.xlsx",Baixo Amazonas,2966,153.0
Alenquer,3 Baixo Amazonas,22,"Tabela 22 – Caracterização Hospitalar – Equip de Manutenção da Vida, Equip de Diagnóstico e Infra - 2025 ri baixo amazonas",20,"Tabela 22 – Caracterização Hospitalar – Equip de Manutenção da Vida, Equip de Diagnóstico e Infra - 2025 ri baixo amazonas","..\..\Desktop\tabelas-powerBI\3 Baixo Amazonas\Tabela 22 – Caracterização Hospitalar – Equip de Manutenção da Vida, Equip de Diagnóstico e Infra - 2025 ri baixo amazonas.xlsx",Baixo Amazonas,2966,3.0
Almeirim,3 Baixo Amazonas,22,"Tabela 22 – Caracterização Hospitalar – Equip de Manutenção da Vida, Equip de Diagnóstico e Infra - 2025 ri baixo amazonas",20,"Tabela 22 – Caracterização Hospitalar – Equip de Manutenção da Vida, Equip de Diagnóstico e Infra - 2025 ri baixo amazonas","..\..\Desktop\tabelas-powerBI\3 Baixo Amazonas\Tabela 22 – Caracterização Hospitalar – Equip de Manutenção da Vida, Equip de Diagnóstico e Infra - 2025 ri baixo amazonas.xlsx",Baixo Amazonas,2966,0.0
Belterra,3 Baixo Amazonas,22,"Tabela 22 – Caracterização Hospitalar – Equip de Manutenção da Vida, Equip de Diagnóstico e Infra - 2025 ri baixo amazonas",20,"Tabela 22 – Caracterização Hospitalar – Equip de Manutenção da Vida, Equip de Diagnóstico e Infra - 2025 ri baixo amazonas","..\..\Desktop\tabelas-powerBI\3 Baixo Amazonas\Tabela 22 – Caracterização Hospitalar – Equip de Manutenção da Vida, Equip de Diagnóstico e Infra - 2025 ri baixo amazonas.xlsx",Baixo Amazonas,2966,0.0
Curuá,3 Baixo Amazonas,22,"Tabela 22 – Caracterização Hospitalar – Equip de Manutenção da Vida, Equip de Diagnóstico e Infra - 2025 ri baixo amazonas",20,"Tabela 22 – Caracterização Hospitalar – Equip de Manutenção da Vida, Equip de Diagnóstico e Infra - 2025 ri baixo amazonas","..\..\Desktop\tabelas-powerBI\3 Baixo Amazonas\Tabela 22 – Caracterização Hospitalar – Equip de Manutenção da Vida, Equip de Diagnóstico e Infra - 2025 ri baixo amazonas.xlsx",Baixo Amazonas,2966,0.0
Faro,3 Baixo Amazonas,22,"Tabela 22 – Caracterização Hospitalar – Equip de Manutenção da Vida, Equip de Diagnóstico e Infra - 2025 ri baixo amazonas",20,"Tabela 22 – Caracterização Hospitalar – Equip de Manutenção da Vida, Equip de Diagnóstico e Infra - 2025 ri baixo amazonas","..\..\Desktop\tabelas-powerBI\3 Baixo Amazonas\Tabela 22 – Caracterização Hospitalar – Equip de Manutenção da Vida, Equip de Diagnóstico e Infra - 2025 ri baixo amazonas.xlsx",Baixo Amazonas,2966,0.0
Juruti,3 Baixo Amazonas,22,"Tabela 22 – Caracterização Hospitalar – Equip de Manutenção da Vida, Equip de Diagnóstico e Infra - 2025 ri baixo amazonas",20,"Tabela 22 – Caracterização Hospitalar – Equip de Manutenção da Vida, Equip de Diagnóstico e Infra - 2025 ri baixo amazonas","..\..\Desktop\tabelas-powerBI\3 Baixo Amazonas\Tabela 22 – Caracterização Hospitalar – Equip de Manutenção da Vida, Equip de Diagnóstico e Infra - 2025 ri baixo amazonas.xlsx",Baixo Amazonas,2966,26.0
Mojuí dos Campos,3 Baixo Amazonas,22,"Tabela 22 – Caracterização Hospitalar – Equip de Manutenção da Vida, Equip de Diagnóstico e Infra - 2025 ri baixo amazonas",20,"Tabela 22 – Caracterização Hospitalar – Equip de Manutenção da Vida, Equip de Diagnóstico e Infra - 2025 ri baixo amazonas","..\..\Desktop\tabelas-powerBI\3 Baixo Amazonas\Tabela 22 – Caracterização Hospitalar – Equip de Manutenção da Vida, Equip de Diagnóstico e Infra - 2025 ri baixo amazonas.xlsx",Baixo Amazonas,2966,0.0
Monte Alegre,3 Baixo Amazonas,22,"Tabela 22 – Caracterização Hospitalar – Equip de Manutenção da Vida, Equip de Diagnóstico e Infra - 2025 ri baixo amazonas",20,"Tabela 22 – Caracterização Hospitalar – Equip de Manutenção da Vida, Equip de Diagnóstico e Infra - 2025 ri baixo amazonas","..\..\Desktop\tabelas-powerBI\3 Baixo Amazonas\Tabela 22 – Caracterização Hospitalar – Equip de Manutenção da Vida, Equip de Diagnóstico e Infra - 2025 ri baixo amazonas.xlsx",Baixo Amazonas,2966,1.0
Óbidos,3 Baixo Amazonas,22,"Tabela 22 – Caracterização Hospitalar – Equip de Manutenção da Vida, Equip de Diagnóstico e Infra - 2025 ri baixo amazonas",20,"Tabela 22 – Caracterização Hospitalar – Equip de Manutenção da Vida, Equip de Diagnóstico e Infra - 2025 ri baixo amazonas","..\..\Desktop\tabelas-powerBI\3 Baixo Amazonas\Tabela 22 – Caracterização Hospitalar – Equip de Manutenção da Vida, Equip de Diagnóstico e Infra - 2025 ri baixo amazonas.xlsx",Baixo Amazonas,2966,4.0
Oriximiná,3 Baixo Amazonas,22,"Tabela 22 – Caracterização Hospitalar – Equip de Manutenção da Vida, Equip de Diagnóstico e Infra - 2025 ri baixo amazonas",20,"Tabela 22 – Caracterização Hospitalar – Equip de Manutenção da Vida, Equip de Diagnóstico e Infra - 2025 ri baixo amazonas","..\..\Desktop\tabelas-powerBI\3 Baixo Amazonas\Tabela 22 – Caracterização Hospitalar – Equip de Manutenção da Vida, Equip de Diagnóstico e Infra - 2025 ri baixo amazonas.xlsx",Baixo Amazonas,2966,6.0
Prainha,3 Baixo Amazonas,22,"Tabela 22 – Caracterização Hospitalar – Equip de Manutenção da Vida, Equip de Diagnóstico e Infra - 2025 ri baixo amazonas",20,"Tabela 22 – Caracterização Hospitalar – Equip de Manutenção da Vida, Equip de Diagnóstico e Infra - 2025 ri baixo amazonas","..\..\Desktop\tabelas-powerBI\3 Baixo Amazonas\Tabela 22 – Caracterização Hospitalar – Equip de Manutenção da Vida, Equip de Diagnóstico e Infra - 2025 ri baixo amazonas.xlsx",Baixo Amazonas,2966,0.0
Santarém,3 Baixo Amazonas,22,"Tabela 22 – Caracterização Hospitalar – Equip de Manutenção da Vida, Equip de Diagnóstico e Infra - 2025 ri baixo amazonas",20,"Tabela 22 – Caracterização Hospitalar – Equip de Manutenção da Vida, Equip de Diagnóstico e Infra - 2025 ri baixo amazonas","..\..\Desktop\tabelas-powerBI\3 Baixo Amazonas\Tabela 22 – Caracterização Hospitalar – Equip de Manutenção da Vida, Equip de Diagnóstico e Infra - 2025 ri baixo amazonas.xlsx",Baixo Amazonas,2966,113.0
Terra Santa,3 Baixo Amazonas,22,"Tabela 22 – Caracterização Hospitalar – Equip de Manutenção da Vida, Equip de Diagnóstico e Infra - 2025 ri baixo amazonas",20,"Tabela 22 – Caracterização Hospitalar – Equip de Manutenção da Vida, Equip de Diagnóstico e Infra - 2025 ri baixo amazonas","..\..\Desktop\tabelas-powerBI\3 Baixo Amazonas\Tabela 22 – Caracterização Hospitalar – Equip de Manutenção da Vida, Equip de Diagnóstico e Infra - 2025 ri baixo amazonas.xlsx",Baixo Amazonas,2966,0.0
Fonte: DATASUS,3 Baixo Amazonas,22,"Tabela 22 – Caracterização Hospitalar – Equip de Manutenção da Vida, Equip de Diagnóstico e Infra - 2025 ri baixo amazonas",20,"Tabela 22 – Caracterização Hospitalar – Equip de Manutenção da Vida, Equip de Diagnóstico e Infra - 2025 ri baixo amazonas","..\..\Desktop\tabelas-powerBI\3 Baixo Amazonas\Tabela 22 – Caracterização Hospitalar – Equip de Manutenção da Vida, Equip de Diagnóstico e Infra - 2025 ri baixo amazonas.xlsx",Baixo Amazonas,2966,
Elaboração: FAPESPA,3 Baixo Amazonas,22,"Tabela 22 – Caracterização Hospitalar – Equip de Manutenção da Vida, Equip de Diagnóstico e Infra - 2025 ri baixo amazonas",20,"Tabela 22 – Caracterização Hospitalar – Equip de Manutenção da Vida, Equip de Diagnóstico e Infra - 2025 ri baixo amazonas","..\..\Desktop\tabelas-powerBI\3 Baixo Amazonas\Tabela 22 – Caracterização Hospitalar – Equip de Manutenção da Vida, Equip de Diagnóstico e Infra - 2025 ri baixo amazonas.xlsx",Baixo Amazonas,2966,
*Nota: Dados referentes a Outubro/2025.,3 Baixo Amazonas,22,"Tabela 22 – Caracterização Hospitalar – Equip de Manutenção da Vida, Equip de Diagnóstico e Infra - 2025 ri baixo amazonas",20,"Tabela 22 – Caracterização Hospitalar – Equip de Manutenção da Vida, Equip de Diagnóstico e Infra - 2025 ri baixo amazonas","..\..\Desktop\tabelas-powerBI\3 Baixo Amazonas\Tabela 22 – Caracterização Hospitalar – Equip de Manutenção da Vida, Equip de Diagnóstico e Infra - 2025 ri baixo amazonas.xlsx",Baixo Amazonas,2966,
RI Baixo Amazonas,3 Baixo Amazonas,22,"Tabela 22 – Caracterização Hospitalar – Equip de Manutenção da Vida, Equip de Diagnóstico e Infra - 2025 ri baixo amazonas",20,"Tabela 22 – Caracterização Hospitalar – Equip de Manutenção da Vida, Equip de Diagnóstico e Infra - 2025 ri baixo amazonas","..\..\Desktop\tabelas-powerBI\3 Baixo Amazonas\Tabela 22 – Caracterização Hospitalar – Equip de Manutenção da Vida, Equip de Diagnóstico e Infra - 2025 ri baixo amazonas.xlsx",Baixo Amazonas,2860,151.0
Alenquer,3 Baixo Amazonas,22,"Tabela 22 – Caracterização Hospitalar – Equip de Manutenção da Vida, Equip de Diagnóstico e Infra - 2025 ri baixo amazonas",20,"Tabela 22 – Caracterização Hospitalar – Equip de Manutenção da Vida, Equip de Diagnóstico e Infra - 2025 ri baixo amazonas","..\..\Desktop\tabelas-powerBI\3 Baixo Amazonas\Tabela 22 – Caracterização Hospitalar – Equip de Manutenção da Vida, Equip de Diagnóstico e Infra - 2025 ri baixo amazonas.xlsx",Baixo Amazonas,2860,3.0
Almeirim,3 Baixo Amazonas,22,"Tabela 22 – Caracterização Hospitalar – Equip de Manutenção da Vida, Equip de Diagnóstico e Infra - 2025 ri baixo amazonas",20,"Tabela 22 – Caracterização Hospitalar – Equip de Manutenção da Vida, Equip de Diagnóstico e Infra - 2025 ri baixo amazonas","..\..\Desktop\tabelas-powerBI\3 Baixo Amazonas\Tabela 22 – Caracterização Hospitalar – Equip de Manutenção da Vida, Equip de Diagnóstico e Infra - 2025 ri baixo amazonas.xlsx",Baixo Amazonas,2860,0.0
Belterra,3 Baixo Amazonas,22,"Tabela 22 – Caracterização Hospitalar – Equip de Manutenção da Vida, Equip de Diagnóstico e Infra - 2025 ri baixo amazonas",20,"Tabela 22 – Caracterização Hospitalar – Equip de Manutenção da Vida, Equip de Diagnóstico e Infra - 2025 ri baixo amazonas","..\..\Desktop\tabelas-powerBI\3 Baixo Amazonas\Tabela 22 – Caracterização Hospitalar – Equip de Manutenção da Vida, Equip de Diagnóstico e Infra - 2025 ri baixo amazonas.xlsx",Baixo Amazonas,2860,0.0
Curuá,3 Baixo Amazonas,22,"Tabela 22 – Caracterização Hospitalar – Equip de Manutenção da Vida, Equip de Diagnóstico e Infra - 2025 ri baixo amazonas",20,"Tabela 22 – Caracterização Hospitalar – Equip de Manutenção da Vida, Equip de Diagnóstico e Infra - 2025 ri baixo amazonas","..\..\Desktop\tabelas-powerBI\3 Baixo Amazonas\Tabela 22 – Caracterização Hospitalar – Equip de Manutenção da Vida, Equip de Diagnóstico e Infra - 2025 ri baixo amazonas.xlsx",Baixo Amazonas,2860,0.0
Faro,3 Baixo Amazonas,22,"Tabela 22 – Caracterização Hospitalar – Equip de Manutenção da Vida, Equip de Diagnóstico e Infra - 2025 ri baixo amazonas",20,"Tabela 22 – Caracterização Hospitalar – Equip de Manutenção da Vida, Equip de Diagnóstico e Infra - 2025 ri baixo amazonas","..\..\Desktop\tabelas-powerBI\3 Baixo Amazonas\Tabela 22 – Caracterização Hospitalar – Equip de Manutenção da Vida, Equip de Diagnóstico e Infra - 2025 ri baixo amazonas.xlsx",Baixo Amazonas,2860,0.0
Juruti,3 Baixo Amazonas,22,"Tabela 22 – Caracterização Hospitalar – Equip de Manutenção da Vida, Equip de Diagnóstico e Infra - 2025 ri baixo amazonas",20,"Tabela 22 – Caracterização Hospitalar – Equip de Manutenção da Vida, Equip de Diagnóstico e Infra - 2025 ri baixo amazonas","..\..\Desktop\tabelas-powerBI\3 Baixo Amazonas\Tabela 22 – Caracterização Hospitalar – Equip de Manutenção da Vida, Equip de Diagnóstico e Infra - 2025 ri baixo amazonas.xlsx",Baixo Amazonas,2860,24.0
Mojuí dos Campos,3 Baixo Amazonas,22,"Tabela 22 – Caracterização Hospitalar – Equip de Manutenção da Vida, Equip de Diagnóstico e Infra - 2025 ri baixo amazonas",20,"Tabela 22 – Caracterização Hospitalar – Equip de Manutenção da Vida, Equip de Diagnóstico e Infra - 2025 ri baixo amazonas","..\..\Desktop\tabelas-powerBI\3 Baixo Amazonas\Tabela 22 – Caracterização Hospitalar – Equip de Manutenção da Vida, Equip de Diagnóstico e Infra - 2025 ri baixo amazonas.xlsx",Baixo Amazonas,2860,0.0
Monte Alegre,3 Baixo Amazonas,22,"Tabela 22 – Caracterização Hospitalar – Equip de Manutenção da Vida, Equip de Diagnóstico e Infra - 2025 ri baixo amazonas",20,"Tabela 22 – Caracterização Hospitalar – Equip de Manutenção da Vida, Equip de Diagnóstico e Infra - 2025 ri baixo amazonas","..\..\Desktop\tabelas-powerBI\3 Baixo Amazonas\Tabela 22 – Caracterização Hospitalar – Equip de Manutenção da Vida, Equip de Diagnóstico e Infra - 2025 ri baixo amazonas.xlsx",Baixo Amazonas,2860,1.0
Óbidos,3 Baixo Amazonas,22,"Tabela 22 – Caracterização Hospitalar – Equip de Manutenção da Vida, Equip de Diagnóstico e Infra - 2025 ri baixo amazonas",20,"Tabela 22 – Caracterização Hospitalar – Equip de Manutenção da Vida, Equip de Diagnóstico e Infra - 2025 ri baixo amazonas","..\..\Desktop\tabelas-powerBI\3 Baixo Amazonas\Tabela 22 – Caracterização Hospitalar – Equip de Manutenção da Vida, Equip de Diagnóstico e Infra - 2025 ri baixo amazonas.xlsx",Baixo Amazonas,2860,4.0
Oriximiná,3 Baixo Amazonas,22,"Tabela 22 – Caracterização Hospitalar – Equip de Manutenção da Vida, Equip de Diagnóstico e Infra - 2025 ri baixo amazonas",20,"Tabela 22 – Caracterização Hospitalar – Equip de Manutenção da Vida, Equip de Diagnóstico e Infra - 2025 ri baixo amazonas","..\..\Desktop\tabelas-powerBI\3 Baixo Amazonas\Tabela 22 – Caracterização Hospitalar – Equip de Manutenção da Vida, Equip de Diagnóstico e Infra - 2025 ri baixo amazonas.xlsx",Baixo Amazonas,2860,6.0
Prainha,3 Baixo Amazonas,22,"Tabela 22 – Caracterização Hospitalar – Equip de Manutenção da Vida, Equip de Diagnóstico e Infra - 2025 ri baixo amazonas",20,"Tabela 22 – Caracterização Hospitalar – Equip de Manutenção da Vida, Equip de Diagnóstico e Infra - 2025 ri baixo amazonas","..\..\Desktop\tabelas-powerBI\3 Baixo Amazonas\Tabela 22 – Caracterização Hospitalar – Equip de Manutenção da Vida, Equip de Diagnóstico e Infra - 2025 ri baixo amazonas.xlsx",Baixo Amazonas,2860,0.0
Santarém,3 Baixo Amazonas,22,"Tabela 22 – Caracterização Hospitalar – Equip de Manutenção da Vida, Equip de Diagnóstico e Infra - 2025 ri baixo amazonas",20,"Tabela 22 – Caracterização Hospitalar – Equip de Manutenção da Vida, Equip de Diagnóstico e Infra - 2025 ri baixo amazonas","..\..\Desktop\tabelas-powerBI\3 Baixo Amazonas\Tabela 22 – Caracterização Hospitalar – Equip de Manutenção da Vida, Equip de Diagnóstico e Infra - 2025 ri baixo amazonas.xlsx",Baixo Amazonas,2860,113.0
Terra Santa,3 Baixo Amazonas,22,"Tabela 22 – Caracterização Hospitalar – Equip de Manutenção da Vida, Equip de Diagnóstico e Infra - 2025 ri baixo amazonas",20,"Tabela 22 – Caracterização Hospitalar – Equip de Manutenção da Vida, Equip de Diagnóstico e Infra - 2025 ri baixo amazonas","..\..\Desktop\tabelas-powerBI\3 Baixo Amazonas\Tabela 22 – Caracterização Hospitalar – Equip de Manutenção da Vida, Equip de Diagnóstico e Infra - 2025 ri baixo amazonas.xlsx",Baixo Amazonas,2860,0.0
Fonte: DATASUS,3 Baixo Amazonas,22,"Tabela 22 – Caracterização Hospitalar – Equip de Manutenção da Vida, Equip de Diagnóstico e Infra - 2025 ri baixo amazonas",20,"Tabela 22 – Caracterização Hospitalar – Equip de Manutenção da Vida, Equip de Diagnóstico e Infra - 2025 ri baixo amazonas","..\..\Desktop\tabelas-powerBI\3 Baixo Amazonas\Tabela 22 – Caracterização Hospitalar – Equip de Manutenção da Vida, Equip de Diagnóstico e Infra - 2025 ri baixo amazonas.xlsx",Baixo Amazonas,2860,
Elaboração: FAPESPA,3 Baixo Amazonas,22,"Tabela 22 – Caracterização Hospitalar – Equip de Manutenção da Vida, Equip de Diagnóstico e Infra - 2025 ri baixo amazonas",20,"Tabela 22 – Caracterização Hospitalar – Equip de Manutenção da Vida, Equip de Diagnóstico e Infra - 2025 ri baixo amazonas","..\..\Desktop\tabelas-powerBI\3 Baixo Amazonas\Tabela 22 – Caracterização Hospitalar – Equip de Manutenção da Vida, Equip de Diagnóstico e Infra - 2025 ri baixo amazonas.xlsx",Baixo Amazonas,2860,
*Nota: Dados referentes a Outubro/2025.,3 Baixo Amazonas,22,"Tabela 22 – Caracterização Hospitalar – Equip de Manutenção da Vida, Equip de Diagnóstico e Infra - 2025 ri baixo amazonas",20,"Tabela 22 – Caracterização Hospitalar – Equip de Manutenção da Vida, Equip de Diagnóstico e Infra - 2025 ri baixo amazonas","..\..\Desktop\tabelas-powerBI\3 Baixo Amazonas\Tabela 22 – Caracterização Hospitalar – Equip de Manutenção da Vida, Equip de Diagnóstico e Infra - 2025 ri baixo amazonas.xlsx",Baixo Amazonas,2860,
RI Baixo Amazonas,3 Baixo Amazonas,22,"Tabela 22 – Caracterização Hospitalar – Equip de Manutenção da Vida, Equip de Diagnóstico e Infra - 2025 ri baixo amazonas",20,"Tabela 22 – Caracterização Hospitalar – Equip de Manutenção da Vida, Equip de Diagnóstico e Infra - 2025 ri baixo amazonas","..\..\Desktop\tabelas-powerBI\3 Baixo Amazonas\Tabela 22 – Caracterização Hospitalar – Equip de Manutenção da Vida, Equip de Diagnóstico e Infra - 2025 ri baixo amazonas.xlsx",Baixo Amazonas,2827,132.0
Alenquer,3 Baixo Amazonas,22,"Tabela 22 – Caracterização Hospitalar – Equip de Manutenção da Vida, Equip de Diagnóstico e Infra - 2025 ri baixo amazonas",20,"Tabela 22 – Caracterização Hospitalar – Equip de Manutenção da Vida, Equip de Diagnóstico e Infra - 2025 ri baixo amazonas","..\..\Desktop\tabelas-powerBI\3 Baixo Amazonas\Tabela 22 – Caracterização Hospitalar – Equip de Manutenção da Vida, Equip de Diagnóstico e Infra - 2025 ri baixo amazonas.xlsx",Baixo Amazonas,2827,11.0
Almeirim,3 Baixo Amazonas,22,"Tabela 22 – Caracterização Hospitalar – Equip de Manutenção da Vida, Equip de Diagnóstico e Infra - 2025 ri baixo amazonas",20,"Tabela 22 – Caracterização Hospitalar – Equip de Manutenção da Vida, Equip de Diagnóstico e Infra - 2025 ri baixo amazonas","..\..\Desktop\tabelas-powerBI\3 Baixo Amazonas\Tabela 22 – Caracterização Hospitalar – Equip de Manutenção da Vida, Equip de Diagnóstico e Infra - 2025 ri baixo amazonas.xlsx",Baixo Amazonas,2827,2.0
Belterra,3 Baixo Amazonas,22,"Tabela 22 – Caracterização Hospitalar – Equip de Manutenção da Vida, Equip de Diagnóstico e Infra - 2025 ri baixo amazonas",20,"Tabela 22 – Caracterização Hospitalar – Equip de Manutenção da Vida, Equip de Diagnóstico e Infra - 2025 ri baixo amazonas","..\..\Desktop\tabelas-powerBI\3 Baixo Amazonas\Tabela 22 – Caracterização Hospitalar – Equip de Manutenção da Vida, Equip de Diagnóstico e Infra - 2025 ri baixo amazonas.xlsx",Baixo Amazonas,2827,4.0
Curuá,3 Baixo Amazonas,22,"Tabela 22 – Caracterização Hospitalar – Equip de Manutenção da Vida, Equip de Diagnóstico e Infra - 2025 ri baixo amazonas",20,"Tabela 22 – Caracterização Hospitalar – Equip de Manutenção da Vida, Equip de Diagnóstico e Infra - 2025 ri baixo amazonas","..\..\Desktop\tabelas-powerBI\3 Baixo Amazonas\Tabela 22 – Caracterização Hospitalar – Equip de Manutenção da Vida, Equip de Diagnóstico e Infra - 2025 ri baixo amazonas.xlsx",Baixo Amazonas,2827,0.0
Faro,3 Baixo Amazonas,22,"Tabela 22 – Caracterização Hospitalar – Equip de Manutenção da Vida, Equip de Diagnóstico e Infra - 2025 ri baixo amazonas",20,"Tabela 22 – Caracterização Hospitalar – Equip de Manutenção da Vida, Equip de Diagnóstico e Infra - 2025 ri baixo amazonas","..\..\Desktop\tabelas-powerBI\3 Baixo Amazonas\Tabela 22 – Caracterização Hospitalar – Equip de Manutenção da Vida, Equip de Diagnóstico e Infra - 2025 ri baixo amazonas.xlsx",Baixo Amazonas,2827,0.0
Juruti,3 Baixo Amazonas,22,"Tabela 22 – Caracterização Hospitalar – Equip de Manutenção da Vida, Equip de Diagnóstico e Infra - 2025 ri baixo amazonas",20,"Tabela 22 – Caracterização Hospitalar – Equip de Manutenção da Vida, Equip de Diagnóstico e Infra - 2025 ri baixo amazonas","..\..\Desktop\tabelas-powerBI\3 Baixo Amazonas\Tabela 22 – Caracterização Hospitalar – Equip de Manutenção da Vida, Equip de Diagnóstico e Infra - 2025 ri baixo amazonas.xlsx",Baixo Amazonas,2827,13.0
Mojuí dos Campos,3 Baixo Amazonas,22,"Tabela 22 – Caracterização Hospitalar – Equip de Manutenção da Vida, Equip de Diagnóstico e Infra - 2025 ri baixo amazonas",20,"Tabela 22 – Caracterização Hospitalar – Equip de Manutenção da Vida, Equip de Diagnóstico e Infra - 2025 ri baixo amazonas","..\..\Desktop\tabelas-powerBI\3 Baixo Amazonas\Tabela 22 – Caracterização Hospitalar – Equip de Manutenção da Vida, Equip de Diagnóstico e Infra - 2025 ri baixo amazonas.xlsx",Baixo Amazonas,2827,0.0
Monte Alegre,3 Baixo Amazonas,22,"Tabela 22 – Caracterização Hospitalar – Equip de Manutenção da Vida, Equip de Diagnóstico e Infra - 2025 ri baixo amazonas",20,"Tabela 22 – Caracterização Hospitalar – Equip de Manutenção da Vida, Equip de Diagnóstico e Infra - 2025 ri baixo amazonas","..\..\Desktop\tabelas-powerBI\3 Baixo Amazonas\Tabela 22 – Caracterização Hospitalar – Equip de Manutenção da Vida, Equip de Diagnóstico e Infra - 2025 ri baixo amazonas.xlsx",Baixo Amazonas,2827,0.0
Óbidos,3 Baixo Amazonas,22,"Tabela 22 – Caracterização Hospitalar – Equip de Manutenção da Vida, Equip de Diagnóstico e Infra - 2025 ri baixo amazonas",20,"Tabela 22 – Caracterização Hospitalar – Equip de Manutenção da Vida, Equip de Diagnóstico e Infra - 2025 ri baixo amazonas","..\..\Desktop\tabelas-powerBI\3 Baixo Amazonas\Tabela 22 – Caracterização Hospitalar – Equip de Manutenção da Vida, Equip de Diagnóstico e Infra - 2025 ri baixo amazonas.xlsx",Baixo Amazonas,2827,3.0
Oriximiná,3 Baixo Amazonas,22,"Tabela 22 – Caracterização Hospitalar – Equip de Manutenção da Vida, Equip de Diagnóstico e Infra - 2025 ri baixo amazonas",20,"Tabela 22 – Caracterização Hospitalar – Equip de Manutenção da Vida, Equip de Diagnóstico e Infra - 2025 ri baixo amazonas","..\..\Desktop\tabelas-powerBI\3 Baixo Amazonas\Tabela 22 – Caracterização Hospitalar – Equip de Manutenção da Vida, Equip de Diagnóstico e Infra - 2025 ri baixo amazonas.xlsx",Baixo Amazonas,2827,18.0
Prainha,3 Baixo Amazonas,22,"Tabela 22 – Caracterização Hospitalar – Equip de Manutenção da Vida, Equip de Diagnóstico e Infra - 2025 ri baixo amazonas",20,"Tabela 22 – Caracterização Hospitalar – Equip de Manutenção da Vida, Equip de Diagnóstico e Infra - 2025 ri baixo amazonas","..\..\Desktop\tabelas-powerBI\3 Baixo Amazonas\Tabela 22 – Caracterização Hospitalar – Equip de Manutenção da Vida, Equip de Diagnóstico e Infra - 2025 ri baixo amazonas.xlsx",Baixo Amazonas,2827,0.0
Santarém,3 Baixo Amazonas,22,"Tabela 22 – Caracterização Hospitalar – Equip de Manutenção da Vida, Equip de Diagnóstico e Infra - 2025 ri baixo amazonas",20,"Tabela 22 – Caracterização Hospitalar – Equip de Manutenção da Vida, Equip de Diagnóstico e Infra - 2025 ri baixo amazonas","..\..\Desktop\tabelas-powerBI\3 Baixo Amazonas\Tabela 22 – Caracterização Hospitalar – Equip de Manutenção da Vida, Equip de Diagnóstico e Infra - 2025 ri baixo amazonas.xlsx",Baixo Amazonas,2827,81.0
Terra Santa,3 Baixo Amazonas,22,"Tabela 22 – Caracterização Hospitalar – Equip de Manutenção da Vida, Equip de Diagnóstico e Infra - 2025 ri baixo amazonas",20,"Tabela 22 – Caracterização Hospitalar – Equip de Manutenção da Vida, Equip de Diagnóstico e Infra - 2025 ri baixo amazonas","..\..\Desktop\tabelas-powerBI\3 Baixo Amazonas\Tabela 22 – Caracterização Hospitalar – Equip de Manutenção da Vida, Equip de Diagnóstico e Infra - 2025 ri baixo amazonas.xlsx",Baixo Amazonas,2827,0.0
Fonte: DATASUS,3 Baixo Amazonas,22,"Tabela 22 – Caracterização Hospitalar – Equip de Manutenção da Vida, Equip de Diagnóstico e Infra - 2025 ri baixo amazonas",20,"Tabela 22 – Caracterização Hospitalar – Equip de Manutenção da Vida, Equip de Diagnóstico e Infra - 2025 ri baixo amazonas","..\..\Desktop\tabelas-powerBI\3 Baixo Amazonas\Tabela 22 – Caracterização Hospitalar – Equip de Manutenção da Vida, Equip de Diagnóstico e Infra - 2025 ri baixo amazonas.xlsx",Baixo Amazonas,2827,
Elaboração: FAPESPA,3 Baixo Amazonas,22,"Tabela 22 – Caracterização Hospitalar – Equip de Manutenção da Vida, Equip de Diagnóstico e Infra - 2025 ri baixo amazonas",20,"Tabela 22 – Caracterização Hospitalar – Equip de Manutenção da Vida, Equip de Diagnóstico e Infra - 2025 ri baixo amazonas","..\..\Desktop\tabelas-powerBI\3 Baixo Amazonas\Tabela 22 – Caracterização Hospitalar – Equip de Manutenção da Vida, Equip de Diagnóstico e Infra - 2025 ri baixo amazonas.xlsx",Baixo Amazonas,2827,
*Nota: Dados referentes a Outubro/2025.,3 Baixo Amazonas,22,"Tabela 22 – Caracterização Hospitalar – Equip de Manutenção da Vida, Equip de Diagnóstico e Infra - 2025 ri baixo amazonas",20,"Tabela 22 – Caracterização Hospitalar – Equip de Manutenção da Vida, Equip de Diagnóstico e Infra - 2025 ri baixo amazonas","..\..\Desktop\tabelas-powerBI\3 Baixo Amazonas\Tabela 22 – Caracterização Hospitalar – Equip de Manutenção da Vida, Equip de Diagnóstico e Infra - 2025 ri baixo amazonas.xlsx",Baixo Amazonas,2827,
RI Baixo Amazonas,3 Baixo Amazonas,22,"Tabela 22 – Caracterização Hospitalar – Equip de Manutenção da Vida, Equip de Diagnóstico e Infra - 2025 ri baixo amazonas",20,"Tabela 22 – Caracterização Hospitalar – Equip de Manutenção da Vida, Equip de Diagnóstico e Infra - 2025 ri baixo amazonas","..\..\Desktop\tabelas-powerBI\3 Baixo Amazonas\Tabela 22 – Caracterização Hospitalar – Equip de Manutenção da Vida, Equip de Diagnóstico e Infra - 2025 ri baixo amazonas.xlsx",Baixo Amazonas,2630,122.0
Alenquer,3 Baixo Amazonas,22,"Tabela 22 – Caracterização Hospitalar – Equip de Manutenção da Vida, Equip de Diagnóstico e Infra - 2025 ri baixo amazonas",20,"Tabela 22 – Caracterização Hospitalar – Equip de Manutenção da Vida, Equip de Diagnóstico e Infra - 2025 ri baixo amazonas","..\..\Desktop\tabelas-powerBI\3 Baixo Amazonas\Tabela 22 – Caracterização Hospitalar – Equip de Manutenção da Vida, Equip de Diagnóstico e Infra - 2025 ri baixo amazonas.xlsx",Baixo Amazonas,2630,11.0
Almeirim,3 Baixo Amazonas,22,"Tabela 22 – Caracterização Hospitalar – Equip de Manutenção da Vida, Equip de Diagnóstico e Infra - 2025 ri baixo amazonas",20,"Tabela 22 – Caracterização Hospitalar – Equip de Manutenção da Vida, Equip de Diagnóstico e Infra - 2025 ri baixo amazonas","..\..\Desktop\tabelas-powerBI\3 Baixo Amazonas\Tabela 22 – Caracterização Hospitalar – Equip de Manutenção da Vida, Equip de Diagnóstico e Infra - 2025 ri baixo amazonas.xlsx",Baixo Amazonas,2630,2.0
Belterra,3 Baixo Amazonas,22,"Tabela 22 – Caracterização Hospitalar – Equip de Manutenção da Vida, Equip de Diagnóstico e Infra - 2025 ri baixo amazonas",20,"Tabela 22 – Caracterização Hospitalar – Equip de Manutenção da Vida, Equip de Diagnóstico e Infra - 2025 ri baixo amazonas","..\..\Desktop\tabelas-powerBI\3 Baixo Amazonas\Tabela 22 – Caracterização Hospitalar – Equip de Manutenção da Vida, Equip de Diagnóstico e Infra - 2025 ri baixo amazonas.xlsx",Baixo Amazonas,2630,4.0
Curuá,3 Baixo Amazonas,22,"Tabela 22 – Caracterização Hospitalar – Equip de Manutenção da Vida, Equip de Diagnóstico e Infra - 2025 ri baixo amazonas",20,"Tabela 22 – Caracterização Hospitalar – Equip de Manutenção da Vida, Equip de Diagnóstico e Infra - 2025 ri baixo amazonas","..\..\Desktop\tabelas-powerBI\3 Baixo Amazonas\Tabela 22 – Caracterização Hospitalar – Equip de Manutenção da Vida, Equip de Diagnóstico e Infra - 2025 ri baixo amazonas.xlsx",Baixo Amazonas,2630,0.0
Faro,3 Baixo Amazonas,22,"Tabela 22 – Caracterização Hospitalar – Equip de Manutenção da Vida, Equip de Diagnóstico e Infra - 2025 ri baixo amazonas",20,"Tabela 22 – Caracterização Hospitalar – Equip de Manutenção da Vida, Equip de Diagnóstico e Infra - 2025 ri baixo amazonas","..\..\Desktop\tabelas-powerBI\3 Baixo Amazonas\Tabela 22 – Caracterização Hospitalar – Equip de Manutenção da Vida, Equip de Diagnóstico e Infra - 2025 ri baixo amazonas.xlsx",Baixo Amazonas,2630,0.0
Juruti,3 Baixo Amazonas,22,"Tabela 22 – Caracterização Hospitalar – Equip de Manutenção da Vida, Equip de Diagnóstico e Infra - 2025 ri baixo amazonas",20,"Tabela 22 – Caracterização Hospitalar – Equip de Manutenção da Vida, Equip de Diagnóstico e Infra - 2025 ri baixo amazonas","..\..\Desktop\tabelas-powerBI\3 Baixo Amazonas\Tabela 22 – Caracterização Hospitalar – Equip de Manutenção da Vida, Equip de Diagnóstico e Infra - 2025 ri baixo amazonas.xlsx",Baixo Amazonas,2630,4.0
Mojuí dos Campos,3 Baixo Amazonas,22,"Tabela 22 – Caracterização Hospitalar – Equip de Manutenção da Vida, Equip de Diagnóstico e Infra - 2025 ri baixo amazonas",20,"Tabela 22 – Caracterização Hospitalar – Equip de Manutenção da Vida, Equip de Diagnóstico e Infra - 2025 ri baixo amazonas","..\..\Desktop\tabelas-powerBI\3 Baixo Amazonas\Tabela 22 – Caracterização Hospitalar – Equip de Manutenção da Vida, Equip de Diagnóstico e Infra - 2025 ri baixo amazonas.xlsx",Baixo Amazonas,2630,0.0
Monte Alegre,3 Baixo Amazonas,22,"Tabela 22 – Caracterização Hospitalar – Equip de Manutenção da Vida, Equip de Diagnóstico e Infra - 2025 ri baixo amazonas",20,"Tabela 22 – Caracterização Hospitalar – Equip de Manutenção da Vida, Equip de Diagnóstico e Infra - 2025 ri baixo amazonas","..\..\Desktop\tabelas-powerBI\3 Baixo Amazonas\Tabela 22 – Caracterização Hospitalar – Equip de Manutenção da Vida, Equip de Diagnóstico e Infra - 2025 ri baixo amazonas.xlsx",Baixo Amazonas,2630,0.0
Óbidos,3 Baixo Amazonas,22,"Tabela 22 – Caracterização Hospitalar – Equip de Manutenção da Vida, Equip de Diagnóstico e Infra - 2025 ri baixo amazonas",20,"Tabela 22 – Caracterização Hospitalar – Equip de Manutenção da Vida, Equip de Diagnóstico e Infra - 2025 ri baixo amazonas","..\..\Desktop\tabelas-powerBI\3 Baixo Amazonas\Tabela 22 – Caracterização Hospitalar – Equip de Manutenção da Vida, Equip de Diagnóstico e Infra - 2025 ri baixo amazonas.xlsx",Baixo Amazonas,2630,3.0
Oriximiná,3 Baixo Amazonas,22,"Tabela 22 – Caracterização Hospitalar – Equip de Manutenção da Vida, Equip de Diagnóstico e Infra - 2025 ri baixo amazonas",20,"Tabela 22 – Caracterização Hospitalar – Equip de Manutenção da Vida, Equip de Diagnóstico e Infra - 2025 ri baixo amazonas","..\..\Desktop\tabelas-powerBI\3 Baixo Amazonas\Tabela 22 – Caracterização Hospitalar – Equip de Manutenção da Vida, Equip de Diagnóstico e Infra - 2025 ri baixo amazonas.xlsx",Baixo Amazonas,2630,18.0
Prainha,3 Baixo Amazonas,22,"Tabela 22 – Caracterização Hospitalar – Equip de Manutenção da Vida, Equip de Diagnóstico e Infra - 2025 ri baixo amazonas",20,"Tabela 22 – Caracterização Hospitalar – Equip de Manutenção da Vida, Equip de Diagnóstico e Infra - 2025 ri baixo amazonas","..\..\Desktop\tabelas-powerBI\3 Baixo Amazonas\Tabela 22 – Caracterização Hospitalar – Equip de Manutenção da Vida, Equip de Diagnóstico e Infra - 2025 ri baixo amazonas.xlsx",Baixo Amazonas,2630,0.0
Santarém,3 Baixo Amazonas,22,"Tabela 22 – Caracterização Hospitalar – Equip de Manutenção da Vida, Equip de Diagnóstico e Infra - 2025 ri baixo amazonas",20,"Tabela 22 – Caracterização Hospitalar – Equip de Manutenção da Vida, Equip de Diagnóstico e Infra - 2025 ri baixo amazonas","..\..\Desktop\tabelas-powerBI\3 Baixo Amazonas\Tabela 22 – Caracterização Hospitalar – Equip de Manutenção da Vida, Equip de Diagnóstico e Infra - 2025 ri baixo amazonas.xlsx",Baixo Amazonas,2630,80.0
Terra Santa,3 Baixo Amazonas,22,"Tabela 22 – Caracterização Hospitalar – Equip de Manutenção da Vida, Equip de Diagnóstico e Infra - 2025 ri baixo amazonas",20,"Tabela 22 – Caracterização Hospitalar – Equip de Manutenção da Vida, Equip de Diagnóstico e Infra - 2025 ri baixo amazonas","..\..\Desktop\tabelas-powerBI\3 Baixo Amazonas\Tabela 22 – Caracterização Hospitalar – Equip de Manutenção da Vida, Equip de Diagnóstico e Infra - 2025 ri baixo amazonas.xlsx",Baixo Amazonas,2630,0.0
Fonte: DATASUS,3 Baixo Amazonas,22,"Tabela 22 – Caracterização Hospitalar – Equip de Manutenção da Vida, Equip de Diagnóstico e Infra - 2025 ri baixo amazonas",20,"Tabela 22 – Caracterização Hospitalar – Equip de Manutenção da Vida, Equip de Diagnóstico e Infra - 2025 ri baixo amazonas","..\..\Desktop\tabelas-powerBI\3 Baixo Amazonas\Tabela 22 – Caracterização Hospitalar – Equip de Manutenção da Vida, Equip de Diagnóstico e Infra - 2025 ri baixo amazonas.xlsx",Baixo Amazonas,2630,
Elaboração: FAPESPA,3 Baixo Amazonas,22,"Tabela 22 – Caracterização Hospitalar – Equip de Manutenção da Vida, Equip de Diagnóstico e Infra - 2025 ri baixo amazonas",20,"Tabela 22 – Caracterização Hospitalar – Equip de Manutenção da Vida, Equip de Diagnóstico e Infra - 2025 ri baixo amazonas","..\..\Desktop\tabelas-powerBI\3 Baixo Amazonas\Tabela 22 – Caracterização Hospitalar – Equip de Manutenção da Vida, Equip de Diagnóstico e Infra - 2025 ri baixo amazonas.xlsx",Baixo Amazonas,2630,
*Nota: Dados referentes a Outubro/2025.,3 Baixo Amazonas,22,"Tabela 22 – Caracterização Hospitalar – Equip de Manutenção da Vida, Equip de Diagnóstico e Infra - 2025 ri baixo amazonas",20,"Tabela 22 – Caracterização Hospitalar – Equip de Manutenção da Vida, Equip de Diagnóstico e Infra - 2025 ri baixo amazonas","..\..\Desktop\tabelas-powerBI\3 Baixo Amazonas\Tabela 22 – Caracterização Hospitalar – Equip de Manutenção da Vida, Equip de Diagnóstico e Infra - 2025 ri baixo amazonas.xlsx",Baixo Amazonas,2630,
RI Baixo Amazonas,3 Baixo Amazonas,22,"Tabela 22 – Caracterização Hospitalar – Equip de Manutenção da Vida, Equip de Diagnóstico e Infra - 2025 ri baixo amazonas",20,"Tabela 22 – Caracterização Hospitalar – Equip de Manutenção da Vida, Equip de Diagnóstico e Infra - 2025 ri baixo amazonas","..\..\Desktop\tabelas-powerBI\3 Baixo Amazonas\Tabela 22 – Caracterização Hospitalar – Equip de Manutenção da Vida, Equip de Diagnóstico e Infra - 2025 ri baixo amazonas.xlsx",Baixo Amazonas,138,8.0
Alenquer,3 Baixo Amazonas,22,"Tabela 22 – Caracterização Hospitalar – Equip de Manutenção da Vida, Equip de Diagnóstico e Infra - 2025 ri baixo amazonas",20,"Tabela 22 – Caracterização Hospitalar – Equip de Manutenção da Vida, Equip de Diagnóstico e Infra - 2025 ri baixo amazonas","..\..\Desktop\tabelas-powerBI\3 Baixo Amazonas\Tabela 22 – Caracterização Hospitalar – Equip de Manutenção da Vida, Equip de Diagnóstico e Infra - 2025 ri baixo amazonas.xlsx",Baixo Amazonas,138,0.0
Almeirim,3 Baixo Amazonas,22,"Tabela 22 – Caracterização Hospitalar – Equip de Manutenção da Vida, Equip de Diagnóstico e Infra - 2025 ri baixo amazonas",20,"Tabela 22 – Caracterização Hospitalar – Equip de Manutenção da Vida, Equip de Diagnóstico e Infra - 2025 ri baixo amazonas","..\..\Desktop\tabelas-powerBI\3 Baixo Amazonas\Tabela 22 – Caracterização Hospitalar – Equip de Manutenção da Vida, Equip de Diagnóstico e Infra - 2025 ri baixo amazonas.xlsx",Baixo Amazonas,138,0.0
Belterra,3 Baixo Amazonas,22,"Tabela 22 – Caracterização Hospitalar – Equip de Manutenção da Vida, Equip de Diagnóstico e Infra - 2025 ri baixo amazonas",20,"Tabela 22 – Caracterização Hospitalar – Equip de Manutenção da Vida, Equip de Diagnóstico e Infra - 2025 ri baixo amazonas","..\..\Desktop\tabelas-powerBI\3 Baixo Amazonas\Tabela 22 – Caracterização Hospitalar – Equip de Manutenção da Vida, Equip de Diagnóstico e Infra - 2025 ri baixo amazonas.xlsx",Baixo Amazonas,138,0.0
Curuá,3 Baixo Amazonas,22,"Tabela 22 – Caracterização Hospitalar – Equip de Manutenção da Vida, Equip de Diagnóstico e Infra - 2025 ri baixo amazonas",20,"Tabela 22 – Caracterização Hospitalar – Equip de Manutenção da Vida, Equip de Diagnóstico e Infra - 2025 ri baixo amazonas","..\..\Desktop\tabelas-powerBI\3 Baixo Amazonas\Tabela 22 – Caracterização Hospitalar – Equip de Manutenção da Vida, Equip de Diagnóstico e Infra - 2025 ri baixo amazonas.xlsx",Baixo Amazonas,138,0.0
Faro,3 Baixo Amazonas,22,"Tabela 22 – Caracterização Hospitalar – Equip de Manutenção da Vida, Equip de Diagnóstico e Infra - 2025 ri baixo amazonas",20,"Tabela 22 – Caracterização Hospitalar – Equip de Manutenção da Vida, Equip de Diagnóstico e Infra - 2025 ri baixo amazonas","..\..\Desktop\tabelas-powerBI\3 Baixo Amazonas\Tabela 22 – Caracterização Hospitalar – Equip de Manutenção da Vida, Equip de Diagnóstico e Infra - 2025 ri baixo amazonas.xlsx",Baixo Amazonas,138,0.0
Juruti,3 Baixo Amazonas,22,"Tabela 22 – Caracterização Hospitalar – Equip de Manutenção da Vida, Equip de Diagnóstico e Infra - 2025 ri baixo amazonas",20,"Tabela 22 – Caracterização Hospitalar – Equip de Manutenção da Vida, Equip de Diagnóstico e Infra - 2025 ri baixo amazonas","..\..\Desktop\tabelas-powerBI\3 Baixo Amazonas\Tabela 22 – Caracterização Hospitalar – Equip de Manutenção da Vida, Equip de Diagnóstico e Infra - 2025 ri baixo amazonas.xlsx",Baixo Amazonas,138,0.0
Mojuí dos Campos,3 Baixo Amazonas,22,"Tabela 22 – Caracterização Hospitalar – Equip de Manutenção da Vida, Equip de Diagnóstico e Infra - 2025 ri baixo amazonas",20,"Tabela 22 – Caracterização Hospitalar – Equip de Manutenção da Vida, Equip de Diagnóstico e Infra - 2025 ri baixo amazonas","..\..\Desktop\tabelas-powerBI\3 Baixo Amazonas\Tabela 22 – Caracterização Hospitalar – Equip de Manutenção da Vida, Equip de Diagnóstico e Infra - 2025 ri baixo amazonas.xlsx",Baixo Amazonas,138,0.0
Monte Alegre,3 Baixo Amazonas,22,"Tabela 22 – Caracterização Hospitalar – Equip de Manutenção da Vida, Equip de Diagnóstico e Infra - 2025 ri baixo amazonas",20,"Tabela 22 – Caracterização Hospitalar – Equip de Manutenção da Vida, Equip de Diagnóstico e Infra - 2025 ri baixo amazonas","..\..\Desktop\tabelas-powerBI\3 Baixo Amazonas\Tabela 22 – Caracterização Hospitalar – Equip de Manutenção da Vida, Equip de Diagnóstico e Infra - 2025 ri baixo amazonas.xlsx",Baixo Amazonas,138,0.0
Óbidos,3 Baixo Amazonas,22,"Tabela 22 – Caracterização Hospitalar – Equip de Manutenção da Vida, Equip de Diagnóstico e Infra - 2025 ri baixo amazonas",20,"Tabela 22 – Caracterização Hospitalar – Equip de Manutenção da Vida, Equip de Diagnóstico e Infra - 2025 ri baixo amazonas","..\..\Desktop\tabelas-powerBI\3 Baixo Amazonas\Tabela 22 – Caracterização Hospitalar – Equip de Manutenção da Vida, Equip de Diagnóstico e Infra - 2025 ri baixo amazonas.xlsx",Baixo Amazonas,138,2.0
Oriximiná,3 Baixo Amazonas,22,"Tabela 22 – Caracterização Hospitalar – Equip de Manutenção da Vida, Equip de Diagnóstico e Infra - 2025 ri baixo amazonas",20,"Tabela 22 – Caracterização Hospitalar – Equip de Manutenção da Vida, Equip de Diagnóstico e Infra - 2025 ri baixo amazonas","..\..\Desktop\tabelas-powerBI\3 Baixo Amazonas\Tabela 22 – Caracterização Hospitalar – Equip de Manutenção da Vida, Equip de Diagnóstico e Infra - 2025 ri baixo amazonas.xlsx",Baixo Amazonas,138,0.0
Prainha,3 Baixo Amazonas,22,"Tabela 22 – Caracterização Hospitalar – Equip de Manutenção da Vida, Equip de Diagnóstico e Infra - 2025 ri baixo amazonas",20,"Tabela 22 – Caracterização Hospitalar – Equip de Manutenção da Vida, Equip de Diagnóstico e Infra - 2025 ri baixo amazonas","..\..\Desktop\tabelas-powerBI\3 Baixo Amazonas\Tabela 22 – Caracterização Hospitalar – Equip de Manutenção da Vida, Equip de Diagnóstico e Infra - 2025 ri baixo amazonas.xlsx",Baixo Amazonas,138,0.0
Santarém,3 Baixo Amazonas,22,"Tabela 22 – Caracterização Hospitalar – Equip de Manutenção da Vida, Equip de Diagnóstico e Infra - 2025 ri baixo amazonas",20,"Tabela 22 – Caracterização Hospitalar – Equip de Manutenção da Vida, Equip de Diagnóstico e Infra - 2025 ri baixo amazonas","..\..\Desktop\tabelas-powerBI\3 Baixo Amazonas\Tabela 22 – Caracterização Hospitalar – Equip de Manutenção da Vida, Equip de Diagnóstico e Infra - 2025 ri baixo amazonas.xlsx",Baixo Amazonas,138,5.0
Terra Santa,3 Baixo Amazonas,22,"Tabela 22 – Caracterização Hospitalar – Equip de Manutenção da Vida, Equip de Diagnóstico e Infra - 2025 ri baixo amazonas",20,"Tabela 22 – Caracterização Hospitalar – Equip de Manutenção da Vida, Equip de Diagnóstico e Infra - 2025 ri baixo amazonas","..\..\Desktop\tabelas-powerBI\3 Baixo Amazonas\Tabela 22 – Caracterização Hospitalar – Equip de Manutenção da Vida, Equip de Diagnóstico e Infra - 2025 ri baixo amazonas.xlsx",Baixo Amazonas,138,1.0
Fonte: DATASUS,3 Baixo Amazonas,22,"Tabela 22 – Caracterização Hospitalar – Equip de Manutenção da Vida, Equip de Diagnóstico e Infra - 2025 ri baixo amazonas",20,"Tabela 22 – Caracterização Hospitalar – Equip de Manutenção da Vida, Equip de Diagnóstico e Infra - 2025 ri baixo amazonas","..\..\Desktop\tabelas-powerBI\3 Baixo Amazonas\Tabela 22 – Caracterização Hospitalar – Equip de Manutenção da Vida, Equip de Diagnóstico e Infra - 2025 ri baixo amazonas.xlsx",Baixo Amazonas,138,
Elaboração: FAPESPA,3 Baixo Amazonas,22,"Tabela 22 – Caracterização Hospitalar – Equip de Manutenção da Vida, Equip de Diagnóstico e Infra - 2025 ri baixo amazonas",20,"Tabela 22 – Caracterização Hospitalar – Equip de Manutenção da Vida, Equip de Diagnóstico e Infra - 2025 ri baixo amazonas","..\..\Desktop\tabelas-powerBI\3 Baixo Amazonas\Tabela 22 – Caracterização Hospitalar – Equip de Manutenção da Vida, Equip de Diagnóstico e Infra - 2025 ri baixo amazonas.xlsx",Baixo Amazonas,138,
*Nota: Dados referentes a Outubro/2025.,3 Baixo Amazonas,22,"Tabela 22 – Caracterização Hospitalar – Equip de Manutenção da Vida, Equip de Diagnóstico e Infra - 2025 ri baixo amazonas",20,"Tabela 22 – Caracterização Hospitalar – Equip de Manutenção da Vida, Equip de Diagnóstico e Infra - 2025 ri baixo amazonas","..\..\Desktop\tabelas-powerBI\3 Baixo Amazonas\Tabela 22 – Caracterização Hospitalar – Equip de Manutenção da Vida, Equip de Diagnóstico e Infra - 2025 ri baixo amazonas.xlsx",Baixo Amazonas,138,
RI Baixo Amazonas,3 Baixo Amazonas,22,"Tabela 22 – Caracterização Hospitalar – Equip de Manutenção da Vida, Equip de Diagnóstico e Infra - 2025 ri baixo amazonas",20,"Tabela 22 – Caracterização Hospitalar – Equip de Manutenção da Vida, Equip de Diagnóstico e Infra - 2025 ri baixo amazonas","..\..\Desktop\tabelas-powerBI\3 Baixo Amazonas\Tabela 22 – Caracterização Hospitalar – Equip de Manutenção da Vida, Equip de Diagnóstico e Infra - 2025 ri baixo amazonas.xlsx",Baixo Amazonas,132,7.0
Alenquer,3 Baixo Amazonas,22,"Tabela 22 – Caracterização Hospitalar – Equip de Manutenção da Vida, Equip de Diagnóstico e Infra - 2025 ri baixo amazonas",20,"Tabela 22 – Caracterização Hospitalar – Equip de Manutenção da Vida, Equip de Diagnóstico e Infra - 2025 ri baixo amazonas","..\..\Desktop\tabelas-powerBI\3 Baixo Amazonas\Tabela 22 – Caracterização Hospitalar – Equip de Manutenção da Vida, Equip de Diagnóstico e Infra - 2025 ri baixo amazonas.xlsx",Baixo Amazonas,132,0.0
Almeirim,3 Baixo Amazonas,22,"Tabela 22 – Caracterização Hospitalar – Equip de Manutenção da Vida, Equip de Diagnóstico e Infra - 2025 ri baixo amazonas",20,"Tabela 22 – Caracterização Hospitalar – Equip de Manutenção da Vida, Equip de Diagnóstico e Infra - 2025 ri baixo amazonas","..\..\Desktop\tabelas-powerBI\3 Baixo Amazonas\Tabela 22 – Caracterização Hospitalar – Equip de Manutenção da Vida, Equip de Diagnóstico e Infra - 2025 ri baixo amazonas.xlsx",Baixo Amazonas,132,0.0
Belterra,3 Baixo Amazonas,22,"Tabela 22 – Caracterização Hospitalar – Equip de Manutenção da Vida, Equip de Diagnóstico e Infra - 2025 ri baixo amazonas",20,"Tabela 22 – Caracterização Hospitalar – Equip de Manutenção da Vida, Equip de Diagnóstico e Infra - 2025 ri baixo amazonas","..\..\Desktop\tabelas-powerBI\3 Baixo Amazonas\Tabela 22 – Caracterização Hospitalar – Equip de Manutenção da Vida, Equip de Diagnóstico e Infra - 2025 ri baixo amazonas.xlsx",Baixo Amazonas,132,0.0
Curuá,3 Baixo Amazonas,22,"Tabela 22 – Caracterização Hospitalar – Equip de Manutenção da Vida, Equip de Diagnóstico e Infra - 2025 ri baixo amazonas",20,"Tabela 22 – Caracterização Hospitalar – Equip de Manutenção da Vida, Equip de Diagnóstico e Infra - 2025 ri baixo amazonas","..\..\Desktop\tabelas-powerBI\3 Baixo Amazonas\Tabela 22 – Caracterização Hospitalar – Equip de Manutenção da Vida, Equip de Diagnóstico e Infra - 2025 ri baixo amazonas.xlsx",Baixo Amazonas,132,0.0
Faro,3 Baixo Amazonas,22,"Tabela 22 – Caracterização Hospitalar – Equip de Manutenção da Vida, Equip de Diagnóstico e Infra - 2025 ri baixo amazonas",20,"Tabela 22 – Caracterização Hospitalar – Equip de Manutenção da Vida, Equip de Diagnóstico e Infra - 2025 ri baixo amazonas","..\..\Desktop\tabelas-powerBI\3 Baixo Amazonas\Tabela 22 – Caracterização Hospitalar – Equip de Manutenção da Vida, Equip de Diagnóstico e Infra - 2025 ri baixo amazonas.xlsx",Baixo Amazonas,132,0.0
Juruti,3 Baixo Amazonas,22,"Tabela 22 – Caracterização Hospitalar – Equip de Manutenção da Vida, Equip de Diagnóstico e Infra - 2025 ri baixo amazonas",20,"Tabela 22 – Caracterização Hospitalar – Equip de Manutenção da Vida, Equip de Diagnóstico e Infra - 2025 ri baixo amazonas","..\..\Desktop\tabelas-powerBI\3 Baixo Amazonas\Tabela 22 – Caracterização Hospitalar – Equip de Manutenção da Vida, Equip de Diagnóstico e Infra - 2025 ri baixo amazonas.xlsx",Baixo Amazonas,132,0.0
Mojuí dos Campos,3 Baixo Amazonas,22,"Tabela 22 – Caracterização Hospitalar – Equip de Manutenção da Vida, Equip de Diagnóstico e Infra - 2025 ri baixo amazonas",20,"Tabela 22 – Caracterização Hospitalar – Equip de Manutenção da Vida, Equip de Diagnóstico e Infra - 2025 ri baixo amazonas","..\..\Desktop\tabelas-powerBI\3 Baixo Amazonas\Tabela 22 – Caracterização Hospitalar – Equip de Manutenção da Vida, Equip de Diagnóstico e Infra - 2025 ri baixo amazonas.xlsx",Baixo Amazonas,132,0.0
Monte Alegre,3 Baixo Amazonas,22,"Tabela 22 – Caracterização Hospitalar – Equip de Manutenção da Vida, Equip de Diagnóstico e Infra - 2025 ri baixo amazonas",20,"Tabela 22 – Caracterização Hospitalar – Equip de Manutenção da Vida, Equip de Diagnóstico e Infra - 2025 ri baixo amazonas","..\..\Desktop\tabelas-powerBI\3 Baixo Amazonas\Tabela 22 – Caracterização Hospitalar – Equip de Manutenção da Vida, Equip de Diagnóstico e Infra - 2025 ri baixo amazonas.xlsx",Baixo Amazonas,132,0.0
Óbidos,3 Baixo Amazonas,22,"Tabela 22 – Caracterização Hospitalar – Equip de Manutenção da Vida, Equip de Diagnóstico e Infra - 2025 ri baixo amazonas",20,"Tabela 22 – Caracterização Hospitalar – Equip de Manutenção da Vida, Equip de Diagnóstico e Infra - 2025 ri baixo amazonas","..\..\Desktop\tabelas-powerBI\3 Baixo Amazonas\Tabela 22 – Caracterização Hospitalar – Equip de Manutenção da Vida, Equip de Diagnóstico e Infra - 2025 ri baixo amazonas.xlsx",Baixo Amazonas,132,1.0
Oriximiná,3 Baixo Amazonas,22,"Tabela 22 – Caracterização Hospitalar – Equip de Manutenção da Vida, Equip de Diagnóstico e Infra - 2025 ri baixo amazonas",20,"Tabela 22 – Caracterização Hospitalar – Equip de Manutenção da Vida, Equip de Diagnóstico e Infra - 2025 ri baixo amazonas","..\..\Desktop\tabelas-powerBI\3 Baixo Amazonas\Tabela 22 – Caracterização Hospitalar – Equip de Manutenção da Vida, Equip de Diagnóstico e Infra - 2025 ri baixo amazonas.xlsx",Baixo Amazonas,132,0.0
Prainha,3 Baixo Amazonas,22,"Tabela 22 – Caracterização Hospitalar – Equip de Manutenção da Vida, Equip de Diagnóstico e Infra - 2025 ri baixo amazonas",20,"Tabela 22 – Caracterização Hospitalar – Equip de Manutenção da Vida, Equip de Diagnóstico e Infra - 2025 ri baixo amazonas","..\..\Desktop\tabelas-powerBI\3 Baixo Amazonas\Tabela 22 – Caracterização Hospitalar – Equip de Manutenção da Vida, Equip de Diagnóstico e Infra - 2025 ri baixo amazonas.xlsx",Baixo Amazonas,132,0.0
Santarém,3 Baixo Amazonas,22,"Tabela 22 – Caracterização Hospitalar – Equip de Manutenção da Vida, Equip de Diagnóstico e Infra - 2025 ri baixo amazonas",20,"Tabela 22 – Caracterização Hospitalar – Equip de Manutenção da Vida, Equip de Diagnóstico e Infra - 2025 ri baixo amazonas","..\..\Desktop\tabelas-powerBI\3 Baixo Amazonas\Tabela 22 – Caracterização Hospitalar – Equip de Manutenção da Vida, Equip de Diagnóstico e Infra - 2025 ri baixo amazonas.xlsx",Baixo Amazonas,132,5.0
Terra Santa,3 Baixo Amazonas,22,"Tabela 22 – Caracterização Hospitalar – Equip de Manutenção da Vida, Equip de Diagnóstico e Infra - 2025 ri baixo amazonas",20,"Tabela 22 – Caracterização Hospitalar – Equip de Manutenção da Vida, Equip de Diagnóstico e Infra - 2025 ri baixo amazonas","..\..\Desktop\tabelas-powerBI\3 Baixo Amazonas\Tabela 22 – Caracterização Hospitalar – Equip de Manutenção da Vida, Equip de Diagnóstico e Infra - 2025 ri baixo amazonas.xlsx",Baixo Amazonas,132,1.0
Fonte: DATASUS,3 Baixo Amazonas,22,"Tabela 22 – Caracterização Hospitalar – Equip de Manutenção da Vida, Equip de Diagnóstico e Infra - 2025 ri baixo amazonas",20,"Tabela 22 – Caracterização Hospitalar – Equip de Manutenção da Vida, Equip de Diagnóstico e Infra - 2025 ri baixo amazonas","..\..\Desktop\tabelas-powerBI\3 Baixo Amazonas\Tabela 22 – Caracterização Hospitalar – Equip de Manutenção da Vida, Equip de Diagnóstico e Infra - 2025 ri baixo amazonas.xlsx",Baixo Amazonas,132,
Elaboração: FAPESPA,3 Baixo Amazonas,22,"Tabela 22 – Caracterização Hospitalar – Equip de Manutenção da Vida, Equip de Diagnóstico e Infra - 2025 ri baixo amazonas",20,"Tabela 22 – Caracterização Hospitalar – Equip de Manutenção da Vida, Equip de Diagnóstico e Infra - 2025 ri baixo amazonas","..\..\Desktop\tabelas-powerBI\3 Baixo Amazonas\Tabela 22 – Caracterização Hospitalar – Equip de Manutenção da Vida, Equip de Diagnóstico e Infra - 2025 ri baixo amazonas.xlsx",Baixo Amazonas,132,
*Nota: Dados referentes a Outubro/2025.,3 Baixo Amazonas,22,"Tabela 22 – Caracterização Hospitalar – Equip de Manutenção da Vida, Equip de Diagnóstico e Infra - 2025 ri baixo amazonas",20,"Tabela 22 – Caracterização Hospitalar – Equip de Manutenção da Vida, Equip de Diagnóstico e Infra - 2025 ri baixo amazonas","..\..\Desktop\tabelas-powerBI\3 Baixo Amazonas\Tabela 22 – Caracterização Hospitalar – Equip de Manutenção da Vida, Equip de Diagnóstico e Infra - 2025 ri baixo amazonas.xlsx",Baixo Amazonas,132,
RI Baixo Amazonas,3 Baixo Amazonas,22,"Tabela 22 – Caracterização Hospitalar – Equip de Manutenção da Vida, Equip de Diagnóstico e Infra - 2025 ri baixo amazonas",20,"Tabela 22 – Caracterização Hospitalar – Equip de Manutenção da Vida, Equip de Diagnóstico e Infra - 2025 ri baixo amazonas","..\..\Desktop\tabelas-powerBI\3 Baixo Amazonas\Tabela 22 – Caracterização Hospitalar – Equip de Manutenção da Vida, Equip de Diagnóstico e Infra - 2025 ri baixo amazonas.xlsx",Baixo Amazonas,424,27.0
Alenquer,3 Baixo Amazonas,22,"Tabela 22 – Caracterização Hospitalar – Equip de Manutenção da Vida, Equip de Diagnóstico e Infra - 2025 ri baixo amazonas",20,"Tabela 22 – Caracterização Hospitalar – Equip de Manutenção da Vida, Equip de Diagnóstico e Infra - 2025 ri baixo amazonas","..\..\Desktop\tabelas-powerBI\3 Baixo Amazonas\Tabela 22 – Caracterização Hospitalar – Equip de Manutenção da Vida, Equip de Diagnóstico e Infra - 2025 ri baixo amazonas.xlsx",Baixo Amazonas,424,2.0
Almeirim,3 Baixo Amazonas,22,"Tabela 22 – Caracterização Hospitalar – Equip de Manutenção da Vida, Equip de Diagnóstico e Infra - 2025 ri baixo amazonas",20,"Tabela 22 – Caracterização Hospitalar – Equip de Manutenção da Vida, Equip de Diagnóstico e Infra - 2025 ri baixo amazonas","..\..\Desktop\tabelas-powerBI\3 Baixo Amazonas\Tabela 22 – Caracterização Hospitalar – Equip de Manutenção da Vida, Equip de Diagnóstico e Infra - 2025 ri baixo amazonas.xlsx",Baixo Amazonas,424,1.0
Belterra,3 Baixo Amazonas,22,"Tabela 22 – Caracterização Hospitalar – Equip de Manutenção da Vida, Equip de Diagnóstico e Infra - 2025 ri baixo amazonas",20,"Tabela 22 – Caracterização Hospitalar – Equip de Manutenção da Vida, Equip de Diagnóstico e Infra - 2025 ri baixo amazonas","..\..\Desktop\tabelas-powerBI\3 Baixo Amazonas\Tabela 22 – Caracterização Hospitalar – Equip de Manutenção da Vida, Equip de Diagnóstico e Infra - 2025 ri baixo amazonas.xlsx",Baixo Amazonas,424,1.0
Curuá,3 Baixo Amazonas,22,"Tabela 22 – Caracterização Hospitalar – Equip de Manutenção da Vida, Equip de Diagnóstico e Infra - 2025 ri baixo amazonas",20,"Tabela 22 – Caracterização Hospitalar – Equip de Manutenção da Vida, Equip de Diagnóstico e Infra - 2025 ri baixo amazonas","..\..\Desktop\tabelas-powerBI\3 Baixo Amazonas\Tabela 22 – Caracterização Hospitalar – Equip de Manutenção da Vida, Equip de Diagnóstico e Infra - 2025 ri baixo amazonas.xlsx",Baixo Amazonas,424,0.0
Faro,3 Baixo Amazonas,22,"Tabela 22 – Caracterização Hospitalar – Equip de Manutenção da Vida, Equip de Diagnóstico e Infra - 2025 ri baixo amazonas",20,"Tabela 22 – Caracterização Hospitalar – Equip de Manutenção da Vida, Equip de Diagnóstico e Infra - 2025 ri baixo amazonas","..\..\Desktop\tabelas-powerBI\3 Baixo Amazonas\Tabela 22 – Caracterização Hospitalar – Equip de Manutenção da Vida, Equip de Diagnóstico e Infra - 2025 ri baixo amazonas.xlsx",Baixo Amazonas,424,2.0
Juruti,3 Baixo Amazonas,22,"Tabela 22 – Caracterização Hospitalar – Equip de Manutenção da Vida, Equip de Diagnóstico e Infra - 2025 ri baixo amazonas",20,"Tabela 22 – Caracterização Hospitalar – Equip de Manutenção da Vida, Equip de Diagnóstico e Infra - 2025 ri baixo amazonas","..\..\Desktop\tabelas-powerBI\3 Baixo Amazonas\Tabela 22 – Caracterização Hospitalar – Equip de Manutenção da Vida, Equip de Diagnóstico e Infra - 2025 ri baixo amazonas.xlsx",Baixo Amazonas,424,3.0
Mojuí dos Campos,3 Baixo Amazonas,22,"Tabela 22 – Caracterização Hospitalar – Equip de Manutenção da Vida, Equip de Diagnóstico e Infra - 2025 ri baixo amazonas",20,"Tabela 22 – Caracterização Hospitalar – Equip de Manutenção da Vida, Equip de Diagnóstico e Infra - 2025 ri baixo amazonas","..\..\Desktop\tabelas-powerBI\3 Baixo Amazonas\Tabela 22 – Caracterização Hospitalar – Equip de Manutenção da Vida, Equip de Diagnóstico e Infra - 2025 ri baixo amazonas.xlsx",Baixo Amazonas,424,0.0
Monte Alegre,3 Baixo Amazonas,22,"Tabela 22 – Caracterização Hospitalar – Equip de Manutenção da Vida, Equip de Diagnóstico e Infra - 2025 ri baixo amazonas",20,"Tabela 22 – Caracterização Hospitalar – Equip de Manutenção da Vida, Equip de Diagnóstico e Infra - 2025 ri baixo amazonas","..\..\Desktop\tabelas-powerBI\3 Baixo Amazonas\Tabela 22 – Caracterização Hospitalar – Equip de Manutenção da Vida, Equip de Diagnóstico e Infra - 2025 ri baixo amazonas.xlsx",Baixo Amazonas,424,3.0
Óbidos,3 Baixo Amazonas,22,"Tabela 22 – Caracterização Hospitalar – Equip de Manutenção da Vida, Equip de Diagnóstico e Infra - 2025 ri baixo amazonas",20,"Tabela 22 – Caracterização Hospitalar – Equip de Manutenção da Vida, Equip de Diagnóstico e Infra - 2025 ri baixo amazonas","..\..\Desktop\tabelas-powerBI\3 Baixo Amazonas\Tabela 22 – Caracterização Hospitalar – Equip de Manutenção da Vida, Equip de Diagnóstico e Infra - 2025 ri baixo amazonas.xlsx",Baixo Amazonas,424,2.0
Oriximiná,3 Baixo Amazonas,22,"Tabela 22 – Caracterização Hospitalar – Equip de Manutenção da Vida, Equip de Diagnóstico e Infra - 2025 ri baixo amazonas",20,"Tabela 22 – Caracterização Hospitalar – Equip de Manutenção da Vida, Equip de Diagnóstico e Infra - 2025 ri baixo amazonas","..\..\Desktop\tabelas-powerBI\3 Baixo Amazonas\Tabela 22 – Caracterização Hospitalar – Equip de Manutenção da Vida, Equip de Diagnóstico e Infra - 2025 ri baixo amazonas.xlsx",Baixo Amazonas,424,4.0
Prainha,3 Baixo Amazonas,22,"Tabela 22 – Caracterização Hospitalar – Equip de Manutenção da Vida, Equip de Diagnóstico e Infra - 2025 ri baixo amazonas",20,"Tabela 22 – Caracterização Hospitalar – Equip de Manutenção da Vida, Equip de Diagnóstico e Infra - 2025 ri baixo amazonas","..\..\Desktop\tabelas-powerBI\3 Baixo Amazonas\Tabela 22 – Caracterização Hospitalar – Equip de Manutenção da Vida, Equip de Diagnóstico e Infra - 2025 ri baixo amazonas.xlsx",Baixo Amazonas,424,0.0
Santarém,3 Baixo Amazonas,22,"Tabela 22 – Caracterização Hospitalar – Equip de Manutenção da Vida, Equip de Diagnóstico e Infra - 2025 ri baixo amazonas",20,"Tabela 22 – Caracterização Hospitalar – Equip de Manutenção da Vida, Equip de Diagnóstico e Infra - 2025 ri baixo amazonas","..\..\Desktop\tabelas-powerBI\3 Baixo Amazonas\Tabela 22 – Caracterização Hospitalar – Equip de Manutenção da Vida, Equip de Diagnóstico e Infra - 2025 ri baixo amazonas.xlsx",Baixo Amazonas,424,8.0
Terra Santa,3 Baixo Amazonas,22,"Tabela 22 – Caracterização Hospitalar – Equip de Manutenção da Vida, Equip de Diagnóstico e Infra - 2025 ri baixo amazonas",20,"Tabela 22 – Caracterização Hospitalar – Equip de Manutenção da Vida, Equip de Diagnóstico e Infra - 2025 ri baixo amazonas","..\..\Desktop\tabelas-powerBI\3 Baixo Amazonas\Tabela 22 – Caracterização Hospitalar – Equip de Manutenção da Vida, Equip de Diagnóstico e Infra - 2025 ri baixo amazonas.xlsx",Baixo Amazonas,424,1.0
Fonte: DATASUS,3 Baixo Amazonas,22,"Tabela 22 – Caracterização Hospitalar – Equip de Manutenção da Vida, Equip de Diagnóstico e Infra - 2025 ri baixo amazonas",20,"Tabela 22 – Caracterização Hospitalar – Equip de Manutenção da Vida, Equip de Diagnóstico e Infra - 2025 ri baixo amazonas","..\..\Desktop\tabelas-powerBI\3 Baixo Amazonas\Tabela 22 – Caracterização Hospitalar – Equip de Manutenção da Vida, Equip de Diagnóstico e Infra - 2025 ri baixo amazonas.xlsx",Baixo Amazonas,424,
Elaboração: FAPESPA,3 Baixo Amazonas,22,"Tabela 22 – Caracterização Hospitalar – Equip de Manutenção da Vida, Equip de Diagnóstico e Infra - 2025 ri baixo amazonas",20,"Tabela 22 – Caracterização Hospitalar – Equip de Manutenção da Vida, Equip de Diagnóstico e Infra - 2025 ri baixo amazonas","..\..\Desktop\tabelas-powerBI\3 Baixo Amazonas\Tabela 22 – Caracterização Hospitalar – Equip de Manutenção da Vida, Equip de Diagnóstico e Infra - 2025 ri baixo amazonas.xlsx",Baixo Amazonas,424,
*Nota: Dados referentes a Outubro/2025.,3 Baixo Amazonas,22,"Tabela 22 – Caracterização Hospitalar – Equip de Manutenção da Vida, Equip de Diagnóstico e Infra - 2025 ri baixo amazonas",20,"Tabela 22 – Caracterização Hospitalar – Equip de Manutenção da Vida, Equip de Diagnóstico e Infra - 2025 ri baixo amazonas","..\..\Desktop\tabelas-powerBI\3 Baixo Amazonas\Tabela 22 – Caracterização Hospitalar – Equip de Manutenção da Vida, Equip de Diagnóstico e Infra - 2025 ri baixo amazonas.xlsx",Baixo Amazonas,424,
RI Baixo Amazonas,3 Baixo Amazonas,22,"Tabela 22 – Caracterização Hospitalar – Equip de Manutenção da Vida, Equip de Diagnóstico e Infra - 2025 ri baixo amazonas",20,"Tabela 22 – Caracterização Hospitalar – Equip de Manutenção da Vida, Equip de Diagnóstico e Infra - 2025 ri baixo amazonas","..\..\Desktop\tabelas-powerBI\3 Baixo Amazonas\Tabela 22 – Caracterização Hospitalar – Equip de Manutenção da Vida, Equip de Diagnóstico e Infra - 2025 ri baixo amazonas.xlsx",Baixo Amazonas,410,23.0
Alenquer,3 Baixo Amazonas,22,"Tabela 22 – Caracterização Hospitalar – Equip de Manutenção da Vida, Equip de Diagnóstico e Infra - 2025 ri baixo amazonas",20,"Tabela 22 – Caracterização Hospitalar – Equip de Manutenção da Vida, Equip de Diagnóstico e Infra - 2025 ri baixo amazonas","..\..\Desktop\tabelas-powerBI\3 Baixo Amazonas\Tabela 22 – Caracterização Hospitalar – Equip de Manutenção da Vida, Equip de Diagnóstico e Infra - 2025 ri baixo amazonas.xlsx",Baixo Amazonas,410,2.0
Almeirim,3 Baixo Amazonas,22,"Tabela 22 – Caracterização Hospitalar – Equip de Manutenção da Vida, Equip de Diagnóstico e Infra - 2025 ri baixo amazonas",20,"Tabela 22 – Caracterização Hospitalar – Equip de Manutenção da Vida, Equip de Diagnóstico e Infra - 2025 ri baixo amazonas","..\..\Desktop\tabelas-powerBI\3 Baixo Amazonas\Tabela 22 – Caracterização Hospitalar – Equip de Manutenção da Vida, Equip de Diagnóstico e Infra - 2025 ri baixo amazonas.xlsx",Baixo Amazonas,410,1.0
Belterra,3 Baixo Amazonas,22,"Tabela 22 – Caracterização Hospitalar – Equip de Manutenção da Vida, Equip de Diagnóstico e Infra - 2025 ri baixo amazonas",20,"Tabela 22 – Caracterização Hospitalar – Equip de Manutenção da Vida, Equip de Diagnóstico e Infra - 2025 ri baixo amazonas","..\..\Desktop\tabelas-powerBI\3 Baixo Amazonas\Tabela 22 – Caracterização Hospitalar – Equip de Manutenção da Vida, Equip de Diagnóstico e Infra - 2025 ri baixo amazonas.xlsx",Baixo Amazonas,410,1.0
Curuá,3 Baixo Amazonas,22,"Tabela 22 – Caracterização Hospitalar – Equip de Manutenção da Vida, Equip de Diagnóstico e Infra - 2025 ri baixo amazonas",20,"Tabela 22 – Caracterização Hospitalar – Equip de Manutenção da Vida, Equip de Diagnóstico e Infra - 2025 ri baixo amazonas","..\..\Desktop\tabelas-powerBI\3 Baixo Amazonas\Tabela 22 – Caracterização Hospitalar – Equip de Manutenção da Vida, Equip de Diagnóstico e Infra - 2025 ri baixo amazonas.xlsx",Baixo Amazonas,410,0.0
Faro,3 Baixo Amazonas,22,"Tabela 22 – Caracterização Hospitalar – Equip de Manutenção da Vida, Equip de Diagnóstico e Infra - 2025 ri baixo amazonas",20,"Tabela 22 – Caracterização Hospitalar – Equip de Manutenção da Vida, Equip de Diagnóstico e Infra - 2025 ri baixo amazonas","..\..\Desktop\tabelas-powerBI\3 Baixo Amazonas\Tabela 22 – Caracterização Hospitalar – Equip de Manutenção da Vida, Equip de Diagnóstico e Infra - 2025 ri baixo amazonas.xlsx",Baixo Amazonas,410,1.0
Juruti,3 Baixo Amazonas,22,"Tabela 22 – Caracterização Hospitalar – Equip de Manutenção da Vida, Equip de Diagnóstico e Infra - 2025 ri baixo amazonas",20,"Tabela 22 – Caracterização Hospitalar – Equip de Manutenção da Vida, Equip de Diagnóstico e Infra - 2025 ri baixo amazonas","..\..\Desktop\tabelas-powerBI\3 Baixo Amazonas\Tabela 22 – Caracterização Hospitalar – Equip de Manutenção da Vida, Equip de Diagnóstico e Infra - 2025 ri baixo amazonas.xlsx",Baixo Amazonas,410,2.0
Mojuí dos Campos,3 Baixo Amazonas,22,"Tabela 22 – Caracterização Hospitalar – Equip de Manutenção da Vida, Equip de Diagnóstico e Infra - 2025 ri baixo amazonas",20,"Tabela 22 – Caracterização Hospitalar – Equip de Manutenção da Vida, Equip de Diagnóstico e Infra - 2025 ri baixo amazonas","..\..\Desktop\tabelas-powerBI\3 Baixo Amazonas\Tabela 22 – Caracterização Hospitalar – Equip de Manutenção da Vida, Equip de Diagnóstico e Infra - 2025 ri baixo amazonas.xlsx",Baixo Amazonas,410,0.0
Monte Alegre,3 Baixo Amazonas,22,"Tabela 22 – Caracterização Hospitalar – Equip de Manutenção da Vida, Equip de Diagnóstico e Infra - 2025 ri baixo amazonas",20,"Tabela 22 – Caracterização Hospitalar – Equip de Manutenção da Vida, Equip de Diagnóstico e Infra - 2025 ri baixo amazonas","..\..\Desktop\tabelas-powerBI\3 Baixo Amazonas\Tabela 22 – Caracterização Hospitalar – Equip de Manutenção da Vida, Equip de Diagnóstico e Infra - 2025 ri baixo amazonas.xlsx",Baixo Amazonas,410,3.0
Óbidos,3 Baixo Amazonas,22,"Tabela 22 – Caracterização Hospitalar – Equip de Manutenção da Vida, Equip de Diagnóstico e Infra - 2025 ri baixo amazonas",20,"Tabela 22 – Caracterização Hospitalar – Equip de Manutenção da Vida, Equip de Diagnóstico e Infra - 2025 ri baixo amazonas","..\..\Desktop\tabelas-powerBI\3 Baixo Amazonas\Tabela 22 – Caracterização Hospitalar – Equip de Manutenção da Vida, Equip de Diagnóstico e Infra - 2025 ri baixo amazonas.xlsx",Baixo Amazonas,410,0.0
Oriximiná,3 Baixo Amazonas,22,"Tabela 22 – Caracterização Hospitalar – Equip de Manutenção da Vida, Equip de Diagnóstico e Infra - 2025 ri baixo amazonas",20,"Tabela 22 – Caracterização Hospitalar – Equip de Manutenção da Vida, Equip de Diagnóstico e Infra - 2025 ri baixo amazonas","..\..\Desktop\tabelas-powerBI\3 Baixo Amazonas\Tabela 22 – Caracterização Hospitalar – Equip de Manutenção da Vida, Equip de Diagnóstico e Infra - 2025 ri baixo amazonas.xlsx",Baixo Amazonas,410,4.0
Prainha,3 Baixo Amazonas,22,"Tabela 22 – Caracterização Hospitalar – Equip de Manutenção da Vida, Equip de Diagnóstico e Infra - 2025 ri baixo amazonas",20,"Tabela 22 – Caracterização Hospitalar – Equip de Manutenção da Vida, Equip de Diagnóstico e Infra - 2025 ri baixo amazonas","..\..\Desktop\tabelas-powerBI\3 Baixo Amazonas\Tabela 22 – Caracterização Hospitalar – Equip de Manutenção da Vida, Equip de Diagnóstico e Infra - 2025 ri baixo amazonas.xlsx",Baixo Amazonas,410,0.0
Santarém,3 Baixo Amazonas,22,"Tabela 22 – Caracterização Hospitalar – Equip de Manutenção da Vida, Equip de Diagnóstico e Infra - 2025 ri baixo amazonas",20,"Tabela 22 – Caracterização Hospitalar – Equip de Manutenção da Vida, Equip de Diagnóstico e Infra - 2025 ri baixo amazonas","..\..\Desktop\tabelas-powerBI\3 Baixo Amazonas\Tabela 22 – Caracterização Hospitalar – Equip de Manutenção da Vida, Equip de Diagnóstico e Infra - 2025 ri baixo amazonas.xlsx",Baixo Amazonas,410,8.0
Terra Santa,3 Baixo Amazonas,22,"Tabela 22 – Caracterização Hospitalar – Equip de Manutenção da Vida, Equip de Diagnóstico e Infra - 2025 ri baixo amazonas",20,"Tabela 22 – Caracterização Hospitalar – Equip de Manutenção da Vida, Equip de Diagnóstico e Infra - 2025 ri baixo amazonas","..\..\Desktop\tabelas-powerBI\3 Baixo Amazonas\Tabela 22 – Caracterização Hospitalar – Equip de Manutenção da Vida, Equip de Diagnóstico e Infra - 2025 ri baixo amazonas.xlsx",Baixo Amazonas,410,1.0
Fonte: DATASUS,3 Baixo Amazonas,22,"Tabela 22 – Caracterização Hospitalar – Equip de Manutenção da Vida, Equip de Diagnóstico e Infra - 2025 ri baixo amazonas",20,"Tabela 22 – Caracterização Hospitalar – Equip de Manutenção da Vida, Equip de Diagnóstico e Infra - 2025 ri baixo amazonas","..\..\Desktop\tabelas-powerBI\3 Baixo Amazonas\Tabela 22 – Caracterização Hospitalar – Equip de Manutenção da Vida, Equip de Diagnóstico e Infra - 2025 ri baixo amazonas.xlsx",Baixo Amazonas,410,
Elaboração: FAPESPA,3 Baixo Amazonas,22,"Tabela 22 – Caracterização Hospitalar – Equip de Manutenção da Vida, Equip de Diagnóstico e Infra - 2025 ri baixo amazonas",20,"Tabela 22 – Caracterização Hospitalar – Equip de Manutenção da Vida, Equip de Diagnóstico e Infra - 2025 ri baixo amazonas","..\..\Desktop\tabelas-powerBI\3 Baixo Amazonas\Tabela 22 – Caracterização Hospitalar – Equip de Manutenção da Vida, Equip de Diagnóstico e Infra - 2025 ri baixo amazonas.xlsx",Baixo Amazonas,410,
*Nota: Dados referentes a Outubro/2025.,3 Baixo Amazonas,22,"Tabela 22 – Caracterização Hospitalar – Equip de Manutenção da Vida, Equip de Diagnóstico e Infra - 2025 ri baixo amazonas",20,"Tabela 22 – Caracterização Hospitalar – Equip de Manutenção da Vida, Equip de Diagnóstico e Infra - 2025 ri baixo amazonas","..\..\Desktop\tabelas-powerBI\3 Baixo Amazonas\Tabela 22 – Caracterização Hospitalar – Equip de Manutenção da Vida, Equip de Diagnóstico e Infra - 2025 ri baixo amazonas.xlsx",Baixo Amazonas,410,
RI Baixo Amazonas,3 Baixo Amazonas,22,"Tabela 22 – Caracterização Hospitalar – Equip de Manutenção da Vida, Equip de Diagnóstico e Infra - 2025 ri baixo amazonas",20,"Tabela 22 – Caracterização Hospitalar – Equip de Manutenção da Vida, Equip de Diagnóstico e Infra - 2025 ri baixo amazonas","..\..\Desktop\tabelas-powerBI\3 Baixo Amazonas\Tabela 22 – Caracterização Hospitalar – Equip de Manutenção da Vida, Equip de Diagnóstico e Infra - 2025 ri baixo amazonas.xlsx",Baixo Amazonas,239,20.0
Alenquer,3 Baixo Amazonas,22,"Tabela 22 – Caracterização Hospitalar – Equip de Manutenção da Vida, Equip de Diagnóstico e Infra - 2025 ri baixo amazonas",20,"Tabela 22 – Caracterização Hospitalar – Equip de Manutenção da Vida, Equip de Diagnóstico e Infra - 2025 ri baixo amazonas","..\..\Desktop\tabelas-powerBI\3 Baixo Amazonas\Tabela 22 – Caracterização Hospitalar – Equip de Manutenção da Vida, Equip de Diagnóstico e Infra - 2025 ri baixo amazonas.xlsx",Baixo Amazonas,239,1.0
Almeirim,3 Baixo Amazonas,22,"Tabela 22 – Caracterização Hospitalar – Equip de Manutenção da Vida, Equip de Diagnóstico e Infra - 2025 ri baixo amazonas",20,"Tabela 22 – Caracterização Hospitalar – Equip de Manutenção da Vida, Equip de Diagnóstico e Infra - 2025 ri baixo amazonas","..\..\Desktop\tabelas-powerBI\3 Baixo Amazonas\Tabela 22 – Caracterização Hospitalar – Equip de Manutenção da Vida, Equip de Diagnóstico e Infra - 2025 ri baixo amazonas.xlsx",Baixo Amazonas,239,0.0
Belterra,3 Baixo Amazonas,22,"Tabela 22 – Caracterização Hospitalar – Equip de Manutenção da Vida, Equip de Diagnóstico e Infra - 2025 ri baixo amazonas",20,"Tabela 22 – Caracterização Hospitalar – Equip de Manutenção da Vida, Equip de Diagnóstico e Infra - 2025 ri baixo amazonas","..\..\Desktop\tabelas-powerBI\3 Baixo Amazonas\Tabela 22 – Caracterização Hospitalar – Equip de Manutenção da Vida, Equip de Diagnóstico e Infra - 2025 ri baixo amazonas.xlsx",Baixo Amazonas,239,0.0
Curuá,3 Baixo Amazonas,22,"Tabela 22 – Caracterização Hospitalar – Equip de Manutenção da Vida, Equip de Diagnóstico e Infra - 2025 ri baixo amazonas",20,"Tabela 22 – Caracterização Hospitalar – Equip de Manutenção da Vida, Equip de Diagnóstico e Infra - 2025 ri baixo amazonas","..\..\Desktop\tabelas-powerBI\3 Baixo Amazonas\Tabela 22 – Caracterização Hospitalar – Equip de Manutenção da Vida, Equip de Diagnóstico e Infra - 2025 ri baixo amazonas.xlsx",Baixo Amazonas,239,0.0
Faro,3 Baixo Amazonas,22,"Tabela 22 – Caracterização Hospitalar – Equip de Manutenção da Vida, Equip de Diagnóstico e Infra - 2025 ri baixo amazonas",20,"Tabela 22 – Caracterização Hospitalar – Equip de Manutenção da Vida, Equip de Diagnóstico e Infra - 2025 ri baixo amazonas","..\..\Desktop\tabelas-powerBI\3 Baixo Amazonas\Tabela 22 – Caracterização Hospitalar – Equip de Manutenção da Vida, Equip de Diagnóstico e Infra - 2025 ri baixo amazonas.xlsx",Baixo Amazonas,239,0.0
Juruti,3 Baixo Amazonas,22,"Tabela 22 – Caracterização Hospitalar – Equip de Manutenção da Vida, Equip de Diagnóstico e Infra - 2025 ri baixo amazonas",20,"Tabela 22 – Caracterização Hospitalar – Equip de Manutenção da Vida, Equip de Diagnóstico e Infra - 2025 ri baixo amazonas","..\..\Desktop\tabelas-powerBI\3 Baixo Amazonas\Tabela 22 – Caracterização Hospitalar – Equip de Manutenção da Vida, Equip de Diagnóstico e Infra - 2025 ri baixo amazonas.xlsx",Baixo Amazonas,239,1.0
Mojuí dos Campos,3 Baixo Amazonas,22,"Tabela 22 – Caracterização Hospitalar – Equip de Manutenção da Vida, Equip de Diagnóstico e Infra - 2025 ri baixo amazonas",20,"Tabela 22 – Caracterização Hospitalar – Equip de Manutenção da Vida, Equip de Diagnóstico e Infra - 2025 ri baixo amazonas","..\..\Desktop\tabelas-powerBI\3 Baixo Amazonas\Tabela 22 – Caracterização Hospitalar – Equip de Manutenção da Vida, Equip de Diagnóstico e Infra - 2025 ri baixo amazonas.xlsx",Baixo Amazonas,239,0.0
Monte Alegre,3 Baixo Amazonas,22,"Tabela 22 – Caracterização Hospitalar – Equip de Manutenção da Vida, Equip de Diagnóstico e Infra - 2025 ri baixo amazonas",20,"Tabela 22 – Caracterização Hospitalar – Equip de Manutenção da Vida, Equip de Diagnóstico e Infra - 2025 ri baixo amazonas","..\..\Desktop\tabelas-powerBI\3 Baixo Amazonas\Tabela 22 – Caracterização Hospitalar – Equip de Manutenção da Vida, Equip de Diagnóstico e Infra - 2025 ri baixo amazonas.xlsx",Baixo Amazonas,239,0.0
Óbidos,3 Baixo Amazonas,22,"Tabela 22 – Caracterização Hospitalar – Equip de Manutenção da Vida, Equip de Diagnóstico e Infra - 2025 ri baixo amazonas",20,"Tabela 22 – Caracterização Hospitalar – Equip de Manutenção da Vida, Equip de Diagnóstico e Infra - 2025 ri baixo amazonas","..\..\Desktop\tabelas-powerBI\3 Baixo Amazonas\Tabela 22 – Caracterização Hospitalar – Equip de Manutenção da Vida, Equip de Diagnóstico e Infra - 2025 ri baixo amazonas.xlsx",Baixo Amazonas,239,0.0
Oriximiná,3 Baixo Amazonas,22,"Tabela 22 – Caracterização Hospitalar – Equip de Manutenção da Vida, Equip de Diagnóstico e Infra - 2025 ri baixo amazonas",20,"Tabela 22 – Caracterização Hospitalar – Equip de Manutenção da Vida, Equip de Diagnóstico e Infra - 2025 ri baixo amazonas","..\..\Desktop\tabelas-powerBI\3 Baixo Amazonas\Tabela 22 – Caracterização Hospitalar – Equip de Manutenção da Vida, Equip de Diagnóstico e Infra - 2025 ri baixo amazonas.xlsx",Baixo Amazonas,239,3.0
Prainha,3 Baixo Amazonas,22,"Tabela 22 – Caracterização Hospitalar – Equip de Manutenção da Vida, Equip de Diagnóstico e Infra - 2025 ri baixo amazonas",20,"Tabela 22 – Caracterização Hospitalar – Equip de Manutenção da Vida, Equip de Diagnóstico e Infra - 2025 ri baixo amazonas","..\..\Desktop\tabelas-powerBI\3 Baixo Amazonas\Tabela 22 – Caracterização Hospitalar – Equip de Manutenção da Vida, Equip de Diagnóstico e Infra - 2025 ri baixo amazonas.xlsx",Baixo Amazonas,239,0.0
Santarém,3 Baixo Amazonas,22,"Tabela 22 – Caracterização Hospitalar – Equip de Manutenção da Vida, Equip de Diagnóstico e Infra - 2025 ri baixo amazonas",20,"Tabela 22 – Caracterização Hospitalar – Equip de Manutenção da Vida, Equip de Diagnóstico e Infra - 2025 ri baixo amazonas","..\..\Desktop\tabelas-powerBI\3 Baixo Amazonas\Tabela 22 – Caracterização Hospitalar – Equip de Manutenção da Vida, Equip de Diagnóstico e Infra - 2025 ri baixo amazonas.xlsx",Baixo Amazonas,239,15.0
Terra Santa,3 Baixo Amazonas,22,"Tabela 22 – Caracterização Hospitalar – Equip de Manutenção da Vida, Equip de Diagnóstico e Infra - 2025 ri baixo amazonas",20,"Tabela 22 – Caracterização Hospitalar – Equip de Manutenção da Vida, Equip de Diagnóstico e Infra - 2025 ri baixo amazonas","..\..\Desktop\tabelas-powerBI\3 Baixo Amazonas\Tabela 22 – Caracterização Hospitalar – Equip de Manutenção da Vida, Equip de Diagnóstico e Infra - 2025 ri baixo amazonas.xlsx",Baixo Amazonas,239,0.0
Fonte: DATASUS,3 Baixo Amazonas,22,"Tabela 22 – Caracterização Hospitalar – Equip de Manutenção da Vida, Equip de Diagnóstico e Infra - 2025 ri baixo amazonas",20,"Tabela 22 – Caracterização Hospitalar – Equip de Manutenção da Vida, Equip de Diagnóstico e Infra - 2025 ri baixo amazonas","..\..\Desktop\tabelas-powerBI\3 Baixo Amazonas\Tabela 22 – Caracterização Hospitalar – Equip de Manutenção da Vida, Equip de Diagnóstico e Infra - 2025 ri baixo amazonas.xlsx",Baixo Amazonas,239,
Elaboração: FAPESPA,3 Baixo Amazonas,22,"Tabela 22 – Caracterização Hospitalar – Equip de Manutenção da Vida, Equip de Diagnóstico e Infra - 2025 ri baixo amazonas",20,"Tabela 22 – Caracterização Hospitalar – Equip de Manutenção da Vida, Equip de Diagnóstico e Infra - 2025 ri baixo amazonas","..\..\Desktop\tabelas-powerBI\3 Baixo Amazonas\Tabela 22 – Caracterização Hospitalar – Equip de Manutenção da Vida, Equip de Diagnóstico e Infra - 2025 ri baixo amazonas.xlsx",Baixo Amazonas,239,
*Nota: Dados referentes a Outubro/2025.,3 Baixo Amazonas,22,"Tabela 22 – Caracterização Hospitalar – Equip de Manutenção da Vida, Equip de Diagnóstico e Infra - 2025 ri baixo amazonas",20,"Tabela 22 – Caracterização Hospitalar – Equip de Manutenção da Vida, Equip de Diagnóstico e Infra - 2025 ri baixo amazonas","..\..\Desktop\tabelas-powerBI\3 Baixo Amazonas\Tabela 22 – Caracterização Hospitalar – Equip de Manutenção da Vida, Equip de Diagnóstico e Infra - 2025 ri baixo amazonas.xlsx",Baixo Amazonas,239,
RI Baixo Amazonas,3 Baixo Amazonas,22,"Tabela 22 – Caracterização Hospitalar – Equip de Manutenção da Vida, Equip de Diagnóstico e Infra - 2025 ri baixo amazonas",20,"Tabela 22 – Caracterização Hospitalar – Equip de Manutenção da Vida, Equip de Diagnóstico e Infra - 2025 ri baixo amazonas","..\..\Desktop\tabelas-powerBI\3 Baixo Amazonas\Tabela 22 – Caracterização Hospitalar – Equip de Manutenção da Vida, Equip de Diagnóstico e Infra - 2025 ri baixo amazonas.xlsx",Baixo Amazonas,234,19.0
Alenquer,3 Baixo Amazonas,22,"Tabela 22 – Caracterização Hospitalar – Equip de Manutenção da Vida, Equip de Diagnóstico e Infra - 2025 ri baixo amazonas",20,"Tabela 22 – Caracterização Hospitalar – Equip de Manutenção da Vida, Equip de Diagnóstico e Infra - 2025 ri baixo amazonas","..\..\Desktop\tabelas-powerBI\3 Baixo Amazonas\Tabela 22 – Caracterização Hospitalar – Equip de Manutenção da Vida, Equip de Diagnóstico e Infra - 2025 ri baixo amazonas.xlsx",Baixo Amazonas,234,1.0
Almeirim,3 Baixo Amazonas,22,"Tabela 22 – Caracterização Hospitalar – Equip de Manutenção da Vida, Equip de Diagnóstico e Infra - 2025 ri baixo amazonas",20,"Tabela 22 – Caracterização Hospitalar – Equip de Manutenção da Vida, Equip de Diagnóstico e Infra - 2025 ri baixo amazonas","..\..\Desktop\tabelas-powerBI\3 Baixo Amazonas\Tabela 22 – Caracterização Hospitalar – Equip de Manutenção da Vida, Equip de Diagnóstico e Infra - 2025 ri baixo amazonas.xlsx",Baixo Amazonas,234,0.0
Belterra,3 Baixo Amazonas,22,"Tabela 22 – Caracterização Hospitalar – Equip de Manutenção da Vida, Equip de Diagnóstico e Infra - 2025 ri baixo amazonas",20,"Tabela 22 – Caracterização Hospitalar – Equip de Manutenção da Vida, Equip de Diagnóstico e Infra - 2025 ri baixo amazonas","..\..\Desktop\tabelas-powerBI\3 Baixo Amazonas\Tabela 22 – Caracterização Hospitalar – Equip de Manutenção da Vida, Equip de Diagnóstico e Infra - 2025 ri baixo amazonas.xlsx",Baixo Amazonas,234,0.0
Curuá,3 Baixo Amazonas,22,"Tabela 22 – Caracterização Hospitalar – Equip de Manutenção da Vida, Equip de Diagnóstico e Infra - 2025 ri baixo amazonas",20,"Tabela 22 – Caracterização Hospitalar – Equip de Manutenção da Vida, Equip de Diagnóstico e Infra - 2025 ri baixo amazonas","..\..\Desktop\tabelas-powerBI\3 Baixo Amazonas\Tabela 22 – Caracterização Hospitalar – Equip de Manutenção da Vida, Equip de Diagnóstico e Infra - 2025 ri baixo amazonas.xlsx",Baixo Amazonas,234,0.0
Faro,3 Baixo Amazonas,22,"Tabela 22 – Caracterização Hospitalar – Equip de Manutenção da Vida, Equip de Diagnóstico e Infra - 2025 ri baixo amazonas",20,"Tabela 22 – Caracterização Hospitalar – Equip de Manutenção da Vida, Equip de Diagnóstico e Infra - 2025 ri baixo amazonas","..\..\Desktop\tabelas-powerBI\3 Baixo Amazonas\Tabela 22 – Caracterização Hospitalar – Equip de Manutenção da Vida, Equip de Diagnóstico e Infra - 2025 ri baixo amazonas.xlsx",Baixo Amazonas,234,0.0
Juruti,3 Baixo Amazonas,22,"Tabela 22 – Caracterização Hospitalar – Equip de Manutenção da Vida, Equip de Diagnóstico e Infra - 2025 ri baixo amazonas",20,"Tabela 22 – Caracterização Hospitalar – Equip de Manutenção da Vida, Equip de Diagnóstico e Infra - 2025 ri baixo amazonas","..\..\Desktop\tabelas-powerBI\3 Baixo Amazonas\Tabela 22 – Caracterização Hospitalar – Equip de Manutenção da Vida, Equip de Diagnóstico e Infra - 2025 ri baixo amazonas.xlsx",Baixo Amazonas,234,1.0
Mojuí dos Campos,3 Baixo Amazonas,22,"Tabela 22 – Caracterização Hospitalar – Equip de Manutenção da Vida, Equip de Diagnóstico e Infra - 2025 ri baixo amazonas",20,"Tabela 22 – Caracterização Hospitalar – Equip de Manutenção da Vida, Equip de Diagnóstico e Infra - 2025 ri baixo amazonas","..\..\Desktop\tabelas-powerBI\3 Baixo Amazonas\Tabela 22 – Caracterização Hospitalar – Equip de Manutenção da Vida, Equip de Diagnóstico e Infra - 2025 ri baixo amazonas.xlsx",Baixo Amazonas,234,0.0
Monte Alegre,3 Baixo Amazonas,22,"Tabela 22 – Caracterização Hospitalar – Equip de Manutenção da Vida, Equip de Diagnóstico e Infra - 2025 ri baixo amazonas",20,"Tabela 22 – Caracterização Hospitalar – Equip de Manutenção da Vida, Equip de Diagnóstico e Infra - 2025 ri baixo amazonas","..\..\Desktop\tabelas-powerBI\3 Baixo Amazonas\Tabela 22 – Caracterização Hospitalar – Equip de Manutenção da Vida, Equip de Diagnóstico e Infra - 2025 ri baixo amazonas.xlsx",Baixo Amazonas,234,0.0
Óbidos,3 Baixo Amazonas,22,"Tabela 22 – Caracterização Hospitalar – Equip de Manutenção da Vida, Equip de Diagnóstico e Infra - 2025 ri baixo amazonas",20,"Tabela 22 – Caracterização Hospitalar – Equip de Manutenção da Vida, Equip de Diagnóstico e Infra - 2025 ri baixo amazonas","..\..\Desktop\tabelas-powerBI\3 Baixo Amazonas\Tabela 22 – Caracterização Hospitalar – Equip de Manutenção da Vida, Equip de Diagnóstico e Infra - 2025 ri baixo amazonas.xlsx",Baixo Amazonas,234,0.0
Oriximiná,3 Baixo Amazonas,22,"Tabela 22 – Caracterização Hospitalar – Equip de Manutenção da Vida, Equip de Diagnóstico e Infra - 2025 ri baixo amazonas",20,"Tabela 22 – Caracterização Hospitalar – Equip de Manutenção da Vida, Equip de Diagnóstico e Infra - 2025 ri baixo amazonas","..\..\Desktop\tabelas-powerBI\3 Baixo Amazonas\Tabela 22 – Caracterização Hospitalar – Equip de Manutenção da Vida, Equip de Diagnóstico e Infra - 2025 ri baixo amazonas.xlsx",Baixo Amazonas,234,3.0
Prainha,3 Baixo Amazonas,22,"Tabela 22 – Caracterização Hospitalar – Equip de Manutenção da Vida, Equip de Diagnóstico e Infra - 2025 ri baixo amazonas",20,"Tabela 22 – Caracterização Hospitalar – Equip de Manutenção da Vida, Equip de Diagnóstico e Infra - 2025 ri baixo amazonas","..\..\Desktop\tabelas-powerBI\3 Baixo Amazonas\Tabela 22 – Caracterização Hospitalar – Equip de Manutenção da Vida, Equip de Diagnóstico e Infra - 2025 ri baixo amazonas.xlsx",Baixo Amazonas,234,0.0
Santarém,3 Baixo Amazonas,22,"Tabela 22 – Caracterização Hospitalar – Equip de Manutenção da Vida, Equip de Diagnóstico e Infra - 2025 ri baixo amazonas",20,"Tabela 22 – Caracterização Hospitalar – Equip de Manutenção da Vida, Equip de Diagnóstico e Infra - 2025 ri baixo amazonas","..\..\Desktop\tabelas-powerBI\3 Baixo Amazonas\Tabela 22 – Caracterização Hospitalar – Equip de Manutenção da Vida, Equip de Diagnóstico e Infra - 2025 ri baixo amazonas.xlsx",Baixo Amazonas,234,14.0
Terra Santa,3 Baixo Amazonas,22,"Tabela 22 – Caracterização Hospitalar – Equip de Manutenção da Vida, Equip de Diagnóstico e Infra - 2025 ri baixo amazonas",20,"Tabela 22 – Caracterização Hospitalar – Equip de Manutenção da Vida, Equip de Diagnóstico e Infra - 2025 ri baixo amazonas","..\..\Desktop\tabelas-powerBI\3 Baixo Amazonas\Tabela 22 – Caracterização Hospitalar – Equip de Manutenção da Vida, Equip de Diagnóstico e Infra - 2025 ri baixo amazonas.xlsx",Baixo Amazonas,234,0.0
Fonte: DATASUS,3 Baixo Amazonas,22,"Tabela 22 – Caracterização Hospitalar – Equip de Manutenção da Vida, Equip de Diagnóstico e Infra - 2025 ri baixo amazonas",20,"Tabela 22 – Caracterização Hospitalar – Equip de Manutenção da Vida, Equip de Diagnóstico e Infra - 2025 ri baixo amazonas","..\..\Desktop\tabelas-powerBI\3 Baixo Amazonas\Tabela 22 – Caracterização Hospitalar – Equip de Manutenção da Vida, Equip de Diagnóstico e Infra - 2025 ri baixo amazonas.xlsx",Baixo Amazonas,234,
Elaboração: FAPESPA,3 Baixo Amazonas,22,"Tabela 22 – Caracterização Hospitalar – Equip de Manutenção da Vida, Equip de Diagnóstico e Infra - 2025 ri baixo amazonas",20,"Tabela 22 – Caracterização Hospitalar – Equip de Manutenção da Vida, Equip de Diagnóstico e Infra - 2025 ri baixo amazonas","..\..\Desktop\tabelas-powerBI\3 Baixo Amazonas\Tabela 22 – Caracterização Hospitalar – Equip de Manutenção da Vida, Equip de Diagnóstico e Infra - 2025 ri baixo amazonas.xlsx",Baixo Amazonas,234,
*Nota: Dados referentes a Outubro/2025.,3 Baixo Amazonas,22,"Tabela 22 – Caracterização Hospitalar – Equip de Manutenção da Vida, Equip de Diagnóstico e Infra - 2025 ri baixo amazonas",20,"Tabela 22 – Caracterização Hospitalar – Equip de Manutenção da Vida, Equip de Diagnóstico e Infra - 2025 ri baixo amazonas","..\..\Desktop\tabelas-powerBI\3 Baixo Amazonas\Tabela 22 – Caracterização Hospitalar – Equip de Manutenção da Vida, Equip de Diagnóstico e Infra - 2025 ri baixo amazonas.xlsx",Baixo Amazonas,234,
RI Baixo Amazonas,3 Baixo Amazonas,22,"Tabela 22 – Caracterização Hospitalar – Equip de Manutenção da Vida, Equip de Diagnóstico e Infra - 2025 ri baixo amazonas",20,"Tabela 22 – Caracterização Hospitalar – Equip de Manutenção da Vida, Equip de Diagnóstico e Infra - 2025 ri baixo amazonas","..\..\Desktop\tabelas-powerBI\3 Baixo Amazonas\Tabela 22 – Caracterização Hospitalar – Equip de Manutenção da Vida, Equip de Diagnóstico e Infra - 2025 ri baixo amazonas.xlsx",Baixo Amazonas,746,63.0
Alenquer,3 Baixo Amazonas,22,"Tabela 22 – Caracterização Hospitalar – Equip de Manutenção da Vida, Equip de Diagnóstico e Infra - 2025 ri baixo amazonas",20,"Tabela 22 – Caracterização Hospitalar – Equip de Manutenção da Vida, Equip de Diagnóstico e Infra - 2025 ri baixo amazonas","..\..\Desktop\tabelas-powerBI\3 Baixo Amazonas\Tabela 22 – Caracterização Hospitalar – Equip de Manutenção da Vida, Equip de Diagnóstico e Infra - 2025 ri baixo amazonas.xlsx",Baixo Amazonas,746,3.0
Almeirim,3 Baixo Amazonas,22,"Tabela 22 – Caracterização Hospitalar – Equip de Manutenção da Vida, Equip de Diagnóstico e Infra - 2025 ri baixo amazonas",20,"Tabela 22 – Caracterização Hospitalar – Equip de Manutenção da Vida, Equip de Diagnóstico e Infra - 2025 ri baixo amazonas","..\..\Desktop\tabelas-powerBI\3 Baixo Amazonas\Tabela 22 – Caracterização Hospitalar – Equip de Manutenção da Vida, Equip de Diagnóstico e Infra - 2025 ri baixo amazonas.xlsx",Baixo Amazonas,746,0.0
Belterra,3 Baixo Amazonas,22,"Tabela 22 – Caracterização Hospitalar – Equip de Manutenção da Vida, Equip de Diagnóstico e Infra - 2025 ri baixo amazonas",20,"Tabela 22 – Caracterização Hospitalar – Equip de Manutenção da Vida, Equip de Diagnóstico e Infra - 2025 ri baixo amazonas","..\..\Desktop\tabelas-powerBI\3 Baixo Amazonas\Tabela 22 – Caracterização Hospitalar – Equip de Manutenção da Vida, Equip de Diagnóstico e Infra - 2025 ri baixo amazonas.xlsx",Baixo Amazonas,746,3.0
Curuá,3 Baixo Amazonas,22,"Tabela 22 – Caracterização Hospitalar – Equip de Manutenção da Vida, Equip de Diagnóstico e Infra - 2025 ri baixo amazonas",20,"Tabela 22 – Caracterização Hospitalar – Equip de Manutenção da Vida, Equip de Diagnóstico e Infra - 2025 ri baixo amazonas","..\..\Desktop\tabelas-powerBI\3 Baixo Amazonas\Tabela 22 – Caracterização Hospitalar – Equip de Manutenção da Vida, Equip de Diagnóstico e Infra - 2025 ri baixo amazonas.xlsx",Baixo Amazonas,746,1.0
Faro,3 Baixo Amazonas,22,"Tabela 22 – Caracterização Hospitalar – Equip de Manutenção da Vida, Equip de Diagnóstico e Infra - 2025 ri baixo amazonas",20,"Tabela 22 – Caracterização Hospitalar – Equip de Manutenção da Vida, Equip de Diagnóstico e Infra - 2025 ri baixo amazonas","..\..\Desktop\tabelas-powerBI\3 Baixo Amazonas\Tabela 22 – Caracterização Hospitalar – Equip de Manutenção da Vida, Equip de Diagnóstico e Infra - 2025 ri baixo amazonas.xlsx",Baixo Amazonas,746,1.0
Juruti,3 Baixo Amazonas,22,"Tabela 22 – Caracterização Hospitalar – Equip de Manutenção da Vida, Equip de Diagnóstico e Infra - 2025 ri baixo amazonas",20,"Tabela 22 – Caracterização Hospitalar – Equip de Manutenção da Vida, Equip de Diagnóstico e Infra - 2025 ri baixo amazonas","..\..\Desktop\tabelas-powerBI\3 Baixo Amazonas\Tabela 22 – Caracterização Hospitalar – Equip de Manutenção da Vida, Equip de Diagnóstico e Infra - 2025 ri baixo amazonas.xlsx",Baixo Amazonas,746,6.0
Mojuí dos Campos,3 Baixo Amazonas,22,"Tabela 22 – Caracterização Hospitalar – Equip de Manutenção da Vida, Equip de Diagnóstico e Infra - 2025 ri baixo amazonas",20,"Tabela 22 – Caracterização Hospitalar – Equip de Manutenção da Vida, Equip de Diagnóstico e Infra - 2025 ri baixo amazonas","..\..\Desktop\tabelas-powerBI\3 Baixo Amazonas\Tabela 22 – Caracterização Hospitalar – Equip de Manutenção da Vida, Equip de Diagnóstico e Infra - 2025 ri baixo amazonas.xlsx",Baixo Amazonas,746,1.0
Monte Alegre,3 Baixo Amazonas,22,"Tabela 22 – Caracterização Hospitalar – Equip de Manutenção da Vida, Equip de Diagnóstico e Infra - 2025 ri baixo amazonas",20,"Tabela 22 – Caracterização Hospitalar – Equip de Manutenção da Vida, Equip de Diagnóstico e Infra - 2025 ri baixo amazonas","..\..\Desktop\tabelas-powerBI\3 Baixo Amazonas\Tabela 22 – Caracterização Hospitalar – Equip de Manutenção da Vida, Equip de Diagnóstico e Infra - 2025 ri baixo amazonas.xlsx",Baixo Amazonas,746,1.0
Óbidos,3 Baixo Amazonas,22,"Tabela 22 – Caracterização Hospitalar – Equip de Manutenção da Vida, Equip de Diagnóstico e Infra - 2025 ri baixo amazonas",20,"Tabela 22 – Caracterização Hospitalar – Equip de Manutenção da Vida, Equip de Diagnóstico e Infra - 2025 ri baixo amazonas","..\..\Desktop\tabelas-powerBI\3 Baixo Amazonas\Tabela 22 – Caracterização Hospitalar – Equip de Manutenção da Vida, Equip de Diagnóstico e Infra - 2025 ri baixo amazonas.xlsx",Baixo Amazonas,746,4.0
Oriximiná,3 Baixo Amazonas,22,"Tabela 22 – Caracterização Hospitalar – Equip de Manutenção da Vida, Equip de Diagnóstico e Infra - 2025 ri baixo amazonas",20,"Tabela 22 – Caracterização Hospitalar – Equip de Manutenção da Vida, Equip de Diagnóstico e Infra - 2025 ri baixo amazonas","..\..\Desktop\tabelas-powerBI\3 Baixo Amazonas\Tabela 22 – Caracterização Hospitalar – Equip de Manutenção da Vida, Equip de Diagnóstico e Infra - 2025 ri baixo amazonas.xlsx",Baixo Amazonas,746,6.0
Prainha,3 Baixo Amazonas,22,"Tabela 22 – Caracterização Hospitalar – Equip de Manutenção da Vida, Equip de Diagnóstico e Infra - 2025 ri baixo amazonas",20,"Tabela 22 – Caracterização Hospitalar – Equip de Manutenção da Vida, Equip de Diagnóstico e Infra - 2025 ri baixo amazonas","..\..\Desktop\tabelas-powerBI\3 Baixo Amazonas\Tabela 22 – Caracterização Hospitalar – Equip de Manutenção da Vida, Equip de Diagnóstico e Infra - 2025 ri baixo amazonas.xlsx",Baixo Amazonas,746,1.0
Santarém,3 Baixo Amazonas,22,"Tabela 22 – Caracterização Hospitalar – Equip de Manutenção da Vida, Equip de Diagnóstico e Infra - 2025 ri baixo amazonas",20,"Tabela 22 – Caracterização Hospitalar – Equip de Manutenção da Vida, Equip de Diagnóstico e Infra - 2025 ri baixo amazonas","..\..\Desktop\tabelas-powerBI\3 Baixo Amazonas\Tabela 22 – Caracterização Hospitalar – Equip de Manutenção da Vida, Equip de Diagnóstico e Infra - 2025 ri baixo amazonas.xlsx",Baixo Amazonas,746,36.0
Terra Santa,3 Baixo Amazonas,22,"Tabela 22 – Caracterização Hospitalar – Equip de Manutenção da Vida, Equip de Diagnóstico e Infra - 2025 ri baixo amazonas",20,"Tabela 22 – Caracterização Hospitalar – Equip de Manutenção da Vida, Equip de Diagnóstico e Infra - 2025 ri baixo amazonas","..\..\Desktop\tabelas-powerBI\3 Baixo Amazonas\Tabela 22 – Caracterização Hospitalar – Equip de Manutenção da Vida, Equip de Diagnóstico e Infra - 2025 ri baixo amazonas.xlsx",Baixo Amazonas,746,0.0
Fonte: DATASUS,3 Baixo Amazonas,22,"Tabela 22 – Caracterização Hospitalar – Equip de Manutenção da Vida, Equip de Diagnóstico e Infra - 2025 ri baixo amazonas",20,"Tabela 22 – Caracterização Hospitalar – Equip de Manutenção da Vida, Equip de Diagnóstico e Infra - 2025 ri baixo amazonas","..\..\Desktop\tabelas-powerBI\3 Baixo Amazonas\Tabela 22 – Caracterização Hospitalar – Equip de Manutenção da Vida, Equip de Diagnóstico e Infra - 2025 ri baixo amazonas.xlsx",Baixo Amazonas,746,
Elaboração: FAPESPA,3 Baixo Amazonas,22,"Tabela 22 – Caracterização Hospitalar – Equip de Manutenção da Vida, Equip de Diagnóstico e Infra - 2025 ri baixo amazonas",20,"Tabela 22 – Caracterização Hospitalar – Equip de Manutenção da Vida, Equip de Diagnóstico e Infra - 2025 ri baixo amazonas","..\..\Desktop\tabelas-powerBI\3 Baixo Amazonas\Tabela 22 – Caracterização Hospitalar – Equip de Manutenção da Vida, Equip de Diagnóstico e Infra - 2025 ri baixo amazonas.xlsx",Baixo Amazonas,746,
*Nota: Dados referentes a Outubro/2025.,3 Baixo Amazonas,22,"Tabela 22 – Caracterização Hospitalar – Equip de Manutenção da Vida, Equip de Diagnóstico e Infra - 2025 ri baixo amazonas",20,"Tabela 22 – Caracterização Hospitalar – Equip de Manutenção da Vida, Equip de Diagnóstico e Infra - 2025 ri baixo amazonas","..\..\Desktop\tabelas-powerBI\3 Baixo Amazonas\Tabela 22 – Caracterização Hospitalar – Equip de Manutenção da Vida, Equip de Diagnóstico e Infra - 2025 ri baixo amazonas.xlsx",Baixo Amazonas,746,
RI Baixo Amazonas,3 Baixo Amazonas,22,"Tabela 22 – Caracterização Hospitalar – Equip de Manutenção da Vida, Equip de Diagnóstico e Infra - 2025 ri baixo amazonas",20,"Tabela 22 – Caracterização Hospitalar – Equip de Manutenção da Vida, Equip de Diagnóstico e Infra - 2025 ri baixo amazonas","..\..\Desktop\tabelas-powerBI\3 Baixo Amazonas\Tabela 22 – Caracterização Hospitalar – Equip de Manutenção da Vida, Equip de Diagnóstico e Infra - 2025 ri baixo amazonas.xlsx",Baixo Amazonas,720,60.0
Alenquer,3 Baixo Amazonas,22,"Tabela 22 – Caracterização Hospitalar – Equip de Manutenção da Vida, Equip de Diagnóstico e Infra - 2025 ri baixo amazonas",20,"Tabela 22 – Caracterização Hospitalar – Equip de Manutenção da Vida, Equip de Diagnóstico e Infra - 2025 ri baixo amazonas","..\..\Desktop\tabelas-powerBI\3 Baixo Amazonas\Tabela 22 – Caracterização Hospitalar – Equip de Manutenção da Vida, Equip de Diagnóstico e Infra - 2025 ri baixo amazonas.xlsx",Baixo Amazonas,720,2.0
Almeirim,3 Baixo Amazonas,22,"Tabela 22 – Caracterização Hospitalar – Equip de Manutenção da Vida, Equip de Diagnóstico e Infra - 2025 ri baixo amazonas",20,"Tabela 22 – Caracterização Hospitalar – Equip de Manutenção da Vida, Equip de Diagnóstico e Infra - 2025 ri baixo amazonas","..\..\Desktop\tabelas-powerBI\3 Baixo Amazonas\Tabela 22 – Caracterização Hospitalar – Equip de Manutenção da Vida, Equip de Diagnóstico e Infra - 2025 ri baixo amazonas.xlsx",Baixo Amazonas,720,0.0
Belterra,3 Baixo Amazonas,22,"Tabela 22 – Caracterização Hospitalar – Equip de Manutenção da Vida, Equip de Diagnóstico e Infra - 2025 ri baixo amazonas",20,"Tabela 22 – Caracterização Hospitalar – Equip de Manutenção da Vida, Equip de Diagnóstico e Infra - 2025 ri baixo amazonas","..\..\Desktop\tabelas-powerBI\3 Baixo Amazonas\Tabela 22 – Caracterização Hospitalar – Equip de Manutenção da Vida, Equip de Diagnóstico e Infra - 2025 ri baixo amazonas.xlsx",Baixo Amazonas,720,3.0
Curuá,3 Baixo Amazonas,22,"Tabela 22 – Caracterização Hospitalar – Equip de Manutenção da Vida, Equip de Diagnóstico e Infra - 2025 ri baixo amazonas",20,"Tabela 22 – Caracterização Hospitalar – Equip de Manutenção da Vida, Equip de Diagnóstico e Infra - 2025 ri baixo amazonas","..\..\Desktop\tabelas-powerBI\3 Baixo Amazonas\Tabela 22 – Caracterização Hospitalar – Equip de Manutenção da Vida, Equip de Diagnóstico e Infra - 2025 ri baixo amazonas.xlsx",Baixo Amazonas,720,1.0
Faro,3 Baixo Amazonas,22,"Tabela 22 – Caracterização Hospitalar – Equip de Manutenção da Vida, Equip de Diagnóstico e Infra - 2025 ri baixo amazonas",20,"Tabela 22 – Caracterização Hospitalar – Equip de Manutenção da Vida, Equip de Diagnóstico e Infra - 2025 ri baixo amazonas","..\..\Desktop\tabelas-powerBI\3 Baixo Amazonas\Tabela 22 – Caracterização Hospitalar – Equip de Manutenção da Vida, Equip de Diagnóstico e Infra - 2025 ri baixo amazonas.xlsx",Baixo Amazonas,720,1.0
Juruti,3 Baixo Amazonas,22,"Tabela 22 – Caracterização Hospitalar – Equip de Manutenção da Vida, Equip de Diagnóstico e Infra - 2025 ri baixo amazonas",20,"Tabela 22 – Caracterização Hospitalar – Equip de Manutenção da Vida, Equip de Diagnóstico e Infra - 2025 ri baixo amazonas","..\..\Desktop\tabelas-powerBI\3 Baixo Amazonas\Tabela 22 – Caracterização Hospitalar – Equip de Manutenção da Vida, Equip de Diagnóstico e Infra - 2025 ri baixo amazonas.xlsx",Baixo Amazonas,720,5.0
Mojuí dos Campos,3 Baixo Amazonas,22,"Tabela 22 – Caracterização Hospitalar – Equip de Manutenção da Vida, Equip de Diagnóstico e Infra - 2025 ri baixo amazonas",20,"Tabela 22 – Caracterização Hospitalar – Equip de Manutenção da Vida, Equip de Diagnóstico e Infra - 2025 ri baixo amazonas","..\..\Desktop\tabelas-powerBI\3 Baixo Amazonas\Tabela 22 – Caracterização Hospitalar – Equip de Manutenção da Vida, Equip de Diagnóstico e Infra - 2025 ri baixo amazonas.xlsx",Baixo Amazonas,720,1.0
Monte Alegre,3 Baixo Amazonas,22,"Tabela 22 – Caracterização Hospitalar – Equip de Manutenção da Vida, Equip de Diagnóstico e Infra - 2025 ri baixo amazonas",20,"Tabela 22 – Caracterização Hospitalar – Equip de Manutenção da Vida, Equip de Diagnóstico e Infra - 2025 ri baixo amazonas","..\..\Desktop\tabelas-powerBI\3 Baixo Amazonas\Tabela 22 – Caracterização Hospitalar – Equip de Manutenção da Vida, Equip de Diagnóstico e Infra - 2025 ri baixo amazonas.xlsx",Baixo Amazonas,720,1.0
Óbidos,3 Baixo Amazonas,22,"Tabela 22 – Caracterização Hospitalar – Equip de Manutenção da Vida, Equip de Diagnóstico e Infra - 2025 ri baixo amazonas",20,"Tabela 22 – Caracterização Hospitalar – Equip de Manutenção da Vida, Equip de Diagnóstico e Infra - 2025 ri baixo amazonas","..\..\Desktop\tabelas-powerBI\3 Baixo Amazonas\Tabela 22 – Caracterização Hospitalar – Equip de Manutenção da Vida, Equip de Diagnóstico e Infra - 2025 ri baixo amazonas.xlsx",Baixo Amazonas,720,4.0
Oriximiná,3 Baixo Amazonas,22,"Tabela 22 – Caracterização Hospitalar – Equip de Manutenção da Vida, Equip de Diagnóstico e Infra - 2025 ri baixo amazonas",20,"Tabela 22 – Caracterização Hospitalar – Equip de Manutenção da Vida, Equip de Diagnóstico e Infra - 2025 ri baixo amazonas","..\..\Desktop\tabelas-powerBI\3 Baixo Amazonas\Tabela 22 – Caracterização Hospitalar – Equip de Manutenção da Vida, Equip de Diagnóstico e Infra - 2025 ri baixo amazonas.xlsx",Baixo Amazonas,720,5.0
Prainha,3 Baixo Amazonas,22,"Tabela 22 – Caracterização Hospitalar – Equip de Manutenção da Vida, Equip de Diagnóstico e Infra - 2025 ri baixo amazonas",20,"Tabela 22 – Caracterização Hospitalar – Equip de Manutenção da Vida, Equip de Diagnóstico e Infra - 2025 ri baixo amazonas","..\..\Desktop\tabelas-powerBI\3 Baixo Amazonas\Tabela 22 – Caracterização Hospitalar – Equip de Manutenção da Vida, Equip de Diagnóstico e Infra - 2025 ri baixo amazonas.xlsx",Baixo Amazonas,720,1.0
Santarém,3 Baixo Amazonas,22,"Tabela 22 – Caracterização Hospitalar – Equip de Manutenção da Vida, Equip de Diagnóstico e Infra - 2025 ri baixo amazonas",20,"Tabela 22 – Caracterização Hospitalar – Equip de Manutenção da Vida, Equip de Diagnóstico e Infra - 2025 ri baixo amazonas","..\..\Desktop\tabelas-powerBI\3 Baixo Amazonas\Tabela 22 – Caracterização Hospitalar – Equip de Manutenção da Vida, Equip de Diagnóstico e Infra - 2025 ri baixo amazonas.xlsx",Baixo Amazonas,720,36.0
Terra Santa,3 Baixo Amazonas,22,"Tabela 22 – Caracterização Hospitalar – Equip de Manutenção da Vida, Equip de Diagnóstico e Infra - 2025 ri baixo amazonas",20,"Tabela 22 – Caracterização Hospitalar – Equip de Manutenção da Vida, Equip de Diagnóstico e Infra - 2025 ri baixo amazonas","..\..\Desktop\tabelas-powerBI\3 Baixo Amazonas\Tabela 22 – Caracterização Hospitalar – Equip de Manutenção da Vida, Equip de Diagnóstico e Infra - 2025 ri baixo amazonas.xlsx",Baixo Amazonas,720,0.0
Fonte: DATASUS,3 Baixo Amazonas,22,"Tabela 22 – Caracterização Hospitalar – Equip de Manutenção da Vida, Equip de Diagnóstico e Infra - 2025 ri baixo amazonas",20,"Tabela 22 – Caracterização Hospitalar – Equip de Manutenção da Vida, Equip de Diagnóstico e Infra - 2025 ri baixo amazonas","..\..\Desktop\tabelas-powerBI\3 Baixo Amazonas\Tabela 22 – Caracterização Hospitalar – Equip de Manutenção da Vida, Equip de Diagnóstico e Infra - 2025 ri baixo amazonas.xlsx",Baixo Amazonas,720,
Elaboração: FAPESPA,3 Baixo Amazonas,22,"Tabela 22 – Caracterização Hospitalar – Equip de Manutenção da Vida, Equip de Diagnóstico e Infra - 2025 ri baixo amazonas",20,"Tabela 22 – Caracterização Hospitalar – Equip de Manutenção da Vida, Equip de Diagnóstico e Infra - 2025 ri baixo amazonas","..\..\Desktop\tabelas-powerBI\3 Baixo Amazonas\Tabela 22 – Caracterização Hospitalar – Equip de Manutenção da Vida, Equip de Diagnóstico e Infra - 2025 ri baixo amazonas.xlsx",Baixo Amazonas,720,
*Nota: Dados referentes a Outubro/2025.,3 Baixo Amazonas,22,"Tabela 22 – Caracterização Hospitalar – Equip de Manutenção da Vida, Equip de Diagnóstico e Infra - 2025 ri baixo amazonas",20,"Tabela 22 – Caracterização Hospitalar – Equip de Manutenção da Vida, Equip de Diagnóstico e Infra - 2025 ri baixo amazonas","..\..\Desktop\tabelas-powerBI\3 Baixo Amazonas\Tabela 22 – Caracterização Hospitalar – Equip de Manutenção da Vida, Equip de Diagnóstico e Infra - 2025 ri baixo amazonas.xlsx",Baixo Amazonas,720,
RI Baixo Amazonas,3 Baixo Amazonas,22,"Tabela 22 – Caracterização Hospitalar – Equip de Manutenção da Vida, Equip de Diagnóstico e Infra - 2025 ri baixo amazonas",20,"Tabela 22 – Caracterização Hospitalar – Equip de Manutenção da Vida, Equip de Diagnóstico e Infra - 2025 ri baixo amazonas","..\..\Desktop\tabelas-powerBI\3 Baixo Amazonas\Tabela 22 – Caracterização Hospitalar – Equip de Manutenção da Vida, Equip de Diagnóstico e Infra - 2025 ri baixo amazonas.xlsx",Baixo Amazonas,1199,106.0
Alenquer,3 Baixo Amazonas,22,"Tabela 22 – Caracterização Hospitalar – Equip de Manutenção da Vida, Equip de Diagnóstico e Infra - 2025 ri baixo amazonas",20,"Tabela 22 – Caracterização Hospitalar – Equip de Manutenção da Vida, Equip de Diagnóstico e Infra - 2025 ri baixo amazonas","..\..\Desktop\tabelas-powerBI\3 Baixo Amazonas\Tabela 22 – Caracterização Hospitalar – Equip de Manutenção da Vida, Equip de Diagnóstico e Infra - 2025 ri baixo amazonas.xlsx",Baixo Amazonas,1199,5.0
Almeirim,3 Baixo Amazonas,22,"Tabela 22 – Caracterização Hospitalar – Equip de Manutenção da Vida, Equip de Diagnóstico e Infra - 2025 ri baixo amazonas",20,"Tabela 22 – Caracterização Hospitalar – Equip de Manutenção da Vida, Equip de Diagnóstico e Infra - 2025 ri baixo amazonas","..\..\Desktop\tabelas-powerBI\3 Baixo Amazonas\Tabela 22 – Caracterização Hospitalar – Equip de Manutenção da Vida, Equip de Diagnóstico e Infra - 2025 ri baixo amazonas.xlsx",Baixo Amazonas,1199,9.0
Belterra,3 Baixo Amazonas,22,"Tabela 22 – Caracterização Hospitalar – Equip de Manutenção da Vida, Equip de Diagnóstico e Infra - 2025 ri baixo amazonas",20,"Tabela 22 – Caracterização Hospitalar – Equip de Manutenção da Vida, Equip de Diagnóstico e Infra - 2025 ri baixo amazonas","..\..\Desktop\tabelas-powerBI\3 Baixo Amazonas\Tabela 22 – Caracterização Hospitalar – Equip de Manutenção da Vida, Equip de Diagnóstico e Infra - 2025 ri baixo amazonas.xlsx",Baixo Amazonas,1199,3.0
Curuá,3 Baixo Amazonas,22,"Tabela 22 – Caracterização Hospitalar – Equip de Manutenção da Vida, Equip de Diagnóstico e Infra - 2025 ri baixo amazonas",20,"Tabela 22 – Caracterização Hospitalar – Equip de Manutenção da Vida, Equip de Diagnóstico e Infra - 2025 ri baixo amazonas","..\..\Desktop\tabelas-powerBI\3 Baixo Amazonas\Tabela 22 – Caracterização Hospitalar – Equip de Manutenção da Vida, Equip de Diagnóstico e Infra - 2025 ri baixo amazonas.xlsx",Baixo Amazonas,1199,0.0
Faro,3 Baixo Amazonas,22,"Tabela 22 – Caracterização Hospitalar – Equip de Manutenção da Vida, Equip de Diagnóstico e Infra - 2025 ri baixo amazonas",20,"Tabela 22 – Caracterização Hospitalar – Equip de Manutenção da Vida, Equip de Diagnóstico e Infra - 2025 ri baixo amazonas","..\..\Desktop\tabelas-powerBI\3 Baixo Amazonas\Tabela 22 – Caracterização Hospitalar – Equip de Manutenção da Vida, Equip de Diagnóstico e Infra - 2025 ri baixo amazonas.xlsx",Baixo Amazonas,1199,1.0
Juruti,3 Baixo Amazonas,22,"Tabela 22 – Caracterização Hospitalar – Equip de Manutenção da Vida, Equip de Diagnóstico e Infra - 2025 ri baixo amazonas",20,"Tabela 22 – Caracterização Hospitalar – Equip de Manutenção da Vida, Equip de Diagnóstico e Infra - 2025 ri baixo amazonas","..\..\Desktop\tabelas-powerBI\3 Baixo Amazonas\Tabela 22 – Caracterização Hospitalar – Equip de Manutenção da Vida, Equip de Diagnóstico e Infra - 2025 ri baixo amazonas.xlsx",Baixo Amazonas,1199,10.0
Mojuí dos Campos,3 Baixo Amazonas,22,"Tabela 22 – Caracterização Hospitalar – Equip de Manutenção da Vida, Equip de Diagnóstico e Infra - 2025 ri baixo amazonas",20,"Tabela 22 – Caracterização Hospitalar – Equip de Manutenção da Vida, Equip de Diagnóstico e Infra - 2025 ri baixo amazonas","..\..\Desktop\tabelas-powerBI\3 Baixo Amazonas\Tabela 22 – Caracterização Hospitalar – Equip de Manutenção da Vida, Equip de Diagnóstico e Infra - 2025 ri baixo amazonas.xlsx",Baixo Amazonas,1199,1.0
Monte Alegre,3 Baixo Amazonas,22,"Tabela 22 – Caracterização Hospitalar – Equip de Manutenção da Vida, Equip de Diagnóstico e Infra - 2025 ri baixo amazonas",20,"Tabela 22 – Caracterização Hospitalar – Equip de Manutenção da Vida, Equip de Diagnóstico e Infra - 2025 ri baixo amazonas","..\..\Desktop\tabelas-powerBI\3 Baixo Amazonas\Tabela 22 – Caracterização Hospitalar – Equip de Manutenção da Vida, Equip de Diagnóstico e Infra - 2025 ri baixo amazonas.xlsx",Baixo Amazonas,1199,4.0
Óbidos,3 Baixo Amazonas,22,"Tabela 22 – Caracterização Hospitalar – Equip de Manutenção da Vida, Equip de Diagnóstico e Infra - 2025 ri baixo amazonas",20,"Tabela 22 – Caracterização Hospitalar – Equip de Manutenção da Vida, Equip de Diagnóstico e Infra - 2025 ri baixo amazonas","..\..\Desktop\tabelas-powerBI\3 Baixo Amazonas\Tabela 22 – Caracterização Hospitalar – Equip de Manutenção da Vida, Equip de Diagnóstico e Infra - 2025 ri baixo amazonas.xlsx",Baixo Amazonas,1199,9.0
Oriximiná,3 Baixo Amazonas,22,"Tabela 22 – Caracterização Hospitalar – Equip de Manutenção da Vida, Equip de Diagnóstico e Infra - 2025 ri baixo amazonas",20,"Tabela 22 – Caracterização Hospitalar – Equip de Manutenção da Vida, Equip de Diagnóstico e Infra - 2025 ri baixo amazonas","..\..\Desktop\tabelas-powerBI\3 Baixo Amazonas\Tabela 22 – Caracterização Hospitalar – Equip de Manutenção da Vida, Equip de Diagnóstico e Infra - 2025 ri baixo amazonas.xlsx",Baixo Amazonas,1199,10.0
Prainha,3 Baixo Amazonas,22,"Tabela 22 – Caracterização Hospitalar – Equip de Manutenção da Vida, Equip de Diagnóstico e Infra - 2025 ri baixo amazonas",20,"Tabela 22 – Caracterização Hospitalar – Equip de Manutenção da Vida, Equip de Diagnóstico e Infra - 2025 ri baixo amazonas","..\..\Desktop\tabelas-powerBI\3 Baixo Amazonas\Tabela 22 – Caracterização Hospitalar – Equip de Manutenção da Vida, Equip de Diagnóstico e Infra - 2025 ri baixo amazonas.xlsx",Baixo Amazonas,1199,2.0
Santarém,3 Baixo Amazonas,22,"Tabela 22 – Caracterização Hospitalar – Equip de Manutenção da Vida, Equip de Diagnóstico e Infra - 2025 ri baixo amazonas",20,"Tabela 22 – Caracterização Hospitalar – Equip de Manutenção da Vida, Equip de Diagnóstico e Infra - 2025 ri baixo amazonas","..\..\Desktop\tabelas-powerBI\3 Baixo Amazonas\Tabela 22 – Caracterização Hospitalar – Equip de Manutenção da Vida, Equip de Diagnóstico e Infra - 2025 ri baixo amazonas.xlsx",Baixo Amazonas,1199,50.0
Terra Santa,3 Baixo Amazonas,22,"Tabela 22 – Caracterização Hospitalar – Equip de Manutenção da Vida, Equip de Diagnóstico e Infra - 2025 ri baixo amazonas",20,"Tabela 22 – Caracterização Hospitalar – Equip de Manutenção da Vida, Equip de Diagnóstico e Infra - 2025 ri baixo amazonas","..\..\Desktop\tabelas-powerBI\3 Baixo Amazonas\Tabela 22 – Caracterização Hospitalar – Equip de Manutenção da Vida, Equip de Diagnóstico e Infra - 2025 ri baixo amazonas.xlsx",Baixo Amazonas,1199,2.0
Fonte: DATASUS,3 Baixo Amazonas,22,"Tabela 22 – Caracterização Hospitalar – Equip de Manutenção da Vida, Equip de Diagnóstico e Infra - 2025 ri baixo amazonas",20,"Tabela 22 – Caracterização Hospitalar – Equip de Manutenção da Vida, Equip de Diagnóstico e Infra - 2025 ri baixo amazonas","..\..\Desktop\tabelas-powerBI\3 Baixo Amazonas\Tabela 22 – Caracterização Hospitalar – Equip de Manutenção da Vida, Equip de Diagnóstico e Infra - 2025 ri baixo amazonas.xlsx",Baixo Amazonas,1199,
Elaboração: FAPESPA,3 Baixo Amazonas,22,"Tabela 22 – Caracterização Hospitalar – Equip de Manutenção da Vida, Equip de Diagnóstico e Infra - 2025 ri baixo amazonas",20,"Tabela 22 – Caracterização Hospitalar – Equip de Manutenção da Vida, Equip de Diagnóstico e Infra - 2025 ri baixo amazonas","..\..\Desktop\tabelas-powerBI\3 Baixo Amazonas\Tabela 22 – Caracterização Hospitalar – Equip de Manutenção da Vida, Equip de Diagnóstico e Infra - 2025 ri baixo amazonas.xlsx",Baixo Amazonas,1199,
*Nota: Dados referentes a Outubro/2025.,3 Baixo Amazonas,22,"Tabela 22 – Caracterização Hospitalar – Equip de Manutenção da Vida, Equip de Diagnóstico e Infra - 2025 ri baixo amazonas",20,"Tabela 22 – Caracterização Hospitalar – Equip de Manutenção da Vida, Equip de Diagnóstico e Infra - 2025 ri baixo amazonas","..\..\Desktop\tabelas-powerBI\3 Baixo Amazonas\Tabela 22 – Caracterização Hospitalar – Equip de Manutenção da Vida, Equip de Diagnóstico e Infra - 2025 ri baixo amazonas.xlsx",Baixo Amazonas,1199,
RI Baixo Amazonas,3 Baixo Amazonas,22,"Tabela 22 – Caracterização Hospitalar – Equip de Manutenção da Vida, Equip de Diagnóstico e Infra - 2025 ri baixo amazonas",20,"Tabela 22 – Caracterização Hospitalar – Equip de Manutenção da Vida, Equip de Diagnóstico e Infra - 2025 ri baixo amazonas","..\..\Desktop\tabelas-powerBI\3 Baixo Amazonas\Tabela 22 – Caracterização Hospitalar – Equip de Manutenção da Vida, Equip de Diagnóstico e Infra - 2025 ri baixo amazonas.xlsx",Baixo Amazonas,1128,100.0
Alenquer,3 Baixo Amazonas,22,"Tabela 22 – Caracterização Hospitalar – Equip de Manutenção da Vida, Equip de Diagnóstico e Infra - 2025 ri baixo amazonas",20,"Tabela 22 – Caracterização Hospitalar – Equip de Manutenção da Vida, Equip de Diagnóstico e Infra - 2025 ri baixo amazonas","..\..\Desktop\tabelas-powerBI\3 Baixo Amazonas\Tabela 22 – Caracterização Hospitalar – Equip de Manutenção da Vida, Equip de Diagnóstico e Infra - 2025 ri baixo amazonas.xlsx",Baixo Amazonas,1128,5.0
Almeirim,3 Baixo Amazonas,22,"Tabela 22 – Caracterização Hospitalar – Equip de Manutenção da Vida, Equip de Diagnóstico e Infra - 2025 ri baixo amazonas",20,"Tabela 22 – Caracterização Hospitalar – Equip de Manutenção da Vida, Equip de Diagnóstico e Infra - 2025 ri baixo amazonas","..\..\Desktop\tabelas-powerBI\3 Baixo Amazonas\Tabela 22 – Caracterização Hospitalar – Equip de Manutenção da Vida, Equip de Diagnóstico e Infra - 2025 ri baixo amazonas.xlsx",Baixo Amazonas,1128,9.0
Belterra,3 Baixo Amazonas,22,"Tabela 22 – Caracterização Hospitalar – Equip de Manutenção da Vida, Equip de Diagnóstico e Infra - 2025 ri baixo amazonas",20,"Tabela 22 – Caracterização Hospitalar – Equip de Manutenção da Vida, Equip de Diagnóstico e Infra - 2025 ri baixo amazonas","..\..\Desktop\tabelas-powerBI\3 Baixo Amazonas\Tabela 22 – Caracterização Hospitalar – Equip de Manutenção da Vida, Equip de Diagnóstico e Infra - 2025 ri baixo amazonas.xlsx",Baixo Amazonas,1128,3.0
Curuá,3 Baixo Amazonas,22,"Tabela 22 – Caracterização Hospitalar – Equip de Manutenção da Vida, Equip de Diagnóstico e Infra - 2025 ri baixo amazonas",20,"Tabela 22 – Caracterização Hospitalar – Equip de Manutenção da Vida, Equip de Diagnóstico e Infra - 2025 ri baixo amazonas","..\..\Desktop\tabelas-powerBI\3 Baixo Amazonas\Tabela 22 – Caracterização Hospitalar – Equip de Manutenção da Vida, Equip de Diagnóstico e Infra - 2025 ri baixo amazonas.xlsx",Baixo Amazonas,1128,0.0
Faro,3 Baixo Amazonas,22,"Tabela 22 – Caracterização Hospitalar – Equip de Manutenção da Vida, Equip de Diagnóstico e Infra - 2025 ri baixo amazonas",20,"Tabela 22 – Caracterização Hospitalar – Equip de Manutenção da Vida, Equip de Diagnóstico e Infra - 2025 ri baixo amazonas","..\..\Desktop\tabelas-powerBI\3 Baixo Amazonas\Tabela 22 – Caracterização Hospitalar – Equip de Manutenção da Vida, Equip de Diagnóstico e Infra - 2025 ri baixo amazonas.xlsx",Baixo Amazonas,1128,1.0
Juruti,3 Baixo Amazonas,22,"Tabela 22 – Caracterização Hospitalar – Equip de Manutenção da Vida, Equip de Diagnóstico e Infra - 2025 ri baixo amazonas",20,"Tabela 22 – Caracterização Hospitalar – Equip de Manutenção da Vida, Equip de Diagnóstico e Infra - 2025 ri baixo amazonas","..\..\Desktop\tabelas-powerBI\3 Baixo Amazonas\Tabela 22 – Caracterização Hospitalar – Equip de Manutenção da Vida, Equip de Diagnóstico e Infra - 2025 ri baixo amazonas.xlsx",Baixo Amazonas,1128,7.0
Mojuí dos Campos,3 Baixo Amazonas,22,"Tabela 22 – Caracterização Hospitalar – Equip de Manutenção da Vida, Equip de Diagnóstico e Infra - 2025 ri baixo amazonas",20,"Tabela 22 – Caracterização Hospitalar – Equip de Manutenção da Vida, Equip de Diagnóstico e Infra - 2025 ri baixo amazonas","..\..\Desktop\tabelas-powerBI\3 Baixo Amazonas\Tabela 22 – Caracterização Hospitalar – Equip de Manutenção da Vida, Equip de Diagnóstico e Infra - 2025 ri baixo amazonas.xlsx",Baixo Amazonas,1128,1.0
Monte Alegre,3 Baixo Amazonas,22,"Tabela 22 – Caracterização Hospitalar – Equip de Manutenção da Vida, Equip de Diagnóstico e Infra - 2025 ri baixo amazonas",20,"Tabela 22 – Caracterização Hospitalar – Equip de Manutenção da Vida, Equip de Diagnóstico e Infra - 2025 ri baixo amazonas","..\..\Desktop\tabelas-powerBI\3 Baixo Amazonas\Tabela 22 – Caracterização Hospitalar – Equip de Manutenção da Vida, Equip de Diagnóstico e Infra - 2025 ri baixo amazonas.xlsx",Baixo Amazonas,1128,4.0
Óbidos,3 Baixo Amazonas,22,"Tabela 22 – Caracterização Hospitalar – Equip de Manutenção da Vida, Equip de Diagnóstico e Infra - 2025 ri baixo amazonas",20,"Tabela 22 – Caracterização Hospitalar – Equip de Manutenção da Vida, Equip de Diagnóstico e Infra - 2025 ri baixo amazonas","..\..\Desktop\tabelas-powerBI\3 Baixo Amazonas\Tabela 22 – Caracterização Hospitalar – Equip de Manutenção da Vida, Equip de Diagnóstico e Infra - 2025 ri baixo amazonas.xlsx",Baixo Amazonas,1128,8.0
Oriximiná,3 Baixo Amazonas,22,"Tabela 22 – Caracterização Hospitalar – Equip de Manutenção da Vida, Equip de Diagnóstico e Infra - 2025 ri baixo amazonas",20,"Tabela 22 – Caracterização Hospitalar – Equip de Manutenção da Vida, Equip de Diagnóstico e Infra - 2025 ri baixo amazonas","..\..\Desktop\tabelas-powerBI\3 Baixo Amazonas\Tabela 22 – Caracterização Hospitalar – Equip de Manutenção da Vida, Equip de Diagnóstico e Infra - 2025 ri baixo amazonas.xlsx",Baixo Amazonas,1128,9.0
Prainha,3 Baixo Amazonas,22,"Tabela 22 – Caracterização Hospitalar – Equip de Manutenção da Vida, Equip de Diagnóstico e Infra - 2025 ri baixo amazonas",20,"Tabela 22 – Caracterização Hospitalar – Equip de Manutenção da Vida, Equip de Diagnóstico e Infra - 2025 ri baixo amazonas","..\..\Desktop\tabelas-powerBI\3 Baixo Amazonas\Tabela 22 – Caracterização Hospitalar – Equip de Manutenção da Vida, Equip de Diagnóstico e Infra - 2025 ri baixo amazonas.xlsx",Baixo Amazonas,1128,2.0
Santarém,3 Baixo Amazonas,22,"Tabela 22 – Caracterização Hospitalar – Equip de Manutenção da Vida, Equip de Diagnóstico e Infra - 2025 ri baixo amazonas",20,"Tabela 22 – Caracterização Hospitalar – Equip de Manutenção da Vida, Equip de Diagnóstico e Infra - 2025 ri baixo amazonas","..\..\Desktop\tabelas-powerBI\3 Baixo Amazonas\Tabela 22 – Caracterização Hospitalar – Equip de Manutenção da Vida, Equip de Diagnóstico e Infra - 2025 ri baixo amazonas.xlsx",Baixo Amazonas,1128,50.0
Terra Santa,3 Baixo Amazonas,22,"Tabela 22 – Caracterização Hospitalar – Equip de Manutenção da Vida, Equip de Diagnóstico e Infra - 2025 ri baixo amazonas",20,"Tabela 22 – Caracterização Hospitalar – Equip de Manutenção da Vida, Equip de Diagnóstico e Infra - 2025 ri baixo amazonas","..\..\Desktop\tabelas-powerBI\3 Baixo Amazonas\Tabela 22 – Caracterização Hospitalar – Equip de Manutenção da Vida, Equip de Diagnóstico e Infra - 2025 ri baixo amazonas.xlsx",Baixo Amazonas,1128,1.0
Fonte: DATASUS,3 Baixo Amazonas,22,"Tabela 22 – Caracterização Hospitalar – Equip de Manutenção da Vida, Equip de Diagnóstico e Infra - 2025 ri baixo amazonas",20,"Tabela 22 – Caracterização Hospitalar – Equip de Manutenção da Vida, Equip de Diagnóstico e Infra - 2025 ri baixo amazonas","..\..\Desktop\tabelas-powerBI\3 Baixo Amazonas\Tabela 22 – Caracterização Hospitalar – Equip de Manutenção da Vida, Equip de Diagnóstico e Infra - 2025 ri baixo amazonas.xlsx",Baixo Amazonas,1128,
Elaboração: FAPESPA,3 Baixo Amazonas,22,"Tabela 22 – Caracterização Hospitalar – Equip de Manutenção da Vida, Equip de Diagnóstico e Infra - 2025 ri baixo amazonas",20,"Tabela 22 – Caracterização Hospitalar – Equip de Manutenção da Vida, Equip de Diagnóstico e Infra - 2025 ri baixo amazonas","..\..\Desktop\tabelas-powerBI\3 Baixo Amazonas\Tabela 22 – Caracterização Hospitalar – Equip de Manutenção da Vida, Equip de Diagnóstico e Infra - 2025 ri baixo amazonas.xlsx",Baixo Amazonas,1128,
*Nota: Dados referentes a Outubro/2025.,3 Baixo Amazonas,22,"Tabela 22 – Caracterização Hospitalar – Equip de Manutenção da Vida, Equip de Diagnóstico e Infra - 2025 ri baixo amazonas",20,"Tabela 22 – Caracterização Hospitalar – Equip de Manutenção da Vida, Equip de Diagnóstico e Infra - 2025 ri baixo amazonas","..\..\Desktop\tabelas-powerBI\3 Baixo Amazonas\Tabela 22 – Caracterização Hospitalar – Equip de Manutenção da Vida, Equip de Diagnóstico e Infra - 2025 ri baixo amazonas.xlsx",Baixo Amazonas,1128,
RI Baixo Amazonas,3 Baixo Amazonas,22,"Tabela 22 – Caracterização Hospitalar – Equip de Manutenção da Vida, Equip de Diagnóstico e Infra - 2025 ri baixo amazonas",20,"Tabela 22 – Caracterização Hospitalar – Equip de Manutenção da Vida, Equip de Diagnóstico e Infra - 2025 ri baixo amazonas","..\..\Desktop\tabelas-powerBI\3 Baixo Amazonas\Tabela 22 – Caracterização Hospitalar – Equip de Manutenção da Vida, Equip de Diagnóstico e Infra - 2025 ri baixo amazonas.xlsx",Baixo Amazonas,215,21.0
Alenquer,3 Baixo Amazonas,22,"Tabela 22 – Caracterização Hospitalar – Equip de Manutenção da Vida, Equip de Diagnóstico e Infra - 2025 ri baixo amazonas",20,"Tabela 22 – Caracterização Hospitalar – Equip de Manutenção da Vida, Equip de Diagnóstico e Infra - 2025 ri baixo amazonas","..\..\Desktop\tabelas-powerBI\3 Baixo Amazonas\Tabela 22 – Caracterização Hospitalar – Equip de Manutenção da Vida, Equip de Diagnóstico e Infra - 2025 ri baixo amazonas.xlsx",Baixo Amazonas,215,0.0
Almeirim,3 Baixo Amazonas,22,"Tabela 22 – Caracterização Hospitalar – Equip de Manutenção da Vida, Equip de Diagnóstico e Infra - 2025 ri baixo amazonas",20,"Tabela 22 – Caracterização Hospitalar – Equip de Manutenção da Vida, Equip de Diagnóstico e Infra - 2025 ri baixo amazonas","..\..\Desktop\tabelas-powerBI\3 Baixo Amazonas\Tabela 22 – Caracterização Hospitalar – Equip de Manutenção da Vida, Equip de Diagnóstico e Infra - 2025 ri baixo amazonas.xlsx",Baixo Amazonas,215,0.0
Belterra,3 Baixo Amazonas,22,"Tabela 22 – Caracterização Hospitalar – Equip de Manutenção da Vida, Equip de Diagnóstico e Infra - 2025 ri baixo amazonas",20,"Tabela 22 – Caracterização Hospitalar – Equip de Manutenção da Vida, Equip de Diagnóstico e Infra - 2025 ri baixo amazonas","..\..\Desktop\tabelas-powerBI\3 Baixo Amazonas\Tabela 22 – Caracterização Hospitalar – Equip de Manutenção da Vida, Equip de Diagnóstico e Infra - 2025 ri baixo amazonas.xlsx",Baixo Amazonas,215,0.0
Curuá,3 Baixo Amazonas,22,"Tabela 22 – Caracterização Hospitalar – Equip de Manutenção da Vida, Equip de Diagnóstico e Infra - 2025 ri baixo amazonas",20,"Tabela 22 – Caracterização Hospitalar – Equip de Manutenção da Vida, Equip de Diagnóstico e Infra - 2025 ri baixo amazonas","..\..\Desktop\tabelas-powerBI\3 Baixo Amazonas\Tabela 22 – Caracterização Hospitalar – Equip de Manutenção da Vida, Equip de Diagnóstico e Infra - 2025 ri baixo amazonas.xlsx",Baixo Amazonas,215,0.0
Faro,3 Baixo Amazonas,22,"Tabela 22 – Caracterização Hospitalar – Equip de Manutenção da Vida, Equip de Diagnóstico e Infra - 2025 ri baixo amazonas",20,"Tabela 22 – Caracterização Hospitalar – Equip de Manutenção da Vida, Equip de Diagnóstico e Infra - 2025 ri baixo amazonas","..\..\Desktop\tabelas-powerBI\3 Baixo Amazonas\Tabela 22 – Caracterização Hospitalar – Equip de Manutenção da Vida, Equip de Diagnóstico e Infra - 2025 ri baixo amazonas.xlsx",Baixo Amazonas,215,0.0
Juruti,3 Baixo Amazonas,22,"Tabela 22 – Caracterização Hospitalar – Equip de Manutenção da Vida, Equip de Diagnóstico e Infra - 2025 ri baixo amazonas",20,"Tabela 22 – Caracterização Hospitalar – Equip de Manutenção da Vida, Equip de Diagnóstico e Infra - 2025 ri baixo amazonas","..\..\Desktop\tabelas-powerBI\3 Baixo Amazonas\Tabela 22 – Caracterização Hospitalar – Equip de Manutenção da Vida, Equip de Diagnóstico e Infra - 2025 ri baixo amazonas.xlsx",Baixo Amazonas,215,2.0
Mojuí dos Campos,3 Baixo Amazonas,22,"Tabela 22 – Caracterização Hospitalar – Equip de Manutenção da Vida, Equip de Diagnóstico e Infra - 2025 ri baixo amazonas",20,"Tabela 22 – Caracterização Hospitalar – Equip de Manutenção da Vida, Equip de Diagnóstico e Infra - 2025 ri baixo amazonas","..\..\Desktop\tabelas-powerBI\3 Baixo Amazonas\Tabela 22 – Caracterização Hospitalar – Equip de Manutenção da Vida, Equip de Diagnóstico e Infra - 2025 ri baixo amazonas.xlsx",Baixo Amazonas,215,0.0
Monte Alegre,3 Baixo Amazonas,22,"Tabela 22 – Caracterização Hospitalar – Equip de Manutenção da Vida, Equip de Diagnóstico e Infra - 2025 ri baixo amazonas",20,"Tabela 22 – Caracterização Hospitalar – Equip de Manutenção da Vida, Equip de Diagnóstico e Infra - 2025 ri baixo amazonas","..\..\Desktop\tabelas-powerBI\3 Baixo Amazonas\Tabela 22 – Caracterização Hospitalar – Equip de Manutenção da Vida, Equip de Diagnóstico e Infra - 2025 ri baixo amazonas.xlsx",Baixo Amazonas,215,0.0
Óbidos,3 Baixo Amazonas,22,"Tabela 22 – Caracterização Hospitalar – Equip de Manutenção da Vida, Equip de Diagnóstico e Infra - 2025 ri baixo amazonas",20,"Tabela 22 – Caracterização Hospitalar – Equip de Manutenção da Vida, Equip de Diagnóstico e Infra - 2025 ri baixo amazonas","..\..\Desktop\tabelas-powerBI\3 Baixo Amazonas\Tabela 22 – Caracterização Hospitalar – Equip de Manutenção da Vida, Equip de Diagnóstico e Infra - 2025 ri baixo amazonas.xlsx",Baixo Amazonas,215,3.0
Oriximiná,3 Baixo Amazonas,22,"Tabela 22 – Caracterização Hospitalar – Equip de Manutenção da Vida, Equip de Diagnóstico e Infra - 2025 ri baixo amazonas",20,"Tabela 22 – Caracterização Hospitalar – Equip de Manutenção da Vida, Equip de Diagnóstico e Infra - 2025 ri baixo amazonas","..\..\Desktop\tabelas-powerBI\3 Baixo Amazonas\Tabela 22 – Caracterização Hospitalar – Equip de Manutenção da Vida, Equip de Diagnóstico e Infra - 2025 ri baixo amazonas.xlsx",Baixo Amazonas,215,2.0
Prainha,3 Baixo Amazonas,22,"Tabela 22 – Caracterização Hospitalar – Equip de Manutenção da Vida, Equip de Diagnóstico e Infra - 2025 ri baixo amazonas",20,"Tabela 22 – Caracterização Hospitalar – Equip de Manutenção da Vida, Equip de Diagnóstico e Infra - 2025 ri baixo amazonas","..\..\Desktop\tabelas-powerBI\3 Baixo Amazonas\Tabela 22 – Caracterização Hospitalar – Equip de Manutenção da Vida, Equip de Diagnóstico e Infra - 2025 ri baixo amazonas.xlsx",Baixo Amazonas,215,0.0
Santarém,3 Baixo Amazonas,22,"Tabela 22 – Caracterização Hospitalar – Equip de Manutenção da Vida, Equip de Diagnóstico e Infra - 2025 ri baixo amazonas",20,"Tabela 22 – Caracterização Hospitalar – Equip de Manutenção da Vida, Equip de Diagnóstico e Infra - 2025 ri baixo amazonas","..\..\Desktop\tabelas-powerBI\3 Baixo Amazonas\Tabela 22 – Caracterização Hospitalar – Equip de Manutenção da Vida, Equip de Diagnóstico e Infra - 2025 ri baixo amazonas.xlsx",Baixo Amazonas,215,14.0
Terra Santa,3 Baixo Amazonas,22,"Tabela 22 – Caracterização Hospitalar – Equip de Manutenção da Vida, Equip de Diagnóstico e Infra - 2025 ri baixo amazonas",20,"Tabela 22 – Caracterização Hospitalar – Equip de Manutenção da Vida, Equip de Diagnóstico e Infra - 2025 ri baixo amazonas","..\..\Desktop\tabelas-powerBI\3 Baixo Amazonas\Tabela 22 – Caracterização Hospitalar – Equip de Manutenção da Vida, Equip de Diagnóstico e Infra - 2025 ri baixo amazonas.xlsx",Baixo Amazonas,215,0.0
Fonte: DATASUS,3 Baixo Amazonas,22,"Tabela 22 – Caracterização Hospitalar – Equip de Manutenção da Vida, Equip de Diagnóstico e Infra - 2025 ri baixo amazonas",20,"Tabela 22 – Caracterização Hospitalar – Equip de Manutenção da Vida, Equip de Diagnóstico e Infra - 2025 ri baixo amazonas","..\..\Desktop\tabelas-powerBI\3 Baixo Amazonas\Tabela 22 – Caracterização Hospitalar – Equip de Manutenção da Vida, Equip de Diagnóstico e Infra - 2025 ri baixo amazonas.xlsx",Baixo Amazonas,215,
Elaboração: FAPESPA,3 Baixo Amazonas,22,"Tabela 22 – Caracterização Hospitalar – Equip de Manutenção da Vida, Equip de Diagnóstico e Infra - 2025 ri baixo amazonas",20,"Tabela 22 – Caracterização Hospitalar – Equip de Manutenção da Vida, Equip de Diagnóstico e Infra - 2025 ri baixo amazonas","..\..\Desktop\tabelas-powerBI\3 Baixo Amazonas\Tabela 22 – Caracterização Hospitalar – Equip de Manutenção da Vida, Equip de Diagnóstico e Infra - 2025 ri baixo amazonas.xlsx",Baixo Amazonas,215,
*Nota: Dados referentes a Outubro/2025.,3 Baixo Amazonas,22,"Tabela 22 – Caracterização Hospitalar – Equip de Manutenção da Vida, Equip de Diagnóstico e Infra - 2025 ri baixo amazonas",20,"Tabela 22 – Caracterização Hospitalar – Equip de Manutenção da Vida, Equip de Diagnóstico e Infra - 2025 ri baixo amazonas","..\..\Desktop\tabelas-powerBI\3 Baixo Amazonas\Tabela 22 – Caracterização Hospitalar – Equip de Manutenção da Vida, Equip de Diagnóstico e Infra - 2025 ri baixo amazonas.xlsx",Baixo Amazonas,215,
RI Baixo Amazonas,3 Baixo Amazonas,22,"Tabela 22 – Caracterização Hospitalar – Equip de Manutenção da Vida, Equip de Diagnóstico e Infra - 2025 ri baixo amazonas",20,"Tabela 22 – Caracterização Hospitalar – Equip de Manutenção da Vida, Equip de Diagnóstico e Infra - 2025 ri baixo amazonas","..\..\Desktop\tabelas-powerBI\3 Baixo Amazonas\Tabela 22 – Caracterização Hospitalar – Equip de Manutenção da Vida, Equip de Diagnóstico e Infra - 2025 ri baixo amazonas.xlsx",Baixo Amazonas,197,17.0
Alenquer,3 Baixo Amazonas,22,"Tabela 22 – Caracterização Hospitalar – Equip de Manutenção da Vida, Equip de Diagnóstico e Infra - 2025 ri baixo amazonas",20,"Tabela 22 – Caracterização Hospitalar – Equip de Manutenção da Vida, Equip de Diagnóstico e Infra - 2025 ri baixo amazonas","..\..\Desktop\tabelas-powerBI\3 Baixo Amazonas\Tabela 22 – Caracterização Hospitalar – Equip de Manutenção da Vida, Equip de Diagnóstico e Infra - 2025 ri baixo amazonas.xlsx",Baixo Amazonas,197,0.0
Almeirim,3 Baixo Amazonas,22,"Tabela 22 – Caracterização Hospitalar – Equip de Manutenção da Vida, Equip de Diagnóstico e Infra - 2025 ri baixo amazonas",20,"Tabela 22 – Caracterização Hospitalar – Equip de Manutenção da Vida, Equip de Diagnóstico e Infra - 2025 ri baixo amazonas","..\..\Desktop\tabelas-powerBI\3 Baixo Amazonas\Tabela 22 – Caracterização Hospitalar – Equip de Manutenção da Vida, Equip de Diagnóstico e Infra - 2025 ri baixo amazonas.xlsx",Baixo Amazonas,197,0.0
Belterra,3 Baixo Amazonas,22,"Tabela 22 – Caracterização Hospitalar – Equip de Manutenção da Vida, Equip de Diagnóstico e Infra - 2025 ri baixo amazonas",20,"Tabela 22 – Caracterização Hospitalar – Equip de Manutenção da Vida, Equip de Diagnóstico e Infra - 2025 ri baixo amazonas","..\..\Desktop\tabelas-powerBI\3 Baixo Amazonas\Tabela 22 – Caracterização Hospitalar – Equip de Manutenção da Vida, Equip de Diagnóstico e Infra - 2025 ri baixo amazonas.xlsx",Baixo Amazonas,197,0.0
Curuá,3 Baixo Amazonas,22,"Tabela 22 – Caracterização Hospitalar – Equip de Manutenção da Vida, Equip de Diagnóstico e Infra - 2025 ri baixo amazonas",20,"Tabela 22 – Caracterização Hospitalar – Equip de Manutenção da Vida, Equip de Diagnóstico e Infra - 2025 ri baixo amazonas","..\..\Desktop\tabelas-powerBI\3 Baixo Amazonas\Tabela 22 – Caracterização Hospitalar – Equip de Manutenção da Vida, Equip de Diagnóstico e Infra - 2025 ri baixo amazonas.xlsx",Baixo Amazonas,197,0.0
Faro,3 Baixo Amazonas,22,"Tabela 22 – Caracterização Hospitalar – Equip de Manutenção da Vida, Equip de Diagnóstico e Infra - 2025 ri baixo amazonas",20,"Tabela 22 – Caracterização Hospitalar – Equip de Manutenção da Vida, Equip de Diagnóstico e Infra - 2025 ri baixo amazonas","..\..\Desktop\tabelas-powerBI\3 Baixo Amazonas\Tabela 22 – Caracterização Hospitalar – Equip de Manutenção da Vida, Equip de Diagnóstico e Infra - 2025 ri baixo amazonas.xlsx",Baixo Amazonas,197,0.0
Juruti,3 Baixo Amazonas,22,"Tabela 22 – Caracterização Hospitalar – Equip de Manutenção da Vida, Equip de Diagnóstico e Infra - 2025 ri baixo amazonas",20,"Tabela 22 – Caracterização Hospitalar – Equip de Manutenção da Vida, Equip de Diagnóstico e Infra - 2025 ri baixo amazonas","..\..\Desktop\tabelas-powerBI\3 Baixo Amazonas\Tabela 22 – Caracterização Hospitalar – Equip de Manutenção da Vida, Equip de Diagnóstico e Infra - 2025 ri baixo amazonas.xlsx",Baixo Amazonas,197,2.0
Mojuí dos Campos,3 Baixo Amazonas,22,"Tabela 22 – Caracterização Hospitalar – Equip de Manutenção da Vida, Equip de Diagnóstico e Infra - 2025 ri baixo amazonas",20,"Tabela 22 – Caracterização Hospitalar – Equip de Manutenção da Vida, Equip de Diagnóstico e Infra - 2025 ri baixo amazonas","..\..\Desktop\tabelas-powerBI\3 Baixo Amazonas\Tabela 22 – Caracterização Hospitalar – Equip de Manutenção da Vida, Equip de Diagnóstico e Infra - 2025 ri baixo amazonas.xlsx",Baixo Amazonas,197,0.0
Monte Alegre,3 Baixo Amazonas,22,"Tabela 22 – Caracterização Hospitalar – Equip de Manutenção da Vida, Equip de Diagnóstico e Infra - 2025 ri baixo amazonas",20,"Tabela 22 – Caracterização Hospitalar – Equip de Manutenção da Vida, Equip de Diagnóstico e Infra - 2025 ri baixo amazonas","..\..\Desktop\tabelas-powerBI\3 Baixo Amazonas\Tabela 22 – Caracterização Hospitalar – Equip de Manutenção da Vida, Equip de Diagnóstico e Infra - 2025 ri baixo amazonas.xlsx",Baixo Amazonas,197,0.0
Óbidos,3 Baixo Amazonas,22,"Tabela 22 – Caracterização Hospitalar – Equip de Manutenção da Vida, Equip de Diagnóstico e Infra - 2025 ri baixo amazonas",20,"Tabela 22 – Caracterização Hospitalar – Equip de Manutenção da Vida, Equip de Diagnóstico e Infra - 2025 ri baixo amazonas","..\..\Desktop\tabelas-powerBI\3 Baixo Amazonas\Tabela 22 – Caracterização Hospitalar – Equip de Manutenção da Vida, Equip de Diagnóstico e Infra - 2025 ri baixo amazonas.xlsx",Baixo Amazonas,197,2.0
Oriximiná,3 Baixo Amazonas,22,"Tabela 22 – Caracterização Hospitalar – Equip de Manutenção da Vida, Equip de Diagnóstico e Infra - 2025 ri baixo amazonas",20,"Tabela 22 – Caracterização Hospitalar – Equip de Manutenção da Vida, Equip de Diagnóstico e Infra - 2025 ri baixo amazonas","..\..\Desktop\tabelas-powerBI\3 Baixo Amazonas\Tabela 22 – Caracterização Hospitalar – Equip de Manutenção da Vida, Equip de Diagnóstico e Infra - 2025 ri baixo amazonas.xlsx",Baixo Amazonas,197,1.0
Prainha,3 Baixo Amazonas,22,"Tabela 22 – Caracterização Hospitalar – Equip de Manutenção da Vida, Equip de Diagnóstico e Infra - 2025 ri baixo amazonas",20,"Tabela 22 – Caracterização Hospitalar – Equip de Manutenção da Vida, Equip de Diagnóstico e Infra - 2025 ri baixo amazonas","..\..\Desktop\tabelas-powerBI\3 Baixo Amazonas\Tabela 22 – Caracterização Hospitalar – Equip de Manutenção da Vida, Equip de Diagnóstico e Infra - 2025 ri baixo amazonas.xlsx",Baixo Amazonas,197,0.0
Santarém,3 Baixo Amazonas,22,"Tabela 22 – Caracterização Hospitalar – Equip de Manutenção da Vida, Equip de Diagnóstico e Infra - 2025 ri baixo amazonas",20,"Tabela 22 – Caracterização Hospitalar – Equip de Manutenção da Vida, Equip de Diagnóstico e Infra - 2025 ri baixo amazonas","..\..\Desktop\tabelas-powerBI\3 Baixo Amazonas\Tabela 22 – Caracterização Hospitalar – Equip de Manutenção da Vida, Equip de Diagnóstico e Infra - 2025 ri baixo amazonas.xlsx",Baixo Amazonas,197,12.0
Terra Santa,3 Baixo Amazonas,22,"Tabela 22 – Caracterização Hospitalar – Equip de Manutenção da Vida, Equip de Diagnóstico e Infra - 2025 ri baixo amazonas",20,"Tabela 22 – Caracterização Hospitalar – Equip de Manutenção da Vida, Equip de Diagnóstico e Infra - 2025 ri baixo amazonas","..\..\Desktop\tabelas-powerBI\3 Baixo Amazonas\Tabela 22 – Caracterização Hospitalar – Equip de Manutenção da Vida, Equip de Diagnóstico e Infra - 2025 ri baixo amazonas.xlsx",Baixo Amazonas,197,0.0
Fonte: DATASUS,3 Baixo Amazonas,22,"Tabela 22 – Caracterização Hospitalar – Equip de Manutenção da Vida, Equip de Diagnóstico e Infra - 2025 ri baixo amazonas",20,"Tabela 22 – Caracterização Hospitalar – Equip de Manutenção da Vida, Equip de Diagnóstico e Infra - 2025 ri baixo amazonas","..\..\Desktop\tabelas-powerBI\3 Baixo Amazonas\Tabela 22 – Caracterização Hospitalar – Equip de Manutenção da Vida, Equip de Diagnóstico e Infra - 2025 ri baixo amazonas.xlsx",Baixo Amazonas,197,
Elaboração: FAPESPA,3 Baixo Amazonas,22,"Tabela 22 – Caracterização Hospitalar – Equip de Manutenção da Vida, Equip de Diagnóstico e Infra - 2025 ri baixo amazonas",20,"Tabela 22 – Caracterização Hospitalar – Equip de Manutenção da Vida, Equip de Diagnóstico e Infra - 2025 ri baixo amazonas","..\..\Desktop\tabelas-powerBI\3 Baixo Amazonas\Tabela 22 – Caracterização Hospitalar – Equip de Manutenção da Vida, Equip de Diagnóstico e Infra - 2025 ri baixo amazonas.xlsx",Baixo Amazonas,197,
*Nota: Dados referentes a Outubro/2025.,3 Baixo Amazonas,22,"Tabela 22 – Caracterização Hospitalar – Equip de Manutenção da Vida, Equip de Diagnóstico e Infra - 2025 ri baixo amazonas",20,"Tabela 22 – Caracterização Hospitalar – Equip de Manutenção da Vida, Equip de Diagnóstico e Infra - 2025 ri baixo amazonas","..\..\Desktop\tabelas-powerBI\3 Baixo Amazonas\Tabela 22 – Caracterização Hospitalar – Equip de Manutenção da Vida, Equip de Diagnóstico e Infra - 2025 ri baixo amazonas.xlsx",Baixo Amazonas,197,
RI Baixo Amazonas,3 Baixo Amazonas,22,"Tabela 22 – Caracterização Hospitalar – Equip de Manutenção da Vida, Equip de Diagnóstico e Infra - 2025 ri baixo amazonas",20,"Tabela 22 – Caracterização Hospitalar – Equip de Manutenção da Vida, Equip de Diagnóstico e Infra - 2025 ri baixo amazonas","..\..\Desktop\tabelas-powerBI\3 Baixo Amazonas\Tabela 22 – Caracterização Hospitalar – Equip de Manutenção da Vida, Equip de Diagnóstico e Infra - 2025 ri baixo amazonas.xlsx",Baixo Amazonas,19075,1430.0
Alenquer,3 Baixo Amazonas,22,"Tabela 22 – Caracterização Hospitalar – Equip de Manutenção da Vida, Equip de Diagnóstico e Infra - 2025 ri baixo amazonas",20,"Tabela 22 – Caracterização Hospitalar – Equip de Manutenção da Vida, Equip de Diagnóstico e Infra - 2025 ri baixo amazonas","..\..\Desktop\tabelas-powerBI\3 Baixo Amazonas\Tabela 22 – Caracterização Hospitalar – Equip de Manutenção da Vida, Equip de Diagnóstico e Infra - 2025 ri baixo amazonas.xlsx",Baixo Amazonas,19075,11.0
Almeirim,3 Baixo Amazonas,22,"Tabela 22 – Caracterização Hospitalar – Equip de Manutenção da Vida, Equip de Diagnóstico e Infra - 2025 ri baixo amazonas",20,"Tabela 22 – Caracterização Hospitalar – Equip de Manutenção da Vida, Equip de Diagnóstico e Infra - 2025 ri baixo amazonas","..\..\Desktop\tabelas-powerBI\3 Baixo Amazonas\Tabela 22 – Caracterização Hospitalar – Equip de Manutenção da Vida, Equip de Diagnóstico e Infra - 2025 ri baixo amazonas.xlsx",Baixo Amazonas,19075,15.0
Belterra,3 Baixo Amazonas,22,"Tabela 22 – Caracterização Hospitalar – Equip de Manutenção da Vida, Equip de Diagnóstico e Infra - 2025 ri baixo amazonas",20,"Tabela 22 – Caracterização Hospitalar – Equip de Manutenção da Vida, Equip de Diagnóstico e Infra - 2025 ri baixo amazonas","..\..\Desktop\tabelas-powerBI\3 Baixo Amazonas\Tabela 22 – Caracterização Hospitalar – Equip de Manutenção da Vida, Equip de Diagnóstico e Infra - 2025 ri baixo amazonas.xlsx",Baixo Amazonas,19075,2.0
Curuá,3 Baixo Amazonas,22,"Tabela 22 – Caracterização Hospitalar – Equip de Manutenção da Vida, Equip de Diagnóstico e Infra - 2025 ri baixo amazonas",20,"Tabela 22 – Caracterização Hospitalar – Equip de Manutenção da Vida, Equip de Diagnóstico e Infra - 2025 ri baixo amazonas","..\..\Desktop\tabelas-powerBI\3 Baixo Amazonas\Tabela 22 – Caracterização Hospitalar – Equip de Manutenção da Vida, Equip de Diagnóstico e Infra - 2025 ri baixo amazonas.xlsx",Baixo Amazonas,19075,0.0
Faro,3 Baixo Amazonas,22,"Tabela 22 – Caracterização Hospitalar – Equip de Manutenção da Vida, Equip de Diagnóstico e Infra - 2025 ri baixo amazonas",20,"Tabela 22 – Caracterização Hospitalar – Equip de Manutenção da Vida, Equip de Diagnóstico e Infra - 2025 ri baixo amazonas","..\..\Desktop\tabelas-powerBI\3 Baixo Amazonas\Tabela 22 – Caracterização Hospitalar – Equip de Manutenção da Vida, Equip de Diagnóstico e Infra - 2025 ri baixo amazonas.xlsx",Baixo Amazonas,19075,0.0
Juruti,3 Baixo Amazonas,22,"Tabela 22 – Caracterização Hospitalar – Equip de Manutenção da Vida, Equip de Diagnóstico e Infra - 2025 ri baixo amazonas",20,"Tabela 22 – Caracterização Hospitalar – Equip de Manutenção da Vida, Equip de Diagnóstico e Infra - 2025 ri baixo amazonas","..\..\Desktop\tabelas-powerBI\3 Baixo Amazonas\Tabela 22 – Caracterização Hospitalar – Equip de Manutenção da Vida, Equip de Diagnóstico e Infra - 2025 ri baixo amazonas.xlsx",Baixo Amazonas,19075,104.0
Mojuí dos Campos,3 Baixo Amazonas,22,"Tabela 22 – Caracterização Hospitalar – Equip de Manutenção da Vida, Equip de Diagnóstico e Infra - 2025 ri baixo amazonas",20,"Tabela 22 – Caracterização Hospitalar – Equip de Manutenção da Vida, Equip de Diagnóstico e Infra - 2025 ri baixo amazonas","..\..\Desktop\tabelas-powerBI\3 Baixo Amazonas\Tabela 22 – Caracterização Hospitalar – Equip de Manutenção da Vida, Equip de Diagnóstico e Infra - 2025 ri baixo amazonas.xlsx",Baixo Amazonas,19075,0.0
Monte Alegre,3 Baixo Amazonas,22,"Tabela 22 – Caracterização Hospitalar – Equip de Manutenção da Vida, Equip de Diagnóstico e Infra - 2025 ri baixo amazonas",20,"Tabela 22 – Caracterização Hospitalar – Equip de Manutenção da Vida, Equip de Diagnóstico e Infra - 2025 ri baixo amazonas","..\..\Desktop\tabelas-powerBI\3 Baixo Amazonas\Tabela 22 – Caracterização Hospitalar – Equip de Manutenção da Vida, Equip de Diagnóstico e Infra - 2025 ri baixo amazonas.xlsx",Baixo Amazonas,19075,49.0
Óbidos,3 Baixo Amazonas,22,"Tabela 22 – Caracterização Hospitalar – Equip de Manutenção da Vida, Equip de Diagnóstico e Infra - 2025 ri baixo amazonas",20,"Tabela 22 – Caracterização Hospitalar – Equip de Manutenção da Vida, Equip de Diagnóstico e Infra - 2025 ri baixo amazonas","..\..\Desktop\tabelas-powerBI\3 Baixo Amazonas\Tabela 22 – Caracterização Hospitalar – Equip de Manutenção da Vida, Equip de Diagnóstico e Infra - 2025 ri baixo amazonas.xlsx",Baixo Amazonas,19075,74.0
Oriximiná,3 Baixo Amazonas,22,"Tabela 22 – Caracterização Hospitalar – Equip de Manutenção da Vida, Equip de Diagnóstico e Infra - 2025 ri baixo amazonas",20,"Tabela 22 – Caracterização Hospitalar – Equip de Manutenção da Vida, Equip de Diagnóstico e Infra - 2025 ri baixo amazonas","..\..\Desktop\tabelas-powerBI\3 Baixo Amazonas\Tabela 22 – Caracterização Hospitalar – Equip de Manutenção da Vida, Equip de Diagnóstico e Infra - 2025 ri baixo amazonas.xlsx",Baixo Amazonas,19075,76.0
Prainha,3 Baixo Amazonas,22,"Tabela 22 – Caracterização Hospitalar – Equip de Manutenção da Vida, Equip de Diagnóstico e Infra - 2025 ri baixo amazonas",20,"Tabela 22 – Caracterização Hospitalar – Equip de Manutenção da Vida, Equip de Diagnóstico e Infra - 2025 ri baixo amazonas","..\..\Desktop\tabelas-powerBI\3 Baixo Amazonas\Tabela 22 – Caracterização Hospitalar – Equip de Manutenção da Vida, Equip de Diagnóstico e Infra - 2025 ri baixo amazonas.xlsx",Baixo Amazonas,19075,0.0
Santarém,3 Baixo Amazonas,22,"Tabela 22 – Caracterização Hospitalar – Equip de Manutenção da Vida, Equip de Diagnóstico e Infra - 2025 ri baixo amazonas",20,"Tabela 22 – Caracterização Hospitalar – Equip de Manutenção da Vida, Equip de Diagnóstico e Infra - 2025 ri baixo amazonas","..\..\Desktop\tabelas-powerBI\3 Baixo Amazonas\Tabela 22 – Caracterização Hospitalar – Equip de Manutenção da Vida, Equip de Diagnóstico e Infra - 2025 ri baixo amazonas.xlsx",Baixo Amazonas,19075,1092.0
Terra Santa,3 Baixo Amazonas,22,"Tabela 22 – Caracterização Hospitalar – Equip de Manutenção da Vida, Equip de Diagnóstico e Infra - 2025 ri baixo amazonas",20,"Tabela 22 – Caracterização Hospitalar – Equip de Manutenção da Vida, Equip de Diagnóstico e Infra - 2025 ri baixo amazonas","..\..\Desktop\tabelas-powerBI\3 Baixo Amazonas\Tabela 22 – Caracterização Hospitalar – Equip de Manutenção da Vida, Equip de Diagnóstico e Infra - 2025 ri baixo amazonas.xlsx",Baixo Amazonas,19075,7.0
Fonte: DATASUS,3 Baixo Amazonas,22,"Tabela 22 – Caracterização Hospitalar – Equip de Manutenção da Vida, Equip de Diagnóstico e Infra - 2025 ri baixo amazonas",20,"Tabela 22 – Caracterização Hospitalar – Equip de Manutenção da Vida, Equip de Diagnóstico e Infra - 2025 ri baixo amazonas","..\..\Desktop\tabelas-powerBI\3 Baixo Amazonas\Tabela 22 – Caracterização Hospitalar – Equip de Manutenção da Vida, Equip de Diagnóstico e Infra - 2025 ri baixo amazonas.xlsx",Baixo Amazonas,19075,
Elaboração: FAPESPA,3 Baixo Amazonas,22,"Tabela 22 – Caracterização Hospitalar – Equip de Manutenção da Vida, Equip de Diagnóstico e Infra - 2025 ri baixo amazonas",20,"Tabela 22 – Caracterização Hospitalar – Equip de Manutenção da Vida, Equip de Diagnóstico e Infra - 2025 ri baixo amazonas","..\..\Desktop\tabelas-powerBI\3 Baixo Amazonas\Tabela 22 – Caracterização Hospitalar – Equip de Manutenção da Vida, Equip de Diagnóstico e Infra - 2025 ri baixo amazonas.xlsx",Baixo Amazonas,19075,
*Nota: Dados referentes a Outubro/2025.,3 Baixo Amazonas,22,"Tabela 22 – Caracterização Hospitalar – Equip de Manutenção da Vida, Equip de Diagnóstico e Infra - 2025 ri baixo amazonas",20,"Tabela 22 – Caracterização Hospitalar – Equip de Manutenção da Vida, Equip de Diagnóstico e Infra - 2025 ri baixo amazonas","..\..\Desktop\tabelas-powerBI\3 Baixo Amazonas\Tabela 22 – Caracterização Hospitalar – Equip de Manutenção da Vida, Equip de Diagnóstico e Infra - 2025 ri baixo amazonas.xlsx",Baixo Amazonas,19075,
RI Baixo Amazonas,3 Baixo Amazonas,22,"Tabela 22 – Caracterização Hospitalar – Equip de Manutenção da Vida, Equip de Diagnóstico e Infra - 2025 ri baixo amazonas",20,"Tabela 22 – Caracterização Hospitalar – Equip de Manutenção da Vida, Equip de Diagnóstico e Infra - 2025 ri baixo amazonas","..\..\Desktop\tabelas-powerBI\3 Baixo Amazonas\Tabela 22 – Caracterização Hospitalar – Equip de Manutenção da Vida, Equip de Diagnóstico e Infra - 2025 ri baixo amazonas.xlsx",Baixo Amazonas,18607,1388.0
Alenquer,3 Baixo Amazonas,22,"Tabela 22 – Caracterização Hospitalar – Equip de Manutenção da Vida, Equip de Diagnóstico e Infra - 2025 ri baixo amazonas",20,"Tabela 22 – Caracterização Hospitalar – Equip de Manutenção da Vida, Equip de Diagnóstico e Infra - 2025 ri baixo amazonas","..\..\Desktop\tabelas-powerBI\3 Baixo Amazonas\Tabela 22 – Caracterização Hospitalar – Equip de Manutenção da Vida, Equip de Diagnóstico e Infra - 2025 ri baixo amazonas.xlsx",Baixo Amazonas,18607,11.0
Almeirim,3 Baixo Amazonas,22,"Tabela 22 – Caracterização Hospitalar – Equip de Manutenção da Vida, Equip de Diagnóstico e Infra - 2025 ri baixo amazonas",20,"Tabela 22 – Caracterização Hospitalar – Equip de Manutenção da Vida, Equip de Diagnóstico e Infra - 2025 ri baixo amazonas","..\..\Desktop\tabelas-powerBI\3 Baixo Amazonas\Tabela 22 – Caracterização Hospitalar – Equip de Manutenção da Vida, Equip de Diagnóstico e Infra - 2025 ri baixo amazonas.xlsx",Baixo Amazonas,18607,15.0
Belterra,3 Baixo Amazonas,22,"Tabela 22 – Caracterização Hospitalar – Equip de Manutenção da Vida, Equip de Diagnóstico e Infra - 2025 ri baixo amazonas",20,"Tabela 22 – Caracterização Hospitalar – Equip de Manutenção da Vida, Equip de Diagnóstico e Infra - 2025 ri baixo amazonas","..\..\Desktop\tabelas-powerBI\3 Baixo Amazonas\Tabela 22 – Caracterização Hospitalar – Equip de Manutenção da Vida, Equip de Diagnóstico e Infra - 2025 ri baixo amazonas.xlsx",Baixo Amazonas,18607,0.0
Curuá,3 Baixo Amazonas,22,"Tabela 22 – Caracterização Hospitalar – Equip de Manutenção da Vida, Equip de Diagnóstico e Infra - 2025 ri baixo amazonas",20,"Tabela 22 – Caracterização Hospitalar – Equip de Manutenção da Vida, Equip de Diagnóstico e Infra - 2025 ri baixo amazonas","..\..\Desktop\tabelas-powerBI\3 Baixo Amazonas\Tabela 22 – Caracterização Hospitalar – Equip de Manutenção da Vida, Equip de Diagnóstico e Infra - 2025 ri baixo amazonas.xlsx",Baixo Amazonas,18607,0.0
Faro,3 Baixo Amazonas,22,"Tabela 22 – Caracterização Hospitalar – Equip de Manutenção da Vida, Equip de Diagnóstico e Infra - 2025 ri baixo amazonas",20,"Tabela 22 – Caracterização Hospitalar – Equip de Manutenção da Vida, Equip de Diagnóstico e Infra - 2025 ri baixo amazonas","..\..\Desktop\tabelas-powerBI\3 Baixo Amazonas\Tabela 22 – Caracterização Hospitalar – Equip de Manutenção da Vida, Equip de Diagnóstico e Infra - 2025 ri baixo amazonas.xlsx",Baixo Amazonas,18607,0.0
Juruti,3 Baixo Amazonas,22,"Tabela 22 – Caracterização Hospitalar – Equip de Manutenção da Vida, Equip de Diagnóstico e Infra - 2025 ri baixo amazonas",20,"Tabela 22 – Caracterização Hospitalar – Equip de Manutenção da Vida, Equip de Diagnóstico e Infra - 2025 ri baixo amazonas","..\..\Desktop\tabelas-powerBI\3 Baixo Amazonas\Tabela 22 – Caracterização Hospitalar – Equip de Manutenção da Vida, Equip de Diagnóstico e Infra - 2025 ri baixo amazonas.xlsx",Baixo Amazonas,18607,99.0
Mojuí dos Campos,3 Baixo Amazonas,22,"Tabela 22 – Caracterização Hospitalar – Equip de Manutenção da Vida, Equip de Diagnóstico e Infra - 2025 ri baixo amazonas",20,"Tabela 22 – Caracterização Hospitalar – Equip de Manutenção da Vida, Equip de Diagnóstico e Infra - 2025 ri baixo amazonas","..\..\Desktop\tabelas-powerBI\3 Baixo Amazonas\Tabela 22 – Caracterização Hospitalar – Equip de Manutenção da Vida, Equip de Diagnóstico e Infra - 2025 ri baixo amazonas.xlsx",Baixo Amazonas,18607,0.0
Monte Alegre,3 Baixo Amazonas,22,"Tabela 22 – Caracterização Hospitalar – Equip de Manutenção da Vida, Equip de Diagnóstico e Infra - 2025 ri baixo amazonas",20,"Tabela 22 – Caracterização Hospitalar – Equip de Manutenção da Vida, Equip de Diagnóstico e Infra - 2025 ri baixo amazonas","..\..\Desktop\tabelas-powerBI\3 Baixo Amazonas\Tabela 22 – Caracterização Hospitalar – Equip de Manutenção da Vida, Equip de Diagnóstico e Infra - 2025 ri baixo amazonas.xlsx",Baixo Amazonas,18607,49.0
Óbidos,3 Baixo Amazonas,22,"Tabela 22 – Caracterização Hospitalar – Equip de Manutenção da Vida, Equip de Diagnóstico e Infra - 2025 ri baixo amazonas",20,"Tabela 22 – Caracterização Hospitalar – Equip de Manutenção da Vida, Equip de Diagnóstico e Infra - 2025 ri baixo amazonas","..\..\Desktop\tabelas-powerBI\3 Baixo Amazonas\Tabela 22 – Caracterização Hospitalar – Equip de Manutenção da Vida, Equip de Diagnóstico e Infra - 2025 ri baixo amazonas.xlsx",Baixo Amazonas,18607,68.0
Oriximiná,3 Baixo Amazonas,22,"Tabela 22 – Caracterização Hospitalar – Equip de Manutenção da Vida, Equip de Diagnóstico e Infra - 2025 ri baixo amazonas",20,"Tabela 22 – Caracterização Hospitalar – Equip de Manutenção da Vida, Equip de Diagnóstico e Infra - 2025 ri baixo amazonas","..\..\Desktop\tabelas-powerBI\3 Baixo Amazonas\Tabela 22 – Caracterização Hospitalar – Equip de Manutenção da Vida, Equip de Diagnóstico e Infra - 2025 ri baixo amazonas.xlsx",Baixo Amazonas,18607,71.0
Prainha,3 Baixo Amazonas,22,"Tabela 22 – Caracterização Hospitalar – Equip de Manutenção da Vida, Equip de Diagnóstico e Infra - 2025 ri baixo amazonas",20,"Tabela 22 – Caracterização Hospitalar – Equip de Manutenção da Vida, Equip de Diagnóstico e Infra - 2025 ri baixo amazonas","..\..\Desktop\tabelas-powerBI\3 Baixo Amazonas\Tabela 22 – Caracterização Hospitalar – Equip de Manutenção da Vida, Equip de Diagnóstico e Infra - 2025 ri baixo amazonas.xlsx",Baixo Amazonas,18607,0.0
Santarém,3 Baixo Amazonas,22,"Tabela 22 – Caracterização Hospitalar – Equip de Manutenção da Vida, Equip de Diagnóstico e Infra - 2025 ri baixo amazonas",20,"Tabela 22 – Caracterização Hospitalar – Equip de Manutenção da Vida, Equip de Diagnóstico e Infra - 2025 ri baixo amazonas","..\..\Desktop\tabelas-powerBI\3 Baixo Amazonas\Tabela 22 – Caracterização Hospitalar – Equip de Manutenção da Vida, Equip de Diagnóstico e Infra - 2025 ri baixo amazonas.xlsx",Baixo Amazonas,18607,1068.0
Terra Santa,3 Baixo Amazonas,22,"Tabela 22 – Caracterização Hospitalar – Equip de Manutenção da Vida, Equip de Diagnóstico e Infra - 2025 ri baixo amazonas",20,"Tabela 22 – Caracterização Hospitalar – Equip de Manutenção da Vida, Equip de Diagnóstico e Infra - 2025 ri baixo amazonas","..\..\Desktop\tabelas-powerBI\3 Baixo Amazonas\Tabela 22 – Caracterização Hospitalar – Equip de Manutenção da Vida, Equip de Diagnóstico e Infra - 2025 ri baixo amazonas.xlsx",Baixo Amazonas,18607,7.0
Fonte: DATASUS,3 Baixo Amazonas,22,"Tabela 22 – Caracterização Hospitalar – Equip de Manutenção da Vida, Equip de Diagnóstico e Infra - 2025 ri baixo amazonas",20,"Tabela 22 – Caracterização Hospitalar – Equip de Manutenção da Vida, Equip de Diagnóstico e Infra - 2025 ri baixo amazonas","..\..\Desktop\tabelas-powerBI\3 Baixo Amazonas\Tabela 22 – Caracterização Hospitalar – Equip de Manutenção da Vida, Equip de Diagnóstico e Infra - 2025 ri baixo amazonas.xlsx",Baixo Amazonas,18607,
Elaboração: FAPESPA,3 Baixo Amazonas,22,"Tabela 22 – Caracterização Hospitalar – Equip de Manutenção da Vida, Equip de Diagnóstico e Infra - 2025 ri baixo amazonas",20,"Tabela 22 – Caracterização Hospitalar – Equip de Manutenção da Vida, Equip de Diagnóstico e Infra - 2025 ri baixo amazonas","..\..\Desktop\tabelas-powerBI\3 Baixo Amazonas\Tabela 22 – Caracterização Hospitalar – Equip de Manutenção da Vida, Equip de Diagnóstico e Infra - 2025 ri baixo amazonas.xlsx",Baixo Amazonas,18607,
*Nota: Dados referentes a Outubro/2025.,3 Baixo Amazonas,22,"Tabela 22 – Caracterização Hospitalar – Equip de Manutenção da Vida, Equip de Diagnóstico e Infra - 2025 ri baixo amazonas",20,"Tabela 22 – Caracterização Hospitalar – Equip de Manutenção da Vida, Equip de Diagnóstico e Infra - 2025 ri baixo amazonas","..\..\Desktop\tabelas-powerBI\3 Baixo Amazonas\Tabela 22 – Caracterização Hospitalar – Equip de Manutenção da Vida, Equip de Diagnóstico e Infra - 2025 ri baixo amazonas.xlsx",Baixo Amazonas,18607,
RI Baixo Amazonas,3 Baixo Amazonas,22,"Tabela 22 – Caracterização Hospitalar – Equip de Manutenção da Vida, Equip de Diagnóstico e Infra - 2025 ri baixo amazonas",20,"Tabela 22 – Caracterização Hospitalar – Equip de Manutenção da Vida, Equip de Diagnóstico e Infra - 2025 ri baixo amazonas","..\..\Desktop\tabelas-powerBI\3 Baixo Amazonas\Tabela 22 – Caracterização Hospitalar – Equip de Manutenção da Vida, Equip de Diagnóstico e Infra - 2025 ri baixo amazonas.xlsx",Baixo Amazonas,506,45.0
Alenquer,3 Baixo Amazonas,22,"Tabela 22 – Caracterização Hospitalar – Equip de Manutenção da Vida, Equip de Diagnóstico e Infra - 2025 ri baixo amazonas",20,"Tabela 22 – Caracterização Hospitalar – Equip de Manutenção da Vida, Equip de Diagnóstico e Infra - 2025 ri baixo amazonas","..\..\Desktop\tabelas-powerBI\3 Baixo Amazonas\Tabela 22 – Caracterização Hospitalar – Equip de Manutenção da Vida, Equip de Diagnóstico e Infra - 2025 ri baixo amazonas.xlsx",Baixo Amazonas,506,2.0
Almeirim,3 Baixo Amazonas,22,"Tabela 22 – Caracterização Hospitalar – Equip de Manutenção da Vida, Equip de Diagnóstico e Infra - 2025 ri baixo amazonas",20,"Tabela 22 – Caracterização Hospitalar – Equip de Manutenção da Vida, Equip de Diagnóstico e Infra - 2025 ri baixo amazonas","..\..\Desktop\tabelas-powerBI\3 Baixo Amazonas\Tabela 22 – Caracterização Hospitalar – Equip de Manutenção da Vida, Equip de Diagnóstico e Infra - 2025 ri baixo amazonas.xlsx",Baixo Amazonas,506,3.0
Belterra,3 Baixo Amazonas,22,"Tabela 22 – Caracterização Hospitalar – Equip de Manutenção da Vida, Equip de Diagnóstico e Infra - 2025 ri baixo amazonas",20,"Tabela 22 – Caracterização Hospitalar – Equip de Manutenção da Vida, Equip de Diagnóstico e Infra - 2025 ri baixo amazonas","..\..\Desktop\tabelas-powerBI\3 Baixo Amazonas\Tabela 22 – Caracterização Hospitalar – Equip de Manutenção da Vida, Equip de Diagnóstico e Infra - 2025 ri baixo amazonas.xlsx",Baixo Amazonas,506,2.0
Curuá,3 Baixo Amazonas,22,"Tabela 22 – Caracterização Hospitalar – Equip de Manutenção da Vida, Equip de Diagnóstico e Infra - 2025 ri baixo amazonas",20,"Tabela 22 – Caracterização Hospitalar – Equip de Manutenção da Vida, Equip de Diagnóstico e Infra - 2025 ri baixo amazonas","..\..\Desktop\tabelas-powerBI\3 Baixo Amazonas\Tabela 22 – Caracterização Hospitalar – Equip de Manutenção da Vida, Equip de Diagnóstico e Infra - 2025 ri baixo amazonas.xlsx",Baixo Amazonas,506,0.0
Faro,3 Baixo Amazonas,22,"Tabela 22 – Caracterização Hospitalar – Equip de Manutenção da Vida, Equip de Diagnóstico e Infra - 2025 ri baixo amazonas",20,"Tabela 22 – Caracterização Hospitalar – Equip de Manutenção da Vida, Equip de Diagnóstico e Infra - 2025 ri baixo amazonas","..\..\Desktop\tabelas-powerBI\3 Baixo Amazonas\Tabela 22 – Caracterização Hospitalar – Equip de Manutenção da Vida, Equip de Diagnóstico e Infra - 2025 ri baixo amazonas.xlsx",Baixo Amazonas,506,1.0
Juruti,3 Baixo Amazonas,22,"Tabela 22 – Caracterização Hospitalar – Equip de Manutenção da Vida, Equip de Diagnóstico e Infra - 2025 ri baixo amazonas",20,"Tabela 22 – Caracterização Hospitalar – Equip de Manutenção da Vida, Equip de Diagnóstico e Infra - 2025 ri baixo amazonas","..\..\Desktop\tabelas-powerBI\3 Baixo Amazonas\Tabela 22 – Caracterização Hospitalar – Equip de Manutenção da Vida, Equip de Diagnóstico e Infra - 2025 ri baixo amazonas.xlsx",Baixo Amazonas,506,4.0
Mojuí dos Campos,3 Baixo Amazonas,22,"Tabela 22 – Caracterização Hospitalar – Equip de Manutenção da Vida, Equip de Diagnóstico e Infra - 2025 ri baixo amazonas",20,"Tabela 22 – Caracterização Hospitalar – Equip de Manutenção da Vida, Equip de Diagnóstico e Infra - 2025 ri baixo amazonas","..\..\Desktop\tabelas-powerBI\3 Baixo Amazonas\Tabela 22 – Caracterização Hospitalar – Equip de Manutenção da Vida, Equip de Diagnóstico e Infra - 2025 ri baixo amazonas.xlsx",Baixo Amazonas,506,0.0
Monte Alegre,3 Baixo Amazonas,22,"Tabela 22 – Caracterização Hospitalar – Equip de Manutenção da Vida, Equip de Diagnóstico e Infra - 2025 ri baixo amazonas",20,"Tabela 22 – Caracterização Hospitalar – Equip de Manutenção da Vida, Equip de Diagnóstico e Infra - 2025 ri baixo amazonas","..\..\Desktop\tabelas-powerBI\3 Baixo Amazonas\Tabela 22 – Caracterização Hospitalar – Equip de Manutenção da Vida, Equip de Diagnóstico e Infra - 2025 ri baixo amazonas.xlsx",Baixo Amazonas,506,2.0
Óbidos,3 Baixo Amazonas,22,"Tabela 22 – Caracterização Hospitalar – Equip de Manutenção da Vida, Equip de Diagnóstico e Infra - 2025 ri baixo amazonas",20,"Tabela 22 – Caracterização Hospitalar – Equip de Manutenção da Vida, Equip de Diagnóstico e Infra - 2025 ri baixo amazonas","..\..\Desktop\tabelas-powerBI\3 Baixo Amazonas\Tabela 22 – Caracterização Hospitalar – Equip de Manutenção da Vida, Equip de Diagnóstico e Infra - 2025 ri baixo amazonas.xlsx",Baixo Amazonas,506,3.0
Oriximiná,3 Baixo Amazonas,22,"Tabela 22 – Caracterização Hospitalar – Equip de Manutenção da Vida, Equip de Diagnóstico e Infra - 2025 ri baixo amazonas",20,"Tabela 22 – Caracterização Hospitalar – Equip de Manutenção da Vida, Equip de Diagnóstico e Infra - 2025 ri baixo amazonas","..\..\Desktop\tabelas-powerBI\3 Baixo Amazonas\Tabela 22 – Caracterização Hospitalar – Equip de Manutenção da Vida, Equip de Diagnóstico e Infra - 2025 ri baixo amazonas.xlsx",Baixo Amazonas,506,9.0
Prainha,3 Baixo Amazonas,22,"Tabela 22 – Caracterização Hospitalar – Equip de Manutenção da Vida, Equip de Diagnóstico e Infra - 2025 ri baixo amazonas",20,"Tabela 22 – Caracterização Hospitalar – Equip de Manutenção da Vida, Equip de Diagnóstico e Infra - 2025 ri baixo amazonas","..\..\Desktop\tabelas-powerBI\3 Baixo Amazonas\Tabela 22 – Caracterização Hospitalar – Equip de Manutenção da Vida, Equip de Diagnóstico e Infra - 2025 ri baixo amazonas.xlsx",Baixo Amazonas,506,2.0
Santarém,3 Baixo Amazonas,22,"Tabela 22 – Caracterização Hospitalar – Equip de Manutenção da Vida, Equip de Diagnóstico e Infra - 2025 ri baixo amazonas",20,"Tabela 22 – Caracterização Hospitalar – Equip de Manutenção da Vida, Equip de Diagnóstico e Infra - 2025 ri baixo amazonas","..\..\Desktop\tabelas-powerBI\3 Baixo Amazonas\Tabela 22 – Caracterização Hospitalar – Equip de Manutenção da Vida, Equip de Diagnóstico e Infra - 2025 ri baixo amazonas.xlsx",Baixo Amazonas,506,16.0
Terra Santa,3 Baixo Amazonas,22,"Tabela 22 – Caracterização Hospitalar – Equip de Manutenção da Vida, Equip de Diagnóstico e Infra - 2025 ri baixo amazonas",20,"Tabela 22 – Caracterização Hospitalar – Equip de Manutenção da Vida, Equip de Diagnóstico e Infra - 2025 ri baixo amazonas","..\..\Desktop\tabelas-powerBI\3 Baixo Amazonas\Tabela 22 – Caracterização Hospitalar – Equip de Manutenção da Vida, Equip de Diagnóstico e Infra - 2025 ri baixo amazonas.xlsx",Baixo Amazonas,506,1.0
Fonte: DATASUS,3 Baixo Amazonas,22,"Tabela 22 – Caracterização Hospitalar – Equip de Manutenção da Vida, Equip de Diagnóstico e Infra - 2025 ri baixo amazonas",20,"Tabela 22 – Caracterização Hospitalar – Equip de Manutenção da Vida, Equip de Diagnóstico e Infra - 2025 ri baixo amazonas","..\..\Desktop\tabelas-powerBI\3 Baixo Amazonas\Tabela 22 – Caracterização Hospitalar – Equip de Manutenção da Vida, Equip de Diagnóstico e Infra - 2025 ri baixo amazonas.xlsx",Baixo Amazonas,506,
Elaboração: FAPESPA,3 Baixo Amazonas,22,"Tabela 22 – Caracterização Hospitalar – Equip de Manutenção da Vida, Equip de Diagnóstico e Infra - 2025 ri baixo amazonas",20,"Tabela 22 – Caracterização Hospitalar – Equip de Manutenção da Vida, Equip de Diagnóstico e Infra - 2025 ri baixo amazonas","..\..\Desktop\tabelas-powerBI\3 Baixo Amazonas\Tabela 22 – Caracterização Hospitalar – Equip de Manutenção da Vida, Equip de Diagnóstico e Infra - 2025 ri baixo amazonas.xlsx",Baixo Amazonas,506,
*Nota: Dados referentes a Outubro/2025.,3 Baixo Amazonas,22,"Tabela 22 – Caracterização Hospitalar – Equip de Manutenção da Vida, Equip de Diagnóstico e Infra - 2025 ri baixo amazonas",20,"Tabela 22 – Caracterização Hospitalar – Equip de Manutenção da Vida, Equip de Diagnóstico e Infra - 2025 ri baixo amazonas","..\..\Desktop\tabelas-powerBI\3 Baixo Amazonas\Tabela 22 – Caracterização Hospitalar – Equip de Manutenção da Vida, Equip de Diagnóstico e Infra - 2025 ri baixo amazonas.xlsx",Baixo Amazonas,506,
RI Baixo Amazonas,3 Baixo Amazonas,22,"Tabela 22 – Caracterização Hospitalar – Equip de Manutenção da Vida, Equip de Diagnóstico e Infra - 2025 ri baixo amazonas",20,"Tabela 22 – Caracterização Hospitalar – Equip de Manutenção da Vida, Equip de Diagnóstico e Infra - 2025 ri baixo amazonas","..\..\Desktop\tabelas-powerBI\3 Baixo Amazonas\Tabela 22 – Caracterização Hospitalar – Equip de Manutenção da Vida, Equip de Diagnóstico e Infra - 2025 ri baixo amazonas.xlsx",Baixo Amazonas,493,43.0
Alenquer,3 Baixo Amazonas,22,"Tabela 22 – Caracterização Hospitalar – Equip de Manutenção da Vida, Equip de Diagnóstico e Infra - 2025 ri baixo amazonas",20,"Tabela 22 – Caracterização Hospitalar – Equip de Manutenção da Vida, Equip de Diagnóstico e Infra - 2025 ri baixo amazonas","..\..\Desktop\tabelas-powerBI\3 Baixo Amazonas\Tabela 22 – Caracterização Hospitalar – Equip de Manutenção da Vida, Equip de Diagnóstico e Infra - 2025 ri baixo amazonas.xlsx",Baixo Amazonas,493,2.0
Almeirim,3 Baixo Amazonas,22,"Tabela 22 – Caracterização Hospitalar – Equip de Manutenção da Vida, Equip de Diagnóstico e Infra - 2025 ri baixo amazonas",20,"Tabela 22 – Caracterização Hospitalar – Equip de Manutenção da Vida, Equip de Diagnóstico e Infra - 2025 ri baixo amazonas","..\..\Desktop\tabelas-powerBI\3 Baixo Amazonas\Tabela 22 – Caracterização Hospitalar – Equip de Manutenção da Vida, Equip de Diagnóstico e Infra - 2025 ri baixo amazonas.xlsx",Baixo Amazonas,493,3.0
Belterra,3 Baixo Amazonas,22,"Tabela 22 – Caracterização Hospitalar – Equip de Manutenção da Vida, Equip de Diagnóstico e Infra - 2025 ri baixo amazonas",20,"Tabela 22 – Caracterização Hospitalar – Equip de Manutenção da Vida, Equip de Diagnóstico e Infra - 2025 ri baixo amazonas","..\..\Desktop\tabelas-powerBI\3 Baixo Amazonas\Tabela 22 – Caracterização Hospitalar – Equip de Manutenção da Vida, Equip de Diagnóstico e Infra - 2025 ri baixo amazonas.xlsx",Baixo Amazonas,493,2.0
Curuá,3 Baixo Amazonas,22,"Tabela 22 – Caracterização Hospitalar – Equip de Manutenção da Vida, Equip de Diagnóstico e Infra - 2025 ri baixo amazonas",20,"Tabela 22 – Caracterização Hospitalar – Equip de Manutenção da Vida, Equip de Diagnóstico e Infra - 2025 ri baixo amazonas","..\..\Desktop\tabelas-powerBI\3 Baixo Amazonas\Tabela 22 – Caracterização Hospitalar – Equip de Manutenção da Vida, Equip de Diagnóstico e Infra - 2025 ri baixo amazonas.xlsx",Baixo Amazonas,493,0.0
Faro,3 Baixo Amazonas,22,"Tabela 22 – Caracterização Hospitalar – Equip de Manutenção da Vida, Equip de Diagnóstico e Infra - 2025 ri baixo amazonas",20,"Tabela 22 – Caracterização Hospitalar – Equip de Manutenção da Vida, Equip de Diagnóstico e Infra - 2025 ri baixo amazonas","..\..\Desktop\tabelas-powerBI\3 Baixo Amazonas\Tabela 22 – Caracterização Hospitalar – Equip de Manutenção da Vida, Equip de Diagnóstico e Infra - 2025 ri baixo amazonas.xlsx",Baixo Amazonas,493,1.0
Juruti,3 Baixo Amazonas,22,"Tabela 22 – Caracterização Hospitalar – Equip de Manutenção da Vida, Equip de Diagnóstico e Infra - 2025 ri baixo amazonas",20,"Tabela 22 – Caracterização Hospitalar – Equip de Manutenção da Vida, Equip de Diagnóstico e Infra - 2025 ri baixo amazonas","..\..\Desktop\tabelas-powerBI\3 Baixo Amazonas\Tabela 22 – Caracterização Hospitalar – Equip de Manutenção da Vida, Equip de Diagnóstico e Infra - 2025 ri baixo amazonas.xlsx",Baixo Amazonas,493,4.0
Mojuí dos Campos,3 Baixo Amazonas,22,"Tabela 22 – Caracterização Hospitalar – Equip de Manutenção da Vida, Equip de Diagnóstico e Infra - 2025 ri baixo amazonas",20,"Tabela 22 – Caracterização Hospitalar – Equip de Manutenção da Vida, Equip de Diagnóstico e Infra - 2025 ri baixo amazonas","..\..\Desktop\tabelas-powerBI\3 Baixo Amazonas\Tabela 22 – Caracterização Hospitalar – Equip de Manutenção da Vida, Equip de Diagnóstico e Infra - 2025 ri baixo amazonas.xlsx",Baixo Amazonas,493,0.0
Monte Alegre,3 Baixo Amazonas,22,"Tabela 22 – Caracterização Hospitalar – Equip de Manutenção da Vida, Equip de Diagnóstico e Infra - 2025 ri baixo amazonas",20,"Tabela 22 – Caracterização Hospitalar – Equip de Manutenção da Vida, Equip de Diagnóstico e Infra - 2025 ri baixo amazonas","..\..\Desktop\tabelas-powerBI\3 Baixo Amazonas\Tabela 22 – Caracterização Hospitalar – Equip de Manutenção da Vida, Equip de Diagnóstico e Infra - 2025 ri baixo amazonas.xlsx",Baixo Amazonas,493,2.0
Óbidos,3 Baixo Amazonas,22,"Tabela 22 – Caracterização Hospitalar – Equip de Manutenção da Vida, Equip de Diagnóstico e Infra - 2025 ri baixo amazonas",20,"Tabela 22 – Caracterização Hospitalar – Equip de Manutenção da Vida, Equip de Diagnóstico e Infra - 2025 ri baixo amazonas","..\..\Desktop\tabelas-powerBI\3 Baixo Amazonas\Tabela 22 – Caracterização Hospitalar – Equip de Manutenção da Vida, Equip de Diagnóstico e Infra - 2025 ri baixo amazonas.xlsx",Baixo Amazonas,493,3.0
Oriximiná,3 Baixo Amazonas,22,"Tabela 22 – Caracterização Hospitalar – Equip de Manutenção da Vida, Equip de Diagnóstico e Infra - 2025 ri baixo amazonas",20,"Tabela 22 – Caracterização Hospitalar – Equip de Manutenção da Vida, Equip de Diagnóstico e Infra - 2025 ri baixo amazonas","..\..\Desktop\tabelas-powerBI\3 Baixo Amazonas\Tabela 22 – Caracterização Hospitalar – Equip de Manutenção da Vida, Equip de Diagnóstico e Infra - 2025 ri baixo amazonas.xlsx",Baixo Amazonas,493,8.0
Prainha,3 Baixo Amazonas,22,"Tabela 22 – Caracterização Hospitalar – Equip de Manutenção da Vida, Equip de Diagnóstico e Infra - 2025 ri baixo amazonas",20,"Tabela 22 – Caracterização Hospitalar – Equip de Manutenção da Vida, Equip de Diagnóstico e Infra - 2025 ri baixo amazonas","..\..\Desktop\tabelas-powerBI\3 Baixo Amazonas\Tabela 22 – Caracterização Hospitalar – Equip de Manutenção da Vida, Equip de Diagnóstico e Infra - 2025 ri baixo amazonas.xlsx",Baixo Amazonas,493,2.0
Santarém,3 Baixo Amazonas,22,"Tabela 22 – Caracterização Hospitalar – Equip de Manutenção da Vida, Equip de Diagnóstico e Infra - 2025 ri baixo amazonas",20,"Tabela 22 – Caracterização Hospitalar – Equip de Manutenção da Vida, Equip de Diagnóstico e Infra - 2025 ri baixo amazonas","..\..\Desktop\tabelas-powerBI\3 Baixo Amazonas\Tabela 22 – Caracterização Hospitalar – Equip de Manutenção da Vida, Equip de Diagnóstico e Infra - 2025 ri baixo amazonas.xlsx",Baixo Amazonas,493,15.0
Terra Santa,3 Baixo Amazonas,22,"Tabela 22 – Caracterização Hospitalar – Equip de Manutenção da Vida, Equip de Diagnóstico e Infra - 2025 ri baixo amazonas",20,"Tabela 22 – Caracterização Hospitalar – Equip de Manutenção da Vida, Equip de Diagnóstico e Infra - 2025 ri baixo amazonas","..\..\Desktop\tabelas-powerBI\3 Baixo Amazonas\Tabela 22 – Caracterização Hospitalar – Equip de Manutenção da Vida, Equip de Diagnóstico e Infra - 2025 ri baixo amazonas.xlsx",Baixo Amazonas,493,1.0
Fonte: DATASUS,3 Baixo Amazonas,22,"Tabela 22 – Caracterização Hospitalar – Equip de Manutenção da Vida, Equip de Diagnóstico e Infra - 2025 ri baixo amazonas",20,"Tabela 22 – Caracterização Hospitalar – Equip de Manutenção da Vida, Equip de Diagnóstico e Infra - 2025 ri baixo amazonas","..\..\Desktop\tabelas-powerBI\3 Baixo Amazonas\Tabela 22 – Caracterização Hospitalar – Equip de Manutenção da Vida, Equip de Diagnóstico e Infra - 2025 ri baixo amazonas.xlsx",Baixo Amazonas,493,
Elaboração: FAPESPA,3 Baixo Amazonas,22,"Tabela 22 – Caracterização Hospitalar – Equip de Manutenção da Vida, Equip de Diagnóstico e Infra - 2025 ri baixo amazonas",20,"Tabela 22 – Caracterização Hospitalar – Equip de Manutenção da Vida, Equip de Diagnóstico e Infra - 2025 ri baixo amazonas","..\..\Desktop\tabelas-powerBI\3 Baixo Amazonas\Tabela 22 – Caracterização Hospitalar – Equip de Manutenção da Vida, Equip de Diagnóstico e Infra - 2025 ri baixo amazonas.xlsx",Baixo Amazonas,493,
*Nota: Dados referentes a Outubro/2025.,3 Baixo Amazonas,22,"Tabela 22 – Caracterização Hospitalar – Equip de Manutenção da Vida, Equip de Diagnóstico e Infra - 2025 ri baixo amazonas",20,"Tabela 22 – Caracterização Hospitalar – Equip de Manutenção da Vida, Equip de Diagnóstico e Infra - 2025 ri baixo amazonas","..\..\Desktop\tabelas-powerBI\3 Baixo Amazonas\Tabela 22 – Caracterização Hospitalar – Equip de Manutenção da Vida, Equip de Diagnóstico e Infra - 2025 ri baixo amazonas.xlsx",Baixo Amazonas,493,
RI Baixo Amazonas,3 Baixo Amazonas,22,"Tabela 22 – Caracterização Hospitalar – Equip de Manutenção da Vida, Equip de Diagnóstico e Infra - 2025 ri baixo amazonas",20,"Tabela 22 – Caracterização Hospitalar – Equip de Manutenção da Vida, Equip de Diagnóstico e Infra - 2025 ri baixo amazonas","..\..\Desktop\tabelas-powerBI\3 Baixo Amazonas\Tabela 22 – Caracterização Hospitalar – Equip de Manutenção da Vida, Equip de Diagnóstico e Infra - 2025 ri baixo amazonas.xlsx",Baixo Amazonas,172,10.0
Alenquer,3 Baixo Amazonas,22,"Tabela 22 – Caracterização Hospitalar – Equip de Manutenção da Vida, Equip de Diagnóstico e Infra - 2025 ri baixo amazonas",20,"Tabela 22 – Caracterização Hospitalar – Equip de Manutenção da Vida, Equip de Diagnóstico e Infra - 2025 ri baixo amazonas","..\..\Desktop\tabelas-powerBI\3 Baixo Amazonas\Tabela 22 – Caracterização Hospitalar – Equip de Manutenção da Vida, Equip de Diagnóstico e Infra - 2025 ri baixo amazonas.xlsx",Baixo Amazonas,172,1.0
Almeirim,3 Baixo Amazonas,22,"Tabela 22 – Caracterização Hospitalar – Equip de Manutenção da Vida, Equip de Diagnóstico e Infra - 2025 ri baixo amazonas",20,"Tabela 22 – Caracterização Hospitalar – Equip de Manutenção da Vida, Equip de Diagnóstico e Infra - 2025 ri baixo amazonas","..\..\Desktop\tabelas-powerBI\3 Baixo Amazonas\Tabela 22 – Caracterização Hospitalar – Equip de Manutenção da Vida, Equip de Diagnóstico e Infra - 2025 ri baixo amazonas.xlsx",Baixo Amazonas,172,1.0
Belterra,3 Baixo Amazonas,22,"Tabela 22 – Caracterização Hospitalar – Equip de Manutenção da Vida, Equip de Diagnóstico e Infra - 2025 ri baixo amazonas",20,"Tabela 22 – Caracterização Hospitalar – Equip de Manutenção da Vida, Equip de Diagnóstico e Infra - 2025 ri baixo amazonas","..\..\Desktop\tabelas-powerBI\3 Baixo Amazonas\Tabela 22 – Caracterização Hospitalar – Equip de Manutenção da Vida, Equip de Diagnóstico e Infra - 2025 ri baixo amazonas.xlsx",Baixo Amazonas,172,0.0
Curuá,3 Baixo Amazonas,22,"Tabela 22 – Caracterização Hospitalar – Equip de Manutenção da Vida, Equip de Diagnóstico e Infra - 2025 ri baixo amazonas",20,"Tabela 22 – Caracterização Hospitalar – Equip de Manutenção da Vida, Equip de Diagnóstico e Infra - 2025 ri baixo amazonas","..\..\Desktop\tabelas-powerBI\3 Baixo Amazonas\Tabela 22 – Caracterização Hospitalar – Equip de Manutenção da Vida, Equip de Diagnóstico e Infra - 2025 ri baixo amazonas.xlsx",Baixo Amazonas,172,0.0
Faro,3 Baixo Amazonas,22,"Tabela 22 – Caracterização Hospitalar – Equip de Manutenção da Vida, Equip de Diagnóstico e Infra - 2025 ri baixo amazonas",20,"Tabela 22 – Caracterização Hospitalar – Equip de Manutenção da Vida, Equip de Diagnóstico e Infra - 2025 ri baixo amazonas","..\..\Desktop\tabelas-powerBI\3 Baixo Amazonas\Tabela 22 – Caracterização Hospitalar – Equip de Manutenção da Vida, Equip de Diagnóstico e Infra - 2025 ri baixo amazonas.xlsx",Baixo Amazonas,172,0.0
Juruti,3 Baixo Amazonas,22,"Tabela 22 – Caracterização Hospitalar – Equip de Manutenção da Vida, Equip de Diagnóstico e Infra - 2025 ri baixo amazonas",20,"Tabela 22 – Caracterização Hospitalar – Equip de Manutenção da Vida, Equip de Diagnóstico e Infra - 2025 ri baixo amazonas","..\..\Desktop\tabelas-powerBI\3 Baixo Amazonas\Tabela 22 – Caracterização Hospitalar – Equip de Manutenção da Vida, Equip de Diagnóstico e Infra - 2025 ri baixo amazonas.xlsx",Baixo Amazonas,172,3.0
Mojuí dos Campos,3 Baixo Amazonas,22,"Tabela 22 – Caracterização Hospitalar – Equip de Manutenção da Vida, Equip de Diagnóstico e Infra - 2025 ri baixo amazonas",20,"Tabela 22 – Caracterização Hospitalar – Equip de Manutenção da Vida, Equip de Diagnóstico e Infra - 2025 ri baixo amazonas","..\..\Desktop\tabelas-powerBI\3 Baixo Amazonas\Tabela 22 – Caracterização Hospitalar – Equip de Manutenção da Vida, Equip de Diagnóstico e Infra - 2025 ri baixo amazonas.xlsx",Baixo Amazonas,172,0.0
Monte Alegre,3 Baixo Amazonas,22,"Tabela 22 – Caracterização Hospitalar – Equip de Manutenção da Vida, Equip de Diagnóstico e Infra - 2025 ri baixo amazonas",20,"Tabela 22 – Caracterização Hospitalar – Equip de Manutenção da Vida, Equip de Diagnóstico e Infra - 2025 ri baixo amazonas","..\..\Desktop\tabelas-powerBI\3 Baixo Amazonas\Tabela 22 – Caracterização Hospitalar – Equip de Manutenção da Vida, Equip de Diagnóstico e Infra - 2025 ri baixo amazonas.xlsx",Baixo Amazonas,172,0.0
Óbidos,3 Baixo Amazonas,22,"Tabela 22 – Caracterização Hospitalar – Equip de Manutenção da Vida, Equip de Diagnóstico e Infra - 2025 ri baixo amazonas",20,"Tabela 22 – Caracterização Hospitalar – Equip de Manutenção da Vida, Equip de Diagnóstico e Infra - 2025 ri baixo amazonas","..\..\Desktop\tabelas-powerBI\3 Baixo Amazonas\Tabela 22 – Caracterização Hospitalar – Equip de Manutenção da Vida, Equip de Diagnóstico e Infra - 2025 ri baixo amazonas.xlsx",Baixo Amazonas,172,2.0
Oriximiná,3 Baixo Amazonas,22,"Tabela 22 – Caracterização Hospitalar – Equip de Manutenção da Vida, Equip de Diagnóstico e Infra - 2025 ri baixo amazonas",20,"Tabela 22 – Caracterização Hospitalar – Equip de Manutenção da Vida, Equip de Diagnóstico e Infra - 2025 ri baixo amazonas","..\..\Desktop\tabelas-powerBI\3 Baixo Amazonas\Tabela 22 – Caracterização Hospitalar – Equip de Manutenção da Vida, Equip de Diagnóstico e Infra - 2025 ri baixo amazonas.xlsx",Baixo Amazonas,172,0.0
Prainha,3 Baixo Amazonas,22,"Tabela 22 – Caracterização Hospitalar – Equip de Manutenção da Vida, Equip de Diagnóstico e Infra - 2025 ri baixo amazonas",20,"Tabela 22 – Caracterização Hospitalar – Equip de Manutenção da Vida, Equip de Diagnóstico e Infra - 2025 ri baixo amazonas","..\..\Desktop\tabelas-powerBI\3 Baixo Amazonas\Tabela 22 – Caracterização Hospitalar – Equip de Manutenção da Vida, Equip de Diagnóstico e Infra - 2025 ri baixo amazonas.xlsx",Baixo Amazonas,172,0.0
Santarém,3 Baixo Amazonas,22,"Tabela 22 – Caracterização Hospitalar – Equip de Manutenção da Vida, Equip de Diagnóstico e Infra - 2025 ri baixo amazonas",20,"Tabela 22 – Caracterização Hospitalar – Equip de Manutenção da Vida, Equip de Diagnóstico e Infra - 2025 ri baixo amazonas","..\..\Desktop\tabelas-powerBI\3 Baixo Amazonas\Tabela 22 – Caracterização Hospitalar – Equip de Manutenção da Vida, Equip de Diagnóstico e Infra - 2025 ri baixo amazonas.xlsx",Baixo Amazonas,172,2.0
Terra Santa,3 Baixo Amazonas,22,"Tabela 22 – Caracterização Hospitalar – Equip de Manutenção da Vida, Equip de Diagnóstico e Infra - 2025 ri baixo amazonas",20,"Tabela 22 – Caracterização Hospitalar – Equip de Manutenção da Vida, Equip de Diagnóstico e Infra - 2025 ri baixo amazonas","..\..\Desktop\tabelas-powerBI\3 Baixo Amazonas\Tabela 22 – Caracterização Hospitalar – Equip de Manutenção da Vida, Equip de Diagnóstico e Infra - 2025 ri baixo amazonas.xlsx",Baixo Amazonas,172,1.0
Fonte: DATASUS,3 Baixo Amazonas,22,"Tabela 22 – Caracterização Hospitalar – Equip de Manutenção da Vida, Equip de Diagnóstico e Infra - 2025 ri baixo amazonas",20,"Tabela 22 – Caracterização Hospitalar – Equip de Manutenção da Vida, Equip de Diagnóstico e Infra - 2025 ri baixo amazonas","..\..\Desktop\tabelas-powerBI\3 Baixo Amazonas\Tabela 22 – Caracterização Hospitalar – Equip de Manutenção da Vida, Equip de Diagnóstico e Infra - 2025 ri baixo amazonas.xlsx",Baixo Amazonas,172,
Elaboração: FAPESPA,3 Baixo Amazonas,22,"Tabela 22 – Caracterização Hospitalar – Equip de Manutenção da Vida, Equip de Diagnóstico e Infra - 2025 ri baixo amazonas",20,"Tabela 22 – Caracterização Hospitalar – Equip de Manutenção da Vida, Equip de Diagnóstico e Infra - 2025 ri baixo amazonas","..\..\Desktop\tabelas-powerBI\3 Baixo Amazonas\Tabela 22 – Caracterização Hospitalar – Equip de Manutenção da Vida, Equip de Diagnóstico e Infra - 2025 ri baixo amazonas.xlsx",Baixo Amazonas,172,
*Nota: Dados referentes a Outubro/2025.,3 Baixo Amazonas,22,"Tabela 22 – Caracterização Hospitalar – Equip de Manutenção da Vida, Equip de Diagnóstico e Infra - 2025 ri baixo amazonas",20,"Tabela 22 – Caracterização Hospitalar – Equip de Manutenção da Vida, Equip de Diagnóstico e Infra - 2025 ri baixo amazonas","..\..\Desktop\tabelas-powerBI\3 Baixo Amazonas\Tabela 22 – Caracterização Hospitalar – Equip de Manutenção da Vida, Equip de Diagnóstico e Infra - 2025 ri baixo amazonas.xlsx",Baixo Amazonas,172,
RI Baixo Amazonas,3 Baixo Amazonas,22,"Tabela 22 – Caracterização Hospitalar – Equip de Manutenção da Vida, Equip de Diagnóstico e Infra - 2025 ri baixo amazonas",20,"Tabela 22 – Caracterização Hospitalar – Equip de Manutenção da Vida, Equip de Diagnóstico e Infra - 2025 ri baixo amazonas","..\..\Desktop\tabelas-powerBI\3 Baixo Amazonas\Tabela 22 – Caracterização Hospitalar – Equip de Manutenção da Vida, Equip de Diagnóstico e Infra - 2025 ri baixo amazonas.xlsx",Baixo Amazonas,165,8.0
Alenquer,3 Baixo Amazonas,22,"Tabela 22 – Caracterização Hospitalar – Equip de Manutenção da Vida, Equip de Diagnóstico e Infra - 2025 ri baixo amazonas",20,"Tabela 22 – Caracterização Hospitalar – Equip de Manutenção da Vida, Equip de Diagnóstico e Infra - 2025 ri baixo amazonas","..\..\Desktop\tabelas-powerBI\3 Baixo Amazonas\Tabela 22 – Caracterização Hospitalar – Equip de Manutenção da Vida, Equip de Diagnóstico e Infra - 2025 ri baixo amazonas.xlsx",Baixo Amazonas,165,1.0
Almeirim,3 Baixo Amazonas,22,"Tabela 22 – Caracterização Hospitalar – Equip de Manutenção da Vida, Equip de Diagnóstico e Infra - 2025 ri baixo amazonas",20,"Tabela 22 – Caracterização Hospitalar – Equip de Manutenção da Vida, Equip de Diagnóstico e Infra - 2025 ri baixo amazonas","..\..\Desktop\tabelas-powerBI\3 Baixo Amazonas\Tabela 22 – Caracterização Hospitalar – Equip de Manutenção da Vida, Equip de Diagnóstico e Infra - 2025 ri baixo amazonas.xlsx",Baixo Amazonas,165,1.0
Belterra,3 Baixo Amazonas,22,"Tabela 22 – Caracterização Hospitalar – Equip de Manutenção da Vida, Equip de Diagnóstico e Infra - 2025 ri baixo amazonas",20,"Tabela 22 – Caracterização Hospitalar – Equip de Manutenção da Vida, Equip de Diagnóstico e Infra - 2025 ri baixo amazonas","..\..\Desktop\tabelas-powerBI\3 Baixo Amazonas\Tabela 22 – Caracterização Hospitalar – Equip de Manutenção da Vida, Equip de Diagnóstico e Infra - 2025 ri baixo amazonas.xlsx",Baixo Amazonas,165,0.0
Curuá,3 Baixo Amazonas,22,"Tabela 22 – Caracterização Hospitalar – Equip de Manutenção da Vida, Equip de Diagnóstico e Infra - 2025 ri baixo amazonas",20,"Tabela 22 – Caracterização Hospitalar – Equip de Manutenção da Vida, Equip de Diagnóstico e Infra - 2025 ri baixo amazonas","..\..\Desktop\tabelas-powerBI\3 Baixo Amazonas\Tabela 22 – Caracterização Hospitalar – Equip de Manutenção da Vida, Equip de Diagnóstico e Infra - 2025 ri baixo amazonas.xlsx",Baixo Amazonas,165,0.0
Faro,3 Baixo Amazonas,22,"Tabela 22 – Caracterização Hospitalar – Equip de Manutenção da Vida, Equip de Diagnóstico e Infra - 2025 ri baixo amazonas",20,"Tabela 22 – Caracterização Hospitalar – Equip de Manutenção da Vida, Equip de Diagnóstico e Infra - 2025 ri baixo amazonas","..\..\Desktop\tabelas-powerBI\3 Baixo Amazonas\Tabela 22 – Caracterização Hospitalar – Equip de Manutenção da Vida, Equip de Diagnóstico e Infra - 2025 ri baixo amazonas.xlsx",Baixo Amazonas,165,0.0
Juruti,3 Baixo Amazonas,22,"Tabela 22 – Caracterização Hospitalar – Equip de Manutenção da Vida, Equip de Diagnóstico e Infra - 2025 ri baixo amazonas",20,"Tabela 22 – Caracterização Hospitalar – Equip de Manutenção da Vida, Equip de Diagnóstico e Infra - 2025 ri baixo amazonas","..\..\Desktop\tabelas-powerBI\3 Baixo Amazonas\Tabela 22 – Caracterização Hospitalar – Equip de Manutenção da Vida, Equip de Diagnóstico e Infra - 2025 ri baixo amazonas.xlsx",Baixo Amazonas,165,1.0
Mojuí dos Campos,3 Baixo Amazonas,22,"Tabela 22 – Caracterização Hospitalar – Equip de Manutenção da Vida, Equip de Diagnóstico e Infra - 2025 ri baixo amazonas",20,"Tabela 22 – Caracterização Hospitalar – Equip de Manutenção da Vida, Equip de Diagnóstico e Infra - 2025 ri baixo amazonas","..\..\Desktop\tabelas-powerBI\3 Baixo Amazonas\Tabela 22 – Caracterização Hospitalar – Equip de Manutenção da Vida, Equip de Diagnóstico e Infra - 2025 ri baixo amazonas.xlsx",Baixo Amazonas,165,0.0
Monte Alegre,3 Baixo Amazonas,22,"Tabela 22 – Caracterização Hospitalar – Equip de Manutenção da Vida, Equip de Diagnóstico e Infra - 2025 ri baixo amazonas",20,"Tabela 22 – Caracterização Hospitalar – Equip de Manutenção da Vida, Equip de Diagnóstico e Infra - 2025 ri baixo amazonas","..\..\Desktop\tabelas-powerBI\3 Baixo Amazonas\Tabela 22 – Caracterização Hospitalar – Equip de Manutenção da Vida, Equip de Diagnóstico e Infra - 2025 ri baixo amazonas.xlsx",Baixo Amazonas,165,0.0
Óbidos,3 Baixo Amazonas,22,"Tabela 22 – Caracterização Hospitalar – Equip de Manutenção da Vida, Equip de Diagnóstico e Infra - 2025 ri baixo amazonas",20,"Tabela 22 – Caracterização Hospitalar – Equip de Manutenção da Vida, Equip de Diagnóstico e Infra - 2025 ri baixo amazonas","..\..\Desktop\tabelas-powerBI\3 Baixo Amazonas\Tabela 22 – Caracterização Hospitalar – Equip de Manutenção da Vida, Equip de Diagnóstico e Infra - 2025 ri baixo amazonas.xlsx",Baixo Amazonas,165,2.0
Oriximiná,3 Baixo Amazonas,22,"Tabela 22 – Caracterização Hospitalar – Equip de Manutenção da Vida, Equip de Diagnóstico e Infra - 2025 ri baixo amazonas",20,"Tabela 22 – Caracterização Hospitalar – Equip de Manutenção da Vida, Equip de Diagnóstico e Infra - 2025 ri baixo amazonas","..\..\Desktop\tabelas-powerBI\3 Baixo Amazonas\Tabela 22 – Caracterização Hospitalar – Equip de Manutenção da Vida, Equip de Diagnóstico e Infra - 2025 ri baixo amazonas.xlsx",Baixo Amazonas,165,0.0
Prainha,3 Baixo Amazonas,22,"Tabela 22 – Caracterização Hospitalar – Equip de Manutenção da Vida, Equip de Diagnóstico e Infra - 2025 ri baixo amazonas",20,"Tabela 22 – Caracterização Hospitalar – Equip de Manutenção da Vida, Equip de Diagnóstico e Infra - 2025 ri baixo amazonas","..\..\Desktop\tabelas-powerBI\3 Baixo Amazonas\Tabela 22 – Caracterização Hospitalar – Equip de Manutenção da Vida, Equip de Diagnóstico e Infra - 2025 ri baixo amazonas.xlsx",Baixo Amazonas,165,0.0
Santarém,3 Baixo Amazonas,22,"Tabela 22 – Caracterização Hospitalar – Equip de Manutenção da Vida, Equip de Diagnóstico e Infra - 2025 ri baixo amazonas",20,"Tabela 22 – Caracterização Hospitalar – Equip de Manutenção da Vida, Equip de Diagnóstico e Infra - 2025 ri baixo amazonas","..\..\Desktop\tabelas-powerBI\3 Baixo Amazonas\Tabela 22 – Caracterização Hospitalar – Equip de Manutenção da Vida, Equip de Diagnóstico e Infra - 2025 ri baixo amazonas.xlsx",Baixo Amazonas,165,2.0
Terra Santa,3 Baixo Amazonas,22,"Tabela 22 – Caracterização Hospitalar – Equip de Manutenção da Vida, Equip de Diagnóstico e Infra - 2025 ri baixo amazonas",20,"Tabela 22 – Caracterização Hospitalar – Equip de Manutenção da Vida, Equip de Diagnóstico e Infra - 2025 ri baixo amazonas","..\..\Desktop\tabelas-powerBI\3 Baixo Amazonas\Tabela 22 – Caracterização Hospitalar – Equip de Manutenção da Vida, Equip de Diagnóstico e Infra - 2025 ri baixo amazonas.xlsx",Baixo Amazonas,165,1.0
Fonte: DATASUS,3 Baixo Amazonas,22,"Tabela 22 – Caracterização Hospitalar – Equip de Manutenção da Vida, Equip de Diagnóstico e Infra - 2025 ri baixo amazonas",20,"Tabela 22 – Caracterização Hospitalar – Equip de Manutenção da Vida, Equip de Diagnóstico e Infra - 2025 ri baixo amazonas","..\..\Desktop\tabelas-powerBI\3 Baixo Amazonas\Tabela 22 – Caracterização Hospitalar – Equip de Manutenção da Vida, Equip de Diagnóstico e Infra - 2025 ri baixo amazonas.xlsx",Baixo Amazonas,165,
Elaboração: FAPESPA,3 Baixo Amazonas,22,"Tabela 22 – Caracterização Hospitalar – Equip de Manutenção da Vida, Equip de Diagnóstico e Infra - 2025 ri baixo amazonas",20,"Tabela 22 – Caracterização Hospitalar – Equip de Manutenção da Vida, Equip de Diagnóstico e Infra - 2025 ri baixo amazonas","..\..\Desktop\tabelas-powerBI\3 Baixo Amazonas\Tabela 22 – Caracterização Hospitalar – Equip de Manutenção da Vida, Equip de Diagnóstico e Infra - 2025 ri baixo amazonas.xlsx",Baixo Amazonas,165,
*Nota: Dados referentes a Outubro/2025.,3 Baixo Amazonas,22,"Tabela 22 – Caracterização Hospitalar – Equip de Manutenção da Vida, Equip de Diagnóstico e Infra - 2025 ri baixo amazonas",20,"Tabela 22 – Caracterização Hospitalar – Equip de Manutenção da Vida, Equip de Diagnóstico e Infra - 2025 ri baixo amazonas","..\..\Desktop\tabelas-powerBI\3 Baixo Amazonas\Tabela 22 – Caracterização Hospitalar – Equip de Manutenção da Vida, Equip de Diagnóstico e Infra - 2025 ri baixo amazonas.xlsx",Baixo Amazonas,165,
RI Baixo Amazonas,3 Baixo Amazonas,22,"Tabela 22 – Caracterização Hospitalar – Equip de Manutenção da Vida, Equip de Diagnóstico e Infra - 2025 ri baixo amazonas",20,"Tabela 22 – Caracterização Hospitalar – Equip de Manutenção da Vida, Equip de Diagnóstico e Infra - 2025 ri baixo amazonas","..\..\Desktop\tabelas-powerBI\3 Baixo Amazonas\Tabela 22 – Caracterização Hospitalar – Equip de Manutenção da Vida, Equip de Diagnóstico e Infra - 2025 ri baixo amazonas.xlsx",Baixo Amazonas,30067,2101.0
Alenquer,3 Baixo Amazonas,22,"Tabela 22 – Caracterização Hospitalar – Equip de Manutenção da Vida, Equip de Diagnóstico e Infra - 2025 ri baixo amazonas",20,"Tabela 22 – Caracterização Hospitalar – Equip de Manutenção da Vida, Equip de Diagnóstico e Infra - 2025 ri baixo amazonas","..\..\Desktop\tabelas-powerBI\3 Baixo Amazonas\Tabela 22 – Caracterização Hospitalar – Equip de Manutenção da Vida, Equip de Diagnóstico e Infra - 2025 ri baixo amazonas.xlsx",Baixo Amazonas,30067,42.0
Almeirim,3 Baixo Amazonas,22,"Tabela 22 – Caracterização Hospitalar – Equip de Manutenção da Vida, Equip de Diagnóstico e Infra - 2025 ri baixo amazonas",20,"Tabela 22 – Caracterização Hospitalar – Equip de Manutenção da Vida, Equip de Diagnóstico e Infra - 2025 ri baixo amazonas","..\..\Desktop\tabelas-powerBI\3 Baixo Amazonas\Tabela 22 – Caracterização Hospitalar – Equip de Manutenção da Vida, Equip de Diagnóstico e Infra - 2025 ri baixo amazonas.xlsx",Baixo Amazonas,30067,34.0
Belterra,3 Baixo Amazonas,22,"Tabela 22 – Caracterização Hospitalar – Equip de Manutenção da Vida, Equip de Diagnóstico e Infra - 2025 ri baixo amazonas",20,"Tabela 22 – Caracterização Hospitalar – Equip de Manutenção da Vida, Equip de Diagnóstico e Infra - 2025 ri baixo amazonas","..\..\Desktop\tabelas-powerBI\3 Baixo Amazonas\Tabela 22 – Caracterização Hospitalar – Equip de Manutenção da Vida, Equip de Diagnóstico e Infra - 2025 ri baixo amazonas.xlsx",Baixo Amazonas,30067,19.0
Curuá,3 Baixo Amazonas,22,"Tabela 22 – Caracterização Hospitalar – Equip de Manutenção da Vida, Equip de Diagnóstico e Infra - 2025 ri baixo amazonas",20,"Tabela 22 – Caracterização Hospitalar – Equip de Manutenção da Vida, Equip de Diagnóstico e Infra - 2025 ri baixo amazonas","..\..\Desktop\tabelas-powerBI\3 Baixo Amazonas\Tabela 22 – Caracterização Hospitalar – Equip de Manutenção da Vida, Equip de Diagnóstico e Infra - 2025 ri baixo amazonas.xlsx",Baixo Amazonas,30067,1.0
Faro,3 Baixo Amazonas,22,"Tabela 22 – Caracterização Hospitalar – Equip de Manutenção da Vida, Equip de Diagnóstico e Infra - 2025 ri baixo amazonas",20,"Tabela 22 – Caracterização Hospitalar – Equip de Manutenção da Vida, Equip de Diagnóstico e Infra - 2025 ri baixo amazonas","..\..\Desktop\tabelas-powerBI\3 Baixo Amazonas\Tabela 22 – Caracterização Hospitalar – Equip de Manutenção da Vida, Equip de Diagnóstico e Infra - 2025 ri baixo amazonas.xlsx",Baixo Amazonas,30067,11.0
Juruti,3 Baixo Amazonas,22,"Tabela 22 – Caracterização Hospitalar – Equip de Manutenção da Vida, Equip de Diagnóstico e Infra - 2025 ri baixo amazonas",20,"Tabela 22 – Caracterização Hospitalar – Equip de Manutenção da Vida, Equip de Diagnóstico e Infra - 2025 ri baixo amazonas","..\..\Desktop\tabelas-powerBI\3 Baixo Amazonas\Tabela 22 – Caracterização Hospitalar – Equip de Manutenção da Vida, Equip de Diagnóstico e Infra - 2025 ri baixo amazonas.xlsx",Baixo Amazonas,30067,183.0
Mojuí dos Campos,3 Baixo Amazonas,22,"Tabela 22 – Caracterização Hospitalar – Equip de Manutenção da Vida, Equip de Diagnóstico e Infra - 2025 ri baixo amazonas",20,"Tabela 22 – Caracterização Hospitalar – Equip de Manutenção da Vida, Equip de Diagnóstico e Infra - 2025 ri baixo amazonas","..\..\Desktop\tabelas-powerBI\3 Baixo Amazonas\Tabela 22 – Caracterização Hospitalar – Equip de Manutenção da Vida, Equip de Diagnóstico e Infra - 2025 ri baixo amazonas.xlsx",Baixo Amazonas,30067,2.0
Monte Alegre,3 Baixo Amazonas,22,"Tabela 22 – Caracterização Hospitalar – Equip de Manutenção da Vida, Equip de Diagnóstico e Infra - 2025 ri baixo amazonas",20,"Tabela 22 – Caracterização Hospitalar – Equip de Manutenção da Vida, Equip de Diagnóstico e Infra - 2025 ri baixo amazonas","..\..\Desktop\tabelas-powerBI\3 Baixo Amazonas\Tabela 22 – Caracterização Hospitalar – Equip de Manutenção da Vida, Equip de Diagnóstico e Infra - 2025 ri baixo amazonas.xlsx",Baixo Amazonas,30067,61.0
Óbidos,3 Baixo Amazonas,22,"Tabela 22 – Caracterização Hospitalar – Equip de Manutenção da Vida, Equip de Diagnóstico e Infra - 2025 ri baixo amazonas",20,"Tabela 22 – Caracterização Hospitalar – Equip de Manutenção da Vida, Equip de Diagnóstico e Infra - 2025 ri baixo amazonas","..\..\Desktop\tabelas-powerBI\3 Baixo Amazonas\Tabela 22 – Caracterização Hospitalar – Equip de Manutenção da Vida, Equip de Diagnóstico e Infra - 2025 ri baixo amazonas.xlsx",Baixo Amazonas,30067,115.0
Oriximiná,3 Baixo Amazonas,22,"Tabela 22 – Caracterização Hospitalar – Equip de Manutenção da Vida, Equip de Diagnóstico e Infra - 2025 ri baixo amazonas",20,"Tabela 22 – Caracterização Hospitalar – Equip de Manutenção da Vida, Equip de Diagnóstico e Infra - 2025 ri baixo amazonas","..\..\Desktop\tabelas-powerBI\3 Baixo Amazonas\Tabela 22 – Caracterização Hospitalar – Equip de Manutenção da Vida, Equip de Diagnóstico e Infra - 2025 ri baixo amazonas.xlsx",Baixo Amazonas,30067,136.0
Prainha,3 Baixo Amazonas,22,"Tabela 22 – Caracterização Hospitalar – Equip de Manutenção da Vida, Equip de Diagnóstico e Infra - 2025 ri baixo amazonas",20,"Tabela 22 – Caracterização Hospitalar – Equip de Manutenção da Vida, Equip de Diagnóstico e Infra - 2025 ri baixo amazonas","..\..\Desktop\tabelas-powerBI\3 Baixo Amazonas\Tabela 22 – Caracterização Hospitalar – Equip de Manutenção da Vida, Equip de Diagnóstico e Infra - 2025 ri baixo amazonas.xlsx",Baixo Amazonas,30067,6.0
Santarém,3 Baixo Amazonas,22,"Tabela 22 – Caracterização Hospitalar – Equip de Manutenção da Vida, Equip de Diagnóstico e Infra - 2025 ri baixo amazonas",20,"Tabela 22 – Caracterização Hospitalar – Equip de Manutenção da Vida, Equip de Diagnóstico e Infra - 2025 ri baixo amazonas","..\..\Desktop\tabelas-powerBI\3 Baixo Amazonas\Tabela 22 – Caracterização Hospitalar – Equip de Manutenção da Vida, Equip de Diagnóstico e Infra - 2025 ri baixo amazonas.xlsx",Baixo Amazonas,30067,1476.0
Terra Santa,3 Baixo Amazonas,22,"Tabela 22 – Caracterização Hospitalar – Equip de Manutenção da Vida, Equip de Diagnóstico e Infra - 2025 ri baixo amazonas",20,"Tabela 22 – Caracterização Hospitalar – Equip de Manutenção da Vida, Equip de Diagnóstico e Infra - 2025 ri baixo amazonas","..\..\Desktop\tabelas-powerBI\3 Baixo Amazonas\Tabela 22 – Caracterização Hospitalar – Equip de Manutenção da Vida, Equip de Diagnóstico e Infra - 2025 ri baixo amazonas.xlsx",Baixo Amazonas,30067,15.0
Fonte: DATASUS,3 Baixo Amazonas,22,"Tabela 22 – Caracterização Hospitalar – Equip de Manutenção da Vida, Equip de Diagnóstico e Infra - 2025 ri baixo amazonas",20,"Tabela 22 – Caracterização Hospitalar – Equip de Manutenção da Vida, Equip de Diagnóstico e Infra - 2025 ri baixo amazonas","..\..\Desktop\tabelas-powerBI\3 Baixo Amazonas\Tabela 22 – Caracterização Hospitalar – Equip de Manutenção da Vida, Equip de Diagnóstico e Infra - 2025 ri baixo amazonas.xlsx",Baixo Amazonas,30067,
Elaboração: FAPESPA,3 Baixo Amazonas,22,"Tabela 22 – Caracterização Hospitalar – Equip de Manutenção da Vida, Equip de Diagnóstico e Infra - 2025 ri baixo amazonas",20,"Tabela 22 – Caracterização Hospitalar – Equip de Manutenção da Vida, Equip de Diagnóstico e Infra - 2025 ri baixo amazonas","..\..\Desktop\tabelas-powerBI\3 Baixo Amazonas\Tabela 22 – Caracterização Hospitalar – Equip de Manutenção da Vida, Equip de Diagnóstico e Infra - 2025 ri baixo amazonas.xlsx",Baixo Amazonas,30067,
*Nota: Dados referentes a Outubro/2025.,3 Baixo Amazonas,22,"Tabela 22 – Caracterização Hospitalar – Equip de Manutenção da Vida, Equip de Diagnóstico e Infra - 2025 ri baixo amazonas",20,"Tabela 22 – Caracterização Hospitalar – Equip de Manutenção da Vida, Equip de Diagnóstico e Infra - 2025 ri baixo amazonas","..\..\Desktop\tabelas-powerBI\3 Baixo Amazonas\Tabela 22 – Caracterização Hospitalar – Equip de Manutenção da Vida, Equip de Diagnóstico e Infra - 2025 ri baixo amazonas.xlsx",Baixo Amazonas,30067,
RI Baixo Amazonas,3 Baixo Amazonas,22,"Tabela 22 – Caracterização Hospitalar – Equip de Manutenção da Vida, Equip de Diagnóstico e Infra - 2025 ri baixo amazonas",20,"Tabela 22 – Caracterização Hospitalar – Equip de Manutenção da Vida, Equip de Diagnóstico e Infra - 2025 ri baixo amazonas","..\..\Desktop\tabelas-powerBI\3 Baixo Amazonas\Tabela 22 – Caracterização Hospitalar – Equip de Manutenção da Vida, Equip de Diagnóstico e Infra - 2025 ri baixo amazonas.xlsx",Baixo Amazonas,29020,2020.0
Alenquer,3 Baixo Amazonas,22,"Tabela 22 – Caracterização Hospitalar – Equip de Manutenção da Vida, Equip de Diagnóstico e Infra - 2025 ri baixo amazonas",20,"Tabela 22 – Caracterização Hospitalar – Equip de Manutenção da Vida, Equip de Diagnóstico e Infra - 2025 ri baixo amazonas","..\..\Desktop\tabelas-powerBI\3 Baixo Amazonas\Tabela 22 – Caracterização Hospitalar – Equip de Manutenção da Vida, Equip de Diagnóstico e Infra - 2025 ri baixo amazonas.xlsx",Baixo Amazonas,29020,41.0
Almeirim,3 Baixo Amazonas,22,"Tabela 22 – Caracterização Hospitalar – Equip de Manutenção da Vida, Equip de Diagnóstico e Infra - 2025 ri baixo amazonas",20,"Tabela 22 – Caracterização Hospitalar – Equip de Manutenção da Vida, Equip de Diagnóstico e Infra - 2025 ri baixo amazonas","..\..\Desktop\tabelas-powerBI\3 Baixo Amazonas\Tabela 22 – Caracterização Hospitalar – Equip de Manutenção da Vida, Equip de Diagnóstico e Infra - 2025 ri baixo amazonas.xlsx",Baixo Amazonas,29020,34.0
Belterra,3 Baixo Amazonas,22,"Tabela 22 – Caracterização Hospitalar – Equip de Manutenção da Vida, Equip de Diagnóstico e Infra - 2025 ri baixo amazonas",20,"Tabela 22 – Caracterização Hospitalar – Equip de Manutenção da Vida, Equip de Diagnóstico e Infra - 2025 ri baixo amazonas","..\..\Desktop\tabelas-powerBI\3 Baixo Amazonas\Tabela 22 – Caracterização Hospitalar – Equip de Manutenção da Vida, Equip de Diagnóstico e Infra - 2025 ri baixo amazonas.xlsx",Baixo Amazonas,29020,17.0
Curuá,3 Baixo Amazonas,22,"Tabela 22 – Caracterização Hospitalar – Equip de Manutenção da Vida, Equip de Diagnóstico e Infra - 2025 ri baixo amazonas",20,"Tabela 22 – Caracterização Hospitalar – Equip de Manutenção da Vida, Equip de Diagnóstico e Infra - 2025 ri baixo amazonas","..\..\Desktop\tabelas-powerBI\3 Baixo Amazonas\Tabela 22 – Caracterização Hospitalar – Equip de Manutenção da Vida, Equip de Diagnóstico e Infra - 2025 ri baixo amazonas.xlsx",Baixo Amazonas,29020,1.0
Faro,3 Baixo Amazonas,22,"Tabela 22 – Caracterização Hospitalar – Equip de Manutenção da Vida, Equip de Diagnóstico e Infra - 2025 ri baixo amazonas",20,"Tabela 22 – Caracterização Hospitalar – Equip de Manutenção da Vida, Equip de Diagnóstico e Infra - 2025 ri baixo amazonas","..\..\Desktop\tabelas-powerBI\3 Baixo Amazonas\Tabela 22 – Caracterização Hospitalar – Equip de Manutenção da Vida, Equip de Diagnóstico e Infra - 2025 ri baixo amazonas.xlsx",Baixo Amazonas,29020,10.0
Juruti,3 Baixo Amazonas,22,"Tabela 22 – Caracterização Hospitalar – Equip de Manutenção da Vida, Equip de Diagnóstico e Infra - 2025 ri baixo amazonas",20,"Tabela 22 – Caracterização Hospitalar – Equip de Manutenção da Vida, Equip de Diagnóstico e Infra - 2025 ri baixo amazonas","..\..\Desktop\tabelas-powerBI\3 Baixo Amazonas\Tabela 22 – Caracterização Hospitalar – Equip de Manutenção da Vida, Equip de Diagnóstico e Infra - 2025 ri baixo amazonas.xlsx",Baixo Amazonas,29020,156.0
Mojuí dos Campos,3 Baixo Amazonas,22,"Tabela 22 – Caracterização Hospitalar – Equip de Manutenção da Vida, Equip de Diagnóstico e Infra - 2025 ri baixo amazonas",20,"Tabela 22 – Caracterização Hospitalar – Equip de Manutenção da Vida, Equip de Diagnóstico e Infra - 2025 ri baixo amazonas","..\..\Desktop\tabelas-powerBI\3 Baixo Amazonas\Tabela 22 – Caracterização Hospitalar – Equip de Manutenção da Vida, Equip de Diagnóstico e Infra - 2025 ri baixo amazonas.xlsx",Baixo Amazonas,29020,2.0
Monte Alegre,3 Baixo Amazonas,22,"Tabela 22 – Caracterização Hospitalar – Equip de Manutenção da Vida, Equip de Diagnóstico e Infra - 2025 ri baixo amazonas",20,"Tabela 22 – Caracterização Hospitalar – Equip de Manutenção da Vida, Equip de Diagnóstico e Infra - 2025 ri baixo amazonas","..\..\Desktop\tabelas-powerBI\3 Baixo Amazonas\Tabela 22 – Caracterização Hospitalar – Equip de Manutenção da Vida, Equip de Diagnóstico e Infra - 2025 ri baixo amazonas.xlsx",Baixo Amazonas,29020,61.0
Óbidos,3 Baixo Amazonas,22,"Tabela 22 – Caracterização Hospitalar – Equip de Manutenção da Vida, Equip de Diagnóstico e Infra - 2025 ri baixo amazonas",20,"Tabela 22 – Caracterização Hospitalar – Equip de Manutenção da Vida, Equip de Diagnóstico e Infra - 2025 ri baixo amazonas","..\..\Desktop\tabelas-powerBI\3 Baixo Amazonas\Tabela 22 – Caracterização Hospitalar – Equip de Manutenção da Vida, Equip de Diagnóstico e Infra - 2025 ri baixo amazonas.xlsx",Baixo Amazonas,29020,104.0
Oriximiná,3 Baixo Amazonas,22,"Tabela 22 – Caracterização Hospitalar – Equip de Manutenção da Vida, Equip de Diagnóstico e Infra - 2025 ri baixo amazonas",20,"Tabela 22 – Caracterização Hospitalar – Equip de Manutenção da Vida, Equip de Diagnóstico e Infra - 2025 ri baixo amazonas","..\..\Desktop\tabelas-powerBI\3 Baixo Amazonas\Tabela 22 – Caracterização Hospitalar – Equip de Manutenção da Vida, Equip de Diagnóstico e Infra - 2025 ri baixo amazonas.xlsx",Baixo Amazonas,29020,127.0
Prainha,3 Baixo Amazonas,22,"Tabela 22 – Caracterização Hospitalar – Equip de Manutenção da Vida, Equip de Diagnóstico e Infra - 2025 ri baixo amazonas",20,"Tabela 22 – Caracterização Hospitalar – Equip de Manutenção da Vida, Equip de Diagnóstico e Infra - 2025 ri baixo amazonas","..\..\Desktop\tabelas-powerBI\3 Baixo Amazonas\Tabela 22 – Caracterização Hospitalar – Equip de Manutenção da Vida, Equip de Diagnóstico e Infra - 2025 ri baixo amazonas.xlsx",Baixo Amazonas,29020,6.0
Santarém,3 Baixo Amazonas,22,"Tabela 22 – Caracterização Hospitalar – Equip de Manutenção da Vida, Equip de Diagnóstico e Infra - 2025 ri baixo amazonas",20,"Tabela 22 – Caracterização Hospitalar – Equip de Manutenção da Vida, Equip de Diagnóstico e Infra - 2025 ri baixo amazonas","..\..\Desktop\tabelas-powerBI\3 Baixo Amazonas\Tabela 22 – Caracterização Hospitalar – Equip de Manutenção da Vida, Equip de Diagnóstico e Infra - 2025 ri baixo amazonas.xlsx",Baixo Amazonas,29020,1447.0
Terra Santa,3 Baixo Amazonas,22,"Tabela 22 – Caracterização Hospitalar – Equip de Manutenção da Vida, Equip de Diagnóstico e Infra - 2025 ri baixo amazonas",20,"Tabela 22 – Caracterização Hospitalar – Equip de Manutenção da Vida, Equip de Diagnóstico e Infra - 2025 ri baixo amazonas","..\..\Desktop\tabelas-powerBI\3 Baixo Amazonas\Tabela 22 – Caracterização Hospitalar – Equip de Manutenção da Vida, Equip de Diagnóstico e Infra - 2025 ri baixo amazonas.xlsx",Baixo Amazonas,29020,14.0
Fonte: DATASUS,3 Baixo Amazonas,22,"Tabela 22 – Caracterização Hospitalar – Equip de Manutenção da Vida, Equip de Diagnóstico e Infra - 2025 ri baixo amazonas",20,"Tabela 22 – Caracterização Hospitalar – Equip de Manutenção da Vida, Equip de Diagnóstico e Infra - 2025 ri baixo amazonas","..\..\Desktop\tabelas-powerBI\3 Baixo Amazonas\Tabela 22 – Caracterização Hospitalar – Equip de Manutenção da Vida, Equip de Diagnóstico e Infra - 2025 ri baixo amazonas.xlsx",Baixo Amazonas,29020,
Elaboração: FAPESPA,3 Baixo Amazonas,22,"Tabela 22 – Caracterização Hospitalar – Equip de Manutenção da Vida, Equip de Diagnóstico e Infra - 2025 ri baixo amazonas",20,"Tabela 22 – Caracterização Hospitalar – Equip de Manutenção da Vida, Equip de Diagnóstico e Infra - 2025 ri baixo amazonas","..\..\Desktop\tabelas-powerBI\3 Baixo Amazonas\Tabela 22 – Caracterização Hospitalar – Equip de Manutenção da Vida, Equip de Diagnóstico e Infra - 2025 ri baixo amazonas.xlsx",Baixo Amazonas,29020,
*Nota: Dados referentes a Outubro/2025.,3 Baixo Amazonas,22,"Tabela 22 – Caracterização Hospitalar – Equip de Manutenção da Vida, Equip de Diagnóstico e Infra - 2025 ri baixo amazonas",20,"Tabela 22 – Caracterização Hospitalar – Equip de Manutenção da Vida, Equip de Diagnóstico e Infra - 2025 ri baixo amazonas","..\..\Desktop\tabelas-powerBI\3 Baixo Amazonas\Tabela 22 – Caracterização Hospitalar – Equip de Manutenção da Vida, Equip de Diagnóstico e Infra - 2025 ri baixo amazonas.xlsx",Baixo Amazonas,29020,
