Par,1192224,3751973,7307684,127,2802,12167,regiao,tabela_num,titulo,ano,arquivo,arquivo_path,aba,variavel,valor
RI Tapajós,31992,104402,177400,3,46,184,11 Tapajós,44,"Área colhida (Hectares), Quantidade Produzida (Toneladas) e Valor (Mil Reais) da Produção por Tipo de Lavoura Temporária - 2024 ri tapajos",20,"Tabela 44 - Área colhida (Hectares), Quantidade Produzida (Toneladas) e Valor (Mil Reais) da Produção por Tipo de Lavoura Temporária - 2024 ri tapajos","..\..\Desktop\tabelas-powerBI\11 Tapajós\Tabela 44 - Área colhida (Hectares), Quantidade Produzida (Toneladas) e Valor (Mil Reais) da Produção por Tipo de Lavoura Temporária - 2024 ri tapajos.xlsx",Tapajós,9274,95.0
Aveiro,-,-,-,-,-,-,11 Tapajós,44,"Área colhida (Hectares), Quantidade Produzida (Toneladas) e Valor (Mil Reais) da Produção por Tipo de Lavoura Temporária - 2024 ri tapajos",20,"Tabela 44 - Área colhida (Hectares), Quantidade Produzida (Toneladas) e Valor (Mil Reais) da Produção por Tipo de Lavoura Temporária - 2024 ri tapajos","..\..\Desktop\tabelas-powerBI\11 Tapajós\Tabela 44 - Área colhida (Hectares), Quantidade Produzida (Toneladas) e Valor (Mil Reais) da Produção por Tipo de Lavoura Temporária - 2024 ri tapajos.xlsx",Tapajós,9274,5.0
Itaituba,-,-,-,1,16,64,11 Tapajós,44,"Área colhida (Hectares), Quantidade Produzida (Toneladas) e Valor (Mil Reais) da Produção por Tipo de Lavoura Temporária - 2024 ri tapajos",20,"Tabela 44 - Área colhida (Hectares), Quantidade Produzida (Toneladas) e Valor (Mil Reais) da Produção por Tipo de Lavoura Temporária - 2024 ri tapajos","..\..\Desktop\tabelas-powerBI\11 Tapajós\Tabela 44 - Área colhida (Hectares), Quantidade Produzida (Toneladas) e Valor (Mil Reais) da Produção por Tipo de Lavoura Temporária - 2024 ri tapajos.xlsx",Tapajós,9274,15.0
Jacareacanga,800,2160,3888,-,-,-,11 Tapajós,44,"Área colhida (Hectares), Quantidade Produzida (Toneladas) e Valor (Mil Reais) da Produção por Tipo de Lavoura Temporária - 2024 ri tapajos",20,"Tabela 44 - Área colhida (Hectares), Quantidade Produzida (Toneladas) e Valor (Mil Reais) da Produção por Tipo de Lavoura Temporária - 2024 ri tapajos","..\..\Desktop\tabelas-powerBI\11 Tapajós\Tabela 44 - Área colhida (Hectares), Quantidade Produzida (Toneladas) e Valor (Mil Reais) da Produção por Tipo de Lavoura Temporária - 2024 ri tapajos.xlsx",Tapajós,9274,20.0
Novo Progresso,28472,93958,156440,-,-,-,11 Tapajós,44,"Área colhida (Hectares), Quantidade Produzida (Toneladas) e Valor (Mil Reais) da Produção por Tipo de Lavoura Temporária - 2024 ri tapajos",20,"Tabela 44 - Área colhida (Hectares), Quantidade Produzida (Toneladas) e Valor (Mil Reais) da Produção por Tipo de Lavoura Temporária - 2024 ri tapajos","..\..\Desktop\tabelas-powerBI\11 Tapajós\Tabela 44 - Área colhida (Hectares), Quantidade Produzida (Toneladas) e Valor (Mil Reais) da Produção por Tipo de Lavoura Temporária - 2024 ri tapajos.xlsx",Tapajós,9274,15.0
Rurópolis,620,1984,3968,-,-,-,11 Tapajós,44,"Área colhida (Hectares), Quantidade Produzida (Toneladas) e Valor (Mil Reais) da Produção por Tipo de Lavoura Temporária - 2024 ri tapajos",20,"Tabela 44 - Área colhida (Hectares), Quantidade Produzida (Toneladas) e Valor (Mil Reais) da Produção por Tipo de Lavoura Temporária - 2024 ri tapajos","..\..\Desktop\tabelas-powerBI\11 Tapajós\Tabela 44 - Área colhida (Hectares), Quantidade Produzida (Toneladas) e Valor (Mil Reais) da Produção por Tipo de Lavoura Temporária - 2024 ri tapajos.xlsx",Tapajós,9274,10.0
Trairão,2100,6300,13104,2,30,120,11 Tapajós,44,"Área colhida (Hectares), Quantidade Produzida (Toneladas) e Valor (Mil Reais) da Produção por Tipo de Lavoura Temporária - 2024 ri tapajos",20,"Tabela 44 - Área colhida (Hectares), Quantidade Produzida (Toneladas) e Valor (Mil Reais) da Produção por Tipo de Lavoura Temporária - 2024 ri tapajos","..\..\Desktop\tabelas-powerBI\11 Tapajós\Tabela 44 - Área colhida (Hectares), Quantidade Produzida (Toneladas) e Valor (Mil Reais) da Produção por Tipo de Lavoura Temporária - 2024 ri tapajos.xlsx",Tapajós,9274,30.0
Fonte: IBGE/PAM,,,,,,,11 Tapajós,44,"Área colhida (Hectares), Quantidade Produzida (Toneladas) e Valor (Mil Reais) da Produção por Tipo de Lavoura Temporária - 2024 ri tapajos",20,"Tabela 44 - Área colhida (Hectares), Quantidade Produzida (Toneladas) e Valor (Mil Reais) da Produção por Tipo de Lavoura Temporária - 2024 ri tapajos","..\..\Desktop\tabelas-powerBI\11 Tapajós\Tabela 44 - Área colhida (Hectares), Quantidade Produzida (Toneladas) e Valor (Mil Reais) da Produção por Tipo de Lavoura Temporária - 2024 ri tapajos.xlsx",Tapajós,9274,
Elaboração: FAPESPA,,,,,,,11 Tapajós,44,"Área colhida (Hectares), Quantidade Produzida (Toneladas) e Valor (Mil Reais) da Produção por Tipo de Lavoura Temporária - 2024 ri tapajos",20,"Tabela 44 - Área colhida (Hectares), Quantidade Produzida (Toneladas) e Valor (Mil Reais) da Produção por Tipo de Lavoura Temporária - 2024 ri tapajos","..\..\Desktop\tabelas-powerBI\11 Tapajós\Tabela 44 - Área colhida (Hectares), Quantidade Produzida (Toneladas) e Valor (Mil Reais) da Produção por Tipo de Lavoura Temporária - 2024 ri tapajos.xlsx",Tapajós,9274,
Nota: A quantidade produzida de abacaxi é expressa em mil frutos,,,,,,,11 Tapajós,44,"Área colhida (Hectares), Quantidade Produzida (Toneladas) e Valor (Mil Reais) da Produção por Tipo de Lavoura Temporária - 2024 ri tapajos",20,"Tabela 44 - Área colhida (Hectares), Quantidade Produzida (Toneladas) e Valor (Mil Reais) da Produção por Tipo de Lavoura Temporária - 2024 ri tapajos","..\..\Desktop\tabelas-powerBI\11 Tapajós\Tabela 44 - Área colhida (Hectares), Quantidade Produzida (Toneladas) e Valor (Mil Reais) da Produção por Tipo de Lavoura Temporária - 2024 ri tapajos.xlsx",Tapajós,9274,
RI Tapajós,31992,104402,177400,3,46,184,11 Tapajós,44,"Área colhida (Hectares), Quantidade Produzida (Toneladas) e Valor (Mil Reais) da Produção por Tipo de Lavoura Temporária - 2024 ri tapajos",20,"Tabela 44 - Área colhida (Hectares), Quantidade Produzida (Toneladas) e Valor (Mil Reais) da Produção por Tipo de Lavoura Temporária - 2024 ri tapajos","..\..\Desktop\tabelas-powerBI\11 Tapajós\Tabela 44 - Área colhida (Hectares), Quantidade Produzida (Toneladas) e Valor (Mil Reais) da Produção por Tipo de Lavoura Temporária - 2024 ri tapajos.xlsx",Tapajós,290432,1540.0
Aveiro,-,-,-,-,-,-,11 Tapajós,44,"Área colhida (Hectares), Quantidade Produzida (Toneladas) e Valor (Mil Reais) da Produção por Tipo de Lavoura Temporária - 2024 ri tapajos",20,"Tabela 44 - Área colhida (Hectares), Quantidade Produzida (Toneladas) e Valor (Mil Reais) da Produção por Tipo de Lavoura Temporária - 2024 ri tapajos","..\..\Desktop\tabelas-powerBI\11 Tapajós\Tabela 44 - Área colhida (Hectares), Quantidade Produzida (Toneladas) e Valor (Mil Reais) da Produção por Tipo de Lavoura Temporária - 2024 ri tapajos.xlsx",Tapajós,290432,75.0
Itaituba,-,-,-,1,16,64,11 Tapajós,44,"Área colhida (Hectares), Quantidade Produzida (Toneladas) e Valor (Mil Reais) da Produção por Tipo de Lavoura Temporária - 2024 ri tapajos",20,"Tabela 44 - Área colhida (Hectares), Quantidade Produzida (Toneladas) e Valor (Mil Reais) da Produção por Tipo de Lavoura Temporária - 2024 ri tapajos","..\..\Desktop\tabelas-powerBI\11 Tapajós\Tabela 44 - Área colhida (Hectares), Quantidade Produzida (Toneladas) e Valor (Mil Reais) da Produção por Tipo de Lavoura Temporária - 2024 ri tapajos.xlsx",Tapajós,290432,300.0
Jacareacanga,800,2160,3888,-,-,-,11 Tapajós,44,"Área colhida (Hectares), Quantidade Produzida (Toneladas) e Valor (Mil Reais) da Produção por Tipo de Lavoura Temporária - 2024 ri tapajos",20,"Tabela 44 - Área colhida (Hectares), Quantidade Produzida (Toneladas) e Valor (Mil Reais) da Produção por Tipo de Lavoura Temporária - 2024 ri tapajos","..\..\Desktop\tabelas-powerBI\11 Tapajós\Tabela 44 - Área colhida (Hectares), Quantidade Produzida (Toneladas) e Valor (Mil Reais) da Produção por Tipo de Lavoura Temporária - 2024 ri tapajos.xlsx",Tapajós,290432,400.0
Novo Progresso,28472,93958,156440,-,-,-,11 Tapajós,44,"Área colhida (Hectares), Quantidade Produzida (Toneladas) e Valor (Mil Reais) da Produção por Tipo de Lavoura Temporária - 2024 ri tapajos",20,"Tabela 44 - Área colhida (Hectares), Quantidade Produzida (Toneladas) e Valor (Mil Reais) da Produção por Tipo de Lavoura Temporária - 2024 ri tapajos","..\..\Desktop\tabelas-powerBI\11 Tapajós\Tabela 44 - Área colhida (Hectares), Quantidade Produzida (Toneladas) e Valor (Mil Reais) da Produção por Tipo de Lavoura Temporária - 2024 ri tapajos.xlsx",Tapajós,290432,405.0
Rurópolis,620,1984,3968,-,-,-,11 Tapajós,44,"Área colhida (Hectares), Quantidade Produzida (Toneladas) e Valor (Mil Reais) da Produção por Tipo de Lavoura Temporária - 2024 ri tapajos",20,"Tabela 44 - Área colhida (Hectares), Quantidade Produzida (Toneladas) e Valor (Mil Reais) da Produção por Tipo de Lavoura Temporária - 2024 ri tapajos","..\..\Desktop\tabelas-powerBI\11 Tapajós\Tabela 44 - Área colhida (Hectares), Quantidade Produzida (Toneladas) e Valor (Mil Reais) da Produção por Tipo de Lavoura Temporária - 2024 ri tapajos.xlsx",Tapajós,290432,60.0
Trairão,2100,6300,13104,2,30,120,11 Tapajós,44,"Área colhida (Hectares), Quantidade Produzida (Toneladas) e Valor (Mil Reais) da Produção por Tipo de Lavoura Temporária - 2024 ri tapajos",20,"Tabela 44 - Área colhida (Hectares), Quantidade Produzida (Toneladas) e Valor (Mil Reais) da Produção por Tipo de Lavoura Temporária - 2024 ri tapajos","..\..\Desktop\tabelas-powerBI\11 Tapajós\Tabela 44 - Área colhida (Hectares), Quantidade Produzida (Toneladas) e Valor (Mil Reais) da Produção por Tipo de Lavoura Temporária - 2024 ri tapajos.xlsx",Tapajós,290432,300.0
Fonte: IBGE/PAM,,,,,,,11 Tapajós,44,"Área colhida (Hectares), Quantidade Produzida (Toneladas) e Valor (Mil Reais) da Produção por Tipo de Lavoura Temporária - 2024 ri tapajos",20,"Tabela 44 - Área colhida (Hectares), Quantidade Produzida (Toneladas) e Valor (Mil Reais) da Produção por Tipo de Lavoura Temporária - 2024 ri tapajos","..\..\Desktop\tabelas-powerBI\11 Tapajós\Tabela 44 - Área colhida (Hectares), Quantidade Produzida (Toneladas) e Valor (Mil Reais) da Produção por Tipo de Lavoura Temporária - 2024 ri tapajos.xlsx",Tapajós,290432,
Elaboração: FAPESPA,,,,,,,11 Tapajós,44,"Área colhida (Hectares), Quantidade Produzida (Toneladas) e Valor (Mil Reais) da Produção por Tipo de Lavoura Temporária - 2024 ri tapajos",20,"Tabela 44 - Área colhida (Hectares), Quantidade Produzida (Toneladas) e Valor (Mil Reais) da Produção por Tipo de Lavoura Temporária - 2024 ri tapajos","..\..\Desktop\tabelas-powerBI\11 Tapajós\Tabela 44 - Área colhida (Hectares), Quantidade Produzida (Toneladas) e Valor (Mil Reais) da Produção por Tipo de Lavoura Temporária - 2024 ri tapajos.xlsx",Tapajós,290432,
Nota: A quantidade produzida de abacaxi é expressa em mil frutos,,,,,,,11 Tapajós,44,"Área colhida (Hectares), Quantidade Produzida (Toneladas) e Valor (Mil Reais) da Produção por Tipo de Lavoura Temporária - 2024 ri tapajos",20,"Tabela 44 - Área colhida (Hectares), Quantidade Produzida (Toneladas) e Valor (Mil Reais) da Produção por Tipo de Lavoura Temporária - 2024 ri tapajos","..\..\Desktop\tabelas-powerBI\11 Tapajós\Tabela 44 - Área colhida (Hectares), Quantidade Produzida (Toneladas) e Valor (Mil Reais) da Produção por Tipo de Lavoura Temporária - 2024 ri tapajos.xlsx",Tapajós,290432,
RI Tapajós,31992,104402,177400,3,46,184,11 Tapajós,44,"Área colhida (Hectares), Quantidade Produzida (Toneladas) e Valor (Mil Reais) da Produção por Tipo de Lavoura Temporária - 2024 ri tapajos",20,"Tabela 44 - Área colhida (Hectares), Quantidade Produzida (Toneladas) e Valor (Mil Reais) da Produção por Tipo de Lavoura Temporária - 2024 ri tapajos","..\..\Desktop\tabelas-powerBI\11 Tapajós\Tabela 44 - Área colhida (Hectares), Quantidade Produzida (Toneladas) e Valor (Mil Reais) da Produção por Tipo de Lavoura Temporária - 2024 ri tapajos.xlsx",Tapajós,1084062,5854.0
Aveiro,-,-,-,-,-,-,11 Tapajós,44,"Área colhida (Hectares), Quantidade Produzida (Toneladas) e Valor (Mil Reais) da Produção por Tipo de Lavoura Temporária - 2024 ri tapajos",20,"Tabela 44 - Área colhida (Hectares), Quantidade Produzida (Toneladas) e Valor (Mil Reais) da Produção por Tipo de Lavoura Temporária - 2024 ri tapajos","..\..\Desktop\tabelas-powerBI\11 Tapajós\Tabela 44 - Área colhida (Hectares), Quantidade Produzida (Toneladas) e Valor (Mil Reais) da Produção por Tipo de Lavoura Temporária - 2024 ri tapajos.xlsx",Tapajós,1084062,225.0
Itaituba,-,-,-,1,16,64,11 Tapajós,44,"Área colhida (Hectares), Quantidade Produzida (Toneladas) e Valor (Mil Reais) da Produção por Tipo de Lavoura Temporária - 2024 ri tapajos",20,"Tabela 44 - Área colhida (Hectares), Quantidade Produzida (Toneladas) e Valor (Mil Reais) da Produção por Tipo de Lavoura Temporária - 2024 ri tapajos","..\..\Desktop\tabelas-powerBI\11 Tapajós\Tabela 44 - Área colhida (Hectares), Quantidade Produzida (Toneladas) e Valor (Mil Reais) da Produção por Tipo de Lavoura Temporária - 2024 ri tapajos.xlsx",Tapajós,1084062,900.0
Jacareacanga,800,2160,3888,-,-,-,11 Tapajós,44,"Área colhida (Hectares), Quantidade Produzida (Toneladas) e Valor (Mil Reais) da Produção por Tipo de Lavoura Temporária - 2024 ri tapajos",20,"Tabela 44 - Área colhida (Hectares), Quantidade Produzida (Toneladas) e Valor (Mil Reais) da Produção por Tipo de Lavoura Temporária - 2024 ri tapajos","..\..\Desktop\tabelas-powerBI\11 Tapajós\Tabela 44 - Área colhida (Hectares), Quantidade Produzida (Toneladas) e Valor (Mil Reais) da Produção por Tipo de Lavoura Temporária - 2024 ri tapajos.xlsx",Tapajós,1084062,1684.0
Novo Progresso,28472,93958,156440,-,-,-,11 Tapajós,44,"Área colhida (Hectares), Quantidade Produzida (Toneladas) e Valor (Mil Reais) da Produção por Tipo de Lavoura Temporária - 2024 ri tapajos",20,"Tabela 44 - Área colhida (Hectares), Quantidade Produzida (Toneladas) e Valor (Mil Reais) da Produção por Tipo de Lavoura Temporária - 2024 ri tapajos","..\..\Desktop\tabelas-powerBI\11 Tapajós\Tabela 44 - Área colhida (Hectares), Quantidade Produzida (Toneladas) e Valor (Mil Reais) da Produção por Tipo de Lavoura Temporária - 2024 ri tapajos.xlsx",Tapajós,1084062,2025.0
Rurópolis,620,1984,3968,-,-,-,11 Tapajós,44,"Área colhida (Hectares), Quantidade Produzida (Toneladas) e Valor (Mil Reais) da Produção por Tipo de Lavoura Temporária - 2024 ri tapajos",20,"Tabela 44 - Área colhida (Hectares), Quantidade Produzida (Toneladas) e Valor (Mil Reais) da Produção por Tipo de Lavoura Temporária - 2024 ri tapajos","..\..\Desktop\tabelas-powerBI\11 Tapajós\Tabela 44 - Área colhida (Hectares), Quantidade Produzida (Toneladas) e Valor (Mil Reais) da Produção por Tipo de Lavoura Temporária - 2024 ri tapajos.xlsx",Tapajós,1084062,120.0
Trairão,2100,6300,13104,2,30,120,11 Tapajós,44,"Área colhida (Hectares), Quantidade Produzida (Toneladas) e Valor (Mil Reais) da Produção por Tipo de Lavoura Temporária - 2024 ri tapajos",20,"Tabela 44 - Área colhida (Hectares), Quantidade Produzida (Toneladas) e Valor (Mil Reais) da Produção por Tipo de Lavoura Temporária - 2024 ri tapajos","..\..\Desktop\tabelas-powerBI\11 Tapajós\Tabela 44 - Área colhida (Hectares), Quantidade Produzida (Toneladas) e Valor (Mil Reais) da Produção por Tipo de Lavoura Temporária - 2024 ri tapajos.xlsx",Tapajós,1084062,900.0
Fonte: IBGE/PAM,,,,,,,11 Tapajós,44,"Área colhida (Hectares), Quantidade Produzida (Toneladas) e Valor (Mil Reais) da Produção por Tipo de Lavoura Temporária - 2024 ri tapajos",20,"Tabela 44 - Área colhida (Hectares), Quantidade Produzida (Toneladas) e Valor (Mil Reais) da Produção por Tipo de Lavoura Temporária - 2024 ri tapajos","..\..\Desktop\tabelas-powerBI\11 Tapajós\Tabela 44 - Área colhida (Hectares), Quantidade Produzida (Toneladas) e Valor (Mil Reais) da Produção por Tipo de Lavoura Temporária - 2024 ri tapajos.xlsx",Tapajós,1084062,
Elaboração: FAPESPA,,,,,,,11 Tapajós,44,"Área colhida (Hectares), Quantidade Produzida (Toneladas) e Valor (Mil Reais) da Produção por Tipo de Lavoura Temporária - 2024 ri tapajos",20,"Tabela 44 - Área colhida (Hectares), Quantidade Produzida (Toneladas) e Valor (Mil Reais) da Produção por Tipo de Lavoura Temporária - 2024 ri tapajos","..\..\Desktop\tabelas-powerBI\11 Tapajós\Tabela 44 - Área colhida (Hectares), Quantidade Produzida (Toneladas) e Valor (Mil Reais) da Produção por Tipo de Lavoura Temporária - 2024 ri tapajos.xlsx",Tapajós,1084062,
Nota: A quantidade produzida de abacaxi é expressa em mil frutos,,,,,,,11 Tapajós,44,"Área colhida (Hectares), Quantidade Produzida (Toneladas) e Valor (Mil Reais) da Produção por Tipo de Lavoura Temporária - 2024 ri tapajos",20,"Tabela 44 - Área colhida (Hectares), Quantidade Produzida (Toneladas) e Valor (Mil Reais) da Produção por Tipo de Lavoura Temporária - 2024 ri tapajos","..\..\Desktop\tabelas-powerBI\11 Tapajós\Tabela 44 - Área colhida (Hectares), Quantidade Produzida (Toneladas) e Valor (Mil Reais) da Produção por Tipo de Lavoura Temporária - 2024 ri tapajos.xlsx",Tapajós,1084062,
RI Tapajós,31992,104402,177400,3,46,184,11 Tapajós,44,"Área colhida (Hectares), Quantidade Produzida (Toneladas) e Valor (Mil Reais) da Produção por Tipo de Lavoura Temporária - 2024 ri tapajos",20,"Tabela 44 - Área colhida (Hectares), Quantidade Produzida (Toneladas) e Valor (Mil Reais) da Produção por Tipo de Lavoura Temporária - 2024 ri tapajos","..\..\Desktop\tabelas-powerBI\11 Tapajós\Tabela 44 - Área colhida (Hectares), Quantidade Produzida (Toneladas) e Valor (Mil Reais) da Produção por Tipo de Lavoura Temporária - 2024 ri tapajos.xlsx",Tapajós,45449,5250.0
Aveiro,-,-,-,-,-,-,11 Tapajós,44,"Área colhida (Hectares), Quantidade Produzida (Toneladas) e Valor (Mil Reais) da Produção por Tipo de Lavoura Temporária - 2024 ri tapajos",20,"Tabela 44 - Área colhida (Hectares), Quantidade Produzida (Toneladas) e Valor (Mil Reais) da Produção por Tipo de Lavoura Temporária - 2024 ri tapajos","..\..\Desktop\tabelas-powerBI\11 Tapajós\Tabela 44 - Área colhida (Hectares), Quantidade Produzida (Toneladas) e Valor (Mil Reais) da Produção por Tipo de Lavoura Temporária - 2024 ri tapajos.xlsx",Tapajós,45449,30.0
Itaituba,-,-,-,1,16,64,11 Tapajós,44,"Área colhida (Hectares), Quantidade Produzida (Toneladas) e Valor (Mil Reais) da Produção por Tipo de Lavoura Temporária - 2024 ri tapajos",20,"Tabela 44 - Área colhida (Hectares), Quantidade Produzida (Toneladas) e Valor (Mil Reais) da Produção por Tipo de Lavoura Temporária - 2024 ri tapajos","..\..\Desktop\tabelas-powerBI\11 Tapajós\Tabela 44 - Área colhida (Hectares), Quantidade Produzida (Toneladas) e Valor (Mil Reais) da Produção por Tipo de Lavoura Temporária - 2024 ri tapajos.xlsx",Tapajós,45449,120.0
Jacareacanga,800,2160,3888,-,-,-,11 Tapajós,44,"Área colhida (Hectares), Quantidade Produzida (Toneladas) e Valor (Mil Reais) da Produção por Tipo de Lavoura Temporária - 2024 ri tapajos",20,"Tabela 44 - Área colhida (Hectares), Quantidade Produzida (Toneladas) e Valor (Mil Reais) da Produção por Tipo de Lavoura Temporária - 2024 ri tapajos","..\..\Desktop\tabelas-powerBI\11 Tapajós\Tabela 44 - Área colhida (Hectares), Quantidade Produzida (Toneladas) e Valor (Mil Reais) da Produção por Tipo de Lavoura Temporária - 2024 ri tapajos.xlsx",Tapajós,45449,800.0
Novo Progresso,28472,93958,156440,-,-,-,11 Tapajós,44,"Área colhida (Hectares), Quantidade Produzida (Toneladas) e Valor (Mil Reais) da Produção por Tipo de Lavoura Temporária - 2024 ri tapajos",20,"Tabela 44 - Área colhida (Hectares), Quantidade Produzida (Toneladas) e Valor (Mil Reais) da Produção por Tipo de Lavoura Temporária - 2024 ri tapajos","..\..\Desktop\tabelas-powerBI\11 Tapajós\Tabela 44 - Área colhida (Hectares), Quantidade Produzida (Toneladas) e Valor (Mil Reais) da Produção por Tipo de Lavoura Temporária - 2024 ri tapajos.xlsx",Tapajós,45449,2000.0
Rurópolis,620,1984,3968,-,-,-,11 Tapajós,44,"Área colhida (Hectares), Quantidade Produzida (Toneladas) e Valor (Mil Reais) da Produção por Tipo de Lavoura Temporária - 2024 ri tapajos",20,"Tabela 44 - Área colhida (Hectares), Quantidade Produzida (Toneladas) e Valor (Mil Reais) da Produção por Tipo de Lavoura Temporária - 2024 ri tapajos","..\..\Desktop\tabelas-powerBI\11 Tapajós\Tabela 44 - Área colhida (Hectares), Quantidade Produzida (Toneladas) e Valor (Mil Reais) da Produção por Tipo de Lavoura Temporária - 2024 ri tapajos.xlsx",Tapajós,45449,200.0
Trairão,2100,6300,13104,2,30,120,11 Tapajós,44,"Área colhida (Hectares), Quantidade Produzida (Toneladas) e Valor (Mil Reais) da Produção por Tipo de Lavoura Temporária - 2024 ri tapajos",20,"Tabela 44 - Área colhida (Hectares), Quantidade Produzida (Toneladas) e Valor (Mil Reais) da Produção por Tipo de Lavoura Temporária - 2024 ri tapajos","..\..\Desktop\tabelas-powerBI\11 Tapajós\Tabela 44 - Área colhida (Hectares), Quantidade Produzida (Toneladas) e Valor (Mil Reais) da Produção por Tipo de Lavoura Temporária - 2024 ri tapajos.xlsx",Tapajós,45449,2100.0
Fonte: IBGE/PAM,,,,,,,11 Tapajós,44,"Área colhida (Hectares), Quantidade Produzida (Toneladas) e Valor (Mil Reais) da Produção por Tipo de Lavoura Temporária - 2024 ri tapajos",20,"Tabela 44 - Área colhida (Hectares), Quantidade Produzida (Toneladas) e Valor (Mil Reais) da Produção por Tipo de Lavoura Temporária - 2024 ri tapajos","..\..\Desktop\tabelas-powerBI\11 Tapajós\Tabela 44 - Área colhida (Hectares), Quantidade Produzida (Toneladas) e Valor (Mil Reais) da Produção por Tipo de Lavoura Temporária - 2024 ri tapajos.xlsx",Tapajós,45449,
Elaboração: FAPESPA,,,,,,,11 Tapajós,44,"Área colhida (Hectares), Quantidade Produzida (Toneladas) e Valor (Mil Reais) da Produção por Tipo de Lavoura Temporária - 2024 ri tapajos",20,"Tabela 44 - Área colhida (Hectares), Quantidade Produzida (Toneladas) e Valor (Mil Reais) da Produção por Tipo de Lavoura Temporária - 2024 ri tapajos","..\..\Desktop\tabelas-powerBI\11 Tapajós\Tabela 44 - Área colhida (Hectares), Quantidade Produzida (Toneladas) e Valor (Mil Reais) da Produção por Tipo de Lavoura Temporária - 2024 ri tapajos.xlsx",Tapajós,45449,
Nota: A quantidade produzida de abacaxi é expressa em mil frutos,,,,,,,11 Tapajós,44,"Área colhida (Hectares), Quantidade Produzida (Toneladas) e Valor (Mil Reais) da Produção por Tipo de Lavoura Temporária - 2024 ri tapajos",20,"Tabela 44 - Área colhida (Hectares), Quantidade Produzida (Toneladas) e Valor (Mil Reais) da Produção por Tipo de Lavoura Temporária - 2024 ri tapajos","..\..\Desktop\tabelas-powerBI\11 Tapajós\Tabela 44 - Área colhida (Hectares), Quantidade Produzida (Toneladas) e Valor (Mil Reais) da Produção por Tipo de Lavoura Temporária - 2024 ri tapajos.xlsx",Tapajós,45449,
RI Tapajós,31992,104402,177400,3,46,184,11 Tapajós,44,"Área colhida (Hectares), Quantidade Produzida (Toneladas) e Valor (Mil Reais) da Produção por Tipo de Lavoura Temporária - 2024 ri tapajos",20,"Tabela 44 - Área colhida (Hectares), Quantidade Produzida (Toneladas) e Valor (Mil Reais) da Produção por Tipo de Lavoura Temporária - 2024 ri tapajos","..\..\Desktop\tabelas-powerBI\11 Tapajós\Tabela 44 - Área colhida (Hectares), Quantidade Produzida (Toneladas) e Valor (Mil Reais) da Produção por Tipo de Lavoura Temporária - 2024 ri tapajos.xlsx",Tapajós,148884,10676.0
Aveiro,-,-,-,-,-,-,11 Tapajós,44,"Área colhida (Hectares), Quantidade Produzida (Toneladas) e Valor (Mil Reais) da Produção por Tipo de Lavoura Temporária - 2024 ri tapajos",20,"Tabela 44 - Área colhida (Hectares), Quantidade Produzida (Toneladas) e Valor (Mil Reais) da Produção por Tipo de Lavoura Temporária - 2024 ri tapajos","..\..\Desktop\tabelas-powerBI\11 Tapajós\Tabela 44 - Área colhida (Hectares), Quantidade Produzida (Toneladas) e Valor (Mil Reais) da Produção por Tipo de Lavoura Temporária - 2024 ri tapajos.xlsx",Tapajós,148884,36.0
Itaituba,-,-,-,1,16,64,11 Tapajós,44,"Área colhida (Hectares), Quantidade Produzida (Toneladas) e Valor (Mil Reais) da Produção por Tipo de Lavoura Temporária - 2024 ri tapajos",20,"Tabela 44 - Área colhida (Hectares), Quantidade Produzida (Toneladas) e Valor (Mil Reais) da Produção por Tipo de Lavoura Temporária - 2024 ri tapajos","..\..\Desktop\tabelas-powerBI\11 Tapajós\Tabela 44 - Área colhida (Hectares), Quantidade Produzida (Toneladas) e Valor (Mil Reais) da Produção por Tipo de Lavoura Temporária - 2024 ri tapajos.xlsx",Tapajós,148884,180.0
Jacareacanga,800,2160,3888,-,-,-,11 Tapajós,44,"Área colhida (Hectares), Quantidade Produzida (Toneladas) e Valor (Mil Reais) da Produção por Tipo de Lavoura Temporária - 2024 ri tapajos",20,"Tabela 44 - Área colhida (Hectares), Quantidade Produzida (Toneladas) e Valor (Mil Reais) da Produção por Tipo de Lavoura Temporária - 2024 ri tapajos","..\..\Desktop\tabelas-powerBI\11 Tapajós\Tabela 44 - Área colhida (Hectares), Quantidade Produzida (Toneladas) e Valor (Mil Reais) da Produção por Tipo de Lavoura Temporária - 2024 ri tapajos.xlsx",Tapajós,148884,960.0
Novo Progresso,28472,93958,156440,-,-,-,11 Tapajós,44,"Área colhida (Hectares), Quantidade Produzida (Toneladas) e Valor (Mil Reais) da Produção por Tipo de Lavoura Temporária - 2024 ri tapajos",20,"Tabela 44 - Área colhida (Hectares), Quantidade Produzida (Toneladas) e Valor (Mil Reais) da Produção por Tipo de Lavoura Temporária - 2024 ri tapajos","..\..\Desktop\tabelas-powerBI\11 Tapajós\Tabela 44 - Área colhida (Hectares), Quantidade Produzida (Toneladas) e Valor (Mil Reais) da Produção por Tipo de Lavoura Temporária - 2024 ri tapajos.xlsx",Tapajós,148884,4800.0
Rurópolis,620,1984,3968,-,-,-,11 Tapajós,44,"Área colhida (Hectares), Quantidade Produzida (Toneladas) e Valor (Mil Reais) da Produção por Tipo de Lavoura Temporária - 2024 ri tapajos",20,"Tabela 44 - Área colhida (Hectares), Quantidade Produzida (Toneladas) e Valor (Mil Reais) da Produção por Tipo de Lavoura Temporária - 2024 ri tapajos","..\..\Desktop\tabelas-powerBI\11 Tapajós\Tabela 44 - Área colhida (Hectares), Quantidade Produzida (Toneladas) e Valor (Mil Reais) da Produção por Tipo de Lavoura Temporária - 2024 ri tapajos.xlsx",Tapajós,148884,500.0
Trairão,2100,6300,13104,2,30,120,11 Tapajós,44,"Área colhida (Hectares), Quantidade Produzida (Toneladas) e Valor (Mil Reais) da Produção por Tipo de Lavoura Temporária - 2024 ri tapajos",20,"Tabela 44 - Área colhida (Hectares), Quantidade Produzida (Toneladas) e Valor (Mil Reais) da Produção por Tipo de Lavoura Temporária - 2024 ri tapajos","..\..\Desktop\tabelas-powerBI\11 Tapajós\Tabela 44 - Área colhida (Hectares), Quantidade Produzida (Toneladas) e Valor (Mil Reais) da Produção por Tipo de Lavoura Temporária - 2024 ri tapajos.xlsx",Tapajós,148884,4200.0
Fonte: IBGE/PAM,,,,,,,11 Tapajós,44,"Área colhida (Hectares), Quantidade Produzida (Toneladas) e Valor (Mil Reais) da Produção por Tipo de Lavoura Temporária - 2024 ri tapajos",20,"Tabela 44 - Área colhida (Hectares), Quantidade Produzida (Toneladas) e Valor (Mil Reais) da Produção por Tipo de Lavoura Temporária - 2024 ri tapajos","..\..\Desktop\tabelas-powerBI\11 Tapajós\Tabela 44 - Área colhida (Hectares), Quantidade Produzida (Toneladas) e Valor (Mil Reais) da Produção por Tipo de Lavoura Temporária - 2024 ri tapajos.xlsx",Tapajós,148884,
Elaboração: FAPESPA,,,,,,,11 Tapajós,44,"Área colhida (Hectares), Quantidade Produzida (Toneladas) e Valor (Mil Reais) da Produção por Tipo de Lavoura Temporária - 2024 ri tapajos",20,"Tabela 44 - Área colhida (Hectares), Quantidade Produzida (Toneladas) e Valor (Mil Reais) da Produção por Tipo de Lavoura Temporária - 2024 ri tapajos","..\..\Desktop\tabelas-powerBI\11 Tapajós\Tabela 44 - Área colhida (Hectares), Quantidade Produzida (Toneladas) e Valor (Mil Reais) da Produção por Tipo de Lavoura Temporária - 2024 ri tapajos.xlsx",Tapajós,148884,
Nota: A quantidade produzida de abacaxi é expressa em mil frutos,,,,,,,11 Tapajós,44,"Área colhida (Hectares), Quantidade Produzida (Toneladas) e Valor (Mil Reais) da Produção por Tipo de Lavoura Temporária - 2024 ri tapajos",20,"Tabela 44 - Área colhida (Hectares), Quantidade Produzida (Toneladas) e Valor (Mil Reais) da Produção por Tipo de Lavoura Temporária - 2024 ri tapajos","..\..\Desktop\tabelas-powerBI\11 Tapajós\Tabela 44 - Área colhida (Hectares), Quantidade Produzida (Toneladas) e Valor (Mil Reais) da Produção por Tipo de Lavoura Temporária - 2024 ri tapajos.xlsx",Tapajós,148884,
RI Tapajós,31992,104402,177400,3,46,184,11 Tapajós,44,"Área colhida (Hectares), Quantidade Produzida (Toneladas) e Valor (Mil Reais) da Produção por Tipo de Lavoura Temporária - 2024 ri tapajos",20,"Tabela 44 - Área colhida (Hectares), Quantidade Produzida (Toneladas) e Valor (Mil Reais) da Produção por Tipo de Lavoura Temporária - 2024 ri tapajos","..\..\Desktop\tabelas-powerBI\11 Tapajós\Tabela 44 - Área colhida (Hectares), Quantidade Produzida (Toneladas) e Valor (Mil Reais) da Produção por Tipo de Lavoura Temporária - 2024 ri tapajos.xlsx",Tapajós,233792,24226.0
Aveiro,-,-,-,-,-,-,11 Tapajós,44,"Área colhida (Hectares), Quantidade Produzida (Toneladas) e Valor (Mil Reais) da Produção por Tipo de Lavoura Temporária - 2024 ri tapajos",20,"Tabela 44 - Área colhida (Hectares), Quantidade Produzida (Toneladas) e Valor (Mil Reais) da Produção por Tipo de Lavoura Temporária - 2024 ri tapajos","..\..\Desktop\tabelas-powerBI\11 Tapajós\Tabela 44 - Área colhida (Hectares), Quantidade Produzida (Toneladas) e Valor (Mil Reais) da Produção por Tipo de Lavoura Temporária - 2024 ri tapajos.xlsx",Tapajós,233792,72.0
Itaituba,-,-,-,1,16,64,11 Tapajós,44,"Área colhida (Hectares), Quantidade Produzida (Toneladas) e Valor (Mil Reais) da Produção por Tipo de Lavoura Temporária - 2024 ri tapajos",20,"Tabela 44 - Área colhida (Hectares), Quantidade Produzida (Toneladas) e Valor (Mil Reais) da Produção por Tipo de Lavoura Temporária - 2024 ri tapajos","..\..\Desktop\tabelas-powerBI\11 Tapajós\Tabela 44 - Área colhida (Hectares), Quantidade Produzida (Toneladas) e Valor (Mil Reais) da Produção por Tipo de Lavoura Temporária - 2024 ri tapajos.xlsx",Tapajós,233792,360.0
Jacareacanga,800,2160,3888,-,-,-,11 Tapajós,44,"Área colhida (Hectares), Quantidade Produzida (Toneladas) e Valor (Mil Reais) da Produção por Tipo de Lavoura Temporária - 2024 ri tapajos",20,"Tabela 44 - Área colhida (Hectares), Quantidade Produzida (Toneladas) e Valor (Mil Reais) da Produção por Tipo de Lavoura Temporária - 2024 ri tapajos","..\..\Desktop\tabelas-powerBI\11 Tapajós\Tabela 44 - Área colhida (Hectares), Quantidade Produzida (Toneladas) e Valor (Mil Reais) da Produção por Tipo de Lavoura Temporária - 2024 ri tapajos.xlsx",Tapajós,233792,2400.0
Novo Progresso,28472,93958,156440,-,-,-,11 Tapajós,44,"Área colhida (Hectares), Quantidade Produzida (Toneladas) e Valor (Mil Reais) da Produção por Tipo de Lavoura Temporária - 2024 ri tapajos",20,"Tabela 44 - Área colhida (Hectares), Quantidade Produzida (Toneladas) e Valor (Mil Reais) da Produção por Tipo de Lavoura Temporária - 2024 ri tapajos","..\..\Desktop\tabelas-powerBI\11 Tapajós\Tabela 44 - Área colhida (Hectares), Quantidade Produzida (Toneladas) e Valor (Mil Reais) da Produção por Tipo de Lavoura Temporária - 2024 ri tapajos.xlsx",Tapajós,233792,12144.0
Rurópolis,620,1984,3968,-,-,-,11 Tapajós,44,"Área colhida (Hectares), Quantidade Produzida (Toneladas) e Valor (Mil Reais) da Produção por Tipo de Lavoura Temporária - 2024 ri tapajos",20,"Tabela 44 - Área colhida (Hectares), Quantidade Produzida (Toneladas) e Valor (Mil Reais) da Produção por Tipo de Lavoura Temporária - 2024 ri tapajos","..\..\Desktop\tabelas-powerBI\11 Tapajós\Tabela 44 - Área colhida (Hectares), Quantidade Produzida (Toneladas) e Valor (Mil Reais) da Produção por Tipo de Lavoura Temporária - 2024 ri tapajos.xlsx",Tapajós,233792,850.0
Trairão,2100,6300,13104,2,30,120,11 Tapajós,44,"Área colhida (Hectares), Quantidade Produzida (Toneladas) e Valor (Mil Reais) da Produção por Tipo de Lavoura Temporária - 2024 ri tapajos",20,"Tabela 44 - Área colhida (Hectares), Quantidade Produzida (Toneladas) e Valor (Mil Reais) da Produção por Tipo de Lavoura Temporária - 2024 ri tapajos","..\..\Desktop\tabelas-powerBI\11 Tapajós\Tabela 44 - Área colhida (Hectares), Quantidade Produzida (Toneladas) e Valor (Mil Reais) da Produção por Tipo de Lavoura Temporária - 2024 ri tapajos.xlsx",Tapajós,233792,8400.0
Fonte: IBGE/PAM,,,,,,,11 Tapajós,44,"Área colhida (Hectares), Quantidade Produzida (Toneladas) e Valor (Mil Reais) da Produção por Tipo de Lavoura Temporária - 2024 ri tapajos",20,"Tabela 44 - Área colhida (Hectares), Quantidade Produzida (Toneladas) e Valor (Mil Reais) da Produção por Tipo de Lavoura Temporária - 2024 ri tapajos","..\..\Desktop\tabelas-powerBI\11 Tapajós\Tabela 44 - Área colhida (Hectares), Quantidade Produzida (Toneladas) e Valor (Mil Reais) da Produção por Tipo de Lavoura Temporária - 2024 ri tapajos.xlsx",Tapajós,233792,
Elaboração: FAPESPA,,,,,,,11 Tapajós,44,"Área colhida (Hectares), Quantidade Produzida (Toneladas) e Valor (Mil Reais) da Produção por Tipo de Lavoura Temporária - 2024 ri tapajos",20,"Tabela 44 - Área colhida (Hectares), Quantidade Produzida (Toneladas) e Valor (Mil Reais) da Produção por Tipo de Lavoura Temporária - 2024 ri tapajos","..\..\Desktop\tabelas-powerBI\11 Tapajós\Tabela 44 - Área colhida (Hectares), Quantidade Produzida (Toneladas) e Valor (Mil Reais) da Produção por Tipo de Lavoura Temporária - 2024 ri tapajos.xlsx",Tapajós,233792,
Nota: A quantidade produzida de abacaxi é expressa em mil frutos,,,,,,,11 Tapajós,44,"Área colhida (Hectares), Quantidade Produzida (Toneladas) e Valor (Mil Reais) da Produção por Tipo de Lavoura Temporária - 2024 ri tapajos",20,"Tabela 44 - Área colhida (Hectares), Quantidade Produzida (Toneladas) e Valor (Mil Reais) da Produção por Tipo de Lavoura Temporária - 2024 ri tapajos","..\..\Desktop\tabelas-powerBI\11 Tapajós\Tabela 44 - Área colhida (Hectares), Quantidade Produzida (Toneladas) e Valor (Mil Reais) da Produção por Tipo de Lavoura Temporária - 2024 ri tapajos.xlsx",Tapajós,233792,
RI Tapajós,31992,104402,177400,3,46,184,11 Tapajós,44,"Área colhida (Hectares), Quantidade Produzida (Toneladas) e Valor (Mil Reais) da Produção por Tipo de Lavoura Temporária - 2024 ri tapajos",20,"Tabela 44 - Área colhida (Hectares), Quantidade Produzida (Toneladas) e Valor (Mil Reais) da Produção por Tipo de Lavoura Temporária - 2024 ri tapajos","..\..\Desktop\tabelas-powerBI\11 Tapajós\Tabela 44 - Área colhida (Hectares), Quantidade Produzida (Toneladas) e Valor (Mil Reais) da Produção por Tipo de Lavoura Temporária - 2024 ri tapajos.xlsx",Tapajós,17516,77.0
Aveiro,-,-,-,-,-,-,11 Tapajós,44,"Área colhida (Hectares), Quantidade Produzida (Toneladas) e Valor (Mil Reais) da Produção por Tipo de Lavoura Temporária - 2024 ri tapajos",20,"Tabela 44 - Área colhida (Hectares), Quantidade Produzida (Toneladas) e Valor (Mil Reais) da Produção por Tipo de Lavoura Temporária - 2024 ri tapajos","..\..\Desktop\tabelas-powerBI\11 Tapajós\Tabela 44 - Área colhida (Hectares), Quantidade Produzida (Toneladas) e Valor (Mil Reais) da Produção por Tipo de Lavoura Temporária - 2024 ri tapajos.xlsx",Tapajós,17516,8.0
Itaituba,-,-,-,1,16,64,11 Tapajós,44,"Área colhida (Hectares), Quantidade Produzida (Toneladas) e Valor (Mil Reais) da Produção por Tipo de Lavoura Temporária - 2024 ri tapajos",20,"Tabela 44 - Área colhida (Hectares), Quantidade Produzida (Toneladas) e Valor (Mil Reais) da Produção por Tipo de Lavoura Temporária - 2024 ri tapajos","..\..\Desktop\tabelas-powerBI\11 Tapajós\Tabela 44 - Área colhida (Hectares), Quantidade Produzida (Toneladas) e Valor (Mil Reais) da Produção por Tipo de Lavoura Temporária - 2024 ri tapajos.xlsx",Tapajós,17516,14.0
Jacareacanga,800,2160,3888,-,-,-,11 Tapajós,44,"Área colhida (Hectares), Quantidade Produzida (Toneladas) e Valor (Mil Reais) da Produção por Tipo de Lavoura Temporária - 2024 ri tapajos",20,"Tabela 44 - Área colhida (Hectares), Quantidade Produzida (Toneladas) e Valor (Mil Reais) da Produção por Tipo de Lavoura Temporária - 2024 ri tapajos","..\..\Desktop\tabelas-powerBI\11 Tapajós\Tabela 44 - Área colhida (Hectares), Quantidade Produzida (Toneladas) e Valor (Mil Reais) da Produção por Tipo de Lavoura Temporária - 2024 ri tapajos.xlsx",Tapajós,17516,30.0
Novo Progresso,28472,93958,156440,-,-,-,11 Tapajós,44,"Área colhida (Hectares), Quantidade Produzida (Toneladas) e Valor (Mil Reais) da Produção por Tipo de Lavoura Temporária - 2024 ri tapajos",20,"Tabela 44 - Área colhida (Hectares), Quantidade Produzida (Toneladas) e Valor (Mil Reais) da Produção por Tipo de Lavoura Temporária - 2024 ri tapajos","..\..\Desktop\tabelas-powerBI\11 Tapajós\Tabela 44 - Área colhida (Hectares), Quantidade Produzida (Toneladas) e Valor (Mil Reais) da Produção por Tipo de Lavoura Temporária - 2024 ri tapajos.xlsx",Tapajós,17516,5.0
Rurópolis,620,1984,3968,-,-,-,11 Tapajós,44,"Área colhida (Hectares), Quantidade Produzida (Toneladas) e Valor (Mil Reais) da Produção por Tipo de Lavoura Temporária - 2024 ri tapajos",20,"Tabela 44 - Área colhida (Hectares), Quantidade Produzida (Toneladas) e Valor (Mil Reais) da Produção por Tipo de Lavoura Temporária - 2024 ri tapajos","..\..\Desktop\tabelas-powerBI\11 Tapajós\Tabela 44 - Área colhida (Hectares), Quantidade Produzida (Toneladas) e Valor (Mil Reais) da Produção por Tipo de Lavoura Temporária - 2024 ri tapajos.xlsx",Tapajós,17516,10.0
Trairão,2100,6300,13104,2,30,120,11 Tapajós,44,"Área colhida (Hectares), Quantidade Produzida (Toneladas) e Valor (Mil Reais) da Produção por Tipo de Lavoura Temporária - 2024 ri tapajos",20,"Tabela 44 - Área colhida (Hectares), Quantidade Produzida (Toneladas) e Valor (Mil Reais) da Produção por Tipo de Lavoura Temporária - 2024 ri tapajos","..\..\Desktop\tabelas-powerBI\11 Tapajós\Tabela 44 - Área colhida (Hectares), Quantidade Produzida (Toneladas) e Valor (Mil Reais) da Produção por Tipo de Lavoura Temporária - 2024 ri tapajos.xlsx",Tapajós,17516,10.0
Fonte: IBGE/PAM,,,,,,,11 Tapajós,44,"Área colhida (Hectares), Quantidade Produzida (Toneladas) e Valor (Mil Reais) da Produção por Tipo de Lavoura Temporária - 2024 ri tapajos",20,"Tabela 44 - Área colhida (Hectares), Quantidade Produzida (Toneladas) e Valor (Mil Reais) da Produção por Tipo de Lavoura Temporária - 2024 ri tapajos","..\..\Desktop\tabelas-powerBI\11 Tapajós\Tabela 44 - Área colhida (Hectares), Quantidade Produzida (Toneladas) e Valor (Mil Reais) da Produção por Tipo de Lavoura Temporária - 2024 ri tapajos.xlsx",Tapajós,17516,
Elaboração: FAPESPA,,,,,,,11 Tapajós,44,"Área colhida (Hectares), Quantidade Produzida (Toneladas) e Valor (Mil Reais) da Produção por Tipo de Lavoura Temporária - 2024 ri tapajos",20,"Tabela 44 - Área colhida (Hectares), Quantidade Produzida (Toneladas) e Valor (Mil Reais) da Produção por Tipo de Lavoura Temporária - 2024 ri tapajos","..\..\Desktop\tabelas-powerBI\11 Tapajós\Tabela 44 - Área colhida (Hectares), Quantidade Produzida (Toneladas) e Valor (Mil Reais) da Produção por Tipo de Lavoura Temporária - 2024 ri tapajos.xlsx",Tapajós,17516,
Nota: A quantidade produzida de abacaxi é expressa em mil frutos,,,,,,,11 Tapajós,44,"Área colhida (Hectares), Quantidade Produzida (Toneladas) e Valor (Mil Reais) da Produção por Tipo de Lavoura Temporária - 2024 ri tapajos",20,"Tabela 44 - Área colhida (Hectares), Quantidade Produzida (Toneladas) e Valor (Mil Reais) da Produção por Tipo de Lavoura Temporária - 2024 ri tapajos","..\..\Desktop\tabelas-powerBI\11 Tapajós\Tabela 44 - Área colhida (Hectares), Quantidade Produzida (Toneladas) e Valor (Mil Reais) da Produção por Tipo de Lavoura Temporária - 2024 ri tapajos.xlsx",Tapajós,17516,
RI Tapajós,31992,104402,177400,3,46,184,11 Tapajós,44,"Área colhida (Hectares), Quantidade Produzida (Toneladas) e Valor (Mil Reais) da Produção por Tipo de Lavoura Temporária - 2024 ri tapajos",20,"Tabela 44 - Área colhida (Hectares), Quantidade Produzida (Toneladas) e Valor (Mil Reais) da Produção por Tipo de Lavoura Temporária - 2024 ri tapajos","..\..\Desktop\tabelas-powerBI\11 Tapajós\Tabela 44 - Área colhida (Hectares), Quantidade Produzida (Toneladas) e Valor (Mil Reais) da Produção por Tipo de Lavoura Temporária - 2024 ri tapajos.xlsx",Tapajós,1213359,1630.0
Aveiro,-,-,-,-,-,-,11 Tapajós,44,"Área colhida (Hectares), Quantidade Produzida (Toneladas) e Valor (Mil Reais) da Produção por Tipo de Lavoura Temporária - 2024 ri tapajos",20,"Tabela 44 - Área colhida (Hectares), Quantidade Produzida (Toneladas) e Valor (Mil Reais) da Produção por Tipo de Lavoura Temporária - 2024 ri tapajos","..\..\Desktop\tabelas-powerBI\11 Tapajós\Tabela 44 - Área colhida (Hectares), Quantidade Produzida (Toneladas) e Valor (Mil Reais) da Produção por Tipo de Lavoura Temporária - 2024 ri tapajos.xlsx",Tapajós,1213359,160.0
Itaituba,-,-,-,1,16,64,11 Tapajós,44,"Área colhida (Hectares), Quantidade Produzida (Toneladas) e Valor (Mil Reais) da Produção por Tipo de Lavoura Temporária - 2024 ri tapajos",20,"Tabela 44 - Área colhida (Hectares), Quantidade Produzida (Toneladas) e Valor (Mil Reais) da Produção por Tipo de Lavoura Temporária - 2024 ri tapajos","..\..\Desktop\tabelas-powerBI\11 Tapajós\Tabela 44 - Área colhida (Hectares), Quantidade Produzida (Toneladas) e Valor (Mil Reais) da Produção por Tipo de Lavoura Temporária - 2024 ri tapajos.xlsx",Tapajós,1213359,420.0
Jacareacanga,800,2160,3888,-,-,-,11 Tapajós,44,"Área colhida (Hectares), Quantidade Produzida (Toneladas) e Valor (Mil Reais) da Produção por Tipo de Lavoura Temporária - 2024 ri tapajos",20,"Tabela 44 - Área colhida (Hectares), Quantidade Produzida (Toneladas) e Valor (Mil Reais) da Produção por Tipo de Lavoura Temporária - 2024 ri tapajos","..\..\Desktop\tabelas-powerBI\11 Tapajós\Tabela 44 - Área colhida (Hectares), Quantidade Produzida (Toneladas) e Valor (Mil Reais) da Produção por Tipo de Lavoura Temporária - 2024 ri tapajos.xlsx",Tapajós,1213359,450.0
Novo Progresso,28472,93958,156440,-,-,-,11 Tapajós,44,"Área colhida (Hectares), Quantidade Produzida (Toneladas) e Valor (Mil Reais) da Produção por Tipo de Lavoura Temporária - 2024 ri tapajos",20,"Tabela 44 - Área colhida (Hectares), Quantidade Produzida (Toneladas) e Valor (Mil Reais) da Produção por Tipo de Lavoura Temporária - 2024 ri tapajos","..\..\Desktop\tabelas-powerBI\11 Tapajós\Tabela 44 - Área colhida (Hectares), Quantidade Produzida (Toneladas) e Valor (Mil Reais) da Produção por Tipo de Lavoura Temporária - 2024 ri tapajos.xlsx",Tapajós,1213359,200.0
Rurópolis,620,1984,3968,-,-,-,11 Tapajós,44,"Área colhida (Hectares), Quantidade Produzida (Toneladas) e Valor (Mil Reais) da Produção por Tipo de Lavoura Temporária - 2024 ri tapajos",20,"Tabela 44 - Área colhida (Hectares), Quantidade Produzida (Toneladas) e Valor (Mil Reais) da Produção por Tipo de Lavoura Temporária - 2024 ri tapajos","..\..\Desktop\tabelas-powerBI\11 Tapajós\Tabela 44 - Área colhida (Hectares), Quantidade Produzida (Toneladas) e Valor (Mil Reais) da Produção por Tipo de Lavoura Temporária - 2024 ri tapajos.xlsx",Tapajós,1213359,200.0
Trairão,2100,6300,13104,2,30,120,11 Tapajós,44,"Área colhida (Hectares), Quantidade Produzida (Toneladas) e Valor (Mil Reais) da Produção por Tipo de Lavoura Temporária - 2024 ri tapajos",20,"Tabela 44 - Área colhida (Hectares), Quantidade Produzida (Toneladas) e Valor (Mil Reais) da Produção por Tipo de Lavoura Temporária - 2024 ri tapajos","..\..\Desktop\tabelas-powerBI\11 Tapajós\Tabela 44 - Área colhida (Hectares), Quantidade Produzida (Toneladas) e Valor (Mil Reais) da Produção por Tipo de Lavoura Temporária - 2024 ri tapajos.xlsx",Tapajós,1213359,200.0
Fonte: IBGE/PAM,,,,,,,11 Tapajós,44,"Área colhida (Hectares), Quantidade Produzida (Toneladas) e Valor (Mil Reais) da Produção por Tipo de Lavoura Temporária - 2024 ri tapajos",20,"Tabela 44 - Área colhida (Hectares), Quantidade Produzida (Toneladas) e Valor (Mil Reais) da Produção por Tipo de Lavoura Temporária - 2024 ri tapajos","..\..\Desktop\tabelas-powerBI\11 Tapajós\Tabela 44 - Área colhida (Hectares), Quantidade Produzida (Toneladas) e Valor (Mil Reais) da Produção por Tipo de Lavoura Temporária - 2024 ri tapajos.xlsx",Tapajós,1213359,
Elaboração: FAPESPA,,,,,,,11 Tapajós,44,"Área colhida (Hectares), Quantidade Produzida (Toneladas) e Valor (Mil Reais) da Produção por Tipo de Lavoura Temporária - 2024 ri tapajos",20,"Tabela 44 - Área colhida (Hectares), Quantidade Produzida (Toneladas) e Valor (Mil Reais) da Produção por Tipo de Lavoura Temporária - 2024 ri tapajos","..\..\Desktop\tabelas-powerBI\11 Tapajós\Tabela 44 - Área colhida (Hectares), Quantidade Produzida (Toneladas) e Valor (Mil Reais) da Produção por Tipo de Lavoura Temporária - 2024 ri tapajos.xlsx",Tapajós,1213359,
Nota: A quantidade produzida de abacaxi é expressa em mil frutos,,,,,,,11 Tapajós,44,"Área colhida (Hectares), Quantidade Produzida (Toneladas) e Valor (Mil Reais) da Produção por Tipo de Lavoura Temporária - 2024 ri tapajos",20,"Tabela 44 - Área colhida (Hectares), Quantidade Produzida (Toneladas) e Valor (Mil Reais) da Produção por Tipo de Lavoura Temporária - 2024 ri tapajos","..\..\Desktop\tabelas-powerBI\11 Tapajós\Tabela 44 - Área colhida (Hectares), Quantidade Produzida (Toneladas) e Valor (Mil Reais) da Produção por Tipo de Lavoura Temporária - 2024 ri tapajos.xlsx",Tapajós,1213359,
RI Tapajós,31992,104402,177400,3,46,184,11 Tapajós,44,"Área colhida (Hectares), Quantidade Produzida (Toneladas) e Valor (Mil Reais) da Produção por Tipo de Lavoura Temporária - 2024 ri tapajos",20,"Tabela 44 - Área colhida (Hectares), Quantidade Produzida (Toneladas) e Valor (Mil Reais) da Produção por Tipo de Lavoura Temporária - 2024 ri tapajos","..\..\Desktop\tabelas-powerBI\11 Tapajós\Tabela 44 - Área colhida (Hectares), Quantidade Produzida (Toneladas) e Valor (Mil Reais) da Produção por Tipo de Lavoura Temporária - 2024 ri tapajos.xlsx",Tapajós,152720,1357.0
Aveiro,-,-,-,-,-,-,11 Tapajós,44,"Área colhida (Hectares), Quantidade Produzida (Toneladas) e Valor (Mil Reais) da Produção por Tipo de Lavoura Temporária - 2024 ri tapajos",20,"Tabela 44 - Área colhida (Hectares), Quantidade Produzida (Toneladas) e Valor (Mil Reais) da Produção por Tipo de Lavoura Temporária - 2024 ri tapajos","..\..\Desktop\tabelas-powerBI\11 Tapajós\Tabela 44 - Área colhida (Hectares), Quantidade Produzida (Toneladas) e Valor (Mil Reais) da Produção por Tipo de Lavoura Temporária - 2024 ri tapajos.xlsx",Tapajós,152720,80.0
Itaituba,-,-,-,1,16,64,11 Tapajós,44,"Área colhida (Hectares), Quantidade Produzida (Toneladas) e Valor (Mil Reais) da Produção por Tipo de Lavoura Temporária - 2024 ri tapajos",20,"Tabela 44 - Área colhida (Hectares), Quantidade Produzida (Toneladas) e Valor (Mil Reais) da Produção por Tipo de Lavoura Temporária - 2024 ri tapajos","..\..\Desktop\tabelas-powerBI\11 Tapajós\Tabela 44 - Área colhida (Hectares), Quantidade Produzida (Toneladas) e Valor (Mil Reais) da Produção por Tipo de Lavoura Temporária - 2024 ri tapajos.xlsx",Tapajós,152720,252.0
Jacareacanga,800,2160,3888,-,-,-,11 Tapajós,44,"Área colhida (Hectares), Quantidade Produzida (Toneladas) e Valor (Mil Reais) da Produção por Tipo de Lavoura Temporária - 2024 ri tapajos",20,"Tabela 44 - Área colhida (Hectares), Quantidade Produzida (Toneladas) e Valor (Mil Reais) da Produção por Tipo de Lavoura Temporária - 2024 ri tapajos","..\..\Desktop\tabelas-powerBI\11 Tapajós\Tabela 44 - Área colhida (Hectares), Quantidade Produzida (Toneladas) e Valor (Mil Reais) da Produção por Tipo de Lavoura Temporária - 2024 ri tapajos.xlsx",Tapajós,152720,225.0
Novo Progresso,28472,93958,156440,-,-,-,11 Tapajós,44,"Área colhida (Hectares), Quantidade Produzida (Toneladas) e Valor (Mil Reais) da Produção por Tipo de Lavoura Temporária - 2024 ri tapajos",20,"Tabela 44 - Área colhida (Hectares), Quantidade Produzida (Toneladas) e Valor (Mil Reais) da Produção por Tipo de Lavoura Temporária - 2024 ri tapajos","..\..\Desktop\tabelas-powerBI\11 Tapajós\Tabela 44 - Área colhida (Hectares), Quantidade Produzida (Toneladas) e Valor (Mil Reais) da Produção por Tipo de Lavoura Temporária - 2024 ri tapajos.xlsx",Tapajós,152720,400.0
Rurópolis,620,1984,3968,-,-,-,11 Tapajós,44,"Área colhida (Hectares), Quantidade Produzida (Toneladas) e Valor (Mil Reais) da Produção por Tipo de Lavoura Temporária - 2024 ri tapajos",20,"Tabela 44 - Área colhida (Hectares), Quantidade Produzida (Toneladas) e Valor (Mil Reais) da Produção por Tipo de Lavoura Temporária - 2024 ri tapajos","..\..\Desktop\tabelas-powerBI\11 Tapajós\Tabela 44 - Área colhida (Hectares), Quantidade Produzida (Toneladas) e Valor (Mil Reais) da Produção por Tipo de Lavoura Temporária - 2024 ri tapajos.xlsx",Tapajós,152720,100.0
Trairão,2100,6300,13104,2,30,120,11 Tapajós,44,"Área colhida (Hectares), Quantidade Produzida (Toneladas) e Valor (Mil Reais) da Produção por Tipo de Lavoura Temporária - 2024 ri tapajos",20,"Tabela 44 - Área colhida (Hectares), Quantidade Produzida (Toneladas) e Valor (Mil Reais) da Produção por Tipo de Lavoura Temporária - 2024 ri tapajos","..\..\Desktop\tabelas-powerBI\11 Tapajós\Tabela 44 - Área colhida (Hectares), Quantidade Produzida (Toneladas) e Valor (Mil Reais) da Produção por Tipo de Lavoura Temporária - 2024 ri tapajos.xlsx",Tapajós,152720,300.0
Fonte: IBGE/PAM,,,,,,,11 Tapajós,44,"Área colhida (Hectares), Quantidade Produzida (Toneladas) e Valor (Mil Reais) da Produção por Tipo de Lavoura Temporária - 2024 ri tapajos",20,"Tabela 44 - Área colhida (Hectares), Quantidade Produzida (Toneladas) e Valor (Mil Reais) da Produção por Tipo de Lavoura Temporária - 2024 ri tapajos","..\..\Desktop\tabelas-powerBI\11 Tapajós\Tabela 44 - Área colhida (Hectares), Quantidade Produzida (Toneladas) e Valor (Mil Reais) da Produção por Tipo de Lavoura Temporária - 2024 ri tapajos.xlsx",Tapajós,152720,
Elaboração: FAPESPA,,,,,,,11 Tapajós,44,"Área colhida (Hectares), Quantidade Produzida (Toneladas) e Valor (Mil Reais) da Produção por Tipo de Lavoura Temporária - 2024 ri tapajos",20,"Tabela 44 - Área colhida (Hectares), Quantidade Produzida (Toneladas) e Valor (Mil Reais) da Produção por Tipo de Lavoura Temporária - 2024 ri tapajos","..\..\Desktop\tabelas-powerBI\11 Tapajós\Tabela 44 - Área colhida (Hectares), Quantidade Produzida (Toneladas) e Valor (Mil Reais) da Produção por Tipo de Lavoura Temporária - 2024 ri tapajos.xlsx",Tapajós,152720,
Nota: A quantidade produzida de abacaxi é expressa em mil frutos,,,,,,,11 Tapajós,44,"Área colhida (Hectares), Quantidade Produzida (Toneladas) e Valor (Mil Reais) da Produção por Tipo de Lavoura Temporária - 2024 ri tapajos",20,"Tabela 44 - Área colhida (Hectares), Quantidade Produzida (Toneladas) e Valor (Mil Reais) da Produção por Tipo de Lavoura Temporária - 2024 ri tapajos","..\..\Desktop\tabelas-powerBI\11 Tapajós\Tabela 44 - Área colhida (Hectares), Quantidade Produzida (Toneladas) e Valor (Mil Reais) da Produção por Tipo de Lavoura Temporária - 2024 ri tapajos.xlsx",Tapajós,152720,
RI Tapajós,31992,104402,177400,3,46,184,11 Tapajós,44,"Área colhida (Hectares), Quantidade Produzida (Toneladas) e Valor (Mil Reais) da Produção por Tipo de Lavoura Temporária - 2024 ri tapajos",20,"Tabela 44 - Área colhida (Hectares), Quantidade Produzida (Toneladas) e Valor (Mil Reais) da Produção por Tipo de Lavoura Temporária - 2024 ri tapajos","..\..\Desktop\tabelas-powerBI\11 Tapajós\Tabela 44 - Área colhida (Hectares), Quantidade Produzida (Toneladas) e Valor (Mil Reais) da Produção por Tipo de Lavoura Temporária - 2024 ri tapajos.xlsx",Tapajós,21320,2712.0
Aveiro,-,-,-,-,-,-,11 Tapajós,44,"Área colhida (Hectares), Quantidade Produzida (Toneladas) e Valor (Mil Reais) da Produção por Tipo de Lavoura Temporária - 2024 ri tapajos",20,"Tabela 44 - Área colhida (Hectares), Quantidade Produzida (Toneladas) e Valor (Mil Reais) da Produção por Tipo de Lavoura Temporária - 2024 ri tapajos","..\..\Desktop\tabelas-powerBI\11 Tapajós\Tabela 44 - Área colhida (Hectares), Quantidade Produzida (Toneladas) e Valor (Mil Reais) da Produção por Tipo de Lavoura Temporária - 2024 ri tapajos.xlsx",Tapajós,21320,100.0
Itaituba,-,-,-,1,16,64,11 Tapajós,44,"Área colhida (Hectares), Quantidade Produzida (Toneladas) e Valor (Mil Reais) da Produção por Tipo de Lavoura Temporária - 2024 ri tapajos",20,"Tabela 44 - Área colhida (Hectares), Quantidade Produzida (Toneladas) e Valor (Mil Reais) da Produção por Tipo de Lavoura Temporária - 2024 ri tapajos","..\..\Desktop\tabelas-powerBI\11 Tapajós\Tabela 44 - Área colhida (Hectares), Quantidade Produzida (Toneladas) e Valor (Mil Reais) da Produção por Tipo de Lavoura Temporária - 2024 ri tapajos.xlsx",Tapajós,21320,425.0
Jacareacanga,800,2160,3888,-,-,-,11 Tapajós,44,"Área colhida (Hectares), Quantidade Produzida (Toneladas) e Valor (Mil Reais) da Produção por Tipo de Lavoura Temporária - 2024 ri tapajos",20,"Tabela 44 - Área colhida (Hectares), Quantidade Produzida (Toneladas) e Valor (Mil Reais) da Produção por Tipo de Lavoura Temporária - 2024 ri tapajos","..\..\Desktop\tabelas-powerBI\11 Tapajós\Tabela 44 - Área colhida (Hectares), Quantidade Produzida (Toneladas) e Valor (Mil Reais) da Produção por Tipo de Lavoura Temporária - 2024 ri tapajos.xlsx",Tapajós,21320,170.0
Novo Progresso,28472,93958,156440,-,-,-,11 Tapajós,44,"Área colhida (Hectares), Quantidade Produzida (Toneladas) e Valor (Mil Reais) da Produção por Tipo de Lavoura Temporária - 2024 ri tapajos",20,"Tabela 44 - Área colhida (Hectares), Quantidade Produzida (Toneladas) e Valor (Mil Reais) da Produção por Tipo de Lavoura Temporária - 2024 ri tapajos","..\..\Desktop\tabelas-powerBI\11 Tapajós\Tabela 44 - Área colhida (Hectares), Quantidade Produzida (Toneladas) e Valor (Mil Reais) da Produção por Tipo de Lavoura Temporária - 2024 ri tapajos.xlsx",Tapajós,21320,7.0
Rurópolis,620,1984,3968,-,-,-,11 Tapajós,44,"Área colhida (Hectares), Quantidade Produzida (Toneladas) e Valor (Mil Reais) da Produção por Tipo de Lavoura Temporária - 2024 ri tapajos",20,"Tabela 44 - Área colhida (Hectares), Quantidade Produzida (Toneladas) e Valor (Mil Reais) da Produção por Tipo de Lavoura Temporária - 2024 ri tapajos","..\..\Desktop\tabelas-powerBI\11 Tapajós\Tabela 44 - Área colhida (Hectares), Quantidade Produzida (Toneladas) e Valor (Mil Reais) da Produção por Tipo de Lavoura Temporária - 2024 ri tapajos.xlsx",Tapajós,21320,560.0
Trairão,2100,6300,13104,2,30,120,11 Tapajós,44,"Área colhida (Hectares), Quantidade Produzida (Toneladas) e Valor (Mil Reais) da Produção por Tipo de Lavoura Temporária - 2024 ri tapajos",20,"Tabela 44 - Área colhida (Hectares), Quantidade Produzida (Toneladas) e Valor (Mil Reais) da Produção por Tipo de Lavoura Temporária - 2024 ri tapajos","..\..\Desktop\tabelas-powerBI\11 Tapajós\Tabela 44 - Área colhida (Hectares), Quantidade Produzida (Toneladas) e Valor (Mil Reais) da Produção por Tipo de Lavoura Temporária - 2024 ri tapajos.xlsx",Tapajós,21320,1450.0
Fonte: IBGE/PAM,,,,,,,11 Tapajós,44,"Área colhida (Hectares), Quantidade Produzida (Toneladas) e Valor (Mil Reais) da Produção por Tipo de Lavoura Temporária - 2024 ri tapajos",20,"Tabela 44 - Área colhida (Hectares), Quantidade Produzida (Toneladas) e Valor (Mil Reais) da Produção por Tipo de Lavoura Temporária - 2024 ri tapajos","..\..\Desktop\tabelas-powerBI\11 Tapajós\Tabela 44 - Área colhida (Hectares), Quantidade Produzida (Toneladas) e Valor (Mil Reais) da Produção por Tipo de Lavoura Temporária - 2024 ri tapajos.xlsx",Tapajós,21320,
Elaboração: FAPESPA,,,,,,,11 Tapajós,44,"Área colhida (Hectares), Quantidade Produzida (Toneladas) e Valor (Mil Reais) da Produção por Tipo de Lavoura Temporária - 2024 ri tapajos",20,"Tabela 44 - Área colhida (Hectares), Quantidade Produzida (Toneladas) e Valor (Mil Reais) da Produção por Tipo de Lavoura Temporária - 2024 ri tapajos","..\..\Desktop\tabelas-powerBI\11 Tapajós\Tabela 44 - Área colhida (Hectares), Quantidade Produzida (Toneladas) e Valor (Mil Reais) da Produção por Tipo de Lavoura Temporária - 2024 ri tapajos.xlsx",Tapajós,21320,
Nota: A quantidade produzida de abacaxi é expressa em mil frutos,,,,,,,11 Tapajós,44,"Área colhida (Hectares), Quantidade Produzida (Toneladas) e Valor (Mil Reais) da Produção por Tipo de Lavoura Temporária - 2024 ri tapajos",20,"Tabela 44 - Área colhida (Hectares), Quantidade Produzida (Toneladas) e Valor (Mil Reais) da Produção por Tipo de Lavoura Temporária - 2024 ri tapajos","..\..\Desktop\tabelas-powerBI\11 Tapajós\Tabela 44 - Área colhida (Hectares), Quantidade Produzida (Toneladas) e Valor (Mil Reais) da Produção por Tipo de Lavoura Temporária - 2024 ri tapajos.xlsx",Tapajós,21320,
RI Tapajós,31992,104402,177400,3,46,184,11 Tapajós,44,"Área colhida (Hectares), Quantidade Produzida (Toneladas) e Valor (Mil Reais) da Produção por Tipo de Lavoura Temporária - 2024 ri tapajos",20,"Tabela 44 - Área colhida (Hectares), Quantidade Produzida (Toneladas) e Valor (Mil Reais) da Produção por Tipo de Lavoura Temporária - 2024 ri tapajos","..\..\Desktop\tabelas-powerBI\11 Tapajós\Tabela 44 - Área colhida (Hectares), Quantidade Produzida (Toneladas) e Valor (Mil Reais) da Produção por Tipo de Lavoura Temporária - 2024 ri tapajos.xlsx",Tapajós,15601,1644.0
Aveiro,-,-,-,-,-,-,11 Tapajós,44,"Área colhida (Hectares), Quantidade Produzida (Toneladas) e Valor (Mil Reais) da Produção por Tipo de Lavoura Temporária - 2024 ri tapajos",20,"Tabela 44 - Área colhida (Hectares), Quantidade Produzida (Toneladas) e Valor (Mil Reais) da Produção por Tipo de Lavoura Temporária - 2024 ri tapajos","..\..\Desktop\tabelas-powerBI\11 Tapajós\Tabela 44 - Área colhida (Hectares), Quantidade Produzida (Toneladas) e Valor (Mil Reais) da Produção por Tipo de Lavoura Temporária - 2024 ri tapajos.xlsx",Tapajós,15601,77.0
Itaituba,-,-,-,1,16,64,11 Tapajós,44,"Área colhida (Hectares), Quantidade Produzida (Toneladas) e Valor (Mil Reais) da Produção por Tipo de Lavoura Temporária - 2024 ri tapajos",20,"Tabela 44 - Área colhida (Hectares), Quantidade Produzida (Toneladas) e Valor (Mil Reais) da Produção por Tipo de Lavoura Temporária - 2024 ri tapajos","..\..\Desktop\tabelas-powerBI\11 Tapajós\Tabela 44 - Área colhida (Hectares), Quantidade Produzida (Toneladas) e Valor (Mil Reais) da Produção por Tipo de Lavoura Temporária - 2024 ri tapajos.xlsx",Tapajós,15601,213.0
Jacareacanga,800,2160,3888,-,-,-,11 Tapajós,44,"Área colhida (Hectares), Quantidade Produzida (Toneladas) e Valor (Mil Reais) da Produção por Tipo de Lavoura Temporária - 2024 ri tapajos",20,"Tabela 44 - Área colhida (Hectares), Quantidade Produzida (Toneladas) e Valor (Mil Reais) da Produção por Tipo de Lavoura Temporária - 2024 ri tapajos","..\..\Desktop\tabelas-powerBI\11 Tapajós\Tabela 44 - Área colhida (Hectares), Quantidade Produzida (Toneladas) e Valor (Mil Reais) da Produção por Tipo de Lavoura Temporária - 2024 ri tapajos.xlsx",Tapajós,15601,104.0
Novo Progresso,28472,93958,156440,-,-,-,11 Tapajós,44,"Área colhida (Hectares), Quantidade Produzida (Toneladas) e Valor (Mil Reais) da Produção por Tipo de Lavoura Temporária - 2024 ri tapajos",20,"Tabela 44 - Área colhida (Hectares), Quantidade Produzida (Toneladas) e Valor (Mil Reais) da Produção por Tipo de Lavoura Temporária - 2024 ri tapajos","..\..\Desktop\tabelas-powerBI\11 Tapajós\Tabela 44 - Área colhida (Hectares), Quantidade Produzida (Toneladas) e Valor (Mil Reais) da Produção por Tipo de Lavoura Temporária - 2024 ri tapajos.xlsx",Tapajós,15601,4.0
Rurópolis,620,1984,3968,-,-,-,11 Tapajós,44,"Área colhida (Hectares), Quantidade Produzida (Toneladas) e Valor (Mil Reais) da Produção por Tipo de Lavoura Temporária - 2024 ri tapajos",20,"Tabela 44 - Área colhida (Hectares), Quantidade Produzida (Toneladas) e Valor (Mil Reais) da Produção por Tipo de Lavoura Temporária - 2024 ri tapajos","..\..\Desktop\tabelas-powerBI\11 Tapajós\Tabela 44 - Área colhida (Hectares), Quantidade Produzida (Toneladas) e Valor (Mil Reais) da Produção por Tipo de Lavoura Temporária - 2024 ri tapajos.xlsx",Tapajós,15601,336.0
Trairão,2100,6300,13104,2,30,120,11 Tapajós,44,"Área colhida (Hectares), Quantidade Produzida (Toneladas) e Valor (Mil Reais) da Produção por Tipo de Lavoura Temporária - 2024 ri tapajos",20,"Tabela 44 - Área colhida (Hectares), Quantidade Produzida (Toneladas) e Valor (Mil Reais) da Produção por Tipo de Lavoura Temporária - 2024 ri tapajos","..\..\Desktop\tabelas-powerBI\11 Tapajós\Tabela 44 - Área colhida (Hectares), Quantidade Produzida (Toneladas) e Valor (Mil Reais) da Produção por Tipo de Lavoura Temporária - 2024 ri tapajos.xlsx",Tapajós,15601,910.0
Fonte: IBGE/PAM,,,,,,,11 Tapajós,44,"Área colhida (Hectares), Quantidade Produzida (Toneladas) e Valor (Mil Reais) da Produção por Tipo de Lavoura Temporária - 2024 ri tapajos",20,"Tabela 44 - Área colhida (Hectares), Quantidade Produzida (Toneladas) e Valor (Mil Reais) da Produção por Tipo de Lavoura Temporária - 2024 ri tapajos","..\..\Desktop\tabelas-powerBI\11 Tapajós\Tabela 44 - Área colhida (Hectares), Quantidade Produzida (Toneladas) e Valor (Mil Reais) da Produção por Tipo de Lavoura Temporária - 2024 ri tapajos.xlsx",Tapajós,15601,
Elaboração: FAPESPA,,,,,,,11 Tapajós,44,"Área colhida (Hectares), Quantidade Produzida (Toneladas) e Valor (Mil Reais) da Produção por Tipo de Lavoura Temporária - 2024 ri tapajos",20,"Tabela 44 - Área colhida (Hectares), Quantidade Produzida (Toneladas) e Valor (Mil Reais) da Produção por Tipo de Lavoura Temporária - 2024 ri tapajos","..\..\Desktop\tabelas-powerBI\11 Tapajós\Tabela 44 - Área colhida (Hectares), Quantidade Produzida (Toneladas) e Valor (Mil Reais) da Produção por Tipo de Lavoura Temporária - 2024 ri tapajos.xlsx",Tapajós,15601,
Nota: A quantidade produzida de abacaxi é expressa em mil frutos,,,,,,,11 Tapajós,44,"Área colhida (Hectares), Quantidade Produzida (Toneladas) e Valor (Mil Reais) da Produção por Tipo de Lavoura Temporária - 2024 ri tapajos",20,"Tabela 44 - Área colhida (Hectares), Quantidade Produzida (Toneladas) e Valor (Mil Reais) da Produção por Tipo de Lavoura Temporária - 2024 ri tapajos","..\..\Desktop\tabelas-powerBI\11 Tapajós\Tabela 44 - Área colhida (Hectares), Quantidade Produzida (Toneladas) e Valor (Mil Reais) da Produção por Tipo de Lavoura Temporária - 2024 ri tapajos.xlsx",Tapajós,15601,
RI Tapajós,31992,104402,177400,3,46,184,11 Tapajós,44,"Área colhida (Hectares), Quantidade Produzida (Toneladas) e Valor (Mil Reais) da Produção por Tipo de Lavoura Temporária - 2024 ri tapajos",20,"Tabela 44 - Área colhida (Hectares), Quantidade Produzida (Toneladas) e Valor (Mil Reais) da Produção por Tipo de Lavoura Temporária - 2024 ri tapajos","..\..\Desktop\tabelas-powerBI\11 Tapajós\Tabela 44 - Área colhida (Hectares), Quantidade Produzida (Toneladas) e Valor (Mil Reais) da Produção por Tipo de Lavoura Temporária - 2024 ri tapajos.xlsx",Tapajós,70569,10711.0
Aveiro,-,-,-,-,-,-,11 Tapajós,44,"Área colhida (Hectares), Quantidade Produzida (Toneladas) e Valor (Mil Reais) da Produção por Tipo de Lavoura Temporária - 2024 ri tapajos",20,"Tabela 44 - Área colhida (Hectares), Quantidade Produzida (Toneladas) e Valor (Mil Reais) da Produção por Tipo de Lavoura Temporária - 2024 ri tapajos","..\..\Desktop\tabelas-powerBI\11 Tapajós\Tabela 44 - Área colhida (Hectares), Quantidade Produzida (Toneladas) e Valor (Mil Reais) da Produção por Tipo de Lavoura Temporária - 2024 ri tapajos.xlsx",Tapajós,70569,321.0
Itaituba,-,-,-,1,16,64,11 Tapajós,44,"Área colhida (Hectares), Quantidade Produzida (Toneladas) e Valor (Mil Reais) da Produção por Tipo de Lavoura Temporária - 2024 ri tapajos",20,"Tabela 44 - Área colhida (Hectares), Quantidade Produzida (Toneladas) e Valor (Mil Reais) da Produção por Tipo de Lavoura Temporária - 2024 ri tapajos","..\..\Desktop\tabelas-powerBI\11 Tapajós\Tabela 44 - Área colhida (Hectares), Quantidade Produzida (Toneladas) e Valor (Mil Reais) da Produção por Tipo de Lavoura Temporária - 2024 ri tapajos.xlsx",Tapajós,70569,1095.0
Jacareacanga,800,2160,3888,-,-,-,11 Tapajós,44,"Área colhida (Hectares), Quantidade Produzida (Toneladas) e Valor (Mil Reais) da Produção por Tipo de Lavoura Temporária - 2024 ri tapajos",20,"Tabela 44 - Área colhida (Hectares), Quantidade Produzida (Toneladas) e Valor (Mil Reais) da Produção por Tipo de Lavoura Temporária - 2024 ri tapajos","..\..\Desktop\tabelas-powerBI\11 Tapajós\Tabela 44 - Área colhida (Hectares), Quantidade Produzida (Toneladas) e Valor (Mil Reais) da Produção por Tipo de Lavoura Temporária - 2024 ri tapajos.xlsx",Tapajós,70569,468.0
Novo Progresso,28472,93958,156440,-,-,-,11 Tapajós,44,"Área colhida (Hectares), Quantidade Produzida (Toneladas) e Valor (Mil Reais) da Produção por Tipo de Lavoura Temporária - 2024 ri tapajos",20,"Tabela 44 - Área colhida (Hectares), Quantidade Produzida (Toneladas) e Valor (Mil Reais) da Produção por Tipo de Lavoura Temporária - 2024 ri tapajos","..\..\Desktop\tabelas-powerBI\11 Tapajós\Tabela 44 - Área colhida (Hectares), Quantidade Produzida (Toneladas) e Valor (Mil Reais) da Produção por Tipo de Lavoura Temporária - 2024 ri tapajos.xlsx",Tapajós,70569,38.0
Rurópolis,620,1984,3968,-,-,-,11 Tapajós,44,"Área colhida (Hectares), Quantidade Produzida (Toneladas) e Valor (Mil Reais) da Produção por Tipo de Lavoura Temporária - 2024 ri tapajos",20,"Tabela 44 - Área colhida (Hectares), Quantidade Produzida (Toneladas) e Valor (Mil Reais) da Produção por Tipo de Lavoura Temporária - 2024 ri tapajos","..\..\Desktop\tabelas-powerBI\11 Tapajós\Tabela 44 - Área colhida (Hectares), Quantidade Produzida (Toneladas) e Valor (Mil Reais) da Produção por Tipo de Lavoura Temporária - 2024 ri tapajos.xlsx",Tapajós,70569,1109.0
Trairão,2100,6300,13104,2,30,120,11 Tapajós,44,"Área colhida (Hectares), Quantidade Produzida (Toneladas) e Valor (Mil Reais) da Produção por Tipo de Lavoura Temporária - 2024 ri tapajos",20,"Tabela 44 - Área colhida (Hectares), Quantidade Produzida (Toneladas) e Valor (Mil Reais) da Produção por Tipo de Lavoura Temporária - 2024 ri tapajos","..\..\Desktop\tabelas-powerBI\11 Tapajós\Tabela 44 - Área colhida (Hectares), Quantidade Produzida (Toneladas) e Valor (Mil Reais) da Produção por Tipo de Lavoura Temporária - 2024 ri tapajos.xlsx",Tapajós,70569,7680.0
Fonte: IBGE/PAM,,,,,,,11 Tapajós,44,"Área colhida (Hectares), Quantidade Produzida (Toneladas) e Valor (Mil Reais) da Produção por Tipo de Lavoura Temporária - 2024 ri tapajos",20,"Tabela 44 - Área colhida (Hectares), Quantidade Produzida (Toneladas) e Valor (Mil Reais) da Produção por Tipo de Lavoura Temporária - 2024 ri tapajos","..\..\Desktop\tabelas-powerBI\11 Tapajós\Tabela 44 - Área colhida (Hectares), Quantidade Produzida (Toneladas) e Valor (Mil Reais) da Produção por Tipo de Lavoura Temporária - 2024 ri tapajos.xlsx",Tapajós,70569,
Elaboração: FAPESPA,,,,,,,11 Tapajós,44,"Área colhida (Hectares), Quantidade Produzida (Toneladas) e Valor (Mil Reais) da Produção por Tipo de Lavoura Temporária - 2024 ri tapajos",20,"Tabela 44 - Área colhida (Hectares), Quantidade Produzida (Toneladas) e Valor (Mil Reais) da Produção por Tipo de Lavoura Temporária - 2024 ri tapajos","..\..\Desktop\tabelas-powerBI\11 Tapajós\Tabela 44 - Área colhida (Hectares), Quantidade Produzida (Toneladas) e Valor (Mil Reais) da Produção por Tipo de Lavoura Temporária - 2024 ri tapajos.xlsx",Tapajós,70569,
Nota: A quantidade produzida de abacaxi é expressa em mil frutos,,,,,,,11 Tapajós,44,"Área colhida (Hectares), Quantidade Produzida (Toneladas) e Valor (Mil Reais) da Produção por Tipo de Lavoura Temporária - 2024 ri tapajos",20,"Tabela 44 - Área colhida (Hectares), Quantidade Produzida (Toneladas) e Valor (Mil Reais) da Produção por Tipo de Lavoura Temporária - 2024 ri tapajos","..\..\Desktop\tabelas-powerBI\11 Tapajós\Tabela 44 - Área colhida (Hectares), Quantidade Produzida (Toneladas) e Valor (Mil Reais) da Produção por Tipo de Lavoura Temporária - 2024 ri tapajos.xlsx",Tapajós,70569,
RI Tapajós,31992,104402,177400,3,46,184,11 Tapajós,44,"Área colhida (Hectares), Quantidade Produzida (Toneladas) e Valor (Mil Reais) da Produção por Tipo de Lavoura Temporária - 2024 ri tapajos",20,"Tabela 44 - Área colhida (Hectares), Quantidade Produzida (Toneladas) e Valor (Mil Reais) da Produção por Tipo de Lavoura Temporária - 2024 ri tapajos","..\..\Desktop\tabelas-powerBI\11 Tapajós\Tabela 44 - Área colhida (Hectares), Quantidade Produzida (Toneladas) e Valor (Mil Reais) da Produção por Tipo de Lavoura Temporária - 2024 ri tapajos.xlsx",Tapajós,266576,6250.0
Aveiro,-,-,-,-,-,-,11 Tapajós,44,"Área colhida (Hectares), Quantidade Produzida (Toneladas) e Valor (Mil Reais) da Produção por Tipo de Lavoura Temporária - 2024 ri tapajos",20,"Tabela 44 - Área colhida (Hectares), Quantidade Produzida (Toneladas) e Valor (Mil Reais) da Produção por Tipo de Lavoura Temporária - 2024 ri tapajos","..\..\Desktop\tabelas-powerBI\11 Tapajós\Tabela 44 - Área colhida (Hectares), Quantidade Produzida (Toneladas) e Valor (Mil Reais) da Produção por Tipo de Lavoura Temporária - 2024 ri tapajos.xlsx",Tapajós,266576,700.0
Itaituba,-,-,-,1,16,64,11 Tapajós,44,"Área colhida (Hectares), Quantidade Produzida (Toneladas) e Valor (Mil Reais) da Produção por Tipo de Lavoura Temporária - 2024 ri tapajos",20,"Tabela 44 - Área colhida (Hectares), Quantidade Produzida (Toneladas) e Valor (Mil Reais) da Produção por Tipo de Lavoura Temporária - 2024 ri tapajos","..\..\Desktop\tabelas-powerBI\11 Tapajós\Tabela 44 - Área colhida (Hectares), Quantidade Produzida (Toneladas) e Valor (Mil Reais) da Produção por Tipo de Lavoura Temporária - 2024 ri tapajos.xlsx",Tapajós,266576,600.0
Jacareacanga,800,2160,3888,-,-,-,11 Tapajós,44,"Área colhida (Hectares), Quantidade Produzida (Toneladas) e Valor (Mil Reais) da Produção por Tipo de Lavoura Temporária - 2024 ri tapajos",20,"Tabela 44 - Área colhida (Hectares), Quantidade Produzida (Toneladas) e Valor (Mil Reais) da Produção por Tipo de Lavoura Temporária - 2024 ri tapajos","..\..\Desktop\tabelas-powerBI\11 Tapajós\Tabela 44 - Área colhida (Hectares), Quantidade Produzida (Toneladas) e Valor (Mil Reais) da Produção por Tipo de Lavoura Temporária - 2024 ri tapajos.xlsx",Tapajós,266576,2000.0
Novo Progresso,28472,93958,156440,-,-,-,11 Tapajós,44,"Área colhida (Hectares), Quantidade Produzida (Toneladas) e Valor (Mil Reais) da Produção por Tipo de Lavoura Temporária - 2024 ri tapajos",20,"Tabela 44 - Área colhida (Hectares), Quantidade Produzida (Toneladas) e Valor (Mil Reais) da Produção por Tipo de Lavoura Temporária - 2024 ri tapajos","..\..\Desktop\tabelas-powerBI\11 Tapajós\Tabela 44 - Área colhida (Hectares), Quantidade Produzida (Toneladas) e Valor (Mil Reais) da Produção por Tipo de Lavoura Temporária - 2024 ri tapajos.xlsx",Tapajós,266576,1000.0
Rurópolis,620,1984,3968,-,-,-,11 Tapajós,44,"Área colhida (Hectares), Quantidade Produzida (Toneladas) e Valor (Mil Reais) da Produção por Tipo de Lavoura Temporária - 2024 ri tapajos",20,"Tabela 44 - Área colhida (Hectares), Quantidade Produzida (Toneladas) e Valor (Mil Reais) da Produção por Tipo de Lavoura Temporária - 2024 ri tapajos","..\..\Desktop\tabelas-powerBI\11 Tapajós\Tabela 44 - Área colhida (Hectares), Quantidade Produzida (Toneladas) e Valor (Mil Reais) da Produção por Tipo de Lavoura Temporária - 2024 ri tapajos.xlsx",Tapajós,266576,950.0
Trairão,2100,6300,13104,2,30,120,11 Tapajós,44,"Área colhida (Hectares), Quantidade Produzida (Toneladas) e Valor (Mil Reais) da Produção por Tipo de Lavoura Temporária - 2024 ri tapajos",20,"Tabela 44 - Área colhida (Hectares), Quantidade Produzida (Toneladas) e Valor (Mil Reais) da Produção por Tipo de Lavoura Temporária - 2024 ri tapajos","..\..\Desktop\tabelas-powerBI\11 Tapajós\Tabela 44 - Área colhida (Hectares), Quantidade Produzida (Toneladas) e Valor (Mil Reais) da Produção por Tipo de Lavoura Temporária - 2024 ri tapajos.xlsx",Tapajós,266576,1000.0
Fonte: IBGE/PAM,,,,,,,11 Tapajós,44,"Área colhida (Hectares), Quantidade Produzida (Toneladas) e Valor (Mil Reais) da Produção por Tipo de Lavoura Temporária - 2024 ri tapajos",20,"Tabela 44 - Área colhida (Hectares), Quantidade Produzida (Toneladas) e Valor (Mil Reais) da Produção por Tipo de Lavoura Temporária - 2024 ri tapajos","..\..\Desktop\tabelas-powerBI\11 Tapajós\Tabela 44 - Área colhida (Hectares), Quantidade Produzida (Toneladas) e Valor (Mil Reais) da Produção por Tipo de Lavoura Temporária - 2024 ri tapajos.xlsx",Tapajós,266576,
Elaboração: FAPESPA,,,,,,,11 Tapajós,44,"Área colhida (Hectares), Quantidade Produzida (Toneladas) e Valor (Mil Reais) da Produção por Tipo de Lavoura Temporária - 2024 ri tapajos",20,"Tabela 44 - Área colhida (Hectares), Quantidade Produzida (Toneladas) e Valor (Mil Reais) da Produção por Tipo de Lavoura Temporária - 2024 ri tapajos","..\..\Desktop\tabelas-powerBI\11 Tapajós\Tabela 44 - Área colhida (Hectares), Quantidade Produzida (Toneladas) e Valor (Mil Reais) da Produção por Tipo de Lavoura Temporária - 2024 ri tapajos.xlsx",Tapajós,266576,
Nota: A quantidade produzida de abacaxi é expressa em mil frutos,,,,,,,11 Tapajós,44,"Área colhida (Hectares), Quantidade Produzida (Toneladas) e Valor (Mil Reais) da Produção por Tipo de Lavoura Temporária - 2024 ri tapajos",20,"Tabela 44 - Área colhida (Hectares), Quantidade Produzida (Toneladas) e Valor (Mil Reais) da Produção por Tipo de Lavoura Temporária - 2024 ri tapajos","..\..\Desktop\tabelas-powerBI\11 Tapajós\Tabela 44 - Área colhida (Hectares), Quantidade Produzida (Toneladas) e Valor (Mil Reais) da Produção por Tipo de Lavoura Temporária - 2024 ri tapajos.xlsx",Tapajós,266576,
RI Tapajós,31992,104402,177400,3,46,184,11 Tapajós,44,"Área colhida (Hectares), Quantidade Produzida (Toneladas) e Valor (Mil Reais) da Produção por Tipo de Lavoura Temporária - 2024 ri tapajos",20,"Tabela 44 - Área colhida (Hectares), Quantidade Produzida (Toneladas) e Valor (Mil Reais) da Produção por Tipo de Lavoura Temporária - 2024 ri tapajos","..\..\Desktop\tabelas-powerBI\11 Tapajós\Tabela 44 - Área colhida (Hectares), Quantidade Produzida (Toneladas) e Valor (Mil Reais) da Produção por Tipo de Lavoura Temporária - 2024 ri tapajos.xlsx",Tapajós,3966227,84662.0
Aveiro,-,-,-,-,-,-,11 Tapajós,44,"Área colhida (Hectares), Quantidade Produzida (Toneladas) e Valor (Mil Reais) da Produção por Tipo de Lavoura Temporária - 2024 ri tapajos",20,"Tabela 44 - Área colhida (Hectares), Quantidade Produzida (Toneladas) e Valor (Mil Reais) da Produção por Tipo de Lavoura Temporária - 2024 ri tapajos","..\..\Desktop\tabelas-powerBI\11 Tapajós\Tabela 44 - Área colhida (Hectares), Quantidade Produzida (Toneladas) e Valor (Mil Reais) da Produção por Tipo de Lavoura Temporária - 2024 ri tapajos.xlsx",Tapajós,3966227,7467.0
Itaituba,-,-,-,1,16,64,11 Tapajós,44,"Área colhida (Hectares), Quantidade Produzida (Toneladas) e Valor (Mil Reais) da Produção por Tipo de Lavoura Temporária - 2024 ri tapajos",20,"Tabela 44 - Área colhida (Hectares), Quantidade Produzida (Toneladas) e Valor (Mil Reais) da Produção por Tipo de Lavoura Temporária - 2024 ri tapajos","..\..\Desktop\tabelas-powerBI\11 Tapajós\Tabela 44 - Área colhida (Hectares), Quantidade Produzida (Toneladas) e Valor (Mil Reais) da Produção por Tipo de Lavoura Temporária - 2024 ri tapajos.xlsx",Tapajós,3966227,10800.0
Jacareacanga,800,2160,3888,-,-,-,11 Tapajós,44,"Área colhida (Hectares), Quantidade Produzida (Toneladas) e Valor (Mil Reais) da Produção por Tipo de Lavoura Temporária - 2024 ri tapajos",20,"Tabela 44 - Área colhida (Hectares), Quantidade Produzida (Toneladas) e Valor (Mil Reais) da Produção por Tipo de Lavoura Temporária - 2024 ri tapajos","..\..\Desktop\tabelas-powerBI\11 Tapajós\Tabela 44 - Área colhida (Hectares), Quantidade Produzida (Toneladas) e Valor (Mil Reais) da Produção por Tipo de Lavoura Temporária - 2024 ri tapajos.xlsx",Tapajós,3966227,27000.0
Novo Progresso,28472,93958,156440,-,-,-,11 Tapajós,44,"Área colhida (Hectares), Quantidade Produzida (Toneladas) e Valor (Mil Reais) da Produção por Tipo de Lavoura Temporária - 2024 ri tapajos",20,"Tabela 44 - Área colhida (Hectares), Quantidade Produzida (Toneladas) e Valor (Mil Reais) da Produção por Tipo de Lavoura Temporária - 2024 ri tapajos","..\..\Desktop\tabelas-powerBI\11 Tapajós\Tabela 44 - Área colhida (Hectares), Quantidade Produzida (Toneladas) e Valor (Mil Reais) da Produção por Tipo de Lavoura Temporária - 2024 ri tapajos.xlsx",Tapajós,3966227,13000.0
Rurópolis,620,1984,3968,-,-,-,11 Tapajós,44,"Área colhida (Hectares), Quantidade Produzida (Toneladas) e Valor (Mil Reais) da Produção por Tipo de Lavoura Temporária - 2024 ri tapajos",20,"Tabela 44 - Área colhida (Hectares), Quantidade Produzida (Toneladas) e Valor (Mil Reais) da Produção por Tipo de Lavoura Temporária - 2024 ri tapajos","..\..\Desktop\tabelas-powerBI\11 Tapajós\Tabela 44 - Área colhida (Hectares), Quantidade Produzida (Toneladas) e Valor (Mil Reais) da Produção por Tipo de Lavoura Temporária - 2024 ri tapajos.xlsx",Tapajós,3966227,13395.0
Trairão,2100,6300,13104,2,30,120,11 Tapajós,44,"Área colhida (Hectares), Quantidade Produzida (Toneladas) e Valor (Mil Reais) da Produção por Tipo de Lavoura Temporária - 2024 ri tapajos",20,"Tabela 44 - Área colhida (Hectares), Quantidade Produzida (Toneladas) e Valor (Mil Reais) da Produção por Tipo de Lavoura Temporária - 2024 ri tapajos","..\..\Desktop\tabelas-powerBI\11 Tapajós\Tabela 44 - Área colhida (Hectares), Quantidade Produzida (Toneladas) e Valor (Mil Reais) da Produção por Tipo de Lavoura Temporária - 2024 ri tapajos.xlsx",Tapajós,3966227,13000.0
Fonte: IBGE/PAM,,,,,,,11 Tapajós,44,"Área colhida (Hectares), Quantidade Produzida (Toneladas) e Valor (Mil Reais) da Produção por Tipo de Lavoura Temporária - 2024 ri tapajos",20,"Tabela 44 - Área colhida (Hectares), Quantidade Produzida (Toneladas) e Valor (Mil Reais) da Produção por Tipo de Lavoura Temporária - 2024 ri tapajos","..\..\Desktop\tabelas-powerBI\11 Tapajós\Tabela 44 - Área colhida (Hectares), Quantidade Produzida (Toneladas) e Valor (Mil Reais) da Produção por Tipo de Lavoura Temporária - 2024 ri tapajos.xlsx",Tapajós,3966227,
Elaboração: FAPESPA,,,,,,,11 Tapajós,44,"Área colhida (Hectares), Quantidade Produzida (Toneladas) e Valor (Mil Reais) da Produção por Tipo de Lavoura Temporária - 2024 ri tapajos",20,"Tabela 44 - Área colhida (Hectares), Quantidade Produzida (Toneladas) e Valor (Mil Reais) da Produção por Tipo de Lavoura Temporária - 2024 ri tapajos","..\..\Desktop\tabelas-powerBI\11 Tapajós\Tabela 44 - Área colhida (Hectares), Quantidade Produzida (Toneladas) e Valor (Mil Reais) da Produção por Tipo de Lavoura Temporária - 2024 ri tapajos.xlsx",Tapajós,3966227,
Nota: A quantidade produzida de abacaxi é expressa em mil frutos,,,,,,,11 Tapajós,44,"Área colhida (Hectares), Quantidade Produzida (Toneladas) e Valor (Mil Reais) da Produção por Tipo de Lavoura Temporária - 2024 ri tapajos",20,"Tabela 44 - Área colhida (Hectares), Quantidade Produzida (Toneladas) e Valor (Mil Reais) da Produção por Tipo de Lavoura Temporária - 2024 ri tapajos","..\..\Desktop\tabelas-powerBI\11 Tapajós\Tabela 44 - Área colhida (Hectares), Quantidade Produzida (Toneladas) e Valor (Mil Reais) da Produção por Tipo de Lavoura Temporária - 2024 ri tapajos.xlsx",Tapajós,3966227,
RI Tapajós,31992,104402,177400,3,46,184,11 Tapajós,44,"Área colhida (Hectares), Quantidade Produzida (Toneladas) e Valor (Mil Reais) da Produção por Tipo de Lavoura Temporária - 2024 ri tapajos",20,"Tabela 44 - Área colhida (Hectares), Quantidade Produzida (Toneladas) e Valor (Mil Reais) da Produção por Tipo de Lavoura Temporária - 2024 ri tapajos","..\..\Desktop\tabelas-powerBI\11 Tapajós\Tabela 44 - Área colhida (Hectares), Quantidade Produzida (Toneladas) e Valor (Mil Reais) da Produção por Tipo de Lavoura Temporária - 2024 ri tapajos.xlsx",Tapajós,4640906,186534.0
Aveiro,-,-,-,-,-,-,11 Tapajós,44,"Área colhida (Hectares), Quantidade Produzida (Toneladas) e Valor (Mil Reais) da Produção por Tipo de Lavoura Temporária - 2024 ri tapajos",20,"Tabela 44 - Área colhida (Hectares), Quantidade Produzida (Toneladas) e Valor (Mil Reais) da Produção por Tipo de Lavoura Temporária - 2024 ri tapajos","..\..\Desktop\tabelas-powerBI\11 Tapajós\Tabela 44 - Área colhida (Hectares), Quantidade Produzida (Toneladas) e Valor (Mil Reais) da Produção por Tipo de Lavoura Temporária - 2024 ri tapajos.xlsx",Tapajós,4640906,13441.0
Itaituba,-,-,-,1,16,64,11 Tapajós,44,"Área colhida (Hectares), Quantidade Produzida (Toneladas) e Valor (Mil Reais) da Produção por Tipo de Lavoura Temporária - 2024 ri tapajos",20,"Tabela 44 - Área colhida (Hectares), Quantidade Produzida (Toneladas) e Valor (Mil Reais) da Produção por Tipo de Lavoura Temporária - 2024 ri tapajos","..\..\Desktop\tabelas-powerBI\11 Tapajós\Tabela 44 - Área colhida (Hectares), Quantidade Produzida (Toneladas) e Valor (Mil Reais) da Produção por Tipo de Lavoura Temporária - 2024 ri tapajos.xlsx",Tapajós,4640906,27000.0
Jacareacanga,800,2160,3888,-,-,-,11 Tapajós,44,"Área colhida (Hectares), Quantidade Produzida (Toneladas) e Valor (Mil Reais) da Produção por Tipo de Lavoura Temporária - 2024 ri tapajos",20,"Tabela 44 - Área colhida (Hectares), Quantidade Produzida (Toneladas) e Valor (Mil Reais) da Produção por Tipo de Lavoura Temporária - 2024 ri tapajos","..\..\Desktop\tabelas-powerBI\11 Tapajós\Tabela 44 - Área colhida (Hectares), Quantidade Produzida (Toneladas) e Valor (Mil Reais) da Produção por Tipo de Lavoura Temporária - 2024 ri tapajos.xlsx",Tapajós,4640906,67500.0
Novo Progresso,28472,93958,156440,-,-,-,11 Tapajós,44,"Área colhida (Hectares), Quantidade Produzida (Toneladas) e Valor (Mil Reais) da Produção por Tipo de Lavoura Temporária - 2024 ri tapajos",20,"Tabela 44 - Área colhida (Hectares), Quantidade Produzida (Toneladas) e Valor (Mil Reais) da Produção por Tipo de Lavoura Temporária - 2024 ri tapajos","..\..\Desktop\tabelas-powerBI\11 Tapajós\Tabela 44 - Área colhida (Hectares), Quantidade Produzida (Toneladas) e Valor (Mil Reais) da Produção por Tipo de Lavoura Temporária - 2024 ri tapajos.xlsx",Tapajós,4640906,32500.0
Rurópolis,620,1984,3968,-,-,-,11 Tapajós,44,"Área colhida (Hectares), Quantidade Produzida (Toneladas) e Valor (Mil Reais) da Produção por Tipo de Lavoura Temporária - 2024 ri tapajos",20,"Tabela 44 - Área colhida (Hectares), Quantidade Produzida (Toneladas) e Valor (Mil Reais) da Produção por Tipo de Lavoura Temporária - 2024 ri tapajos","..\..\Desktop\tabelas-powerBI\11 Tapajós\Tabela 44 - Área colhida (Hectares), Quantidade Produzida (Toneladas) e Valor (Mil Reais) da Produção por Tipo de Lavoura Temporária - 2024 ri tapajos.xlsx",Tapajós,4640906,20093.0
Trairão,2100,6300,13104,2,30,120,11 Tapajós,44,"Área colhida (Hectares), Quantidade Produzida (Toneladas) e Valor (Mil Reais) da Produção por Tipo de Lavoura Temporária - 2024 ri tapajos",20,"Tabela 44 - Área colhida (Hectares), Quantidade Produzida (Toneladas) e Valor (Mil Reais) da Produção por Tipo de Lavoura Temporária - 2024 ri tapajos","..\..\Desktop\tabelas-powerBI\11 Tapajós\Tabela 44 - Área colhida (Hectares), Quantidade Produzida (Toneladas) e Valor (Mil Reais) da Produção por Tipo de Lavoura Temporária - 2024 ri tapajos.xlsx",Tapajós,4640906,26000.0
Fonte: IBGE/PAM,,,,,,,11 Tapajós,44,"Área colhida (Hectares), Quantidade Produzida (Toneladas) e Valor (Mil Reais) da Produção por Tipo de Lavoura Temporária - 2024 ri tapajos",20,"Tabela 44 - Área colhida (Hectares), Quantidade Produzida (Toneladas) e Valor (Mil Reais) da Produção por Tipo de Lavoura Temporária - 2024 ri tapajos","..\..\Desktop\tabelas-powerBI\11 Tapajós\Tabela 44 - Área colhida (Hectares), Quantidade Produzida (Toneladas) e Valor (Mil Reais) da Produção por Tipo de Lavoura Temporária - 2024 ri tapajos.xlsx",Tapajós,4640906,
Elaboração: FAPESPA,,,,,,,11 Tapajós,44,"Área colhida (Hectares), Quantidade Produzida (Toneladas) e Valor (Mil Reais) da Produção por Tipo de Lavoura Temporária - 2024 ri tapajos",20,"Tabela 44 - Área colhida (Hectares), Quantidade Produzida (Toneladas) e Valor (Mil Reais) da Produção por Tipo de Lavoura Temporária - 2024 ri tapajos","..\..\Desktop\tabelas-powerBI\11 Tapajós\Tabela 44 - Área colhida (Hectares), Quantidade Produzida (Toneladas) e Valor (Mil Reais) da Produção por Tipo de Lavoura Temporária - 2024 ri tapajos.xlsx",Tapajós,4640906,
Nota: A quantidade produzida de abacaxi é expressa em mil frutos,,,,,,,11 Tapajós,44,"Área colhida (Hectares), Quantidade Produzida (Toneladas) e Valor (Mil Reais) da Produção por Tipo de Lavoura Temporária - 2024 ri tapajos",20,"Tabela 44 - Área colhida (Hectares), Quantidade Produzida (Toneladas) e Valor (Mil Reais) da Produção por Tipo de Lavoura Temporária - 2024 ri tapajos","..\..\Desktop\tabelas-powerBI\11 Tapajós\Tabela 44 - Área colhida (Hectares), Quantidade Produzida (Toneladas) e Valor (Mil Reais) da Produção por Tipo de Lavoura Temporária - 2024 ri tapajos.xlsx",Tapajós,4640906,
RI Tapajós,31992,104402,177400,3,46,184,11 Tapajós,44,"Área colhida (Hectares), Quantidade Produzida (Toneladas) e Valor (Mil Reais) da Produção por Tipo de Lavoura Temporária - 2024 ri tapajos",20,"Tabela 44 - Área colhida (Hectares), Quantidade Produzida (Toneladas) e Valor (Mil Reais) da Produção por Tipo de Lavoura Temporária - 2024 ri tapajos","..\..\Desktop\tabelas-powerBI\11 Tapajós\Tabela 44 - Área colhida (Hectares), Quantidade Produzida (Toneladas) e Valor (Mil Reais) da Produção por Tipo de Lavoura Temporária - 2024 ri tapajos.xlsx",Tapajós,4610,578.0
Aveiro,-,-,-,-,-,-,11 Tapajós,44,"Área colhida (Hectares), Quantidade Produzida (Toneladas) e Valor (Mil Reais) da Produção por Tipo de Lavoura Temporária - 2024 ri tapajos",20,"Tabela 44 - Área colhida (Hectares), Quantidade Produzida (Toneladas) e Valor (Mil Reais) da Produção por Tipo de Lavoura Temporária - 2024 ri tapajos","..\..\Desktop\tabelas-powerBI\11 Tapajós\Tabela 44 - Área colhida (Hectares), Quantidade Produzida (Toneladas) e Valor (Mil Reais) da Produção por Tipo de Lavoura Temporária - 2024 ri tapajos.xlsx",Tapajós,4610,45.0
Itaituba,-,-,-,1,16,64,11 Tapajós,44,"Área colhida (Hectares), Quantidade Produzida (Toneladas) e Valor (Mil Reais) da Produção por Tipo de Lavoura Temporária - 2024 ri tapajos",20,"Tabela 44 - Área colhida (Hectares), Quantidade Produzida (Toneladas) e Valor (Mil Reais) da Produção por Tipo de Lavoura Temporária - 2024 ri tapajos","..\..\Desktop\tabelas-powerBI\11 Tapajós\Tabela 44 - Área colhida (Hectares), Quantidade Produzida (Toneladas) e Valor (Mil Reais) da Produção por Tipo de Lavoura Temporária - 2024 ri tapajos.xlsx",Tapajós,4610,50.0
Jacareacanga,800,2160,3888,-,-,-,11 Tapajós,44,"Área colhida (Hectares), Quantidade Produzida (Toneladas) e Valor (Mil Reais) da Produção por Tipo de Lavoura Temporária - 2024 ri tapajos",20,"Tabela 44 - Área colhida (Hectares), Quantidade Produzida (Toneladas) e Valor (Mil Reais) da Produção por Tipo de Lavoura Temporária - 2024 ri tapajos","..\..\Desktop\tabelas-powerBI\11 Tapajós\Tabela 44 - Área colhida (Hectares), Quantidade Produzida (Toneladas) e Valor (Mil Reais) da Produção por Tipo de Lavoura Temporária - 2024 ri tapajos.xlsx",Tapajós,4610,73.0
Novo Progresso,28472,93958,156440,-,-,-,11 Tapajós,44,"Área colhida (Hectares), Quantidade Produzida (Toneladas) e Valor (Mil Reais) da Produção por Tipo de Lavoura Temporária - 2024 ri tapajos",20,"Tabela 44 - Área colhida (Hectares), Quantidade Produzida (Toneladas) e Valor (Mil Reais) da Produção por Tipo de Lavoura Temporária - 2024 ri tapajos","..\..\Desktop\tabelas-powerBI\11 Tapajós\Tabela 44 - Área colhida (Hectares), Quantidade Produzida (Toneladas) e Valor (Mil Reais) da Produção por Tipo de Lavoura Temporária - 2024 ri tapajos.xlsx",Tapajós,4610,15.0
Rurópolis,620,1984,3968,-,-,-,11 Tapajós,44,"Área colhida (Hectares), Quantidade Produzida (Toneladas) e Valor (Mil Reais) da Produção por Tipo de Lavoura Temporária - 2024 ri tapajos",20,"Tabela 44 - Área colhida (Hectares), Quantidade Produzida (Toneladas) e Valor (Mil Reais) da Produção por Tipo de Lavoura Temporária - 2024 ri tapajos","..\..\Desktop\tabelas-powerBI\11 Tapajós\Tabela 44 - Área colhida (Hectares), Quantidade Produzida (Toneladas) e Valor (Mil Reais) da Produção por Tipo de Lavoura Temporária - 2024 ri tapajos.xlsx",Tapajós,4610,195.0
Trairão,2100,6300,13104,2,30,120,11 Tapajós,44,"Área colhida (Hectares), Quantidade Produzida (Toneladas) e Valor (Mil Reais) da Produção por Tipo de Lavoura Temporária - 2024 ri tapajos",20,"Tabela 44 - Área colhida (Hectares), Quantidade Produzida (Toneladas) e Valor (Mil Reais) da Produção por Tipo de Lavoura Temporária - 2024 ri tapajos","..\..\Desktop\tabelas-powerBI\11 Tapajós\Tabela 44 - Área colhida (Hectares), Quantidade Produzida (Toneladas) e Valor (Mil Reais) da Produção por Tipo de Lavoura Temporária - 2024 ri tapajos.xlsx",Tapajós,4610,200.0
Fonte: IBGE/PAM,,,,,,,11 Tapajós,44,"Área colhida (Hectares), Quantidade Produzida (Toneladas) e Valor (Mil Reais) da Produção por Tipo de Lavoura Temporária - 2024 ri tapajos",20,"Tabela 44 - Área colhida (Hectares), Quantidade Produzida (Toneladas) e Valor (Mil Reais) da Produção por Tipo de Lavoura Temporária - 2024 ri tapajos","..\..\Desktop\tabelas-powerBI\11 Tapajós\Tabela 44 - Área colhida (Hectares), Quantidade Produzida (Toneladas) e Valor (Mil Reais) da Produção por Tipo de Lavoura Temporária - 2024 ri tapajos.xlsx",Tapajós,4610,
Elaboração: FAPESPA,,,,,,,11 Tapajós,44,"Área colhida (Hectares), Quantidade Produzida (Toneladas) e Valor (Mil Reais) da Produção por Tipo de Lavoura Temporária - 2024 ri tapajos",20,"Tabela 44 - Área colhida (Hectares), Quantidade Produzida (Toneladas) e Valor (Mil Reais) da Produção por Tipo de Lavoura Temporária - 2024 ri tapajos","..\..\Desktop\tabelas-powerBI\11 Tapajós\Tabela 44 - Área colhida (Hectares), Quantidade Produzida (Toneladas) e Valor (Mil Reais) da Produção por Tipo de Lavoura Temporária - 2024 ri tapajos.xlsx",Tapajós,4610,
Nota: A quantidade produzida de abacaxi é expressa em mil frutos,,,,,,,11 Tapajós,44,"Área colhida (Hectares), Quantidade Produzida (Toneladas) e Valor (Mil Reais) da Produção por Tipo de Lavoura Temporária - 2024 ri tapajos",20,"Tabela 44 - Área colhida (Hectares), Quantidade Produzida (Toneladas) e Valor (Mil Reais) da Produção por Tipo de Lavoura Temporária - 2024 ri tapajos","..\..\Desktop\tabelas-powerBI\11 Tapajós\Tabela 44 - Área colhida (Hectares), Quantidade Produzida (Toneladas) e Valor (Mil Reais) da Produção por Tipo de Lavoura Temporária - 2024 ri tapajos.xlsx",Tapajós,4610,
RI Tapajós,31992,104402,177400,3,46,184,11 Tapajós,44,"Área colhida (Hectares), Quantidade Produzida (Toneladas) e Valor (Mil Reais) da Produção por Tipo de Lavoura Temporária - 2024 ri tapajos",20,"Tabela 44 - Área colhida (Hectares), Quantidade Produzida (Toneladas) e Valor (Mil Reais) da Produção por Tipo de Lavoura Temporária - 2024 ri tapajos","..\..\Desktop\tabelas-powerBI\11 Tapajós\Tabela 44 - Área colhida (Hectares), Quantidade Produzida (Toneladas) e Valor (Mil Reais) da Produção por Tipo de Lavoura Temporária - 2024 ri tapajos.xlsx",Tapajós,96067,10054.0
Aveiro,-,-,-,-,-,-,11 Tapajós,44,"Área colhida (Hectares), Quantidade Produzida (Toneladas) e Valor (Mil Reais) da Produção por Tipo de Lavoura Temporária - 2024 ri tapajos",20,"Tabela 44 - Área colhida (Hectares), Quantidade Produzida (Toneladas) e Valor (Mil Reais) da Produção por Tipo de Lavoura Temporária - 2024 ri tapajos","..\..\Desktop\tabelas-powerBI\11 Tapajós\Tabela 44 - Área colhida (Hectares), Quantidade Produzida (Toneladas) e Valor (Mil Reais) da Produção por Tipo de Lavoura Temporária - 2024 ri tapajos.xlsx",Tapajós,96067,473.0
Itaituba,-,-,-,1,16,64,11 Tapajós,44,"Área colhida (Hectares), Quantidade Produzida (Toneladas) e Valor (Mil Reais) da Produção por Tipo de Lavoura Temporária - 2024 ri tapajos",20,"Tabela 44 - Área colhida (Hectares), Quantidade Produzida (Toneladas) e Valor (Mil Reais) da Produção por Tipo de Lavoura Temporária - 2024 ri tapajos","..\..\Desktop\tabelas-powerBI\11 Tapajós\Tabela 44 - Área colhida (Hectares), Quantidade Produzida (Toneladas) e Valor (Mil Reais) da Produção por Tipo de Lavoura Temporária - 2024 ri tapajos.xlsx",Tapajós,96067,875.0
Jacareacanga,800,2160,3888,-,-,-,11 Tapajós,44,"Área colhida (Hectares), Quantidade Produzida (Toneladas) e Valor (Mil Reais) da Produção por Tipo de Lavoura Temporária - 2024 ri tapajos",20,"Tabela 44 - Área colhida (Hectares), Quantidade Produzida (Toneladas) e Valor (Mil Reais) da Produção por Tipo de Lavoura Temporária - 2024 ri tapajos","..\..\Desktop\tabelas-powerBI\11 Tapajós\Tabela 44 - Área colhida (Hectares), Quantidade Produzida (Toneladas) e Valor (Mil Reais) da Produção por Tipo de Lavoura Temporária - 2024 ri tapajos.xlsx",Tapajós,96067,1460.0
Novo Progresso,28472,93958,156440,-,-,-,11 Tapajós,44,"Área colhida (Hectares), Quantidade Produzida (Toneladas) e Valor (Mil Reais) da Produção por Tipo de Lavoura Temporária - 2024 ri tapajos",20,"Tabela 44 - Área colhida (Hectares), Quantidade Produzida (Toneladas) e Valor (Mil Reais) da Produção por Tipo de Lavoura Temporária - 2024 ri tapajos","..\..\Desktop\tabelas-powerBI\11 Tapajós\Tabela 44 - Área colhida (Hectares), Quantidade Produzida (Toneladas) e Valor (Mil Reais) da Produção por Tipo de Lavoura Temporária - 2024 ri tapajos.xlsx",Tapajós,96067,205.0
Rurópolis,620,1984,3968,-,-,-,11 Tapajós,44,"Área colhida (Hectares), Quantidade Produzida (Toneladas) e Valor (Mil Reais) da Produção por Tipo de Lavoura Temporária - 2024 ri tapajos",20,"Tabela 44 - Área colhida (Hectares), Quantidade Produzida (Toneladas) e Valor (Mil Reais) da Produção por Tipo de Lavoura Temporária - 2024 ri tapajos","..\..\Desktop\tabelas-powerBI\11 Tapajós\Tabela 44 - Área colhida (Hectares), Quantidade Produzida (Toneladas) e Valor (Mil Reais) da Produção por Tipo de Lavoura Temporária - 2024 ri tapajos.xlsx",Tapajós,96067,2925.0
Trairão,2100,6300,13104,2,30,120,11 Tapajós,44,"Área colhida (Hectares), Quantidade Produzida (Toneladas) e Valor (Mil Reais) da Produção por Tipo de Lavoura Temporária - 2024 ri tapajos",20,"Tabela 44 - Área colhida (Hectares), Quantidade Produzida (Toneladas) e Valor (Mil Reais) da Produção por Tipo de Lavoura Temporária - 2024 ri tapajos","..\..\Desktop\tabelas-powerBI\11 Tapajós\Tabela 44 - Área colhida (Hectares), Quantidade Produzida (Toneladas) e Valor (Mil Reais) da Produção por Tipo de Lavoura Temporária - 2024 ri tapajos.xlsx",Tapajós,96067,4116.0
Fonte: IBGE/PAM,,,,,,,11 Tapajós,44,"Área colhida (Hectares), Quantidade Produzida (Toneladas) e Valor (Mil Reais) da Produção por Tipo de Lavoura Temporária - 2024 ri tapajos",20,"Tabela 44 - Área colhida (Hectares), Quantidade Produzida (Toneladas) e Valor (Mil Reais) da Produção por Tipo de Lavoura Temporária - 2024 ri tapajos","..\..\Desktop\tabelas-powerBI\11 Tapajós\Tabela 44 - Área colhida (Hectares), Quantidade Produzida (Toneladas) e Valor (Mil Reais) da Produção por Tipo de Lavoura Temporária - 2024 ri tapajos.xlsx",Tapajós,96067,
Elaboração: FAPESPA,,,,,,,11 Tapajós,44,"Área colhida (Hectares), Quantidade Produzida (Toneladas) e Valor (Mil Reais) da Produção por Tipo de Lavoura Temporária - 2024 ri tapajos",20,"Tabela 44 - Área colhida (Hectares), Quantidade Produzida (Toneladas) e Valor (Mil Reais) da Produção por Tipo de Lavoura Temporária - 2024 ri tapajos","..\..\Desktop\tabelas-powerBI\11 Tapajós\Tabela 44 - Área colhida (Hectares), Quantidade Produzida (Toneladas) e Valor (Mil Reais) da Produção por Tipo de Lavoura Temporária - 2024 ri tapajos.xlsx",Tapajós,96067,
Nota: A quantidade produzida de abacaxi é expressa em mil frutos,,,,,,,11 Tapajós,44,"Área colhida (Hectares), Quantidade Produzida (Toneladas) e Valor (Mil Reais) da Produção por Tipo de Lavoura Temporária - 2024 ri tapajos",20,"Tabela 44 - Área colhida (Hectares), Quantidade Produzida (Toneladas) e Valor (Mil Reais) da Produção por Tipo de Lavoura Temporária - 2024 ri tapajos","..\..\Desktop\tabelas-powerBI\11 Tapajós\Tabela 44 - Área colhida (Hectares), Quantidade Produzida (Toneladas) e Valor (Mil Reais) da Produção por Tipo de Lavoura Temporária - 2024 ri tapajos.xlsx",Tapajós,96067,
RI Tapajós,31992,104402,177400,3,46,184,11 Tapajós,44,"Área colhida (Hectares), Quantidade Produzida (Toneladas) e Valor (Mil Reais) da Produção por Tipo de Lavoura Temporária - 2024 ri tapajos",20,"Tabela 44 - Área colhida (Hectares), Quantidade Produzida (Toneladas) e Valor (Mil Reais) da Produção por Tipo de Lavoura Temporária - 2024 ri tapajos","..\..\Desktop\tabelas-powerBI\11 Tapajós\Tabela 44 - Área colhida (Hectares), Quantidade Produzida (Toneladas) e Valor (Mil Reais) da Produção por Tipo de Lavoura Temporária - 2024 ri tapajos.xlsx",Tapajós,161718,25576.0
Aveiro,-,-,-,-,-,-,11 Tapajós,44,"Área colhida (Hectares), Quantidade Produzida (Toneladas) e Valor (Mil Reais) da Produção por Tipo de Lavoura Temporária - 2024 ri tapajos",20,"Tabela 44 - Área colhida (Hectares), Quantidade Produzida (Toneladas) e Valor (Mil Reais) da Produção por Tipo de Lavoura Temporária - 2024 ri tapajos","..\..\Desktop\tabelas-powerBI\11 Tapajós\Tabela 44 - Área colhida (Hectares), Quantidade Produzida (Toneladas) e Valor (Mil Reais) da Produção por Tipo de Lavoura Temporária - 2024 ri tapajos.xlsx",Tapajós,161718,1045.0
Itaituba,-,-,-,1,16,64,11 Tapajós,44,"Área colhida (Hectares), Quantidade Produzida (Toneladas) e Valor (Mil Reais) da Produção por Tipo de Lavoura Temporária - 2024 ri tapajos",20,"Tabela 44 - Área colhida (Hectares), Quantidade Produzida (Toneladas) e Valor (Mil Reais) da Produção por Tipo de Lavoura Temporária - 2024 ri tapajos","..\..\Desktop\tabelas-powerBI\11 Tapajós\Tabela 44 - Área colhida (Hectares), Quantidade Produzida (Toneladas) e Valor (Mil Reais) da Produção por Tipo de Lavoura Temporária - 2024 ri tapajos.xlsx",Tapajós,161718,1531.0
Jacareacanga,800,2160,3888,-,-,-,11 Tapajós,44,"Área colhida (Hectares), Quantidade Produzida (Toneladas) e Valor (Mil Reais) da Produção por Tipo de Lavoura Temporária - 2024 ri tapajos",20,"Tabela 44 - Área colhida (Hectares), Quantidade Produzida (Toneladas) e Valor (Mil Reais) da Produção por Tipo de Lavoura Temporária - 2024 ri tapajos","..\..\Desktop\tabelas-powerBI\11 Tapajós\Tabela 44 - Área colhida (Hectares), Quantidade Produzida (Toneladas) e Valor (Mil Reais) da Produção por Tipo de Lavoura Temporária - 2024 ri tapajos.xlsx",Tapajós,161718,6570.0
Novo Progresso,28472,93958,156440,-,-,-,11 Tapajós,44,"Área colhida (Hectares), Quantidade Produzida (Toneladas) e Valor (Mil Reais) da Produção por Tipo de Lavoura Temporária - 2024 ri tapajos",20,"Tabela 44 - Área colhida (Hectares), Quantidade Produzida (Toneladas) e Valor (Mil Reais) da Produção por Tipo de Lavoura Temporária - 2024 ri tapajos","..\..\Desktop\tabelas-powerBI\11 Tapajós\Tabela 44 - Área colhida (Hectares), Quantidade Produzida (Toneladas) e Valor (Mil Reais) da Produção por Tipo de Lavoura Temporária - 2024 ri tapajos.xlsx",Tapajós,161718,615.0
Rurópolis,620,1984,3968,-,-,-,11 Tapajós,44,"Área colhida (Hectares), Quantidade Produzida (Toneladas) e Valor (Mil Reais) da Produção por Tipo de Lavoura Temporária - 2024 ri tapajos",20,"Tabela 44 - Área colhida (Hectares), Quantidade Produzida (Toneladas) e Valor (Mil Reais) da Produção por Tipo de Lavoura Temporária - 2024 ri tapajos","..\..\Desktop\tabelas-powerBI\11 Tapajós\Tabela 44 - Área colhida (Hectares), Quantidade Produzida (Toneladas) e Valor (Mil Reais) da Produção por Tipo de Lavoura Temporária - 2024 ri tapajos.xlsx",Tapajós,161718,5525.0
Trairão,2100,6300,13104,2,30,120,11 Tapajós,44,"Área colhida (Hectares), Quantidade Produzida (Toneladas) e Valor (Mil Reais) da Produção por Tipo de Lavoura Temporária - 2024 ri tapajos",20,"Tabela 44 - Área colhida (Hectares), Quantidade Produzida (Toneladas) e Valor (Mil Reais) da Produção por Tipo de Lavoura Temporária - 2024 ri tapajos","..\..\Desktop\tabelas-powerBI\11 Tapajós\Tabela 44 - Área colhida (Hectares), Quantidade Produzida (Toneladas) e Valor (Mil Reais) da Produção por Tipo de Lavoura Temporária - 2024 ri tapajos.xlsx",Tapajós,161718,10290.0
Fonte: IBGE/PAM,,,,,,,11 Tapajós,44,"Área colhida (Hectares), Quantidade Produzida (Toneladas) e Valor (Mil Reais) da Produção por Tipo de Lavoura Temporária - 2024 ri tapajos",20,"Tabela 44 - Área colhida (Hectares), Quantidade Produzida (Toneladas) e Valor (Mil Reais) da Produção por Tipo de Lavoura Temporária - 2024 ri tapajos","..\..\Desktop\tabelas-powerBI\11 Tapajós\Tabela 44 - Área colhida (Hectares), Quantidade Produzida (Toneladas) e Valor (Mil Reais) da Produção por Tipo de Lavoura Temporária - 2024 ri tapajos.xlsx",Tapajós,161718,
Elaboração: FAPESPA,,,,,,,11 Tapajós,44,"Área colhida (Hectares), Quantidade Produzida (Toneladas) e Valor (Mil Reais) da Produção por Tipo de Lavoura Temporária - 2024 ri tapajos",20,"Tabela 44 - Área colhida (Hectares), Quantidade Produzida (Toneladas) e Valor (Mil Reais) da Produção por Tipo de Lavoura Temporária - 2024 ri tapajos","..\..\Desktop\tabelas-powerBI\11 Tapajós\Tabela 44 - Área colhida (Hectares), Quantidade Produzida (Toneladas) e Valor (Mil Reais) da Produção por Tipo de Lavoura Temporária - 2024 ri tapajos.xlsx",Tapajós,161718,
Nota: A quantidade produzida de abacaxi é expressa em mil frutos,,,,,,,11 Tapajós,44,"Área colhida (Hectares), Quantidade Produzida (Toneladas) e Valor (Mil Reais) da Produção por Tipo de Lavoura Temporária - 2024 ri tapajos",20,"Tabela 44 - Área colhida (Hectares), Quantidade Produzida (Toneladas) e Valor (Mil Reais) da Produção por Tipo de Lavoura Temporária - 2024 ri tapajos","..\..\Desktop\tabelas-powerBI\11 Tapajós\Tabela 44 - Área colhida (Hectares), Quantidade Produzida (Toneladas) e Valor (Mil Reais) da Produção por Tipo de Lavoura Temporária - 2024 ri tapajos.xlsx",Tapajós,161718,
RI Tapajós,31992,104402,177400,3,46,184,11 Tapajós,44,"Área colhida (Hectares), Quantidade Produzida (Toneladas) e Valor (Mil Reais) da Produção por Tipo de Lavoura Temporária - 2024 ri tapajos",20,"Tabela 44 - Área colhida (Hectares), Quantidade Produzida (Toneladas) e Valor (Mil Reais) da Produção por Tipo de Lavoura Temporária - 2024 ri tapajos","..\..\Desktop\tabelas-powerBI\11 Tapajós\Tabela 44 - Área colhida (Hectares), Quantidade Produzida (Toneladas) e Valor (Mil Reais) da Produção por Tipo de Lavoura Temporária - 2024 ri tapajos.xlsx",Tapajós,477562,9560.0
Aveiro,-,-,-,-,-,-,11 Tapajós,44,"Área colhida (Hectares), Quantidade Produzida (Toneladas) e Valor (Mil Reais) da Produção por Tipo de Lavoura Temporária - 2024 ri tapajos",20,"Tabela 44 - Área colhida (Hectares), Quantidade Produzida (Toneladas) e Valor (Mil Reais) da Produção por Tipo de Lavoura Temporária - 2024 ri tapajos","..\..\Desktop\tabelas-powerBI\11 Tapajós\Tabela 44 - Área colhida (Hectares), Quantidade Produzida (Toneladas) e Valor (Mil Reais) da Produção por Tipo de Lavoura Temporária - 2024 ri tapajos.xlsx",Tapajós,477562,80.0
Itaituba,-,-,-,1,16,64,11 Tapajós,44,"Área colhida (Hectares), Quantidade Produzida (Toneladas) e Valor (Mil Reais) da Produção por Tipo de Lavoura Temporária - 2024 ri tapajos",20,"Tabela 44 - Área colhida (Hectares), Quantidade Produzida (Toneladas) e Valor (Mil Reais) da Produção por Tipo de Lavoura Temporária - 2024 ri tapajos","..\..\Desktop\tabelas-powerBI\11 Tapajós\Tabela 44 - Área colhida (Hectares), Quantidade Produzida (Toneladas) e Valor (Mil Reais) da Produção por Tipo de Lavoura Temporária - 2024 ri tapajos.xlsx",Tapajós,477562,630.0
Jacareacanga,800,2160,3888,-,-,-,11 Tapajós,44,"Área colhida (Hectares), Quantidade Produzida (Toneladas) e Valor (Mil Reais) da Produção por Tipo de Lavoura Temporária - 2024 ri tapajos",20,"Tabela 44 - Área colhida (Hectares), Quantidade Produzida (Toneladas) e Valor (Mil Reais) da Produção por Tipo de Lavoura Temporária - 2024 ri tapajos","..\..\Desktop\tabelas-powerBI\11 Tapajós\Tabela 44 - Área colhida (Hectares), Quantidade Produzida (Toneladas) e Valor (Mil Reais) da Produção por Tipo de Lavoura Temporária - 2024 ri tapajos.xlsx",Tapajós,477562,800.0
Novo Progresso,28472,93958,156440,-,-,-,11 Tapajós,44,"Área colhida (Hectares), Quantidade Produzida (Toneladas) e Valor (Mil Reais) da Produção por Tipo de Lavoura Temporária - 2024 ri tapajos",20,"Tabela 44 - Área colhida (Hectares), Quantidade Produzida (Toneladas) e Valor (Mil Reais) da Produção por Tipo de Lavoura Temporária - 2024 ri tapajos","..\..\Desktop\tabelas-powerBI\11 Tapajós\Tabela 44 - Área colhida (Hectares), Quantidade Produzida (Toneladas) e Valor (Mil Reais) da Produção por Tipo de Lavoura Temporária - 2024 ri tapajos.xlsx",Tapajós,477562,4000.0
Rurópolis,620,1984,3968,-,-,-,11 Tapajós,44,"Área colhida (Hectares), Quantidade Produzida (Toneladas) e Valor (Mil Reais) da Produção por Tipo de Lavoura Temporária - 2024 ri tapajos",20,"Tabela 44 - Área colhida (Hectares), Quantidade Produzida (Toneladas) e Valor (Mil Reais) da Produção por Tipo de Lavoura Temporária - 2024 ri tapajos","..\..\Desktop\tabelas-powerBI\11 Tapajós\Tabela 44 - Área colhida (Hectares), Quantidade Produzida (Toneladas) e Valor (Mil Reais) da Produção por Tipo de Lavoura Temporária - 2024 ri tapajos.xlsx",Tapajós,477562,1750.0
Trairão,2100,6300,13104,2,30,120,11 Tapajós,44,"Área colhida (Hectares), Quantidade Produzida (Toneladas) e Valor (Mil Reais) da Produção por Tipo de Lavoura Temporária - 2024 ri tapajos",20,"Tabela 44 - Área colhida (Hectares), Quantidade Produzida (Toneladas) e Valor (Mil Reais) da Produção por Tipo de Lavoura Temporária - 2024 ri tapajos","..\..\Desktop\tabelas-powerBI\11 Tapajós\Tabela 44 - Área colhida (Hectares), Quantidade Produzida (Toneladas) e Valor (Mil Reais) da Produção por Tipo de Lavoura Temporária - 2024 ri tapajos.xlsx",Tapajós,477562,2300.0
Fonte: IBGE/PAM,,,,,,,11 Tapajós,44,"Área colhida (Hectares), Quantidade Produzida (Toneladas) e Valor (Mil Reais) da Produção por Tipo de Lavoura Temporária - 2024 ri tapajos",20,"Tabela 44 - Área colhida (Hectares), Quantidade Produzida (Toneladas) e Valor (Mil Reais) da Produção por Tipo de Lavoura Temporária - 2024 ri tapajos","..\..\Desktop\tabelas-powerBI\11 Tapajós\Tabela 44 - Área colhida (Hectares), Quantidade Produzida (Toneladas) e Valor (Mil Reais) da Produção por Tipo de Lavoura Temporária - 2024 ri tapajos.xlsx",Tapajós,477562,
Elaboração: FAPESPA,,,,,,,11 Tapajós,44,"Área colhida (Hectares), Quantidade Produzida (Toneladas) e Valor (Mil Reais) da Produção por Tipo de Lavoura Temporária - 2024 ri tapajos",20,"Tabela 44 - Área colhida (Hectares), Quantidade Produzida (Toneladas) e Valor (Mil Reais) da Produção por Tipo de Lavoura Temporária - 2024 ri tapajos","..\..\Desktop\tabelas-powerBI\11 Tapajós\Tabela 44 - Área colhida (Hectares), Quantidade Produzida (Toneladas) e Valor (Mil Reais) da Produção por Tipo de Lavoura Temporária - 2024 ri tapajos.xlsx",Tapajós,477562,
Nota: A quantidade produzida de abacaxi é expressa em mil frutos,,,,,,,11 Tapajós,44,"Área colhida (Hectares), Quantidade Produzida (Toneladas) e Valor (Mil Reais) da Produção por Tipo de Lavoura Temporária - 2024 ri tapajos",20,"Tabela 44 - Área colhida (Hectares), Quantidade Produzida (Toneladas) e Valor (Mil Reais) da Produção por Tipo de Lavoura Temporária - 2024 ri tapajos","..\..\Desktop\tabelas-powerBI\11 Tapajós\Tabela 44 - Área colhida (Hectares), Quantidade Produzida (Toneladas) e Valor (Mil Reais) da Produção por Tipo de Lavoura Temporária - 2024 ri tapajos.xlsx",Tapajós,477562,
RI Tapajós,31992,104402,177400,3,46,184,11 Tapajós,44,"Área colhida (Hectares), Quantidade Produzida (Toneladas) e Valor (Mil Reais) da Produção por Tipo de Lavoura Temporária - 2024 ri tapajos",20,"Tabela 44 - Área colhida (Hectares), Quantidade Produzida (Toneladas) e Valor (Mil Reais) da Produção por Tipo de Lavoura Temporária - 2024 ri tapajos","..\..\Desktop\tabelas-powerBI\11 Tapajós\Tabela 44 - Área colhida (Hectares), Quantidade Produzida (Toneladas) e Valor (Mil Reais) da Produção por Tipo de Lavoura Temporária - 2024 ri tapajos.xlsx",Tapajós,1759249,30197.0
Aveiro,-,-,-,-,-,-,11 Tapajós,44,"Área colhida (Hectares), Quantidade Produzida (Toneladas) e Valor (Mil Reais) da Produção por Tipo de Lavoura Temporária - 2024 ri tapajos",20,"Tabela 44 - Área colhida (Hectares), Quantidade Produzida (Toneladas) e Valor (Mil Reais) da Produção por Tipo de Lavoura Temporária - 2024 ri tapajos","..\..\Desktop\tabelas-powerBI\11 Tapajós\Tabela 44 - Área colhida (Hectares), Quantidade Produzida (Toneladas) e Valor (Mil Reais) da Produção por Tipo de Lavoura Temporária - 2024 ri tapajos.xlsx",Tapajós,1759249,104.0
Itaituba,-,-,-,1,16,64,11 Tapajós,44,"Área colhida (Hectares), Quantidade Produzida (Toneladas) e Valor (Mil Reais) da Produção por Tipo de Lavoura Temporária - 2024 ri tapajos",20,"Tabela 44 - Área colhida (Hectares), Quantidade Produzida (Toneladas) e Valor (Mil Reais) da Produção por Tipo de Lavoura Temporária - 2024 ri tapajos","..\..\Desktop\tabelas-powerBI\11 Tapajós\Tabela 44 - Área colhida (Hectares), Quantidade Produzida (Toneladas) e Valor (Mil Reais) da Produção por Tipo de Lavoura Temporária - 2024 ri tapajos.xlsx",Tapajós,1759249,945.0
Jacareacanga,800,2160,3888,-,-,-,11 Tapajós,44,"Área colhida (Hectares), Quantidade Produzida (Toneladas) e Valor (Mil Reais) da Produção por Tipo de Lavoura Temporária - 2024 ri tapajos",20,"Tabela 44 - Área colhida (Hectares), Quantidade Produzida (Toneladas) e Valor (Mil Reais) da Produção por Tipo de Lavoura Temporária - 2024 ri tapajos","..\..\Desktop\tabelas-powerBI\11 Tapajós\Tabela 44 - Área colhida (Hectares), Quantidade Produzida (Toneladas) e Valor (Mil Reais) da Produção por Tipo de Lavoura Temporária - 2024 ri tapajos.xlsx",Tapajós,1759249,2160.0
Novo Progresso,28472,93958,156440,-,-,-,11 Tapajós,44,"Área colhida (Hectares), Quantidade Produzida (Toneladas) e Valor (Mil Reais) da Produção por Tipo de Lavoura Temporária - 2024 ri tapajos",20,"Tabela 44 - Área colhida (Hectares), Quantidade Produzida (Toneladas) e Valor (Mil Reais) da Produção por Tipo de Lavoura Temporária - 2024 ri tapajos","..\..\Desktop\tabelas-powerBI\11 Tapajós\Tabela 44 - Área colhida (Hectares), Quantidade Produzida (Toneladas) e Valor (Mil Reais) da Produção por Tipo de Lavoura Temporária - 2024 ri tapajos.xlsx",Tapajós,1759249,18000.0
Rurópolis,620,1984,3968,-,-,-,11 Tapajós,44,"Área colhida (Hectares), Quantidade Produzida (Toneladas) e Valor (Mil Reais) da Produção por Tipo de Lavoura Temporária - 2024 ri tapajos",20,"Tabela 44 - Área colhida (Hectares), Quantidade Produzida (Toneladas) e Valor (Mil Reais) da Produção por Tipo de Lavoura Temporária - 2024 ri tapajos","..\..\Desktop\tabelas-powerBI\11 Tapajós\Tabela 44 - Área colhida (Hectares), Quantidade Produzida (Toneladas) e Valor (Mil Reais) da Produção por Tipo de Lavoura Temporária - 2024 ri tapajos.xlsx",Tapajós,1759249,3238.0
Trairão,2100,6300,13104,2,30,120,11 Tapajós,44,"Área colhida (Hectares), Quantidade Produzida (Toneladas) e Valor (Mil Reais) da Produção por Tipo de Lavoura Temporária - 2024 ri tapajos",20,"Tabela 44 - Área colhida (Hectares), Quantidade Produzida (Toneladas) e Valor (Mil Reais) da Produção por Tipo de Lavoura Temporária - 2024 ri tapajos","..\..\Desktop\tabelas-powerBI\11 Tapajós\Tabela 44 - Área colhida (Hectares), Quantidade Produzida (Toneladas) e Valor (Mil Reais) da Produção por Tipo de Lavoura Temporária - 2024 ri tapajos.xlsx",Tapajós,1759249,5750.0
Fonte: IBGE/PAM,,,,,,,11 Tapajós,44,"Área colhida (Hectares), Quantidade Produzida (Toneladas) e Valor (Mil Reais) da Produção por Tipo de Lavoura Temporária - 2024 ri tapajos",20,"Tabela 44 - Área colhida (Hectares), Quantidade Produzida (Toneladas) e Valor (Mil Reais) da Produção por Tipo de Lavoura Temporária - 2024 ri tapajos","..\..\Desktop\tabelas-powerBI\11 Tapajós\Tabela 44 - Área colhida (Hectares), Quantidade Produzida (Toneladas) e Valor (Mil Reais) da Produção por Tipo de Lavoura Temporária - 2024 ri tapajos.xlsx",Tapajós,1759249,
Elaboração: FAPESPA,,,,,,,11 Tapajós,44,"Área colhida (Hectares), Quantidade Produzida (Toneladas) e Valor (Mil Reais) da Produção por Tipo de Lavoura Temporária - 2024 ri tapajos",20,"Tabela 44 - Área colhida (Hectares), Quantidade Produzida (Toneladas) e Valor (Mil Reais) da Produção por Tipo de Lavoura Temporária - 2024 ri tapajos","..\..\Desktop\tabelas-powerBI\11 Tapajós\Tabela 44 - Área colhida (Hectares), Quantidade Produzida (Toneladas) e Valor (Mil Reais) da Produção por Tipo de Lavoura Temporária - 2024 ri tapajos.xlsx",Tapajós,1759249,
Nota: A quantidade produzida de abacaxi é expressa em mil frutos,,,,,,,11 Tapajós,44,"Área colhida (Hectares), Quantidade Produzida (Toneladas) e Valor (Mil Reais) da Produção por Tipo de Lavoura Temporária - 2024 ri tapajos",20,"Tabela 44 - Área colhida (Hectares), Quantidade Produzida (Toneladas) e Valor (Mil Reais) da Produção por Tipo de Lavoura Temporária - 2024 ri tapajos","..\..\Desktop\tabelas-powerBI\11 Tapajós\Tabela 44 - Área colhida (Hectares), Quantidade Produzida (Toneladas) e Valor (Mil Reais) da Produção por Tipo de Lavoura Temporária - 2024 ri tapajos.xlsx",Tapajós,1759249,
RI Tapajós,31992,104402,177400,3,46,184,11 Tapajós,44,"Área colhida (Hectares), Quantidade Produzida (Toneladas) e Valor (Mil Reais) da Produção por Tipo de Lavoura Temporária - 2024 ri tapajos",20,"Tabela 44 - Área colhida (Hectares), Quantidade Produzida (Toneladas) e Valor (Mil Reais) da Produção por Tipo de Lavoura Temporária - 2024 ri tapajos","..\..\Desktop\tabelas-powerBI\11 Tapajós\Tabela 44 - Área colhida (Hectares), Quantidade Produzida (Toneladas) e Valor (Mil Reais) da Produção por Tipo de Lavoura Temporária - 2024 ri tapajos.xlsx",Tapajós,1562172,26841.0
Aveiro,-,-,-,-,-,-,11 Tapajós,44,"Área colhida (Hectares), Quantidade Produzida (Toneladas) e Valor (Mil Reais) da Produção por Tipo de Lavoura Temporária - 2024 ri tapajos",20,"Tabela 44 - Área colhida (Hectares), Quantidade Produzida (Toneladas) e Valor (Mil Reais) da Produção por Tipo de Lavoura Temporária - 2024 ri tapajos","..\..\Desktop\tabelas-powerBI\11 Tapajós\Tabela 44 - Área colhida (Hectares), Quantidade Produzida (Toneladas) e Valor (Mil Reais) da Produção por Tipo de Lavoura Temporária - 2024 ri tapajos.xlsx",Tapajós,1562172,83.0
Itaituba,-,-,-,1,16,64,11 Tapajós,44,"Área colhida (Hectares), Quantidade Produzida (Toneladas) e Valor (Mil Reais) da Produção por Tipo de Lavoura Temporária - 2024 ri tapajos",20,"Tabela 44 - Área colhida (Hectares), Quantidade Produzida (Toneladas) e Valor (Mil Reais) da Produção por Tipo de Lavoura Temporária - 2024 ri tapajos","..\..\Desktop\tabelas-powerBI\11 Tapajós\Tabela 44 - Área colhida (Hectares), Quantidade Produzida (Toneladas) e Valor (Mil Reais) da Produção por Tipo de Lavoura Temporária - 2024 ri tapajos.xlsx",Tapajós,1562172,1023.0
Jacareacanga,800,2160,3888,-,-,-,11 Tapajós,44,"Área colhida (Hectares), Quantidade Produzida (Toneladas) e Valor (Mil Reais) da Produção por Tipo de Lavoura Temporária - 2024 ri tapajos",20,"Tabela 44 - Área colhida (Hectares), Quantidade Produzida (Toneladas) e Valor (Mil Reais) da Produção por Tipo de Lavoura Temporária - 2024 ri tapajos","..\..\Desktop\tabelas-powerBI\11 Tapajós\Tabela 44 - Área colhida (Hectares), Quantidade Produzida (Toneladas) e Valor (Mil Reais) da Produção por Tipo de Lavoura Temporária - 2024 ri tapajos.xlsx",Tapajós,1562172,2160.0
Novo Progresso,28472,93958,156440,-,-,-,11 Tapajós,44,"Área colhida (Hectares), Quantidade Produzida (Toneladas) e Valor (Mil Reais) da Produção por Tipo de Lavoura Temporária - 2024 ri tapajos",20,"Tabela 44 - Área colhida (Hectares), Quantidade Produzida (Toneladas) e Valor (Mil Reais) da Produção por Tipo de Lavoura Temporária - 2024 ri tapajos","..\..\Desktop\tabelas-powerBI\11 Tapajós\Tabela 44 - Área colhida (Hectares), Quantidade Produzida (Toneladas) e Valor (Mil Reais) da Produção por Tipo de Lavoura Temporária - 2024 ri tapajos.xlsx",Tapajós,1562172,14400.0
Rurópolis,620,1984,3968,-,-,-,11 Tapajós,44,"Área colhida (Hectares), Quantidade Produzida (Toneladas) e Valor (Mil Reais) da Produção por Tipo de Lavoura Temporária - 2024 ri tapajos",20,"Tabela 44 - Área colhida (Hectares), Quantidade Produzida (Toneladas) e Valor (Mil Reais) da Produção por Tipo de Lavoura Temporária - 2024 ri tapajos","..\..\Desktop\tabelas-powerBI\11 Tapajós\Tabela 44 - Área colhida (Hectares), Quantidade Produzida (Toneladas) e Valor (Mil Reais) da Produção por Tipo de Lavoura Temporária - 2024 ri tapajos.xlsx",Tapajós,1562172,3367.0
Trairão,2100,6300,13104,2,30,120,11 Tapajós,44,"Área colhida (Hectares), Quantidade Produzida (Toneladas) e Valor (Mil Reais) da Produção por Tipo de Lavoura Temporária - 2024 ri tapajos",20,"Tabela 44 - Área colhida (Hectares), Quantidade Produzida (Toneladas) e Valor (Mil Reais) da Produção por Tipo de Lavoura Temporária - 2024 ri tapajos","..\..\Desktop\tabelas-powerBI\11 Tapajós\Tabela 44 - Área colhida (Hectares), Quantidade Produzida (Toneladas) e Valor (Mil Reais) da Produção por Tipo de Lavoura Temporária - 2024 ri tapajos.xlsx",Tapajós,1562172,5808.0
Fonte: IBGE/PAM,,,,,,,11 Tapajós,44,"Área colhida (Hectares), Quantidade Produzida (Toneladas) e Valor (Mil Reais) da Produção por Tipo de Lavoura Temporária - 2024 ri tapajos",20,"Tabela 44 - Área colhida (Hectares), Quantidade Produzida (Toneladas) e Valor (Mil Reais) da Produção por Tipo de Lavoura Temporária - 2024 ri tapajos","..\..\Desktop\tabelas-powerBI\11 Tapajós\Tabela 44 - Área colhida (Hectares), Quantidade Produzida (Toneladas) e Valor (Mil Reais) da Produção por Tipo de Lavoura Temporária - 2024 ri tapajos.xlsx",Tapajós,1562172,
Elaboração: FAPESPA,,,,,,,11 Tapajós,44,"Área colhida (Hectares), Quantidade Produzida (Toneladas) e Valor (Mil Reais) da Produção por Tipo de Lavoura Temporária - 2024 ri tapajos",20,"Tabela 44 - Área colhida (Hectares), Quantidade Produzida (Toneladas) e Valor (Mil Reais) da Produção por Tipo de Lavoura Temporária - 2024 ri tapajos","..\..\Desktop\tabelas-powerBI\11 Tapajós\Tabela 44 - Área colhida (Hectares), Quantidade Produzida (Toneladas) e Valor (Mil Reais) da Produção por Tipo de Lavoura Temporária - 2024 ri tapajos.xlsx",Tapajós,1562172,
Nota: A quantidade produzida de abacaxi é expressa em mil frutos,,,,,,,11 Tapajós,44,"Área colhida (Hectares), Quantidade Produzida (Toneladas) e Valor (Mil Reais) da Produção por Tipo de Lavoura Temporária - 2024 ri tapajos",20,"Tabela 44 - Área colhida (Hectares), Quantidade Produzida (Toneladas) e Valor (Mil Reais) da Produção por Tipo de Lavoura Temporária - 2024 ri tapajos","..\..\Desktop\tabelas-powerBI\11 Tapajós\Tabela 44 - Área colhida (Hectares), Quantidade Produzida (Toneladas) e Valor (Mil Reais) da Produção por Tipo de Lavoura Temporária - 2024 ri tapajos.xlsx",Tapajós,1562172,
