Par,17516,1213359,152720,1192224,3751973,7307684,127,2802,12167,regiao,tabela_num,titulo,ano,arquivo,arquivo_path,aba,variavel,valor
RI Xingu,71,3512,922,19400,66292,132176,46,1150,5385,13 Xingu,44,"Área colhida (Hectares), Quantidade Produzida (Toneladas) e Valor (Mil Reais) da Produção por Tipo de Lavoura Temporária - 2024 ri xingu",20,"Tabela 44 - Área colhida (Hectares), Quantidade Produzida (Toneladas) e Valor (Mil Reais) da Produção por Tipo de Lavoura Temporária - 2024 ri xingu","..\..\Desktop\tabelas-powerBI\13 Xingu\Tabela 44 - Área colhida (Hectares), Quantidade Produzida (Toneladas) e Valor (Mil Reais) da Produção por Tipo de Lavoura Temporária - 2024 ri xingu.xlsx",Xingu,9274,137.0
Altamira,20,1200,306,14000,50092,100184,5,125,500,13 Xingu,44,"Área colhida (Hectares), Quantidade Produzida (Toneladas) e Valor (Mil Reais) da Produção por Tipo de Lavoura Temporária - 2024 ri xingu",20,"Tabela 44 - Área colhida (Hectares), Quantidade Produzida (Toneladas) e Valor (Mil Reais) da Produção por Tipo de Lavoura Temporária - 2024 ri xingu","..\..\Desktop\tabelas-powerBI\13 Xingu\Tabela 44 - Área colhida (Hectares), Quantidade Produzida (Toneladas) e Valor (Mil Reais) da Produção por Tipo de Lavoura Temporária - 2024 ri xingu.xlsx",Xingu,9274,5.0
Anapu,-,-,-,-,-,-,3,75,300,13 Xingu,44,"Área colhida (Hectares), Quantidade Produzida (Toneladas) e Valor (Mil Reais) da Produção por Tipo de Lavoura Temporária - 2024 ri xingu",20,"Tabela 44 - Área colhida (Hectares), Quantidade Produzida (Toneladas) e Valor (Mil Reais) da Produção por Tipo de Lavoura Temporária - 2024 ri xingu","..\..\Desktop\tabelas-powerBI\13 Xingu\Tabela 44 - Área colhida (Hectares), Quantidade Produzida (Toneladas) e Valor (Mil Reais) da Produção por Tipo de Lavoura Temporária - 2024 ri xingu.xlsx",Xingu,9274,16.0
Brasil Novo,2,108,53,-,-,-,-,-,-,13 Xingu,44,"Área colhida (Hectares), Quantidade Produzida (Toneladas) e Valor (Mil Reais) da Produção por Tipo de Lavoura Temporária - 2024 ri xingu",20,"Tabela 44 - Área colhida (Hectares), Quantidade Produzida (Toneladas) e Valor (Mil Reais) da Produção por Tipo de Lavoura Temporária - 2024 ri xingu","..\..\Desktop\tabelas-powerBI\13 Xingu\Tabela 44 - Área colhida (Hectares), Quantidade Produzida (Toneladas) e Valor (Mil Reais) da Produção por Tipo de Lavoura Temporária - 2024 ri xingu.xlsx",Xingu,9274,
Medicilândia,-,-,-,-,-,-,8,200,835,13 Xingu,44,"Área colhida (Hectares), Quantidade Produzida (Toneladas) e Valor (Mil Reais) da Produção por Tipo de Lavoura Temporária - 2024 ri xingu",20,"Tabela 44 - Área colhida (Hectares), Quantidade Produzida (Toneladas) e Valor (Mil Reais) da Produção por Tipo de Lavoura Temporária - 2024 ri xingu","..\..\Desktop\tabelas-powerBI\13 Xingu\Tabela 44 - Área colhida (Hectares), Quantidade Produzida (Toneladas) e Valor (Mil Reais) da Produção por Tipo de Lavoura Temporária - 2024 ri xingu.xlsx",Xingu,9274,22.0
Pacajá,10,600,300,-,-,-,-,-,-,13 Xingu,44,"Área colhida (Hectares), Quantidade Produzida (Toneladas) e Valor (Mil Reais) da Produção por Tipo de Lavoura Temporária - 2024 ri xingu",20,"Tabela 44 - Área colhida (Hectares), Quantidade Produzida (Toneladas) e Valor (Mil Reais) da Produção por Tipo de Lavoura Temporária - 2024 ri xingu","..\..\Desktop\tabelas-powerBI\13 Xingu\Tabela 44 - Área colhida (Hectares), Quantidade Produzida (Toneladas) e Valor (Mil Reais) da Produção por Tipo de Lavoura Temporária - 2024 ri xingu.xlsx",Xingu,9274,6.0
Placas,5,55,22,2000,6000,12000,-,-,-,13 Xingu,44,"Área colhida (Hectares), Quantidade Produzida (Toneladas) e Valor (Mil Reais) da Produção por Tipo de Lavoura Temporária - 2024 ri xingu",20,"Tabela 44 - Área colhida (Hectares), Quantidade Produzida (Toneladas) e Valor (Mil Reais) da Produção por Tipo de Lavoura Temporária - 2024 ri xingu","..\..\Desktop\tabelas-powerBI\13 Xingu\Tabela 44 - Área colhida (Hectares), Quantidade Produzida (Toneladas) e Valor (Mil Reais) da Produção por Tipo de Lavoura Temporária - 2024 ri xingu.xlsx",Xingu,9274,3.0
Porto de Moz,15,698,101,-,-,-,-,-,-,13 Xingu,44,"Área colhida (Hectares), Quantidade Produzida (Toneladas) e Valor (Mil Reais) da Produção por Tipo de Lavoura Temporária - 2024 ri xingu",20,"Tabela 44 - Área colhida (Hectares), Quantidade Produzida (Toneladas) e Valor (Mil Reais) da Produção por Tipo de Lavoura Temporária - 2024 ri xingu","..\..\Desktop\tabelas-powerBI\13 Xingu\Tabela 44 - Área colhida (Hectares), Quantidade Produzida (Toneladas) e Valor (Mil Reais) da Produção por Tipo de Lavoura Temporária - 2024 ri xingu.xlsx",Xingu,9274,45.0
Senador José Porfírio,15,611,92,-,-,-,-,-,-,13 Xingu,44,"Área colhida (Hectares), Quantidade Produzida (Toneladas) e Valor (Mil Reais) da Produção por Tipo de Lavoura Temporária - 2024 ri xingu",20,"Tabela 44 - Área colhida (Hectares), Quantidade Produzida (Toneladas) e Valor (Mil Reais) da Produção por Tipo de Lavoura Temporária - 2024 ri xingu","..\..\Desktop\tabelas-powerBI\13 Xingu\Tabela 44 - Área colhida (Hectares), Quantidade Produzida (Toneladas) e Valor (Mil Reais) da Produção por Tipo de Lavoura Temporária - 2024 ri xingu.xlsx",Xingu,9274,5.0
Uruará,-,-,-,800,2400,4392,30,750,3750,13 Xingu,44,"Área colhida (Hectares), Quantidade Produzida (Toneladas) e Valor (Mil Reais) da Produção por Tipo de Lavoura Temporária - 2024 ri xingu",20,"Tabela 44 - Área colhida (Hectares), Quantidade Produzida (Toneladas) e Valor (Mil Reais) da Produção por Tipo de Lavoura Temporária - 2024 ri xingu","..\..\Desktop\tabelas-powerBI\13 Xingu\Tabela 44 - Área colhida (Hectares), Quantidade Produzida (Toneladas) e Valor (Mil Reais) da Produção por Tipo de Lavoura Temporária - 2024 ri xingu.xlsx",Xingu,9274,5.0
Vitória do Xingu,4,240,48,2600,7800,15600,-,-,-,13 Xingu,44,"Área colhida (Hectares), Quantidade Produzida (Toneladas) e Valor (Mil Reais) da Produção por Tipo de Lavoura Temporária - 2024 ri xingu",20,"Tabela 44 - Área colhida (Hectares), Quantidade Produzida (Toneladas) e Valor (Mil Reais) da Produção por Tipo de Lavoura Temporária - 2024 ri xingu","..\..\Desktop\tabelas-powerBI\13 Xingu\Tabela 44 - Área colhida (Hectares), Quantidade Produzida (Toneladas) e Valor (Mil Reais) da Produção por Tipo de Lavoura Temporária - 2024 ri xingu.xlsx",Xingu,9274,30.0
Fonte: IBGE/PAM,,,,,,,,,,13 Xingu,44,"Área colhida (Hectares), Quantidade Produzida (Toneladas) e Valor (Mil Reais) da Produção por Tipo de Lavoura Temporária - 2024 ri xingu",20,"Tabela 44 - Área colhida (Hectares), Quantidade Produzida (Toneladas) e Valor (Mil Reais) da Produção por Tipo de Lavoura Temporária - 2024 ri xingu","..\..\Desktop\tabelas-powerBI\13 Xingu\Tabela 44 - Área colhida (Hectares), Quantidade Produzida (Toneladas) e Valor (Mil Reais) da Produção por Tipo de Lavoura Temporária - 2024 ri xingu.xlsx",Xingu,9274,
Elaboração: FAPESPA,,,,,,,,,,13 Xingu,44,"Área colhida (Hectares), Quantidade Produzida (Toneladas) e Valor (Mil Reais) da Produção por Tipo de Lavoura Temporária - 2024 ri xingu",20,"Tabela 44 - Área colhida (Hectares), Quantidade Produzida (Toneladas) e Valor (Mil Reais) da Produção por Tipo de Lavoura Temporária - 2024 ri xingu","..\..\Desktop\tabelas-powerBI\13 Xingu\Tabela 44 - Área colhida (Hectares), Quantidade Produzida (Toneladas) e Valor (Mil Reais) da Produção por Tipo de Lavoura Temporária - 2024 ri xingu.xlsx",Xingu,9274,
Nota: A quantidade produzida de abacaxi é expressa em mil frutos,,,,,,,,,,13 Xingu,44,"Área colhida (Hectares), Quantidade Produzida (Toneladas) e Valor (Mil Reais) da Produção por Tipo de Lavoura Temporária - 2024 ri xingu",20,"Tabela 44 - Área colhida (Hectares), Quantidade Produzida (Toneladas) e Valor (Mil Reais) da Produção por Tipo de Lavoura Temporária - 2024 ri xingu","..\..\Desktop\tabelas-powerBI\13 Xingu\Tabela 44 - Área colhida (Hectares), Quantidade Produzida (Toneladas) e Valor (Mil Reais) da Produção por Tipo de Lavoura Temporária - 2024 ri xingu.xlsx",Xingu,9274,
RI Xingu,71,3512,922,19400,66292,132176,46,1150,5385,13 Xingu,44,"Área colhida (Hectares), Quantidade Produzida (Toneladas) e Valor (Mil Reais) da Produção por Tipo de Lavoura Temporária - 2024 ri xingu",20,"Tabela 44 - Área colhida (Hectares), Quantidade Produzida (Toneladas) e Valor (Mil Reais) da Produção por Tipo de Lavoura Temporária - 2024 ri xingu","..\..\Desktop\tabelas-powerBI\13 Xingu\Tabela 44 - Área colhida (Hectares), Quantidade Produzida (Toneladas) e Valor (Mil Reais) da Produção por Tipo de Lavoura Temporária - 2024 ri xingu.xlsx",Xingu,290432,2840.0
Altamira,20,1200,306,14000,50092,100184,5,125,500,13 Xingu,44,"Área colhida (Hectares), Quantidade Produzida (Toneladas) e Valor (Mil Reais) da Produção por Tipo de Lavoura Temporária - 2024 ri xingu",20,"Tabela 44 - Área colhida (Hectares), Quantidade Produzida (Toneladas) e Valor (Mil Reais) da Produção por Tipo de Lavoura Temporária - 2024 ri xingu","..\..\Desktop\tabelas-powerBI\13 Xingu\Tabela 44 - Área colhida (Hectares), Quantidade Produzida (Toneladas) e Valor (Mil Reais) da Produção por Tipo de Lavoura Temporária - 2024 ri xingu.xlsx",Xingu,290432,140.0
Anapu,-,-,-,-,-,-,3,75,300,13 Xingu,44,"Área colhida (Hectares), Quantidade Produzida (Toneladas) e Valor (Mil Reais) da Produção por Tipo de Lavoura Temporária - 2024 ri xingu",20,"Tabela 44 - Área colhida (Hectares), Quantidade Produzida (Toneladas) e Valor (Mil Reais) da Produção por Tipo de Lavoura Temporária - 2024 ri xingu","..\..\Desktop\tabelas-powerBI\13 Xingu\Tabela 44 - Área colhida (Hectares), Quantidade Produzida (Toneladas) e Valor (Mil Reais) da Produção por Tipo de Lavoura Temporária - 2024 ri xingu.xlsx",Xingu,290432,320.0
Brasil Novo,2,108,53,-,-,-,-,-,-,13 Xingu,44,"Área colhida (Hectares), Quantidade Produzida (Toneladas) e Valor (Mil Reais) da Produção por Tipo de Lavoura Temporária - 2024 ri xingu",20,"Tabela 44 - Área colhida (Hectares), Quantidade Produzida (Toneladas) e Valor (Mil Reais) da Produção por Tipo de Lavoura Temporária - 2024 ri xingu","..\..\Desktop\tabelas-powerBI\13 Xingu\Tabela 44 - Área colhida (Hectares), Quantidade Produzida (Toneladas) e Valor (Mil Reais) da Produção por Tipo de Lavoura Temporária - 2024 ri xingu.xlsx",Xingu,290432,
Medicilândia,-,-,-,-,-,-,8,200,835,13 Xingu,44,"Área colhida (Hectares), Quantidade Produzida (Toneladas) e Valor (Mil Reais) da Produção por Tipo de Lavoura Temporária - 2024 ri xingu",20,"Tabela 44 - Área colhida (Hectares), Quantidade Produzida (Toneladas) e Valor (Mil Reais) da Produção por Tipo de Lavoura Temporária - 2024 ri xingu","..\..\Desktop\tabelas-powerBI\13 Xingu\Tabela 44 - Área colhida (Hectares), Quantidade Produzida (Toneladas) e Valor (Mil Reais) da Produção por Tipo de Lavoura Temporária - 2024 ri xingu.xlsx",Xingu,290432,440.0
Pacajá,10,600,300,-,-,-,-,-,-,13 Xingu,44,"Área colhida (Hectares), Quantidade Produzida (Toneladas) e Valor (Mil Reais) da Produção por Tipo de Lavoura Temporária - 2024 ri xingu",20,"Tabela 44 - Área colhida (Hectares), Quantidade Produzida (Toneladas) e Valor (Mil Reais) da Produção por Tipo de Lavoura Temporária - 2024 ri xingu","..\..\Desktop\tabelas-powerBI\13 Xingu\Tabela 44 - Área colhida (Hectares), Quantidade Produzida (Toneladas) e Valor (Mil Reais) da Produção por Tipo de Lavoura Temporária - 2024 ri xingu.xlsx",Xingu,290432,120.0
Placas,5,55,22,2000,6000,12000,-,-,-,13 Xingu,44,"Área colhida (Hectares), Quantidade Produzida (Toneladas) e Valor (Mil Reais) da Produção por Tipo de Lavoura Temporária - 2024 ri xingu",20,"Tabela 44 - Área colhida (Hectares), Quantidade Produzida (Toneladas) e Valor (Mil Reais) da Produção por Tipo de Lavoura Temporária - 2024 ri xingu","..\..\Desktop\tabelas-powerBI\13 Xingu\Tabela 44 - Área colhida (Hectares), Quantidade Produzida (Toneladas) e Valor (Mil Reais) da Produção por Tipo de Lavoura Temporária - 2024 ri xingu.xlsx",Xingu,290432,15.0
Porto de Moz,15,698,101,-,-,-,-,-,-,13 Xingu,44,"Área colhida (Hectares), Quantidade Produzida (Toneladas) e Valor (Mil Reais) da Produção por Tipo de Lavoura Temporária - 2024 ri xingu",20,"Tabela 44 - Área colhida (Hectares), Quantidade Produzida (Toneladas) e Valor (Mil Reais) da Produção por Tipo de Lavoura Temporária - 2024 ri xingu","..\..\Desktop\tabelas-powerBI\13 Xingu\Tabela 44 - Área colhida (Hectares), Quantidade Produzida (Toneladas) e Valor (Mil Reais) da Produção por Tipo de Lavoura Temporária - 2024 ri xingu.xlsx",Xingu,290432,980.0
Senador José Porfírio,15,611,92,-,-,-,-,-,-,13 Xingu,44,"Área colhida (Hectares), Quantidade Produzida (Toneladas) e Valor (Mil Reais) da Produção por Tipo de Lavoura Temporária - 2024 ri xingu",20,"Tabela 44 - Área colhida (Hectares), Quantidade Produzida (Toneladas) e Valor (Mil Reais) da Produção por Tipo de Lavoura Temporária - 2024 ri xingu","..\..\Desktop\tabelas-powerBI\13 Xingu\Tabela 44 - Área colhida (Hectares), Quantidade Produzida (Toneladas) e Valor (Mil Reais) da Produção por Tipo de Lavoura Temporária - 2024 ri xingu.xlsx",Xingu,290432,100.0
Uruará,-,-,-,800,2400,4392,30,750,3750,13 Xingu,44,"Área colhida (Hectares), Quantidade Produzida (Toneladas) e Valor (Mil Reais) da Produção por Tipo de Lavoura Temporária - 2024 ri xingu",20,"Tabela 44 - Área colhida (Hectares), Quantidade Produzida (Toneladas) e Valor (Mil Reais) da Produção por Tipo de Lavoura Temporária - 2024 ri xingu","..\..\Desktop\tabelas-powerBI\13 Xingu\Tabela 44 - Área colhida (Hectares), Quantidade Produzida (Toneladas) e Valor (Mil Reais) da Produção por Tipo de Lavoura Temporária - 2024 ri xingu.xlsx",Xingu,290432,125.0
Vitória do Xingu,4,240,48,2600,7800,15600,-,-,-,13 Xingu,44,"Área colhida (Hectares), Quantidade Produzida (Toneladas) e Valor (Mil Reais) da Produção por Tipo de Lavoura Temporária - 2024 ri xingu",20,"Tabela 44 - Área colhida (Hectares), Quantidade Produzida (Toneladas) e Valor (Mil Reais) da Produção por Tipo de Lavoura Temporária - 2024 ri xingu","..\..\Desktop\tabelas-powerBI\13 Xingu\Tabela 44 - Área colhida (Hectares), Quantidade Produzida (Toneladas) e Valor (Mil Reais) da Produção por Tipo de Lavoura Temporária - 2024 ri xingu.xlsx",Xingu,290432,600.0
Fonte: IBGE/PAM,,,,,,,,,,13 Xingu,44,"Área colhida (Hectares), Quantidade Produzida (Toneladas) e Valor (Mil Reais) da Produção por Tipo de Lavoura Temporária - 2024 ri xingu",20,"Tabela 44 - Área colhida (Hectares), Quantidade Produzida (Toneladas) e Valor (Mil Reais) da Produção por Tipo de Lavoura Temporária - 2024 ri xingu","..\..\Desktop\tabelas-powerBI\13 Xingu\Tabela 44 - Área colhida (Hectares), Quantidade Produzida (Toneladas) e Valor (Mil Reais) da Produção por Tipo de Lavoura Temporária - 2024 ri xingu.xlsx",Xingu,290432,
Elaboração: FAPESPA,,,,,,,,,,13 Xingu,44,"Área colhida (Hectares), Quantidade Produzida (Toneladas) e Valor (Mil Reais) da Produção por Tipo de Lavoura Temporária - 2024 ri xingu",20,"Tabela 44 - Área colhida (Hectares), Quantidade Produzida (Toneladas) e Valor (Mil Reais) da Produção por Tipo de Lavoura Temporária - 2024 ri xingu","..\..\Desktop\tabelas-powerBI\13 Xingu\Tabela 44 - Área colhida (Hectares), Quantidade Produzida (Toneladas) e Valor (Mil Reais) da Produção por Tipo de Lavoura Temporária - 2024 ri xingu.xlsx",Xingu,290432,
Nota: A quantidade produzida de abacaxi é expressa em mil frutos,,,,,,,,,,13 Xingu,44,"Área colhida (Hectares), Quantidade Produzida (Toneladas) e Valor (Mil Reais) da Produção por Tipo de Lavoura Temporária - 2024 ri xingu",20,"Tabela 44 - Área colhida (Hectares), Quantidade Produzida (Toneladas) e Valor (Mil Reais) da Produção por Tipo de Lavoura Temporária - 2024 ri xingu","..\..\Desktop\tabelas-powerBI\13 Xingu\Tabela 44 - Área colhida (Hectares), Quantidade Produzida (Toneladas) e Valor (Mil Reais) da Produção por Tipo de Lavoura Temporária - 2024 ri xingu.xlsx",Xingu,290432,
RI Xingu,71,3512,922,19400,66292,132176,46,1150,5385,13 Xingu,44,"Área colhida (Hectares), Quantidade Produzida (Toneladas) e Valor (Mil Reais) da Produção por Tipo de Lavoura Temporária - 2024 ri xingu",20,"Tabela 44 - Área colhida (Hectares), Quantidade Produzida (Toneladas) e Valor (Mil Reais) da Produção por Tipo de Lavoura Temporária - 2024 ri xingu","..\..\Desktop\tabelas-powerBI\13 Xingu\Tabela 44 - Área colhida (Hectares), Quantidade Produzida (Toneladas) e Valor (Mil Reais) da Produção por Tipo de Lavoura Temporária - 2024 ri xingu.xlsx",Xingu,1084062,6804.0
Altamira,20,1200,306,14000,50092,100184,5,125,500,13 Xingu,44,"Área colhida (Hectares), Quantidade Produzida (Toneladas) e Valor (Mil Reais) da Produção por Tipo de Lavoura Temporária - 2024 ri xingu",20,"Tabela 44 - Área colhida (Hectares), Quantidade Produzida (Toneladas) e Valor (Mil Reais) da Produção por Tipo de Lavoura Temporária - 2024 ri xingu","..\..\Desktop\tabelas-powerBI\13 Xingu\Tabela 44 - Área colhida (Hectares), Quantidade Produzida (Toneladas) e Valor (Mil Reais) da Produção por Tipo de Lavoura Temporária - 2024 ri xingu.xlsx",Xingu,1084062,309.0
Anapu,-,-,-,-,-,-,3,75,300,13 Xingu,44,"Área colhida (Hectares), Quantidade Produzida (Toneladas) e Valor (Mil Reais) da Produção por Tipo de Lavoura Temporária - 2024 ri xingu",20,"Tabela 44 - Área colhida (Hectares), Quantidade Produzida (Toneladas) e Valor (Mil Reais) da Produção por Tipo de Lavoura Temporária - 2024 ri xingu","..\..\Desktop\tabelas-powerBI\13 Xingu\Tabela 44 - Área colhida (Hectares), Quantidade Produzida (Toneladas) e Valor (Mil Reais) da Produção por Tipo de Lavoura Temporária - 2024 ri xingu.xlsx",Xingu,1084062,640.0
Brasil Novo,2,108,53,-,-,-,-,-,-,13 Xingu,44,"Área colhida (Hectares), Quantidade Produzida (Toneladas) e Valor (Mil Reais) da Produção por Tipo de Lavoura Temporária - 2024 ri xingu",20,"Tabela 44 - Área colhida (Hectares), Quantidade Produzida (Toneladas) e Valor (Mil Reais) da Produção por Tipo de Lavoura Temporária - 2024 ri xingu","..\..\Desktop\tabelas-powerBI\13 Xingu\Tabela 44 - Área colhida (Hectares), Quantidade Produzida (Toneladas) e Valor (Mil Reais) da Produção por Tipo de Lavoura Temporária - 2024 ri xingu.xlsx",Xingu,1084062,
Medicilândia,-,-,-,-,-,-,8,200,835,13 Xingu,44,"Área colhida (Hectares), Quantidade Produzida (Toneladas) e Valor (Mil Reais) da Produção por Tipo de Lavoura Temporária - 2024 ri xingu",20,"Tabela 44 - Área colhida (Hectares), Quantidade Produzida (Toneladas) e Valor (Mil Reais) da Produção por Tipo de Lavoura Temporária - 2024 ri xingu","..\..\Desktop\tabelas-powerBI\13 Xingu\Tabela 44 - Área colhida (Hectares), Quantidade Produzida (Toneladas) e Valor (Mil Reais) da Produção por Tipo de Lavoura Temporária - 2024 ri xingu.xlsx",Xingu,1084062,1034.0
Pacajá,10,600,300,-,-,-,-,-,-,13 Xingu,44,"Área colhida (Hectares), Quantidade Produzida (Toneladas) e Valor (Mil Reais) da Produção por Tipo de Lavoura Temporária - 2024 ri xingu",20,"Tabela 44 - Área colhida (Hectares), Quantidade Produzida (Toneladas) e Valor (Mil Reais) da Produção por Tipo de Lavoura Temporária - 2024 ri xingu","..\..\Desktop\tabelas-powerBI\13 Xingu\Tabela 44 - Área colhida (Hectares), Quantidade Produzida (Toneladas) e Valor (Mil Reais) da Produção por Tipo de Lavoura Temporária - 2024 ri xingu.xlsx",Xingu,1084062,265.0
Placas,5,55,22,2000,6000,12000,-,-,-,13 Xingu,44,"Área colhida (Hectares), Quantidade Produzida (Toneladas) e Valor (Mil Reais) da Produção por Tipo de Lavoura Temporária - 2024 ri xingu",20,"Tabela 44 - Área colhida (Hectares), Quantidade Produzida (Toneladas) e Valor (Mil Reais) da Produção por Tipo de Lavoura Temporária - 2024 ri xingu","..\..\Desktop\tabelas-powerBI\13 Xingu\Tabela 44 - Área colhida (Hectares), Quantidade Produzida (Toneladas) e Valor (Mil Reais) da Produção por Tipo de Lavoura Temporária - 2024 ri xingu.xlsx",Xingu,1084062,40.0
Porto de Moz,15,698,101,-,-,-,-,-,-,13 Xingu,44,"Área colhida (Hectares), Quantidade Produzida (Toneladas) e Valor (Mil Reais) da Produção por Tipo de Lavoura Temporária - 2024 ri xingu",20,"Tabela 44 - Área colhida (Hectares), Quantidade Produzida (Toneladas) e Valor (Mil Reais) da Produção por Tipo de Lavoura Temporária - 2024 ri xingu","..\..\Desktop\tabelas-powerBI\13 Xingu\Tabela 44 - Área colhida (Hectares), Quantidade Produzida (Toneladas) e Valor (Mil Reais) da Produção por Tipo de Lavoura Temporária - 2024 ri xingu.xlsx",Xingu,1084062,2744.0
Senador José Porfírio,15,611,92,-,-,-,-,-,-,13 Xingu,44,"Área colhida (Hectares), Quantidade Produzida (Toneladas) e Valor (Mil Reais) da Produção por Tipo de Lavoura Temporária - 2024 ri xingu",20,"Tabela 44 - Área colhida (Hectares), Quantidade Produzida (Toneladas) e Valor (Mil Reais) da Produção por Tipo de Lavoura Temporária - 2024 ri xingu","..\..\Desktop\tabelas-powerBI\13 Xingu\Tabela 44 - Área colhida (Hectares), Quantidade Produzida (Toneladas) e Valor (Mil Reais) da Produção por Tipo de Lavoura Temporária - 2024 ri xingu.xlsx",Xingu,1084062,250.0
Uruará,-,-,-,800,2400,4392,30,750,3750,13 Xingu,44,"Área colhida (Hectares), Quantidade Produzida (Toneladas) e Valor (Mil Reais) da Produção por Tipo de Lavoura Temporária - 2024 ri xingu",20,"Tabela 44 - Área colhida (Hectares), Quantidade Produzida (Toneladas) e Valor (Mil Reais) da Produção por Tipo de Lavoura Temporária - 2024 ri xingu","..\..\Desktop\tabelas-powerBI\13 Xingu\Tabela 44 - Área colhida (Hectares), Quantidade Produzida (Toneladas) e Valor (Mil Reais) da Produção por Tipo de Lavoura Temporária - 2024 ri xingu.xlsx",Xingu,1084062,322.0
Vitória do Xingu,4,240,48,2600,7800,15600,-,-,-,13 Xingu,44,"Área colhida (Hectares), Quantidade Produzida (Toneladas) e Valor (Mil Reais) da Produção por Tipo de Lavoura Temporária - 2024 ri xingu",20,"Tabela 44 - Área colhida (Hectares), Quantidade Produzida (Toneladas) e Valor (Mil Reais) da Produção por Tipo de Lavoura Temporária - 2024 ri xingu","..\..\Desktop\tabelas-powerBI\13 Xingu\Tabela 44 - Área colhida (Hectares), Quantidade Produzida (Toneladas) e Valor (Mil Reais) da Produção por Tipo de Lavoura Temporária - 2024 ri xingu.xlsx",Xingu,1084062,1200.0
Fonte: IBGE/PAM,,,,,,,,,,13 Xingu,44,"Área colhida (Hectares), Quantidade Produzida (Toneladas) e Valor (Mil Reais) da Produção por Tipo de Lavoura Temporária - 2024 ri xingu",20,"Tabela 44 - Área colhida (Hectares), Quantidade Produzida (Toneladas) e Valor (Mil Reais) da Produção por Tipo de Lavoura Temporária - 2024 ri xingu","..\..\Desktop\tabelas-powerBI\13 Xingu\Tabela 44 - Área colhida (Hectares), Quantidade Produzida (Toneladas) e Valor (Mil Reais) da Produção por Tipo de Lavoura Temporária - 2024 ri xingu.xlsx",Xingu,1084062,
Elaboração: FAPESPA,,,,,,,,,,13 Xingu,44,"Área colhida (Hectares), Quantidade Produzida (Toneladas) e Valor (Mil Reais) da Produção por Tipo de Lavoura Temporária - 2024 ri xingu",20,"Tabela 44 - Área colhida (Hectares), Quantidade Produzida (Toneladas) e Valor (Mil Reais) da Produção por Tipo de Lavoura Temporária - 2024 ri xingu","..\..\Desktop\tabelas-powerBI\13 Xingu\Tabela 44 - Área colhida (Hectares), Quantidade Produzida (Toneladas) e Valor (Mil Reais) da Produção por Tipo de Lavoura Temporária - 2024 ri xingu.xlsx",Xingu,1084062,
Nota: A quantidade produzida de abacaxi é expressa em mil frutos,,,,,,,,,,13 Xingu,44,"Área colhida (Hectares), Quantidade Produzida (Toneladas) e Valor (Mil Reais) da Produção por Tipo de Lavoura Temporária - 2024 ri xingu",20,"Tabela 44 - Área colhida (Hectares), Quantidade Produzida (Toneladas) e Valor (Mil Reais) da Produção por Tipo de Lavoura Temporária - 2024 ri xingu","..\..\Desktop\tabelas-powerBI\13 Xingu\Tabela 44 - Área colhida (Hectares), Quantidade Produzida (Toneladas) e Valor (Mil Reais) da Produção por Tipo de Lavoura Temporária - 2024 ri xingu.xlsx",Xingu,1084062,
RI Xingu,71,3512,922,19400,66292,132176,46,1150,5385,13 Xingu,44,"Área colhida (Hectares), Quantidade Produzida (Toneladas) e Valor (Mil Reais) da Produção por Tipo de Lavoura Temporária - 2024 ri xingu",20,"Tabela 44 - Área colhida (Hectares), Quantidade Produzida (Toneladas) e Valor (Mil Reais) da Produção por Tipo de Lavoura Temporária - 2024 ri xingu","..\..\Desktop\tabelas-powerBI\13 Xingu\Tabela 44 - Área colhida (Hectares), Quantidade Produzida (Toneladas) e Valor (Mil Reais) da Produção por Tipo de Lavoura Temporária - 2024 ri xingu.xlsx",Xingu,45449,5298.0
Altamira,20,1200,306,14000,50092,100184,5,125,500,13 Xingu,44,"Área colhida (Hectares), Quantidade Produzida (Toneladas) e Valor (Mil Reais) da Produção por Tipo de Lavoura Temporária - 2024 ri xingu",20,"Tabela 44 - Área colhida (Hectares), Quantidade Produzida (Toneladas) e Valor (Mil Reais) da Produção por Tipo de Lavoura Temporária - 2024 ri xingu","..\..\Desktop\tabelas-powerBI\13 Xingu\Tabela 44 - Área colhida (Hectares), Quantidade Produzida (Toneladas) e Valor (Mil Reais) da Produção por Tipo de Lavoura Temporária - 2024 ri xingu.xlsx",Xingu,45449,3150.0
Anapu,-,-,-,-,-,-,3,75,300,13 Xingu,44,"Área colhida (Hectares), Quantidade Produzida (Toneladas) e Valor (Mil Reais) da Produção por Tipo de Lavoura Temporária - 2024 ri xingu",20,"Tabela 44 - Área colhida (Hectares), Quantidade Produzida (Toneladas) e Valor (Mil Reais) da Produção por Tipo de Lavoura Temporária - 2024 ri xingu","..\..\Desktop\tabelas-powerBI\13 Xingu\Tabela 44 - Área colhida (Hectares), Quantidade Produzida (Toneladas) e Valor (Mil Reais) da Produção por Tipo de Lavoura Temporária - 2024 ri xingu.xlsx",Xingu,45449,110.0
Brasil Novo,2,108,53,-,-,-,-,-,-,13 Xingu,44,"Área colhida (Hectares), Quantidade Produzida (Toneladas) e Valor (Mil Reais) da Produção por Tipo de Lavoura Temporária - 2024 ri xingu",20,"Tabela 44 - Área colhida (Hectares), Quantidade Produzida (Toneladas) e Valor (Mil Reais) da Produção por Tipo de Lavoura Temporária - 2024 ri xingu","..\..\Desktop\tabelas-powerBI\13 Xingu\Tabela 44 - Área colhida (Hectares), Quantidade Produzida (Toneladas) e Valor (Mil Reais) da Produção por Tipo de Lavoura Temporária - 2024 ri xingu.xlsx",Xingu,45449,3.0
Medicilândia,-,-,-,-,-,-,8,200,835,13 Xingu,44,"Área colhida (Hectares), Quantidade Produzida (Toneladas) e Valor (Mil Reais) da Produção por Tipo de Lavoura Temporária - 2024 ri xingu",20,"Tabela 44 - Área colhida (Hectares), Quantidade Produzida (Toneladas) e Valor (Mil Reais) da Produção por Tipo de Lavoura Temporária - 2024 ri xingu","..\..\Desktop\tabelas-powerBI\13 Xingu\Tabela 44 - Área colhida (Hectares), Quantidade Produzida (Toneladas) e Valor (Mil Reais) da Produção por Tipo de Lavoura Temporária - 2024 ri xingu.xlsx",Xingu,45449,15.0
Pacajá,10,600,300,-,-,-,-,-,-,13 Xingu,44,"Área colhida (Hectares), Quantidade Produzida (Toneladas) e Valor (Mil Reais) da Produção por Tipo de Lavoura Temporária - 2024 ri xingu",20,"Tabela 44 - Área colhida (Hectares), Quantidade Produzida (Toneladas) e Valor (Mil Reais) da Produção por Tipo de Lavoura Temporária - 2024 ri xingu","..\..\Desktop\tabelas-powerBI\13 Xingu\Tabela 44 - Área colhida (Hectares), Quantidade Produzida (Toneladas) e Valor (Mil Reais) da Produção por Tipo de Lavoura Temporária - 2024 ri xingu.xlsx",Xingu,45449,300.0
Placas,5,55,22,2000,6000,12000,-,-,-,13 Xingu,44,"Área colhida (Hectares), Quantidade Produzida (Toneladas) e Valor (Mil Reais) da Produção por Tipo de Lavoura Temporária - 2024 ri xingu",20,"Tabela 44 - Área colhida (Hectares), Quantidade Produzida (Toneladas) e Valor (Mil Reais) da Produção por Tipo de Lavoura Temporária - 2024 ri xingu","..\..\Desktop\tabelas-powerBI\13 Xingu\Tabela 44 - Área colhida (Hectares), Quantidade Produzida (Toneladas) e Valor (Mil Reais) da Produção por Tipo de Lavoura Temporária - 2024 ri xingu.xlsx",Xingu,45449,1000.0
Porto de Moz,15,698,101,-,-,-,-,-,-,13 Xingu,44,"Área colhida (Hectares), Quantidade Produzida (Toneladas) e Valor (Mil Reais) da Produção por Tipo de Lavoura Temporária - 2024 ri xingu",20,"Tabela 44 - Área colhida (Hectares), Quantidade Produzida (Toneladas) e Valor (Mil Reais) da Produção por Tipo de Lavoura Temporária - 2024 ri xingu","..\..\Desktop\tabelas-powerBI\13 Xingu\Tabela 44 - Área colhida (Hectares), Quantidade Produzida (Toneladas) e Valor (Mil Reais) da Produção por Tipo de Lavoura Temporária - 2024 ri xingu.xlsx",Xingu,45449,120.0
Senador José Porfírio,15,611,92,-,-,-,-,-,-,13 Xingu,44,"Área colhida (Hectares), Quantidade Produzida (Toneladas) e Valor (Mil Reais) da Produção por Tipo de Lavoura Temporária - 2024 ri xingu",20,"Tabela 44 - Área colhida (Hectares), Quantidade Produzida (Toneladas) e Valor (Mil Reais) da Produção por Tipo de Lavoura Temporária - 2024 ri xingu","..\..\Desktop\tabelas-powerBI\13 Xingu\Tabela 44 - Área colhida (Hectares), Quantidade Produzida (Toneladas) e Valor (Mil Reais) da Produção por Tipo de Lavoura Temporária - 2024 ri xingu.xlsx",Xingu,45449,80.0
Uruará,-,-,-,800,2400,4392,30,750,3750,13 Xingu,44,"Área colhida (Hectares), Quantidade Produzida (Toneladas) e Valor (Mil Reais) da Produção por Tipo de Lavoura Temporária - 2024 ri xingu",20,"Tabela 44 - Área colhida (Hectares), Quantidade Produzida (Toneladas) e Valor (Mil Reais) da Produção por Tipo de Lavoura Temporária - 2024 ri xingu","..\..\Desktop\tabelas-powerBI\13 Xingu\Tabela 44 - Área colhida (Hectares), Quantidade Produzida (Toneladas) e Valor (Mil Reais) da Produção por Tipo de Lavoura Temporária - 2024 ri xingu.xlsx",Xingu,45449,500.0
Vitória do Xingu,4,240,48,2600,7800,15600,-,-,-,13 Xingu,44,"Área colhida (Hectares), Quantidade Produzida (Toneladas) e Valor (Mil Reais) da Produção por Tipo de Lavoura Temporária - 2024 ri xingu",20,"Tabela 44 - Área colhida (Hectares), Quantidade Produzida (Toneladas) e Valor (Mil Reais) da Produção por Tipo de Lavoura Temporária - 2024 ri xingu","..\..\Desktop\tabelas-powerBI\13 Xingu\Tabela 44 - Área colhida (Hectares), Quantidade Produzida (Toneladas) e Valor (Mil Reais) da Produção por Tipo de Lavoura Temporária - 2024 ri xingu.xlsx",Xingu,45449,20.0
Fonte: IBGE/PAM,,,,,,,,,,13 Xingu,44,"Área colhida (Hectares), Quantidade Produzida (Toneladas) e Valor (Mil Reais) da Produção por Tipo de Lavoura Temporária - 2024 ri xingu",20,"Tabela 44 - Área colhida (Hectares), Quantidade Produzida (Toneladas) e Valor (Mil Reais) da Produção por Tipo de Lavoura Temporária - 2024 ri xingu","..\..\Desktop\tabelas-powerBI\13 Xingu\Tabela 44 - Área colhida (Hectares), Quantidade Produzida (Toneladas) e Valor (Mil Reais) da Produção por Tipo de Lavoura Temporária - 2024 ri xingu.xlsx",Xingu,45449,
Elaboração: FAPESPA,,,,,,,,,,13 Xingu,44,"Área colhida (Hectares), Quantidade Produzida (Toneladas) e Valor (Mil Reais) da Produção por Tipo de Lavoura Temporária - 2024 ri xingu",20,"Tabela 44 - Área colhida (Hectares), Quantidade Produzida (Toneladas) e Valor (Mil Reais) da Produção por Tipo de Lavoura Temporária - 2024 ri xingu","..\..\Desktop\tabelas-powerBI\13 Xingu\Tabela 44 - Área colhida (Hectares), Quantidade Produzida (Toneladas) e Valor (Mil Reais) da Produção por Tipo de Lavoura Temporária - 2024 ri xingu.xlsx",Xingu,45449,
Nota: A quantidade produzida de abacaxi é expressa em mil frutos,,,,,,,,,,13 Xingu,44,"Área colhida (Hectares), Quantidade Produzida (Toneladas) e Valor (Mil Reais) da Produção por Tipo de Lavoura Temporária - 2024 ri xingu",20,"Tabela 44 - Área colhida (Hectares), Quantidade Produzida (Toneladas) e Valor (Mil Reais) da Produção por Tipo de Lavoura Temporária - 2024 ri xingu","..\..\Desktop\tabelas-powerBI\13 Xingu\Tabela 44 - Área colhida (Hectares), Quantidade Produzida (Toneladas) e Valor (Mil Reais) da Produção por Tipo de Lavoura Temporária - 2024 ri xingu.xlsx",Xingu,45449,
RI Xingu,71,3512,922,19400,66292,132176,46,1150,5385,13 Xingu,44,"Área colhida (Hectares), Quantidade Produzida (Toneladas) e Valor (Mil Reais) da Produção por Tipo de Lavoura Temporária - 2024 ri xingu",20,"Tabela 44 - Área colhida (Hectares), Quantidade Produzida (Toneladas) e Valor (Mil Reais) da Produção por Tipo de Lavoura Temporária - 2024 ri xingu","..\..\Desktop\tabelas-powerBI\13 Xingu\Tabela 44 - Área colhida (Hectares), Quantidade Produzida (Toneladas) e Valor (Mil Reais) da Produção por Tipo de Lavoura Temporária - 2024 ri xingu.xlsx",Xingu,148884,17596.0
Altamira,20,1200,306,14000,50092,100184,5,125,500,13 Xingu,44,"Área colhida (Hectares), Quantidade Produzida (Toneladas) e Valor (Mil Reais) da Produção por Tipo de Lavoura Temporária - 2024 ri xingu",20,"Tabela 44 - Área colhida (Hectares), Quantidade Produzida (Toneladas) e Valor (Mil Reais) da Produção por Tipo de Lavoura Temporária - 2024 ri xingu","..\..\Desktop\tabelas-powerBI\13 Xingu\Tabela 44 - Área colhida (Hectares), Quantidade Produzida (Toneladas) e Valor (Mil Reais) da Produção por Tipo de Lavoura Temporária - 2024 ri xingu.xlsx",Xingu,148884,12310.0
Anapu,-,-,-,-,-,-,3,75,300,13 Xingu,44,"Área colhida (Hectares), Quantidade Produzida (Toneladas) e Valor (Mil Reais) da Produção por Tipo de Lavoura Temporária - 2024 ri xingu",20,"Tabela 44 - Área colhida (Hectares), Quantidade Produzida (Toneladas) e Valor (Mil Reais) da Produção por Tipo de Lavoura Temporária - 2024 ri xingu","..\..\Desktop\tabelas-powerBI\13 Xingu\Tabela 44 - Área colhida (Hectares), Quantidade Produzida (Toneladas) e Valor (Mil Reais) da Produção por Tipo de Lavoura Temporária - 2024 ri xingu.xlsx",Xingu,148884,277.0
Brasil Novo,2,108,53,-,-,-,-,-,-,13 Xingu,44,"Área colhida (Hectares), Quantidade Produzida (Toneladas) e Valor (Mil Reais) da Produção por Tipo de Lavoura Temporária - 2024 ri xingu",20,"Tabela 44 - Área colhida (Hectares), Quantidade Produzida (Toneladas) e Valor (Mil Reais) da Produção por Tipo de Lavoura Temporária - 2024 ri xingu","..\..\Desktop\tabelas-powerBI\13 Xingu\Tabela 44 - Área colhida (Hectares), Quantidade Produzida (Toneladas) e Valor (Mil Reais) da Produção por Tipo de Lavoura Temporária - 2024 ri xingu.xlsx",Xingu,148884,5.0
Medicilândia,-,-,-,-,-,-,8,200,835,13 Xingu,44,"Área colhida (Hectares), Quantidade Produzida (Toneladas) e Valor (Mil Reais) da Produção por Tipo de Lavoura Temporária - 2024 ri xingu",20,"Tabela 44 - Área colhida (Hectares), Quantidade Produzida (Toneladas) e Valor (Mil Reais) da Produção por Tipo de Lavoura Temporária - 2024 ri xingu","..\..\Desktop\tabelas-powerBI\13 Xingu\Tabela 44 - Área colhida (Hectares), Quantidade Produzida (Toneladas) e Valor (Mil Reais) da Produção por Tipo de Lavoura Temporária - 2024 ri xingu.xlsx",Xingu,148884,23.0
Pacajá,10,600,300,-,-,-,-,-,-,13 Xingu,44,"Área colhida (Hectares), Quantidade Produzida (Toneladas) e Valor (Mil Reais) da Produção por Tipo de Lavoura Temporária - 2024 ri xingu",20,"Tabela 44 - Área colhida (Hectares), Quantidade Produzida (Toneladas) e Valor (Mil Reais) da Produção por Tipo de Lavoura Temporária - 2024 ri xingu","..\..\Desktop\tabelas-powerBI\13 Xingu\Tabela 44 - Área colhida (Hectares), Quantidade Produzida (Toneladas) e Valor (Mil Reais) da Produção por Tipo de Lavoura Temporária - 2024 ri xingu.xlsx",Xingu,148884,450.0
Placas,5,55,22,2000,6000,12000,-,-,-,13 Xingu,44,"Área colhida (Hectares), Quantidade Produzida (Toneladas) e Valor (Mil Reais) da Produção por Tipo de Lavoura Temporária - 2024 ri xingu",20,"Tabela 44 - Área colhida (Hectares), Quantidade Produzida (Toneladas) e Valor (Mil Reais) da Produção por Tipo de Lavoura Temporária - 2024 ri xingu","..\..\Desktop\tabelas-powerBI\13 Xingu\Tabela 44 - Área colhida (Hectares), Quantidade Produzida (Toneladas) e Valor (Mil Reais) da Produção por Tipo de Lavoura Temporária - 2024 ri xingu.xlsx",Xingu,148884,3300.0
Porto de Moz,15,698,101,-,-,-,-,-,-,13 Xingu,44,"Área colhida (Hectares), Quantidade Produzida (Toneladas) e Valor (Mil Reais) da Produção por Tipo de Lavoura Temporária - 2024 ri xingu",20,"Tabela 44 - Área colhida (Hectares), Quantidade Produzida (Toneladas) e Valor (Mil Reais) da Produção por Tipo de Lavoura Temporária - 2024 ri xingu","..\..\Desktop\tabelas-powerBI\13 Xingu\Tabela 44 - Área colhida (Hectares), Quantidade Produzida (Toneladas) e Valor (Mil Reais) da Produção por Tipo de Lavoura Temporária - 2024 ri xingu.xlsx",Xingu,148884,156.0
Senador José Porfírio,15,611,92,-,-,-,-,-,-,13 Xingu,44,"Área colhida (Hectares), Quantidade Produzida (Toneladas) e Valor (Mil Reais) da Produção por Tipo de Lavoura Temporária - 2024 ri xingu",20,"Tabela 44 - Área colhida (Hectares), Quantidade Produzida (Toneladas) e Valor (Mil Reais) da Produção por Tipo de Lavoura Temporária - 2024 ri xingu","..\..\Desktop\tabelas-powerBI\13 Xingu\Tabela 44 - Área colhida (Hectares), Quantidade Produzida (Toneladas) e Valor (Mil Reais) da Produção por Tipo de Lavoura Temporária - 2024 ri xingu.xlsx",Xingu,148884,159.0
Uruará,-,-,-,800,2400,4392,30,750,3750,13 Xingu,44,"Área colhida (Hectares), Quantidade Produzida (Toneladas) e Valor (Mil Reais) da Produção por Tipo de Lavoura Temporária - 2024 ri xingu",20,"Tabela 44 - Área colhida (Hectares), Quantidade Produzida (Toneladas) e Valor (Mil Reais) da Produção por Tipo de Lavoura Temporária - 2024 ri xingu","..\..\Desktop\tabelas-powerBI\13 Xingu\Tabela 44 - Área colhida (Hectares), Quantidade Produzida (Toneladas) e Valor (Mil Reais) da Produção por Tipo de Lavoura Temporária - 2024 ri xingu.xlsx",Xingu,148884,886.0
Vitória do Xingu,4,240,48,2600,7800,15600,-,-,-,13 Xingu,44,"Área colhida (Hectares), Quantidade Produzida (Toneladas) e Valor (Mil Reais) da Produção por Tipo de Lavoura Temporária - 2024 ri xingu",20,"Tabela 44 - Área colhida (Hectares), Quantidade Produzida (Toneladas) e Valor (Mil Reais) da Produção por Tipo de Lavoura Temporária - 2024 ri xingu","..\..\Desktop\tabelas-powerBI\13 Xingu\Tabela 44 - Área colhida (Hectares), Quantidade Produzida (Toneladas) e Valor (Mil Reais) da Produção por Tipo de Lavoura Temporária - 2024 ri xingu.xlsx",Xingu,148884,30.0
Fonte: IBGE/PAM,,,,,,,,,,13 Xingu,44,"Área colhida (Hectares), Quantidade Produzida (Toneladas) e Valor (Mil Reais) da Produção por Tipo de Lavoura Temporária - 2024 ri xingu",20,"Tabela 44 - Área colhida (Hectares), Quantidade Produzida (Toneladas) e Valor (Mil Reais) da Produção por Tipo de Lavoura Temporária - 2024 ri xingu","..\..\Desktop\tabelas-powerBI\13 Xingu\Tabela 44 - Área colhida (Hectares), Quantidade Produzida (Toneladas) e Valor (Mil Reais) da Produção por Tipo de Lavoura Temporária - 2024 ri xingu.xlsx",Xingu,148884,
Elaboração: FAPESPA,,,,,,,,,,13 Xingu,44,"Área colhida (Hectares), Quantidade Produzida (Toneladas) e Valor (Mil Reais) da Produção por Tipo de Lavoura Temporária - 2024 ri xingu",20,"Tabela 44 - Área colhida (Hectares), Quantidade Produzida (Toneladas) e Valor (Mil Reais) da Produção por Tipo de Lavoura Temporária - 2024 ri xingu","..\..\Desktop\tabelas-powerBI\13 Xingu\Tabela 44 - Área colhida (Hectares), Quantidade Produzida (Toneladas) e Valor (Mil Reais) da Produção por Tipo de Lavoura Temporária - 2024 ri xingu.xlsx",Xingu,148884,
Nota: A quantidade produzida de abacaxi é expressa em mil frutos,,,,,,,,,,13 Xingu,44,"Área colhida (Hectares), Quantidade Produzida (Toneladas) e Valor (Mil Reais) da Produção por Tipo de Lavoura Temporária - 2024 ri xingu",20,"Tabela 44 - Área colhida (Hectares), Quantidade Produzida (Toneladas) e Valor (Mil Reais) da Produção por Tipo de Lavoura Temporária - 2024 ri xingu","..\..\Desktop\tabelas-powerBI\13 Xingu\Tabela 44 - Área colhida (Hectares), Quantidade Produzida (Toneladas) e Valor (Mil Reais) da Produção por Tipo de Lavoura Temporária - 2024 ri xingu.xlsx",Xingu,148884,
RI Xingu,71,3512,922,19400,66292,132176,46,1150,5385,13 Xingu,44,"Área colhida (Hectares), Quantidade Produzida (Toneladas) e Valor (Mil Reais) da Produção por Tipo de Lavoura Temporária - 2024 ri xingu",20,"Tabela 44 - Área colhida (Hectares), Quantidade Produzida (Toneladas) e Valor (Mil Reais) da Produção por Tipo de Lavoura Temporária - 2024 ri xingu","..\..\Desktop\tabelas-powerBI\13 Xingu\Tabela 44 - Área colhida (Hectares), Quantidade Produzida (Toneladas) e Valor (Mil Reais) da Produção por Tipo de Lavoura Temporária - 2024 ri xingu.xlsx",Xingu,233792,29519.0
Altamira,20,1200,306,14000,50092,100184,5,125,500,13 Xingu,44,"Área colhida (Hectares), Quantidade Produzida (Toneladas) e Valor (Mil Reais) da Produção por Tipo de Lavoura Temporária - 2024 ri xingu",20,"Tabela 44 - Área colhida (Hectares), Quantidade Produzida (Toneladas) e Valor (Mil Reais) da Produção por Tipo de Lavoura Temporária - 2024 ri xingu","..\..\Desktop\tabelas-powerBI\13 Xingu\Tabela 44 - Área colhida (Hectares), Quantidade Produzida (Toneladas) e Valor (Mil Reais) da Produção por Tipo de Lavoura Temporária - 2024 ri xingu.xlsx",Xingu,233792,20435.0
Anapu,-,-,-,-,-,-,3,75,300,13 Xingu,44,"Área colhida (Hectares), Quantidade Produzida (Toneladas) e Valor (Mil Reais) da Produção por Tipo de Lavoura Temporária - 2024 ri xingu",20,"Tabela 44 - Área colhida (Hectares), Quantidade Produzida (Toneladas) e Valor (Mil Reais) da Produção por Tipo de Lavoura Temporária - 2024 ri xingu","..\..\Desktop\tabelas-powerBI\13 Xingu\Tabela 44 - Área colhida (Hectares), Quantidade Produzida (Toneladas) e Valor (Mil Reais) da Produção por Tipo de Lavoura Temporária - 2024 ri xingu.xlsx",Xingu,233792,442.0
Brasil Novo,2,108,53,-,-,-,-,-,-,13 Xingu,44,"Área colhida (Hectares), Quantidade Produzida (Toneladas) e Valor (Mil Reais) da Produção por Tipo de Lavoura Temporária - 2024 ri xingu",20,"Tabela 44 - Área colhida (Hectares), Quantidade Produzida (Toneladas) e Valor (Mil Reais) da Produção por Tipo de Lavoura Temporária - 2024 ri xingu","..\..\Desktop\tabelas-powerBI\13 Xingu\Tabela 44 - Área colhida (Hectares), Quantidade Produzida (Toneladas) e Valor (Mil Reais) da Produção por Tipo de Lavoura Temporária - 2024 ri xingu.xlsx",Xingu,233792,8.0
Medicilândia,-,-,-,-,-,-,8,200,835,13 Xingu,44,"Área colhida (Hectares), Quantidade Produzida (Toneladas) e Valor (Mil Reais) da Produção por Tipo de Lavoura Temporária - 2024 ri xingu",20,"Tabela 44 - Área colhida (Hectares), Quantidade Produzida (Toneladas) e Valor (Mil Reais) da Produção por Tipo de Lavoura Temporária - 2024 ri xingu","..\..\Desktop\tabelas-powerBI\13 Xingu\Tabela 44 - Área colhida (Hectares), Quantidade Produzida (Toneladas) e Valor (Mil Reais) da Produção por Tipo de Lavoura Temporária - 2024 ri xingu.xlsx",Xingu,233792,46.0
Pacajá,10,600,300,-,-,-,-,-,-,13 Xingu,44,"Área colhida (Hectares), Quantidade Produzida (Toneladas) e Valor (Mil Reais) da Produção por Tipo de Lavoura Temporária - 2024 ri xingu",20,"Tabela 44 - Área colhida (Hectares), Quantidade Produzida (Toneladas) e Valor (Mil Reais) da Produção por Tipo de Lavoura Temporária - 2024 ri xingu","..\..\Desktop\tabelas-powerBI\13 Xingu\Tabela 44 - Área colhida (Hectares), Quantidade Produzida (Toneladas) e Valor (Mil Reais) da Produção por Tipo de Lavoura Temporária - 2024 ri xingu.xlsx",Xingu,233792,900.0
Placas,5,55,22,2000,6000,12000,-,-,-,13 Xingu,44,"Área colhida (Hectares), Quantidade Produzida (Toneladas) e Valor (Mil Reais) da Produção por Tipo de Lavoura Temporária - 2024 ri xingu",20,"Tabela 44 - Área colhida (Hectares), Quantidade Produzida (Toneladas) e Valor (Mil Reais) da Produção por Tipo de Lavoura Temporária - 2024 ri xingu","..\..\Desktop\tabelas-powerBI\13 Xingu\Tabela 44 - Área colhida (Hectares), Quantidade Produzida (Toneladas) e Valor (Mil Reais) da Produção por Tipo de Lavoura Temporária - 2024 ri xingu.xlsx",Xingu,233792,5775.0
Porto de Moz,15,698,101,-,-,-,-,-,-,13 Xingu,44,"Área colhida (Hectares), Quantidade Produzida (Toneladas) e Valor (Mil Reais) da Produção por Tipo de Lavoura Temporária - 2024 ri xingu",20,"Tabela 44 - Área colhida (Hectares), Quantidade Produzida (Toneladas) e Valor (Mil Reais) da Produção por Tipo de Lavoura Temporária - 2024 ri xingu","..\..\Desktop\tabelas-powerBI\13 Xingu\Tabela 44 - Área colhida (Hectares), Quantidade Produzida (Toneladas) e Valor (Mil Reais) da Produção por Tipo de Lavoura Temporária - 2024 ri xingu.xlsx",Xingu,233792,285.0
Senador José Porfírio,15,611,92,-,-,-,-,-,-,13 Xingu,44,"Área colhida (Hectares), Quantidade Produzida (Toneladas) e Valor (Mil Reais) da Produção por Tipo de Lavoura Temporária - 2024 ri xingu",20,"Tabela 44 - Área colhida (Hectares), Quantidade Produzida (Toneladas) e Valor (Mil Reais) da Produção por Tipo de Lavoura Temporária - 2024 ri xingu","..\..\Desktop\tabelas-powerBI\13 Xingu\Tabela 44 - Área colhida (Hectares), Quantidade Produzida (Toneladas) e Valor (Mil Reais) da Produção por Tipo de Lavoura Temporária - 2024 ri xingu.xlsx",Xingu,233792,239.0
Uruará,-,-,-,800,2400,4392,30,750,3750,13 Xingu,44,"Área colhida (Hectares), Quantidade Produzida (Toneladas) e Valor (Mil Reais) da Produção por Tipo de Lavoura Temporária - 2024 ri xingu",20,"Tabela 44 - Área colhida (Hectares), Quantidade Produzida (Toneladas) e Valor (Mil Reais) da Produção por Tipo de Lavoura Temporária - 2024 ri xingu","..\..\Desktop\tabelas-powerBI\13 Xingu\Tabela 44 - Área colhida (Hectares), Quantidade Produzida (Toneladas) e Valor (Mil Reais) da Produção por Tipo de Lavoura Temporária - 2024 ri xingu.xlsx",Xingu,233792,1329.0
Vitória do Xingu,4,240,48,2600,7800,15600,-,-,-,13 Xingu,44,"Área colhida (Hectares), Quantidade Produzida (Toneladas) e Valor (Mil Reais) da Produção por Tipo de Lavoura Temporária - 2024 ri xingu",20,"Tabela 44 - Área colhida (Hectares), Quantidade Produzida (Toneladas) e Valor (Mil Reais) da Produção por Tipo de Lavoura Temporária - 2024 ri xingu","..\..\Desktop\tabelas-powerBI\13 Xingu\Tabela 44 - Área colhida (Hectares), Quantidade Produzida (Toneladas) e Valor (Mil Reais) da Produção por Tipo de Lavoura Temporária - 2024 ri xingu.xlsx",Xingu,233792,60.0
Fonte: IBGE/PAM,,,,,,,,,,13 Xingu,44,"Área colhida (Hectares), Quantidade Produzida (Toneladas) e Valor (Mil Reais) da Produção por Tipo de Lavoura Temporária - 2024 ri xingu",20,"Tabela 44 - Área colhida (Hectares), Quantidade Produzida (Toneladas) e Valor (Mil Reais) da Produção por Tipo de Lavoura Temporária - 2024 ri xingu","..\..\Desktop\tabelas-powerBI\13 Xingu\Tabela 44 - Área colhida (Hectares), Quantidade Produzida (Toneladas) e Valor (Mil Reais) da Produção por Tipo de Lavoura Temporária - 2024 ri xingu.xlsx",Xingu,233792,
Elaboração: FAPESPA,,,,,,,,,,13 Xingu,44,"Área colhida (Hectares), Quantidade Produzida (Toneladas) e Valor (Mil Reais) da Produção por Tipo de Lavoura Temporária - 2024 ri xingu",20,"Tabela 44 - Área colhida (Hectares), Quantidade Produzida (Toneladas) e Valor (Mil Reais) da Produção por Tipo de Lavoura Temporária - 2024 ri xingu","..\..\Desktop\tabelas-powerBI\13 Xingu\Tabela 44 - Área colhida (Hectares), Quantidade Produzida (Toneladas) e Valor (Mil Reais) da Produção por Tipo de Lavoura Temporária - 2024 ri xingu.xlsx",Xingu,233792,
Nota: A quantidade produzida de abacaxi é expressa em mil frutos,,,,,,,,,,13 Xingu,44,"Área colhida (Hectares), Quantidade Produzida (Toneladas) e Valor (Mil Reais) da Produção por Tipo de Lavoura Temporária - 2024 ri xingu",20,"Tabela 44 - Área colhida (Hectares), Quantidade Produzida (Toneladas) e Valor (Mil Reais) da Produção por Tipo de Lavoura Temporária - 2024 ri xingu","..\..\Desktop\tabelas-powerBI\13 Xingu\Tabela 44 - Área colhida (Hectares), Quantidade Produzida (Toneladas) e Valor (Mil Reais) da Produção por Tipo de Lavoura Temporária - 2024 ri xingu.xlsx",Xingu,233792,
RI Xingu,71,3512,922,19400,66292,132176,46,1150,5385,13 Xingu,44,"Área colhida (Hectares), Quantidade Produzida (Toneladas) e Valor (Mil Reais) da Produção por Tipo de Lavoura Temporária - 2024 ri xingu",20,"Tabela 44 - Área colhida (Hectares), Quantidade Produzida (Toneladas) e Valor (Mil Reais) da Produção por Tipo de Lavoura Temporária - 2024 ri xingu","..\..\Desktop\tabelas-powerBI\13 Xingu\Tabela 44 - Área colhida (Hectares), Quantidade Produzida (Toneladas) e Valor (Mil Reais) da Produção por Tipo de Lavoura Temporária - 2024 ri xingu.xlsx",Xingu,21320,1803.0
Altamira,20,1200,306,14000,50092,100184,5,125,500,13 Xingu,44,"Área colhida (Hectares), Quantidade Produzida (Toneladas) e Valor (Mil Reais) da Produção por Tipo de Lavoura Temporária - 2024 ri xingu",20,"Tabela 44 - Área colhida (Hectares), Quantidade Produzida (Toneladas) e Valor (Mil Reais) da Produção por Tipo de Lavoura Temporária - 2024 ri xingu","..\..\Desktop\tabelas-powerBI\13 Xingu\Tabela 44 - Área colhida (Hectares), Quantidade Produzida (Toneladas) e Valor (Mil Reais) da Produção por Tipo de Lavoura Temporária - 2024 ri xingu.xlsx",Xingu,21320,400.0
Anapu,-,-,-,-,-,-,3,75,300,13 Xingu,44,"Área colhida (Hectares), Quantidade Produzida (Toneladas) e Valor (Mil Reais) da Produção por Tipo de Lavoura Temporária - 2024 ri xingu",20,"Tabela 44 - Área colhida (Hectares), Quantidade Produzida (Toneladas) e Valor (Mil Reais) da Produção por Tipo de Lavoura Temporária - 2024 ri xingu","..\..\Desktop\tabelas-powerBI\13 Xingu\Tabela 44 - Área colhida (Hectares), Quantidade Produzida (Toneladas) e Valor (Mil Reais) da Produção por Tipo de Lavoura Temporária - 2024 ri xingu.xlsx",Xingu,21320,260.0
Brasil Novo,2,108,53,-,-,-,-,-,-,13 Xingu,44,"Área colhida (Hectares), Quantidade Produzida (Toneladas) e Valor (Mil Reais) da Produção por Tipo de Lavoura Temporária - 2024 ri xingu",20,"Tabela 44 - Área colhida (Hectares), Quantidade Produzida (Toneladas) e Valor (Mil Reais) da Produção por Tipo de Lavoura Temporária - 2024 ri xingu","..\..\Desktop\tabelas-powerBI\13 Xingu\Tabela 44 - Área colhida (Hectares), Quantidade Produzida (Toneladas) e Valor (Mil Reais) da Produção por Tipo de Lavoura Temporária - 2024 ri xingu.xlsx",Xingu,21320,18.0
Medicilândia,-,-,-,-,-,-,8,200,835,13 Xingu,44,"Área colhida (Hectares), Quantidade Produzida (Toneladas) e Valor (Mil Reais) da Produção por Tipo de Lavoura Temporária - 2024 ri xingu",20,"Tabela 44 - Área colhida (Hectares), Quantidade Produzida (Toneladas) e Valor (Mil Reais) da Produção por Tipo de Lavoura Temporária - 2024 ri xingu","..\..\Desktop\tabelas-powerBI\13 Xingu\Tabela 44 - Área colhida (Hectares), Quantidade Produzida (Toneladas) e Valor (Mil Reais) da Produção por Tipo de Lavoura Temporária - 2024 ri xingu.xlsx",Xingu,21320,75.0
Pacajá,10,600,300,-,-,-,-,-,-,13 Xingu,44,"Área colhida (Hectares), Quantidade Produzida (Toneladas) e Valor (Mil Reais) da Produção por Tipo de Lavoura Temporária - 2024 ri xingu",20,"Tabela 44 - Área colhida (Hectares), Quantidade Produzida (Toneladas) e Valor (Mil Reais) da Produção por Tipo de Lavoura Temporária - 2024 ri xingu","..\..\Desktop\tabelas-powerBI\13 Xingu\Tabela 44 - Área colhida (Hectares), Quantidade Produzida (Toneladas) e Valor (Mil Reais) da Produção por Tipo de Lavoura Temporária - 2024 ri xingu.xlsx",Xingu,21320,650.0
Placas,5,55,22,2000,6000,12000,-,-,-,13 Xingu,44,"Área colhida (Hectares), Quantidade Produzida (Toneladas) e Valor (Mil Reais) da Produção por Tipo de Lavoura Temporária - 2024 ri xingu",20,"Tabela 44 - Área colhida (Hectares), Quantidade Produzida (Toneladas) e Valor (Mil Reais) da Produção por Tipo de Lavoura Temporária - 2024 ri xingu","..\..\Desktop\tabelas-powerBI\13 Xingu\Tabela 44 - Área colhida (Hectares), Quantidade Produzida (Toneladas) e Valor (Mil Reais) da Produção por Tipo de Lavoura Temporária - 2024 ri xingu.xlsx",Xingu,21320,150.0
Porto de Moz,15,698,101,-,-,-,-,-,-,13 Xingu,44,"Área colhida (Hectares), Quantidade Produzida (Toneladas) e Valor (Mil Reais) da Produção por Tipo de Lavoura Temporária - 2024 ri xingu",20,"Tabela 44 - Área colhida (Hectares), Quantidade Produzida (Toneladas) e Valor (Mil Reais) da Produção por Tipo de Lavoura Temporária - 2024 ri xingu","..\..\Desktop\tabelas-powerBI\13 Xingu\Tabela 44 - Área colhida (Hectares), Quantidade Produzida (Toneladas) e Valor (Mil Reais) da Produção por Tipo de Lavoura Temporária - 2024 ri xingu.xlsx",Xingu,21320,40.0
Senador José Porfírio,15,611,92,-,-,-,-,-,-,13 Xingu,44,"Área colhida (Hectares), Quantidade Produzida (Toneladas) e Valor (Mil Reais) da Produção por Tipo de Lavoura Temporária - 2024 ri xingu",20,"Tabela 44 - Área colhida (Hectares), Quantidade Produzida (Toneladas) e Valor (Mil Reais) da Produção por Tipo de Lavoura Temporária - 2024 ri xingu","..\..\Desktop\tabelas-powerBI\13 Xingu\Tabela 44 - Área colhida (Hectares), Quantidade Produzida (Toneladas) e Valor (Mil Reais) da Produção por Tipo de Lavoura Temporária - 2024 ri xingu.xlsx",Xingu,21320,65.0
Uruará,-,-,-,800,2400,4392,30,750,3750,13 Xingu,44,"Área colhida (Hectares), Quantidade Produzida (Toneladas) e Valor (Mil Reais) da Produção por Tipo de Lavoura Temporária - 2024 ri xingu",20,"Tabela 44 - Área colhida (Hectares), Quantidade Produzida (Toneladas) e Valor (Mil Reais) da Produção por Tipo de Lavoura Temporária - 2024 ri xingu","..\..\Desktop\tabelas-powerBI\13 Xingu\Tabela 44 - Área colhida (Hectares), Quantidade Produzida (Toneladas) e Valor (Mil Reais) da Produção por Tipo de Lavoura Temporária - 2024 ri xingu.xlsx",Xingu,21320,90.0
Vitória do Xingu,4,240,48,2600,7800,15600,-,-,-,13 Xingu,44,"Área colhida (Hectares), Quantidade Produzida (Toneladas) e Valor (Mil Reais) da Produção por Tipo de Lavoura Temporária - 2024 ri xingu",20,"Tabela 44 - Área colhida (Hectares), Quantidade Produzida (Toneladas) e Valor (Mil Reais) da Produção por Tipo de Lavoura Temporária - 2024 ri xingu","..\..\Desktop\tabelas-powerBI\13 Xingu\Tabela 44 - Área colhida (Hectares), Quantidade Produzida (Toneladas) e Valor (Mil Reais) da Produção por Tipo de Lavoura Temporária - 2024 ri xingu.xlsx",Xingu,21320,55.0
Fonte: IBGE/PAM,,,,,,,,,,13 Xingu,44,"Área colhida (Hectares), Quantidade Produzida (Toneladas) e Valor (Mil Reais) da Produção por Tipo de Lavoura Temporária - 2024 ri xingu",20,"Tabela 44 - Área colhida (Hectares), Quantidade Produzida (Toneladas) e Valor (Mil Reais) da Produção por Tipo de Lavoura Temporária - 2024 ri xingu","..\..\Desktop\tabelas-powerBI\13 Xingu\Tabela 44 - Área colhida (Hectares), Quantidade Produzida (Toneladas) e Valor (Mil Reais) da Produção por Tipo de Lavoura Temporária - 2024 ri xingu.xlsx",Xingu,21320,
Elaboração: FAPESPA,,,,,,,,,,13 Xingu,44,"Área colhida (Hectares), Quantidade Produzida (Toneladas) e Valor (Mil Reais) da Produção por Tipo de Lavoura Temporária - 2024 ri xingu",20,"Tabela 44 - Área colhida (Hectares), Quantidade Produzida (Toneladas) e Valor (Mil Reais) da Produção por Tipo de Lavoura Temporária - 2024 ri xingu","..\..\Desktop\tabelas-powerBI\13 Xingu\Tabela 44 - Área colhida (Hectares), Quantidade Produzida (Toneladas) e Valor (Mil Reais) da Produção por Tipo de Lavoura Temporária - 2024 ri xingu.xlsx",Xingu,21320,
Nota: A quantidade produzida de abacaxi é expressa em mil frutos,,,,,,,,,,13 Xingu,44,"Área colhida (Hectares), Quantidade Produzida (Toneladas) e Valor (Mil Reais) da Produção por Tipo de Lavoura Temporária - 2024 ri xingu",20,"Tabela 44 - Área colhida (Hectares), Quantidade Produzida (Toneladas) e Valor (Mil Reais) da Produção por Tipo de Lavoura Temporária - 2024 ri xingu","..\..\Desktop\tabelas-powerBI\13 Xingu\Tabela 44 - Área colhida (Hectares), Quantidade Produzida (Toneladas) e Valor (Mil Reais) da Produção por Tipo de Lavoura Temporária - 2024 ri xingu.xlsx",Xingu,21320,
RI Xingu,71,3512,922,19400,66292,132176,46,1150,5385,13 Xingu,44,"Área colhida (Hectares), Quantidade Produzida (Toneladas) e Valor (Mil Reais) da Produção por Tipo de Lavoura Temporária - 2024 ri xingu",20,"Tabela 44 - Área colhida (Hectares), Quantidade Produzida (Toneladas) e Valor (Mil Reais) da Produção por Tipo de Lavoura Temporária - 2024 ri xingu","..\..\Desktop\tabelas-powerBI\13 Xingu\Tabela 44 - Área colhida (Hectares), Quantidade Produzida (Toneladas) e Valor (Mil Reais) da Produção por Tipo de Lavoura Temporária - 2024 ri xingu.xlsx",Xingu,15601,1393.0
Altamira,20,1200,306,14000,50092,100184,5,125,500,13 Xingu,44,"Área colhida (Hectares), Quantidade Produzida (Toneladas) e Valor (Mil Reais) da Produção por Tipo de Lavoura Temporária - 2024 ri xingu",20,"Tabela 44 - Área colhida (Hectares), Quantidade Produzida (Toneladas) e Valor (Mil Reais) da Produção por Tipo de Lavoura Temporária - 2024 ri xingu","..\..\Desktop\tabelas-powerBI\13 Xingu\Tabela 44 - Área colhida (Hectares), Quantidade Produzida (Toneladas) e Valor (Mil Reais) da Produção por Tipo de Lavoura Temporária - 2024 ri xingu.xlsx",Xingu,15601,361.0
Anapu,-,-,-,-,-,-,3,75,300,13 Xingu,44,"Área colhida (Hectares), Quantidade Produzida (Toneladas) e Valor (Mil Reais) da Produção por Tipo de Lavoura Temporária - 2024 ri xingu",20,"Tabela 44 - Área colhida (Hectares), Quantidade Produzida (Toneladas) e Valor (Mil Reais) da Produção por Tipo de Lavoura Temporária - 2024 ri xingu","..\..\Desktop\tabelas-powerBI\13 Xingu\Tabela 44 - Área colhida (Hectares), Quantidade Produzida (Toneladas) e Valor (Mil Reais) da Produção por Tipo de Lavoura Temporária - 2024 ri xingu.xlsx",Xingu,15601,156.0
Brasil Novo,2,108,53,-,-,-,-,-,-,13 Xingu,44,"Área colhida (Hectares), Quantidade Produzida (Toneladas) e Valor (Mil Reais) da Produção por Tipo de Lavoura Temporária - 2024 ri xingu",20,"Tabela 44 - Área colhida (Hectares), Quantidade Produzida (Toneladas) e Valor (Mil Reais) da Produção por Tipo de Lavoura Temporária - 2024 ri xingu","..\..\Desktop\tabelas-powerBI\13 Xingu\Tabela 44 - Área colhida (Hectares), Quantidade Produzida (Toneladas) e Valor (Mil Reais) da Produção por Tipo de Lavoura Temporária - 2024 ri xingu.xlsx",Xingu,15601,12.0
Medicilândia,-,-,-,-,-,-,8,200,835,13 Xingu,44,"Área colhida (Hectares), Quantidade Produzida (Toneladas) e Valor (Mil Reais) da Produção por Tipo de Lavoura Temporária - 2024 ri xingu",20,"Tabela 44 - Área colhida (Hectares), Quantidade Produzida (Toneladas) e Valor (Mil Reais) da Produção por Tipo de Lavoura Temporária - 2024 ri xingu","..\..\Desktop\tabelas-powerBI\13 Xingu\Tabela 44 - Área colhida (Hectares), Quantidade Produzida (Toneladas) e Valor (Mil Reais) da Produção por Tipo de Lavoura Temporária - 2024 ri xingu.xlsx",Xingu,15601,48.0
Pacajá,10,600,300,-,-,-,-,-,-,13 Xingu,44,"Área colhida (Hectares), Quantidade Produzida (Toneladas) e Valor (Mil Reais) da Produção por Tipo de Lavoura Temporária - 2024 ri xingu",20,"Tabela 44 - Área colhida (Hectares), Quantidade Produzida (Toneladas) e Valor (Mil Reais) da Produção por Tipo de Lavoura Temporária - 2024 ri xingu","..\..\Desktop\tabelas-powerBI\13 Xingu\Tabela 44 - Área colhida (Hectares), Quantidade Produzida (Toneladas) e Valor (Mil Reais) da Produção por Tipo de Lavoura Temporária - 2024 ri xingu.xlsx",Xingu,15601,520.0
Placas,5,55,22,2000,6000,12000,-,-,-,13 Xingu,44,"Área colhida (Hectares), Quantidade Produzida (Toneladas) e Valor (Mil Reais) da Produção por Tipo de Lavoura Temporária - 2024 ri xingu",20,"Tabela 44 - Área colhida (Hectares), Quantidade Produzida (Toneladas) e Valor (Mil Reais) da Produção por Tipo de Lavoura Temporária - 2024 ri xingu","..\..\Desktop\tabelas-powerBI\13 Xingu\Tabela 44 - Área colhida (Hectares), Quantidade Produzida (Toneladas) e Valor (Mil Reais) da Produção por Tipo de Lavoura Temporária - 2024 ri xingu.xlsx",Xingu,15601,114.0
Porto de Moz,15,698,101,-,-,-,-,-,-,13 Xingu,44,"Área colhida (Hectares), Quantidade Produzida (Toneladas) e Valor (Mil Reais) da Produção por Tipo de Lavoura Temporária - 2024 ri xingu",20,"Tabela 44 - Área colhida (Hectares), Quantidade Produzida (Toneladas) e Valor (Mil Reais) da Produção por Tipo de Lavoura Temporária - 2024 ri xingu","..\..\Desktop\tabelas-powerBI\13 Xingu\Tabela 44 - Área colhida (Hectares), Quantidade Produzida (Toneladas) e Valor (Mil Reais) da Produção por Tipo de Lavoura Temporária - 2024 ri xingu.xlsx",Xingu,15601,21.0
Senador José Porfírio,15,611,92,-,-,-,-,-,-,13 Xingu,44,"Área colhida (Hectares), Quantidade Produzida (Toneladas) e Valor (Mil Reais) da Produção por Tipo de Lavoura Temporária - 2024 ri xingu",20,"Tabela 44 - Área colhida (Hectares), Quantidade Produzida (Toneladas) e Valor (Mil Reais) da Produção por Tipo de Lavoura Temporária - 2024 ri xingu","..\..\Desktop\tabelas-powerBI\13 Xingu\Tabela 44 - Área colhida (Hectares), Quantidade Produzida (Toneladas) e Valor (Mil Reais) da Produção por Tipo de Lavoura Temporária - 2024 ri xingu.xlsx",Xingu,15601,49.0
Uruará,-,-,-,800,2400,4392,30,750,3750,13 Xingu,44,"Área colhida (Hectares), Quantidade Produzida (Toneladas) e Valor (Mil Reais) da Produção por Tipo de Lavoura Temporária - 2024 ri xingu",20,"Tabela 44 - Área colhida (Hectares), Quantidade Produzida (Toneladas) e Valor (Mil Reais) da Produção por Tipo de Lavoura Temporária - 2024 ri xingu","..\..\Desktop\tabelas-powerBI\13 Xingu\Tabela 44 - Área colhida (Hectares), Quantidade Produzida (Toneladas) e Valor (Mil Reais) da Produção por Tipo de Lavoura Temporária - 2024 ri xingu.xlsx",Xingu,15601,69.0
Vitória do Xingu,4,240,48,2600,7800,15600,-,-,-,13 Xingu,44,"Área colhida (Hectares), Quantidade Produzida (Toneladas) e Valor (Mil Reais) da Produção por Tipo de Lavoura Temporária - 2024 ri xingu",20,"Tabela 44 - Área colhida (Hectares), Quantidade Produzida (Toneladas) e Valor (Mil Reais) da Produção por Tipo de Lavoura Temporária - 2024 ri xingu","..\..\Desktop\tabelas-powerBI\13 Xingu\Tabela 44 - Área colhida (Hectares), Quantidade Produzida (Toneladas) e Valor (Mil Reais) da Produção por Tipo de Lavoura Temporária - 2024 ri xingu.xlsx",Xingu,15601,43.0
Fonte: IBGE/PAM,,,,,,,,,,13 Xingu,44,"Área colhida (Hectares), Quantidade Produzida (Toneladas) e Valor (Mil Reais) da Produção por Tipo de Lavoura Temporária - 2024 ri xingu",20,"Tabela 44 - Área colhida (Hectares), Quantidade Produzida (Toneladas) e Valor (Mil Reais) da Produção por Tipo de Lavoura Temporária - 2024 ri xingu","..\..\Desktop\tabelas-powerBI\13 Xingu\Tabela 44 - Área colhida (Hectares), Quantidade Produzida (Toneladas) e Valor (Mil Reais) da Produção por Tipo de Lavoura Temporária - 2024 ri xingu.xlsx",Xingu,15601,
Elaboração: FAPESPA,,,,,,,,,,13 Xingu,44,"Área colhida (Hectares), Quantidade Produzida (Toneladas) e Valor (Mil Reais) da Produção por Tipo de Lavoura Temporária - 2024 ri xingu",20,"Tabela 44 - Área colhida (Hectares), Quantidade Produzida (Toneladas) e Valor (Mil Reais) da Produção por Tipo de Lavoura Temporária - 2024 ri xingu","..\..\Desktop\tabelas-powerBI\13 Xingu\Tabela 44 - Área colhida (Hectares), Quantidade Produzida (Toneladas) e Valor (Mil Reais) da Produção por Tipo de Lavoura Temporária - 2024 ri xingu.xlsx",Xingu,15601,
Nota: A quantidade produzida de abacaxi é expressa em mil frutos,,,,,,,,,,13 Xingu,44,"Área colhida (Hectares), Quantidade Produzida (Toneladas) e Valor (Mil Reais) da Produção por Tipo de Lavoura Temporária - 2024 ri xingu",20,"Tabela 44 - Área colhida (Hectares), Quantidade Produzida (Toneladas) e Valor (Mil Reais) da Produção por Tipo de Lavoura Temporária - 2024 ri xingu","..\..\Desktop\tabelas-powerBI\13 Xingu\Tabela 44 - Área colhida (Hectares), Quantidade Produzida (Toneladas) e Valor (Mil Reais) da Produção por Tipo de Lavoura Temporária - 2024 ri xingu.xlsx",Xingu,15601,
RI Xingu,71,3512,922,19400,66292,132176,46,1150,5385,13 Xingu,44,"Área colhida (Hectares), Quantidade Produzida (Toneladas) e Valor (Mil Reais) da Produção por Tipo de Lavoura Temporária - 2024 ri xingu",20,"Tabela 44 - Área colhida (Hectares), Quantidade Produzida (Toneladas) e Valor (Mil Reais) da Produção por Tipo de Lavoura Temporária - 2024 ri xingu","..\..\Desktop\tabelas-powerBI\13 Xingu\Tabela 44 - Área colhida (Hectares), Quantidade Produzida (Toneladas) e Valor (Mil Reais) da Produção por Tipo de Lavoura Temporária - 2024 ri xingu.xlsx",Xingu,70569,5257.0
Altamira,20,1200,306,14000,50092,100184,5,125,500,13 Xingu,44,"Área colhida (Hectares), Quantidade Produzida (Toneladas) e Valor (Mil Reais) da Produção por Tipo de Lavoura Temporária - 2024 ri xingu",20,"Tabela 44 - Área colhida (Hectares), Quantidade Produzida (Toneladas) e Valor (Mil Reais) da Produção por Tipo de Lavoura Temporária - 2024 ri xingu","..\..\Desktop\tabelas-powerBI\13 Xingu\Tabela 44 - Área colhida (Hectares), Quantidade Produzida (Toneladas) e Valor (Mil Reais) da Produção por Tipo de Lavoura Temporária - 2024 ri xingu.xlsx",Xingu,70569,1193.0
Anapu,-,-,-,-,-,-,3,75,300,13 Xingu,44,"Área colhida (Hectares), Quantidade Produzida (Toneladas) e Valor (Mil Reais) da Produção por Tipo de Lavoura Temporária - 2024 ri xingu",20,"Tabela 44 - Área colhida (Hectares), Quantidade Produzida (Toneladas) e Valor (Mil Reais) da Produção por Tipo de Lavoura Temporária - 2024 ri xingu","..\..\Desktop\tabelas-powerBI\13 Xingu\Tabela 44 - Área colhida (Hectares), Quantidade Produzida (Toneladas) e Valor (Mil Reais) da Produção por Tipo de Lavoura Temporária - 2024 ri xingu.xlsx",Xingu,70569,513.0
Brasil Novo,2,108,53,-,-,-,-,-,-,13 Xingu,44,"Área colhida (Hectares), Quantidade Produzida (Toneladas) e Valor (Mil Reais) da Produção por Tipo de Lavoura Temporária - 2024 ri xingu",20,"Tabela 44 - Área colhida (Hectares), Quantidade Produzida (Toneladas) e Valor (Mil Reais) da Produção por Tipo de Lavoura Temporária - 2024 ri xingu","..\..\Desktop\tabelas-powerBI\13 Xingu\Tabela 44 - Área colhida (Hectares), Quantidade Produzida (Toneladas) e Valor (Mil Reais) da Produção por Tipo de Lavoura Temporária - 2024 ri xingu.xlsx",Xingu,70569,40.0
Medicilândia,-,-,-,-,-,-,8,200,835,13 Xingu,44,"Área colhida (Hectares), Quantidade Produzida (Toneladas) e Valor (Mil Reais) da Produção por Tipo de Lavoura Temporária - 2024 ri xingu",20,"Tabela 44 - Área colhida (Hectares), Quantidade Produzida (Toneladas) e Valor (Mil Reais) da Produção por Tipo de Lavoura Temporária - 2024 ri xingu","..\..\Desktop\tabelas-powerBI\13 Xingu\Tabela 44 - Área colhida (Hectares), Quantidade Produzida (Toneladas) e Valor (Mil Reais) da Produção por Tipo de Lavoura Temporária - 2024 ri xingu.xlsx",Xingu,70569,170.0
Pacajá,10,600,300,-,-,-,-,-,-,13 Xingu,44,"Área colhida (Hectares), Quantidade Produzida (Toneladas) e Valor (Mil Reais) da Produção por Tipo de Lavoura Temporária - 2024 ri xingu",20,"Tabela 44 - Área colhida (Hectares), Quantidade Produzida (Toneladas) e Valor (Mil Reais) da Produção por Tipo de Lavoura Temporária - 2024 ri xingu","..\..\Desktop\tabelas-powerBI\13 Xingu\Tabela 44 - Área colhida (Hectares), Quantidade Produzida (Toneladas) e Valor (Mil Reais) da Produção por Tipo de Lavoura Temporária - 2024 ri xingu.xlsx",Xingu,70569,1906.0
Placas,5,55,22,2000,6000,12000,-,-,-,13 Xingu,44,"Área colhida (Hectares), Quantidade Produzida (Toneladas) e Valor (Mil Reais) da Produção por Tipo de Lavoura Temporária - 2024 ri xingu",20,"Tabela 44 - Área colhida (Hectares), Quantidade Produzida (Toneladas) e Valor (Mil Reais) da Produção por Tipo de Lavoura Temporária - 2024 ri xingu","..\..\Desktop\tabelas-powerBI\13 Xingu\Tabela 44 - Área colhida (Hectares), Quantidade Produzida (Toneladas) e Valor (Mil Reais) da Produção por Tipo de Lavoura Temporária - 2024 ri xingu.xlsx",Xingu,70569,666.0
Porto de Moz,15,698,101,-,-,-,-,-,-,13 Xingu,44,"Área colhida (Hectares), Quantidade Produzida (Toneladas) e Valor (Mil Reais) da Produção por Tipo de Lavoura Temporária - 2024 ri xingu",20,"Tabela 44 - Área colhida (Hectares), Quantidade Produzida (Toneladas) e Valor (Mil Reais) da Produção por Tipo de Lavoura Temporária - 2024 ri xingu","..\..\Desktop\tabelas-powerBI\13 Xingu\Tabela 44 - Área colhida (Hectares), Quantidade Produzida (Toneladas) e Valor (Mil Reais) da Produção por Tipo de Lavoura Temporária - 2024 ri xingu.xlsx",Xingu,70569,92.0
Senador José Porfírio,15,611,92,-,-,-,-,-,-,13 Xingu,44,"Área colhida (Hectares), Quantidade Produzida (Toneladas) e Valor (Mil Reais) da Produção por Tipo de Lavoura Temporária - 2024 ri xingu",20,"Tabela 44 - Área colhida (Hectares), Quantidade Produzida (Toneladas) e Valor (Mil Reais) da Produção por Tipo de Lavoura Temporária - 2024 ri xingu","..\..\Desktop\tabelas-powerBI\13 Xingu\Tabela 44 - Área colhida (Hectares), Quantidade Produzida (Toneladas) e Valor (Mil Reais) da Produção por Tipo de Lavoura Temporária - 2024 ri xingu.xlsx",Xingu,70569,207.0
Uruará,-,-,-,800,2400,4392,30,750,3750,13 Xingu,44,"Área colhida (Hectares), Quantidade Produzida (Toneladas) e Valor (Mil Reais) da Produção por Tipo de Lavoura Temporária - 2024 ri xingu",20,"Tabela 44 - Área colhida (Hectares), Quantidade Produzida (Toneladas) e Valor (Mil Reais) da Produção por Tipo de Lavoura Temporária - 2024 ri xingu","..\..\Desktop\tabelas-powerBI\13 Xingu\Tabela 44 - Área colhida (Hectares), Quantidade Produzida (Toneladas) e Valor (Mil Reais) da Produção por Tipo de Lavoura Temporária - 2024 ri xingu.xlsx",Xingu,70569,299.0
Vitória do Xingu,4,240,48,2600,7800,15600,-,-,-,13 Xingu,44,"Área colhida (Hectares), Quantidade Produzida (Toneladas) e Valor (Mil Reais) da Produção por Tipo de Lavoura Temporária - 2024 ri xingu",20,"Tabela 44 - Área colhida (Hectares), Quantidade Produzida (Toneladas) e Valor (Mil Reais) da Produção por Tipo de Lavoura Temporária - 2024 ri xingu","..\..\Desktop\tabelas-powerBI\13 Xingu\Tabela 44 - Área colhida (Hectares), Quantidade Produzida (Toneladas) e Valor (Mil Reais) da Produção por Tipo de Lavoura Temporária - 2024 ri xingu.xlsx",Xingu,70569,171.0
Fonte: IBGE/PAM,,,,,,,,,,13 Xingu,44,"Área colhida (Hectares), Quantidade Produzida (Toneladas) e Valor (Mil Reais) da Produção por Tipo de Lavoura Temporária - 2024 ri xingu",20,"Tabela 44 - Área colhida (Hectares), Quantidade Produzida (Toneladas) e Valor (Mil Reais) da Produção por Tipo de Lavoura Temporária - 2024 ri xingu","..\..\Desktop\tabelas-powerBI\13 Xingu\Tabela 44 - Área colhida (Hectares), Quantidade Produzida (Toneladas) e Valor (Mil Reais) da Produção por Tipo de Lavoura Temporária - 2024 ri xingu.xlsx",Xingu,70569,
Elaboração: FAPESPA,,,,,,,,,,13 Xingu,44,"Área colhida (Hectares), Quantidade Produzida (Toneladas) e Valor (Mil Reais) da Produção por Tipo de Lavoura Temporária - 2024 ri xingu",20,"Tabela 44 - Área colhida (Hectares), Quantidade Produzida (Toneladas) e Valor (Mil Reais) da Produção por Tipo de Lavoura Temporária - 2024 ri xingu","..\..\Desktop\tabelas-powerBI\13 Xingu\Tabela 44 - Área colhida (Hectares), Quantidade Produzida (Toneladas) e Valor (Mil Reais) da Produção por Tipo de Lavoura Temporária - 2024 ri xingu.xlsx",Xingu,70569,
Nota: A quantidade produzida de abacaxi é expressa em mil frutos,,,,,,,,,,13 Xingu,44,"Área colhida (Hectares), Quantidade Produzida (Toneladas) e Valor (Mil Reais) da Produção por Tipo de Lavoura Temporária - 2024 ri xingu",20,"Tabela 44 - Área colhida (Hectares), Quantidade Produzida (Toneladas) e Valor (Mil Reais) da Produção por Tipo de Lavoura Temporária - 2024 ri xingu","..\..\Desktop\tabelas-powerBI\13 Xingu\Tabela 44 - Área colhida (Hectares), Quantidade Produzida (Toneladas) e Valor (Mil Reais) da Produção por Tipo de Lavoura Temporária - 2024 ri xingu.xlsx",Xingu,70569,
RI Xingu,71,3512,922,19400,66292,132176,46,1150,5385,13 Xingu,44,"Área colhida (Hectares), Quantidade Produzida (Toneladas) e Valor (Mil Reais) da Produção por Tipo de Lavoura Temporária - 2024 ri xingu",20,"Tabela 44 - Área colhida (Hectares), Quantidade Produzida (Toneladas) e Valor (Mil Reais) da Produção por Tipo de Lavoura Temporária - 2024 ri xingu","..\..\Desktop\tabelas-powerBI\13 Xingu\Tabela 44 - Área colhida (Hectares), Quantidade Produzida (Toneladas) e Valor (Mil Reais) da Produção por Tipo de Lavoura Temporária - 2024 ri xingu.xlsx",Xingu,266576,7935.0
Altamira,20,1200,306,14000,50092,100184,5,125,500,13 Xingu,44,"Área colhida (Hectares), Quantidade Produzida (Toneladas) e Valor (Mil Reais) da Produção por Tipo de Lavoura Temporária - 2024 ri xingu",20,"Tabela 44 - Área colhida (Hectares), Quantidade Produzida (Toneladas) e Valor (Mil Reais) da Produção por Tipo de Lavoura Temporária - 2024 ri xingu","..\..\Desktop\tabelas-powerBI\13 Xingu\Tabela 44 - Área colhida (Hectares), Quantidade Produzida (Toneladas) e Valor (Mil Reais) da Produção por Tipo de Lavoura Temporária - 2024 ri xingu.xlsx",Xingu,266576,950.0
Anapu,-,-,-,-,-,-,3,75,300,13 Xingu,44,"Área colhida (Hectares), Quantidade Produzida (Toneladas) e Valor (Mil Reais) da Produção por Tipo de Lavoura Temporária - 2024 ri xingu",20,"Tabela 44 - Área colhida (Hectares), Quantidade Produzida (Toneladas) e Valor (Mil Reais) da Produção por Tipo de Lavoura Temporária - 2024 ri xingu","..\..\Desktop\tabelas-powerBI\13 Xingu\Tabela 44 - Área colhida (Hectares), Quantidade Produzida (Toneladas) e Valor (Mil Reais) da Produção por Tipo de Lavoura Temporária - 2024 ri xingu.xlsx",Xingu,266576,530.0
Brasil Novo,2,108,53,-,-,-,-,-,-,13 Xingu,44,"Área colhida (Hectares), Quantidade Produzida (Toneladas) e Valor (Mil Reais) da Produção por Tipo de Lavoura Temporária - 2024 ri xingu",20,"Tabela 44 - Área colhida (Hectares), Quantidade Produzida (Toneladas) e Valor (Mil Reais) da Produção por Tipo de Lavoura Temporária - 2024 ri xingu","..\..\Desktop\tabelas-powerBI\13 Xingu\Tabela 44 - Área colhida (Hectares), Quantidade Produzida (Toneladas) e Valor (Mil Reais) da Produção por Tipo de Lavoura Temporária - 2024 ri xingu.xlsx",Xingu,266576,540.0
Medicilândia,-,-,-,-,-,-,8,200,835,13 Xingu,44,"Área colhida (Hectares), Quantidade Produzida (Toneladas) e Valor (Mil Reais) da Produção por Tipo de Lavoura Temporária - 2024 ri xingu",20,"Tabela 44 - Área colhida (Hectares), Quantidade Produzida (Toneladas) e Valor (Mil Reais) da Produção por Tipo de Lavoura Temporária - 2024 ri xingu","..\..\Desktop\tabelas-powerBI\13 Xingu\Tabela 44 - Área colhida (Hectares), Quantidade Produzida (Toneladas) e Valor (Mil Reais) da Produção por Tipo de Lavoura Temporária - 2024 ri xingu.xlsx",Xingu,266576,220.0
Pacajá,10,600,300,-,-,-,-,-,-,13 Xingu,44,"Área colhida (Hectares), Quantidade Produzida (Toneladas) e Valor (Mil Reais) da Produção por Tipo de Lavoura Temporária - 2024 ri xingu",20,"Tabela 44 - Área colhida (Hectares), Quantidade Produzida (Toneladas) e Valor (Mil Reais) da Produção por Tipo de Lavoura Temporária - 2024 ri xingu","..\..\Desktop\tabelas-powerBI\13 Xingu\Tabela 44 - Área colhida (Hectares), Quantidade Produzida (Toneladas) e Valor (Mil Reais) da Produção por Tipo de Lavoura Temporária - 2024 ri xingu.xlsx",Xingu,266576,3400.0
Placas,5,55,22,2000,6000,12000,-,-,-,13 Xingu,44,"Área colhida (Hectares), Quantidade Produzida (Toneladas) e Valor (Mil Reais) da Produção por Tipo de Lavoura Temporária - 2024 ri xingu",20,"Tabela 44 - Área colhida (Hectares), Quantidade Produzida (Toneladas) e Valor (Mil Reais) da Produção por Tipo de Lavoura Temporária - 2024 ri xingu","..\..\Desktop\tabelas-powerBI\13 Xingu\Tabela 44 - Área colhida (Hectares), Quantidade Produzida (Toneladas) e Valor (Mil Reais) da Produção por Tipo de Lavoura Temporária - 2024 ri xingu.xlsx",Xingu,266576,650.0
Porto de Moz,15,698,101,-,-,-,-,-,-,13 Xingu,44,"Área colhida (Hectares), Quantidade Produzida (Toneladas) e Valor (Mil Reais) da Produção por Tipo de Lavoura Temporária - 2024 ri xingu",20,"Tabela 44 - Área colhida (Hectares), Quantidade Produzida (Toneladas) e Valor (Mil Reais) da Produção por Tipo de Lavoura Temporária - 2024 ri xingu","..\..\Desktop\tabelas-powerBI\13 Xingu\Tabela 44 - Área colhida (Hectares), Quantidade Produzida (Toneladas) e Valor (Mil Reais) da Produção por Tipo de Lavoura Temporária - 2024 ri xingu.xlsx",Xingu,266576,400.0
Senador José Porfírio,15,611,92,-,-,-,-,-,-,13 Xingu,44,"Área colhida (Hectares), Quantidade Produzida (Toneladas) e Valor (Mil Reais) da Produção por Tipo de Lavoura Temporária - 2024 ri xingu",20,"Tabela 44 - Área colhida (Hectares), Quantidade Produzida (Toneladas) e Valor (Mil Reais) da Produção por Tipo de Lavoura Temporária - 2024 ri xingu","..\..\Desktop\tabelas-powerBI\13 Xingu\Tabela 44 - Área colhida (Hectares), Quantidade Produzida (Toneladas) e Valor (Mil Reais) da Produção por Tipo de Lavoura Temporária - 2024 ri xingu.xlsx",Xingu,266576,355.0
Uruará,-,-,-,800,2400,4392,30,750,3750,13 Xingu,44,"Área colhida (Hectares), Quantidade Produzida (Toneladas) e Valor (Mil Reais) da Produção por Tipo de Lavoura Temporária - 2024 ri xingu",20,"Tabela 44 - Área colhida (Hectares), Quantidade Produzida (Toneladas) e Valor (Mil Reais) da Produção por Tipo de Lavoura Temporária - 2024 ri xingu","..\..\Desktop\tabelas-powerBI\13 Xingu\Tabela 44 - Área colhida (Hectares), Quantidade Produzida (Toneladas) e Valor (Mil Reais) da Produção por Tipo de Lavoura Temporária - 2024 ri xingu.xlsx",Xingu,266576,660.0
Vitória do Xingu,4,240,48,2600,7800,15600,-,-,-,13 Xingu,44,"Área colhida (Hectares), Quantidade Produzida (Toneladas) e Valor (Mil Reais) da Produção por Tipo de Lavoura Temporária - 2024 ri xingu",20,"Tabela 44 - Área colhida (Hectares), Quantidade Produzida (Toneladas) e Valor (Mil Reais) da Produção por Tipo de Lavoura Temporária - 2024 ri xingu","..\..\Desktop\tabelas-powerBI\13 Xingu\Tabela 44 - Área colhida (Hectares), Quantidade Produzida (Toneladas) e Valor (Mil Reais) da Produção por Tipo de Lavoura Temporária - 2024 ri xingu.xlsx",Xingu,266576,230.0
Fonte: IBGE/PAM,,,,,,,,,,13 Xingu,44,"Área colhida (Hectares), Quantidade Produzida (Toneladas) e Valor (Mil Reais) da Produção por Tipo de Lavoura Temporária - 2024 ri xingu",20,"Tabela 44 - Área colhida (Hectares), Quantidade Produzida (Toneladas) e Valor (Mil Reais) da Produção por Tipo de Lavoura Temporária - 2024 ri xingu","..\..\Desktop\tabelas-powerBI\13 Xingu\Tabela 44 - Área colhida (Hectares), Quantidade Produzida (Toneladas) e Valor (Mil Reais) da Produção por Tipo de Lavoura Temporária - 2024 ri xingu.xlsx",Xingu,266576,
Elaboração: FAPESPA,,,,,,,,,,13 Xingu,44,"Área colhida (Hectares), Quantidade Produzida (Toneladas) e Valor (Mil Reais) da Produção por Tipo de Lavoura Temporária - 2024 ri xingu",20,"Tabela 44 - Área colhida (Hectares), Quantidade Produzida (Toneladas) e Valor (Mil Reais) da Produção por Tipo de Lavoura Temporária - 2024 ri xingu","..\..\Desktop\tabelas-powerBI\13 Xingu\Tabela 44 - Área colhida (Hectares), Quantidade Produzida (Toneladas) e Valor (Mil Reais) da Produção por Tipo de Lavoura Temporária - 2024 ri xingu.xlsx",Xingu,266576,
Nota: A quantidade produzida de abacaxi é expressa em mil frutos,,,,,,,,,,13 Xingu,44,"Área colhida (Hectares), Quantidade Produzida (Toneladas) e Valor (Mil Reais) da Produção por Tipo de Lavoura Temporária - 2024 ri xingu",20,"Tabela 44 - Área colhida (Hectares), Quantidade Produzida (Toneladas) e Valor (Mil Reais) da Produção por Tipo de Lavoura Temporária - 2024 ri xingu","..\..\Desktop\tabelas-powerBI\13 Xingu\Tabela 44 - Área colhida (Hectares), Quantidade Produzida (Toneladas) e Valor (Mil Reais) da Produção por Tipo de Lavoura Temporária - 2024 ri xingu.xlsx",Xingu,266576,
RI Xingu,71,3512,922,19400,66292,132176,46,1150,5385,13 Xingu,44,"Área colhida (Hectares), Quantidade Produzida (Toneladas) e Valor (Mil Reais) da Produção por Tipo de Lavoura Temporária - 2024 ri xingu",20,"Tabela 44 - Área colhida (Hectares), Quantidade Produzida (Toneladas) e Valor (Mil Reais) da Produção por Tipo de Lavoura Temporária - 2024 ri xingu","..\..\Desktop\tabelas-powerBI\13 Xingu\Tabela 44 - Área colhida (Hectares), Quantidade Produzida (Toneladas) e Valor (Mil Reais) da Produção por Tipo de Lavoura Temporária - 2024 ri xingu.xlsx",Xingu,3966227,154950.0
Altamira,20,1200,306,14000,50092,100184,5,125,500,13 Xingu,44,"Área colhida (Hectares), Quantidade Produzida (Toneladas) e Valor (Mil Reais) da Produção por Tipo de Lavoura Temporária - 2024 ri xingu",20,"Tabela 44 - Área colhida (Hectares), Quantidade Produzida (Toneladas) e Valor (Mil Reais) da Produção por Tipo de Lavoura Temporária - 2024 ri xingu","..\..\Desktop\tabelas-powerBI\13 Xingu\Tabela 44 - Área colhida (Hectares), Quantidade Produzida (Toneladas) e Valor (Mil Reais) da Produção por Tipo de Lavoura Temporária - 2024 ri xingu.xlsx",Xingu,3966227,19000.0
Anapu,-,-,-,-,-,-,3,75,300,13 Xingu,44,"Área colhida (Hectares), Quantidade Produzida (Toneladas) e Valor (Mil Reais) da Produção por Tipo de Lavoura Temporária - 2024 ri xingu",20,"Tabela 44 - Área colhida (Hectares), Quantidade Produzida (Toneladas) e Valor (Mil Reais) da Produção por Tipo de Lavoura Temporária - 2024 ri xingu","..\..\Desktop\tabelas-powerBI\13 Xingu\Tabela 44 - Área colhida (Hectares), Quantidade Produzida (Toneladas) e Valor (Mil Reais) da Produção por Tipo de Lavoura Temporária - 2024 ri xingu.xlsx",Xingu,3966227,10600.0
Brasil Novo,2,108,53,-,-,-,-,-,-,13 Xingu,44,"Área colhida (Hectares), Quantidade Produzida (Toneladas) e Valor (Mil Reais) da Produção por Tipo de Lavoura Temporária - 2024 ri xingu",20,"Tabela 44 - Área colhida (Hectares), Quantidade Produzida (Toneladas) e Valor (Mil Reais) da Produção por Tipo de Lavoura Temporária - 2024 ri xingu","..\..\Desktop\tabelas-powerBI\13 Xingu\Tabela 44 - Área colhida (Hectares), Quantidade Produzida (Toneladas) e Valor (Mil Reais) da Produção por Tipo de Lavoura Temporária - 2024 ri xingu.xlsx",Xingu,3966227,10800.0
Medicilândia,-,-,-,-,-,-,8,200,835,13 Xingu,44,"Área colhida (Hectares), Quantidade Produzida (Toneladas) e Valor (Mil Reais) da Produção por Tipo de Lavoura Temporária - 2024 ri xingu",20,"Tabela 44 - Área colhida (Hectares), Quantidade Produzida (Toneladas) e Valor (Mil Reais) da Produção por Tipo de Lavoura Temporária - 2024 ri xingu","..\..\Desktop\tabelas-powerBI\13 Xingu\Tabela 44 - Área colhida (Hectares), Quantidade Produzida (Toneladas) e Valor (Mil Reais) da Produção por Tipo de Lavoura Temporária - 2024 ri xingu.xlsx",Xingu,3966227,4400.0
Pacajá,10,600,300,-,-,-,-,-,-,13 Xingu,44,"Área colhida (Hectares), Quantidade Produzida (Toneladas) e Valor (Mil Reais) da Produção por Tipo de Lavoura Temporária - 2024 ri xingu",20,"Tabela 44 - Área colhida (Hectares), Quantidade Produzida (Toneladas) e Valor (Mil Reais) da Produção por Tipo de Lavoura Temporária - 2024 ri xingu","..\..\Desktop\tabelas-powerBI\13 Xingu\Tabela 44 - Área colhida (Hectares), Quantidade Produzida (Toneladas) e Valor (Mil Reais) da Produção por Tipo de Lavoura Temporária - 2024 ri xingu.xlsx",Xingu,3966227,68000.0
Placas,5,55,22,2000,6000,12000,-,-,-,13 Xingu,44,"Área colhida (Hectares), Quantidade Produzida (Toneladas) e Valor (Mil Reais) da Produção por Tipo de Lavoura Temporária - 2024 ri xingu",20,"Tabela 44 - Área colhida (Hectares), Quantidade Produzida (Toneladas) e Valor (Mil Reais) da Produção por Tipo de Lavoura Temporária - 2024 ri xingu","..\..\Desktop\tabelas-powerBI\13 Xingu\Tabela 44 - Área colhida (Hectares), Quantidade Produzida (Toneladas) e Valor (Mil Reais) da Produção por Tipo de Lavoura Temporária - 2024 ri xingu.xlsx",Xingu,3966227,9750.0
Porto de Moz,15,698,101,-,-,-,-,-,-,13 Xingu,44,"Área colhida (Hectares), Quantidade Produzida (Toneladas) e Valor (Mil Reais) da Produção por Tipo de Lavoura Temporária - 2024 ri xingu",20,"Tabela 44 - Área colhida (Hectares), Quantidade Produzida (Toneladas) e Valor (Mil Reais) da Produção por Tipo de Lavoura Temporária - 2024 ri xingu","..\..\Desktop\tabelas-powerBI\13 Xingu\Tabela 44 - Área colhida (Hectares), Quantidade Produzida (Toneladas) e Valor (Mil Reais) da Produção por Tipo de Lavoura Temporária - 2024 ri xingu.xlsx",Xingu,3966227,7500.0
Senador José Porfírio,15,611,92,-,-,-,-,-,-,13 Xingu,44,"Área colhida (Hectares), Quantidade Produzida (Toneladas) e Valor (Mil Reais) da Produção por Tipo de Lavoura Temporária - 2024 ri xingu",20,"Tabela 44 - Área colhida (Hectares), Quantidade Produzida (Toneladas) e Valor (Mil Reais) da Produção por Tipo de Lavoura Temporária - 2024 ri xingu","..\..\Desktop\tabelas-powerBI\13 Xingu\Tabela 44 - Área colhida (Hectares), Quantidade Produzida (Toneladas) e Valor (Mil Reais) da Produção por Tipo de Lavoura Temporária - 2024 ri xingu.xlsx",Xingu,3966227,7100.0
Uruará,-,-,-,800,2400,4392,30,750,3750,13 Xingu,44,"Área colhida (Hectares), Quantidade Produzida (Toneladas) e Valor (Mil Reais) da Produção por Tipo de Lavoura Temporária - 2024 ri xingu",20,"Tabela 44 - Área colhida (Hectares), Quantidade Produzida (Toneladas) e Valor (Mil Reais) da Produção por Tipo de Lavoura Temporária - 2024 ri xingu","..\..\Desktop\tabelas-powerBI\13 Xingu\Tabela 44 - Área colhida (Hectares), Quantidade Produzida (Toneladas) e Valor (Mil Reais) da Produção por Tipo de Lavoura Temporária - 2024 ri xingu.xlsx",Xingu,3966227,13200.0
Vitória do Xingu,4,240,48,2600,7800,15600,-,-,-,13 Xingu,44,"Área colhida (Hectares), Quantidade Produzida (Toneladas) e Valor (Mil Reais) da Produção por Tipo de Lavoura Temporária - 2024 ri xingu",20,"Tabela 44 - Área colhida (Hectares), Quantidade Produzida (Toneladas) e Valor (Mil Reais) da Produção por Tipo de Lavoura Temporária - 2024 ri xingu","..\..\Desktop\tabelas-powerBI\13 Xingu\Tabela 44 - Área colhida (Hectares), Quantidade Produzida (Toneladas) e Valor (Mil Reais) da Produção por Tipo de Lavoura Temporária - 2024 ri xingu.xlsx",Xingu,3966227,4600.0
Fonte: IBGE/PAM,,,,,,,,,,13 Xingu,44,"Área colhida (Hectares), Quantidade Produzida (Toneladas) e Valor (Mil Reais) da Produção por Tipo de Lavoura Temporária - 2024 ri xingu",20,"Tabela 44 - Área colhida (Hectares), Quantidade Produzida (Toneladas) e Valor (Mil Reais) da Produção por Tipo de Lavoura Temporária - 2024 ri xingu","..\..\Desktop\tabelas-powerBI\13 Xingu\Tabela 44 - Área colhida (Hectares), Quantidade Produzida (Toneladas) e Valor (Mil Reais) da Produção por Tipo de Lavoura Temporária - 2024 ri xingu.xlsx",Xingu,3966227,
Elaboração: FAPESPA,,,,,,,,,,13 Xingu,44,"Área colhida (Hectares), Quantidade Produzida (Toneladas) e Valor (Mil Reais) da Produção por Tipo de Lavoura Temporária - 2024 ri xingu",20,"Tabela 44 - Área colhida (Hectares), Quantidade Produzida (Toneladas) e Valor (Mil Reais) da Produção por Tipo de Lavoura Temporária - 2024 ri xingu","..\..\Desktop\tabelas-powerBI\13 Xingu\Tabela 44 - Área colhida (Hectares), Quantidade Produzida (Toneladas) e Valor (Mil Reais) da Produção por Tipo de Lavoura Temporária - 2024 ri xingu.xlsx",Xingu,3966227,
Nota: A quantidade produzida de abacaxi é expressa em mil frutos,,,,,,,,,,13 Xingu,44,"Área colhida (Hectares), Quantidade Produzida (Toneladas) e Valor (Mil Reais) da Produção por Tipo de Lavoura Temporária - 2024 ri xingu",20,"Tabela 44 - Área colhida (Hectares), Quantidade Produzida (Toneladas) e Valor (Mil Reais) da Produção por Tipo de Lavoura Temporária - 2024 ri xingu","..\..\Desktop\tabelas-powerBI\13 Xingu\Tabela 44 - Área colhida (Hectares), Quantidade Produzida (Toneladas) e Valor (Mil Reais) da Produção por Tipo de Lavoura Temporária - 2024 ri xingu.xlsx",Xingu,3966227,
RI Xingu,71,3512,922,19400,66292,132176,46,1150,5385,13 Xingu,44,"Área colhida (Hectares), Quantidade Produzida (Toneladas) e Valor (Mil Reais) da Produção por Tipo de Lavoura Temporária - 2024 ri xingu",20,"Tabela 44 - Área colhida (Hectares), Quantidade Produzida (Toneladas) e Valor (Mil Reais) da Produção por Tipo de Lavoura Temporária - 2024 ri xingu","..\..\Desktop\tabelas-powerBI\13 Xingu\Tabela 44 - Área colhida (Hectares), Quantidade Produzida (Toneladas) e Valor (Mil Reais) da Produção por Tipo de Lavoura Temporária - 2024 ri xingu.xlsx",Xingu,4640906,176687.0
Altamira,20,1200,306,14000,50092,100184,5,125,500,13 Xingu,44,"Área colhida (Hectares), Quantidade Produzida (Toneladas) e Valor (Mil Reais) da Produção por Tipo de Lavoura Temporária - 2024 ri xingu",20,"Tabela 44 - Área colhida (Hectares), Quantidade Produzida (Toneladas) e Valor (Mil Reais) da Produção por Tipo de Lavoura Temporária - 2024 ri xingu","..\..\Desktop\tabelas-powerBI\13 Xingu\Tabela 44 - Área colhida (Hectares), Quantidade Produzida (Toneladas) e Valor (Mil Reais) da Produção por Tipo de Lavoura Temporária - 2024 ri xingu.xlsx",Xingu,4640906,14000.0
Anapu,-,-,-,-,-,-,3,75,300,13 Xingu,44,"Área colhida (Hectares), Quantidade Produzida (Toneladas) e Valor (Mil Reais) da Produção por Tipo de Lavoura Temporária - 2024 ri xingu",20,"Tabela 44 - Área colhida (Hectares), Quantidade Produzida (Toneladas) e Valor (Mil Reais) da Produção por Tipo de Lavoura Temporária - 2024 ri xingu","..\..\Desktop\tabelas-powerBI\13 Xingu\Tabela 44 - Área colhida (Hectares), Quantidade Produzida (Toneladas) e Valor (Mil Reais) da Produção por Tipo de Lavoura Temporária - 2024 ri xingu.xlsx",Xingu,4640906,7884.0
Brasil Novo,2,108,53,-,-,-,-,-,-,13 Xingu,44,"Área colhida (Hectares), Quantidade Produzida (Toneladas) e Valor (Mil Reais) da Produção por Tipo de Lavoura Temporária - 2024 ri xingu",20,"Tabela 44 - Área colhida (Hectares), Quantidade Produzida (Toneladas) e Valor (Mil Reais) da Produção por Tipo de Lavoura Temporária - 2024 ri xingu","..\..\Desktop\tabelas-powerBI\13 Xingu\Tabela 44 - Área colhida (Hectares), Quantidade Produzida (Toneladas) e Valor (Mil Reais) da Produção por Tipo de Lavoura Temporária - 2024 ri xingu.xlsx",Xingu,4640906,12000.0
Medicilândia,-,-,-,-,-,-,8,200,835,13 Xingu,44,"Área colhida (Hectares), Quantidade Produzida (Toneladas) e Valor (Mil Reais) da Produção por Tipo de Lavoura Temporária - 2024 ri xingu",20,"Tabela 44 - Área colhida (Hectares), Quantidade Produzida (Toneladas) e Valor (Mil Reais) da Produção por Tipo de Lavoura Temporária - 2024 ri xingu","..\..\Desktop\tabelas-powerBI\13 Xingu\Tabela 44 - Área colhida (Hectares), Quantidade Produzida (Toneladas) e Valor (Mil Reais) da Produção por Tipo de Lavoura Temporária - 2024 ri xingu.xlsx",Xingu,4640906,4090.0
Pacajá,10,600,300,-,-,-,-,-,-,13 Xingu,44,"Área colhida (Hectares), Quantidade Produzida (Toneladas) e Valor (Mil Reais) da Produção por Tipo de Lavoura Temporária - 2024 ri xingu",20,"Tabela 44 - Área colhida (Hectares), Quantidade Produzida (Toneladas) e Valor (Mil Reais) da Produção por Tipo de Lavoura Temporária - 2024 ri xingu","..\..\Desktop\tabelas-powerBI\13 Xingu\Tabela 44 - Área colhida (Hectares), Quantidade Produzida (Toneladas) e Valor (Mil Reais) da Produção por Tipo de Lavoura Temporária - 2024 ri xingu.xlsx",Xingu,4640906,77568.0
Placas,5,55,22,2000,6000,12000,-,-,-,13 Xingu,44,"Área colhida (Hectares), Quantidade Produzida (Toneladas) e Valor (Mil Reais) da Produção por Tipo de Lavoura Temporária - 2024 ri xingu",20,"Tabela 44 - Área colhida (Hectares), Quantidade Produzida (Toneladas) e Valor (Mil Reais) da Produção por Tipo de Lavoura Temporária - 2024 ri xingu","..\..\Desktop\tabelas-powerBI\13 Xingu\Tabela 44 - Área colhida (Hectares), Quantidade Produzida (Toneladas) e Valor (Mil Reais) da Produção por Tipo de Lavoura Temporária - 2024 ri xingu.xlsx",Xingu,4640906,19500.0
Porto de Moz,15,698,101,-,-,-,-,-,-,13 Xingu,44,"Área colhida (Hectares), Quantidade Produzida (Toneladas) e Valor (Mil Reais) da Produção por Tipo de Lavoura Temporária - 2024 ri xingu",20,"Tabela 44 - Área colhida (Hectares), Quantidade Produzida (Toneladas) e Valor (Mil Reais) da Produção por Tipo de Lavoura Temporária - 2024 ri xingu","..\..\Desktop\tabelas-powerBI\13 Xingu\Tabela 44 - Área colhida (Hectares), Quantidade Produzida (Toneladas) e Valor (Mil Reais) da Produção por Tipo de Lavoura Temporária - 2024 ri xingu.xlsx",Xingu,4640906,12225.0
Senador José Porfírio,15,611,92,-,-,-,-,-,-,13 Xingu,44,"Área colhida (Hectares), Quantidade Produzida (Toneladas) e Valor (Mil Reais) da Produção por Tipo de Lavoura Temporária - 2024 ri xingu",20,"Tabela 44 - Área colhida (Hectares), Quantidade Produzida (Toneladas) e Valor (Mil Reais) da Produção por Tipo de Lavoura Temporária - 2024 ri xingu","..\..\Desktop\tabelas-powerBI\13 Xingu\Tabela 44 - Área colhida (Hectares), Quantidade Produzida (Toneladas) e Valor (Mil Reais) da Produção por Tipo de Lavoura Temporária - 2024 ri xingu.xlsx",Xingu,4640906,8520.0
Uruará,-,-,-,800,2400,4392,30,750,3750,13 Xingu,44,"Área colhida (Hectares), Quantidade Produzida (Toneladas) e Valor (Mil Reais) da Produção por Tipo de Lavoura Temporária - 2024 ri xingu",20,"Tabela 44 - Área colhida (Hectares), Quantidade Produzida (Toneladas) e Valor (Mil Reais) da Produção por Tipo de Lavoura Temporária - 2024 ri xingu","..\..\Desktop\tabelas-powerBI\13 Xingu\Tabela 44 - Área colhida (Hectares), Quantidade Produzida (Toneladas) e Valor (Mil Reais) da Produção por Tipo de Lavoura Temporária - 2024 ri xingu.xlsx",Xingu,4640906,15840.0
Vitória do Xingu,4,240,48,2600,7800,15600,-,-,-,13 Xingu,44,"Área colhida (Hectares), Quantidade Produzida (Toneladas) e Valor (Mil Reais) da Produção por Tipo de Lavoura Temporária - 2024 ri xingu",20,"Tabela 44 - Área colhida (Hectares), Quantidade Produzida (Toneladas) e Valor (Mil Reais) da Produção por Tipo de Lavoura Temporária - 2024 ri xingu","..\..\Desktop\tabelas-powerBI\13 Xingu\Tabela 44 - Área colhida (Hectares), Quantidade Produzida (Toneladas) e Valor (Mil Reais) da Produção por Tipo de Lavoura Temporária - 2024 ri xingu.xlsx",Xingu,4640906,5060.0
Fonte: IBGE/PAM,,,,,,,,,,13 Xingu,44,"Área colhida (Hectares), Quantidade Produzida (Toneladas) e Valor (Mil Reais) da Produção por Tipo de Lavoura Temporária - 2024 ri xingu",20,"Tabela 44 - Área colhida (Hectares), Quantidade Produzida (Toneladas) e Valor (Mil Reais) da Produção por Tipo de Lavoura Temporária - 2024 ri xingu","..\..\Desktop\tabelas-powerBI\13 Xingu\Tabela 44 - Área colhida (Hectares), Quantidade Produzida (Toneladas) e Valor (Mil Reais) da Produção por Tipo de Lavoura Temporária - 2024 ri xingu.xlsx",Xingu,4640906,
Elaboração: FAPESPA,,,,,,,,,,13 Xingu,44,"Área colhida (Hectares), Quantidade Produzida (Toneladas) e Valor (Mil Reais) da Produção por Tipo de Lavoura Temporária - 2024 ri xingu",20,"Tabela 44 - Área colhida (Hectares), Quantidade Produzida (Toneladas) e Valor (Mil Reais) da Produção por Tipo de Lavoura Temporária - 2024 ri xingu","..\..\Desktop\tabelas-powerBI\13 Xingu\Tabela 44 - Área colhida (Hectares), Quantidade Produzida (Toneladas) e Valor (Mil Reais) da Produção por Tipo de Lavoura Temporária - 2024 ri xingu.xlsx",Xingu,4640906,
Nota: A quantidade produzida de abacaxi é expressa em mil frutos,,,,,,,,,,13 Xingu,44,"Área colhida (Hectares), Quantidade Produzida (Toneladas) e Valor (Mil Reais) da Produção por Tipo de Lavoura Temporária - 2024 ri xingu",20,"Tabela 44 - Área colhida (Hectares), Quantidade Produzida (Toneladas) e Valor (Mil Reais) da Produção por Tipo de Lavoura Temporária - 2024 ri xingu","..\..\Desktop\tabelas-powerBI\13 Xingu\Tabela 44 - Área colhida (Hectares), Quantidade Produzida (Toneladas) e Valor (Mil Reais) da Produção por Tipo de Lavoura Temporária - 2024 ri xingu.xlsx",Xingu,4640906,
RI Xingu,71,3512,922,19400,66292,132176,46,1150,5385,13 Xingu,44,"Área colhida (Hectares), Quantidade Produzida (Toneladas) e Valor (Mil Reais) da Produção por Tipo de Lavoura Temporária - 2024 ri xingu",20,"Tabela 44 - Área colhida (Hectares), Quantidade Produzida (Toneladas) e Valor (Mil Reais) da Produção por Tipo de Lavoura Temporária - 2024 ri xingu","..\..\Desktop\tabelas-powerBI\13 Xingu\Tabela 44 - Área colhida (Hectares), Quantidade Produzida (Toneladas) e Valor (Mil Reais) da Produção por Tipo de Lavoura Temporária - 2024 ri xingu.xlsx",Xingu,4610,375.0
Altamira,20,1200,306,14000,50092,100184,5,125,500,13 Xingu,44,"Área colhida (Hectares), Quantidade Produzida (Toneladas) e Valor (Mil Reais) da Produção por Tipo de Lavoura Temporária - 2024 ri xingu",20,"Tabela 44 - Área colhida (Hectares), Quantidade Produzida (Toneladas) e Valor (Mil Reais) da Produção por Tipo de Lavoura Temporária - 2024 ri xingu","..\..\Desktop\tabelas-powerBI\13 Xingu\Tabela 44 - Área colhida (Hectares), Quantidade Produzida (Toneladas) e Valor (Mil Reais) da Produção por Tipo de Lavoura Temporária - 2024 ri xingu.xlsx",Xingu,4610,20.0
Anapu,-,-,-,-,-,-,3,75,300,13 Xingu,44,"Área colhida (Hectares), Quantidade Produzida (Toneladas) e Valor (Mil Reais) da Produção por Tipo de Lavoura Temporária - 2024 ri xingu",20,"Tabela 44 - Área colhida (Hectares), Quantidade Produzida (Toneladas) e Valor (Mil Reais) da Produção por Tipo de Lavoura Temporária - 2024 ri xingu","..\..\Desktop\tabelas-powerBI\13 Xingu\Tabela 44 - Área colhida (Hectares), Quantidade Produzida (Toneladas) e Valor (Mil Reais) da Produção por Tipo de Lavoura Temporária - 2024 ri xingu.xlsx",Xingu,4610,30.0
Brasil Novo,2,108,53,-,-,-,-,-,-,13 Xingu,44,"Área colhida (Hectares), Quantidade Produzida (Toneladas) e Valor (Mil Reais) da Produção por Tipo de Lavoura Temporária - 2024 ri xingu",20,"Tabela 44 - Área colhida (Hectares), Quantidade Produzida (Toneladas) e Valor (Mil Reais) da Produção por Tipo de Lavoura Temporária - 2024 ri xingu","..\..\Desktop\tabelas-powerBI\13 Xingu\Tabela 44 - Área colhida (Hectares), Quantidade Produzida (Toneladas) e Valor (Mil Reais) da Produção por Tipo de Lavoura Temporária - 2024 ri xingu.xlsx",Xingu,4610,5.0
Medicilândia,-,-,-,-,-,-,8,200,835,13 Xingu,44,"Área colhida (Hectares), Quantidade Produzida (Toneladas) e Valor (Mil Reais) da Produção por Tipo de Lavoura Temporária - 2024 ri xingu",20,"Tabela 44 - Área colhida (Hectares), Quantidade Produzida (Toneladas) e Valor (Mil Reais) da Produção por Tipo de Lavoura Temporária - 2024 ri xingu","..\..\Desktop\tabelas-powerBI\13 Xingu\Tabela 44 - Área colhida (Hectares), Quantidade Produzida (Toneladas) e Valor (Mil Reais) da Produção por Tipo de Lavoura Temporária - 2024 ri xingu.xlsx",Xingu,4610,28.0
Pacajá,10,600,300,-,-,-,-,-,-,13 Xingu,44,"Área colhida (Hectares), Quantidade Produzida (Toneladas) e Valor (Mil Reais) da Produção por Tipo de Lavoura Temporária - 2024 ri xingu",20,"Tabela 44 - Área colhida (Hectares), Quantidade Produzida (Toneladas) e Valor (Mil Reais) da Produção por Tipo de Lavoura Temporária - 2024 ri xingu","..\..\Desktop\tabelas-powerBI\13 Xingu\Tabela 44 - Área colhida (Hectares), Quantidade Produzida (Toneladas) e Valor (Mil Reais) da Produção por Tipo de Lavoura Temporária - 2024 ri xingu.xlsx",Xingu,4610,62.0
Placas,5,55,22,2000,6000,12000,-,-,-,13 Xingu,44,"Área colhida (Hectares), Quantidade Produzida (Toneladas) e Valor (Mil Reais) da Produção por Tipo de Lavoura Temporária - 2024 ri xingu",20,"Tabela 44 - Área colhida (Hectares), Quantidade Produzida (Toneladas) e Valor (Mil Reais) da Produção por Tipo de Lavoura Temporária - 2024 ri xingu","..\..\Desktop\tabelas-powerBI\13 Xingu\Tabela 44 - Área colhida (Hectares), Quantidade Produzida (Toneladas) e Valor (Mil Reais) da Produção por Tipo de Lavoura Temporária - 2024 ri xingu.xlsx",Xingu,4610,30.0
Porto de Moz,15,698,101,-,-,-,-,-,-,13 Xingu,44,"Área colhida (Hectares), Quantidade Produzida (Toneladas) e Valor (Mil Reais) da Produção por Tipo de Lavoura Temporária - 2024 ri xingu",20,"Tabela 44 - Área colhida (Hectares), Quantidade Produzida (Toneladas) e Valor (Mil Reais) da Produção por Tipo de Lavoura Temporária - 2024 ri xingu","..\..\Desktop\tabelas-powerBI\13 Xingu\Tabela 44 - Área colhida (Hectares), Quantidade Produzida (Toneladas) e Valor (Mil Reais) da Produção por Tipo de Lavoura Temporária - 2024 ri xingu.xlsx",Xingu,4610,10.0
Senador José Porfírio,15,611,92,-,-,-,-,-,-,13 Xingu,44,"Área colhida (Hectares), Quantidade Produzida (Toneladas) e Valor (Mil Reais) da Produção por Tipo de Lavoura Temporária - 2024 ri xingu",20,"Tabela 44 - Área colhida (Hectares), Quantidade Produzida (Toneladas) e Valor (Mil Reais) da Produção por Tipo de Lavoura Temporária - 2024 ri xingu","..\..\Desktop\tabelas-powerBI\13 Xingu\Tabela 44 - Área colhida (Hectares), Quantidade Produzida (Toneladas) e Valor (Mil Reais) da Produção por Tipo de Lavoura Temporária - 2024 ri xingu.xlsx",Xingu,4610,50.0
Uruará,-,-,-,800,2400,4392,30,750,3750,13 Xingu,44,"Área colhida (Hectares), Quantidade Produzida (Toneladas) e Valor (Mil Reais) da Produção por Tipo de Lavoura Temporária - 2024 ri xingu",20,"Tabela 44 - Área colhida (Hectares), Quantidade Produzida (Toneladas) e Valor (Mil Reais) da Produção por Tipo de Lavoura Temporária - 2024 ri xingu","..\..\Desktop\tabelas-powerBI\13 Xingu\Tabela 44 - Área colhida (Hectares), Quantidade Produzida (Toneladas) e Valor (Mil Reais) da Produção por Tipo de Lavoura Temporária - 2024 ri xingu.xlsx",Xingu,4610,110.0
Vitória do Xingu,4,240,48,2600,7800,15600,-,-,-,13 Xingu,44,"Área colhida (Hectares), Quantidade Produzida (Toneladas) e Valor (Mil Reais) da Produção por Tipo de Lavoura Temporária - 2024 ri xingu",20,"Tabela 44 - Área colhida (Hectares), Quantidade Produzida (Toneladas) e Valor (Mil Reais) da Produção por Tipo de Lavoura Temporária - 2024 ri xingu","..\..\Desktop\tabelas-powerBI\13 Xingu\Tabela 44 - Área colhida (Hectares), Quantidade Produzida (Toneladas) e Valor (Mil Reais) da Produção por Tipo de Lavoura Temporária - 2024 ri xingu.xlsx",Xingu,4610,30.0
Fonte: IBGE/PAM,,,,,,,,,,13 Xingu,44,"Área colhida (Hectares), Quantidade Produzida (Toneladas) e Valor (Mil Reais) da Produção por Tipo de Lavoura Temporária - 2024 ri xingu",20,"Tabela 44 - Área colhida (Hectares), Quantidade Produzida (Toneladas) e Valor (Mil Reais) da Produção por Tipo de Lavoura Temporária - 2024 ri xingu","..\..\Desktop\tabelas-powerBI\13 Xingu\Tabela 44 - Área colhida (Hectares), Quantidade Produzida (Toneladas) e Valor (Mil Reais) da Produção por Tipo de Lavoura Temporária - 2024 ri xingu.xlsx",Xingu,4610,
Elaboração: FAPESPA,,,,,,,,,,13 Xingu,44,"Área colhida (Hectares), Quantidade Produzida (Toneladas) e Valor (Mil Reais) da Produção por Tipo de Lavoura Temporária - 2024 ri xingu",20,"Tabela 44 - Área colhida (Hectares), Quantidade Produzida (Toneladas) e Valor (Mil Reais) da Produção por Tipo de Lavoura Temporária - 2024 ri xingu","..\..\Desktop\tabelas-powerBI\13 Xingu\Tabela 44 - Área colhida (Hectares), Quantidade Produzida (Toneladas) e Valor (Mil Reais) da Produção por Tipo de Lavoura Temporária - 2024 ri xingu.xlsx",Xingu,4610,
Nota: A quantidade produzida de abacaxi é expressa em mil frutos,,,,,,,,,,13 Xingu,44,"Área colhida (Hectares), Quantidade Produzida (Toneladas) e Valor (Mil Reais) da Produção por Tipo de Lavoura Temporária - 2024 ri xingu",20,"Tabela 44 - Área colhida (Hectares), Quantidade Produzida (Toneladas) e Valor (Mil Reais) da Produção por Tipo de Lavoura Temporária - 2024 ri xingu","..\..\Desktop\tabelas-powerBI\13 Xingu\Tabela 44 - Área colhida (Hectares), Quantidade Produzida (Toneladas) e Valor (Mil Reais) da Produção por Tipo de Lavoura Temporária - 2024 ri xingu.xlsx",Xingu,4610,
RI Xingu,71,3512,922,19400,66292,132176,46,1150,5385,13 Xingu,44,"Área colhida (Hectares), Quantidade Produzida (Toneladas) e Valor (Mil Reais) da Produção por Tipo de Lavoura Temporária - 2024 ri xingu",20,"Tabela 44 - Área colhida (Hectares), Quantidade Produzida (Toneladas) e Valor (Mil Reais) da Produção por Tipo de Lavoura Temporária - 2024 ri xingu","..\..\Desktop\tabelas-powerBI\13 Xingu\Tabela 44 - Área colhida (Hectares), Quantidade Produzida (Toneladas) e Valor (Mil Reais) da Produção por Tipo de Lavoura Temporária - 2024 ri xingu.xlsx",Xingu,96067,9006.0
Altamira,20,1200,306,14000,50092,100184,5,125,500,13 Xingu,44,"Área colhida (Hectares), Quantidade Produzida (Toneladas) e Valor (Mil Reais) da Produção por Tipo de Lavoura Temporária - 2024 ri xingu",20,"Tabela 44 - Área colhida (Hectares), Quantidade Produzida (Toneladas) e Valor (Mil Reais) da Produção por Tipo de Lavoura Temporária - 2024 ri xingu","..\..\Desktop\tabelas-powerBI\13 Xingu\Tabela 44 - Área colhida (Hectares), Quantidade Produzida (Toneladas) e Valor (Mil Reais) da Produção por Tipo de Lavoura Temporária - 2024 ri xingu.xlsx",Xingu,96067,500.0
Anapu,-,-,-,-,-,-,3,75,300,13 Xingu,44,"Área colhida (Hectares), Quantidade Produzida (Toneladas) e Valor (Mil Reais) da Produção por Tipo de Lavoura Temporária - 2024 ri xingu",20,"Tabela 44 - Área colhida (Hectares), Quantidade Produzida (Toneladas) e Valor (Mil Reais) da Produção por Tipo de Lavoura Temporária - 2024 ri xingu","..\..\Desktop\tabelas-powerBI\13 Xingu\Tabela 44 - Área colhida (Hectares), Quantidade Produzida (Toneladas) e Valor (Mil Reais) da Produção por Tipo de Lavoura Temporária - 2024 ri xingu.xlsx",Xingu,96067,658.0
Brasil Novo,2,108,53,-,-,-,-,-,-,13 Xingu,44,"Área colhida (Hectares), Quantidade Produzida (Toneladas) e Valor (Mil Reais) da Produção por Tipo de Lavoura Temporária - 2024 ri xingu",20,"Tabela 44 - Área colhida (Hectares), Quantidade Produzida (Toneladas) e Valor (Mil Reais) da Produção por Tipo de Lavoura Temporária - 2024 ri xingu","..\..\Desktop\tabelas-powerBI\13 Xingu\Tabela 44 - Área colhida (Hectares), Quantidade Produzida (Toneladas) e Valor (Mil Reais) da Produção por Tipo de Lavoura Temporária - 2024 ri xingu.xlsx",Xingu,96067,75.0
Medicilândia,-,-,-,-,-,-,8,200,835,13 Xingu,44,"Área colhida (Hectares), Quantidade Produzida (Toneladas) e Valor (Mil Reais) da Produção por Tipo de Lavoura Temporária - 2024 ri xingu",20,"Tabela 44 - Área colhida (Hectares), Quantidade Produzida (Toneladas) e Valor (Mil Reais) da Produção por Tipo de Lavoura Temporária - 2024 ri xingu","..\..\Desktop\tabelas-powerBI\13 Xingu\Tabela 44 - Área colhida (Hectares), Quantidade Produzida (Toneladas) e Valor (Mil Reais) da Produção por Tipo de Lavoura Temporária - 2024 ri xingu.xlsx",Xingu,96067,560.0
Pacajá,10,600,300,-,-,-,-,-,-,13 Xingu,44,"Área colhida (Hectares), Quantidade Produzida (Toneladas) e Valor (Mil Reais) da Produção por Tipo de Lavoura Temporária - 2024 ri xingu",20,"Tabela 44 - Área colhida (Hectares), Quantidade Produzida (Toneladas) e Valor (Mil Reais) da Produção por Tipo de Lavoura Temporária - 2024 ri xingu","..\..\Desktop\tabelas-powerBI\13 Xingu\Tabela 44 - Área colhida (Hectares), Quantidade Produzida (Toneladas) e Valor (Mil Reais) da Produção por Tipo de Lavoura Temporária - 2024 ri xingu.xlsx",Xingu,96067,1559.0
Placas,5,55,22,2000,6000,12000,-,-,-,13 Xingu,44,"Área colhida (Hectares), Quantidade Produzida (Toneladas) e Valor (Mil Reais) da Produção por Tipo de Lavoura Temporária - 2024 ri xingu",20,"Tabela 44 - Área colhida (Hectares), Quantidade Produzida (Toneladas) e Valor (Mil Reais) da Produção por Tipo de Lavoura Temporária - 2024 ri xingu","..\..\Desktop\tabelas-powerBI\13 Xingu\Tabela 44 - Área colhida (Hectares), Quantidade Produzida (Toneladas) e Valor (Mil Reais) da Produção por Tipo de Lavoura Temporária - 2024 ri xingu.xlsx",Xingu,96067,788.0
Porto de Moz,15,698,101,-,-,-,-,-,-,13 Xingu,44,"Área colhida (Hectares), Quantidade Produzida (Toneladas) e Valor (Mil Reais) da Produção por Tipo de Lavoura Temporária - 2024 ri xingu",20,"Tabela 44 - Área colhida (Hectares), Quantidade Produzida (Toneladas) e Valor (Mil Reais) da Produção por Tipo de Lavoura Temporária - 2024 ri xingu","..\..\Desktop\tabelas-powerBI\13 Xingu\Tabela 44 - Área colhida (Hectares), Quantidade Produzida (Toneladas) e Valor (Mil Reais) da Produção por Tipo de Lavoura Temporária - 2024 ri xingu.xlsx",Xingu,96067,270.0
Senador José Porfírio,15,611,92,-,-,-,-,-,-,13 Xingu,44,"Área colhida (Hectares), Quantidade Produzida (Toneladas) e Valor (Mil Reais) da Produção por Tipo de Lavoura Temporária - 2024 ri xingu",20,"Tabela 44 - Área colhida (Hectares), Quantidade Produzida (Toneladas) e Valor (Mil Reais) da Produção por Tipo de Lavoura Temporária - 2024 ri xingu","..\..\Desktop\tabelas-powerBI\13 Xingu\Tabela 44 - Área colhida (Hectares), Quantidade Produzida (Toneladas) e Valor (Mil Reais) da Produção por Tipo de Lavoura Temporária - 2024 ri xingu.xlsx",Xingu,96067,1096.0
Uruará,-,-,-,800,2400,4392,30,750,3750,13 Xingu,44,"Área colhida (Hectares), Quantidade Produzida (Toneladas) e Valor (Mil Reais) da Produção por Tipo de Lavoura Temporária - 2024 ri xingu",20,"Tabela 44 - Área colhida (Hectares), Quantidade Produzida (Toneladas) e Valor (Mil Reais) da Produção por Tipo de Lavoura Temporária - 2024 ri xingu","..\..\Desktop\tabelas-powerBI\13 Xingu\Tabela 44 - Área colhida (Hectares), Quantidade Produzida (Toneladas) e Valor (Mil Reais) da Produção por Tipo de Lavoura Temporária - 2024 ri xingu.xlsx",Xingu,96067,2750.0
Vitória do Xingu,4,240,48,2600,7800,15600,-,-,-,13 Xingu,44,"Área colhida (Hectares), Quantidade Produzida (Toneladas) e Valor (Mil Reais) da Produção por Tipo de Lavoura Temporária - 2024 ri xingu",20,"Tabela 44 - Área colhida (Hectares), Quantidade Produzida (Toneladas) e Valor (Mil Reais) da Produção por Tipo de Lavoura Temporária - 2024 ri xingu","..\..\Desktop\tabelas-powerBI\13 Xingu\Tabela 44 - Área colhida (Hectares), Quantidade Produzida (Toneladas) e Valor (Mil Reais) da Produção por Tipo de Lavoura Temporária - 2024 ri xingu.xlsx",Xingu,96067,750.0
Fonte: IBGE/PAM,,,,,,,,,,13 Xingu,44,"Área colhida (Hectares), Quantidade Produzida (Toneladas) e Valor (Mil Reais) da Produção por Tipo de Lavoura Temporária - 2024 ri xingu",20,"Tabela 44 - Área colhida (Hectares), Quantidade Produzida (Toneladas) e Valor (Mil Reais) da Produção por Tipo de Lavoura Temporária - 2024 ri xingu","..\..\Desktop\tabelas-powerBI\13 Xingu\Tabela 44 - Área colhida (Hectares), Quantidade Produzida (Toneladas) e Valor (Mil Reais) da Produção por Tipo de Lavoura Temporária - 2024 ri xingu.xlsx",Xingu,96067,
Elaboração: FAPESPA,,,,,,,,,,13 Xingu,44,"Área colhida (Hectares), Quantidade Produzida (Toneladas) e Valor (Mil Reais) da Produção por Tipo de Lavoura Temporária - 2024 ri xingu",20,"Tabela 44 - Área colhida (Hectares), Quantidade Produzida (Toneladas) e Valor (Mil Reais) da Produção por Tipo de Lavoura Temporária - 2024 ri xingu","..\..\Desktop\tabelas-powerBI\13 Xingu\Tabela 44 - Área colhida (Hectares), Quantidade Produzida (Toneladas) e Valor (Mil Reais) da Produção por Tipo de Lavoura Temporária - 2024 ri xingu.xlsx",Xingu,96067,
Nota: A quantidade produzida de abacaxi é expressa em mil frutos,,,,,,,,,,13 Xingu,44,"Área colhida (Hectares), Quantidade Produzida (Toneladas) e Valor (Mil Reais) da Produção por Tipo de Lavoura Temporária - 2024 ri xingu",20,"Tabela 44 - Área colhida (Hectares), Quantidade Produzida (Toneladas) e Valor (Mil Reais) da Produção por Tipo de Lavoura Temporária - 2024 ri xingu","..\..\Desktop\tabelas-powerBI\13 Xingu\Tabela 44 - Área colhida (Hectares), Quantidade Produzida (Toneladas) e Valor (Mil Reais) da Produção por Tipo de Lavoura Temporária - 2024 ri xingu.xlsx",Xingu,96067,
RI Xingu,71,3512,922,19400,66292,132176,46,1150,5385,13 Xingu,44,"Área colhida (Hectares), Quantidade Produzida (Toneladas) e Valor (Mil Reais) da Produção por Tipo de Lavoura Temporária - 2024 ri xingu",20,"Tabela 44 - Área colhida (Hectares), Quantidade Produzida (Toneladas) e Valor (Mil Reais) da Produção por Tipo de Lavoura Temporária - 2024 ri xingu","..\..\Desktop\tabelas-powerBI\13 Xingu\Tabela 44 - Área colhida (Hectares), Quantidade Produzida (Toneladas) e Valor (Mil Reais) da Produção por Tipo de Lavoura Temporária - 2024 ri xingu.xlsx",Xingu,161718,16814.0
Altamira,20,1200,306,14000,50092,100184,5,125,500,13 Xingu,44,"Área colhida (Hectares), Quantidade Produzida (Toneladas) e Valor (Mil Reais) da Produção por Tipo de Lavoura Temporária - 2024 ri xingu",20,"Tabela 44 - Área colhida (Hectares), Quantidade Produzida (Toneladas) e Valor (Mil Reais) da Produção por Tipo de Lavoura Temporária - 2024 ri xingu","..\..\Desktop\tabelas-powerBI\13 Xingu\Tabela 44 - Área colhida (Hectares), Quantidade Produzida (Toneladas) e Valor (Mil Reais) da Produção por Tipo de Lavoura Temporária - 2024 ri xingu.xlsx",Xingu,161718,600.0
Anapu,-,-,-,-,-,-,3,75,300,13 Xingu,44,"Área colhida (Hectares), Quantidade Produzida (Toneladas) e Valor (Mil Reais) da Produção por Tipo de Lavoura Temporária - 2024 ri xingu",20,"Tabela 44 - Área colhida (Hectares), Quantidade Produzida (Toneladas) e Valor (Mil Reais) da Produção por Tipo de Lavoura Temporária - 2024 ri xingu","..\..\Desktop\tabelas-powerBI\13 Xingu\Tabela 44 - Área colhida (Hectares), Quantidade Produzida (Toneladas) e Valor (Mil Reais) da Produção por Tipo de Lavoura Temporária - 2024 ri xingu.xlsx",Xingu,161718,757.0
Brasil Novo,2,108,53,-,-,-,-,-,-,13 Xingu,44,"Área colhida (Hectares), Quantidade Produzida (Toneladas) e Valor (Mil Reais) da Produção por Tipo de Lavoura Temporária - 2024 ri xingu",20,"Tabela 44 - Área colhida (Hectares), Quantidade Produzida (Toneladas) e Valor (Mil Reais) da Produção por Tipo de Lavoura Temporária - 2024 ri xingu","..\..\Desktop\tabelas-powerBI\13 Xingu\Tabela 44 - Área colhida (Hectares), Quantidade Produzida (Toneladas) e Valor (Mil Reais) da Produção por Tipo de Lavoura Temporária - 2024 ri xingu.xlsx",Xingu,161718,75.0
Medicilândia,-,-,-,-,-,-,8,200,835,13 Xingu,44,"Área colhida (Hectares), Quantidade Produzida (Toneladas) e Valor (Mil Reais) da Produção por Tipo de Lavoura Temporária - 2024 ri xingu",20,"Tabela 44 - Área colhida (Hectares), Quantidade Produzida (Toneladas) e Valor (Mil Reais) da Produção por Tipo de Lavoura Temporária - 2024 ri xingu","..\..\Desktop\tabelas-powerBI\13 Xingu\Tabela 44 - Área colhida (Hectares), Quantidade Produzida (Toneladas) e Valor (Mil Reais) da Produção por Tipo de Lavoura Temporária - 2024 ri xingu.xlsx",Xingu,161718,728.0
Pacajá,10,600,300,-,-,-,-,-,-,13 Xingu,44,"Área colhida (Hectares), Quantidade Produzida (Toneladas) e Valor (Mil Reais) da Produção por Tipo de Lavoura Temporária - 2024 ri xingu",20,"Tabela 44 - Área colhida (Hectares), Quantidade Produzida (Toneladas) e Valor (Mil Reais) da Produção por Tipo de Lavoura Temporária - 2024 ri xingu","..\..\Desktop\tabelas-powerBI\13 Xingu\Tabela 44 - Área colhida (Hectares), Quantidade Produzida (Toneladas) e Valor (Mil Reais) da Produção por Tipo de Lavoura Temporária - 2024 ri xingu.xlsx",Xingu,161718,2414.0
Placas,5,55,22,2000,6000,12000,-,-,-,13 Xingu,44,"Área colhida (Hectares), Quantidade Produzida (Toneladas) e Valor (Mil Reais) da Produção por Tipo de Lavoura Temporária - 2024 ri xingu",20,"Tabela 44 - Área colhida (Hectares), Quantidade Produzida (Toneladas) e Valor (Mil Reais) da Produção por Tipo de Lavoura Temporária - 2024 ri xingu","..\..\Desktop\tabelas-powerBI\13 Xingu\Tabela 44 - Área colhida (Hectares), Quantidade Produzida (Toneladas) e Valor (Mil Reais) da Produção por Tipo de Lavoura Temporária - 2024 ri xingu.xlsx",Xingu,161718,754.0
Porto de Moz,15,698,101,-,-,-,-,-,-,13 Xingu,44,"Área colhida (Hectares), Quantidade Produzida (Toneladas) e Valor (Mil Reais) da Produção por Tipo de Lavoura Temporária - 2024 ri xingu",20,"Tabela 44 - Área colhida (Hectares), Quantidade Produzida (Toneladas) e Valor (Mil Reais) da Produção por Tipo de Lavoura Temporária - 2024 ri xingu","..\..\Desktop\tabelas-powerBI\13 Xingu\Tabela 44 - Área colhida (Hectares), Quantidade Produzida (Toneladas) e Valor (Mil Reais) da Produção por Tipo de Lavoura Temporária - 2024 ri xingu.xlsx",Xingu,161718,392.0
Senador José Porfírio,15,611,92,-,-,-,-,-,-,13 Xingu,44,"Área colhida (Hectares), Quantidade Produzida (Toneladas) e Valor (Mil Reais) da Produção por Tipo de Lavoura Temporária - 2024 ri xingu",20,"Tabela 44 - Área colhida (Hectares), Quantidade Produzida (Toneladas) e Valor (Mil Reais) da Produção por Tipo de Lavoura Temporária - 2024 ri xingu","..\..\Desktop\tabelas-powerBI\13 Xingu\Tabela 44 - Área colhida (Hectares), Quantidade Produzida (Toneladas) e Valor (Mil Reais) da Produção por Tipo de Lavoura Temporária - 2024 ri xingu.xlsx",Xingu,161718,1644.0
Uruará,-,-,-,800,2400,4392,30,750,3750,13 Xingu,44,"Área colhida (Hectares), Quantidade Produzida (Toneladas) e Valor (Mil Reais) da Produção por Tipo de Lavoura Temporária - 2024 ri xingu",20,"Tabela 44 - Área colhida (Hectares), Quantidade Produzida (Toneladas) e Valor (Mil Reais) da Produção por Tipo de Lavoura Temporária - 2024 ri xingu","..\..\Desktop\tabelas-powerBI\13 Xingu\Tabela 44 - Área colhida (Hectares), Quantidade Produzida (Toneladas) e Valor (Mil Reais) da Produção por Tipo de Lavoura Temporária - 2024 ri xingu.xlsx",Xingu,161718,8250.0
Vitória do Xingu,4,240,48,2600,7800,15600,-,-,-,13 Xingu,44,"Área colhida (Hectares), Quantidade Produzida (Toneladas) e Valor (Mil Reais) da Produção por Tipo de Lavoura Temporária - 2024 ri xingu",20,"Tabela 44 - Área colhida (Hectares), Quantidade Produzida (Toneladas) e Valor (Mil Reais) da Produção por Tipo de Lavoura Temporária - 2024 ri xingu","..\..\Desktop\tabelas-powerBI\13 Xingu\Tabela 44 - Área colhida (Hectares), Quantidade Produzida (Toneladas) e Valor (Mil Reais) da Produção por Tipo de Lavoura Temporária - 2024 ri xingu.xlsx",Xingu,161718,1200.0
Fonte: IBGE/PAM,,,,,,,,,,13 Xingu,44,"Área colhida (Hectares), Quantidade Produzida (Toneladas) e Valor (Mil Reais) da Produção por Tipo de Lavoura Temporária - 2024 ri xingu",20,"Tabela 44 - Área colhida (Hectares), Quantidade Produzida (Toneladas) e Valor (Mil Reais) da Produção por Tipo de Lavoura Temporária - 2024 ri xingu","..\..\Desktop\tabelas-powerBI\13 Xingu\Tabela 44 - Área colhida (Hectares), Quantidade Produzida (Toneladas) e Valor (Mil Reais) da Produção por Tipo de Lavoura Temporária - 2024 ri xingu.xlsx",Xingu,161718,
Elaboração: FAPESPA,,,,,,,,,,13 Xingu,44,"Área colhida (Hectares), Quantidade Produzida (Toneladas) e Valor (Mil Reais) da Produção por Tipo de Lavoura Temporária - 2024 ri xingu",20,"Tabela 44 - Área colhida (Hectares), Quantidade Produzida (Toneladas) e Valor (Mil Reais) da Produção por Tipo de Lavoura Temporária - 2024 ri xingu","..\..\Desktop\tabelas-powerBI\13 Xingu\Tabela 44 - Área colhida (Hectares), Quantidade Produzida (Toneladas) e Valor (Mil Reais) da Produção por Tipo de Lavoura Temporária - 2024 ri xingu.xlsx",Xingu,161718,
Nota: A quantidade produzida de abacaxi é expressa em mil frutos,,,,,,,,,,13 Xingu,44,"Área colhida (Hectares), Quantidade Produzida (Toneladas) e Valor (Mil Reais) da Produção por Tipo de Lavoura Temporária - 2024 ri xingu",20,"Tabela 44 - Área colhida (Hectares), Quantidade Produzida (Toneladas) e Valor (Mil Reais) da Produção por Tipo de Lavoura Temporária - 2024 ri xingu","..\..\Desktop\tabelas-powerBI\13 Xingu\Tabela 44 - Área colhida (Hectares), Quantidade Produzida (Toneladas) e Valor (Mil Reais) da Produção por Tipo de Lavoura Temporária - 2024 ri xingu.xlsx",Xingu,161718,
RI Xingu,71,3512,922,19400,66292,132176,46,1150,5385,13 Xingu,44,"Área colhida (Hectares), Quantidade Produzida (Toneladas) e Valor (Mil Reais) da Produção por Tipo de Lavoura Temporária - 2024 ri xingu",20,"Tabela 44 - Área colhida (Hectares), Quantidade Produzida (Toneladas) e Valor (Mil Reais) da Produção por Tipo de Lavoura Temporária - 2024 ri xingu","..\..\Desktop\tabelas-powerBI\13 Xingu\Tabela 44 - Área colhida (Hectares), Quantidade Produzida (Toneladas) e Valor (Mil Reais) da Produção por Tipo de Lavoura Temporária - 2024 ri xingu.xlsx",Xingu,477562,22750.0
Altamira,20,1200,306,14000,50092,100184,5,125,500,13 Xingu,44,"Área colhida (Hectares), Quantidade Produzida (Toneladas) e Valor (Mil Reais) da Produção por Tipo de Lavoura Temporária - 2024 ri xingu",20,"Tabela 44 - Área colhida (Hectares), Quantidade Produzida (Toneladas) e Valor (Mil Reais) da Produção por Tipo de Lavoura Temporária - 2024 ri xingu","..\..\Desktop\tabelas-powerBI\13 Xingu\Tabela 44 - Área colhida (Hectares), Quantidade Produzida (Toneladas) e Valor (Mil Reais) da Produção por Tipo de Lavoura Temporária - 2024 ri xingu.xlsx",Xingu,477562,10500.0
Anapu,-,-,-,-,-,-,3,75,300,13 Xingu,44,"Área colhida (Hectares), Quantidade Produzida (Toneladas) e Valor (Mil Reais) da Produção por Tipo de Lavoura Temporária - 2024 ri xingu",20,"Tabela 44 - Área colhida (Hectares), Quantidade Produzida (Toneladas) e Valor (Mil Reais) da Produção por Tipo de Lavoura Temporária - 2024 ri xingu","..\..\Desktop\tabelas-powerBI\13 Xingu\Tabela 44 - Área colhida (Hectares), Quantidade Produzida (Toneladas) e Valor (Mil Reais) da Produção por Tipo de Lavoura Temporária - 2024 ri xingu.xlsx",Xingu,477562,1000.0
Brasil Novo,2,108,53,-,-,-,-,-,-,13 Xingu,44,"Área colhida (Hectares), Quantidade Produzida (Toneladas) e Valor (Mil Reais) da Produção por Tipo de Lavoura Temporária - 2024 ri xingu",20,"Tabela 44 - Área colhida (Hectares), Quantidade Produzida (Toneladas) e Valor (Mil Reais) da Produção por Tipo de Lavoura Temporária - 2024 ri xingu","..\..\Desktop\tabelas-powerBI\13 Xingu\Tabela 44 - Área colhida (Hectares), Quantidade Produzida (Toneladas) e Valor (Mil Reais) da Produção por Tipo de Lavoura Temporária - 2024 ri xingu.xlsx",Xingu,477562,1350.0
Medicilândia,-,-,-,-,-,-,8,200,835,13 Xingu,44,"Área colhida (Hectares), Quantidade Produzida (Toneladas) e Valor (Mil Reais) da Produção por Tipo de Lavoura Temporária - 2024 ri xingu",20,"Tabela 44 - Área colhida (Hectares), Quantidade Produzida (Toneladas) e Valor (Mil Reais) da Produção por Tipo de Lavoura Temporária - 2024 ri xingu","..\..\Desktop\tabelas-powerBI\13 Xingu\Tabela 44 - Área colhida (Hectares), Quantidade Produzida (Toneladas) e Valor (Mil Reais) da Produção por Tipo de Lavoura Temporária - 2024 ri xingu.xlsx",Xingu,477562,2100.0
Pacajá,10,600,300,-,-,-,-,-,-,13 Xingu,44,"Área colhida (Hectares), Quantidade Produzida (Toneladas) e Valor (Mil Reais) da Produção por Tipo de Lavoura Temporária - 2024 ri xingu",20,"Tabela 44 - Área colhida (Hectares), Quantidade Produzida (Toneladas) e Valor (Mil Reais) da Produção por Tipo de Lavoura Temporária - 2024 ri xingu","..\..\Desktop\tabelas-powerBI\13 Xingu\Tabela 44 - Área colhida (Hectares), Quantidade Produzida (Toneladas) e Valor (Mil Reais) da Produção por Tipo de Lavoura Temporária - 2024 ri xingu.xlsx",Xingu,477562,1610.0
Placas,5,55,22,2000,6000,12000,-,-,-,13 Xingu,44,"Área colhida (Hectares), Quantidade Produzida (Toneladas) e Valor (Mil Reais) da Produção por Tipo de Lavoura Temporária - 2024 ri xingu",20,"Tabela 44 - Área colhida (Hectares), Quantidade Produzida (Toneladas) e Valor (Mil Reais) da Produção por Tipo de Lavoura Temporária - 2024 ri xingu","..\..\Desktop\tabelas-powerBI\13 Xingu\Tabela 44 - Área colhida (Hectares), Quantidade Produzida (Toneladas) e Valor (Mil Reais) da Produção por Tipo de Lavoura Temporária - 2024 ri xingu.xlsx",Xingu,477562,2000.0
Porto de Moz,15,698,101,-,-,-,-,-,-,13 Xingu,44,"Área colhida (Hectares), Quantidade Produzida (Toneladas) e Valor (Mil Reais) da Produção por Tipo de Lavoura Temporária - 2024 ri xingu",20,"Tabela 44 - Área colhida (Hectares), Quantidade Produzida (Toneladas) e Valor (Mil Reais) da Produção por Tipo de Lavoura Temporária - 2024 ri xingu","..\..\Desktop\tabelas-powerBI\13 Xingu\Tabela 44 - Área colhida (Hectares), Quantidade Produzida (Toneladas) e Valor (Mil Reais) da Produção por Tipo de Lavoura Temporária - 2024 ri xingu.xlsx",Xingu,477562,140.0
Senador José Porfírio,15,611,92,-,-,-,-,-,-,13 Xingu,44,"Área colhida (Hectares), Quantidade Produzida (Toneladas) e Valor (Mil Reais) da Produção por Tipo de Lavoura Temporária - 2024 ri xingu",20,"Tabela 44 - Área colhida (Hectares), Quantidade Produzida (Toneladas) e Valor (Mil Reais) da Produção por Tipo de Lavoura Temporária - 2024 ri xingu","..\..\Desktop\tabelas-powerBI\13 Xingu\Tabela 44 - Área colhida (Hectares), Quantidade Produzida (Toneladas) e Valor (Mil Reais) da Produção por Tipo de Lavoura Temporária - 2024 ri xingu.xlsx",Xingu,477562,650.0
Uruará,-,-,-,800,2400,4392,30,750,3750,13 Xingu,44,"Área colhida (Hectares), Quantidade Produzida (Toneladas) e Valor (Mil Reais) da Produção por Tipo de Lavoura Temporária - 2024 ri xingu",20,"Tabela 44 - Área colhida (Hectares), Quantidade Produzida (Toneladas) e Valor (Mil Reais) da Produção por Tipo de Lavoura Temporária - 2024 ri xingu","..\..\Desktop\tabelas-powerBI\13 Xingu\Tabela 44 - Área colhida (Hectares), Quantidade Produzida (Toneladas) e Valor (Mil Reais) da Produção por Tipo de Lavoura Temporária - 2024 ri xingu.xlsx",Xingu,477562,1800.0
Vitória do Xingu,4,240,48,2600,7800,15600,-,-,-,13 Xingu,44,"Área colhida (Hectares), Quantidade Produzida (Toneladas) e Valor (Mil Reais) da Produção por Tipo de Lavoura Temporária - 2024 ri xingu",20,"Tabela 44 - Área colhida (Hectares), Quantidade Produzida (Toneladas) e Valor (Mil Reais) da Produção por Tipo de Lavoura Temporária - 2024 ri xingu","..\..\Desktop\tabelas-powerBI\13 Xingu\Tabela 44 - Área colhida (Hectares), Quantidade Produzida (Toneladas) e Valor (Mil Reais) da Produção por Tipo de Lavoura Temporária - 2024 ri xingu.xlsx",Xingu,477562,1600.0
Fonte: IBGE/PAM,,,,,,,,,,13 Xingu,44,"Área colhida (Hectares), Quantidade Produzida (Toneladas) e Valor (Mil Reais) da Produção por Tipo de Lavoura Temporária - 2024 ri xingu",20,"Tabela 44 - Área colhida (Hectares), Quantidade Produzida (Toneladas) e Valor (Mil Reais) da Produção por Tipo de Lavoura Temporária - 2024 ri xingu","..\..\Desktop\tabelas-powerBI\13 Xingu\Tabela 44 - Área colhida (Hectares), Quantidade Produzida (Toneladas) e Valor (Mil Reais) da Produção por Tipo de Lavoura Temporária - 2024 ri xingu.xlsx",Xingu,477562,
Elaboração: FAPESPA,,,,,,,,,,13 Xingu,44,"Área colhida (Hectares), Quantidade Produzida (Toneladas) e Valor (Mil Reais) da Produção por Tipo de Lavoura Temporária - 2024 ri xingu",20,"Tabela 44 - Área colhida (Hectares), Quantidade Produzida (Toneladas) e Valor (Mil Reais) da Produção por Tipo de Lavoura Temporária - 2024 ri xingu","..\..\Desktop\tabelas-powerBI\13 Xingu\Tabela 44 - Área colhida (Hectares), Quantidade Produzida (Toneladas) e Valor (Mil Reais) da Produção por Tipo de Lavoura Temporária - 2024 ri xingu.xlsx",Xingu,477562,
Nota: A quantidade produzida de abacaxi é expressa em mil frutos,,,,,,,,,,13 Xingu,44,"Área colhida (Hectares), Quantidade Produzida (Toneladas) e Valor (Mil Reais) da Produção por Tipo de Lavoura Temporária - 2024 ri xingu",20,"Tabela 44 - Área colhida (Hectares), Quantidade Produzida (Toneladas) e Valor (Mil Reais) da Produção por Tipo de Lavoura Temporária - 2024 ri xingu","..\..\Desktop\tabelas-powerBI\13 Xingu\Tabela 44 - Área colhida (Hectares), Quantidade Produzida (Toneladas) e Valor (Mil Reais) da Produção por Tipo de Lavoura Temporária - 2024 ri xingu.xlsx",Xingu,477562,
RI Xingu,71,3512,922,19400,66292,132176,46,1150,5385,13 Xingu,44,"Área colhida (Hectares), Quantidade Produzida (Toneladas) e Valor (Mil Reais) da Produção por Tipo de Lavoura Temporária - 2024 ri xingu",20,"Tabela 44 - Área colhida (Hectares), Quantidade Produzida (Toneladas) e Valor (Mil Reais) da Produção por Tipo de Lavoura Temporária - 2024 ri xingu","..\..\Desktop\tabelas-powerBI\13 Xingu\Tabela 44 - Área colhida (Hectares), Quantidade Produzida (Toneladas) e Valor (Mil Reais) da Produção por Tipo de Lavoura Temporária - 2024 ri xingu.xlsx",Xingu,1759249,84562.0
Altamira,20,1200,306,14000,50092,100184,5,125,500,13 Xingu,44,"Área colhida (Hectares), Quantidade Produzida (Toneladas) e Valor (Mil Reais) da Produção por Tipo de Lavoura Temporária - 2024 ri xingu",20,"Tabela 44 - Área colhida (Hectares), Quantidade Produzida (Toneladas) e Valor (Mil Reais) da Produção por Tipo de Lavoura Temporária - 2024 ri xingu","..\..\Desktop\tabelas-powerBI\13 Xingu\Tabela 44 - Área colhida (Hectares), Quantidade Produzida (Toneladas) e Valor (Mil Reais) da Produção por Tipo de Lavoura Temporária - 2024 ri xingu.xlsx",Xingu,1759249,48101.0
Anapu,-,-,-,-,-,-,3,75,300,13 Xingu,44,"Área colhida (Hectares), Quantidade Produzida (Toneladas) e Valor (Mil Reais) da Produção por Tipo de Lavoura Temporária - 2024 ri xingu",20,"Tabela 44 - Área colhida (Hectares), Quantidade Produzida (Toneladas) e Valor (Mil Reais) da Produção por Tipo de Lavoura Temporária - 2024 ri xingu","..\..\Desktop\tabelas-powerBI\13 Xingu\Tabela 44 - Área colhida (Hectares), Quantidade Produzida (Toneladas) e Valor (Mil Reais) da Produção por Tipo de Lavoura Temporária - 2024 ri xingu.xlsx",Xingu,1759249,2481.0
Brasil Novo,2,108,53,-,-,-,-,-,-,13 Xingu,44,"Área colhida (Hectares), Quantidade Produzida (Toneladas) e Valor (Mil Reais) da Produção por Tipo de Lavoura Temporária - 2024 ri xingu",20,"Tabela 44 - Área colhida (Hectares), Quantidade Produzida (Toneladas) e Valor (Mil Reais) da Produção por Tipo de Lavoura Temporária - 2024 ri xingu","..\..\Desktop\tabelas-powerBI\13 Xingu\Tabela 44 - Área colhida (Hectares), Quantidade Produzida (Toneladas) e Valor (Mil Reais) da Produção por Tipo de Lavoura Temporária - 2024 ri xingu.xlsx",Xingu,1759249,4050.0
Medicilândia,-,-,-,-,-,-,8,200,835,13 Xingu,44,"Área colhida (Hectares), Quantidade Produzida (Toneladas) e Valor (Mil Reais) da Produção por Tipo de Lavoura Temporária - 2024 ri xingu",20,"Tabela 44 - Área colhida (Hectares), Quantidade Produzida (Toneladas) e Valor (Mil Reais) da Produção por Tipo de Lavoura Temporária - 2024 ri xingu","..\..\Desktop\tabelas-powerBI\13 Xingu\Tabela 44 - Área colhida (Hectares), Quantidade Produzida (Toneladas) e Valor (Mil Reais) da Produção por Tipo de Lavoura Temporária - 2024 ri xingu.xlsx",Xingu,1759249,6999.0
Pacajá,10,600,300,-,-,-,-,-,-,13 Xingu,44,"Área colhida (Hectares), Quantidade Produzida (Toneladas) e Valor (Mil Reais) da Produção por Tipo de Lavoura Temporária - 2024 ri xingu",20,"Tabela 44 - Área colhida (Hectares), Quantidade Produzida (Toneladas) e Valor (Mil Reais) da Produção por Tipo de Lavoura Temporária - 2024 ri xingu","..\..\Desktop\tabelas-powerBI\13 Xingu\Tabela 44 - Área colhida (Hectares), Quantidade Produzida (Toneladas) e Valor (Mil Reais) da Produção por Tipo de Lavoura Temporária - 2024 ri xingu.xlsx",Xingu,1759249,4830.0
Placas,5,55,22,2000,6000,12000,-,-,-,13 Xingu,44,"Área colhida (Hectares), Quantidade Produzida (Toneladas) e Valor (Mil Reais) da Produção por Tipo de Lavoura Temporária - 2024 ri xingu",20,"Tabela 44 - Área colhida (Hectares), Quantidade Produzida (Toneladas) e Valor (Mil Reais) da Produção por Tipo de Lavoura Temporária - 2024 ri xingu","..\..\Desktop\tabelas-powerBI\13 Xingu\Tabela 44 - Área colhida (Hectares), Quantidade Produzida (Toneladas) e Valor (Mil Reais) da Produção por Tipo de Lavoura Temporária - 2024 ri xingu.xlsx",Xingu,1759249,6000.0
Porto de Moz,15,698,101,-,-,-,-,-,-,13 Xingu,44,"Área colhida (Hectares), Quantidade Produzida (Toneladas) e Valor (Mil Reais) da Produção por Tipo de Lavoura Temporária - 2024 ri xingu",20,"Tabela 44 - Área colhida (Hectares), Quantidade Produzida (Toneladas) e Valor (Mil Reais) da Produção por Tipo de Lavoura Temporária - 2024 ri xingu","..\..\Desktop\tabelas-powerBI\13 Xingu\Tabela 44 - Área colhida (Hectares), Quantidade Produzida (Toneladas) e Valor (Mil Reais) da Produção por Tipo de Lavoura Temporária - 2024 ri xingu.xlsx",Xingu,1759249,224.0
Senador José Porfírio,15,611,92,-,-,-,-,-,-,13 Xingu,44,"Área colhida (Hectares), Quantidade Produzida (Toneladas) e Valor (Mil Reais) da Produção por Tipo de Lavoura Temporária - 2024 ri xingu",20,"Tabela 44 - Área colhida (Hectares), Quantidade Produzida (Toneladas) e Valor (Mil Reais) da Produção por Tipo de Lavoura Temporária - 2024 ri xingu","..\..\Desktop\tabelas-powerBI\13 Xingu\Tabela 44 - Área colhida (Hectares), Quantidade Produzida (Toneladas) e Valor (Mil Reais) da Produção por Tipo de Lavoura Temporária - 2024 ri xingu.xlsx",Xingu,1759249,1637.0
Uruará,-,-,-,800,2400,4392,30,750,3750,13 Xingu,44,"Área colhida (Hectares), Quantidade Produzida (Toneladas) e Valor (Mil Reais) da Produção por Tipo de Lavoura Temporária - 2024 ri xingu",20,"Tabela 44 - Área colhida (Hectares), Quantidade Produzida (Toneladas) e Valor (Mil Reais) da Produção por Tipo de Lavoura Temporária - 2024 ri xingu","..\..\Desktop\tabelas-powerBI\13 Xingu\Tabela 44 - Área colhida (Hectares), Quantidade Produzida (Toneladas) e Valor (Mil Reais) da Produção por Tipo de Lavoura Temporária - 2024 ri xingu.xlsx",Xingu,1759249,5440.0
Vitória do Xingu,4,240,48,2600,7800,15600,-,-,-,13 Xingu,44,"Área colhida (Hectares), Quantidade Produzida (Toneladas) e Valor (Mil Reais) da Produção por Tipo de Lavoura Temporária - 2024 ri xingu",20,"Tabela 44 - Área colhida (Hectares), Quantidade Produzida (Toneladas) e Valor (Mil Reais) da Produção por Tipo de Lavoura Temporária - 2024 ri xingu","..\..\Desktop\tabelas-powerBI\13 Xingu\Tabela 44 - Área colhida (Hectares), Quantidade Produzida (Toneladas) e Valor (Mil Reais) da Produção por Tipo de Lavoura Temporária - 2024 ri xingu.xlsx",Xingu,1759249,4800.0
Fonte: IBGE/PAM,,,,,,,,,,13 Xingu,44,"Área colhida (Hectares), Quantidade Produzida (Toneladas) e Valor (Mil Reais) da Produção por Tipo de Lavoura Temporária - 2024 ri xingu",20,"Tabela 44 - Área colhida (Hectares), Quantidade Produzida (Toneladas) e Valor (Mil Reais) da Produção por Tipo de Lavoura Temporária - 2024 ri xingu","..\..\Desktop\tabelas-powerBI\13 Xingu\Tabela 44 - Área colhida (Hectares), Quantidade Produzida (Toneladas) e Valor (Mil Reais) da Produção por Tipo de Lavoura Temporária - 2024 ri xingu.xlsx",Xingu,1759249,
Elaboração: FAPESPA,,,,,,,,,,13 Xingu,44,"Área colhida (Hectares), Quantidade Produzida (Toneladas) e Valor (Mil Reais) da Produção por Tipo de Lavoura Temporária - 2024 ri xingu",20,"Tabela 44 - Área colhida (Hectares), Quantidade Produzida (Toneladas) e Valor (Mil Reais) da Produção por Tipo de Lavoura Temporária - 2024 ri xingu","..\..\Desktop\tabelas-powerBI\13 Xingu\Tabela 44 - Área colhida (Hectares), Quantidade Produzida (Toneladas) e Valor (Mil Reais) da Produção por Tipo de Lavoura Temporária - 2024 ri xingu.xlsx",Xingu,1759249,
Nota: A quantidade produzida de abacaxi é expressa em mil frutos,,,,,,,,,,13 Xingu,44,"Área colhida (Hectares), Quantidade Produzida (Toneladas) e Valor (Mil Reais) da Produção por Tipo de Lavoura Temporária - 2024 ri xingu",20,"Tabela 44 - Área colhida (Hectares), Quantidade Produzida (Toneladas) e Valor (Mil Reais) da Produção por Tipo de Lavoura Temporária - 2024 ri xingu","..\..\Desktop\tabelas-powerBI\13 Xingu\Tabela 44 - Área colhida (Hectares), Quantidade Produzida (Toneladas) e Valor (Mil Reais) da Produção por Tipo de Lavoura Temporária - 2024 ri xingu.xlsx",Xingu,1759249,
RI Xingu,71,3512,922,19400,66292,132176,46,1150,5385,13 Xingu,44,"Área colhida (Hectares), Quantidade Produzida (Toneladas) e Valor (Mil Reais) da Produção por Tipo de Lavoura Temporária - 2024 ri xingu",20,"Tabela 44 - Área colhida (Hectares), Quantidade Produzida (Toneladas) e Valor (Mil Reais) da Produção por Tipo de Lavoura Temporária - 2024 ri xingu","..\..\Desktop\tabelas-powerBI\13 Xingu\Tabela 44 - Área colhida (Hectares), Quantidade Produzida (Toneladas) e Valor (Mil Reais) da Produção por Tipo de Lavoura Temporária - 2024 ri xingu.xlsx",Xingu,1562172,88510.0
Altamira,20,1200,306,14000,50092,100184,5,125,500,13 Xingu,44,"Área colhida (Hectares), Quantidade Produzida (Toneladas) e Valor (Mil Reais) da Produção por Tipo de Lavoura Temporária - 2024 ri xingu",20,"Tabela 44 - Área colhida (Hectares), Quantidade Produzida (Toneladas) e Valor (Mil Reais) da Produção por Tipo de Lavoura Temporária - 2024 ri xingu","..\..\Desktop\tabelas-powerBI\13 Xingu\Tabela 44 - Área colhida (Hectares), Quantidade Produzida (Toneladas) e Valor (Mil Reais) da Produção por Tipo de Lavoura Temporária - 2024 ri xingu.xlsx",Xingu,1562172,45696.0
Anapu,-,-,-,-,-,-,3,75,300,13 Xingu,44,"Área colhida (Hectares), Quantidade Produzida (Toneladas) e Valor (Mil Reais) da Produção por Tipo de Lavoura Temporária - 2024 ri xingu",20,"Tabela 44 - Área colhida (Hectares), Quantidade Produzida (Toneladas) e Valor (Mil Reais) da Produção por Tipo de Lavoura Temporária - 2024 ri xingu","..\..\Desktop\tabelas-powerBI\13 Xingu\Tabela 44 - Área colhida (Hectares), Quantidade Produzida (Toneladas) e Valor (Mil Reais) da Produção por Tipo de Lavoura Temporária - 2024 ri xingu.xlsx",Xingu,1562172,2642.0
Brasil Novo,2,108,53,-,-,-,-,-,-,13 Xingu,44,"Área colhida (Hectares), Quantidade Produzida (Toneladas) e Valor (Mil Reais) da Produção por Tipo de Lavoura Temporária - 2024 ri xingu",20,"Tabela 44 - Área colhida (Hectares), Quantidade Produzida (Toneladas) e Valor (Mil Reais) da Produção por Tipo de Lavoura Temporária - 2024 ri xingu","..\..\Desktop\tabelas-powerBI\13 Xingu\Tabela 44 - Área colhida (Hectares), Quantidade Produzida (Toneladas) e Valor (Mil Reais) da Produção por Tipo de Lavoura Temporária - 2024 ri xingu.xlsx",Xingu,1562172,5670.0
Medicilândia,-,-,-,-,-,-,8,200,835,13 Xingu,44,"Área colhida (Hectares), Quantidade Produzida (Toneladas) e Valor (Mil Reais) da Produção por Tipo de Lavoura Temporária - 2024 ri xingu",20,"Tabela 44 - Área colhida (Hectares), Quantidade Produzida (Toneladas) e Valor (Mil Reais) da Produção por Tipo de Lavoura Temporária - 2024 ri xingu","..\..\Desktop\tabelas-powerBI\13 Xingu\Tabela 44 - Área colhida (Hectares), Quantidade Produzida (Toneladas) e Valor (Mil Reais) da Produção por Tipo de Lavoura Temporária - 2024 ri xingu.xlsx",Xingu,1562172,7664.0
Pacajá,10,600,300,-,-,-,-,-,-,13 Xingu,44,"Área colhida (Hectares), Quantidade Produzida (Toneladas) e Valor (Mil Reais) da Produção por Tipo de Lavoura Temporária - 2024 ri xingu",20,"Tabela 44 - Área colhida (Hectares), Quantidade Produzida (Toneladas) e Valor (Mil Reais) da Produção por Tipo de Lavoura Temporária - 2024 ri xingu","..\..\Desktop\tabelas-powerBI\13 Xingu\Tabela 44 - Área colhida (Hectares), Quantidade Produzida (Toneladas) e Valor (Mil Reais) da Produção por Tipo de Lavoura Temporária - 2024 ri xingu.xlsx",Xingu,1562172,7245.0
Placas,5,55,22,2000,6000,12000,-,-,-,13 Xingu,44,"Área colhida (Hectares), Quantidade Produzida (Toneladas) e Valor (Mil Reais) da Produção por Tipo de Lavoura Temporária - 2024 ri xingu",20,"Tabela 44 - Área colhida (Hectares), Quantidade Produzida (Toneladas) e Valor (Mil Reais) da Produção por Tipo de Lavoura Temporária - 2024 ri xingu","..\..\Desktop\tabelas-powerBI\13 Xingu\Tabela 44 - Área colhida (Hectares), Quantidade Produzida (Toneladas) e Valor (Mil Reais) da Produção por Tipo de Lavoura Temporária - 2024 ri xingu.xlsx",Xingu,1562172,7200.0
Porto de Moz,15,698,101,-,-,-,-,-,-,13 Xingu,44,"Área colhida (Hectares), Quantidade Produzida (Toneladas) e Valor (Mil Reais) da Produção por Tipo de Lavoura Temporária - 2024 ri xingu",20,"Tabela 44 - Área colhida (Hectares), Quantidade Produzida (Toneladas) e Valor (Mil Reais) da Produção por Tipo de Lavoura Temporária - 2024 ri xingu","..\..\Desktop\tabelas-powerBI\13 Xingu\Tabela 44 - Área colhida (Hectares), Quantidade Produzida (Toneladas) e Valor (Mil Reais) da Produção por Tipo de Lavoura Temporária - 2024 ri xingu.xlsx",Xingu,1562172,262.0
Senador José Porfírio,15,611,92,-,-,-,-,-,-,13 Xingu,44,"Área colhida (Hectares), Quantidade Produzida (Toneladas) e Valor (Mil Reais) da Produção por Tipo de Lavoura Temporária - 2024 ri xingu",20,"Tabela 44 - Área colhida (Hectares), Quantidade Produzida (Toneladas) e Valor (Mil Reais) da Produção por Tipo de Lavoura Temporária - 2024 ri xingu","..\..\Desktop\tabelas-powerBI\13 Xingu\Tabela 44 - Área colhida (Hectares), Quantidade Produzida (Toneladas) e Valor (Mil Reais) da Produção por Tipo de Lavoura Temporária - 2024 ri xingu.xlsx",Xingu,1562172,1964.0
Uruará,-,-,-,800,2400,4392,30,750,3750,13 Xingu,44,"Área colhida (Hectares), Quantidade Produzida (Toneladas) e Valor (Mil Reais) da Produção por Tipo de Lavoura Temporária - 2024 ri xingu",20,"Tabela 44 - Área colhida (Hectares), Quantidade Produzida (Toneladas) e Valor (Mil Reais) da Produção por Tipo de Lavoura Temporária - 2024 ri xingu","..\..\Desktop\tabelas-powerBI\13 Xingu\Tabela 44 - Área colhida (Hectares), Quantidade Produzida (Toneladas) e Valor (Mil Reais) da Produção por Tipo de Lavoura Temporária - 2024 ri xingu.xlsx",Xingu,1562172,4983.0
Vitória do Xingu,4,240,48,2600,7800,15600,-,-,-,13 Xingu,44,"Área colhida (Hectares), Quantidade Produzida (Toneladas) e Valor (Mil Reais) da Produção por Tipo de Lavoura Temporária - 2024 ri xingu",20,"Tabela 44 - Área colhida (Hectares), Quantidade Produzida (Toneladas) e Valor (Mil Reais) da Produção por Tipo de Lavoura Temporária - 2024 ri xingu","..\..\Desktop\tabelas-powerBI\13 Xingu\Tabela 44 - Área colhida (Hectares), Quantidade Produzida (Toneladas) e Valor (Mil Reais) da Produção por Tipo de Lavoura Temporária - 2024 ri xingu.xlsx",Xingu,1562172,5184.0
Fonte: IBGE/PAM,,,,,,,,,,13 Xingu,44,"Área colhida (Hectares), Quantidade Produzida (Toneladas) e Valor (Mil Reais) da Produção por Tipo de Lavoura Temporária - 2024 ri xingu",20,"Tabela 44 - Área colhida (Hectares), Quantidade Produzida (Toneladas) e Valor (Mil Reais) da Produção por Tipo de Lavoura Temporária - 2024 ri xingu","..\..\Desktop\tabelas-powerBI\13 Xingu\Tabela 44 - Área colhida (Hectares), Quantidade Produzida (Toneladas) e Valor (Mil Reais) da Produção por Tipo de Lavoura Temporária - 2024 ri xingu.xlsx",Xingu,1562172,
Elaboração: FAPESPA,,,,,,,,,,13 Xingu,44,"Área colhida (Hectares), Quantidade Produzida (Toneladas) e Valor (Mil Reais) da Produção por Tipo de Lavoura Temporária - 2024 ri xingu",20,"Tabela 44 - Área colhida (Hectares), Quantidade Produzida (Toneladas) e Valor (Mil Reais) da Produção por Tipo de Lavoura Temporária - 2024 ri xingu","..\..\Desktop\tabelas-powerBI\13 Xingu\Tabela 44 - Área colhida (Hectares), Quantidade Produzida (Toneladas) e Valor (Mil Reais) da Produção por Tipo de Lavoura Temporária - 2024 ri xingu.xlsx",Xingu,1562172,
Nota: A quantidade produzida de abacaxi é expressa em mil frutos,,,,,,,,,,13 Xingu,44,"Área colhida (Hectares), Quantidade Produzida (Toneladas) e Valor (Mil Reais) da Produção por Tipo de Lavoura Temporária - 2024 ri xingu",20,"Tabela 44 - Área colhida (Hectares), Quantidade Produzida (Toneladas) e Valor (Mil Reais) da Produção por Tipo de Lavoura Temporária - 2024 ri xingu","..\..\Desktop\tabelas-powerBI\13 Xingu\Tabela 44 - Área colhida (Hectares), Quantidade Produzida (Toneladas) e Valor (Mil Reais) da Produção por Tipo de Lavoura Temporária - 2024 ri xingu.xlsx",Xingu,1562172,
