Par,163405,137455,7716788,137,97,1871,4729,74442,90615,1089,16329,43398,1646,16122,63855,regiao,tabela_num,titulo,ano,arquivo,arquivo_path,aba,variavel,valor
RI Guamá,1236,773,37638,0,0,0,307,3922,9128,433,6525,13789,503,5031,26773,6 Guamá,43,"Área colhida (Hectares), Quantidade Produzida (Toneladas) e Valor (Mil Reais) da Produção por Tipo de Lavoura Permanente - 2024 ri guama",20,"Tabela 43 - Área colhida (Hectares), Quantidade Produzida (Toneladas) e Valor (Mil Reais) da Produção por Tipo de Lavoura Permanente - 2024 ri guama","..\..\Desktop\tabelas-powerBI\6 Guamá\Tabela 43 - Área colhida (Hectares), Quantidade Produzida (Toneladas) e Valor (Mil Reais) da Produção por Tipo de Lavoura Permanente - 2024 ri guama.xlsx",Guamá,36906,964.0
Castanhal,180,144,6478,-,-,-,-,-,-,20,300,669,-,-,-,6 Guamá,43,"Área colhida (Hectares), Quantidade Produzida (Toneladas) e Valor (Mil Reais) da Produção por Tipo de Lavoura Permanente - 2024 ri guama",20,"Tabela 43 - Área colhida (Hectares), Quantidade Produzida (Toneladas) e Valor (Mil Reais) da Produção por Tipo de Lavoura Permanente - 2024 ri guama","..\..\Desktop\tabelas-powerBI\6 Guamá\Tabela 43 - Área colhida (Hectares), Quantidade Produzida (Toneladas) e Valor (Mil Reais) da Produção por Tipo de Lavoura Permanente - 2024 ri guama.xlsx",Guamá,36906,120.0
Colares,-,-,-,-,-,-,-,-,-,-,-,-,-,-,-,6 Guamá,43,"Área colhida (Hectares), Quantidade Produzida (Toneladas) e Valor (Mil Reais) da Produção por Tipo de Lavoura Permanente - 2024 ri guama",20,"Tabela 43 - Área colhida (Hectares), Quantidade Produzida (Toneladas) e Valor (Mil Reais) da Produção por Tipo de Lavoura Permanente - 2024 ri guama","..\..\Desktop\tabelas-powerBI\6 Guamá\Tabela 43 - Área colhida (Hectares), Quantidade Produzida (Toneladas) e Valor (Mil Reais) da Produção por Tipo de Lavoura Permanente - 2024 ri guama.xlsx",Guamá,36906,3.0
Curuçá,-,-,-,-,-,-,-,-,-,40,600,1321,-,-,-,6 Guamá,43,"Área colhida (Hectares), Quantidade Produzida (Toneladas) e Valor (Mil Reais) da Produção por Tipo de Lavoura Permanente - 2024 ri guama",20,"Tabela 43 - Área colhida (Hectares), Quantidade Produzida (Toneladas) e Valor (Mil Reais) da Produção por Tipo de Lavoura Permanente - 2024 ri guama","..\..\Desktop\tabelas-powerBI\6 Guamá\Tabela 43 - Área colhida (Hectares), Quantidade Produzida (Toneladas) e Valor (Mil Reais) da Produção por Tipo de Lavoura Permanente - 2024 ri guama.xlsx",Guamá,36906,15.0
Igarapé-Açu,-,-,-,-,-,-,50,650,1769,100,1500,3339,300,3000,15936,6 Guamá,43,"Área colhida (Hectares), Quantidade Produzida (Toneladas) e Valor (Mil Reais) da Produção por Tipo de Lavoura Permanente - 2024 ri guama",20,"Tabela 43 - Área colhida (Hectares), Quantidade Produzida (Toneladas) e Valor (Mil Reais) da Produção por Tipo de Lavoura Permanente - 2024 ri guama","..\..\Desktop\tabelas-powerBI\6 Guamá\Tabela 43 - Área colhida (Hectares), Quantidade Produzida (Toneladas) e Valor (Mil Reais) da Produção por Tipo de Lavoura Permanente - 2024 ri guama.xlsx",Guamá,36906,50.0
Inhangapi,310,217,10410,-,-,-,46,690,1731,10,150,335,10,100,542,6 Guamá,43,"Área colhida (Hectares), Quantidade Produzida (Toneladas) e Valor (Mil Reais) da Produção por Tipo de Lavoura Permanente - 2024 ri guama",20,"Tabela 43 - Área colhida (Hectares), Quantidade Produzida (Toneladas) e Valor (Mil Reais) da Produção por Tipo de Lavoura Permanente - 2024 ri guama","..\..\Desktop\tabelas-powerBI\6 Guamá\Tabela 43 - Área colhida (Hectares), Quantidade Produzida (Toneladas) e Valor (Mil Reais) da Produção por Tipo de Lavoura Permanente - 2024 ri guama.xlsx",Guamá,36906,140.0
Magalhães Barata,-,-,-,-,-,-,-,-,-,-,-,-,10,100,543,6 Guamá,43,"Área colhida (Hectares), Quantidade Produzida (Toneladas) e Valor (Mil Reais) da Produção por Tipo de Lavoura Permanente - 2024 ri guama",20,"Tabela 43 - Área colhida (Hectares), Quantidade Produzida (Toneladas) e Valor (Mil Reais) da Produção por Tipo de Lavoura Permanente - 2024 ri guama","..\..\Desktop\tabelas-powerBI\6 Guamá\Tabela 43 - Área colhida (Hectares), Quantidade Produzida (Toneladas) e Valor (Mil Reais) da Produção por Tipo de Lavoura Permanente - 2024 ri guama.xlsx",Guamá,36906,8.0
Maracanã,-,-,-,-,-,-,10,150,337,25,375,799,70,700,3806,6 Guamá,43,"Área colhida (Hectares), Quantidade Produzida (Toneladas) e Valor (Mil Reais) da Produção por Tipo de Lavoura Permanente - 2024 ri guama",20,"Tabela 43 - Área colhida (Hectares), Quantidade Produzida (Toneladas) e Valor (Mil Reais) da Produção por Tipo de Lavoura Permanente - 2024 ri guama","..\..\Desktop\tabelas-powerBI\6 Guamá\Tabela 43 - Área colhida (Hectares), Quantidade Produzida (Toneladas) e Valor (Mil Reais) da Produção por Tipo de Lavoura Permanente - 2024 ri guama.xlsx",Guamá,36906,30.0
Marapanim,-,-,-,-,-,-,-,-,-,20,300,609,35,350,1919,6 Guamá,43,"Área colhida (Hectares), Quantidade Produzida (Toneladas) e Valor (Mil Reais) da Produção por Tipo de Lavoura Permanente - 2024 ri guama",20,"Tabela 43 - Área colhida (Hectares), Quantidade Produzida (Toneladas) e Valor (Mil Reais) da Produção por Tipo de Lavoura Permanente - 2024 ri guama","..\..\Desktop\tabelas-powerBI\6 Guamá\Tabela 43 - Área colhida (Hectares), Quantidade Produzida (Toneladas) e Valor (Mil Reais) da Produção por Tipo de Lavoura Permanente - 2024 ri guama.xlsx",Guamá,36906,10.0
Santa Izabel do Pará,388,238,13090,-,-,-,20,280,616,10,180,396,5,51,105,6 Guamá,43,"Área colhida (Hectares), Quantidade Produzida (Toneladas) e Valor (Mil Reais) da Produção por Tipo de Lavoura Permanente - 2024 ri guama",20,"Tabela 43 - Área colhida (Hectares), Quantidade Produzida (Toneladas) e Valor (Mil Reais) da Produção por Tipo de Lavoura Permanente - 2024 ri guama","..\..\Desktop\tabelas-powerBI\6 Guamá\Tabela 43 - Área colhida (Hectares), Quantidade Produzida (Toneladas) e Valor (Mil Reais) da Produção por Tipo de Lavoura Permanente - 2024 ri guama.xlsx",Guamá,36906,60.0
Santa Maria do Pará,-,-,-,-,-,-,-,-,-,-,-,-,-,-,-,6 Guamá,43,"Área colhida (Hectares), Quantidade Produzida (Toneladas) e Valor (Mil Reais) da Produção por Tipo de Lavoura Permanente - 2024 ri guama",20,"Tabela 43 - Área colhida (Hectares), Quantidade Produzida (Toneladas) e Valor (Mil Reais) da Produção por Tipo de Lavoura Permanente - 2024 ri guama","..\..\Desktop\tabelas-powerBI\6 Guamá\Tabela 43 - Área colhida (Hectares), Quantidade Produzida (Toneladas) e Valor (Mil Reais) da Produção por Tipo de Lavoura Permanente - 2024 ri guama.xlsx",Guamá,36906,
Santo Antônio do Tauá,-,-,-,-,-,-,-,-,-,200,3000,6000,-,-,-,6 Guamá,43,"Área colhida (Hectares), Quantidade Produzida (Toneladas) e Valor (Mil Reais) da Produção por Tipo de Lavoura Permanente - 2024 ri guama",20,"Tabela 43 - Área colhida (Hectares), Quantidade Produzida (Toneladas) e Valor (Mil Reais) da Produção por Tipo de Lavoura Permanente - 2024 ri guama","..\..\Desktop\tabelas-powerBI\6 Guamá\Tabela 43 - Área colhida (Hectares), Quantidade Produzida (Toneladas) e Valor (Mil Reais) da Produção por Tipo de Lavoura Permanente - 2024 ri guama.xlsx",Guamá,36906,180.0
São Caetano de Odivelas,5,4,160,-,-,-,5,65,195,5,75,225,10,100,500,6 Guamá,43,"Área colhida (Hectares), Quantidade Produzida (Toneladas) e Valor (Mil Reais) da Produção por Tipo de Lavoura Permanente - 2024 ri guama",20,"Tabela 43 - Área colhida (Hectares), Quantidade Produzida (Toneladas) e Valor (Mil Reais) da Produção por Tipo de Lavoura Permanente - 2024 ri guama","..\..\Desktop\tabelas-powerBI\6 Guamá\Tabela 43 - Área colhida (Hectares), Quantidade Produzida (Toneladas) e Valor (Mil Reais) da Produção por Tipo de Lavoura Permanente - 2024 ri guama.xlsx",Guamá,36906,60.0
São Domingos do Capim,350,168,7412,-,-,-,45,518,1257,-,-,-,50,500,2697,6 Guamá,43,"Área colhida (Hectares), Quantidade Produzida (Toneladas) e Valor (Mil Reais) da Produção por Tipo de Lavoura Permanente - 2024 ri guama",20,"Tabela 43 - Área colhida (Hectares), Quantidade Produzida (Toneladas) e Valor (Mil Reais) da Produção por Tipo de Lavoura Permanente - 2024 ri guama","..\..\Desktop\tabelas-powerBI\6 Guamá\Tabela 43 - Área colhida (Hectares), Quantidade Produzida (Toneladas) e Valor (Mil Reais) da Produção por Tipo de Lavoura Permanente - 2024 ri guama.xlsx",Guamá,36906,130.0
São Francisco do Pará,-,-,-,-,-,-,100,1100,2386,-,-,-,-,-,-,6 Guamá,43,"Área colhida (Hectares), Quantidade Produzida (Toneladas) e Valor (Mil Reais) da Produção por Tipo de Lavoura Permanente - 2024 ri guama",20,"Tabela 43 - Área colhida (Hectares), Quantidade Produzida (Toneladas) e Valor (Mil Reais) da Produção por Tipo de Lavoura Permanente - 2024 ri guama","..\..\Desktop\tabelas-powerBI\6 Guamá\Tabela 43 - Área colhida (Hectares), Quantidade Produzida (Toneladas) e Valor (Mil Reais) da Produção por Tipo de Lavoura Permanente - 2024 ri guama.xlsx",Guamá,36906,30.0
São João da Ponta,3,2,88,-,-,-,16,264,356,3,45,96,13,130,725,6 Guamá,43,"Área colhida (Hectares), Quantidade Produzida (Toneladas) e Valor (Mil Reais) da Produção por Tipo de Lavoura Permanente - 2024 ri guama",20,"Tabela 43 - Área colhida (Hectares), Quantidade Produzida (Toneladas) e Valor (Mil Reais) da Produção por Tipo de Lavoura Permanente - 2024 ri guama","..\..\Desktop\tabelas-powerBI\6 Guamá\Tabela 43 - Área colhida (Hectares), Quantidade Produzida (Toneladas) e Valor (Mil Reais) da Produção por Tipo de Lavoura Permanente - 2024 ri guama.xlsx",Guamá,36906,8.0
São Miguel do Guamá,-,-,-,-,-,-,10,130,290,-,-,-,-,-,-,6 Guamá,43,"Área colhida (Hectares), Quantidade Produzida (Toneladas) e Valor (Mil Reais) da Produção por Tipo de Lavoura Permanente - 2024 ri guama",20,"Tabela 43 - Área colhida (Hectares), Quantidade Produzida (Toneladas) e Valor (Mil Reais) da Produção por Tipo de Lavoura Permanente - 2024 ri guama","..\..\Desktop\tabelas-powerBI\6 Guamá\Tabela 43 - Área colhida (Hectares), Quantidade Produzida (Toneladas) e Valor (Mil Reais) da Produção por Tipo de Lavoura Permanente - 2024 ri guama.xlsx",Guamá,36906,60.0
Terra Alta,-,-,-,-,-,-,5,75,191,-,-,-,-,-,-,6 Guamá,43,"Área colhida (Hectares), Quantidade Produzida (Toneladas) e Valor (Mil Reais) da Produção por Tipo de Lavoura Permanente - 2024 ri guama",20,"Tabela 43 - Área colhida (Hectares), Quantidade Produzida (Toneladas) e Valor (Mil Reais) da Produção por Tipo de Lavoura Permanente - 2024 ri guama","..\..\Desktop\tabelas-powerBI\6 Guamá\Tabela 43 - Área colhida (Hectares), Quantidade Produzida (Toneladas) e Valor (Mil Reais) da Produção por Tipo de Lavoura Permanente - 2024 ri guama.xlsx",Guamá,36906,10.0
Vigia,-,-,-,-,-,-,-,-,-,-,-,-,-,-,-,6 Guamá,43,"Área colhida (Hectares), Quantidade Produzida (Toneladas) e Valor (Mil Reais) da Produção por Tipo de Lavoura Permanente - 2024 ri guama",20,"Tabela 43 - Área colhida (Hectares), Quantidade Produzida (Toneladas) e Valor (Mil Reais) da Produção por Tipo de Lavoura Permanente - 2024 ri guama","..\..\Desktop\tabelas-powerBI\6 Guamá\Tabela 43 - Área colhida (Hectares), Quantidade Produzida (Toneladas) e Valor (Mil Reais) da Produção por Tipo de Lavoura Permanente - 2024 ri guama.xlsx",Guamá,36906,50.0
Fonte: IBGE/PAM,,,,,,,,,,,,,,,,6 Guamá,43,"Área colhida (Hectares), Quantidade Produzida (Toneladas) e Valor (Mil Reais) da Produção por Tipo de Lavoura Permanente - 2024 ri guama",20,"Tabela 43 - Área colhida (Hectares), Quantidade Produzida (Toneladas) e Valor (Mil Reais) da Produção por Tipo de Lavoura Permanente - 2024 ri guama","..\..\Desktop\tabelas-powerBI\6 Guamá\Tabela 43 - Área colhida (Hectares), Quantidade Produzida (Toneladas) e Valor (Mil Reais) da Produção por Tipo de Lavoura Permanente - 2024 ri guama.xlsx",Guamá,36906,
Elaboração: FAPESPA,,,,,,,,,,,,,,,,6 Guamá,43,"Área colhida (Hectares), Quantidade Produzida (Toneladas) e Valor (Mil Reais) da Produção por Tipo de Lavoura Permanente - 2024 ri guama",20,"Tabela 43 - Área colhida (Hectares), Quantidade Produzida (Toneladas) e Valor (Mil Reais) da Produção por Tipo de Lavoura Permanente - 2024 ri guama","..\..\Desktop\tabelas-powerBI\6 Guamá\Tabela 43 - Área colhida (Hectares), Quantidade Produzida (Toneladas) e Valor (Mil Reais) da Produção por Tipo de Lavoura Permanente - 2024 ri guama.xlsx",Guamá,36906,
Nota: A quantidade produzida de coco-da-baía é expressa em mil frutos ,,,,,,,,,,,,,,,,6 Guamá,43,"Área colhida (Hectares), Quantidade Produzida (Toneladas) e Valor (Mil Reais) da Produção por Tipo de Lavoura Permanente - 2024 ri guama",20,"Tabela 43 - Área colhida (Hectares), Quantidade Produzida (Toneladas) e Valor (Mil Reais) da Produção por Tipo de Lavoura Permanente - 2024 ri guama","..\..\Desktop\tabelas-powerBI\6 Guamá\Tabela 43 - Área colhida (Hectares), Quantidade Produzida (Toneladas) e Valor (Mil Reais) da Produção por Tipo de Lavoura Permanente - 2024 ri guama.xlsx",Guamá,36906,
RI Guamá,1236,773,37638,0,0,0,307,3922,9128,433,6525,13789,503,5031,26773,6 Guamá,43,"Área colhida (Hectares), Quantidade Produzida (Toneladas) e Valor (Mil Reais) da Produção por Tipo de Lavoura Permanente - 2024 ri guama",20,"Tabela 43 - Área colhida (Hectares), Quantidade Produzida (Toneladas) e Valor (Mil Reais) da Produção por Tipo de Lavoura Permanente - 2024 ri guama","..\..\Desktop\tabelas-powerBI\6 Guamá\Tabela 43 - Área colhida (Hectares), Quantidade Produzida (Toneladas) e Valor (Mil Reais) da Produção por Tipo de Lavoura Permanente - 2024 ri guama.xlsx",Guamá,425275,11412.0
Castanhal,180,144,6478,-,-,-,-,-,-,20,300,669,-,-,-,6 Guamá,43,"Área colhida (Hectares), Quantidade Produzida (Toneladas) e Valor (Mil Reais) da Produção por Tipo de Lavoura Permanente - 2024 ri guama",20,"Tabela 43 - Área colhida (Hectares), Quantidade Produzida (Toneladas) e Valor (Mil Reais) da Produção por Tipo de Lavoura Permanente - 2024 ri guama","..\..\Desktop\tabelas-powerBI\6 Guamá\Tabela 43 - Área colhida (Hectares), Quantidade Produzida (Toneladas) e Valor (Mil Reais) da Produção por Tipo de Lavoura Permanente - 2024 ri guama.xlsx",Guamá,425275,960.0
Colares,-,-,-,-,-,-,-,-,-,-,-,-,-,-,-,6 Guamá,43,"Área colhida (Hectares), Quantidade Produzida (Toneladas) e Valor (Mil Reais) da Produção por Tipo de Lavoura Permanente - 2024 ri guama",20,"Tabela 43 - Área colhida (Hectares), Quantidade Produzida (Toneladas) e Valor (Mil Reais) da Produção por Tipo de Lavoura Permanente - 2024 ri guama","..\..\Desktop\tabelas-powerBI\6 Guamá\Tabela 43 - Área colhida (Hectares), Quantidade Produzida (Toneladas) e Valor (Mil Reais) da Produção por Tipo de Lavoura Permanente - 2024 ri guama.xlsx",Guamá,425275,30.0
Curuçá,-,-,-,-,-,-,-,-,-,40,600,1321,-,-,-,6 Guamá,43,"Área colhida (Hectares), Quantidade Produzida (Toneladas) e Valor (Mil Reais) da Produção por Tipo de Lavoura Permanente - 2024 ri guama",20,"Tabela 43 - Área colhida (Hectares), Quantidade Produzida (Toneladas) e Valor (Mil Reais) da Produção por Tipo de Lavoura Permanente - 2024 ri guama","..\..\Desktop\tabelas-powerBI\6 Guamá\Tabela 43 - Área colhida (Hectares), Quantidade Produzida (Toneladas) e Valor (Mil Reais) da Produção por Tipo de Lavoura Permanente - 2024 ri guama.xlsx",Guamá,425275,180.0
Igarapé-Açu,-,-,-,-,-,-,50,650,1769,100,1500,3339,300,3000,15936,6 Guamá,43,"Área colhida (Hectares), Quantidade Produzida (Toneladas) e Valor (Mil Reais) da Produção por Tipo de Lavoura Permanente - 2024 ri guama",20,"Tabela 43 - Área colhida (Hectares), Quantidade Produzida (Toneladas) e Valor (Mil Reais) da Produção por Tipo de Lavoura Permanente - 2024 ri guama","..\..\Desktop\tabelas-powerBI\6 Guamá\Tabela 43 - Área colhida (Hectares), Quantidade Produzida (Toneladas) e Valor (Mil Reais) da Produção por Tipo de Lavoura Permanente - 2024 ri guama.xlsx",Guamá,425275,550.0
Inhangapi,310,217,10410,-,-,-,46,690,1731,10,150,335,10,100,542,6 Guamá,43,"Área colhida (Hectares), Quantidade Produzida (Toneladas) e Valor (Mil Reais) da Produção por Tipo de Lavoura Permanente - 2024 ri guama",20,"Tabela 43 - Área colhida (Hectares), Quantidade Produzida (Toneladas) e Valor (Mil Reais) da Produção por Tipo de Lavoura Permanente - 2024 ri guama","..\..\Desktop\tabelas-powerBI\6 Guamá\Tabela 43 - Área colhida (Hectares), Quantidade Produzida (Toneladas) e Valor (Mil Reais) da Produção por Tipo de Lavoura Permanente - 2024 ri guama.xlsx",Guamá,425275,1882.0
Magalhães Barata,-,-,-,-,-,-,-,-,-,-,-,-,10,100,543,6 Guamá,43,"Área colhida (Hectares), Quantidade Produzida (Toneladas) e Valor (Mil Reais) da Produção por Tipo de Lavoura Permanente - 2024 ri guama",20,"Tabela 43 - Área colhida (Hectares), Quantidade Produzida (Toneladas) e Valor (Mil Reais) da Produção por Tipo de Lavoura Permanente - 2024 ri guama","..\..\Desktop\tabelas-powerBI\6 Guamá\Tabela 43 - Área colhida (Hectares), Quantidade Produzida (Toneladas) e Valor (Mil Reais) da Produção por Tipo de Lavoura Permanente - 2024 ri guama.xlsx",Guamá,425275,92.0
Maracanã,-,-,-,-,-,-,10,150,337,25,375,799,70,700,3806,6 Guamá,43,"Área colhida (Hectares), Quantidade Produzida (Toneladas) e Valor (Mil Reais) da Produção por Tipo de Lavoura Permanente - 2024 ri guama",20,"Tabela 43 - Área colhida (Hectares), Quantidade Produzida (Toneladas) e Valor (Mil Reais) da Produção por Tipo de Lavoura Permanente - 2024 ri guama","..\..\Desktop\tabelas-powerBI\6 Guamá\Tabela 43 - Área colhida (Hectares), Quantidade Produzida (Toneladas) e Valor (Mil Reais) da Produção por Tipo de Lavoura Permanente - 2024 ri guama.xlsx",Guamá,425275,210.0
Marapanim,-,-,-,-,-,-,-,-,-,20,300,609,35,350,1919,6 Guamá,43,"Área colhida (Hectares), Quantidade Produzida (Toneladas) e Valor (Mil Reais) da Produção por Tipo de Lavoura Permanente - 2024 ri guama",20,"Tabela 43 - Área colhida (Hectares), Quantidade Produzida (Toneladas) e Valor (Mil Reais) da Produção por Tipo de Lavoura Permanente - 2024 ri guama","..\..\Desktop\tabelas-powerBI\6 Guamá\Tabela 43 - Área colhida (Hectares), Quantidade Produzida (Toneladas) e Valor (Mil Reais) da Produção por Tipo de Lavoura Permanente - 2024 ri guama.xlsx",Guamá,425275,120.0
Santa Izabel do Pará,388,238,13090,-,-,-,20,280,616,10,180,396,5,51,105,6 Guamá,43,"Área colhida (Hectares), Quantidade Produzida (Toneladas) e Valor (Mil Reais) da Produção por Tipo de Lavoura Permanente - 2024 ri guama",20,"Tabela 43 - Área colhida (Hectares), Quantidade Produzida (Toneladas) e Valor (Mil Reais) da Produção por Tipo de Lavoura Permanente - 2024 ri guama","..\..\Desktop\tabelas-powerBI\6 Guamá\Tabela 43 - Área colhida (Hectares), Quantidade Produzida (Toneladas) e Valor (Mil Reais) da Produção por Tipo de Lavoura Permanente - 2024 ri guama.xlsx",Guamá,425275,570.0
Santa Maria do Pará,-,-,-,-,-,-,-,-,-,-,-,-,-,-,-,6 Guamá,43,"Área colhida (Hectares), Quantidade Produzida (Toneladas) e Valor (Mil Reais) da Produção por Tipo de Lavoura Permanente - 2024 ri guama",20,"Tabela 43 - Área colhida (Hectares), Quantidade Produzida (Toneladas) e Valor (Mil Reais) da Produção por Tipo de Lavoura Permanente - 2024 ri guama","..\..\Desktop\tabelas-powerBI\6 Guamá\Tabela 43 - Área colhida (Hectares), Quantidade Produzida (Toneladas) e Valor (Mil Reais) da Produção por Tipo de Lavoura Permanente - 2024 ri guama.xlsx",Guamá,425275,
Santo Antônio do Tauá,-,-,-,-,-,-,-,-,-,200,3000,6000,-,-,-,6 Guamá,43,"Área colhida (Hectares), Quantidade Produzida (Toneladas) e Valor (Mil Reais) da Produção por Tipo de Lavoura Permanente - 2024 ri guama",20,"Tabela 43 - Área colhida (Hectares), Quantidade Produzida (Toneladas) e Valor (Mil Reais) da Produção por Tipo de Lavoura Permanente - 2024 ri guama","..\..\Desktop\tabelas-powerBI\6 Guamá\Tabela 43 - Área colhida (Hectares), Quantidade Produzida (Toneladas) e Valor (Mil Reais) da Produção por Tipo de Lavoura Permanente - 2024 ri guama.xlsx",Guamá,425275,3070.0
São Caetano de Odivelas,5,4,160,-,-,-,5,65,195,5,75,225,10,100,500,6 Guamá,43,"Área colhida (Hectares), Quantidade Produzida (Toneladas) e Valor (Mil Reais) da Produção por Tipo de Lavoura Permanente - 2024 ri guama",20,"Tabela 43 - Área colhida (Hectares), Quantidade Produzida (Toneladas) e Valor (Mil Reais) da Produção por Tipo de Lavoura Permanente - 2024 ri guama","..\..\Desktop\tabelas-powerBI\6 Guamá\Tabela 43 - Área colhida (Hectares), Quantidade Produzida (Toneladas) e Valor (Mil Reais) da Produção por Tipo de Lavoura Permanente - 2024 ri guama.xlsx",Guamá,425275,600.0
São Domingos do Capim,350,168,7412,-,-,-,45,518,1257,-,-,-,50,500,2697,6 Guamá,43,"Área colhida (Hectares), Quantidade Produzida (Toneladas) e Valor (Mil Reais) da Produção por Tipo de Lavoura Permanente - 2024 ri guama",20,"Tabela 43 - Área colhida (Hectares), Quantidade Produzida (Toneladas) e Valor (Mil Reais) da Produção por Tipo de Lavoura Permanente - 2024 ri guama","..\..\Desktop\tabelas-powerBI\6 Guamá\Tabela 43 - Área colhida (Hectares), Quantidade Produzida (Toneladas) e Valor (Mil Reais) da Produção por Tipo de Lavoura Permanente - 2024 ri guama.xlsx",Guamá,425275,1199.0
São Francisco do Pará,-,-,-,-,-,-,100,1100,2386,-,-,-,-,-,-,6 Guamá,43,"Área colhida (Hectares), Quantidade Produzida (Toneladas) e Valor (Mil Reais) da Produção por Tipo de Lavoura Permanente - 2024 ri guama",20,"Tabela 43 - Área colhida (Hectares), Quantidade Produzida (Toneladas) e Valor (Mil Reais) da Produção por Tipo de Lavoura Permanente - 2024 ri guama","..\..\Desktop\tabelas-powerBI\6 Guamá\Tabela 43 - Área colhida (Hectares), Quantidade Produzida (Toneladas) e Valor (Mil Reais) da Produção por Tipo de Lavoura Permanente - 2024 ri guama.xlsx",Guamá,425275,360.0
São João da Ponta,3,2,88,-,-,-,16,264,356,3,45,96,13,130,725,6 Guamá,43,"Área colhida (Hectares), Quantidade Produzida (Toneladas) e Valor (Mil Reais) da Produção por Tipo de Lavoura Permanente - 2024 ri guama",20,"Tabela 43 - Área colhida (Hectares), Quantidade Produzida (Toneladas) e Valor (Mil Reais) da Produção por Tipo de Lavoura Permanente - 2024 ri guama","..\..\Desktop\tabelas-powerBI\6 Guamá\Tabela 43 - Área colhida (Hectares), Quantidade Produzida (Toneladas) e Valor (Mil Reais) da Produção por Tipo de Lavoura Permanente - 2024 ri guama.xlsx",Guamá,425275,96.0
São Miguel do Guamá,-,-,-,-,-,-,10,130,290,-,-,-,-,-,-,6 Guamá,43,"Área colhida (Hectares), Quantidade Produzida (Toneladas) e Valor (Mil Reais) da Produção por Tipo de Lavoura Permanente - 2024 ri guama",20,"Tabela 43 - Área colhida (Hectares), Quantidade Produzida (Toneladas) e Valor (Mil Reais) da Produção por Tipo de Lavoura Permanente - 2024 ri guama","..\..\Desktop\tabelas-powerBI\6 Guamá\Tabela 43 - Área colhida (Hectares), Quantidade Produzida (Toneladas) e Valor (Mil Reais) da Produção por Tipo de Lavoura Permanente - 2024 ri guama.xlsx",Guamá,425275,653.0
Terra Alta,-,-,-,-,-,-,5,75,191,-,-,-,-,-,-,6 Guamá,43,"Área colhida (Hectares), Quantidade Produzida (Toneladas) e Valor (Mil Reais) da Produção por Tipo de Lavoura Permanente - 2024 ri guama",20,"Tabela 43 - Área colhida (Hectares), Quantidade Produzida (Toneladas) e Valor (Mil Reais) da Produção por Tipo de Lavoura Permanente - 2024 ri guama","..\..\Desktop\tabelas-powerBI\6 Guamá\Tabela 43 - Área colhida (Hectares), Quantidade Produzida (Toneladas) e Valor (Mil Reais) da Produção por Tipo de Lavoura Permanente - 2024 ri guama.xlsx",Guamá,425275,109.0
Vigia,-,-,-,-,-,-,-,-,-,-,-,-,-,-,-,6 Guamá,43,"Área colhida (Hectares), Quantidade Produzida (Toneladas) e Valor (Mil Reais) da Produção por Tipo de Lavoura Permanente - 2024 ri guama",20,"Tabela 43 - Área colhida (Hectares), Quantidade Produzida (Toneladas) e Valor (Mil Reais) da Produção por Tipo de Lavoura Permanente - 2024 ri guama","..\..\Desktop\tabelas-powerBI\6 Guamá\Tabela 43 - Área colhida (Hectares), Quantidade Produzida (Toneladas) e Valor (Mil Reais) da Produção por Tipo de Lavoura Permanente - 2024 ri guama.xlsx",Guamá,425275,731.0
Fonte: IBGE/PAM,,,,,,,,,,,,,,,,6 Guamá,43,"Área colhida (Hectares), Quantidade Produzida (Toneladas) e Valor (Mil Reais) da Produção por Tipo de Lavoura Permanente - 2024 ri guama",20,"Tabela 43 - Área colhida (Hectares), Quantidade Produzida (Toneladas) e Valor (Mil Reais) da Produção por Tipo de Lavoura Permanente - 2024 ri guama","..\..\Desktop\tabelas-powerBI\6 Guamá\Tabela 43 - Área colhida (Hectares), Quantidade Produzida (Toneladas) e Valor (Mil Reais) da Produção por Tipo de Lavoura Permanente - 2024 ri guama.xlsx",Guamá,425275,
Elaboração: FAPESPA,,,,,,,,,,,,,,,,6 Guamá,43,"Área colhida (Hectares), Quantidade Produzida (Toneladas) e Valor (Mil Reais) da Produção por Tipo de Lavoura Permanente - 2024 ri guama",20,"Tabela 43 - Área colhida (Hectares), Quantidade Produzida (Toneladas) e Valor (Mil Reais) da Produção por Tipo de Lavoura Permanente - 2024 ri guama","..\..\Desktop\tabelas-powerBI\6 Guamá\Tabela 43 - Área colhida (Hectares), Quantidade Produzida (Toneladas) e Valor (Mil Reais) da Produção por Tipo de Lavoura Permanente - 2024 ri guama.xlsx",Guamá,425275,
Nota: A quantidade produzida de coco-da-baía é expressa em mil frutos ,,,,,,,,,,,,,,,,6 Guamá,43,"Área colhida (Hectares), Quantidade Produzida (Toneladas) e Valor (Mil Reais) da Produção por Tipo de Lavoura Permanente - 2024 ri guama",20,"Tabela 43 - Área colhida (Hectares), Quantidade Produzida (Toneladas) e Valor (Mil Reais) da Produção por Tipo de Lavoura Permanente - 2024 ri guama","..\..\Desktop\tabelas-powerBI\6 Guamá\Tabela 43 - Área colhida (Hectares), Quantidade Produzida (Toneladas) e Valor (Mil Reais) da Produção por Tipo de Lavoura Permanente - 2024 ri guama.xlsx",Guamá,425275,
RI Guamá,1236,773,37638,0,0,0,307,3922,9128,433,6525,13789,503,5031,26773,6 Guamá,43,"Área colhida (Hectares), Quantidade Produzida (Toneladas) e Valor (Mil Reais) da Produção por Tipo de Lavoura Permanente - 2024 ri guama",20,"Tabela 43 - Área colhida (Hectares), Quantidade Produzida (Toneladas) e Valor (Mil Reais) da Produção por Tipo de Lavoura Permanente - 2024 ri guama","..\..\Desktop\tabelas-powerBI\6 Guamá\Tabela 43 - Área colhida (Hectares), Quantidade Produzida (Toneladas) e Valor (Mil Reais) da Produção por Tipo de Lavoura Permanente - 2024 ri guama.xlsx",Guamá,1080902,34364.0
Castanhal,180,144,6478,-,-,-,-,-,-,20,300,669,-,-,-,6 Guamá,43,"Área colhida (Hectares), Quantidade Produzida (Toneladas) e Valor (Mil Reais) da Produção por Tipo de Lavoura Permanente - 2024 ri guama",20,"Tabela 43 - Área colhida (Hectares), Quantidade Produzida (Toneladas) e Valor (Mil Reais) da Produção por Tipo de Lavoura Permanente - 2024 ri guama","..\..\Desktop\tabelas-powerBI\6 Guamá\Tabela 43 - Área colhida (Hectares), Quantidade Produzida (Toneladas) e Valor (Mil Reais) da Produção por Tipo de Lavoura Permanente - 2024 ri guama.xlsx",Guamá,1080902,3251.0
Colares,-,-,-,-,-,-,-,-,-,-,-,-,-,-,-,6 Guamá,43,"Área colhida (Hectares), Quantidade Produzida (Toneladas) e Valor (Mil Reais) da Produção por Tipo de Lavoura Permanente - 2024 ri guama",20,"Tabela 43 - Área colhida (Hectares), Quantidade Produzida (Toneladas) e Valor (Mil Reais) da Produção por Tipo de Lavoura Permanente - 2024 ri guama","..\..\Desktop\tabelas-powerBI\6 Guamá\Tabela 43 - Área colhida (Hectares), Quantidade Produzida (Toneladas) e Valor (Mil Reais) da Produção por Tipo de Lavoura Permanente - 2024 ri guama.xlsx",Guamá,1080902,101.0
Curuçá,-,-,-,-,-,-,-,-,-,40,600,1321,-,-,-,6 Guamá,43,"Área colhida (Hectares), Quantidade Produzida (Toneladas) e Valor (Mil Reais) da Produção por Tipo de Lavoura Permanente - 2024 ri guama",20,"Tabela 43 - Área colhida (Hectares), Quantidade Produzida (Toneladas) e Valor (Mil Reais) da Produção por Tipo de Lavoura Permanente - 2024 ri guama","..\..\Desktop\tabelas-powerBI\6 Guamá\Tabela 43 - Área colhida (Hectares), Quantidade Produzida (Toneladas) e Valor (Mil Reais) da Produção por Tipo de Lavoura Permanente - 2024 ri guama.xlsx",Guamá,1080902,682.0
Igarapé-Açu,-,-,-,-,-,-,50,650,1769,100,1500,3339,300,3000,15936,6 Guamá,43,"Área colhida (Hectares), Quantidade Produzida (Toneladas) e Valor (Mil Reais) da Produção por Tipo de Lavoura Permanente - 2024 ri guama",20,"Tabela 43 - Área colhida (Hectares), Quantidade Produzida (Toneladas) e Valor (Mil Reais) da Produção por Tipo de Lavoura Permanente - 2024 ri guama","..\..\Desktop\tabelas-powerBI\6 Guamá\Tabela 43 - Área colhida (Hectares), Quantidade Produzida (Toneladas) e Valor (Mil Reais) da Produção por Tipo de Lavoura Permanente - 2024 ri guama.xlsx",Guamá,1080902,1942.0
Inhangapi,310,217,10410,-,-,-,46,690,1731,10,150,335,10,100,542,6 Guamá,43,"Área colhida (Hectares), Quantidade Produzida (Toneladas) e Valor (Mil Reais) da Produção por Tipo de Lavoura Permanente - 2024 ri guama",20,"Tabela 43 - Área colhida (Hectares), Quantidade Produzida (Toneladas) e Valor (Mil Reais) da Produção por Tipo de Lavoura Permanente - 2024 ri guama","..\..\Desktop\tabelas-powerBI\6 Guamá\Tabela 43 - Área colhida (Hectares), Quantidade Produzida (Toneladas) e Valor (Mil Reais) da Produção por Tipo de Lavoura Permanente - 2024 ri guama.xlsx",Guamá,1080902,6658.0
Magalhães Barata,-,-,-,-,-,-,-,-,-,-,-,-,10,100,543,6 Guamá,43,"Área colhida (Hectares), Quantidade Produzida (Toneladas) e Valor (Mil Reais) da Produção por Tipo de Lavoura Permanente - 2024 ri guama",20,"Tabela 43 - Área colhida (Hectares), Quantidade Produzida (Toneladas) e Valor (Mil Reais) da Produção por Tipo de Lavoura Permanente - 2024 ri guama","..\..\Desktop\tabelas-powerBI\6 Guamá\Tabela 43 - Área colhida (Hectares), Quantidade Produzida (Toneladas) e Valor (Mil Reais) da Produção por Tipo de Lavoura Permanente - 2024 ri guama.xlsx",Guamá,1080902,298.0
Maracanã,-,-,-,-,-,-,10,150,337,25,375,799,70,700,3806,6 Guamá,43,"Área colhida (Hectares), Quantidade Produzida (Toneladas) e Valor (Mil Reais) da Produção por Tipo de Lavoura Permanente - 2024 ri guama",20,"Tabela 43 - Área colhida (Hectares), Quantidade Produzida (Toneladas) e Valor (Mil Reais) da Produção por Tipo de Lavoura Permanente - 2024 ri guama","..\..\Desktop\tabelas-powerBI\6 Guamá\Tabela 43 - Área colhida (Hectares), Quantidade Produzida (Toneladas) e Valor (Mil Reais) da Produção por Tipo de Lavoura Permanente - 2024 ri guama.xlsx",Guamá,1080902,736.0
Marapanim,-,-,-,-,-,-,-,-,-,20,300,609,35,350,1919,6 Guamá,43,"Área colhida (Hectares), Quantidade Produzida (Toneladas) e Valor (Mil Reais) da Produção por Tipo de Lavoura Permanente - 2024 ri guama",20,"Tabela 43 - Área colhida (Hectares), Quantidade Produzida (Toneladas) e Valor (Mil Reais) da Produção por Tipo de Lavoura Permanente - 2024 ri guama","..\..\Desktop\tabelas-powerBI\6 Guamá\Tabela 43 - Área colhida (Hectares), Quantidade Produzida (Toneladas) e Valor (Mil Reais) da Produção por Tipo de Lavoura Permanente - 2024 ri guama.xlsx",Guamá,1080902,413.0
Santa Izabel do Pará,388,238,13090,-,-,-,20,280,616,10,180,396,5,51,105,6 Guamá,43,"Área colhida (Hectares), Quantidade Produzida (Toneladas) e Valor (Mil Reais) da Produção por Tipo de Lavoura Permanente - 2024 ri guama",20,"Tabela 43 - Área colhida (Hectares), Quantidade Produzida (Toneladas) e Valor (Mil Reais) da Produção por Tipo de Lavoura Permanente - 2024 ri guama","..\..\Desktop\tabelas-powerBI\6 Guamá\Tabela 43 - Área colhida (Hectares), Quantidade Produzida (Toneladas) e Valor (Mil Reais) da Produção por Tipo de Lavoura Permanente - 2024 ri guama.xlsx",Guamá,1080902,2280.0
Santa Maria do Pará,-,-,-,-,-,-,-,-,-,-,-,-,-,-,-,6 Guamá,43,"Área colhida (Hectares), Quantidade Produzida (Toneladas) e Valor (Mil Reais) da Produção por Tipo de Lavoura Permanente - 2024 ri guama",20,"Tabela 43 - Área colhida (Hectares), Quantidade Produzida (Toneladas) e Valor (Mil Reais) da Produção por Tipo de Lavoura Permanente - 2024 ri guama","..\..\Desktop\tabelas-powerBI\6 Guamá\Tabela 43 - Área colhida (Hectares), Quantidade Produzida (Toneladas) e Valor (Mil Reais) da Produção por Tipo de Lavoura Permanente - 2024 ri guama.xlsx",Guamá,1080902,
Santo Antônio do Tauá,-,-,-,-,-,-,-,-,-,200,3000,6000,-,-,-,6 Guamá,43,"Área colhida (Hectares), Quantidade Produzida (Toneladas) e Valor (Mil Reais) da Produção por Tipo de Lavoura Permanente - 2024 ri guama",20,"Tabela 43 - Área colhida (Hectares), Quantidade Produzida (Toneladas) e Valor (Mil Reais) da Produção por Tipo de Lavoura Permanente - 2024 ri guama","..\..\Desktop\tabelas-powerBI\6 Guamá\Tabela 43 - Área colhida (Hectares), Quantidade Produzida (Toneladas) e Valor (Mil Reais) da Produção por Tipo de Lavoura Permanente - 2024 ri guama.xlsx",Guamá,1080902,6140.0
São Caetano de Odivelas,5,4,160,-,-,-,5,65,195,5,75,225,10,100,500,6 Guamá,43,"Área colhida (Hectares), Quantidade Produzida (Toneladas) e Valor (Mil Reais) da Produção por Tipo de Lavoura Permanente - 2024 ri guama",20,"Tabela 43 - Área colhida (Hectares), Quantidade Produzida (Toneladas) e Valor (Mil Reais) da Produção por Tipo de Lavoura Permanente - 2024 ri guama","..\..\Desktop\tabelas-powerBI\6 Guamá\Tabela 43 - Área colhida (Hectares), Quantidade Produzida (Toneladas) e Valor (Mil Reais) da Produção por Tipo de Lavoura Permanente - 2024 ri guama.xlsx",Guamá,1080902,1500.0
São Domingos do Capim,350,168,7412,-,-,-,45,518,1257,-,-,-,50,500,2697,6 Guamá,43,"Área colhida (Hectares), Quantidade Produzida (Toneladas) e Valor (Mil Reais) da Produção por Tipo de Lavoura Permanente - 2024 ri guama",20,"Tabela 43 - Área colhida (Hectares), Quantidade Produzida (Toneladas) e Valor (Mil Reais) da Produção por Tipo de Lavoura Permanente - 2024 ri guama","..\..\Desktop\tabelas-powerBI\6 Guamá\Tabela 43 - Área colhida (Hectares), Quantidade Produzida (Toneladas) e Valor (Mil Reais) da Produção por Tipo de Lavoura Permanente - 2024 ri guama.xlsx",Guamá,1080902,3839.0
São Francisco do Pará,-,-,-,-,-,-,100,1100,2386,-,-,-,-,-,-,6 Guamá,43,"Área colhida (Hectares), Quantidade Produzida (Toneladas) e Valor (Mil Reais) da Produção por Tipo de Lavoura Permanente - 2024 ri guama",20,"Tabela 43 - Área colhida (Hectares), Quantidade Produzida (Toneladas) e Valor (Mil Reais) da Produção por Tipo de Lavoura Permanente - 2024 ri guama","..\..\Desktop\tabelas-powerBI\6 Guamá\Tabela 43 - Área colhida (Hectares), Quantidade Produzida (Toneladas) e Valor (Mil Reais) da Produção por Tipo de Lavoura Permanente - 2024 ri guama.xlsx",Guamá,1080902,1201.0
São João da Ponta,3,2,88,-,-,-,16,264,356,3,45,96,13,130,725,6 Guamá,43,"Área colhida (Hectares), Quantidade Produzida (Toneladas) e Valor (Mil Reais) da Produção por Tipo de Lavoura Permanente - 2024 ri guama",20,"Tabela 43 - Área colhida (Hectares), Quantidade Produzida (Toneladas) e Valor (Mil Reais) da Produção por Tipo de Lavoura Permanente - 2024 ri guama","..\..\Desktop\tabelas-powerBI\6 Guamá\Tabela 43 - Área colhida (Hectares), Quantidade Produzida (Toneladas) e Valor (Mil Reais) da Produção por Tipo de Lavoura Permanente - 2024 ri guama.xlsx",Guamá,1080902,309.0
São Miguel do Guamá,-,-,-,-,-,-,10,130,290,-,-,-,-,-,-,6 Guamá,43,"Área colhida (Hectares), Quantidade Produzida (Toneladas) e Valor (Mil Reais) da Produção por Tipo de Lavoura Permanente - 2024 ri guama",20,"Tabela 43 - Área colhida (Hectares), Quantidade Produzida (Toneladas) e Valor (Mil Reais) da Produção por Tipo de Lavoura Permanente - 2024 ri guama","..\..\Desktop\tabelas-powerBI\6 Guamá\Tabela 43 - Área colhida (Hectares), Quantidade Produzida (Toneladas) e Valor (Mil Reais) da Produção por Tipo de Lavoura Permanente - 2024 ri guama.xlsx",Guamá,1080902,2220.0
Terra Alta,-,-,-,-,-,-,5,75,191,-,-,-,-,-,-,6 Guamá,43,"Área colhida (Hectares), Quantidade Produzida (Toneladas) e Valor (Mil Reais) da Produção por Tipo de Lavoura Permanente - 2024 ri guama",20,"Tabela 43 - Área colhida (Hectares), Quantidade Produzida (Toneladas) e Valor (Mil Reais) da Produção por Tipo de Lavoura Permanente - 2024 ri guama","..\..\Desktop\tabelas-powerBI\6 Guamá\Tabela 43 - Área colhida (Hectares), Quantidade Produzida (Toneladas) e Valor (Mil Reais) da Produção por Tipo de Lavoura Permanente - 2024 ri guama.xlsx",Guamá,1080902,382.0
Vigia,-,-,-,-,-,-,-,-,-,-,-,-,-,-,-,6 Guamá,43,"Área colhida (Hectares), Quantidade Produzida (Toneladas) e Valor (Mil Reais) da Produção por Tipo de Lavoura Permanente - 2024 ri guama",20,"Tabela 43 - Área colhida (Hectares), Quantidade Produzida (Toneladas) e Valor (Mil Reais) da Produção por Tipo de Lavoura Permanente - 2024 ri guama","..\..\Desktop\tabelas-powerBI\6 Guamá\Tabela 43 - Área colhida (Hectares), Quantidade Produzida (Toneladas) e Valor (Mil Reais) da Produção por Tipo de Lavoura Permanente - 2024 ri guama.xlsx",Guamá,1080902,2412.0
Fonte: IBGE/PAM,,,,,,,,,,,,,,,,6 Guamá,43,"Área colhida (Hectares), Quantidade Produzida (Toneladas) e Valor (Mil Reais) da Produção por Tipo de Lavoura Permanente - 2024 ri guama",20,"Tabela 43 - Área colhida (Hectares), Quantidade Produzida (Toneladas) e Valor (Mil Reais) da Produção por Tipo de Lavoura Permanente - 2024 ri guama","..\..\Desktop\tabelas-powerBI\6 Guamá\Tabela 43 - Área colhida (Hectares), Quantidade Produzida (Toneladas) e Valor (Mil Reais) da Produção por Tipo de Lavoura Permanente - 2024 ri guama.xlsx",Guamá,1080902,
Elaboração: FAPESPA,,,,,,,,,,,,,,,,6 Guamá,43,"Área colhida (Hectares), Quantidade Produzida (Toneladas) e Valor (Mil Reais) da Produção por Tipo de Lavoura Permanente - 2024 ri guama",20,"Tabela 43 - Área colhida (Hectares), Quantidade Produzida (Toneladas) e Valor (Mil Reais) da Produção por Tipo de Lavoura Permanente - 2024 ri guama","..\..\Desktop\tabelas-powerBI\6 Guamá\Tabela 43 - Área colhida (Hectares), Quantidade Produzida (Toneladas) e Valor (Mil Reais) da Produção por Tipo de Lavoura Permanente - 2024 ri guama.xlsx",Guamá,1080902,
Nota: A quantidade produzida de coco-da-baía é expressa em mil frutos ,,,,,,,,,,,,,,,,6 Guamá,43,"Área colhida (Hectares), Quantidade Produzida (Toneladas) e Valor (Mil Reais) da Produção por Tipo de Lavoura Permanente - 2024 ri guama",20,"Tabela 43 - Área colhida (Hectares), Quantidade Produzida (Toneladas) e Valor (Mil Reais) da Produção por Tipo de Lavoura Permanente - 2024 ri guama","..\..\Desktop\tabelas-powerBI\6 Guamá\Tabela 43 - Área colhida (Hectares), Quantidade Produzida (Toneladas) e Valor (Mil Reais) da Produção por Tipo de Lavoura Permanente - 2024 ri guama.xlsx",Guamá,1080902,
RI Guamá,1236,773,37638,0,0,0,307,3922,9128,433,6525,13789,503,5031,26773,6 Guamá,43,"Área colhida (Hectares), Quantidade Produzida (Toneladas) e Valor (Mil Reais) da Produção por Tipo de Lavoura Permanente - 2024 ri guama",20,"Tabela 43 - Área colhida (Hectares), Quantidade Produzida (Toneladas) e Valor (Mil Reais) da Produção por Tipo de Lavoura Permanente - 2024 ri guama","..\..\Desktop\tabelas-powerBI\6 Guamá\Tabela 43 - Área colhida (Hectares), Quantidade Produzida (Toneladas) e Valor (Mil Reais) da Produção por Tipo de Lavoura Permanente - 2024 ri guama.xlsx",Guamá,16868,1546.0
Castanhal,180,144,6478,-,-,-,-,-,-,20,300,669,-,-,-,6 Guamá,43,"Área colhida (Hectares), Quantidade Produzida (Toneladas) e Valor (Mil Reais) da Produção por Tipo de Lavoura Permanente - 2024 ri guama",20,"Tabela 43 - Área colhida (Hectares), Quantidade Produzida (Toneladas) e Valor (Mil Reais) da Produção por Tipo de Lavoura Permanente - 2024 ri guama","..\..\Desktop\tabelas-powerBI\6 Guamá\Tabela 43 - Área colhida (Hectares), Quantidade Produzida (Toneladas) e Valor (Mil Reais) da Produção por Tipo de Lavoura Permanente - 2024 ri guama.xlsx",Guamá,16868,150.0
Colares,-,-,-,-,-,-,-,-,-,-,-,-,-,-,-,6 Guamá,43,"Área colhida (Hectares), Quantidade Produzida (Toneladas) e Valor (Mil Reais) da Produção por Tipo de Lavoura Permanente - 2024 ri guama",20,"Tabela 43 - Área colhida (Hectares), Quantidade Produzida (Toneladas) e Valor (Mil Reais) da Produção por Tipo de Lavoura Permanente - 2024 ri guama","..\..\Desktop\tabelas-powerBI\6 Guamá\Tabela 43 - Área colhida (Hectares), Quantidade Produzida (Toneladas) e Valor (Mil Reais) da Produção por Tipo de Lavoura Permanente - 2024 ri guama.xlsx",Guamá,16868,10.0
Curuçá,-,-,-,-,-,-,-,-,-,40,600,1321,-,-,-,6 Guamá,43,"Área colhida (Hectares), Quantidade Produzida (Toneladas) e Valor (Mil Reais) da Produção por Tipo de Lavoura Permanente - 2024 ri guama",20,"Tabela 43 - Área colhida (Hectares), Quantidade Produzida (Toneladas) e Valor (Mil Reais) da Produção por Tipo de Lavoura Permanente - 2024 ri guama","..\..\Desktop\tabelas-powerBI\6 Guamá\Tabela 43 - Área colhida (Hectares), Quantidade Produzida (Toneladas) e Valor (Mil Reais) da Produção por Tipo de Lavoura Permanente - 2024 ri guama.xlsx",Guamá,16868,60.0
Igarapé-Açu,-,-,-,-,-,-,50,650,1769,100,1500,3339,300,3000,15936,6 Guamá,43,"Área colhida (Hectares), Quantidade Produzida (Toneladas) e Valor (Mil Reais) da Produção por Tipo de Lavoura Permanente - 2024 ri guama",20,"Tabela 43 - Área colhida (Hectares), Quantidade Produzida (Toneladas) e Valor (Mil Reais) da Produção por Tipo de Lavoura Permanente - 2024 ri guama","..\..\Desktop\tabelas-powerBI\6 Guamá\Tabela 43 - Área colhida (Hectares), Quantidade Produzida (Toneladas) e Valor (Mil Reais) da Produção por Tipo de Lavoura Permanente - 2024 ri guama.xlsx",Guamá,16868,120.0
Inhangapi,310,217,10410,-,-,-,46,690,1731,10,150,335,10,100,542,6 Guamá,43,"Área colhida (Hectares), Quantidade Produzida (Toneladas) e Valor (Mil Reais) da Produção por Tipo de Lavoura Permanente - 2024 ri guama",20,"Tabela 43 - Área colhida (Hectares), Quantidade Produzida (Toneladas) e Valor (Mil Reais) da Produção por Tipo de Lavoura Permanente - 2024 ri guama","..\..\Desktop\tabelas-powerBI\6 Guamá\Tabela 43 - Área colhida (Hectares), Quantidade Produzida (Toneladas) e Valor (Mil Reais) da Produção por Tipo de Lavoura Permanente - 2024 ri guama.xlsx",Guamá,16868,200.0
Magalhães Barata,-,-,-,-,-,-,-,-,-,-,-,-,10,100,543,6 Guamá,43,"Área colhida (Hectares), Quantidade Produzida (Toneladas) e Valor (Mil Reais) da Produção por Tipo de Lavoura Permanente - 2024 ri guama",20,"Tabela 43 - Área colhida (Hectares), Quantidade Produzida (Toneladas) e Valor (Mil Reais) da Produção por Tipo de Lavoura Permanente - 2024 ri guama","..\..\Desktop\tabelas-powerBI\6 Guamá\Tabela 43 - Área colhida (Hectares), Quantidade Produzida (Toneladas) e Valor (Mil Reais) da Produção por Tipo de Lavoura Permanente - 2024 ri guama.xlsx",Guamá,16868,50.0
Maracanã,-,-,-,-,-,-,10,150,337,25,375,799,70,700,3806,6 Guamá,43,"Área colhida (Hectares), Quantidade Produzida (Toneladas) e Valor (Mil Reais) da Produção por Tipo de Lavoura Permanente - 2024 ri guama",20,"Tabela 43 - Área colhida (Hectares), Quantidade Produzida (Toneladas) e Valor (Mil Reais) da Produção por Tipo de Lavoura Permanente - 2024 ri guama","..\..\Desktop\tabelas-powerBI\6 Guamá\Tabela 43 - Área colhida (Hectares), Quantidade Produzida (Toneladas) e Valor (Mil Reais) da Produção por Tipo de Lavoura Permanente - 2024 ri guama.xlsx",Guamá,16868,90.0
Marapanim,-,-,-,-,-,-,-,-,-,20,300,609,35,350,1919,6 Guamá,43,"Área colhida (Hectares), Quantidade Produzida (Toneladas) e Valor (Mil Reais) da Produção por Tipo de Lavoura Permanente - 2024 ri guama",20,"Tabela 43 - Área colhida (Hectares), Quantidade Produzida (Toneladas) e Valor (Mil Reais) da Produção por Tipo de Lavoura Permanente - 2024 ri guama","..\..\Desktop\tabelas-powerBI\6 Guamá\Tabela 43 - Área colhida (Hectares), Quantidade Produzida (Toneladas) e Valor (Mil Reais) da Produção por Tipo de Lavoura Permanente - 2024 ri guama.xlsx",Guamá,16868,30.0
Santa Izabel do Pará,388,238,13090,-,-,-,20,280,616,10,180,396,5,51,105,6 Guamá,43,"Área colhida (Hectares), Quantidade Produzida (Toneladas) e Valor (Mil Reais) da Produção por Tipo de Lavoura Permanente - 2024 ri guama",20,"Tabela 43 - Área colhida (Hectares), Quantidade Produzida (Toneladas) e Valor (Mil Reais) da Produção por Tipo de Lavoura Permanente - 2024 ri guama","..\..\Desktop\tabelas-powerBI\6 Guamá\Tabela 43 - Área colhida (Hectares), Quantidade Produzida (Toneladas) e Valor (Mil Reais) da Produção por Tipo de Lavoura Permanente - 2024 ri guama.xlsx",Guamá,16868,10.0
Santa Maria do Pará,-,-,-,-,-,-,-,-,-,-,-,-,-,-,-,6 Guamá,43,"Área colhida (Hectares), Quantidade Produzida (Toneladas) e Valor (Mil Reais) da Produção por Tipo de Lavoura Permanente - 2024 ri guama",20,"Tabela 43 - Área colhida (Hectares), Quantidade Produzida (Toneladas) e Valor (Mil Reais) da Produção por Tipo de Lavoura Permanente - 2024 ri guama","..\..\Desktop\tabelas-powerBI\6 Guamá\Tabela 43 - Área colhida (Hectares), Quantidade Produzida (Toneladas) e Valor (Mil Reais) da Produção por Tipo de Lavoura Permanente - 2024 ri guama.xlsx",Guamá,16868,
Santo Antônio do Tauá,-,-,-,-,-,-,-,-,-,200,3000,6000,-,-,-,6 Guamá,43,"Área colhida (Hectares), Quantidade Produzida (Toneladas) e Valor (Mil Reais) da Produção por Tipo de Lavoura Permanente - 2024 ri guama",20,"Tabela 43 - Área colhida (Hectares), Quantidade Produzida (Toneladas) e Valor (Mil Reais) da Produção por Tipo de Lavoura Permanente - 2024 ri guama","..\..\Desktop\tabelas-powerBI\6 Guamá\Tabela 43 - Área colhida (Hectares), Quantidade Produzida (Toneladas) e Valor (Mil Reais) da Produção por Tipo de Lavoura Permanente - 2024 ri guama.xlsx",Guamá,16868,500.0
São Caetano de Odivelas,5,4,160,-,-,-,5,65,195,5,75,225,10,100,500,6 Guamá,43,"Área colhida (Hectares), Quantidade Produzida (Toneladas) e Valor (Mil Reais) da Produção por Tipo de Lavoura Permanente - 2024 ri guama",20,"Tabela 43 - Área colhida (Hectares), Quantidade Produzida (Toneladas) e Valor (Mil Reais) da Produção por Tipo de Lavoura Permanente - 2024 ri guama","..\..\Desktop\tabelas-powerBI\6 Guamá\Tabela 43 - Área colhida (Hectares), Quantidade Produzida (Toneladas) e Valor (Mil Reais) da Produção por Tipo de Lavoura Permanente - 2024 ri guama.xlsx",Guamá,16868,50.0
São Domingos do Capim,350,168,7412,-,-,-,45,518,1257,-,-,-,50,500,2697,6 Guamá,43,"Área colhida (Hectares), Quantidade Produzida (Toneladas) e Valor (Mil Reais) da Produção por Tipo de Lavoura Permanente - 2024 ri guama",20,"Tabela 43 - Área colhida (Hectares), Quantidade Produzida (Toneladas) e Valor (Mil Reais) da Produção por Tipo de Lavoura Permanente - 2024 ri guama","..\..\Desktop\tabelas-powerBI\6 Guamá\Tabela 43 - Área colhida (Hectares), Quantidade Produzida (Toneladas) e Valor (Mil Reais) da Produção por Tipo de Lavoura Permanente - 2024 ri guama.xlsx",Guamá,16868,20.0
São Francisco do Pará,-,-,-,-,-,-,100,1100,2386,-,-,-,-,-,-,6 Guamá,43,"Área colhida (Hectares), Quantidade Produzida (Toneladas) e Valor (Mil Reais) da Produção por Tipo de Lavoura Permanente - 2024 ri guama",20,"Tabela 43 - Área colhida (Hectares), Quantidade Produzida (Toneladas) e Valor (Mil Reais) da Produção por Tipo de Lavoura Permanente - 2024 ri guama","..\..\Desktop\tabelas-powerBI\6 Guamá\Tabela 43 - Área colhida (Hectares), Quantidade Produzida (Toneladas) e Valor (Mil Reais) da Produção por Tipo de Lavoura Permanente - 2024 ri guama.xlsx",Guamá,16868,45.0
São João da Ponta,3,2,88,-,-,-,16,264,356,3,45,96,13,130,725,6 Guamá,43,"Área colhida (Hectares), Quantidade Produzida (Toneladas) e Valor (Mil Reais) da Produção por Tipo de Lavoura Permanente - 2024 ri guama",20,"Tabela 43 - Área colhida (Hectares), Quantidade Produzida (Toneladas) e Valor (Mil Reais) da Produção por Tipo de Lavoura Permanente - 2024 ri guama","..\..\Desktop\tabelas-powerBI\6 Guamá\Tabela 43 - Área colhida (Hectares), Quantidade Produzida (Toneladas) e Valor (Mil Reais) da Produção por Tipo de Lavoura Permanente - 2024 ri guama.xlsx",Guamá,16868,12.0
São Miguel do Guamá,-,-,-,-,-,-,10,130,290,-,-,-,-,-,-,6 Guamá,43,"Área colhida (Hectares), Quantidade Produzida (Toneladas) e Valor (Mil Reais) da Produção por Tipo de Lavoura Permanente - 2024 ri guama",20,"Tabela 43 - Área colhida (Hectares), Quantidade Produzida (Toneladas) e Valor (Mil Reais) da Produção por Tipo de Lavoura Permanente - 2024 ri guama","..\..\Desktop\tabelas-powerBI\6 Guamá\Tabela 43 - Área colhida (Hectares), Quantidade Produzida (Toneladas) e Valor (Mil Reais) da Produção por Tipo de Lavoura Permanente - 2024 ri guama.xlsx",Guamá,16868,90.0
Terra Alta,-,-,-,-,-,-,5,75,191,-,-,-,-,-,-,6 Guamá,43,"Área colhida (Hectares), Quantidade Produzida (Toneladas) e Valor (Mil Reais) da Produção por Tipo de Lavoura Permanente - 2024 ri guama",20,"Tabela 43 - Área colhida (Hectares), Quantidade Produzida (Toneladas) e Valor (Mil Reais) da Produção por Tipo de Lavoura Permanente - 2024 ri guama","..\..\Desktop\tabelas-powerBI\6 Guamá\Tabela 43 - Área colhida (Hectares), Quantidade Produzida (Toneladas) e Valor (Mil Reais) da Produção por Tipo de Lavoura Permanente - 2024 ri guama.xlsx",Guamá,16868,9.0
Vigia,-,-,-,-,-,-,-,-,-,-,-,-,-,-,-,6 Guamá,43,"Área colhida (Hectares), Quantidade Produzida (Toneladas) e Valor (Mil Reais) da Produção por Tipo de Lavoura Permanente - 2024 ri guama",20,"Tabela 43 - Área colhida (Hectares), Quantidade Produzida (Toneladas) e Valor (Mil Reais) da Produção por Tipo de Lavoura Permanente - 2024 ri guama","..\..\Desktop\tabelas-powerBI\6 Guamá\Tabela 43 - Área colhida (Hectares), Quantidade Produzida (Toneladas) e Valor (Mil Reais) da Produção por Tipo de Lavoura Permanente - 2024 ri guama.xlsx",Guamá,16868,100.0
Fonte: IBGE/PAM,,,,,,,,,,,,,,,,6 Guamá,43,"Área colhida (Hectares), Quantidade Produzida (Toneladas) e Valor (Mil Reais) da Produção por Tipo de Lavoura Permanente - 2024 ri guama",20,"Tabela 43 - Área colhida (Hectares), Quantidade Produzida (Toneladas) e Valor (Mil Reais) da Produção por Tipo de Lavoura Permanente - 2024 ri guama","..\..\Desktop\tabelas-powerBI\6 Guamá\Tabela 43 - Área colhida (Hectares), Quantidade Produzida (Toneladas) e Valor (Mil Reais) da Produção por Tipo de Lavoura Permanente - 2024 ri guama.xlsx",Guamá,16868,
Elaboração: FAPESPA,,,,,,,,,,,,,,,,6 Guamá,43,"Área colhida (Hectares), Quantidade Produzida (Toneladas) e Valor (Mil Reais) da Produção por Tipo de Lavoura Permanente - 2024 ri guama",20,"Tabela 43 - Área colhida (Hectares), Quantidade Produzida (Toneladas) e Valor (Mil Reais) da Produção por Tipo de Lavoura Permanente - 2024 ri guama","..\..\Desktop\tabelas-powerBI\6 Guamá\Tabela 43 - Área colhida (Hectares), Quantidade Produzida (Toneladas) e Valor (Mil Reais) da Produção por Tipo de Lavoura Permanente - 2024 ri guama.xlsx",Guamá,16868,
Nota: A quantidade produzida de coco-da-baía é expressa em mil frutos ,,,,,,,,,,,,,,,,6 Guamá,43,"Área colhida (Hectares), Quantidade Produzida (Toneladas) e Valor (Mil Reais) da Produção por Tipo de Lavoura Permanente - 2024 ri guama",20,"Tabela 43 - Área colhida (Hectares), Quantidade Produzida (Toneladas) e Valor (Mil Reais) da Produção por Tipo de Lavoura Permanente - 2024 ri guama","..\..\Desktop\tabelas-powerBI\6 Guamá\Tabela 43 - Área colhida (Hectares), Quantidade Produzida (Toneladas) e Valor (Mil Reais) da Produção por Tipo de Lavoura Permanente - 2024 ri guama.xlsx",Guamá,16868,
RI Guamá,1236,773,37638,0,0,0,307,3922,9128,433,6525,13789,503,5031,26773,6 Guamá,43,"Área colhida (Hectares), Quantidade Produzida (Toneladas) e Valor (Mil Reais) da Produção por Tipo de Lavoura Permanente - 2024 ri guama",20,"Tabela 43 - Área colhida (Hectares), Quantidade Produzida (Toneladas) e Valor (Mil Reais) da Produção por Tipo de Lavoura Permanente - 2024 ri guama","..\..\Desktop\tabelas-powerBI\6 Guamá\Tabela 43 - Área colhida (Hectares), Quantidade Produzida (Toneladas) e Valor (Mil Reais) da Produção por Tipo de Lavoura Permanente - 2024 ri guama.xlsx",Guamá,169935,15754.0
Castanhal,180,144,6478,-,-,-,-,-,-,20,300,669,-,-,-,6 Guamá,43,"Área colhida (Hectares), Quantidade Produzida (Toneladas) e Valor (Mil Reais) da Produção por Tipo de Lavoura Permanente - 2024 ri guama",20,"Tabela 43 - Área colhida (Hectares), Quantidade Produzida (Toneladas) e Valor (Mil Reais) da Produção por Tipo de Lavoura Permanente - 2024 ri guama","..\..\Desktop\tabelas-powerBI\6 Guamá\Tabela 43 - Área colhida (Hectares), Quantidade Produzida (Toneladas) e Valor (Mil Reais) da Produção por Tipo de Lavoura Permanente - 2024 ri guama.xlsx",Guamá,169935,1500.0
Colares,-,-,-,-,-,-,-,-,-,-,-,-,-,-,-,6 Guamá,43,"Área colhida (Hectares), Quantidade Produzida (Toneladas) e Valor (Mil Reais) da Produção por Tipo de Lavoura Permanente - 2024 ri guama",20,"Tabela 43 - Área colhida (Hectares), Quantidade Produzida (Toneladas) e Valor (Mil Reais) da Produção por Tipo de Lavoura Permanente - 2024 ri guama","..\..\Desktop\tabelas-powerBI\6 Guamá\Tabela 43 - Área colhida (Hectares), Quantidade Produzida (Toneladas) e Valor (Mil Reais) da Produção por Tipo de Lavoura Permanente - 2024 ri guama.xlsx",Guamá,169935,50.0
Curuçá,-,-,-,-,-,-,-,-,-,40,600,1321,-,-,-,6 Guamá,43,"Área colhida (Hectares), Quantidade Produzida (Toneladas) e Valor (Mil Reais) da Produção por Tipo de Lavoura Permanente - 2024 ri guama",20,"Tabela 43 - Área colhida (Hectares), Quantidade Produzida (Toneladas) e Valor (Mil Reais) da Produção por Tipo de Lavoura Permanente - 2024 ri guama","..\..\Desktop\tabelas-powerBI\6 Guamá\Tabela 43 - Área colhida (Hectares), Quantidade Produzida (Toneladas) e Valor (Mil Reais) da Produção por Tipo de Lavoura Permanente - 2024 ri guama.xlsx",Guamá,169935,600.0
Igarapé-Açu,-,-,-,-,-,-,50,650,1769,100,1500,3339,300,3000,15936,6 Guamá,43,"Área colhida (Hectares), Quantidade Produzida (Toneladas) e Valor (Mil Reais) da Produção por Tipo de Lavoura Permanente - 2024 ri guama",20,"Tabela 43 - Área colhida (Hectares), Quantidade Produzida (Toneladas) e Valor (Mil Reais) da Produção por Tipo de Lavoura Permanente - 2024 ri guama","..\..\Desktop\tabelas-powerBI\6 Guamá\Tabela 43 - Área colhida (Hectares), Quantidade Produzida (Toneladas) e Valor (Mil Reais) da Produção por Tipo de Lavoura Permanente - 2024 ri guama.xlsx",Guamá,169935,1800.0
Inhangapi,310,217,10410,-,-,-,46,690,1731,10,150,335,10,100,542,6 Guamá,43,"Área colhida (Hectares), Quantidade Produzida (Toneladas) e Valor (Mil Reais) da Produção por Tipo de Lavoura Permanente - 2024 ri guama",20,"Tabela 43 - Área colhida (Hectares), Quantidade Produzida (Toneladas) e Valor (Mil Reais) da Produção por Tipo de Lavoura Permanente - 2024 ri guama","..\..\Desktop\tabelas-powerBI\6 Guamá\Tabela 43 - Área colhida (Hectares), Quantidade Produzida (Toneladas) e Valor (Mil Reais) da Produção por Tipo de Lavoura Permanente - 2024 ri guama.xlsx",Guamá,169935,1600.0
Magalhães Barata,-,-,-,-,-,-,-,-,-,-,-,-,10,100,543,6 Guamá,43,"Área colhida (Hectares), Quantidade Produzida (Toneladas) e Valor (Mil Reais) da Produção por Tipo de Lavoura Permanente - 2024 ri guama",20,"Tabela 43 - Área colhida (Hectares), Quantidade Produzida (Toneladas) e Valor (Mil Reais) da Produção por Tipo de Lavoura Permanente - 2024 ri guama","..\..\Desktop\tabelas-powerBI\6 Guamá\Tabela 43 - Área colhida (Hectares), Quantidade Produzida (Toneladas) e Valor (Mil Reais) da Produção por Tipo de Lavoura Permanente - 2024 ri guama.xlsx",Guamá,169935,300.0
Maracanã,-,-,-,-,-,-,10,150,337,25,375,799,70,700,3806,6 Guamá,43,"Área colhida (Hectares), Quantidade Produzida (Toneladas) e Valor (Mil Reais) da Produção por Tipo de Lavoura Permanente - 2024 ri guama",20,"Tabela 43 - Área colhida (Hectares), Quantidade Produzida (Toneladas) e Valor (Mil Reais) da Produção por Tipo de Lavoura Permanente - 2024 ri guama","..\..\Desktop\tabelas-powerBI\6 Guamá\Tabela 43 - Área colhida (Hectares), Quantidade Produzida (Toneladas) e Valor (Mil Reais) da Produção por Tipo de Lavoura Permanente - 2024 ri guama.xlsx",Guamá,169935,1332.0
Marapanim,-,-,-,-,-,-,-,-,-,20,300,609,35,350,1919,6 Guamá,43,"Área colhida (Hectares), Quantidade Produzida (Toneladas) e Valor (Mil Reais) da Produção por Tipo de Lavoura Permanente - 2024 ri guama",20,"Tabela 43 - Área colhida (Hectares), Quantidade Produzida (Toneladas) e Valor (Mil Reais) da Produção por Tipo de Lavoura Permanente - 2024 ri guama","..\..\Desktop\tabelas-powerBI\6 Guamá\Tabela 43 - Área colhida (Hectares), Quantidade Produzida (Toneladas) e Valor (Mil Reais) da Produção por Tipo de Lavoura Permanente - 2024 ri guama.xlsx",Guamá,169935,240.0
Santa Izabel do Pará,388,238,13090,-,-,-,20,280,616,10,180,396,5,51,105,6 Guamá,43,"Área colhida (Hectares), Quantidade Produzida (Toneladas) e Valor (Mil Reais) da Produção por Tipo de Lavoura Permanente - 2024 ri guama",20,"Tabela 43 - Área colhida (Hectares), Quantidade Produzida (Toneladas) e Valor (Mil Reais) da Produção por Tipo de Lavoura Permanente - 2024 ri guama","..\..\Desktop\tabelas-powerBI\6 Guamá\Tabela 43 - Área colhida (Hectares), Quantidade Produzida (Toneladas) e Valor (Mil Reais) da Produção por Tipo de Lavoura Permanente - 2024 ri guama.xlsx",Guamá,169935,120.0
Santa Maria do Pará,-,-,-,-,-,-,-,-,-,-,-,-,-,-,-,6 Guamá,43,"Área colhida (Hectares), Quantidade Produzida (Toneladas) e Valor (Mil Reais) da Produção por Tipo de Lavoura Permanente - 2024 ri guama",20,"Tabela 43 - Área colhida (Hectares), Quantidade Produzida (Toneladas) e Valor (Mil Reais) da Produção por Tipo de Lavoura Permanente - 2024 ri guama","..\..\Desktop\tabelas-powerBI\6 Guamá\Tabela 43 - Área colhida (Hectares), Quantidade Produzida (Toneladas) e Valor (Mil Reais) da Produção por Tipo de Lavoura Permanente - 2024 ri guama.xlsx",Guamá,169935,
Santo Antônio do Tauá,-,-,-,-,-,-,-,-,-,200,3000,6000,-,-,-,6 Guamá,43,"Área colhida (Hectares), Quantidade Produzida (Toneladas) e Valor (Mil Reais) da Produção por Tipo de Lavoura Permanente - 2024 ri guama",20,"Tabela 43 - Área colhida (Hectares), Quantidade Produzida (Toneladas) e Valor (Mil Reais) da Produção por Tipo de Lavoura Permanente - 2024 ri guama","..\..\Desktop\tabelas-powerBI\6 Guamá\Tabela 43 - Área colhida (Hectares), Quantidade Produzida (Toneladas) e Valor (Mil Reais) da Produção por Tipo de Lavoura Permanente - 2024 ri guama.xlsx",Guamá,169935,4680.0
São Caetano de Odivelas,5,4,160,-,-,-,5,65,195,5,75,225,10,100,500,6 Guamá,43,"Área colhida (Hectares), Quantidade Produzida (Toneladas) e Valor (Mil Reais) da Produção por Tipo de Lavoura Permanente - 2024 ri guama",20,"Tabela 43 - Área colhida (Hectares), Quantidade Produzida (Toneladas) e Valor (Mil Reais) da Produção por Tipo de Lavoura Permanente - 2024 ri guama","..\..\Desktop\tabelas-powerBI\6 Guamá\Tabela 43 - Área colhida (Hectares), Quantidade Produzida (Toneladas) e Valor (Mil Reais) da Produção por Tipo de Lavoura Permanente - 2024 ri guama.xlsx",Guamá,169935,500.0
São Domingos do Capim,350,168,7412,-,-,-,45,518,1257,-,-,-,50,500,2697,6 Guamá,43,"Área colhida (Hectares), Quantidade Produzida (Toneladas) e Valor (Mil Reais) da Produção por Tipo de Lavoura Permanente - 2024 ri guama",20,"Tabela 43 - Área colhida (Hectares), Quantidade Produzida (Toneladas) e Valor (Mil Reais) da Produção por Tipo de Lavoura Permanente - 2024 ri guama","..\..\Desktop\tabelas-powerBI\6 Guamá\Tabela 43 - Área colhida (Hectares), Quantidade Produzida (Toneladas) e Valor (Mil Reais) da Produção por Tipo de Lavoura Permanente - 2024 ri guama.xlsx",Guamá,169935,146.0
São Francisco do Pará,-,-,-,-,-,-,100,1100,2386,-,-,-,-,-,-,6 Guamá,43,"Área colhida (Hectares), Quantidade Produzida (Toneladas) e Valor (Mil Reais) da Produção por Tipo de Lavoura Permanente - 2024 ri guama",20,"Tabela 43 - Área colhida (Hectares), Quantidade Produzida (Toneladas) e Valor (Mil Reais) da Produção por Tipo de Lavoura Permanente - 2024 ri guama","..\..\Desktop\tabelas-powerBI\6 Guamá\Tabela 43 - Área colhida (Hectares), Quantidade Produzida (Toneladas) e Valor (Mil Reais) da Produção por Tipo de Lavoura Permanente - 2024 ri guama.xlsx",Guamá,169935,450.0
São João da Ponta,3,2,88,-,-,-,16,264,356,3,45,96,13,130,725,6 Guamá,43,"Área colhida (Hectares), Quantidade Produzida (Toneladas) e Valor (Mil Reais) da Produção por Tipo de Lavoura Permanente - 2024 ri guama",20,"Tabela 43 - Área colhida (Hectares), Quantidade Produzida (Toneladas) e Valor (Mil Reais) da Produção por Tipo de Lavoura Permanente - 2024 ri guama","..\..\Desktop\tabelas-powerBI\6 Guamá\Tabela 43 - Área colhida (Hectares), Quantidade Produzida (Toneladas) e Valor (Mil Reais) da Produção por Tipo de Lavoura Permanente - 2024 ri guama.xlsx",Guamá,169935,96.0
São Miguel do Guamá,-,-,-,-,-,-,10,130,290,-,-,-,-,-,-,6 Guamá,43,"Área colhida (Hectares), Quantidade Produzida (Toneladas) e Valor (Mil Reais) da Produção por Tipo de Lavoura Permanente - 2024 ri guama",20,"Tabela 43 - Área colhida (Hectares), Quantidade Produzida (Toneladas) e Valor (Mil Reais) da Produção por Tipo de Lavoura Permanente - 2024 ri guama","..\..\Desktop\tabelas-powerBI\6 Guamá\Tabela 43 - Área colhida (Hectares), Quantidade Produzida (Toneladas) e Valor (Mil Reais) da Produção por Tipo de Lavoura Permanente - 2024 ri guama.xlsx",Guamá,169935,1350.0
Terra Alta,-,-,-,-,-,-,5,75,191,-,-,-,-,-,-,6 Guamá,43,"Área colhida (Hectares), Quantidade Produzida (Toneladas) e Valor (Mil Reais) da Produção por Tipo de Lavoura Permanente - 2024 ri guama",20,"Tabela 43 - Área colhida (Hectares), Quantidade Produzida (Toneladas) e Valor (Mil Reais) da Produção por Tipo de Lavoura Permanente - 2024 ri guama","..\..\Desktop\tabelas-powerBI\6 Guamá\Tabela 43 - Área colhida (Hectares), Quantidade Produzida (Toneladas) e Valor (Mil Reais) da Produção por Tipo de Lavoura Permanente - 2024 ri guama.xlsx",Guamá,169935,90.0
Vigia,-,-,-,-,-,-,-,-,-,-,-,-,-,-,-,6 Guamá,43,"Área colhida (Hectares), Quantidade Produzida (Toneladas) e Valor (Mil Reais) da Produção por Tipo de Lavoura Permanente - 2024 ri guama",20,"Tabela 43 - Área colhida (Hectares), Quantidade Produzida (Toneladas) e Valor (Mil Reais) da Produção por Tipo de Lavoura Permanente - 2024 ri guama","..\..\Desktop\tabelas-powerBI\6 Guamá\Tabela 43 - Área colhida (Hectares), Quantidade Produzida (Toneladas) e Valor (Mil Reais) da Produção por Tipo de Lavoura Permanente - 2024 ri guama.xlsx",Guamá,169935,900.0
Fonte: IBGE/PAM,,,,,,,,,,,,,,,,6 Guamá,43,"Área colhida (Hectares), Quantidade Produzida (Toneladas) e Valor (Mil Reais) da Produção por Tipo de Lavoura Permanente - 2024 ri guama",20,"Tabela 43 - Área colhida (Hectares), Quantidade Produzida (Toneladas) e Valor (Mil Reais) da Produção por Tipo de Lavoura Permanente - 2024 ri guama","..\..\Desktop\tabelas-powerBI\6 Guamá\Tabela 43 - Área colhida (Hectares), Quantidade Produzida (Toneladas) e Valor (Mil Reais) da Produção por Tipo de Lavoura Permanente - 2024 ri guama.xlsx",Guamá,169935,
Elaboração: FAPESPA,,,,,,,,,,,,,,,,6 Guamá,43,"Área colhida (Hectares), Quantidade Produzida (Toneladas) e Valor (Mil Reais) da Produção por Tipo de Lavoura Permanente - 2024 ri guama",20,"Tabela 43 - Área colhida (Hectares), Quantidade Produzida (Toneladas) e Valor (Mil Reais) da Produção por Tipo de Lavoura Permanente - 2024 ri guama","..\..\Desktop\tabelas-powerBI\6 Guamá\Tabela 43 - Área colhida (Hectares), Quantidade Produzida (Toneladas) e Valor (Mil Reais) da Produção por Tipo de Lavoura Permanente - 2024 ri guama.xlsx",Guamá,169935,
Nota: A quantidade produzida de coco-da-baía é expressa em mil frutos ,,,,,,,,,,,,,,,,6 Guamá,43,"Área colhida (Hectares), Quantidade Produzida (Toneladas) e Valor (Mil Reais) da Produção por Tipo de Lavoura Permanente - 2024 ri guama",20,"Tabela 43 - Área colhida (Hectares), Quantidade Produzida (Toneladas) e Valor (Mil Reais) da Produção por Tipo de Lavoura Permanente - 2024 ri guama","..\..\Desktop\tabelas-powerBI\6 Guamá\Tabela 43 - Área colhida (Hectares), Quantidade Produzida (Toneladas) e Valor (Mil Reais) da Produção por Tipo de Lavoura Permanente - 2024 ri guama.xlsx",Guamá,169935,
RI Guamá,1236,773,37638,0,0,0,307,3922,9128,433,6525,13789,503,5031,26773,6 Guamá,43,"Área colhida (Hectares), Quantidade Produzida (Toneladas) e Valor (Mil Reais) da Produção por Tipo de Lavoura Permanente - 2024 ri guama",20,"Tabela 43 - Área colhida (Hectares), Quantidade Produzida (Toneladas) e Valor (Mil Reais) da Produção por Tipo de Lavoura Permanente - 2024 ri guama","..\..\Desktop\tabelas-powerBI\6 Guamá\Tabela 43 - Área colhida (Hectares), Quantidade Produzida (Toneladas) e Valor (Mil Reais) da Produção por Tipo de Lavoura Permanente - 2024 ri guama.xlsx",Guamá,254341,15463.0
Castanhal,180,144,6478,-,-,-,-,-,-,20,300,669,-,-,-,6 Guamá,43,"Área colhida (Hectares), Quantidade Produzida (Toneladas) e Valor (Mil Reais) da Produção por Tipo de Lavoura Permanente - 2024 ri guama",20,"Tabela 43 - Área colhida (Hectares), Quantidade Produzida (Toneladas) e Valor (Mil Reais) da Produção por Tipo de Lavoura Permanente - 2024 ri guama","..\..\Desktop\tabelas-powerBI\6 Guamá\Tabela 43 - Área colhida (Hectares), Quantidade Produzida (Toneladas) e Valor (Mil Reais) da Produção por Tipo de Lavoura Permanente - 2024 ri guama.xlsx",Guamá,254341,1373.0
Colares,-,-,-,-,-,-,-,-,-,-,-,-,-,-,-,6 Guamá,43,"Área colhida (Hectares), Quantidade Produzida (Toneladas) e Valor (Mil Reais) da Produção por Tipo de Lavoura Permanente - 2024 ri guama",20,"Tabela 43 - Área colhida (Hectares), Quantidade Produzida (Toneladas) e Valor (Mil Reais) da Produção por Tipo de Lavoura Permanente - 2024 ri guama","..\..\Desktop\tabelas-powerBI\6 Guamá\Tabela 43 - Área colhida (Hectares), Quantidade Produzida (Toneladas) e Valor (Mil Reais) da Produção por Tipo de Lavoura Permanente - 2024 ri guama.xlsx",Guamá,254341,38.0
Curuçá,-,-,-,-,-,-,-,-,-,40,600,1321,-,-,-,6 Guamá,43,"Área colhida (Hectares), Quantidade Produzida (Toneladas) e Valor (Mil Reais) da Produção por Tipo de Lavoura Permanente - 2024 ri guama",20,"Tabela 43 - Área colhida (Hectares), Quantidade Produzida (Toneladas) e Valor (Mil Reais) da Produção por Tipo de Lavoura Permanente - 2024 ri guama","..\..\Desktop\tabelas-powerBI\6 Guamá\Tabela 43 - Área colhida (Hectares), Quantidade Produzida (Toneladas) e Valor (Mil Reais) da Produção por Tipo de Lavoura Permanente - 2024 ri guama.xlsx",Guamá,254341,420.0
Igarapé-Açu,-,-,-,-,-,-,50,650,1769,100,1500,3339,300,3000,15936,6 Guamá,43,"Área colhida (Hectares), Quantidade Produzida (Toneladas) e Valor (Mil Reais) da Produção por Tipo de Lavoura Permanente - 2024 ri guama",20,"Tabela 43 - Área colhida (Hectares), Quantidade Produzida (Toneladas) e Valor (Mil Reais) da Produção por Tipo de Lavoura Permanente - 2024 ri guama","..\..\Desktop\tabelas-powerBI\6 Guamá\Tabela 43 - Área colhida (Hectares), Quantidade Produzida (Toneladas) e Valor (Mil Reais) da Produção por Tipo de Lavoura Permanente - 2024 ri guama.xlsx",Guamá,254341,1917.0
Inhangapi,310,217,10410,-,-,-,46,690,1731,10,150,335,10,100,542,6 Guamá,43,"Área colhida (Hectares), Quantidade Produzida (Toneladas) e Valor (Mil Reais) da Produção por Tipo de Lavoura Permanente - 2024 ri guama",20,"Tabela 43 - Área colhida (Hectares), Quantidade Produzida (Toneladas) e Valor (Mil Reais) da Produção por Tipo de Lavoura Permanente - 2024 ri guama","..\..\Desktop\tabelas-powerBI\6 Guamá\Tabela 43 - Área colhida (Hectares), Quantidade Produzida (Toneladas) e Valor (Mil Reais) da Produção por Tipo de Lavoura Permanente - 2024 ri guama.xlsx",Guamá,254341,1691.0
Magalhães Barata,-,-,-,-,-,-,-,-,-,-,-,-,10,100,543,6 Guamá,43,"Área colhida (Hectares), Quantidade Produzida (Toneladas) e Valor (Mil Reais) da Produção por Tipo de Lavoura Permanente - 2024 ri guama",20,"Tabela 43 - Área colhida (Hectares), Quantidade Produzida (Toneladas) e Valor (Mil Reais) da Produção por Tipo de Lavoura Permanente - 2024 ri guama","..\..\Desktop\tabelas-powerBI\6 Guamá\Tabela 43 - Área colhida (Hectares), Quantidade Produzida (Toneladas) e Valor (Mil Reais) da Produção por Tipo de Lavoura Permanente - 2024 ri guama.xlsx",Guamá,254341,267.0
Maracanã,-,-,-,-,-,-,10,150,337,25,375,799,70,700,3806,6 Guamá,43,"Área colhida (Hectares), Quantidade Produzida (Toneladas) e Valor (Mil Reais) da Produção por Tipo de Lavoura Permanente - 2024 ri guama",20,"Tabela 43 - Área colhida (Hectares), Quantidade Produzida (Toneladas) e Valor (Mil Reais) da Produção por Tipo de Lavoura Permanente - 2024 ri guama","..\..\Desktop\tabelas-powerBI\6 Guamá\Tabela 43 - Área colhida (Hectares), Quantidade Produzida (Toneladas) e Valor (Mil Reais) da Produção por Tipo de Lavoura Permanente - 2024 ri guama.xlsx",Guamá,254341,1129.0
Marapanim,-,-,-,-,-,-,-,-,-,20,300,609,35,350,1919,6 Guamá,43,"Área colhida (Hectares), Quantidade Produzida (Toneladas) e Valor (Mil Reais) da Produção por Tipo de Lavoura Permanente - 2024 ri guama",20,"Tabela 43 - Área colhida (Hectares), Quantidade Produzida (Toneladas) e Valor (Mil Reais) da Produção por Tipo de Lavoura Permanente - 2024 ri guama","..\..\Desktop\tabelas-powerBI\6 Guamá\Tabela 43 - Área colhida (Hectares), Quantidade Produzida (Toneladas) e Valor (Mil Reais) da Produção por Tipo de Lavoura Permanente - 2024 ri guama.xlsx",Guamá,254341,239.0
Santa Izabel do Pará,388,238,13090,-,-,-,20,280,616,10,180,396,5,51,105,6 Guamá,43,"Área colhida (Hectares), Quantidade Produzida (Toneladas) e Valor (Mil Reais) da Produção por Tipo de Lavoura Permanente - 2024 ri guama",20,"Tabela 43 - Área colhida (Hectares), Quantidade Produzida (Toneladas) e Valor (Mil Reais) da Produção por Tipo de Lavoura Permanente - 2024 ri guama","..\..\Desktop\tabelas-powerBI\6 Guamá\Tabela 43 - Área colhida (Hectares), Quantidade Produzida (Toneladas) e Valor (Mil Reais) da Produção por Tipo de Lavoura Permanente - 2024 ri guama.xlsx",Guamá,254341,134.0
Santa Maria do Pará,-,-,-,-,-,-,-,-,-,-,-,-,-,-,-,6 Guamá,43,"Área colhida (Hectares), Quantidade Produzida (Toneladas) e Valor (Mil Reais) da Produção por Tipo de Lavoura Permanente - 2024 ri guama",20,"Tabela 43 - Área colhida (Hectares), Quantidade Produzida (Toneladas) e Valor (Mil Reais) da Produção por Tipo de Lavoura Permanente - 2024 ri guama","..\..\Desktop\tabelas-powerBI\6 Guamá\Tabela 43 - Área colhida (Hectares), Quantidade Produzida (Toneladas) e Valor (Mil Reais) da Produção por Tipo de Lavoura Permanente - 2024 ri guama.xlsx",Guamá,254341,
Santo Antônio do Tauá,-,-,-,-,-,-,-,-,-,200,3000,6000,-,-,-,6 Guamá,43,"Área colhida (Hectares), Quantidade Produzida (Toneladas) e Valor (Mil Reais) da Produção por Tipo de Lavoura Permanente - 2024 ri guama",20,"Tabela 43 - Área colhida (Hectares), Quantidade Produzida (Toneladas) e Valor (Mil Reais) da Produção por Tipo de Lavoura Permanente - 2024 ri guama","..\..\Desktop\tabelas-powerBI\6 Guamá\Tabela 43 - Área colhida (Hectares), Quantidade Produzida (Toneladas) e Valor (Mil Reais) da Produção por Tipo de Lavoura Permanente - 2024 ri guama.xlsx",Guamá,254341,4680.0
São Caetano de Odivelas,5,4,160,-,-,-,5,65,195,5,75,225,10,100,500,6 Guamá,43,"Área colhida (Hectares), Quantidade Produzida (Toneladas) e Valor (Mil Reais) da Produção por Tipo de Lavoura Permanente - 2024 ri guama",20,"Tabela 43 - Área colhida (Hectares), Quantidade Produzida (Toneladas) e Valor (Mil Reais) da Produção por Tipo de Lavoura Permanente - 2024 ri guama","..\..\Desktop\tabelas-powerBI\6 Guamá\Tabela 43 - Área colhida (Hectares), Quantidade Produzida (Toneladas) e Valor (Mil Reais) da Produção por Tipo de Lavoura Permanente - 2024 ri guama.xlsx",Guamá,254341,1000.0
São Domingos do Capim,350,168,7412,-,-,-,45,518,1257,-,-,-,50,500,2697,6 Guamá,43,"Área colhida (Hectares), Quantidade Produzida (Toneladas) e Valor (Mil Reais) da Produção por Tipo de Lavoura Permanente - 2024 ri guama",20,"Tabela 43 - Área colhida (Hectares), Quantidade Produzida (Toneladas) e Valor (Mil Reais) da Produção por Tipo de Lavoura Permanente - 2024 ri guama","..\..\Desktop\tabelas-powerBI\6 Guamá\Tabela 43 - Área colhida (Hectares), Quantidade Produzida (Toneladas) e Valor (Mil Reais) da Produção por Tipo de Lavoura Permanente - 2024 ri guama.xlsx",Guamá,254341,128.0
São Francisco do Pará,-,-,-,-,-,-,100,1100,2386,-,-,-,-,-,-,6 Guamá,43,"Área colhida (Hectares), Quantidade Produzida (Toneladas) e Valor (Mil Reais) da Produção por Tipo de Lavoura Permanente - 2024 ri guama",20,"Tabela 43 - Área colhida (Hectares), Quantidade Produzida (Toneladas) e Valor (Mil Reais) da Produção por Tipo de Lavoura Permanente - 2024 ri guama","..\..\Desktop\tabelas-powerBI\6 Guamá\Tabela 43 - Área colhida (Hectares), Quantidade Produzida (Toneladas) e Valor (Mil Reais) da Produção por Tipo de Lavoura Permanente - 2024 ri guama.xlsx",Guamá,254341,432.0
São João da Ponta,3,2,88,-,-,-,16,264,356,3,45,96,13,130,725,6 Guamá,43,"Área colhida (Hectares), Quantidade Produzida (Toneladas) e Valor (Mil Reais) da Produção por Tipo de Lavoura Permanente - 2024 ri guama",20,"Tabela 43 - Área colhida (Hectares), Quantidade Produzida (Toneladas) e Valor (Mil Reais) da Produção por Tipo de Lavoura Permanente - 2024 ri guama","..\..\Desktop\tabelas-powerBI\6 Guamá\Tabela 43 - Área colhida (Hectares), Quantidade Produzida (Toneladas) e Valor (Mil Reais) da Produção por Tipo de Lavoura Permanente - 2024 ri guama.xlsx",Guamá,254341,92.0
São Miguel do Guamá,-,-,-,-,-,-,10,130,290,-,-,-,-,-,-,6 Guamá,43,"Área colhida (Hectares), Quantidade Produzida (Toneladas) e Valor (Mil Reais) da Produção por Tipo de Lavoura Permanente - 2024 ri guama",20,"Tabela 43 - Área colhida (Hectares), Quantidade Produzida (Toneladas) e Valor (Mil Reais) da Produção por Tipo de Lavoura Permanente - 2024 ri guama","..\..\Desktop\tabelas-powerBI\6 Guamá\Tabela 43 - Área colhida (Hectares), Quantidade Produzida (Toneladas) e Valor (Mil Reais) da Produção por Tipo de Lavoura Permanente - 2024 ri guama.xlsx",Guamá,254341,1199.0
Terra Alta,-,-,-,-,-,-,5,75,191,-,-,-,-,-,-,6 Guamá,43,"Área colhida (Hectares), Quantidade Produzida (Toneladas) e Valor (Mil Reais) da Produção por Tipo de Lavoura Permanente - 2024 ri guama",20,"Tabela 43 - Área colhida (Hectares), Quantidade Produzida (Toneladas) e Valor (Mil Reais) da Produção por Tipo de Lavoura Permanente - 2024 ri guama","..\..\Desktop\tabelas-powerBI\6 Guamá\Tabela 43 - Área colhida (Hectares), Quantidade Produzida (Toneladas) e Valor (Mil Reais) da Produção por Tipo de Lavoura Permanente - 2024 ri guama.xlsx",Guamá,254341,85.0
Vigia,-,-,-,-,-,-,-,-,-,-,-,-,-,-,-,6 Guamá,43,"Área colhida (Hectares), Quantidade Produzida (Toneladas) e Valor (Mil Reais) da Produção por Tipo de Lavoura Permanente - 2024 ri guama",20,"Tabela 43 - Área colhida (Hectares), Quantidade Produzida (Toneladas) e Valor (Mil Reais) da Produção por Tipo de Lavoura Permanente - 2024 ri guama","..\..\Desktop\tabelas-powerBI\6 Guamá\Tabela 43 - Área colhida (Hectares), Quantidade Produzida (Toneladas) e Valor (Mil Reais) da Produção por Tipo de Lavoura Permanente - 2024 ri guama.xlsx",Guamá,254341,639.0
Fonte: IBGE/PAM,,,,,,,,,,,,,,,,6 Guamá,43,"Área colhida (Hectares), Quantidade Produzida (Toneladas) e Valor (Mil Reais) da Produção por Tipo de Lavoura Permanente - 2024 ri guama",20,"Tabela 43 - Área colhida (Hectares), Quantidade Produzida (Toneladas) e Valor (Mil Reais) da Produção por Tipo de Lavoura Permanente - 2024 ri guama","..\..\Desktop\tabelas-powerBI\6 Guamá\Tabela 43 - Área colhida (Hectares), Quantidade Produzida (Toneladas) e Valor (Mil Reais) da Produção por Tipo de Lavoura Permanente - 2024 ri guama.xlsx",Guamá,254341,
Elaboração: FAPESPA,,,,,,,,,,,,,,,,6 Guamá,43,"Área colhida (Hectares), Quantidade Produzida (Toneladas) e Valor (Mil Reais) da Produção por Tipo de Lavoura Permanente - 2024 ri guama",20,"Tabela 43 - Área colhida (Hectares), Quantidade Produzida (Toneladas) e Valor (Mil Reais) da Produção por Tipo de Lavoura Permanente - 2024 ri guama","..\..\Desktop\tabelas-powerBI\6 Guamá\Tabela 43 - Área colhida (Hectares), Quantidade Produzida (Toneladas) e Valor (Mil Reais) da Produção por Tipo de Lavoura Permanente - 2024 ri guama.xlsx",Guamá,254341,
Nota: A quantidade produzida de coco-da-baía é expressa em mil frutos ,,,,,,,,,,,,,,,,6 Guamá,43,"Área colhida (Hectares), Quantidade Produzida (Toneladas) e Valor (Mil Reais) da Produção por Tipo de Lavoura Permanente - 2024 ri guama",20,"Tabela 43 - Área colhida (Hectares), Quantidade Produzida (Toneladas) e Valor (Mil Reais) da Produção por Tipo de Lavoura Permanente - 2024 ri guama","..\..\Desktop\tabelas-powerBI\6 Guamá\Tabela 43 - Área colhida (Hectares), Quantidade Produzida (Toneladas) e Valor (Mil Reais) da Produção por Tipo de Lavoura Permanente - 2024 ri guama.xlsx",Guamá,254341,
RI Guamá,1236,773,37638,0,0,0,307,3922,9128,433,6525,13789,503,5031,26773,6 Guamá,43,"Área colhida (Hectares), Quantidade Produzida (Toneladas) e Valor (Mil Reais) da Produção por Tipo de Lavoura Permanente - 2024 ri guama",20,"Tabela 43 - Área colhida (Hectares), Quantidade Produzida (Toneladas) e Valor (Mil Reais) da Produção por Tipo de Lavoura Permanente - 2024 ri guama","..\..\Desktop\tabelas-powerBI\6 Guamá\Tabela 43 - Área colhida (Hectares), Quantidade Produzida (Toneladas) e Valor (Mil Reais) da Produção por Tipo de Lavoura Permanente - 2024 ri guama.xlsx",Guamá,204611,16241.0
Castanhal,180,144,6478,-,-,-,-,-,-,20,300,669,-,-,-,6 Guamá,43,"Área colhida (Hectares), Quantidade Produzida (Toneladas) e Valor (Mil Reais) da Produção por Tipo de Lavoura Permanente - 2024 ri guama",20,"Tabela 43 - Área colhida (Hectares), Quantidade Produzida (Toneladas) e Valor (Mil Reais) da Produção por Tipo de Lavoura Permanente - 2024 ri guama","..\..\Desktop\tabelas-powerBI\6 Guamá\Tabela 43 - Área colhida (Hectares), Quantidade Produzida (Toneladas) e Valor (Mil Reais) da Produção por Tipo de Lavoura Permanente - 2024 ri guama.xlsx",Guamá,204611,919.0
Colares,-,-,-,-,-,-,-,-,-,-,-,-,-,-,-,6 Guamá,43,"Área colhida (Hectares), Quantidade Produzida (Toneladas) e Valor (Mil Reais) da Produção por Tipo de Lavoura Permanente - 2024 ri guama",20,"Tabela 43 - Área colhida (Hectares), Quantidade Produzida (Toneladas) e Valor (Mil Reais) da Produção por Tipo de Lavoura Permanente - 2024 ri guama","..\..\Desktop\tabelas-powerBI\6 Guamá\Tabela 43 - Área colhida (Hectares), Quantidade Produzida (Toneladas) e Valor (Mil Reais) da Produção por Tipo de Lavoura Permanente - 2024 ri guama.xlsx",Guamá,204611,
Curuçá,-,-,-,-,-,-,-,-,-,40,600,1321,-,-,-,6 Guamá,43,"Área colhida (Hectares), Quantidade Produzida (Toneladas) e Valor (Mil Reais) da Produção por Tipo de Lavoura Permanente - 2024 ri guama",20,"Tabela 43 - Área colhida (Hectares), Quantidade Produzida (Toneladas) e Valor (Mil Reais) da Produção por Tipo de Lavoura Permanente - 2024 ri guama","..\..\Desktop\tabelas-powerBI\6 Guamá\Tabela 43 - Área colhida (Hectares), Quantidade Produzida (Toneladas) e Valor (Mil Reais) da Produção por Tipo de Lavoura Permanente - 2024 ri guama.xlsx",Guamá,204611,45.0
Igarapé-Açu,-,-,-,-,-,-,50,650,1769,100,1500,3339,300,3000,15936,6 Guamá,43,"Área colhida (Hectares), Quantidade Produzida (Toneladas) e Valor (Mil Reais) da Produção por Tipo de Lavoura Permanente - 2024 ri guama",20,"Tabela 43 - Área colhida (Hectares), Quantidade Produzida (Toneladas) e Valor (Mil Reais) da Produção por Tipo de Lavoura Permanente - 2024 ri guama","..\..\Desktop\tabelas-powerBI\6 Guamá\Tabela 43 - Área colhida (Hectares), Quantidade Produzida (Toneladas) e Valor (Mil Reais) da Produção por Tipo de Lavoura Permanente - 2024 ri guama.xlsx",Guamá,204611,6000.0
Inhangapi,310,217,10410,-,-,-,46,690,1731,10,150,335,10,100,542,6 Guamá,43,"Área colhida (Hectares), Quantidade Produzida (Toneladas) e Valor (Mil Reais) da Produção por Tipo de Lavoura Permanente - 2024 ri guama",20,"Tabela 43 - Área colhida (Hectares), Quantidade Produzida (Toneladas) e Valor (Mil Reais) da Produção por Tipo de Lavoura Permanente - 2024 ri guama","..\..\Desktop\tabelas-powerBI\6 Guamá\Tabela 43 - Área colhida (Hectares), Quantidade Produzida (Toneladas) e Valor (Mil Reais) da Produção por Tipo de Lavoura Permanente - 2024 ri guama.xlsx",Guamá,204611,44.0
Magalhães Barata,-,-,-,-,-,-,-,-,-,-,-,-,10,100,543,6 Guamá,43,"Área colhida (Hectares), Quantidade Produzida (Toneladas) e Valor (Mil Reais) da Produção por Tipo de Lavoura Permanente - 2024 ri guama",20,"Tabela 43 - Área colhida (Hectares), Quantidade Produzida (Toneladas) e Valor (Mil Reais) da Produção por Tipo de Lavoura Permanente - 2024 ri guama","..\..\Desktop\tabelas-powerBI\6 Guamá\Tabela 43 - Área colhida (Hectares), Quantidade Produzida (Toneladas) e Valor (Mil Reais) da Produção por Tipo de Lavoura Permanente - 2024 ri guama.xlsx",Guamá,204611,
Maracanã,-,-,-,-,-,-,10,150,337,25,375,799,70,700,3806,6 Guamá,43,"Área colhida (Hectares), Quantidade Produzida (Toneladas) e Valor (Mil Reais) da Produção por Tipo de Lavoura Permanente - 2024 ri guama",20,"Tabela 43 - Área colhida (Hectares), Quantidade Produzida (Toneladas) e Valor (Mil Reais) da Produção por Tipo de Lavoura Permanente - 2024 ri guama","..\..\Desktop\tabelas-powerBI\6 Guamá\Tabela 43 - Área colhida (Hectares), Quantidade Produzida (Toneladas) e Valor (Mil Reais) da Produção por Tipo de Lavoura Permanente - 2024 ri guama.xlsx",Guamá,204611,358.0
Marapanim,-,-,-,-,-,-,-,-,-,20,300,609,35,350,1919,6 Guamá,43,"Área colhida (Hectares), Quantidade Produzida (Toneladas) e Valor (Mil Reais) da Produção por Tipo de Lavoura Permanente - 2024 ri guama",20,"Tabela 43 - Área colhida (Hectares), Quantidade Produzida (Toneladas) e Valor (Mil Reais) da Produção por Tipo de Lavoura Permanente - 2024 ri guama","..\..\Desktop\tabelas-powerBI\6 Guamá\Tabela 43 - Área colhida (Hectares), Quantidade Produzida (Toneladas) e Valor (Mil Reais) da Produção por Tipo de Lavoura Permanente - 2024 ri guama.xlsx",Guamá,204611,25.0
Santa Izabel do Pará,388,238,13090,-,-,-,20,280,616,10,180,396,5,51,105,6 Guamá,43,"Área colhida (Hectares), Quantidade Produzida (Toneladas) e Valor (Mil Reais) da Produção por Tipo de Lavoura Permanente - 2024 ri guama",20,"Tabela 43 - Área colhida (Hectares), Quantidade Produzida (Toneladas) e Valor (Mil Reais) da Produção por Tipo de Lavoura Permanente - 2024 ri guama","..\..\Desktop\tabelas-powerBI\6 Guamá\Tabela 43 - Área colhida (Hectares), Quantidade Produzida (Toneladas) e Valor (Mil Reais) da Produção por Tipo de Lavoura Permanente - 2024 ri guama.xlsx",Guamá,204611,400.0
Santa Maria do Pará,-,-,-,-,-,-,-,-,-,-,-,-,-,-,-,6 Guamá,43,"Área colhida (Hectares), Quantidade Produzida (Toneladas) e Valor (Mil Reais) da Produção por Tipo de Lavoura Permanente - 2024 ri guama",20,"Tabela 43 - Área colhida (Hectares), Quantidade Produzida (Toneladas) e Valor (Mil Reais) da Produção por Tipo de Lavoura Permanente - 2024 ri guama","..\..\Desktop\tabelas-powerBI\6 Guamá\Tabela 43 - Área colhida (Hectares), Quantidade Produzida (Toneladas) e Valor (Mil Reais) da Produção por Tipo de Lavoura Permanente - 2024 ri guama.xlsx",Guamá,204611,1203.0
Santo Antônio do Tauá,-,-,-,-,-,-,-,-,-,200,3000,6000,-,-,-,6 Guamá,43,"Área colhida (Hectares), Quantidade Produzida (Toneladas) e Valor (Mil Reais) da Produção por Tipo de Lavoura Permanente - 2024 ri guama",20,"Tabela 43 - Área colhida (Hectares), Quantidade Produzida (Toneladas) e Valor (Mil Reais) da Produção por Tipo de Lavoura Permanente - 2024 ri guama","..\..\Desktop\tabelas-powerBI\6 Guamá\Tabela 43 - Área colhida (Hectares), Quantidade Produzida (Toneladas) e Valor (Mil Reais) da Produção por Tipo de Lavoura Permanente - 2024 ri guama.xlsx",Guamá,204611,1944.0
São Caetano de Odivelas,5,4,160,-,-,-,5,65,195,5,75,225,10,100,500,6 Guamá,43,"Área colhida (Hectares), Quantidade Produzida (Toneladas) e Valor (Mil Reais) da Produção por Tipo de Lavoura Permanente - 2024 ri guama",20,"Tabela 43 - Área colhida (Hectares), Quantidade Produzida (Toneladas) e Valor (Mil Reais) da Produção por Tipo de Lavoura Permanente - 2024 ri guama","..\..\Desktop\tabelas-powerBI\6 Guamá\Tabela 43 - Área colhida (Hectares), Quantidade Produzida (Toneladas) e Valor (Mil Reais) da Produção por Tipo de Lavoura Permanente - 2024 ri guama.xlsx",Guamá,204611,491.0
São Domingos do Capim,350,168,7412,-,-,-,45,518,1257,-,-,-,50,500,2697,6 Guamá,43,"Área colhida (Hectares), Quantidade Produzida (Toneladas) e Valor (Mil Reais) da Produção por Tipo de Lavoura Permanente - 2024 ri guama",20,"Tabela 43 - Área colhida (Hectares), Quantidade Produzida (Toneladas) e Valor (Mil Reais) da Produção por Tipo de Lavoura Permanente - 2024 ri guama","..\..\Desktop\tabelas-powerBI\6 Guamá\Tabela 43 - Área colhida (Hectares), Quantidade Produzida (Toneladas) e Valor (Mil Reais) da Produção por Tipo de Lavoura Permanente - 2024 ri guama.xlsx",Guamá,204611,2800.0
São Francisco do Pará,-,-,-,-,-,-,100,1100,2386,-,-,-,-,-,-,6 Guamá,43,"Área colhida (Hectares), Quantidade Produzida (Toneladas) e Valor (Mil Reais) da Produção por Tipo de Lavoura Permanente - 2024 ri guama",20,"Tabela 43 - Área colhida (Hectares), Quantidade Produzida (Toneladas) e Valor (Mil Reais) da Produção por Tipo de Lavoura Permanente - 2024 ri guama","..\..\Desktop\tabelas-powerBI\6 Guamá\Tabela 43 - Área colhida (Hectares), Quantidade Produzida (Toneladas) e Valor (Mil Reais) da Produção por Tipo de Lavoura Permanente - 2024 ri guama.xlsx",Guamá,204611,657.0
São João da Ponta,3,2,88,-,-,-,16,264,356,3,45,96,13,130,725,6 Guamá,43,"Área colhida (Hectares), Quantidade Produzida (Toneladas) e Valor (Mil Reais) da Produção por Tipo de Lavoura Permanente - 2024 ri guama",20,"Tabela 43 - Área colhida (Hectares), Quantidade Produzida (Toneladas) e Valor (Mil Reais) da Produção por Tipo de Lavoura Permanente - 2024 ri guama","..\..\Desktop\tabelas-powerBI\6 Guamá\Tabela 43 - Área colhida (Hectares), Quantidade Produzida (Toneladas) e Valor (Mil Reais) da Produção por Tipo de Lavoura Permanente - 2024 ri guama.xlsx",Guamá,204611,100.0
São Miguel do Guamá,-,-,-,-,-,-,10,130,290,-,-,-,-,-,-,6 Guamá,43,"Área colhida (Hectares), Quantidade Produzida (Toneladas) e Valor (Mil Reais) da Produção por Tipo de Lavoura Permanente - 2024 ri guama",20,"Tabela 43 - Área colhida (Hectares), Quantidade Produzida (Toneladas) e Valor (Mil Reais) da Produção por Tipo de Lavoura Permanente - 2024 ri guama","..\..\Desktop\tabelas-powerBI\6 Guamá\Tabela 43 - Área colhida (Hectares), Quantidade Produzida (Toneladas) e Valor (Mil Reais) da Produção por Tipo de Lavoura Permanente - 2024 ri guama.xlsx",Guamá,204611,725.0
Terra Alta,-,-,-,-,-,-,5,75,191,-,-,-,-,-,-,6 Guamá,43,"Área colhida (Hectares), Quantidade Produzida (Toneladas) e Valor (Mil Reais) da Produção por Tipo de Lavoura Permanente - 2024 ri guama",20,"Tabela 43 - Área colhida (Hectares), Quantidade Produzida (Toneladas) e Valor (Mil Reais) da Produção por Tipo de Lavoura Permanente - 2024 ri guama","..\..\Desktop\tabelas-powerBI\6 Guamá\Tabela 43 - Área colhida (Hectares), Quantidade Produzida (Toneladas) e Valor (Mil Reais) da Produção por Tipo de Lavoura Permanente - 2024 ri guama.xlsx",Guamá,204611,530.0
Vigia,-,-,-,-,-,-,-,-,-,-,-,-,-,-,-,6 Guamá,43,"Área colhida (Hectares), Quantidade Produzida (Toneladas) e Valor (Mil Reais) da Produção por Tipo de Lavoura Permanente - 2024 ri guama",20,"Tabela 43 - Área colhida (Hectares), Quantidade Produzida (Toneladas) e Valor (Mil Reais) da Produção por Tipo de Lavoura Permanente - 2024 ri guama","..\..\Desktop\tabelas-powerBI\6 Guamá\Tabela 43 - Área colhida (Hectares), Quantidade Produzida (Toneladas) e Valor (Mil Reais) da Produção por Tipo de Lavoura Permanente - 2024 ri guama.xlsx",Guamá,204611,
Fonte: IBGE/PAM,,,,,,,,,,,,,,,,6 Guamá,43,"Área colhida (Hectares), Quantidade Produzida (Toneladas) e Valor (Mil Reais) da Produção por Tipo de Lavoura Permanente - 2024 ri guama",20,"Tabela 43 - Área colhida (Hectares), Quantidade Produzida (Toneladas) e Valor (Mil Reais) da Produção por Tipo de Lavoura Permanente - 2024 ri guama","..\..\Desktop\tabelas-powerBI\6 Guamá\Tabela 43 - Área colhida (Hectares), Quantidade Produzida (Toneladas) e Valor (Mil Reais) da Produção por Tipo de Lavoura Permanente - 2024 ri guama.xlsx",Guamá,204611,
Elaboração: FAPESPA,,,,,,,,,,,,,,,,6 Guamá,43,"Área colhida (Hectares), Quantidade Produzida (Toneladas) e Valor (Mil Reais) da Produção por Tipo de Lavoura Permanente - 2024 ri guama",20,"Tabela 43 - Área colhida (Hectares), Quantidade Produzida (Toneladas) e Valor (Mil Reais) da Produção por Tipo de Lavoura Permanente - 2024 ri guama","..\..\Desktop\tabelas-powerBI\6 Guamá\Tabela 43 - Área colhida (Hectares), Quantidade Produzida (Toneladas) e Valor (Mil Reais) da Produção por Tipo de Lavoura Permanente - 2024 ri guama.xlsx",Guamá,204611,
Nota: A quantidade produzida de coco-da-baía é expressa em mil frutos ,,,,,,,,,,,,,,,,6 Guamá,43,"Área colhida (Hectares), Quantidade Produzida (Toneladas) e Valor (Mil Reais) da Produção por Tipo de Lavoura Permanente - 2024 ri guama",20,"Tabela 43 - Área colhida (Hectares), Quantidade Produzida (Toneladas) e Valor (Mil Reais) da Produção por Tipo de Lavoura Permanente - 2024 ri guama","..\..\Desktop\tabelas-powerBI\6 Guamá\Tabela 43 - Área colhida (Hectares), Quantidade Produzida (Toneladas) e Valor (Mil Reais) da Produção por Tipo de Lavoura Permanente - 2024 ri guama.xlsx",Guamá,204611,
RI Guamá,1236,773,37638,0,0,0,307,3922,9128,433,6525,13789,503,5031,26773,6 Guamá,43,"Área colhida (Hectares), Quantidade Produzida (Toneladas) e Valor (Mil Reais) da Produção por Tipo de Lavoura Permanente - 2024 ri guama",20,"Tabela 43 - Área colhida (Hectares), Quantidade Produzida (Toneladas) e Valor (Mil Reais) da Produção por Tipo de Lavoura Permanente - 2024 ri guama","..\..\Desktop\tabelas-powerBI\6 Guamá\Tabela 43 - Área colhida (Hectares), Quantidade Produzida (Toneladas) e Valor (Mil Reais) da Produção por Tipo de Lavoura Permanente - 2024 ri guama.xlsx",Guamá,3130177,248560.0
Castanhal,180,144,6478,-,-,-,-,-,-,20,300,669,-,-,-,6 Guamá,43,"Área colhida (Hectares), Quantidade Produzida (Toneladas) e Valor (Mil Reais) da Produção por Tipo de Lavoura Permanente - 2024 ri guama",20,"Tabela 43 - Área colhida (Hectares), Quantidade Produzida (Toneladas) e Valor (Mil Reais) da Produção por Tipo de Lavoura Permanente - 2024 ri guama","..\..\Desktop\tabelas-powerBI\6 Guamá\Tabela 43 - Área colhida (Hectares), Quantidade Produzida (Toneladas) e Valor (Mil Reais) da Produção por Tipo de Lavoura Permanente - 2024 ri guama.xlsx",Guamá,3130177,16542.0
Colares,-,-,-,-,-,-,-,-,-,-,-,-,-,-,-,6 Guamá,43,"Área colhida (Hectares), Quantidade Produzida (Toneladas) e Valor (Mil Reais) da Produção por Tipo de Lavoura Permanente - 2024 ri guama",20,"Tabela 43 - Área colhida (Hectares), Quantidade Produzida (Toneladas) e Valor (Mil Reais) da Produção por Tipo de Lavoura Permanente - 2024 ri guama","..\..\Desktop\tabelas-powerBI\6 Guamá\Tabela 43 - Área colhida (Hectares), Quantidade Produzida (Toneladas) e Valor (Mil Reais) da Produção por Tipo de Lavoura Permanente - 2024 ri guama.xlsx",Guamá,3130177,
Curuçá,-,-,-,-,-,-,-,-,-,40,600,1321,-,-,-,6 Guamá,43,"Área colhida (Hectares), Quantidade Produzida (Toneladas) e Valor (Mil Reais) da Produção por Tipo de Lavoura Permanente - 2024 ri guama",20,"Tabela 43 - Área colhida (Hectares), Quantidade Produzida (Toneladas) e Valor (Mil Reais) da Produção por Tipo de Lavoura Permanente - 2024 ri guama","..\..\Desktop\tabelas-powerBI\6 Guamá\Tabela 43 - Área colhida (Hectares), Quantidade Produzida (Toneladas) e Valor (Mil Reais) da Produção por Tipo de Lavoura Permanente - 2024 ri guama.xlsx",Guamá,3130177,697.0
Igarapé-Açu,-,-,-,-,-,-,50,650,1769,100,1500,3339,300,3000,15936,6 Guamá,43,"Área colhida (Hectares), Quantidade Produzida (Toneladas) e Valor (Mil Reais) da Produção por Tipo de Lavoura Permanente - 2024 ri guama",20,"Tabela 43 - Área colhida (Hectares), Quantidade Produzida (Toneladas) e Valor (Mil Reais) da Produção por Tipo de Lavoura Permanente - 2024 ri guama","..\..\Desktop\tabelas-powerBI\6 Guamá\Tabela 43 - Área colhida (Hectares), Quantidade Produzida (Toneladas) e Valor (Mil Reais) da Produção por Tipo de Lavoura Permanente - 2024 ri guama.xlsx",Guamá,3130177,90000.0
Inhangapi,310,217,10410,-,-,-,46,690,1731,10,150,335,10,100,542,6 Guamá,43,"Área colhida (Hectares), Quantidade Produzida (Toneladas) e Valor (Mil Reais) da Produção por Tipo de Lavoura Permanente - 2024 ri guama",20,"Tabela 43 - Área colhida (Hectares), Quantidade Produzida (Toneladas) e Valor (Mil Reais) da Produção por Tipo de Lavoura Permanente - 2024 ri guama","..\..\Desktop\tabelas-powerBI\6 Guamá\Tabela 43 - Área colhida (Hectares), Quantidade Produzida (Toneladas) e Valor (Mil Reais) da Produção por Tipo de Lavoura Permanente - 2024 ri guama.xlsx",Guamá,3130177,660.0
Magalhães Barata,-,-,-,-,-,-,-,-,-,-,-,-,10,100,543,6 Guamá,43,"Área colhida (Hectares), Quantidade Produzida (Toneladas) e Valor (Mil Reais) da Produção por Tipo de Lavoura Permanente - 2024 ri guama",20,"Tabela 43 - Área colhida (Hectares), Quantidade Produzida (Toneladas) e Valor (Mil Reais) da Produção por Tipo de Lavoura Permanente - 2024 ri guama","..\..\Desktop\tabelas-powerBI\6 Guamá\Tabela 43 - Área colhida (Hectares), Quantidade Produzida (Toneladas) e Valor (Mil Reais) da Produção por Tipo de Lavoura Permanente - 2024 ri guama.xlsx",Guamá,3130177,
Maracanã,-,-,-,-,-,-,10,150,337,25,375,799,70,700,3806,6 Guamá,43,"Área colhida (Hectares), Quantidade Produzida (Toneladas) e Valor (Mil Reais) da Produção por Tipo de Lavoura Permanente - 2024 ri guama",20,"Tabela 43 - Área colhida (Hectares), Quantidade Produzida (Toneladas) e Valor (Mil Reais) da Produção por Tipo de Lavoura Permanente - 2024 ri guama","..\..\Desktop\tabelas-powerBI\6 Guamá\Tabela 43 - Área colhida (Hectares), Quantidade Produzida (Toneladas) e Valor (Mil Reais) da Produção por Tipo de Lavoura Permanente - 2024 ri guama.xlsx",Guamá,3130177,5211.0
Marapanim,-,-,-,-,-,-,-,-,-,20,300,609,35,350,1919,6 Guamá,43,"Área colhida (Hectares), Quantidade Produzida (Toneladas) e Valor (Mil Reais) da Produção por Tipo de Lavoura Permanente - 2024 ri guama",20,"Tabela 43 - Área colhida (Hectares), Quantidade Produzida (Toneladas) e Valor (Mil Reais) da Produção por Tipo de Lavoura Permanente - 2024 ri guama","..\..\Desktop\tabelas-powerBI\6 Guamá\Tabela 43 - Área colhida (Hectares), Quantidade Produzida (Toneladas) e Valor (Mil Reais) da Produção por Tipo de Lavoura Permanente - 2024 ri guama.xlsx",Guamá,3130177,375.0
Santa Izabel do Pará,388,238,13090,-,-,-,20,280,616,10,180,396,5,51,105,6 Guamá,43,"Área colhida (Hectares), Quantidade Produzida (Toneladas) e Valor (Mil Reais) da Produção por Tipo de Lavoura Permanente - 2024 ri guama",20,"Tabela 43 - Área colhida (Hectares), Quantidade Produzida (Toneladas) e Valor (Mil Reais) da Produção por Tipo de Lavoura Permanente - 2024 ri guama","..\..\Desktop\tabelas-powerBI\6 Guamá\Tabela 43 - Área colhida (Hectares), Quantidade Produzida (Toneladas) e Valor (Mil Reais) da Produção por Tipo de Lavoura Permanente - 2024 ri guama.xlsx",Guamá,3130177,7200.0
Santa Maria do Pará,-,-,-,-,-,-,-,-,-,-,-,-,-,-,-,6 Guamá,43,"Área colhida (Hectares), Quantidade Produzida (Toneladas) e Valor (Mil Reais) da Produção por Tipo de Lavoura Permanente - 2024 ri guama",20,"Tabela 43 - Área colhida (Hectares), Quantidade Produzida (Toneladas) e Valor (Mil Reais) da Produção por Tipo de Lavoura Permanente - 2024 ri guama","..\..\Desktop\tabelas-powerBI\6 Guamá\Tabela 43 - Área colhida (Hectares), Quantidade Produzida (Toneladas) e Valor (Mil Reais) da Produção por Tipo de Lavoura Permanente - 2024 ri guama.xlsx",Guamá,3130177,18045.0
Santo Antônio do Tauá,-,-,-,-,-,-,-,-,-,200,3000,6000,-,-,-,6 Guamá,43,"Área colhida (Hectares), Quantidade Produzida (Toneladas) e Valor (Mil Reais) da Produção por Tipo de Lavoura Permanente - 2024 ri guama",20,"Tabela 43 - Área colhida (Hectares), Quantidade Produzida (Toneladas) e Valor (Mil Reais) da Produção por Tipo de Lavoura Permanente - 2024 ri guama","..\..\Desktop\tabelas-powerBI\6 Guamá\Tabela 43 - Área colhida (Hectares), Quantidade Produzida (Toneladas) e Valor (Mil Reais) da Produção por Tipo de Lavoura Permanente - 2024 ri guama.xlsx",Guamá,3130177,29549.0
São Caetano de Odivelas,5,4,160,-,-,-,5,65,195,5,75,225,10,100,500,6 Guamá,43,"Área colhida (Hectares), Quantidade Produzida (Toneladas) e Valor (Mil Reais) da Produção por Tipo de Lavoura Permanente - 2024 ri guama",20,"Tabela 43 - Área colhida (Hectares), Quantidade Produzida (Toneladas) e Valor (Mil Reais) da Produção por Tipo de Lavoura Permanente - 2024 ri guama","..\..\Desktop\tabelas-powerBI\6 Guamá\Tabela 43 - Área colhida (Hectares), Quantidade Produzida (Toneladas) e Valor (Mil Reais) da Produção por Tipo de Lavoura Permanente - 2024 ri guama.xlsx",Guamá,3130177,7365.0
São Domingos do Capim,350,168,7412,-,-,-,45,518,1257,-,-,-,50,500,2697,6 Guamá,43,"Área colhida (Hectares), Quantidade Produzida (Toneladas) e Valor (Mil Reais) da Produção por Tipo de Lavoura Permanente - 2024 ri guama",20,"Tabela 43 - Área colhida (Hectares), Quantidade Produzida (Toneladas) e Valor (Mil Reais) da Produção por Tipo de Lavoura Permanente - 2024 ri guama","..\..\Desktop\tabelas-powerBI\6 Guamá\Tabela 43 - Área colhida (Hectares), Quantidade Produzida (Toneladas) e Valor (Mil Reais) da Produção por Tipo de Lavoura Permanente - 2024 ri guama.xlsx",Guamá,3130177,42000.0
São Francisco do Pará,-,-,-,-,-,-,100,1100,2386,-,-,-,-,-,-,6 Guamá,43,"Área colhida (Hectares), Quantidade Produzida (Toneladas) e Valor (Mil Reais) da Produção por Tipo de Lavoura Permanente - 2024 ri guama",20,"Tabela 43 - Área colhida (Hectares), Quantidade Produzida (Toneladas) e Valor (Mil Reais) da Produção por Tipo de Lavoura Permanente - 2024 ri guama","..\..\Desktop\tabelas-powerBI\6 Guamá\Tabela 43 - Área colhida (Hectares), Quantidade Produzida (Toneladas) e Valor (Mil Reais) da Produção por Tipo de Lavoura Permanente - 2024 ri guama.xlsx",Guamá,3130177,9855.0
São João da Ponta,3,2,88,-,-,-,16,264,356,3,45,96,13,130,725,6 Guamá,43,"Área colhida (Hectares), Quantidade Produzida (Toneladas) e Valor (Mil Reais) da Produção por Tipo de Lavoura Permanente - 2024 ri guama",20,"Tabela 43 - Área colhida (Hectares), Quantidade Produzida (Toneladas) e Valor (Mil Reais) da Produção por Tipo de Lavoura Permanente - 2024 ri guama","..\..\Desktop\tabelas-powerBI\6 Guamá\Tabela 43 - Área colhida (Hectares), Quantidade Produzida (Toneladas) e Valor (Mil Reais) da Produção por Tipo de Lavoura Permanente - 2024 ri guama.xlsx",Guamá,3130177,1445.0
São Miguel do Guamá,-,-,-,-,-,-,10,130,290,-,-,-,-,-,-,6 Guamá,43,"Área colhida (Hectares), Quantidade Produzida (Toneladas) e Valor (Mil Reais) da Produção por Tipo de Lavoura Permanente - 2024 ri guama",20,"Tabela 43 - Área colhida (Hectares), Quantidade Produzida (Toneladas) e Valor (Mil Reais) da Produção por Tipo de Lavoura Permanente - 2024 ri guama","..\..\Desktop\tabelas-powerBI\6 Guamá\Tabela 43 - Área colhida (Hectares), Quantidade Produzida (Toneladas) e Valor (Mil Reais) da Produção por Tipo de Lavoura Permanente - 2024 ri guama.xlsx",Guamá,3130177,10875.0
Terra Alta,-,-,-,-,-,-,5,75,191,-,-,-,-,-,-,6 Guamá,43,"Área colhida (Hectares), Quantidade Produzida (Toneladas) e Valor (Mil Reais) da Produção por Tipo de Lavoura Permanente - 2024 ri guama",20,"Tabela 43 - Área colhida (Hectares), Quantidade Produzida (Toneladas) e Valor (Mil Reais) da Produção por Tipo de Lavoura Permanente - 2024 ri guama","..\..\Desktop\tabelas-powerBI\6 Guamá\Tabela 43 - Área colhida (Hectares), Quantidade Produzida (Toneladas) e Valor (Mil Reais) da Produção por Tipo de Lavoura Permanente - 2024 ri guama.xlsx",Guamá,3130177,8741.0
Vigia,-,-,-,-,-,-,-,-,-,-,-,-,-,-,-,6 Guamá,43,"Área colhida (Hectares), Quantidade Produzida (Toneladas) e Valor (Mil Reais) da Produção por Tipo de Lavoura Permanente - 2024 ri guama",20,"Tabela 43 - Área colhida (Hectares), Quantidade Produzida (Toneladas) e Valor (Mil Reais) da Produção por Tipo de Lavoura Permanente - 2024 ri guama","..\..\Desktop\tabelas-powerBI\6 Guamá\Tabela 43 - Área colhida (Hectares), Quantidade Produzida (Toneladas) e Valor (Mil Reais) da Produção por Tipo de Lavoura Permanente - 2024 ri guama.xlsx",Guamá,3130177,
Fonte: IBGE/PAM,,,,,,,,,,,,,,,,6 Guamá,43,"Área colhida (Hectares), Quantidade Produzida (Toneladas) e Valor (Mil Reais) da Produção por Tipo de Lavoura Permanente - 2024 ri guama",20,"Tabela 43 - Área colhida (Hectares), Quantidade Produzida (Toneladas) e Valor (Mil Reais) da Produção por Tipo de Lavoura Permanente - 2024 ri guama","..\..\Desktop\tabelas-powerBI\6 Guamá\Tabela 43 - Área colhida (Hectares), Quantidade Produzida (Toneladas) e Valor (Mil Reais) da Produção por Tipo de Lavoura Permanente - 2024 ri guama.xlsx",Guamá,3130177,
Elaboração: FAPESPA,,,,,,,,,,,,,,,,6 Guamá,43,"Área colhida (Hectares), Quantidade Produzida (Toneladas) e Valor (Mil Reais) da Produção por Tipo de Lavoura Permanente - 2024 ri guama",20,"Tabela 43 - Área colhida (Hectares), Quantidade Produzida (Toneladas) e Valor (Mil Reais) da Produção por Tipo de Lavoura Permanente - 2024 ri guama","..\..\Desktop\tabelas-powerBI\6 Guamá\Tabela 43 - Área colhida (Hectares), Quantidade Produzida (Toneladas) e Valor (Mil Reais) da Produção por Tipo de Lavoura Permanente - 2024 ri guama.xlsx",Guamá,3130177,
Nota: A quantidade produzida de coco-da-baía é expressa em mil frutos ,,,,,,,,,,,,,,,,6 Guamá,43,"Área colhida (Hectares), Quantidade Produzida (Toneladas) e Valor (Mil Reais) da Produção por Tipo de Lavoura Permanente - 2024 ri guama",20,"Tabela 43 - Área colhida (Hectares), Quantidade Produzida (Toneladas) e Valor (Mil Reais) da Produção por Tipo de Lavoura Permanente - 2024 ri guama","..\..\Desktop\tabelas-powerBI\6 Guamá\Tabela 43 - Área colhida (Hectares), Quantidade Produzida (Toneladas) e Valor (Mil Reais) da Produção por Tipo de Lavoura Permanente - 2024 ri guama.xlsx",Guamá,3130177,
RI Guamá,1236,773,37638,0,0,0,307,3922,9128,433,6525,13789,503,5031,26773,6 Guamá,43,"Área colhida (Hectares), Quantidade Produzida (Toneladas) e Valor (Mil Reais) da Produção por Tipo de Lavoura Permanente - 2024 ri guama",20,"Tabela 43 - Área colhida (Hectares), Quantidade Produzida (Toneladas) e Valor (Mil Reais) da Produção por Tipo de Lavoura Permanente - 2024 ri guama","..\..\Desktop\tabelas-powerBI\6 Guamá\Tabela 43 - Área colhida (Hectares), Quantidade Produzida (Toneladas) e Valor (Mil Reais) da Produção por Tipo de Lavoura Permanente - 2024 ri guama.xlsx",Guamá,2229561,178336.0
Castanhal,180,144,6478,-,-,-,-,-,-,20,300,669,-,-,-,6 Guamá,43,"Área colhida (Hectares), Quantidade Produzida (Toneladas) e Valor (Mil Reais) da Produção por Tipo de Lavoura Permanente - 2024 ri guama",20,"Tabela 43 - Área colhida (Hectares), Quantidade Produzida (Toneladas) e Valor (Mil Reais) da Produção por Tipo de Lavoura Permanente - 2024 ri guama","..\..\Desktop\tabelas-powerBI\6 Guamá\Tabela 43 - Área colhida (Hectares), Quantidade Produzida (Toneladas) e Valor (Mil Reais) da Produção por Tipo de Lavoura Permanente - 2024 ri guama.xlsx",Guamá,2229561,12517.0
Colares,-,-,-,-,-,-,-,-,-,-,-,-,-,-,-,6 Guamá,43,"Área colhida (Hectares), Quantidade Produzida (Toneladas) e Valor (Mil Reais) da Produção por Tipo de Lavoura Permanente - 2024 ri guama",20,"Tabela 43 - Área colhida (Hectares), Quantidade Produzida (Toneladas) e Valor (Mil Reais) da Produção por Tipo de Lavoura Permanente - 2024 ri guama","..\..\Desktop\tabelas-powerBI\6 Guamá\Tabela 43 - Área colhida (Hectares), Quantidade Produzida (Toneladas) e Valor (Mil Reais) da Produção por Tipo de Lavoura Permanente - 2024 ri guama.xlsx",Guamá,2229561,
Curuçá,-,-,-,-,-,-,-,-,-,40,600,1321,-,-,-,6 Guamá,43,"Área colhida (Hectares), Quantidade Produzida (Toneladas) e Valor (Mil Reais) da Produção por Tipo de Lavoura Permanente - 2024 ri guama",20,"Tabela 43 - Área colhida (Hectares), Quantidade Produzida (Toneladas) e Valor (Mil Reais) da Produção por Tipo de Lavoura Permanente - 2024 ri guama","..\..\Desktop\tabelas-powerBI\6 Guamá\Tabela 43 - Área colhida (Hectares), Quantidade Produzida (Toneladas) e Valor (Mil Reais) da Produção por Tipo de Lavoura Permanente - 2024 ri guama.xlsx",Guamá,2229561,544.0
Igarapé-Açu,-,-,-,-,-,-,50,650,1769,100,1500,3339,300,3000,15936,6 Guamá,43,"Área colhida (Hectares), Quantidade Produzida (Toneladas) e Valor (Mil Reais) da Produção por Tipo de Lavoura Permanente - 2024 ri guama",20,"Tabela 43 - Área colhida (Hectares), Quantidade Produzida (Toneladas) e Valor (Mil Reais) da Produção por Tipo de Lavoura Permanente - 2024 ri guama","..\..\Desktop\tabelas-powerBI\6 Guamá\Tabela 43 - Área colhida (Hectares), Quantidade Produzida (Toneladas) e Valor (Mil Reais) da Produção por Tipo de Lavoura Permanente - 2024 ri guama.xlsx",Guamá,2229561,59369.0
Inhangapi,310,217,10410,-,-,-,46,690,1731,10,150,335,10,100,542,6 Guamá,43,"Área colhida (Hectares), Quantidade Produzida (Toneladas) e Valor (Mil Reais) da Produção por Tipo de Lavoura Permanente - 2024 ri guama",20,"Tabela 43 - Área colhida (Hectares), Quantidade Produzida (Toneladas) e Valor (Mil Reais) da Produção por Tipo de Lavoura Permanente - 2024 ri guama","..\..\Desktop\tabelas-powerBI\6 Guamá\Tabela 43 - Área colhida (Hectares), Quantidade Produzida (Toneladas) e Valor (Mil Reais) da Produção por Tipo de Lavoura Permanente - 2024 ri guama.xlsx",Guamá,2229561,508.0
Magalhães Barata,-,-,-,-,-,-,-,-,-,-,-,-,10,100,543,6 Guamá,43,"Área colhida (Hectares), Quantidade Produzida (Toneladas) e Valor (Mil Reais) da Produção por Tipo de Lavoura Permanente - 2024 ri guama",20,"Tabela 43 - Área colhida (Hectares), Quantidade Produzida (Toneladas) e Valor (Mil Reais) da Produção por Tipo de Lavoura Permanente - 2024 ri guama","..\..\Desktop\tabelas-powerBI\6 Guamá\Tabela 43 - Área colhida (Hectares), Quantidade Produzida (Toneladas) e Valor (Mil Reais) da Produção por Tipo de Lavoura Permanente - 2024 ri guama.xlsx",Guamá,2229561,
Maracanã,-,-,-,-,-,-,10,150,337,25,375,799,70,700,3806,6 Guamá,43,"Área colhida (Hectares), Quantidade Produzida (Toneladas) e Valor (Mil Reais) da Produção por Tipo de Lavoura Permanente - 2024 ri guama",20,"Tabela 43 - Área colhida (Hectares), Quantidade Produzida (Toneladas) e Valor (Mil Reais) da Produção por Tipo de Lavoura Permanente - 2024 ri guama","..\..\Desktop\tabelas-powerBI\6 Guamá\Tabela 43 - Área colhida (Hectares), Quantidade Produzida (Toneladas) e Valor (Mil Reais) da Produção por Tipo de Lavoura Permanente - 2024 ri guama.xlsx",Guamá,2229561,4054.0
Marapanim,-,-,-,-,-,-,-,-,-,20,300,609,35,350,1919,6 Guamá,43,"Área colhida (Hectares), Quantidade Produzida (Toneladas) e Valor (Mil Reais) da Produção por Tipo de Lavoura Permanente - 2024 ri guama",20,"Tabela 43 - Área colhida (Hectares), Quantidade Produzida (Toneladas) e Valor (Mil Reais) da Produção por Tipo de Lavoura Permanente - 2024 ri guama","..\..\Desktop\tabelas-powerBI\6 Guamá\Tabela 43 - Área colhida (Hectares), Quantidade Produzida (Toneladas) e Valor (Mil Reais) da Produção por Tipo de Lavoura Permanente - 2024 ri guama.xlsx",Guamá,2229561,282.0
Santa Izabel do Pará,388,238,13090,-,-,-,20,280,616,10,180,396,5,51,105,6 Guamá,43,"Área colhida (Hectares), Quantidade Produzida (Toneladas) e Valor (Mil Reais) da Produção por Tipo de Lavoura Permanente - 2024 ri guama",20,"Tabela 43 - Área colhida (Hectares), Quantidade Produzida (Toneladas) e Valor (Mil Reais) da Produção por Tipo de Lavoura Permanente - 2024 ri guama","..\..\Desktop\tabelas-powerBI\6 Guamá\Tabela 43 - Área colhida (Hectares), Quantidade Produzida (Toneladas) e Valor (Mil Reais) da Produção por Tipo de Lavoura Permanente - 2024 ri guama.xlsx",Guamá,2229561,5282.0
Santa Maria do Pará,-,-,-,-,-,-,-,-,-,-,-,-,-,-,-,6 Guamá,43,"Área colhida (Hectares), Quantidade Produzida (Toneladas) e Valor (Mil Reais) da Produção por Tipo de Lavoura Permanente - 2024 ri guama",20,"Tabela 43 - Área colhida (Hectares), Quantidade Produzida (Toneladas) e Valor (Mil Reais) da Produção por Tipo de Lavoura Permanente - 2024 ri guama","..\..\Desktop\tabelas-powerBI\6 Guamá\Tabela 43 - Área colhida (Hectares), Quantidade Produzida (Toneladas) e Valor (Mil Reais) da Produção por Tipo de Lavoura Permanente - 2024 ri guama.xlsx",Guamá,2229561,13515.0
Santo Antônio do Tauá,-,-,-,-,-,-,-,-,-,200,3000,6000,-,-,-,6 Guamá,43,"Área colhida (Hectares), Quantidade Produzida (Toneladas) e Valor (Mil Reais) da Produção por Tipo de Lavoura Permanente - 2024 ri guama",20,"Tabela 43 - Área colhida (Hectares), Quantidade Produzida (Toneladas) e Valor (Mil Reais) da Produção por Tipo de Lavoura Permanente - 2024 ri guama","..\..\Desktop\tabelas-powerBI\6 Guamá\Tabela 43 - Área colhida (Hectares), Quantidade Produzida (Toneladas) e Valor (Mil Reais) da Produção por Tipo de Lavoura Permanente - 2024 ri guama.xlsx",Guamá,2229561,22635.0
São Caetano de Odivelas,5,4,160,-,-,-,5,65,195,5,75,225,10,100,500,6 Guamá,43,"Área colhida (Hectares), Quantidade Produzida (Toneladas) e Valor (Mil Reais) da Produção por Tipo de Lavoura Permanente - 2024 ri guama",20,"Tabela 43 - Área colhida (Hectares), Quantidade Produzida (Toneladas) e Valor (Mil Reais) da Produção por Tipo de Lavoura Permanente - 2024 ri guama","..\..\Desktop\tabelas-powerBI\6 Guamá\Tabela 43 - Área colhida (Hectares), Quantidade Produzida (Toneladas) e Valor (Mil Reais) da Produção por Tipo de Lavoura Permanente - 2024 ri guama.xlsx",Guamá,2229561,5538.0
São Domingos do Capim,350,168,7412,-,-,-,45,518,1257,-,-,-,50,500,2697,6 Guamá,43,"Área colhida (Hectares), Quantidade Produzida (Toneladas) e Valor (Mil Reais) da Produção por Tipo de Lavoura Permanente - 2024 ri guama",20,"Tabela 43 - Área colhida (Hectares), Quantidade Produzida (Toneladas) e Valor (Mil Reais) da Produção por Tipo de Lavoura Permanente - 2024 ri guama","..\..\Desktop\tabelas-powerBI\6 Guamá\Tabela 43 - Área colhida (Hectares), Quantidade Produzida (Toneladas) e Valor (Mil Reais) da Produção por Tipo de Lavoura Permanente - 2024 ri guama.xlsx",Guamá,2229561,30448.0
São Francisco do Pará,-,-,-,-,-,-,100,1100,2386,-,-,-,-,-,-,6 Guamá,43,"Área colhida (Hectares), Quantidade Produzida (Toneladas) e Valor (Mil Reais) da Produção por Tipo de Lavoura Permanente - 2024 ri guama",20,"Tabela 43 - Área colhida (Hectares), Quantidade Produzida (Toneladas) e Valor (Mil Reais) da Produção por Tipo de Lavoura Permanente - 2024 ri guama","..\..\Desktop\tabelas-powerBI\6 Guamá\Tabela 43 - Área colhida (Hectares), Quantidade Produzida (Toneladas) e Valor (Mil Reais) da Produção por Tipo de Lavoura Permanente - 2024 ri guama.xlsx",Guamá,2229561,7356.0
São João da Ponta,3,2,88,-,-,-,16,264,356,3,45,96,13,130,725,6 Guamá,43,"Área colhida (Hectares), Quantidade Produzida (Toneladas) e Valor (Mil Reais) da Produção por Tipo de Lavoura Permanente - 2024 ri guama",20,"Tabela 43 - Área colhida (Hectares), Quantidade Produzida (Toneladas) e Valor (Mil Reais) da Produção por Tipo de Lavoura Permanente - 2024 ri guama","..\..\Desktop\tabelas-powerBI\6 Guamá\Tabela 43 - Área colhida (Hectares), Quantidade Produzida (Toneladas) e Valor (Mil Reais) da Produção por Tipo de Lavoura Permanente - 2024 ri guama.xlsx",Guamá,2229561,1112.0
São Miguel do Guamá,-,-,-,-,-,-,10,130,290,-,-,-,-,-,-,6 Guamá,43,"Área colhida (Hectares), Quantidade Produzida (Toneladas) e Valor (Mil Reais) da Produção por Tipo de Lavoura Permanente - 2024 ri guama",20,"Tabela 43 - Área colhida (Hectares), Quantidade Produzida (Toneladas) e Valor (Mil Reais) da Produção por Tipo de Lavoura Permanente - 2024 ri guama","..\..\Desktop\tabelas-powerBI\6 Guamá\Tabela 43 - Área colhida (Hectares), Quantidade Produzida (Toneladas) e Valor (Mil Reais) da Produção por Tipo de Lavoura Permanente - 2024 ri guama.xlsx",Guamá,2229561,8519.0
Terra Alta,-,-,-,-,-,-,5,75,191,-,-,-,-,-,-,6 Guamá,43,"Área colhida (Hectares), Quantidade Produzida (Toneladas) e Valor (Mil Reais) da Produção por Tipo de Lavoura Permanente - 2024 ri guama",20,"Tabela 43 - Área colhida (Hectares), Quantidade Produzida (Toneladas) e Valor (Mil Reais) da Produção por Tipo de Lavoura Permanente - 2024 ri guama","..\..\Desktop\tabelas-powerBI\6 Guamá\Tabela 43 - Área colhida (Hectares), Quantidade Produzida (Toneladas) e Valor (Mil Reais) da Produção por Tipo de Lavoura Permanente - 2024 ri guama.xlsx",Guamá,2229561,6657.0
Vigia,-,-,-,-,-,-,-,-,-,-,-,-,-,-,-,6 Guamá,43,"Área colhida (Hectares), Quantidade Produzida (Toneladas) e Valor (Mil Reais) da Produção por Tipo de Lavoura Permanente - 2024 ri guama",20,"Tabela 43 - Área colhida (Hectares), Quantidade Produzida (Toneladas) e Valor (Mil Reais) da Produção por Tipo de Lavoura Permanente - 2024 ri guama","..\..\Desktop\tabelas-powerBI\6 Guamá\Tabela 43 - Área colhida (Hectares), Quantidade Produzida (Toneladas) e Valor (Mil Reais) da Produção por Tipo de Lavoura Permanente - 2024 ri guama.xlsx",Guamá,2229561,
Fonte: IBGE/PAM,,,,,,,,,,,,,,,,6 Guamá,43,"Área colhida (Hectares), Quantidade Produzida (Toneladas) e Valor (Mil Reais) da Produção por Tipo de Lavoura Permanente - 2024 ri guama",20,"Tabela 43 - Área colhida (Hectares), Quantidade Produzida (Toneladas) e Valor (Mil Reais) da Produção por Tipo de Lavoura Permanente - 2024 ri guama","..\..\Desktop\tabelas-powerBI\6 Guamá\Tabela 43 - Área colhida (Hectares), Quantidade Produzida (Toneladas) e Valor (Mil Reais) da Produção por Tipo de Lavoura Permanente - 2024 ri guama.xlsx",Guamá,2229561,
Elaboração: FAPESPA,,,,,,,,,,,,,,,,6 Guamá,43,"Área colhida (Hectares), Quantidade Produzida (Toneladas) e Valor (Mil Reais) da Produção por Tipo de Lavoura Permanente - 2024 ri guama",20,"Tabela 43 - Área colhida (Hectares), Quantidade Produzida (Toneladas) e Valor (Mil Reais) da Produção por Tipo de Lavoura Permanente - 2024 ri guama","..\..\Desktop\tabelas-powerBI\6 Guamá\Tabela 43 - Área colhida (Hectares), Quantidade Produzida (Toneladas) e Valor (Mil Reais) da Produção por Tipo de Lavoura Permanente - 2024 ri guama.xlsx",Guamá,2229561,
Nota: A quantidade produzida de coco-da-baía é expressa em mil frutos ,,,,,,,,,,,,,,,,6 Guamá,43,"Área colhida (Hectares), Quantidade Produzida (Toneladas) e Valor (Mil Reais) da Produção por Tipo de Lavoura Permanente - 2024 ri guama",20,"Tabela 43 - Área colhida (Hectares), Quantidade Produzida (Toneladas) e Valor (Mil Reais) da Produção por Tipo de Lavoura Permanente - 2024 ri guama","..\..\Desktop\tabelas-powerBI\6 Guamá\Tabela 43 - Área colhida (Hectares), Quantidade Produzida (Toneladas) e Valor (Mil Reais) da Produção por Tipo de Lavoura Permanente - 2024 ri guama.xlsx",Guamá,2229561,
RI Guamá,1236,773,37638,0,0,0,307,3922,9128,433,6525,13789,503,5031,26773,6 Guamá,43,"Área colhida (Hectares), Quantidade Produzida (Toneladas) e Valor (Mil Reais) da Produção por Tipo de Lavoura Permanente - 2024 ri guama",20,"Tabela 43 - Área colhida (Hectares), Quantidade Produzida (Toneladas) e Valor (Mil Reais) da Produção por Tipo de Lavoura Permanente - 2024 ri guama","..\..\Desktop\tabelas-powerBI\6 Guamá\Tabela 43 - Área colhida (Hectares), Quantidade Produzida (Toneladas) e Valor (Mil Reais) da Produção por Tipo de Lavoura Permanente - 2024 ri guama.xlsx",Guamá,15091,454.0
Castanhal,180,144,6478,-,-,-,-,-,-,20,300,669,-,-,-,6 Guamá,43,"Área colhida (Hectares), Quantidade Produzida (Toneladas) e Valor (Mil Reais) da Produção por Tipo de Lavoura Permanente - 2024 ri guama",20,"Tabela 43 - Área colhida (Hectares), Quantidade Produzida (Toneladas) e Valor (Mil Reais) da Produção por Tipo de Lavoura Permanente - 2024 ri guama","..\..\Desktop\tabelas-powerBI\6 Guamá\Tabela 43 - Área colhida (Hectares), Quantidade Produzida (Toneladas) e Valor (Mil Reais) da Produção por Tipo de Lavoura Permanente - 2024 ri guama.xlsx",Guamá,15091,100.0
Colares,-,-,-,-,-,-,-,-,-,-,-,-,-,-,-,6 Guamá,43,"Área colhida (Hectares), Quantidade Produzida (Toneladas) e Valor (Mil Reais) da Produção por Tipo de Lavoura Permanente - 2024 ri guama",20,"Tabela 43 - Área colhida (Hectares), Quantidade Produzida (Toneladas) e Valor (Mil Reais) da Produção por Tipo de Lavoura Permanente - 2024 ri guama","..\..\Desktop\tabelas-powerBI\6 Guamá\Tabela 43 - Área colhida (Hectares), Quantidade Produzida (Toneladas) e Valor (Mil Reais) da Produção por Tipo de Lavoura Permanente - 2024 ri guama.xlsx",Guamá,15091,2.0
Curuçá,-,-,-,-,-,-,-,-,-,40,600,1321,-,-,-,6 Guamá,43,"Área colhida (Hectares), Quantidade Produzida (Toneladas) e Valor (Mil Reais) da Produção por Tipo de Lavoura Permanente - 2024 ri guama",20,"Tabela 43 - Área colhida (Hectares), Quantidade Produzida (Toneladas) e Valor (Mil Reais) da Produção por Tipo de Lavoura Permanente - 2024 ri guama","..\..\Desktop\tabelas-powerBI\6 Guamá\Tabela 43 - Área colhida (Hectares), Quantidade Produzida (Toneladas) e Valor (Mil Reais) da Produção por Tipo de Lavoura Permanente - 2024 ri guama.xlsx",Guamá,15091,10.0
Igarapé-Açu,-,-,-,-,-,-,50,650,1769,100,1500,3339,300,3000,15936,6 Guamá,43,"Área colhida (Hectares), Quantidade Produzida (Toneladas) e Valor (Mil Reais) da Produção por Tipo de Lavoura Permanente - 2024 ri guama",20,"Tabela 43 - Área colhida (Hectares), Quantidade Produzida (Toneladas) e Valor (Mil Reais) da Produção por Tipo de Lavoura Permanente - 2024 ri guama","..\..\Desktop\tabelas-powerBI\6 Guamá\Tabela 43 - Área colhida (Hectares), Quantidade Produzida (Toneladas) e Valor (Mil Reais) da Produção por Tipo de Lavoura Permanente - 2024 ri guama.xlsx",Guamá,15091,60.0
Inhangapi,310,217,10410,-,-,-,46,690,1731,10,150,335,10,100,542,6 Guamá,43,"Área colhida (Hectares), Quantidade Produzida (Toneladas) e Valor (Mil Reais) da Produção por Tipo de Lavoura Permanente - 2024 ri guama",20,"Tabela 43 - Área colhida (Hectares), Quantidade Produzida (Toneladas) e Valor (Mil Reais) da Produção por Tipo de Lavoura Permanente - 2024 ri guama","..\..\Desktop\tabelas-powerBI\6 Guamá\Tabela 43 - Área colhida (Hectares), Quantidade Produzida (Toneladas) e Valor (Mil Reais) da Produção por Tipo de Lavoura Permanente - 2024 ri guama.xlsx",Guamá,15091,8.0
Magalhães Barata,-,-,-,-,-,-,-,-,-,-,-,-,10,100,543,6 Guamá,43,"Área colhida (Hectares), Quantidade Produzida (Toneladas) e Valor (Mil Reais) da Produção por Tipo de Lavoura Permanente - 2024 ri guama",20,"Tabela 43 - Área colhida (Hectares), Quantidade Produzida (Toneladas) e Valor (Mil Reais) da Produção por Tipo de Lavoura Permanente - 2024 ri guama","..\..\Desktop\tabelas-powerBI\6 Guamá\Tabela 43 - Área colhida (Hectares), Quantidade Produzida (Toneladas) e Valor (Mil Reais) da Produção por Tipo de Lavoura Permanente - 2024 ri guama.xlsx",Guamá,15091,
Maracanã,-,-,-,-,-,-,10,150,337,25,375,799,70,700,3806,6 Guamá,43,"Área colhida (Hectares), Quantidade Produzida (Toneladas) e Valor (Mil Reais) da Produção por Tipo de Lavoura Permanente - 2024 ri guama",20,"Tabela 43 - Área colhida (Hectares), Quantidade Produzida (Toneladas) e Valor (Mil Reais) da Produção por Tipo de Lavoura Permanente - 2024 ri guama","..\..\Desktop\tabelas-powerBI\6 Guamá\Tabela 43 - Área colhida (Hectares), Quantidade Produzida (Toneladas) e Valor (Mil Reais) da Produção por Tipo de Lavoura Permanente - 2024 ri guama.xlsx",Guamá,15091,10.0
Marapanim,-,-,-,-,-,-,-,-,-,20,300,609,35,350,1919,6 Guamá,43,"Área colhida (Hectares), Quantidade Produzida (Toneladas) e Valor (Mil Reais) da Produção por Tipo de Lavoura Permanente - 2024 ri guama",20,"Tabela 43 - Área colhida (Hectares), Quantidade Produzida (Toneladas) e Valor (Mil Reais) da Produção por Tipo de Lavoura Permanente - 2024 ri guama","..\..\Desktop\tabelas-powerBI\6 Guamá\Tabela 43 - Área colhida (Hectares), Quantidade Produzida (Toneladas) e Valor (Mil Reais) da Produção por Tipo de Lavoura Permanente - 2024 ri guama.xlsx",Guamá,15091,6.0
Santa Izabel do Pará,388,238,13090,-,-,-,20,280,616,10,180,396,5,51,105,6 Guamá,43,"Área colhida (Hectares), Quantidade Produzida (Toneladas) e Valor (Mil Reais) da Produção por Tipo de Lavoura Permanente - 2024 ri guama",20,"Tabela 43 - Área colhida (Hectares), Quantidade Produzida (Toneladas) e Valor (Mil Reais) da Produção por Tipo de Lavoura Permanente - 2024 ri guama","..\..\Desktop\tabelas-powerBI\6 Guamá\Tabela 43 - Área colhida (Hectares), Quantidade Produzida (Toneladas) e Valor (Mil Reais) da Produção por Tipo de Lavoura Permanente - 2024 ri guama.xlsx",Guamá,15091,10.0
Santa Maria do Pará,-,-,-,-,-,-,-,-,-,-,-,-,-,-,-,6 Guamá,43,"Área colhida (Hectares), Quantidade Produzida (Toneladas) e Valor (Mil Reais) da Produção por Tipo de Lavoura Permanente - 2024 ri guama",20,"Tabela 43 - Área colhida (Hectares), Quantidade Produzida (Toneladas) e Valor (Mil Reais) da Produção por Tipo de Lavoura Permanente - 2024 ri guama","..\..\Desktop\tabelas-powerBI\6 Guamá\Tabela 43 - Área colhida (Hectares), Quantidade Produzida (Toneladas) e Valor (Mil Reais) da Produção por Tipo de Lavoura Permanente - 2024 ri guama.xlsx",Guamá,15091,
Santo Antônio do Tauá,-,-,-,-,-,-,-,-,-,200,3000,6000,-,-,-,6 Guamá,43,"Área colhida (Hectares), Quantidade Produzida (Toneladas) e Valor (Mil Reais) da Produção por Tipo de Lavoura Permanente - 2024 ri guama",20,"Tabela 43 - Área colhida (Hectares), Quantidade Produzida (Toneladas) e Valor (Mil Reais) da Produção por Tipo de Lavoura Permanente - 2024 ri guama","..\..\Desktop\tabelas-powerBI\6 Guamá\Tabela 43 - Área colhida (Hectares), Quantidade Produzida (Toneladas) e Valor (Mil Reais) da Produção por Tipo de Lavoura Permanente - 2024 ri guama.xlsx",Guamá,15091,60.0
São Caetano de Odivelas,5,4,160,-,-,-,5,65,195,5,75,225,10,100,500,6 Guamá,43,"Área colhida (Hectares), Quantidade Produzida (Toneladas) e Valor (Mil Reais) da Produção por Tipo de Lavoura Permanente - 2024 ri guama",20,"Tabela 43 - Área colhida (Hectares), Quantidade Produzida (Toneladas) e Valor (Mil Reais) da Produção por Tipo de Lavoura Permanente - 2024 ri guama","..\..\Desktop\tabelas-powerBI\6 Guamá\Tabela 43 - Área colhida (Hectares), Quantidade Produzida (Toneladas) e Valor (Mil Reais) da Produção por Tipo de Lavoura Permanente - 2024 ri guama.xlsx",Guamá,15091,5.0
São Domingos do Capim,350,168,7412,-,-,-,45,518,1257,-,-,-,50,500,2697,6 Guamá,43,"Área colhida (Hectares), Quantidade Produzida (Toneladas) e Valor (Mil Reais) da Produção por Tipo de Lavoura Permanente - 2024 ri guama",20,"Tabela 43 - Área colhida (Hectares), Quantidade Produzida (Toneladas) e Valor (Mil Reais) da Produção por Tipo de Lavoura Permanente - 2024 ri guama","..\..\Desktop\tabelas-powerBI\6 Guamá\Tabela 43 - Área colhida (Hectares), Quantidade Produzida (Toneladas) e Valor (Mil Reais) da Produção por Tipo de Lavoura Permanente - 2024 ri guama.xlsx",Guamá,15091,45.0
São Francisco do Pará,-,-,-,-,-,-,100,1100,2386,-,-,-,-,-,-,6 Guamá,43,"Área colhida (Hectares), Quantidade Produzida (Toneladas) e Valor (Mil Reais) da Produção por Tipo de Lavoura Permanente - 2024 ri guama",20,"Tabela 43 - Área colhida (Hectares), Quantidade Produzida (Toneladas) e Valor (Mil Reais) da Produção por Tipo de Lavoura Permanente - 2024 ri guama","..\..\Desktop\tabelas-powerBI\6 Guamá\Tabela 43 - Área colhida (Hectares), Quantidade Produzida (Toneladas) e Valor (Mil Reais) da Produção por Tipo de Lavoura Permanente - 2024 ri guama.xlsx",Guamá,15091,40.0
São João da Ponta,3,2,88,-,-,-,16,264,356,3,45,96,13,130,725,6 Guamá,43,"Área colhida (Hectares), Quantidade Produzida (Toneladas) e Valor (Mil Reais) da Produção por Tipo de Lavoura Permanente - 2024 ri guama",20,"Tabela 43 - Área colhida (Hectares), Quantidade Produzida (Toneladas) e Valor (Mil Reais) da Produção por Tipo de Lavoura Permanente - 2024 ri guama","..\..\Desktop\tabelas-powerBI\6 Guamá\Tabela 43 - Área colhida (Hectares), Quantidade Produzida (Toneladas) e Valor (Mil Reais) da Produção por Tipo de Lavoura Permanente - 2024 ri guama.xlsx",Guamá,15091,
São Miguel do Guamá,-,-,-,-,-,-,10,130,290,-,-,-,-,-,-,6 Guamá,43,"Área colhida (Hectares), Quantidade Produzida (Toneladas) e Valor (Mil Reais) da Produção por Tipo de Lavoura Permanente - 2024 ri guama",20,"Tabela 43 - Área colhida (Hectares), Quantidade Produzida (Toneladas) e Valor (Mil Reais) da Produção por Tipo de Lavoura Permanente - 2024 ri guama","..\..\Desktop\tabelas-powerBI\6 Guamá\Tabela 43 - Área colhida (Hectares), Quantidade Produzida (Toneladas) e Valor (Mil Reais) da Produção por Tipo de Lavoura Permanente - 2024 ri guama.xlsx",Guamá,15091,40.0
Terra Alta,-,-,-,-,-,-,5,75,191,-,-,-,-,-,-,6 Guamá,43,"Área colhida (Hectares), Quantidade Produzida (Toneladas) e Valor (Mil Reais) da Produção por Tipo de Lavoura Permanente - 2024 ri guama",20,"Tabela 43 - Área colhida (Hectares), Quantidade Produzida (Toneladas) e Valor (Mil Reais) da Produção por Tipo de Lavoura Permanente - 2024 ri guama","..\..\Desktop\tabelas-powerBI\6 Guamá\Tabela 43 - Área colhida (Hectares), Quantidade Produzida (Toneladas) e Valor (Mil Reais) da Produção por Tipo de Lavoura Permanente - 2024 ri guama.xlsx",Guamá,15091,8.0
Vigia,-,-,-,-,-,-,-,-,-,-,-,-,-,-,-,6 Guamá,43,"Área colhida (Hectares), Quantidade Produzida (Toneladas) e Valor (Mil Reais) da Produção por Tipo de Lavoura Permanente - 2024 ri guama",20,"Tabela 43 - Área colhida (Hectares), Quantidade Produzida (Toneladas) e Valor (Mil Reais) da Produção por Tipo de Lavoura Permanente - 2024 ri guama","..\..\Desktop\tabelas-powerBI\6 Guamá\Tabela 43 - Área colhida (Hectares), Quantidade Produzida (Toneladas) e Valor (Mil Reais) da Produção por Tipo de Lavoura Permanente - 2024 ri guama.xlsx",Guamá,15091,50.0
Fonte: IBGE/PAM,,,,,,,,,,,,,,,,6 Guamá,43,"Área colhida (Hectares), Quantidade Produzida (Toneladas) e Valor (Mil Reais) da Produção por Tipo de Lavoura Permanente - 2024 ri guama",20,"Tabela 43 - Área colhida (Hectares), Quantidade Produzida (Toneladas) e Valor (Mil Reais) da Produção por Tipo de Lavoura Permanente - 2024 ri guama","..\..\Desktop\tabelas-powerBI\6 Guamá\Tabela 43 - Área colhida (Hectares), Quantidade Produzida (Toneladas) e Valor (Mil Reais) da Produção por Tipo de Lavoura Permanente - 2024 ri guama.xlsx",Guamá,15091,
Elaboração: FAPESPA,,,,,,,,,,,,,,,,6 Guamá,43,"Área colhida (Hectares), Quantidade Produzida (Toneladas) e Valor (Mil Reais) da Produção por Tipo de Lavoura Permanente - 2024 ri guama",20,"Tabela 43 - Área colhida (Hectares), Quantidade Produzida (Toneladas) e Valor (Mil Reais) da Produção por Tipo de Lavoura Permanente - 2024 ri guama","..\..\Desktop\tabelas-powerBI\6 Guamá\Tabela 43 - Área colhida (Hectares), Quantidade Produzida (Toneladas) e Valor (Mil Reais) da Produção por Tipo de Lavoura Permanente - 2024 ri guama.xlsx",Guamá,15091,
Nota: A quantidade produzida de coco-da-baía é expressa em mil frutos ,,,,,,,,,,,,,,,,6 Guamá,43,"Área colhida (Hectares), Quantidade Produzida (Toneladas) e Valor (Mil Reais) da Produção por Tipo de Lavoura Permanente - 2024 ri guama",20,"Tabela 43 - Área colhida (Hectares), Quantidade Produzida (Toneladas) e Valor (Mil Reais) da Produção por Tipo de Lavoura Permanente - 2024 ri guama","..\..\Desktop\tabelas-powerBI\6 Guamá\Tabela 43 - Área colhida (Hectares), Quantidade Produzida (Toneladas) e Valor (Mil Reais) da Produção por Tipo de Lavoura Permanente - 2024 ri guama.xlsx",Guamá,15091,
RI Guamá,1236,773,37638,0,0,0,307,3922,9128,433,6525,13789,503,5031,26773,6 Guamá,43,"Área colhida (Hectares), Quantidade Produzida (Toneladas) e Valor (Mil Reais) da Produção por Tipo de Lavoura Permanente - 2024 ri guama",20,"Tabela 43 - Área colhida (Hectares), Quantidade Produzida (Toneladas) e Valor (Mil Reais) da Produção por Tipo de Lavoura Permanente - 2024 ri guama","..\..\Desktop\tabelas-powerBI\6 Guamá\Tabela 43 - Área colhida (Hectares), Quantidade Produzida (Toneladas) e Valor (Mil Reais) da Produção por Tipo de Lavoura Permanente - 2024 ri guama.xlsx",Guamá,261114,5386.0
Castanhal,180,144,6478,-,-,-,-,-,-,20,300,669,-,-,-,6 Guamá,43,"Área colhida (Hectares), Quantidade Produzida (Toneladas) e Valor (Mil Reais) da Produção por Tipo de Lavoura Permanente - 2024 ri guama",20,"Tabela 43 - Área colhida (Hectares), Quantidade Produzida (Toneladas) e Valor (Mil Reais) da Produção por Tipo de Lavoura Permanente - 2024 ri guama","..\..\Desktop\tabelas-powerBI\6 Guamá\Tabela 43 - Área colhida (Hectares), Quantidade Produzida (Toneladas) e Valor (Mil Reais) da Produção por Tipo de Lavoura Permanente - 2024 ri guama.xlsx",Guamá,261114,1500.0
Colares,-,-,-,-,-,-,-,-,-,-,-,-,-,-,-,6 Guamá,43,"Área colhida (Hectares), Quantidade Produzida (Toneladas) e Valor (Mil Reais) da Produção por Tipo de Lavoura Permanente - 2024 ri guama",20,"Tabela 43 - Área colhida (Hectares), Quantidade Produzida (Toneladas) e Valor (Mil Reais) da Produção por Tipo de Lavoura Permanente - 2024 ri guama","..\..\Desktop\tabelas-powerBI\6 Guamá\Tabela 43 - Área colhida (Hectares), Quantidade Produzida (Toneladas) e Valor (Mil Reais) da Produção por Tipo de Lavoura Permanente - 2024 ri guama.xlsx",Guamá,261114,12.0
Curuçá,-,-,-,-,-,-,-,-,-,40,600,1321,-,-,-,6 Guamá,43,"Área colhida (Hectares), Quantidade Produzida (Toneladas) e Valor (Mil Reais) da Produção por Tipo de Lavoura Permanente - 2024 ri guama",20,"Tabela 43 - Área colhida (Hectares), Quantidade Produzida (Toneladas) e Valor (Mil Reais) da Produção por Tipo de Lavoura Permanente - 2024 ri guama","..\..\Desktop\tabelas-powerBI\6 Guamá\Tabela 43 - Área colhida (Hectares), Quantidade Produzida (Toneladas) e Valor (Mil Reais) da Produção por Tipo de Lavoura Permanente - 2024 ri guama.xlsx",Guamá,261114,93.0
Igarapé-Açu,-,-,-,-,-,-,50,650,1769,100,1500,3339,300,3000,15936,6 Guamá,43,"Área colhida (Hectares), Quantidade Produzida (Toneladas) e Valor (Mil Reais) da Produção por Tipo de Lavoura Permanente - 2024 ri guama",20,"Tabela 43 - Área colhida (Hectares), Quantidade Produzida (Toneladas) e Valor (Mil Reais) da Produção por Tipo de Lavoura Permanente - 2024 ri guama","..\..\Desktop\tabelas-powerBI\6 Guamá\Tabela 43 - Área colhida (Hectares), Quantidade Produzida (Toneladas) e Valor (Mil Reais) da Produção por Tipo de Lavoura Permanente - 2024 ri guama.xlsx",Guamá,261114,853.0
Inhangapi,310,217,10410,-,-,-,46,690,1731,10,150,335,10,100,542,6 Guamá,43,"Área colhida (Hectares), Quantidade Produzida (Toneladas) e Valor (Mil Reais) da Produção por Tipo de Lavoura Permanente - 2024 ri guama",20,"Tabela 43 - Área colhida (Hectares), Quantidade Produzida (Toneladas) e Valor (Mil Reais) da Produção por Tipo de Lavoura Permanente - 2024 ri guama","..\..\Desktop\tabelas-powerBI\6 Guamá\Tabela 43 - Área colhida (Hectares), Quantidade Produzida (Toneladas) e Valor (Mil Reais) da Produção por Tipo de Lavoura Permanente - 2024 ri guama.xlsx",Guamá,261114,160.0
Magalhães Barata,-,-,-,-,-,-,-,-,-,-,-,-,10,100,543,6 Guamá,43,"Área colhida (Hectares), Quantidade Produzida (Toneladas) e Valor (Mil Reais) da Produção por Tipo de Lavoura Permanente - 2024 ri guama",20,"Tabela 43 - Área colhida (Hectares), Quantidade Produzida (Toneladas) e Valor (Mil Reais) da Produção por Tipo de Lavoura Permanente - 2024 ri guama","..\..\Desktop\tabelas-powerBI\6 Guamá\Tabela 43 - Área colhida (Hectares), Quantidade Produzida (Toneladas) e Valor (Mil Reais) da Produção por Tipo de Lavoura Permanente - 2024 ri guama.xlsx",Guamá,261114,
Maracanã,-,-,-,-,-,-,10,150,337,25,375,799,70,700,3806,6 Guamá,43,"Área colhida (Hectares), Quantidade Produzida (Toneladas) e Valor (Mil Reais) da Produção por Tipo de Lavoura Permanente - 2024 ri guama",20,"Tabela 43 - Área colhida (Hectares), Quantidade Produzida (Toneladas) e Valor (Mil Reais) da Produção por Tipo de Lavoura Permanente - 2024 ri guama","..\..\Desktop\tabelas-powerBI\6 Guamá\Tabela 43 - Área colhida (Hectares), Quantidade Produzida (Toneladas) e Valor (Mil Reais) da Produção por Tipo de Lavoura Permanente - 2024 ri guama.xlsx",Guamá,261114,133.0
Marapanim,-,-,-,-,-,-,-,-,-,20,300,609,35,350,1919,6 Guamá,43,"Área colhida (Hectares), Quantidade Produzida (Toneladas) e Valor (Mil Reais) da Produção por Tipo de Lavoura Permanente - 2024 ri guama",20,"Tabela 43 - Área colhida (Hectares), Quantidade Produzida (Toneladas) e Valor (Mil Reais) da Produção por Tipo de Lavoura Permanente - 2024 ri guama","..\..\Desktop\tabelas-powerBI\6 Guamá\Tabela 43 - Área colhida (Hectares), Quantidade Produzida (Toneladas) e Valor (Mil Reais) da Produção por Tipo de Lavoura Permanente - 2024 ri guama.xlsx",Guamá,261114,48.0
Santa Izabel do Pará,388,238,13090,-,-,-,20,280,616,10,180,396,5,51,105,6 Guamá,43,"Área colhida (Hectares), Quantidade Produzida (Toneladas) e Valor (Mil Reais) da Produção por Tipo de Lavoura Permanente - 2024 ri guama",20,"Tabela 43 - Área colhida (Hectares), Quantidade Produzida (Toneladas) e Valor (Mil Reais) da Produção por Tipo de Lavoura Permanente - 2024 ri guama","..\..\Desktop\tabelas-powerBI\6 Guamá\Tabela 43 - Área colhida (Hectares), Quantidade Produzida (Toneladas) e Valor (Mil Reais) da Produção por Tipo de Lavoura Permanente - 2024 ri guama.xlsx",Guamá,261114,120.0
Santa Maria do Pará,-,-,-,-,-,-,-,-,-,-,-,-,-,-,-,6 Guamá,43,"Área colhida (Hectares), Quantidade Produzida (Toneladas) e Valor (Mil Reais) da Produção por Tipo de Lavoura Permanente - 2024 ri guama",20,"Tabela 43 - Área colhida (Hectares), Quantidade Produzida (Toneladas) e Valor (Mil Reais) da Produção por Tipo de Lavoura Permanente - 2024 ri guama","..\..\Desktop\tabelas-powerBI\6 Guamá\Tabela 43 - Área colhida (Hectares), Quantidade Produzida (Toneladas) e Valor (Mil Reais) da Produção por Tipo de Lavoura Permanente - 2024 ri guama.xlsx",Guamá,261114,
Santo Antônio do Tauá,-,-,-,-,-,-,-,-,-,200,3000,6000,-,-,-,6 Guamá,43,"Área colhida (Hectares), Quantidade Produzida (Toneladas) e Valor (Mil Reais) da Produção por Tipo de Lavoura Permanente - 2024 ri guama",20,"Tabela 43 - Área colhida (Hectares), Quantidade Produzida (Toneladas) e Valor (Mil Reais) da Produção por Tipo de Lavoura Permanente - 2024 ri guama","..\..\Desktop\tabelas-powerBI\6 Guamá\Tabela 43 - Área colhida (Hectares), Quantidade Produzida (Toneladas) e Valor (Mil Reais) da Produção por Tipo de Lavoura Permanente - 2024 ri guama.xlsx",Guamá,261114,360.0
São Caetano de Odivelas,5,4,160,-,-,-,5,65,195,5,75,225,10,100,500,6 Guamá,43,"Área colhida (Hectares), Quantidade Produzida (Toneladas) e Valor (Mil Reais) da Produção por Tipo de Lavoura Permanente - 2024 ri guama",20,"Tabela 43 - Área colhida (Hectares), Quantidade Produzida (Toneladas) e Valor (Mil Reais) da Produção por Tipo de Lavoura Permanente - 2024 ri guama","..\..\Desktop\tabelas-powerBI\6 Guamá\Tabela 43 - Área colhida (Hectares), Quantidade Produzida (Toneladas) e Valor (Mil Reais) da Produção por Tipo de Lavoura Permanente - 2024 ri guama.xlsx",Guamá,261114,75.0
São Domingos do Capim,350,168,7412,-,-,-,45,518,1257,-,-,-,50,500,2697,6 Guamá,43,"Área colhida (Hectares), Quantidade Produzida (Toneladas) e Valor (Mil Reais) da Produção por Tipo de Lavoura Permanente - 2024 ri guama",20,"Tabela 43 - Área colhida (Hectares), Quantidade Produzida (Toneladas) e Valor (Mil Reais) da Produção por Tipo de Lavoura Permanente - 2024 ri guama","..\..\Desktop\tabelas-powerBI\6 Guamá\Tabela 43 - Área colhida (Hectares), Quantidade Produzida (Toneladas) e Valor (Mil Reais) da Produção por Tipo de Lavoura Permanente - 2024 ri guama.xlsx",Guamá,261114,360.0
São Francisco do Pará,-,-,-,-,-,-,100,1100,2386,-,-,-,-,-,-,6 Guamá,43,"Área colhida (Hectares), Quantidade Produzida (Toneladas) e Valor (Mil Reais) da Produção por Tipo de Lavoura Permanente - 2024 ri guama",20,"Tabela 43 - Área colhida (Hectares), Quantidade Produzida (Toneladas) e Valor (Mil Reais) da Produção por Tipo de Lavoura Permanente - 2024 ri guama","..\..\Desktop\tabelas-powerBI\6 Guamá\Tabela 43 - Área colhida (Hectares), Quantidade Produzida (Toneladas) e Valor (Mil Reais) da Produção por Tipo de Lavoura Permanente - 2024 ri guama.xlsx",Guamá,261114,720.0
São João da Ponta,3,2,88,-,-,-,16,264,356,3,45,96,13,130,725,6 Guamá,43,"Área colhida (Hectares), Quantidade Produzida (Toneladas) e Valor (Mil Reais) da Produção por Tipo de Lavoura Permanente - 2024 ri guama",20,"Tabela 43 - Área colhida (Hectares), Quantidade Produzida (Toneladas) e Valor (Mil Reais) da Produção por Tipo de Lavoura Permanente - 2024 ri guama","..\..\Desktop\tabelas-powerBI\6 Guamá\Tabela 43 - Área colhida (Hectares), Quantidade Produzida (Toneladas) e Valor (Mil Reais) da Produção por Tipo de Lavoura Permanente - 2024 ri guama.xlsx",Guamá,261114,
São Miguel do Guamá,-,-,-,-,-,-,10,130,290,-,-,-,-,-,-,6 Guamá,43,"Área colhida (Hectares), Quantidade Produzida (Toneladas) e Valor (Mil Reais) da Produção por Tipo de Lavoura Permanente - 2024 ri guama",20,"Tabela 43 - Área colhida (Hectares), Quantidade Produzida (Toneladas) e Valor (Mil Reais) da Produção por Tipo de Lavoura Permanente - 2024 ri guama","..\..\Desktop\tabelas-powerBI\6 Guamá\Tabela 43 - Área colhida (Hectares), Quantidade Produzida (Toneladas) e Valor (Mil Reais) da Produção por Tipo de Lavoura Permanente - 2024 ri guama.xlsx",Guamá,261114,482.0
Terra Alta,-,-,-,-,-,-,5,75,191,-,-,-,-,-,-,6 Guamá,43,"Área colhida (Hectares), Quantidade Produzida (Toneladas) e Valor (Mil Reais) da Produção por Tipo de Lavoura Permanente - 2024 ri guama",20,"Tabela 43 - Área colhida (Hectares), Quantidade Produzida (Toneladas) e Valor (Mil Reais) da Produção por Tipo de Lavoura Permanente - 2024 ri guama","..\..\Desktop\tabelas-powerBI\6 Guamá\Tabela 43 - Área colhida (Hectares), Quantidade Produzida (Toneladas) e Valor (Mil Reais) da Produção por Tipo de Lavoura Permanente - 2024 ri guama.xlsx",Guamá,261114,120.0
Vigia,-,-,-,-,-,-,-,-,-,-,-,-,-,-,-,6 Guamá,43,"Área colhida (Hectares), Quantidade Produzida (Toneladas) e Valor (Mil Reais) da Produção por Tipo de Lavoura Permanente - 2024 ri guama",20,"Tabela 43 - Área colhida (Hectares), Quantidade Produzida (Toneladas) e Valor (Mil Reais) da Produção por Tipo de Lavoura Permanente - 2024 ri guama","..\..\Desktop\tabelas-powerBI\6 Guamá\Tabela 43 - Área colhida (Hectares), Quantidade Produzida (Toneladas) e Valor (Mil Reais) da Produção por Tipo de Lavoura Permanente - 2024 ri guama.xlsx",Guamá,261114,350.0
Fonte: IBGE/PAM,,,,,,,,,,,,,,,,6 Guamá,43,"Área colhida (Hectares), Quantidade Produzida (Toneladas) e Valor (Mil Reais) da Produção por Tipo de Lavoura Permanente - 2024 ri guama",20,"Tabela 43 - Área colhida (Hectares), Quantidade Produzida (Toneladas) e Valor (Mil Reais) da Produção por Tipo de Lavoura Permanente - 2024 ri guama","..\..\Desktop\tabelas-powerBI\6 Guamá\Tabela 43 - Área colhida (Hectares), Quantidade Produzida (Toneladas) e Valor (Mil Reais) da Produção por Tipo de Lavoura Permanente - 2024 ri guama.xlsx",Guamá,261114,
Elaboração: FAPESPA,,,,,,,,,,,,,,,,6 Guamá,43,"Área colhida (Hectares), Quantidade Produzida (Toneladas) e Valor (Mil Reais) da Produção por Tipo de Lavoura Permanente - 2024 ri guama",20,"Tabela 43 - Área colhida (Hectares), Quantidade Produzida (Toneladas) e Valor (Mil Reais) da Produção por Tipo de Lavoura Permanente - 2024 ri guama","..\..\Desktop\tabelas-powerBI\6 Guamá\Tabela 43 - Área colhida (Hectares), Quantidade Produzida (Toneladas) e Valor (Mil Reais) da Produção por Tipo de Lavoura Permanente - 2024 ri guama.xlsx",Guamá,261114,
Nota: A quantidade produzida de coco-da-baía é expressa em mil frutos ,,,,,,,,,,,,,,,,6 Guamá,43,"Área colhida (Hectares), Quantidade Produzida (Toneladas) e Valor (Mil Reais) da Produção por Tipo de Lavoura Permanente - 2024 ri guama",20,"Tabela 43 - Área colhida (Hectares), Quantidade Produzida (Toneladas) e Valor (Mil Reais) da Produção por Tipo de Lavoura Permanente - 2024 ri guama","..\..\Desktop\tabelas-powerBI\6 Guamá\Tabela 43 - Área colhida (Hectares), Quantidade Produzida (Toneladas) e Valor (Mil Reais) da Produção por Tipo de Lavoura Permanente - 2024 ri guama.xlsx",Guamá,261114,
RI Guamá,1236,773,37638,0,0,0,307,3922,9128,433,6525,13789,503,5031,26773,6 Guamá,43,"Área colhida (Hectares), Quantidade Produzida (Toneladas) e Valor (Mil Reais) da Produção por Tipo de Lavoura Permanente - 2024 ri guama",20,"Tabela 43 - Área colhida (Hectares), Quantidade Produzida (Toneladas) e Valor (Mil Reais) da Produção por Tipo de Lavoura Permanente - 2024 ri guama","..\..\Desktop\tabelas-powerBI\6 Guamá\Tabela 43 - Área colhida (Hectares), Quantidade Produzida (Toneladas) e Valor (Mil Reais) da Produção por Tipo de Lavoura Permanente - 2024 ri guama.xlsx",Guamá,426150,8104.0
Castanhal,180,144,6478,-,-,-,-,-,-,20,300,669,-,-,-,6 Guamá,43,"Área colhida (Hectares), Quantidade Produzida (Toneladas) e Valor (Mil Reais) da Produção por Tipo de Lavoura Permanente - 2024 ri guama",20,"Tabela 43 - Área colhida (Hectares), Quantidade Produzida (Toneladas) e Valor (Mil Reais) da Produção por Tipo de Lavoura Permanente - 2024 ri guama","..\..\Desktop\tabelas-powerBI\6 Guamá\Tabela 43 - Área colhida (Hectares), Quantidade Produzida (Toneladas) e Valor (Mil Reais) da Produção por Tipo de Lavoura Permanente - 2024 ri guama.xlsx",Guamá,426150,2330.0
Colares,-,-,-,-,-,-,-,-,-,-,-,-,-,-,-,6 Guamá,43,"Área colhida (Hectares), Quantidade Produzida (Toneladas) e Valor (Mil Reais) da Produção por Tipo de Lavoura Permanente - 2024 ri guama",20,"Tabela 43 - Área colhida (Hectares), Quantidade Produzida (Toneladas) e Valor (Mil Reais) da Produção por Tipo de Lavoura Permanente - 2024 ri guama","..\..\Desktop\tabelas-powerBI\6 Guamá\Tabela 43 - Área colhida (Hectares), Quantidade Produzida (Toneladas) e Valor (Mil Reais) da Produção por Tipo de Lavoura Permanente - 2024 ri guama.xlsx",Guamá,426150,12.0
Curuçá,-,-,-,-,-,-,-,-,-,40,600,1321,-,-,-,6 Guamá,43,"Área colhida (Hectares), Quantidade Produzida (Toneladas) e Valor (Mil Reais) da Produção por Tipo de Lavoura Permanente - 2024 ri guama",20,"Tabela 43 - Área colhida (Hectares), Quantidade Produzida (Toneladas) e Valor (Mil Reais) da Produção por Tipo de Lavoura Permanente - 2024 ri guama","..\..\Desktop\tabelas-powerBI\6 Guamá\Tabela 43 - Área colhida (Hectares), Quantidade Produzida (Toneladas) e Valor (Mil Reais) da Produção por Tipo de Lavoura Permanente - 2024 ri guama.xlsx",Guamá,426150,137.0
Igarapé-Açu,-,-,-,-,-,-,50,650,1769,100,1500,3339,300,3000,15936,6 Guamá,43,"Área colhida (Hectares), Quantidade Produzida (Toneladas) e Valor (Mil Reais) da Produção por Tipo de Lavoura Permanente - 2024 ri guama",20,"Tabela 43 - Área colhida (Hectares), Quantidade Produzida (Toneladas) e Valor (Mil Reais) da Produção por Tipo de Lavoura Permanente - 2024 ri guama","..\..\Desktop\tabelas-powerBI\6 Guamá\Tabela 43 - Área colhida (Hectares), Quantidade Produzida (Toneladas) e Valor (Mil Reais) da Produção por Tipo de Lavoura Permanente - 2024 ri guama.xlsx",Guamá,426150,1283.0
Inhangapi,310,217,10410,-,-,-,46,690,1731,10,150,335,10,100,542,6 Guamá,43,"Área colhida (Hectares), Quantidade Produzida (Toneladas) e Valor (Mil Reais) da Produção por Tipo de Lavoura Permanente - 2024 ri guama",20,"Tabela 43 - Área colhida (Hectares), Quantidade Produzida (Toneladas) e Valor (Mil Reais) da Produção por Tipo de Lavoura Permanente - 2024 ri guama","..\..\Desktop\tabelas-powerBI\6 Guamá\Tabela 43 - Área colhida (Hectares), Quantidade Produzida (Toneladas) e Valor (Mil Reais) da Produção por Tipo de Lavoura Permanente - 2024 ri guama.xlsx",Guamá,426150,242.0
Magalhães Barata,-,-,-,-,-,-,-,-,-,-,-,-,10,100,543,6 Guamá,43,"Área colhida (Hectares), Quantidade Produzida (Toneladas) e Valor (Mil Reais) da Produção por Tipo de Lavoura Permanente - 2024 ri guama",20,"Tabela 43 - Área colhida (Hectares), Quantidade Produzida (Toneladas) e Valor (Mil Reais) da Produção por Tipo de Lavoura Permanente - 2024 ri guama","..\..\Desktop\tabelas-powerBI\6 Guamá\Tabela 43 - Área colhida (Hectares), Quantidade Produzida (Toneladas) e Valor (Mil Reais) da Produção por Tipo de Lavoura Permanente - 2024 ri guama.xlsx",Guamá,426150,
Maracanã,-,-,-,-,-,-,10,150,337,25,375,799,70,700,3806,6 Guamá,43,"Área colhida (Hectares), Quantidade Produzida (Toneladas) e Valor (Mil Reais) da Produção por Tipo de Lavoura Permanente - 2024 ri guama",20,"Tabela 43 - Área colhida (Hectares), Quantidade Produzida (Toneladas) e Valor (Mil Reais) da Produção por Tipo de Lavoura Permanente - 2024 ri guama","..\..\Desktop\tabelas-powerBI\6 Guamá\Tabela 43 - Área colhida (Hectares), Quantidade Produzida (Toneladas) e Valor (Mil Reais) da Produção por Tipo de Lavoura Permanente - 2024 ri guama.xlsx",Guamá,426150,202.0
Marapanim,-,-,-,-,-,-,-,-,-,20,300,609,35,350,1919,6 Guamá,43,"Área colhida (Hectares), Quantidade Produzida (Toneladas) e Valor (Mil Reais) da Produção por Tipo de Lavoura Permanente - 2024 ri guama",20,"Tabela 43 - Área colhida (Hectares), Quantidade Produzida (Toneladas) e Valor (Mil Reais) da Produção por Tipo de Lavoura Permanente - 2024 ri guama","..\..\Desktop\tabelas-powerBI\6 Guamá\Tabela 43 - Área colhida (Hectares), Quantidade Produzida (Toneladas) e Valor (Mil Reais) da Produção por Tipo de Lavoura Permanente - 2024 ri guama.xlsx",Guamá,426150,72.0
Santa Izabel do Pará,388,238,13090,-,-,-,20,280,616,10,180,396,5,51,105,6 Guamá,43,"Área colhida (Hectares), Quantidade Produzida (Toneladas) e Valor (Mil Reais) da Produção por Tipo de Lavoura Permanente - 2024 ri guama",20,"Tabela 43 - Área colhida (Hectares), Quantidade Produzida (Toneladas) e Valor (Mil Reais) da Produção por Tipo de Lavoura Permanente - 2024 ri guama","..\..\Desktop\tabelas-powerBI\6 Guamá\Tabela 43 - Área colhida (Hectares), Quantidade Produzida (Toneladas) e Valor (Mil Reais) da Produção por Tipo de Lavoura Permanente - 2024 ri guama.xlsx",Guamá,426150,159.0
Santa Maria do Pará,-,-,-,-,-,-,-,-,-,-,-,-,-,-,-,6 Guamá,43,"Área colhida (Hectares), Quantidade Produzida (Toneladas) e Valor (Mil Reais) da Produção por Tipo de Lavoura Permanente - 2024 ri guama",20,"Tabela 43 - Área colhida (Hectares), Quantidade Produzida (Toneladas) e Valor (Mil Reais) da Produção por Tipo de Lavoura Permanente - 2024 ri guama","..\..\Desktop\tabelas-powerBI\6 Guamá\Tabela 43 - Área colhida (Hectares), Quantidade Produzida (Toneladas) e Valor (Mil Reais) da Produção por Tipo de Lavoura Permanente - 2024 ri guama.xlsx",Guamá,426150,
Santo Antônio do Tauá,-,-,-,-,-,-,-,-,-,200,3000,6000,-,-,-,6 Guamá,43,"Área colhida (Hectares), Quantidade Produzida (Toneladas) e Valor (Mil Reais) da Produção por Tipo de Lavoura Permanente - 2024 ri guama",20,"Tabela 43 - Área colhida (Hectares), Quantidade Produzida (Toneladas) e Valor (Mil Reais) da Produção por Tipo de Lavoura Permanente - 2024 ri guama","..\..\Desktop\tabelas-powerBI\6 Guamá\Tabela 43 - Área colhida (Hectares), Quantidade Produzida (Toneladas) e Valor (Mil Reais) da Produção por Tipo de Lavoura Permanente - 2024 ri guama.xlsx",Guamá,426150,432.0
São Caetano de Odivelas,5,4,160,-,-,-,5,65,195,5,75,225,10,100,500,6 Guamá,43,"Área colhida (Hectares), Quantidade Produzida (Toneladas) e Valor (Mil Reais) da Produção por Tipo de Lavoura Permanente - 2024 ri guama",20,"Tabela 43 - Área colhida (Hectares), Quantidade Produzida (Toneladas) e Valor (Mil Reais) da Produção por Tipo de Lavoura Permanente - 2024 ri guama","..\..\Desktop\tabelas-powerBI\6 Guamá\Tabela 43 - Área colhida (Hectares), Quantidade Produzida (Toneladas) e Valor (Mil Reais) da Produção por Tipo de Lavoura Permanente - 2024 ri guama.xlsx",Guamá,426150,225.0
São Domingos do Capim,350,168,7412,-,-,-,45,518,1257,-,-,-,50,500,2697,6 Guamá,43,"Área colhida (Hectares), Quantidade Produzida (Toneladas) e Valor (Mil Reais) da Produção por Tipo de Lavoura Permanente - 2024 ri guama",20,"Tabela 43 - Área colhida (Hectares), Quantidade Produzida (Toneladas) e Valor (Mil Reais) da Produção por Tipo de Lavoura Permanente - 2024 ri guama","..\..\Desktop\tabelas-powerBI\6 Guamá\Tabela 43 - Área colhida (Hectares), Quantidade Produzida (Toneladas) e Valor (Mil Reais) da Produção por Tipo de Lavoura Permanente - 2024 ri guama.xlsx",Guamá,426150,538.0
São Francisco do Pará,-,-,-,-,-,-,100,1100,2386,-,-,-,-,-,-,6 Guamá,43,"Área colhida (Hectares), Quantidade Produzida (Toneladas) e Valor (Mil Reais) da Produção por Tipo de Lavoura Permanente - 2024 ri guama",20,"Tabela 43 - Área colhida (Hectares), Quantidade Produzida (Toneladas) e Valor (Mil Reais) da Produção por Tipo de Lavoura Permanente - 2024 ri guama","..\..\Desktop\tabelas-powerBI\6 Guamá\Tabela 43 - Área colhida (Hectares), Quantidade Produzida (Toneladas) e Valor (Mil Reais) da Produção por Tipo de Lavoura Permanente - 2024 ri guama.xlsx",Guamá,426150,1082.0
São João da Ponta,3,2,88,-,-,-,16,264,356,3,45,96,13,130,725,6 Guamá,43,"Área colhida (Hectares), Quantidade Produzida (Toneladas) e Valor (Mil Reais) da Produção por Tipo de Lavoura Permanente - 2024 ri guama",20,"Tabela 43 - Área colhida (Hectares), Quantidade Produzida (Toneladas) e Valor (Mil Reais) da Produção por Tipo de Lavoura Permanente - 2024 ri guama","..\..\Desktop\tabelas-powerBI\6 Guamá\Tabela 43 - Área colhida (Hectares), Quantidade Produzida (Toneladas) e Valor (Mil Reais) da Produção por Tipo de Lavoura Permanente - 2024 ri guama.xlsx",Guamá,426150,
São Miguel do Guamá,-,-,-,-,-,-,10,130,290,-,-,-,-,-,-,6 Guamá,43,"Área colhida (Hectares), Quantidade Produzida (Toneladas) e Valor (Mil Reais) da Produção por Tipo de Lavoura Permanente - 2024 ri guama",20,"Tabela 43 - Área colhida (Hectares), Quantidade Produzida (Toneladas) e Valor (Mil Reais) da Produção por Tipo de Lavoura Permanente - 2024 ri guama","..\..\Desktop\tabelas-powerBI\6 Guamá\Tabela 43 - Área colhida (Hectares), Quantidade Produzida (Toneladas) e Valor (Mil Reais) da Produção por Tipo de Lavoura Permanente - 2024 ri guama.xlsx",Guamá,426150,686.0
Terra Alta,-,-,-,-,-,-,5,75,191,-,-,-,-,-,-,6 Guamá,43,"Área colhida (Hectares), Quantidade Produzida (Toneladas) e Valor (Mil Reais) da Produção por Tipo de Lavoura Permanente - 2024 ri guama",20,"Tabela 43 - Área colhida (Hectares), Quantidade Produzida (Toneladas) e Valor (Mil Reais) da Produção por Tipo de Lavoura Permanente - 2024 ri guama","..\..\Desktop\tabelas-powerBI\6 Guamá\Tabela 43 - Área colhida (Hectares), Quantidade Produzida (Toneladas) e Valor (Mil Reais) da Produção por Tipo de Lavoura Permanente - 2024 ri guama.xlsx",Guamá,426150,179.0
Vigia,-,-,-,-,-,-,-,-,-,-,-,-,-,-,-,6 Guamá,43,"Área colhida (Hectares), Quantidade Produzida (Toneladas) e Valor (Mil Reais) da Produção por Tipo de Lavoura Permanente - 2024 ri guama",20,"Tabela 43 - Área colhida (Hectares), Quantidade Produzida (Toneladas) e Valor (Mil Reais) da Produção por Tipo de Lavoura Permanente - 2024 ri guama","..\..\Desktop\tabelas-powerBI\6 Guamá\Tabela 43 - Área colhida (Hectares), Quantidade Produzida (Toneladas) e Valor (Mil Reais) da Produção por Tipo de Lavoura Permanente - 2024 ri guama.xlsx",Guamá,426150,525.0
Fonte: IBGE/PAM,,,,,,,,,,,,,,,,6 Guamá,43,"Área colhida (Hectares), Quantidade Produzida (Toneladas) e Valor (Mil Reais) da Produção por Tipo de Lavoura Permanente - 2024 ri guama",20,"Tabela 43 - Área colhida (Hectares), Quantidade Produzida (Toneladas) e Valor (Mil Reais) da Produção por Tipo de Lavoura Permanente - 2024 ri guama","..\..\Desktop\tabelas-powerBI\6 Guamá\Tabela 43 - Área colhida (Hectares), Quantidade Produzida (Toneladas) e Valor (Mil Reais) da Produção por Tipo de Lavoura Permanente - 2024 ri guama.xlsx",Guamá,426150,
Elaboração: FAPESPA,,,,,,,,,,,,,,,,6 Guamá,43,"Área colhida (Hectares), Quantidade Produzida (Toneladas) e Valor (Mil Reais) da Produção por Tipo de Lavoura Permanente - 2024 ri guama",20,"Tabela 43 - Área colhida (Hectares), Quantidade Produzida (Toneladas) e Valor (Mil Reais) da Produção por Tipo de Lavoura Permanente - 2024 ri guama","..\..\Desktop\tabelas-powerBI\6 Guamá\Tabela 43 - Área colhida (Hectares), Quantidade Produzida (Toneladas) e Valor (Mil Reais) da Produção por Tipo de Lavoura Permanente - 2024 ri guama.xlsx",Guamá,426150,
Nota: A quantidade produzida de coco-da-baía é expressa em mil frutos ,,,,,,,,,,,,,,,,6 Guamá,43,"Área colhida (Hectares), Quantidade Produzida (Toneladas) e Valor (Mil Reais) da Produção por Tipo de Lavoura Permanente - 2024 ri guama",20,"Tabela 43 - Área colhida (Hectares), Quantidade Produzida (Toneladas) e Valor (Mil Reais) da Produção por Tipo de Lavoura Permanente - 2024 ri guama","..\..\Desktop\tabelas-powerBI\6 Guamá\Tabela 43 - Área colhida (Hectares), Quantidade Produzida (Toneladas) e Valor (Mil Reais) da Produção por Tipo de Lavoura Permanente - 2024 ri guama.xlsx",Guamá,426150,
RI Guamá,1236,773,37638,0,0,0,307,3922,9128,433,6525,13789,503,5031,26773,6 Guamá,43,"Área colhida (Hectares), Quantidade Produzida (Toneladas) e Valor (Mil Reais) da Produção por Tipo de Lavoura Permanente - 2024 ri guama",20,"Tabela 43 - Área colhida (Hectares), Quantidade Produzida (Toneladas) e Valor (Mil Reais) da Produção por Tipo de Lavoura Permanente - 2024 ri guama","..\..\Desktop\tabelas-powerBI\6 Guamá\Tabela 43 - Área colhida (Hectares), Quantidade Produzida (Toneladas) e Valor (Mil Reais) da Produção por Tipo de Lavoura Permanente - 2024 ri guama.xlsx",Guamá,18515,4138.0
Castanhal,180,144,6478,-,-,-,-,-,-,20,300,669,-,-,-,6 Guamá,43,"Área colhida (Hectares), Quantidade Produzida (Toneladas) e Valor (Mil Reais) da Produção por Tipo de Lavoura Permanente - 2024 ri guama",20,"Tabela 43 - Área colhida (Hectares), Quantidade Produzida (Toneladas) e Valor (Mil Reais) da Produção por Tipo de Lavoura Permanente - 2024 ri guama","..\..\Desktop\tabelas-powerBI\6 Guamá\Tabela 43 - Área colhida (Hectares), Quantidade Produzida (Toneladas) e Valor (Mil Reais) da Produção por Tipo de Lavoura Permanente - 2024 ri guama.xlsx",Guamá,18515,715.0
Colares,-,-,-,-,-,-,-,-,-,-,-,-,-,-,-,6 Guamá,43,"Área colhida (Hectares), Quantidade Produzida (Toneladas) e Valor (Mil Reais) da Produção por Tipo de Lavoura Permanente - 2024 ri guama",20,"Tabela 43 - Área colhida (Hectares), Quantidade Produzida (Toneladas) e Valor (Mil Reais) da Produção por Tipo de Lavoura Permanente - 2024 ri guama","..\..\Desktop\tabelas-powerBI\6 Guamá\Tabela 43 - Área colhida (Hectares), Quantidade Produzida (Toneladas) e Valor (Mil Reais) da Produção por Tipo de Lavoura Permanente - 2024 ri guama.xlsx",Guamá,18515,
Curuçá,-,-,-,-,-,-,-,-,-,40,600,1321,-,-,-,6 Guamá,43,"Área colhida (Hectares), Quantidade Produzida (Toneladas) e Valor (Mil Reais) da Produção por Tipo de Lavoura Permanente - 2024 ri guama",20,"Tabela 43 - Área colhida (Hectares), Quantidade Produzida (Toneladas) e Valor (Mil Reais) da Produção por Tipo de Lavoura Permanente - 2024 ri guama","..\..\Desktop\tabelas-powerBI\6 Guamá\Tabela 43 - Área colhida (Hectares), Quantidade Produzida (Toneladas) e Valor (Mil Reais) da Produção por Tipo de Lavoura Permanente - 2024 ri guama.xlsx",Guamá,18515,190.0
Igarapé-Açu,-,-,-,-,-,-,50,650,1769,100,1500,3339,300,3000,15936,6 Guamá,43,"Área colhida (Hectares), Quantidade Produzida (Toneladas) e Valor (Mil Reais) da Produção por Tipo de Lavoura Permanente - 2024 ri guama",20,"Tabela 43 - Área colhida (Hectares), Quantidade Produzida (Toneladas) e Valor (Mil Reais) da Produção por Tipo de Lavoura Permanente - 2024 ri guama","..\..\Desktop\tabelas-powerBI\6 Guamá\Tabela 43 - Área colhida (Hectares), Quantidade Produzida (Toneladas) e Valor (Mil Reais) da Produção por Tipo de Lavoura Permanente - 2024 ri guama.xlsx",Guamá,18515,1550.0
Inhangapi,310,217,10410,-,-,-,46,690,1731,10,150,335,10,100,542,6 Guamá,43,"Área colhida (Hectares), Quantidade Produzida (Toneladas) e Valor (Mil Reais) da Produção por Tipo de Lavoura Permanente - 2024 ri guama",20,"Tabela 43 - Área colhida (Hectares), Quantidade Produzida (Toneladas) e Valor (Mil Reais) da Produção por Tipo de Lavoura Permanente - 2024 ri guama","..\..\Desktop\tabelas-powerBI\6 Guamá\Tabela 43 - Área colhida (Hectares), Quantidade Produzida (Toneladas) e Valor (Mil Reais) da Produção por Tipo de Lavoura Permanente - 2024 ri guama.xlsx",Guamá,18515,70.0
Magalhães Barata,-,-,-,-,-,-,-,-,-,-,-,-,10,100,543,6 Guamá,43,"Área colhida (Hectares), Quantidade Produzida (Toneladas) e Valor (Mil Reais) da Produção por Tipo de Lavoura Permanente - 2024 ri guama",20,"Tabela 43 - Área colhida (Hectares), Quantidade Produzida (Toneladas) e Valor (Mil Reais) da Produção por Tipo de Lavoura Permanente - 2024 ri guama","..\..\Desktop\tabelas-powerBI\6 Guamá\Tabela 43 - Área colhida (Hectares), Quantidade Produzida (Toneladas) e Valor (Mil Reais) da Produção por Tipo de Lavoura Permanente - 2024 ri guama.xlsx",Guamá,18515,15.0
Maracanã,-,-,-,-,-,-,10,150,337,25,375,799,70,700,3806,6 Guamá,43,"Área colhida (Hectares), Quantidade Produzida (Toneladas) e Valor (Mil Reais) da Produção por Tipo de Lavoura Permanente - 2024 ri guama",20,"Tabela 43 - Área colhida (Hectares), Quantidade Produzida (Toneladas) e Valor (Mil Reais) da Produção por Tipo de Lavoura Permanente - 2024 ri guama","..\..\Desktop\tabelas-powerBI\6 Guamá\Tabela 43 - Área colhida (Hectares), Quantidade Produzida (Toneladas) e Valor (Mil Reais) da Produção por Tipo de Lavoura Permanente - 2024 ri guama.xlsx",Guamá,18515,180.0
Marapanim,-,-,-,-,-,-,-,-,-,20,300,609,35,350,1919,6 Guamá,43,"Área colhida (Hectares), Quantidade Produzida (Toneladas) e Valor (Mil Reais) da Produção por Tipo de Lavoura Permanente - 2024 ri guama",20,"Tabela 43 - Área colhida (Hectares), Quantidade Produzida (Toneladas) e Valor (Mil Reais) da Produção por Tipo de Lavoura Permanente - 2024 ri guama","..\..\Desktop\tabelas-powerBI\6 Guamá\Tabela 43 - Área colhida (Hectares), Quantidade Produzida (Toneladas) e Valor (Mil Reais) da Produção por Tipo de Lavoura Permanente - 2024 ri guama.xlsx",Guamá,18515,60.0
Santa Izabel do Pará,388,238,13090,-,-,-,20,280,616,10,180,396,5,51,105,6 Guamá,43,"Área colhida (Hectares), Quantidade Produzida (Toneladas) e Valor (Mil Reais) da Produção por Tipo de Lavoura Permanente - 2024 ri guama",20,"Tabela 43 - Área colhida (Hectares), Quantidade Produzida (Toneladas) e Valor (Mil Reais) da Produção por Tipo de Lavoura Permanente - 2024 ri guama","..\..\Desktop\tabelas-powerBI\6 Guamá\Tabela 43 - Área colhida (Hectares), Quantidade Produzida (Toneladas) e Valor (Mil Reais) da Produção por Tipo de Lavoura Permanente - 2024 ri guama.xlsx",Guamá,18515,
Santa Maria do Pará,-,-,-,-,-,-,-,-,-,-,-,-,-,-,-,6 Guamá,43,"Área colhida (Hectares), Quantidade Produzida (Toneladas) e Valor (Mil Reais) da Produção por Tipo de Lavoura Permanente - 2024 ri guama",20,"Tabela 43 - Área colhida (Hectares), Quantidade Produzida (Toneladas) e Valor (Mil Reais) da Produção por Tipo de Lavoura Permanente - 2024 ri guama","..\..\Desktop\tabelas-powerBI\6 Guamá\Tabela 43 - Área colhida (Hectares), Quantidade Produzida (Toneladas) e Valor (Mil Reais) da Produção por Tipo de Lavoura Permanente - 2024 ri guama.xlsx",Guamá,18515,83.0
Santo Antônio do Tauá,-,-,-,-,-,-,-,-,-,200,3000,6000,-,-,-,6 Guamá,43,"Área colhida (Hectares), Quantidade Produzida (Toneladas) e Valor (Mil Reais) da Produção por Tipo de Lavoura Permanente - 2024 ri guama",20,"Tabela 43 - Área colhida (Hectares), Quantidade Produzida (Toneladas) e Valor (Mil Reais) da Produção por Tipo de Lavoura Permanente - 2024 ri guama","..\..\Desktop\tabelas-powerBI\6 Guamá\Tabela 43 - Área colhida (Hectares), Quantidade Produzida (Toneladas) e Valor (Mil Reais) da Produção por Tipo de Lavoura Permanente - 2024 ri guama.xlsx",Guamá,18515,250.0
São Caetano de Odivelas,5,4,160,-,-,-,5,65,195,5,75,225,10,100,500,6 Guamá,43,"Área colhida (Hectares), Quantidade Produzida (Toneladas) e Valor (Mil Reais) da Produção por Tipo de Lavoura Permanente - 2024 ri guama",20,"Tabela 43 - Área colhida (Hectares), Quantidade Produzida (Toneladas) e Valor (Mil Reais) da Produção por Tipo de Lavoura Permanente - 2024 ri guama","..\..\Desktop\tabelas-powerBI\6 Guamá\Tabela 43 - Área colhida (Hectares), Quantidade Produzida (Toneladas) e Valor (Mil Reais) da Produção por Tipo de Lavoura Permanente - 2024 ri guama.xlsx",Guamá,18515,50.0
São Domingos do Capim,350,168,7412,-,-,-,45,518,1257,-,-,-,50,500,2697,6 Guamá,43,"Área colhida (Hectares), Quantidade Produzida (Toneladas) e Valor (Mil Reais) da Produção por Tipo de Lavoura Permanente - 2024 ri guama",20,"Tabela 43 - Área colhida (Hectares), Quantidade Produzida (Toneladas) e Valor (Mil Reais) da Produção por Tipo de Lavoura Permanente - 2024 ri guama","..\..\Desktop\tabelas-powerBI\6 Guamá\Tabela 43 - Área colhida (Hectares), Quantidade Produzida (Toneladas) e Valor (Mil Reais) da Produção por Tipo de Lavoura Permanente - 2024 ri guama.xlsx",Guamá,18515,350.0
São Francisco do Pará,-,-,-,-,-,-,100,1100,2386,-,-,-,-,-,-,6 Guamá,43,"Área colhida (Hectares), Quantidade Produzida (Toneladas) e Valor (Mil Reais) da Produção por Tipo de Lavoura Permanente - 2024 ri guama",20,"Tabela 43 - Área colhida (Hectares), Quantidade Produzida (Toneladas) e Valor (Mil Reais) da Produção por Tipo de Lavoura Permanente - 2024 ri guama","..\..\Desktop\tabelas-powerBI\6 Guamá\Tabela 43 - Área colhida (Hectares), Quantidade Produzida (Toneladas) e Valor (Mil Reais) da Produção por Tipo de Lavoura Permanente - 2024 ri guama.xlsx",Guamá,18515,450.0
São João da Ponta,3,2,88,-,-,-,16,264,356,3,45,96,13,130,725,6 Guamá,43,"Área colhida (Hectares), Quantidade Produzida (Toneladas) e Valor (Mil Reais) da Produção por Tipo de Lavoura Permanente - 2024 ri guama",20,"Tabela 43 - Área colhida (Hectares), Quantidade Produzida (Toneladas) e Valor (Mil Reais) da Produção por Tipo de Lavoura Permanente - 2024 ri guama","..\..\Desktop\tabelas-powerBI\6 Guamá\Tabela 43 - Área colhida (Hectares), Quantidade Produzida (Toneladas) e Valor (Mil Reais) da Produção por Tipo de Lavoura Permanente - 2024 ri guama.xlsx",Guamá,18515,35.0
São Miguel do Guamá,-,-,-,-,-,-,10,130,290,-,-,-,-,-,-,6 Guamá,43,"Área colhida (Hectares), Quantidade Produzida (Toneladas) e Valor (Mil Reais) da Produção por Tipo de Lavoura Permanente - 2024 ri guama",20,"Tabela 43 - Área colhida (Hectares), Quantidade Produzida (Toneladas) e Valor (Mil Reais) da Produção por Tipo de Lavoura Permanente - 2024 ri guama","..\..\Desktop\tabelas-powerBI\6 Guamá\Tabela 43 - Área colhida (Hectares), Quantidade Produzida (Toneladas) e Valor (Mil Reais) da Produção por Tipo de Lavoura Permanente - 2024 ri guama.xlsx",Guamá,18515,70.0
Terra Alta,-,-,-,-,-,-,5,75,191,-,-,-,-,-,-,6 Guamá,43,"Área colhida (Hectares), Quantidade Produzida (Toneladas) e Valor (Mil Reais) da Produção por Tipo de Lavoura Permanente - 2024 ri guama",20,"Tabela 43 - Área colhida (Hectares), Quantidade Produzida (Toneladas) e Valor (Mil Reais) da Produção por Tipo de Lavoura Permanente - 2024 ri guama","..\..\Desktop\tabelas-powerBI\6 Guamá\Tabela 43 - Área colhida (Hectares), Quantidade Produzida (Toneladas) e Valor (Mil Reais) da Produção por Tipo de Lavoura Permanente - 2024 ri guama.xlsx",Guamá,18515,35.0
Vigia,-,-,-,-,-,-,-,-,-,-,-,-,-,-,-,6 Guamá,43,"Área colhida (Hectares), Quantidade Produzida (Toneladas) e Valor (Mil Reais) da Produção por Tipo de Lavoura Permanente - 2024 ri guama",20,"Tabela 43 - Área colhida (Hectares), Quantidade Produzida (Toneladas) e Valor (Mil Reais) da Produção por Tipo de Lavoura Permanente - 2024 ri guama","..\..\Desktop\tabelas-powerBI\6 Guamá\Tabela 43 - Área colhida (Hectares), Quantidade Produzida (Toneladas) e Valor (Mil Reais) da Produção por Tipo de Lavoura Permanente - 2024 ri guama.xlsx",Guamá,18515,35.0
Fonte: IBGE/PAM,,,,,,,,,,,,,,,,6 Guamá,43,"Área colhida (Hectares), Quantidade Produzida (Toneladas) e Valor (Mil Reais) da Produção por Tipo de Lavoura Permanente - 2024 ri guama",20,"Tabela 43 - Área colhida (Hectares), Quantidade Produzida (Toneladas) e Valor (Mil Reais) da Produção por Tipo de Lavoura Permanente - 2024 ri guama","..\..\Desktop\tabelas-powerBI\6 Guamá\Tabela 43 - Área colhida (Hectares), Quantidade Produzida (Toneladas) e Valor (Mil Reais) da Produção por Tipo de Lavoura Permanente - 2024 ri guama.xlsx",Guamá,18515,
Elaboração: FAPESPA,,,,,,,,,,,,,,,,6 Guamá,43,"Área colhida (Hectares), Quantidade Produzida (Toneladas) e Valor (Mil Reais) da Produção por Tipo de Lavoura Permanente - 2024 ri guama",20,"Tabela 43 - Área colhida (Hectares), Quantidade Produzida (Toneladas) e Valor (Mil Reais) da Produção por Tipo de Lavoura Permanente - 2024 ri guama","..\..\Desktop\tabelas-powerBI\6 Guamá\Tabela 43 - Área colhida (Hectares), Quantidade Produzida (Toneladas) e Valor (Mil Reais) da Produção por Tipo de Lavoura Permanente - 2024 ri guama.xlsx",Guamá,18515,
Nota: A quantidade produzida de coco-da-baía é expressa em mil frutos ,,,,,,,,,,,,,,,,6 Guamá,43,"Área colhida (Hectares), Quantidade Produzida (Toneladas) e Valor (Mil Reais) da Produção por Tipo de Lavoura Permanente - 2024 ri guama",20,"Tabela 43 - Área colhida (Hectares), Quantidade Produzida (Toneladas) e Valor (Mil Reais) da Produção por Tipo de Lavoura Permanente - 2024 ri guama","..\..\Desktop\tabelas-powerBI\6 Guamá\Tabela 43 - Área colhida (Hectares), Quantidade Produzida (Toneladas) e Valor (Mil Reais) da Produção por Tipo de Lavoura Permanente - 2024 ri guama.xlsx",Guamá,18515,
RI Guamá,1236,773,37638,0,0,0,307,3922,9128,433,6525,13789,503,5031,26773,6 Guamá,43,"Área colhida (Hectares), Quantidade Produzida (Toneladas) e Valor (Mil Reais) da Produção por Tipo de Lavoura Permanente - 2024 ri guama",20,"Tabela 43 - Área colhida (Hectares), Quantidade Produzida (Toneladas) e Valor (Mil Reais) da Produção por Tipo de Lavoura Permanente - 2024 ri guama","..\..\Desktop\tabelas-powerBI\6 Guamá\Tabela 43 - Área colhida (Hectares), Quantidade Produzida (Toneladas) e Valor (Mil Reais) da Produção por Tipo de Lavoura Permanente - 2024 ri guama.xlsx",Guamá,41560,9507.0
Castanhal,180,144,6478,-,-,-,-,-,-,20,300,669,-,-,-,6 Guamá,43,"Área colhida (Hectares), Quantidade Produzida (Toneladas) e Valor (Mil Reais) da Produção por Tipo de Lavoura Permanente - 2024 ri guama",20,"Tabela 43 - Área colhida (Hectares), Quantidade Produzida (Toneladas) e Valor (Mil Reais) da Produção por Tipo de Lavoura Permanente - 2024 ri guama","..\..\Desktop\tabelas-powerBI\6 Guamá\Tabela 43 - Área colhida (Hectares), Quantidade Produzida (Toneladas) e Valor (Mil Reais) da Produção por Tipo de Lavoura Permanente - 2024 ri guama.xlsx",Guamá,41560,1788.0
Colares,-,-,-,-,-,-,-,-,-,-,-,-,-,-,-,6 Guamá,43,"Área colhida (Hectares), Quantidade Produzida (Toneladas) e Valor (Mil Reais) da Produção por Tipo de Lavoura Permanente - 2024 ri guama",20,"Tabela 43 - Área colhida (Hectares), Quantidade Produzida (Toneladas) e Valor (Mil Reais) da Produção por Tipo de Lavoura Permanente - 2024 ri guama","..\..\Desktop\tabelas-powerBI\6 Guamá\Tabela 43 - Área colhida (Hectares), Quantidade Produzida (Toneladas) e Valor (Mil Reais) da Produção por Tipo de Lavoura Permanente - 2024 ri guama.xlsx",Guamá,41560,
Curuçá,-,-,-,-,-,-,-,-,-,40,600,1321,-,-,-,6 Guamá,43,"Área colhida (Hectares), Quantidade Produzida (Toneladas) e Valor (Mil Reais) da Produção por Tipo de Lavoura Permanente - 2024 ri guama",20,"Tabela 43 - Área colhida (Hectares), Quantidade Produzida (Toneladas) e Valor (Mil Reais) da Produção por Tipo de Lavoura Permanente - 2024 ri guama","..\..\Desktop\tabelas-powerBI\6 Guamá\Tabela 43 - Área colhida (Hectares), Quantidade Produzida (Toneladas) e Valor (Mil Reais) da Produção por Tipo de Lavoura Permanente - 2024 ri guama.xlsx",Guamá,41560,380.0
Igarapé-Açu,-,-,-,-,-,-,50,650,1769,100,1500,3339,300,3000,15936,6 Guamá,43,"Área colhida (Hectares), Quantidade Produzida (Toneladas) e Valor (Mil Reais) da Produção por Tipo de Lavoura Permanente - 2024 ri guama",20,"Tabela 43 - Área colhida (Hectares), Quantidade Produzida (Toneladas) e Valor (Mil Reais) da Produção por Tipo de Lavoura Permanente - 2024 ri guama","..\..\Desktop\tabelas-powerBI\6 Guamá\Tabela 43 - Área colhida (Hectares), Quantidade Produzida (Toneladas) e Valor (Mil Reais) da Produção por Tipo de Lavoura Permanente - 2024 ri guama.xlsx",Guamá,41560,3720.0
Inhangapi,310,217,10410,-,-,-,46,690,1731,10,150,335,10,100,542,6 Guamá,43,"Área colhida (Hectares), Quantidade Produzida (Toneladas) e Valor (Mil Reais) da Produção por Tipo de Lavoura Permanente - 2024 ri guama",20,"Tabela 43 - Área colhida (Hectares), Quantidade Produzida (Toneladas) e Valor (Mil Reais) da Produção por Tipo de Lavoura Permanente - 2024 ri guama","..\..\Desktop\tabelas-powerBI\6 Guamá\Tabela 43 - Área colhida (Hectares), Quantidade Produzida (Toneladas) e Valor (Mil Reais) da Produção por Tipo de Lavoura Permanente - 2024 ri guama.xlsx",Guamá,41560,168.0
Magalhães Barata,-,-,-,-,-,-,-,-,-,-,-,-,10,100,543,6 Guamá,43,"Área colhida (Hectares), Quantidade Produzida (Toneladas) e Valor (Mil Reais) da Produção por Tipo de Lavoura Permanente - 2024 ri guama",20,"Tabela 43 - Área colhida (Hectares), Quantidade Produzida (Toneladas) e Valor (Mil Reais) da Produção por Tipo de Lavoura Permanente - 2024 ri guama","..\..\Desktop\tabelas-powerBI\6 Guamá\Tabela 43 - Área colhida (Hectares), Quantidade Produzida (Toneladas) e Valor (Mil Reais) da Produção por Tipo de Lavoura Permanente - 2024 ri guama.xlsx",Guamá,41560,34.0
Maracanã,-,-,-,-,-,-,10,150,337,25,375,799,70,700,3806,6 Guamá,43,"Área colhida (Hectares), Quantidade Produzida (Toneladas) e Valor (Mil Reais) da Produção por Tipo de Lavoura Permanente - 2024 ri guama",20,"Tabela 43 - Área colhida (Hectares), Quantidade Produzida (Toneladas) e Valor (Mil Reais) da Produção por Tipo de Lavoura Permanente - 2024 ri guama","..\..\Desktop\tabelas-powerBI\6 Guamá\Tabela 43 - Área colhida (Hectares), Quantidade Produzida (Toneladas) e Valor (Mil Reais) da Produção por Tipo de Lavoura Permanente - 2024 ri guama.xlsx",Guamá,41560,483.0
Marapanim,-,-,-,-,-,-,-,-,-,20,300,609,35,350,1919,6 Guamá,43,"Área colhida (Hectares), Quantidade Produzida (Toneladas) e Valor (Mil Reais) da Produção por Tipo de Lavoura Permanente - 2024 ri guama",20,"Tabela 43 - Área colhida (Hectares), Quantidade Produzida (Toneladas) e Valor (Mil Reais) da Produção por Tipo de Lavoura Permanente - 2024 ri guama","..\..\Desktop\tabelas-powerBI\6 Guamá\Tabela 43 - Área colhida (Hectares), Quantidade Produzida (Toneladas) e Valor (Mil Reais) da Produção por Tipo de Lavoura Permanente - 2024 ri guama.xlsx",Guamá,41560,120.0
Santa Izabel do Pará,388,238,13090,-,-,-,20,280,616,10,180,396,5,51,105,6 Guamá,43,"Área colhida (Hectares), Quantidade Produzida (Toneladas) e Valor (Mil Reais) da Produção por Tipo de Lavoura Permanente - 2024 ri guama",20,"Tabela 43 - Área colhida (Hectares), Quantidade Produzida (Toneladas) e Valor (Mil Reais) da Produção por Tipo de Lavoura Permanente - 2024 ri guama","..\..\Desktop\tabelas-powerBI\6 Guamá\Tabela 43 - Área colhida (Hectares), Quantidade Produzida (Toneladas) e Valor (Mil Reais) da Produção por Tipo de Lavoura Permanente - 2024 ri guama.xlsx",Guamá,41560,
Santa Maria do Pará,-,-,-,-,-,-,-,-,-,-,-,-,-,-,-,6 Guamá,43,"Área colhida (Hectares), Quantidade Produzida (Toneladas) e Valor (Mil Reais) da Produção por Tipo de Lavoura Permanente - 2024 ri guama",20,"Tabela 43 - Área colhida (Hectares), Quantidade Produzida (Toneladas) e Valor (Mil Reais) da Produção por Tipo de Lavoura Permanente - 2024 ri guama","..\..\Desktop\tabelas-powerBI\6 Guamá\Tabela 43 - Área colhida (Hectares), Quantidade Produzida (Toneladas) e Valor (Mil Reais) da Produção por Tipo de Lavoura Permanente - 2024 ri guama.xlsx",Guamá,41560,208.0
Santo Antônio do Tauá,-,-,-,-,-,-,-,-,-,200,3000,6000,-,-,-,6 Guamá,43,"Área colhida (Hectares), Quantidade Produzida (Toneladas) e Valor (Mil Reais) da Produção por Tipo de Lavoura Permanente - 2024 ri guama",20,"Tabela 43 - Área colhida (Hectares), Quantidade Produzida (Toneladas) e Valor (Mil Reais) da Produção por Tipo de Lavoura Permanente - 2024 ri guama","..\..\Desktop\tabelas-powerBI\6 Guamá\Tabela 43 - Área colhida (Hectares), Quantidade Produzida (Toneladas) e Valor (Mil Reais) da Produção por Tipo de Lavoura Permanente - 2024 ri guama.xlsx",Guamá,41560,625.0
São Caetano de Odivelas,5,4,160,-,-,-,5,65,195,5,75,225,10,100,500,6 Guamá,43,"Área colhida (Hectares), Quantidade Produzida (Toneladas) e Valor (Mil Reais) da Produção por Tipo de Lavoura Permanente - 2024 ri guama",20,"Tabela 43 - Área colhida (Hectares), Quantidade Produzida (Toneladas) e Valor (Mil Reais) da Produção por Tipo de Lavoura Permanente - 2024 ri guama","..\..\Desktop\tabelas-powerBI\6 Guamá\Tabela 43 - Área colhida (Hectares), Quantidade Produzida (Toneladas) e Valor (Mil Reais) da Produção por Tipo de Lavoura Permanente - 2024 ri guama.xlsx",Guamá,41560,110.0
São Domingos do Capim,350,168,7412,-,-,-,45,518,1257,-,-,-,50,500,2697,6 Guamá,43,"Área colhida (Hectares), Quantidade Produzida (Toneladas) e Valor (Mil Reais) da Produção por Tipo de Lavoura Permanente - 2024 ri guama",20,"Tabela 43 - Área colhida (Hectares), Quantidade Produzida (Toneladas) e Valor (Mil Reais) da Produção por Tipo de Lavoura Permanente - 2024 ri guama","..\..\Desktop\tabelas-powerBI\6 Guamá\Tabela 43 - Área colhida (Hectares), Quantidade Produzida (Toneladas) e Valor (Mil Reais) da Produção por Tipo de Lavoura Permanente - 2024 ri guama.xlsx",Guamá,41560,703.0
São Francisco do Pará,-,-,-,-,-,-,100,1100,2386,-,-,-,-,-,-,6 Guamá,43,"Área colhida (Hectares), Quantidade Produzida (Toneladas) e Valor (Mil Reais) da Produção por Tipo de Lavoura Permanente - 2024 ri guama",20,"Tabela 43 - Área colhida (Hectares), Quantidade Produzida (Toneladas) e Valor (Mil Reais) da Produção por Tipo de Lavoura Permanente - 2024 ri guama","..\..\Desktop\tabelas-powerBI\6 Guamá\Tabela 43 - Área colhida (Hectares), Quantidade Produzida (Toneladas) e Valor (Mil Reais) da Produção por Tipo de Lavoura Permanente - 2024 ri guama.xlsx",Guamá,41560,775.0
São João da Ponta,3,2,88,-,-,-,16,264,356,3,45,96,13,130,725,6 Guamá,43,"Área colhida (Hectares), Quantidade Produzida (Toneladas) e Valor (Mil Reais) da Produção por Tipo de Lavoura Permanente - 2024 ri guama",20,"Tabela 43 - Área colhida (Hectares), Quantidade Produzida (Toneladas) e Valor (Mil Reais) da Produção por Tipo de Lavoura Permanente - 2024 ri guama","..\..\Desktop\tabelas-powerBI\6 Guamá\Tabela 43 - Área colhida (Hectares), Quantidade Produzida (Toneladas) e Valor (Mil Reais) da Produção por Tipo de Lavoura Permanente - 2024 ri guama.xlsx",Guamá,41560,75.0
São Miguel do Guamá,-,-,-,-,-,-,10,130,290,-,-,-,-,-,-,6 Guamá,43,"Área colhida (Hectares), Quantidade Produzida (Toneladas) e Valor (Mil Reais) da Produção por Tipo de Lavoura Permanente - 2024 ri guama",20,"Tabela 43 - Área colhida (Hectares), Quantidade Produzida (Toneladas) e Valor (Mil Reais) da Produção por Tipo de Lavoura Permanente - 2024 ri guama","..\..\Desktop\tabelas-powerBI\6 Guamá\Tabela 43 - Área colhida (Hectares), Quantidade Produzida (Toneladas) e Valor (Mil Reais) da Produção por Tipo de Lavoura Permanente - 2024 ri guama.xlsx",Guamá,41560,168.0
Terra Alta,-,-,-,-,-,-,5,75,191,-,-,-,-,-,-,6 Guamá,43,"Área colhida (Hectares), Quantidade Produzida (Toneladas) e Valor (Mil Reais) da Produção por Tipo de Lavoura Permanente - 2024 ri guama",20,"Tabela 43 - Área colhida (Hectares), Quantidade Produzida (Toneladas) e Valor (Mil Reais) da Produção por Tipo de Lavoura Permanente - 2024 ri guama","..\..\Desktop\tabelas-powerBI\6 Guamá\Tabela 43 - Área colhida (Hectares), Quantidade Produzida (Toneladas) e Valor (Mil Reais) da Produção por Tipo de Lavoura Permanente - 2024 ri guama.xlsx",Guamá,41560,83.0
Vigia,-,-,-,-,-,-,-,-,-,-,-,-,-,-,-,6 Guamá,43,"Área colhida (Hectares), Quantidade Produzida (Toneladas) e Valor (Mil Reais) da Produção por Tipo de Lavoura Permanente - 2024 ri guama",20,"Tabela 43 - Área colhida (Hectares), Quantidade Produzida (Toneladas) e Valor (Mil Reais) da Produção por Tipo de Lavoura Permanente - 2024 ri guama","..\..\Desktop\tabelas-powerBI\6 Guamá\Tabela 43 - Área colhida (Hectares), Quantidade Produzida (Toneladas) e Valor (Mil Reais) da Produção por Tipo de Lavoura Permanente - 2024 ri guama.xlsx",Guamá,41560,67.0
Fonte: IBGE/PAM,,,,,,,,,,,,,,,,6 Guamá,43,"Área colhida (Hectares), Quantidade Produzida (Toneladas) e Valor (Mil Reais) da Produção por Tipo de Lavoura Permanente - 2024 ri guama",20,"Tabela 43 - Área colhida (Hectares), Quantidade Produzida (Toneladas) e Valor (Mil Reais) da Produção por Tipo de Lavoura Permanente - 2024 ri guama","..\..\Desktop\tabelas-powerBI\6 Guamá\Tabela 43 - Área colhida (Hectares), Quantidade Produzida (Toneladas) e Valor (Mil Reais) da Produção por Tipo de Lavoura Permanente - 2024 ri guama.xlsx",Guamá,41560,
Elaboração: FAPESPA,,,,,,,,,,,,,,,,6 Guamá,43,"Área colhida (Hectares), Quantidade Produzida (Toneladas) e Valor (Mil Reais) da Produção por Tipo de Lavoura Permanente - 2024 ri guama",20,"Tabela 43 - Área colhida (Hectares), Quantidade Produzida (Toneladas) e Valor (Mil Reais) da Produção por Tipo de Lavoura Permanente - 2024 ri guama","..\..\Desktop\tabelas-powerBI\6 Guamá\Tabela 43 - Área colhida (Hectares), Quantidade Produzida (Toneladas) e Valor (Mil Reais) da Produção por Tipo de Lavoura Permanente - 2024 ri guama.xlsx",Guamá,41560,
Nota: A quantidade produzida de coco-da-baía é expressa em mil frutos ,,,,,,,,,,,,,,,,6 Guamá,43,"Área colhida (Hectares), Quantidade Produzida (Toneladas) e Valor (Mil Reais) da Produção por Tipo de Lavoura Permanente - 2024 ri guama",20,"Tabela 43 - Área colhida (Hectares), Quantidade Produzida (Toneladas) e Valor (Mil Reais) da Produção por Tipo de Lavoura Permanente - 2024 ri guama","..\..\Desktop\tabelas-powerBI\6 Guamá\Tabela 43 - Área colhida (Hectares), Quantidade Produzida (Toneladas) e Valor (Mil Reais) da Produção por Tipo de Lavoura Permanente - 2024 ri guama.xlsx",Guamá,41560,
RI Guamá,1236,773,37638,0,0,0,307,3922,9128,433,6525,13789,503,5031,26773,6 Guamá,43,"Área colhida (Hectares), Quantidade Produzida (Toneladas) e Valor (Mil Reais) da Produção por Tipo de Lavoura Permanente - 2024 ri guama",20,"Tabela 43 - Área colhida (Hectares), Quantidade Produzida (Toneladas) e Valor (Mil Reais) da Produção por Tipo de Lavoura Permanente - 2024 ri guama","..\..\Desktop\tabelas-powerBI\6 Guamá\Tabela 43 - Área colhida (Hectares), Quantidade Produzida (Toneladas) e Valor (Mil Reais) da Produção por Tipo de Lavoura Permanente - 2024 ri guama.xlsx",Guamá,1248357,299784.0
Castanhal,180,144,6478,-,-,-,-,-,-,20,300,669,-,-,-,6 Guamá,43,"Área colhida (Hectares), Quantidade Produzida (Toneladas) e Valor (Mil Reais) da Produção por Tipo de Lavoura Permanente - 2024 ri guama",20,"Tabela 43 - Área colhida (Hectares), Quantidade Produzida (Toneladas) e Valor (Mil Reais) da Produção por Tipo de Lavoura Permanente - 2024 ri guama","..\..\Desktop\tabelas-powerBI\6 Guamá\Tabela 43 - Área colhida (Hectares), Quantidade Produzida (Toneladas) e Valor (Mil Reais) da Produção por Tipo de Lavoura Permanente - 2024 ri guama.xlsx",Guamá,1248357,58215.0
Colares,-,-,-,-,-,-,-,-,-,-,-,-,-,-,-,6 Guamá,43,"Área colhida (Hectares), Quantidade Produzida (Toneladas) e Valor (Mil Reais) da Produção por Tipo de Lavoura Permanente - 2024 ri guama",20,"Tabela 43 - Área colhida (Hectares), Quantidade Produzida (Toneladas) e Valor (Mil Reais) da Produção por Tipo de Lavoura Permanente - 2024 ri guama","..\..\Desktop\tabelas-powerBI\6 Guamá\Tabela 43 - Área colhida (Hectares), Quantidade Produzida (Toneladas) e Valor (Mil Reais) da Produção por Tipo de Lavoura Permanente - 2024 ri guama.xlsx",Guamá,1248357,
Curuçá,-,-,-,-,-,-,-,-,-,40,600,1321,-,-,-,6 Guamá,43,"Área colhida (Hectares), Quantidade Produzida (Toneladas) e Valor (Mil Reais) da Produção por Tipo de Lavoura Permanente - 2024 ri guama",20,"Tabela 43 - Área colhida (Hectares), Quantidade Produzida (Toneladas) e Valor (Mil Reais) da Produção por Tipo de Lavoura Permanente - 2024 ri guama","..\..\Desktop\tabelas-powerBI\6 Guamá\Tabela 43 - Área colhida (Hectares), Quantidade Produzida (Toneladas) e Valor (Mil Reais) da Produção por Tipo de Lavoura Permanente - 2024 ri guama.xlsx",Guamá,1248357,12586.0
Igarapé-Açu,-,-,-,-,-,-,50,650,1769,100,1500,3339,300,3000,15936,6 Guamá,43,"Área colhida (Hectares), Quantidade Produzida (Toneladas) e Valor (Mil Reais) da Produção por Tipo de Lavoura Permanente - 2024 ri guama",20,"Tabela 43 - Área colhida (Hectares), Quantidade Produzida (Toneladas) e Valor (Mil Reais) da Produção por Tipo de Lavoura Permanente - 2024 ri guama","..\..\Desktop\tabelas-powerBI\6 Guamá\Tabela 43 - Área colhida (Hectares), Quantidade Produzida (Toneladas) e Valor (Mil Reais) da Produção por Tipo de Lavoura Permanente - 2024 ri guama.xlsx",Guamá,1248357,116170.0
Inhangapi,310,217,10410,-,-,-,46,690,1731,10,150,335,10,100,542,6 Guamá,43,"Área colhida (Hectares), Quantidade Produzida (Toneladas) e Valor (Mil Reais) da Produção por Tipo de Lavoura Permanente - 2024 ri guama",20,"Tabela 43 - Área colhida (Hectares), Quantidade Produzida (Toneladas) e Valor (Mil Reais) da Produção por Tipo de Lavoura Permanente - 2024 ri guama","..\..\Desktop\tabelas-powerBI\6 Guamá\Tabela 43 - Área colhida (Hectares), Quantidade Produzida (Toneladas) e Valor (Mil Reais) da Produção por Tipo de Lavoura Permanente - 2024 ri guama.xlsx",Guamá,1248357,5196.0
Magalhães Barata,-,-,-,-,-,-,-,-,-,-,-,-,10,100,543,6 Guamá,43,"Área colhida (Hectares), Quantidade Produzida (Toneladas) e Valor (Mil Reais) da Produção por Tipo de Lavoura Permanente - 2024 ri guama",20,"Tabela 43 - Área colhida (Hectares), Quantidade Produzida (Toneladas) e Valor (Mil Reais) da Produção por Tipo de Lavoura Permanente - 2024 ri guama","..\..\Desktop\tabelas-powerBI\6 Guamá\Tabela 43 - Área colhida (Hectares), Quantidade Produzida (Toneladas) e Valor (Mil Reais) da Produção por Tipo de Lavoura Permanente - 2024 ri guama.xlsx",Guamá,1248357,1068.0
Maracanã,-,-,-,-,-,-,10,150,337,25,375,799,70,700,3806,6 Guamá,43,"Área colhida (Hectares), Quantidade Produzida (Toneladas) e Valor (Mil Reais) da Produção por Tipo de Lavoura Permanente - 2024 ri guama",20,"Tabela 43 - Área colhida (Hectares), Quantidade Produzida (Toneladas) e Valor (Mil Reais) da Produção por Tipo de Lavoura Permanente - 2024 ri guama","..\..\Desktop\tabelas-powerBI\6 Guamá\Tabela 43 - Área colhida (Hectares), Quantidade Produzida (Toneladas) e Valor (Mil Reais) da Produção por Tipo de Lavoura Permanente - 2024 ri guama.xlsx",Guamá,1248357,15113.0
Marapanim,-,-,-,-,-,-,-,-,-,20,300,609,35,350,1919,6 Guamá,43,"Área colhida (Hectares), Quantidade Produzida (Toneladas) e Valor (Mil Reais) da Produção por Tipo de Lavoura Permanente - 2024 ri guama",20,"Tabela 43 - Área colhida (Hectares), Quantidade Produzida (Toneladas) e Valor (Mil Reais) da Produção por Tipo de Lavoura Permanente - 2024 ri guama","..\..\Desktop\tabelas-powerBI\6 Guamá\Tabela 43 - Área colhida (Hectares), Quantidade Produzida (Toneladas) e Valor (Mil Reais) da Produção por Tipo de Lavoura Permanente - 2024 ri guama.xlsx",Guamá,1248357,3825.0
Santa Izabel do Pará,388,238,13090,-,-,-,20,280,616,10,180,396,5,51,105,6 Guamá,43,"Área colhida (Hectares), Quantidade Produzida (Toneladas) e Valor (Mil Reais) da Produção por Tipo de Lavoura Permanente - 2024 ri guama",20,"Tabela 43 - Área colhida (Hectares), Quantidade Produzida (Toneladas) e Valor (Mil Reais) da Produção por Tipo de Lavoura Permanente - 2024 ri guama","..\..\Desktop\tabelas-powerBI\6 Guamá\Tabela 43 - Área colhida (Hectares), Quantidade Produzida (Toneladas) e Valor (Mil Reais) da Produção por Tipo de Lavoura Permanente - 2024 ri guama.xlsx",Guamá,1248357,
Santa Maria do Pará,-,-,-,-,-,-,-,-,-,-,-,-,-,-,-,6 Guamá,43,"Área colhida (Hectares), Quantidade Produzida (Toneladas) e Valor (Mil Reais) da Produção por Tipo de Lavoura Permanente - 2024 ri guama",20,"Tabela 43 - Área colhida (Hectares), Quantidade Produzida (Toneladas) e Valor (Mil Reais) da Produção por Tipo de Lavoura Permanente - 2024 ri guama","..\..\Desktop\tabelas-powerBI\6 Guamá\Tabela 43 - Área colhida (Hectares), Quantidade Produzida (Toneladas) e Valor (Mil Reais) da Produção por Tipo de Lavoura Permanente - 2024 ri guama.xlsx",Guamá,1248357,6621.0
Santo Antônio do Tauá,-,-,-,-,-,-,-,-,-,200,3000,6000,-,-,-,6 Guamá,43,"Área colhida (Hectares), Quantidade Produzida (Toneladas) e Valor (Mil Reais) da Produção por Tipo de Lavoura Permanente - 2024 ri guama",20,"Tabela 43 - Área colhida (Hectares), Quantidade Produzida (Toneladas) e Valor (Mil Reais) da Produção por Tipo de Lavoura Permanente - 2024 ri guama","..\..\Desktop\tabelas-powerBI\6 Guamá\Tabela 43 - Área colhida (Hectares), Quantidade Produzida (Toneladas) e Valor (Mil Reais) da Produção por Tipo de Lavoura Permanente - 2024 ri guama.xlsx",Guamá,1248357,18750.0
São Caetano de Odivelas,5,4,160,-,-,-,5,65,195,5,75,225,10,100,500,6 Guamá,43,"Área colhida (Hectares), Quantidade Produzida (Toneladas) e Valor (Mil Reais) da Produção por Tipo de Lavoura Permanente - 2024 ri guama",20,"Tabela 43 - Área colhida (Hectares), Quantidade Produzida (Toneladas) e Valor (Mil Reais) da Produção por Tipo de Lavoura Permanente - 2024 ri guama","..\..\Desktop\tabelas-powerBI\6 Guamá\Tabela 43 - Área colhida (Hectares), Quantidade Produzida (Toneladas) e Valor (Mil Reais) da Produção por Tipo de Lavoura Permanente - 2024 ri guama.xlsx",Guamá,1248357,3300.0
São Domingos do Capim,350,168,7412,-,-,-,45,518,1257,-,-,-,50,500,2697,6 Guamá,43,"Área colhida (Hectares), Quantidade Produzida (Toneladas) e Valor (Mil Reais) da Produção por Tipo de Lavoura Permanente - 2024 ri guama",20,"Tabela 43 - Área colhida (Hectares), Quantidade Produzida (Toneladas) e Valor (Mil Reais) da Produção por Tipo de Lavoura Permanente - 2024 ri guama","..\..\Desktop\tabelas-powerBI\6 Guamá\Tabela 43 - Área colhida (Hectares), Quantidade Produzida (Toneladas) e Valor (Mil Reais) da Produção por Tipo de Lavoura Permanente - 2024 ri guama.xlsx",Guamá,1248357,22569.0
São Francisco do Pará,-,-,-,-,-,-,100,1100,2386,-,-,-,-,-,-,6 Guamá,43,"Área colhida (Hectares), Quantidade Produzida (Toneladas) e Valor (Mil Reais) da Produção por Tipo de Lavoura Permanente - 2024 ri guama",20,"Tabela 43 - Área colhida (Hectares), Quantidade Produzida (Toneladas) e Valor (Mil Reais) da Produção por Tipo de Lavoura Permanente - 2024 ri guama","..\..\Desktop\tabelas-powerBI\6 Guamá\Tabela 43 - Área colhida (Hectares), Quantidade Produzida (Toneladas) e Valor (Mil Reais) da Produção por Tipo de Lavoura Permanente - 2024 ri guama.xlsx",Guamá,1248357,24144.0
São João da Ponta,3,2,88,-,-,-,16,264,356,3,45,96,13,130,725,6 Guamá,43,"Área colhida (Hectares), Quantidade Produzida (Toneladas) e Valor (Mil Reais) da Produção por Tipo de Lavoura Permanente - 2024 ri guama",20,"Tabela 43 - Área colhida (Hectares), Quantidade Produzida (Toneladas) e Valor (Mil Reais) da Produção por Tipo de Lavoura Permanente - 2024 ri guama","..\..\Desktop\tabelas-powerBI\6 Guamá\Tabela 43 - Área colhida (Hectares), Quantidade Produzida (Toneladas) e Valor (Mil Reais) da Produção por Tipo de Lavoura Permanente - 2024 ri guama.xlsx",Guamá,1248357,2335.0
São Miguel do Guamá,-,-,-,-,-,-,10,130,290,-,-,-,-,-,-,6 Guamá,43,"Área colhida (Hectares), Quantidade Produzida (Toneladas) e Valor (Mil Reais) da Produção por Tipo de Lavoura Permanente - 2024 ri guama",20,"Tabela 43 - Área colhida (Hectares), Quantidade Produzida (Toneladas) e Valor (Mil Reais) da Produção por Tipo de Lavoura Permanente - 2024 ri guama","..\..\Desktop\tabelas-powerBI\6 Guamá\Tabela 43 - Área colhida (Hectares), Quantidade Produzida (Toneladas) e Valor (Mil Reais) da Produção por Tipo de Lavoura Permanente - 2024 ri guama.xlsx",Guamá,1248357,5309.0
Terra Alta,-,-,-,-,-,-,5,75,191,-,-,-,-,-,-,6 Guamá,43,"Área colhida (Hectares), Quantidade Produzida (Toneladas) e Valor (Mil Reais) da Produção por Tipo de Lavoura Permanente - 2024 ri guama",20,"Tabela 43 - Área colhida (Hectares), Quantidade Produzida (Toneladas) e Valor (Mil Reais) da Produção por Tipo de Lavoura Permanente - 2024 ri guama","..\..\Desktop\tabelas-powerBI\6 Guamá\Tabela 43 - Área colhida (Hectares), Quantidade Produzida (Toneladas) e Valor (Mil Reais) da Produção por Tipo de Lavoura Permanente - 2024 ri guama.xlsx",Guamá,1248357,2573.0
Vigia,-,-,-,-,-,-,-,-,-,-,-,-,-,-,-,6 Guamá,43,"Área colhida (Hectares), Quantidade Produzida (Toneladas) e Valor (Mil Reais) da Produção por Tipo de Lavoura Permanente - 2024 ri guama",20,"Tabela 43 - Área colhida (Hectares), Quantidade Produzida (Toneladas) e Valor (Mil Reais) da Produção por Tipo de Lavoura Permanente - 2024 ri guama","..\..\Desktop\tabelas-powerBI\6 Guamá\Tabela 43 - Área colhida (Hectares), Quantidade Produzida (Toneladas) e Valor (Mil Reais) da Produção por Tipo de Lavoura Permanente - 2024 ri guama.xlsx",Guamá,1248357,2010.0
Fonte: IBGE/PAM,,,,,,,,,,,,,,,,6 Guamá,43,"Área colhida (Hectares), Quantidade Produzida (Toneladas) e Valor (Mil Reais) da Produção por Tipo de Lavoura Permanente - 2024 ri guama",20,"Tabela 43 - Área colhida (Hectares), Quantidade Produzida (Toneladas) e Valor (Mil Reais) da Produção por Tipo de Lavoura Permanente - 2024 ri guama","..\..\Desktop\tabelas-powerBI\6 Guamá\Tabela 43 - Área colhida (Hectares), Quantidade Produzida (Toneladas) e Valor (Mil Reais) da Produção por Tipo de Lavoura Permanente - 2024 ri guama.xlsx",Guamá,1248357,
Elaboração: FAPESPA,,,,,,,,,,,,,,,,6 Guamá,43,"Área colhida (Hectares), Quantidade Produzida (Toneladas) e Valor (Mil Reais) da Produção por Tipo de Lavoura Permanente - 2024 ri guama",20,"Tabela 43 - Área colhida (Hectares), Quantidade Produzida (Toneladas) e Valor (Mil Reais) da Produção por Tipo de Lavoura Permanente - 2024 ri guama","..\..\Desktop\tabelas-powerBI\6 Guamá\Tabela 43 - Área colhida (Hectares), Quantidade Produzida (Toneladas) e Valor (Mil Reais) da Produção por Tipo de Lavoura Permanente - 2024 ri guama.xlsx",Guamá,1248357,
Nota: A quantidade produzida de coco-da-baía é expressa em mil frutos ,,,,,,,,,,,,,,,,6 Guamá,43,"Área colhida (Hectares), Quantidade Produzida (Toneladas) e Valor (Mil Reais) da Produção por Tipo de Lavoura Permanente - 2024 ri guama",20,"Tabela 43 - Área colhida (Hectares), Quantidade Produzida (Toneladas) e Valor (Mil Reais) da Produção por Tipo de Lavoura Permanente - 2024 ri guama","..\..\Desktop\tabelas-powerBI\6 Guamá\Tabela 43 - Área colhida (Hectares), Quantidade Produzida (Toneladas) e Valor (Mil Reais) da Produção por Tipo de Lavoura Permanente - 2024 ri guama.xlsx",Guamá,1248357,
