Par,regiao,tabela_num,titulo,ano,arquivo,arquivo_path,aba,variavel,valor
RI Guamá,6 Guamá,22,"Tabela 22 – Caracterização Hospitalar – Equip de Manutenção da Vida, Equip de Diagnóstico e Infra - 2025 ri guama",20,"Tabela 22 – Caracterização Hospitalar – Equip de Manutenção da Vida, Equip de Diagnóstico e Infra - 2025 ri guama","..\..\Desktop\tabelas-powerBI\6 Guamá\Tabela 22 – Caracterização Hospitalar – Equip de Manutenção da Vida, Equip de Diagnóstico e Infra - 2025 ri guama.xlsx",Guamá,1560,59.0
Castanhal,6 Guamá,22,"Tabela 22 – Caracterização Hospitalar – Equip de Manutenção da Vida, Equip de Diagnóstico e Infra - 2025 ri guama",20,"Tabela 22 – Caracterização Hospitalar – Equip de Manutenção da Vida, Equip de Diagnóstico e Infra - 2025 ri guama","..\..\Desktop\tabelas-powerBI\6 Guamá\Tabela 22 – Caracterização Hospitalar – Equip de Manutenção da Vida, Equip de Diagnóstico e Infra - 2025 ri guama.xlsx",Guamá,1560,37.0
Colares,6 Guamá,22,"Tabela 22 – Caracterização Hospitalar – Equip de Manutenção da Vida, Equip de Diagnóstico e Infra - 2025 ri guama",20,"Tabela 22 – Caracterização Hospitalar – Equip de Manutenção da Vida, Equip de Diagnóstico e Infra - 2025 ri guama","..\..\Desktop\tabelas-powerBI\6 Guamá\Tabela 22 – Caracterização Hospitalar – Equip de Manutenção da Vida, Equip de Diagnóstico e Infra - 2025 ri guama.xlsx",Guamá,1560,0.0
Curuçá,6 Guamá,22,"Tabela 22 – Caracterização Hospitalar – Equip de Manutenção da Vida, Equip de Diagnóstico e Infra - 2025 ri guama",20,"Tabela 22 – Caracterização Hospitalar – Equip de Manutenção da Vida, Equip de Diagnóstico e Infra - 2025 ri guama","..\..\Desktop\tabelas-powerBI\6 Guamá\Tabela 22 – Caracterização Hospitalar – Equip de Manutenção da Vida, Equip de Diagnóstico e Infra - 2025 ri guama.xlsx",Guamá,1560,1.0
Igarapé-Açu,6 Guamá,22,"Tabela 22 – Caracterização Hospitalar – Equip de Manutenção da Vida, Equip de Diagnóstico e Infra - 2025 ri guama",20,"Tabela 22 – Caracterização Hospitalar – Equip de Manutenção da Vida, Equip de Diagnóstico e Infra - 2025 ri guama","..\..\Desktop\tabelas-powerBI\6 Guamá\Tabela 22 – Caracterização Hospitalar – Equip de Manutenção da Vida, Equip de Diagnóstico e Infra - 2025 ri guama.xlsx",Guamá,1560,2.0
Inhangapi,6 Guamá,22,"Tabela 22 – Caracterização Hospitalar – Equip de Manutenção da Vida, Equip de Diagnóstico e Infra - 2025 ri guama",20,"Tabela 22 – Caracterização Hospitalar – Equip de Manutenção da Vida, Equip de Diagnóstico e Infra - 2025 ri guama","..\..\Desktop\tabelas-powerBI\6 Guamá\Tabela 22 – Caracterização Hospitalar – Equip de Manutenção da Vida, Equip de Diagnóstico e Infra - 2025 ri guama.xlsx",Guamá,1560,1.0
Magalhães Barata,6 Guamá,22,"Tabela 22 – Caracterização Hospitalar – Equip de Manutenção da Vida, Equip de Diagnóstico e Infra - 2025 ri guama",20,"Tabela 22 – Caracterização Hospitalar – Equip de Manutenção da Vida, Equip de Diagnóstico e Infra - 2025 ri guama","..\..\Desktop\tabelas-powerBI\6 Guamá\Tabela 22 – Caracterização Hospitalar – Equip de Manutenção da Vida, Equip de Diagnóstico e Infra - 2025 ri guama.xlsx",Guamá,1560,1.0
Maracanã,6 Guamá,22,"Tabela 22 – Caracterização Hospitalar – Equip de Manutenção da Vida, Equip de Diagnóstico e Infra - 2025 ri guama",20,"Tabela 22 – Caracterização Hospitalar – Equip de Manutenção da Vida, Equip de Diagnóstico e Infra - 2025 ri guama","..\..\Desktop\tabelas-powerBI\6 Guamá\Tabela 22 – Caracterização Hospitalar – Equip de Manutenção da Vida, Equip de Diagnóstico e Infra - 2025 ri guama.xlsx",Guamá,1560,0.0
Marapanim,6 Guamá,22,"Tabela 22 – Caracterização Hospitalar – Equip de Manutenção da Vida, Equip de Diagnóstico e Infra - 2025 ri guama",20,"Tabela 22 – Caracterização Hospitalar – Equip de Manutenção da Vida, Equip de Diagnóstico e Infra - 2025 ri guama","..\..\Desktop\tabelas-powerBI\6 Guamá\Tabela 22 – Caracterização Hospitalar – Equip de Manutenção da Vida, Equip de Diagnóstico e Infra - 2025 ri guama.xlsx",Guamá,1560,1.0
Santa Izabel do Pará,6 Guamá,22,"Tabela 22 – Caracterização Hospitalar – Equip de Manutenção da Vida, Equip de Diagnóstico e Infra - 2025 ri guama",20,"Tabela 22 – Caracterização Hospitalar – Equip de Manutenção da Vida, Equip de Diagnóstico e Infra - 2025 ri guama","..\..\Desktop\tabelas-powerBI\6 Guamá\Tabela 22 – Caracterização Hospitalar – Equip de Manutenção da Vida, Equip de Diagnóstico e Infra - 2025 ri guama.xlsx",Guamá,1560,2.0
Santa Maria do Pará,6 Guamá,22,"Tabela 22 – Caracterização Hospitalar – Equip de Manutenção da Vida, Equip de Diagnóstico e Infra - 2025 ri guama",20,"Tabela 22 – Caracterização Hospitalar – Equip de Manutenção da Vida, Equip de Diagnóstico e Infra - 2025 ri guama","..\..\Desktop\tabelas-powerBI\6 Guamá\Tabela 22 – Caracterização Hospitalar – Equip de Manutenção da Vida, Equip de Diagnóstico e Infra - 2025 ri guama.xlsx",Guamá,1560,2.0
Santo Antônio do Tauá,6 Guamá,22,"Tabela 22 – Caracterização Hospitalar – Equip de Manutenção da Vida, Equip de Diagnóstico e Infra - 2025 ri guama",20,"Tabela 22 – Caracterização Hospitalar – Equip de Manutenção da Vida, Equip de Diagnóstico e Infra - 2025 ri guama","..\..\Desktop\tabelas-powerBI\6 Guamá\Tabela 22 – Caracterização Hospitalar – Equip de Manutenção da Vida, Equip de Diagnóstico e Infra - 2025 ri guama.xlsx",Guamá,1560,1.0
São Caetano de Odivelas,6 Guamá,22,"Tabela 22 – Caracterização Hospitalar – Equip de Manutenção da Vida, Equip de Diagnóstico e Infra - 2025 ri guama",20,"Tabela 22 – Caracterização Hospitalar – Equip de Manutenção da Vida, Equip de Diagnóstico e Infra - 2025 ri guama","..\..\Desktop\tabelas-powerBI\6 Guamá\Tabela 22 – Caracterização Hospitalar – Equip de Manutenção da Vida, Equip de Diagnóstico e Infra - 2025 ri guama.xlsx",Guamá,1560,2.0
São Domingos do Capim,6 Guamá,22,"Tabela 22 – Caracterização Hospitalar – Equip de Manutenção da Vida, Equip de Diagnóstico e Infra - 2025 ri guama",20,"Tabela 22 – Caracterização Hospitalar – Equip de Manutenção da Vida, Equip de Diagnóstico e Infra - 2025 ri guama","..\..\Desktop\tabelas-powerBI\6 Guamá\Tabela 22 – Caracterização Hospitalar – Equip de Manutenção da Vida, Equip de Diagnóstico e Infra - 2025 ri guama.xlsx",Guamá,1560,3.0
São Francisco do Pará,6 Guamá,22,"Tabela 22 – Caracterização Hospitalar – Equip de Manutenção da Vida, Equip de Diagnóstico e Infra - 2025 ri guama",20,"Tabela 22 – Caracterização Hospitalar – Equip de Manutenção da Vida, Equip de Diagnóstico e Infra - 2025 ri guama","..\..\Desktop\tabelas-powerBI\6 Guamá\Tabela 22 – Caracterização Hospitalar – Equip de Manutenção da Vida, Equip de Diagnóstico e Infra - 2025 ri guama.xlsx",Guamá,1560,0.0
São João da Ponta,6 Guamá,22,"Tabela 22 – Caracterização Hospitalar – Equip de Manutenção da Vida, Equip de Diagnóstico e Infra - 2025 ri guama",20,"Tabela 22 – Caracterização Hospitalar – Equip de Manutenção da Vida, Equip de Diagnóstico e Infra - 2025 ri guama","..\..\Desktop\tabelas-powerBI\6 Guamá\Tabela 22 – Caracterização Hospitalar – Equip de Manutenção da Vida, Equip de Diagnóstico e Infra - 2025 ri guama.xlsx",Guamá,1560,0.0
São Miguel do Guamá,6 Guamá,22,"Tabela 22 – Caracterização Hospitalar – Equip de Manutenção da Vida, Equip de Diagnóstico e Infra - 2025 ri guama",20,"Tabela 22 – Caracterização Hospitalar – Equip de Manutenção da Vida, Equip de Diagnóstico e Infra - 2025 ri guama","..\..\Desktop\tabelas-powerBI\6 Guamá\Tabela 22 – Caracterização Hospitalar – Equip de Manutenção da Vida, Equip de Diagnóstico e Infra - 2025 ri guama.xlsx",Guamá,1560,4.0
Terra Alta,6 Guamá,22,"Tabela 22 – Caracterização Hospitalar – Equip de Manutenção da Vida, Equip de Diagnóstico e Infra - 2025 ri guama",20,"Tabela 22 – Caracterização Hospitalar – Equip de Manutenção da Vida, Equip de Diagnóstico e Infra - 2025 ri guama","..\..\Desktop\tabelas-powerBI\6 Guamá\Tabela 22 – Caracterização Hospitalar – Equip de Manutenção da Vida, Equip de Diagnóstico e Infra - 2025 ri guama.xlsx",Guamá,1560,1.0
Vigia,6 Guamá,22,"Tabela 22 – Caracterização Hospitalar – Equip de Manutenção da Vida, Equip de Diagnóstico e Infra - 2025 ri guama",20,"Tabela 22 – Caracterização Hospitalar – Equip de Manutenção da Vida, Equip de Diagnóstico e Infra - 2025 ri guama","..\..\Desktop\tabelas-powerBI\6 Guamá\Tabela 22 – Caracterização Hospitalar – Equip de Manutenção da Vida, Equip de Diagnóstico e Infra - 2025 ri guama.xlsx",Guamá,1560,1.0
Fonte: DATASUS,6 Guamá,22,"Tabela 22 – Caracterização Hospitalar – Equip de Manutenção da Vida, Equip de Diagnóstico e Infra - 2025 ri guama",20,"Tabela 22 – Caracterização Hospitalar – Equip de Manutenção da Vida, Equip de Diagnóstico e Infra - 2025 ri guama","..\..\Desktop\tabelas-powerBI\6 Guamá\Tabela 22 – Caracterização Hospitalar – Equip de Manutenção da Vida, Equip de Diagnóstico e Infra - 2025 ri guama.xlsx",Guamá,1560,
Elaboração: FAPESPA,6 Guamá,22,"Tabela 22 – Caracterização Hospitalar – Equip de Manutenção da Vida, Equip de Diagnóstico e Infra - 2025 ri guama",20,"Tabela 22 – Caracterização Hospitalar – Equip de Manutenção da Vida, Equip de Diagnóstico e Infra - 2025 ri guama","..\..\Desktop\tabelas-powerBI\6 Guamá\Tabela 22 – Caracterização Hospitalar – Equip de Manutenção da Vida, Equip de Diagnóstico e Infra - 2025 ri guama.xlsx",Guamá,1560,
*Nota: Dados referentes a Outubro/2025.,6 Guamá,22,"Tabela 22 – Caracterização Hospitalar – Equip de Manutenção da Vida, Equip de Diagnóstico e Infra - 2025 ri guama",20,"Tabela 22 – Caracterização Hospitalar – Equip de Manutenção da Vida, Equip de Diagnóstico e Infra - 2025 ri guama","..\..\Desktop\tabelas-powerBI\6 Guamá\Tabela 22 – Caracterização Hospitalar – Equip de Manutenção da Vida, Equip de Diagnóstico e Infra - 2025 ri guama.xlsx",Guamá,1560,
RI Guamá,6 Guamá,22,"Tabela 22 – Caracterização Hospitalar – Equip de Manutenção da Vida, Equip de Diagnóstico e Infra - 2025 ri guama",20,"Tabela 22 – Caracterização Hospitalar – Equip de Manutenção da Vida, Equip de Diagnóstico e Infra - 2025 ri guama","..\..\Desktop\tabelas-powerBI\6 Guamá\Tabela 22 – Caracterização Hospitalar – Equip de Manutenção da Vida, Equip de Diagnóstico e Infra - 2025 ri guama.xlsx",Guamá,1444,59.0
Castanhal,6 Guamá,22,"Tabela 22 – Caracterização Hospitalar – Equip de Manutenção da Vida, Equip de Diagnóstico e Infra - 2025 ri guama",20,"Tabela 22 – Caracterização Hospitalar – Equip de Manutenção da Vida, Equip de Diagnóstico e Infra - 2025 ri guama","..\..\Desktop\tabelas-powerBI\6 Guamá\Tabela 22 – Caracterização Hospitalar – Equip de Manutenção da Vida, Equip de Diagnóstico e Infra - 2025 ri guama.xlsx",Guamá,1444,37.0
Colares,6 Guamá,22,"Tabela 22 – Caracterização Hospitalar – Equip de Manutenção da Vida, Equip de Diagnóstico e Infra - 2025 ri guama",20,"Tabela 22 – Caracterização Hospitalar – Equip de Manutenção da Vida, Equip de Diagnóstico e Infra - 2025 ri guama","..\..\Desktop\tabelas-powerBI\6 Guamá\Tabela 22 – Caracterização Hospitalar – Equip de Manutenção da Vida, Equip de Diagnóstico e Infra - 2025 ri guama.xlsx",Guamá,1444,0.0
Curuçá,6 Guamá,22,"Tabela 22 – Caracterização Hospitalar – Equip de Manutenção da Vida, Equip de Diagnóstico e Infra - 2025 ri guama",20,"Tabela 22 – Caracterização Hospitalar – Equip de Manutenção da Vida, Equip de Diagnóstico e Infra - 2025 ri guama","..\..\Desktop\tabelas-powerBI\6 Guamá\Tabela 22 – Caracterização Hospitalar – Equip de Manutenção da Vida, Equip de Diagnóstico e Infra - 2025 ri guama.xlsx",Guamá,1444,1.0
Igarapé-Açu,6 Guamá,22,"Tabela 22 – Caracterização Hospitalar – Equip de Manutenção da Vida, Equip de Diagnóstico e Infra - 2025 ri guama",20,"Tabela 22 – Caracterização Hospitalar – Equip de Manutenção da Vida, Equip de Diagnóstico e Infra - 2025 ri guama","..\..\Desktop\tabelas-powerBI\6 Guamá\Tabela 22 – Caracterização Hospitalar – Equip de Manutenção da Vida, Equip de Diagnóstico e Infra - 2025 ri guama.xlsx",Guamá,1444,2.0
Inhangapi,6 Guamá,22,"Tabela 22 – Caracterização Hospitalar – Equip de Manutenção da Vida, Equip de Diagnóstico e Infra - 2025 ri guama",20,"Tabela 22 – Caracterização Hospitalar – Equip de Manutenção da Vida, Equip de Diagnóstico e Infra - 2025 ri guama","..\..\Desktop\tabelas-powerBI\6 Guamá\Tabela 22 – Caracterização Hospitalar – Equip de Manutenção da Vida, Equip de Diagnóstico e Infra - 2025 ri guama.xlsx",Guamá,1444,1.0
Magalhães Barata,6 Guamá,22,"Tabela 22 – Caracterização Hospitalar – Equip de Manutenção da Vida, Equip de Diagnóstico e Infra - 2025 ri guama",20,"Tabela 22 – Caracterização Hospitalar – Equip de Manutenção da Vida, Equip de Diagnóstico e Infra - 2025 ri guama","..\..\Desktop\tabelas-powerBI\6 Guamá\Tabela 22 – Caracterização Hospitalar – Equip de Manutenção da Vida, Equip de Diagnóstico e Infra - 2025 ri guama.xlsx",Guamá,1444,1.0
Maracanã,6 Guamá,22,"Tabela 22 – Caracterização Hospitalar – Equip de Manutenção da Vida, Equip de Diagnóstico e Infra - 2025 ri guama",20,"Tabela 22 – Caracterização Hospitalar – Equip de Manutenção da Vida, Equip de Diagnóstico e Infra - 2025 ri guama","..\..\Desktop\tabelas-powerBI\6 Guamá\Tabela 22 – Caracterização Hospitalar – Equip de Manutenção da Vida, Equip de Diagnóstico e Infra - 2025 ri guama.xlsx",Guamá,1444,0.0
Marapanim,6 Guamá,22,"Tabela 22 – Caracterização Hospitalar – Equip de Manutenção da Vida, Equip de Diagnóstico e Infra - 2025 ri guama",20,"Tabela 22 – Caracterização Hospitalar – Equip de Manutenção da Vida, Equip de Diagnóstico e Infra - 2025 ri guama","..\..\Desktop\tabelas-powerBI\6 Guamá\Tabela 22 – Caracterização Hospitalar – Equip de Manutenção da Vida, Equip de Diagnóstico e Infra - 2025 ri guama.xlsx",Guamá,1444,1.0
Santa Izabel do Pará,6 Guamá,22,"Tabela 22 – Caracterização Hospitalar – Equip de Manutenção da Vida, Equip de Diagnóstico e Infra - 2025 ri guama",20,"Tabela 22 – Caracterização Hospitalar – Equip de Manutenção da Vida, Equip de Diagnóstico e Infra - 2025 ri guama","..\..\Desktop\tabelas-powerBI\6 Guamá\Tabela 22 – Caracterização Hospitalar – Equip de Manutenção da Vida, Equip de Diagnóstico e Infra - 2025 ri guama.xlsx",Guamá,1444,2.0
Santa Maria do Pará,6 Guamá,22,"Tabela 22 – Caracterização Hospitalar – Equip de Manutenção da Vida, Equip de Diagnóstico e Infra - 2025 ri guama",20,"Tabela 22 – Caracterização Hospitalar – Equip de Manutenção da Vida, Equip de Diagnóstico e Infra - 2025 ri guama","..\..\Desktop\tabelas-powerBI\6 Guamá\Tabela 22 – Caracterização Hospitalar – Equip de Manutenção da Vida, Equip de Diagnóstico e Infra - 2025 ri guama.xlsx",Guamá,1444,2.0
Santo Antônio do Tauá,6 Guamá,22,"Tabela 22 – Caracterização Hospitalar – Equip de Manutenção da Vida, Equip de Diagnóstico e Infra - 2025 ri guama",20,"Tabela 22 – Caracterização Hospitalar – Equip de Manutenção da Vida, Equip de Diagnóstico e Infra - 2025 ri guama","..\..\Desktop\tabelas-powerBI\6 Guamá\Tabela 22 – Caracterização Hospitalar – Equip de Manutenção da Vida, Equip de Diagnóstico e Infra - 2025 ri guama.xlsx",Guamá,1444,1.0
São Caetano de Odivelas,6 Guamá,22,"Tabela 22 – Caracterização Hospitalar – Equip de Manutenção da Vida, Equip de Diagnóstico e Infra - 2025 ri guama",20,"Tabela 22 – Caracterização Hospitalar – Equip de Manutenção da Vida, Equip de Diagnóstico e Infra - 2025 ri guama","..\..\Desktop\tabelas-powerBI\6 Guamá\Tabela 22 – Caracterização Hospitalar – Equip de Manutenção da Vida, Equip de Diagnóstico e Infra - 2025 ri guama.xlsx",Guamá,1444,2.0
São Domingos do Capim,6 Guamá,22,"Tabela 22 – Caracterização Hospitalar – Equip de Manutenção da Vida, Equip de Diagnóstico e Infra - 2025 ri guama",20,"Tabela 22 – Caracterização Hospitalar – Equip de Manutenção da Vida, Equip de Diagnóstico e Infra - 2025 ri guama","..\..\Desktop\tabelas-powerBI\6 Guamá\Tabela 22 – Caracterização Hospitalar – Equip de Manutenção da Vida, Equip de Diagnóstico e Infra - 2025 ri guama.xlsx",Guamá,1444,3.0
São Francisco do Pará,6 Guamá,22,"Tabela 22 – Caracterização Hospitalar – Equip de Manutenção da Vida, Equip de Diagnóstico e Infra - 2025 ri guama",20,"Tabela 22 – Caracterização Hospitalar – Equip de Manutenção da Vida, Equip de Diagnóstico e Infra - 2025 ri guama","..\..\Desktop\tabelas-powerBI\6 Guamá\Tabela 22 – Caracterização Hospitalar – Equip de Manutenção da Vida, Equip de Diagnóstico e Infra - 2025 ri guama.xlsx",Guamá,1444,0.0
São João da Ponta,6 Guamá,22,"Tabela 22 – Caracterização Hospitalar – Equip de Manutenção da Vida, Equip de Diagnóstico e Infra - 2025 ri guama",20,"Tabela 22 – Caracterização Hospitalar – Equip de Manutenção da Vida, Equip de Diagnóstico e Infra - 2025 ri guama","..\..\Desktop\tabelas-powerBI\6 Guamá\Tabela 22 – Caracterização Hospitalar – Equip de Manutenção da Vida, Equip de Diagnóstico e Infra - 2025 ri guama.xlsx",Guamá,1444,0.0
São Miguel do Guamá,6 Guamá,22,"Tabela 22 – Caracterização Hospitalar – Equip de Manutenção da Vida, Equip de Diagnóstico e Infra - 2025 ri guama",20,"Tabela 22 – Caracterização Hospitalar – Equip de Manutenção da Vida, Equip de Diagnóstico e Infra - 2025 ri guama","..\..\Desktop\tabelas-powerBI\6 Guamá\Tabela 22 – Caracterização Hospitalar – Equip de Manutenção da Vida, Equip de Diagnóstico e Infra - 2025 ri guama.xlsx",Guamá,1444,4.0
Terra Alta,6 Guamá,22,"Tabela 22 – Caracterização Hospitalar – Equip de Manutenção da Vida, Equip de Diagnóstico e Infra - 2025 ri guama",20,"Tabela 22 – Caracterização Hospitalar – Equip de Manutenção da Vida, Equip de Diagnóstico e Infra - 2025 ri guama","..\..\Desktop\tabelas-powerBI\6 Guamá\Tabela 22 – Caracterização Hospitalar – Equip de Manutenção da Vida, Equip de Diagnóstico e Infra - 2025 ri guama.xlsx",Guamá,1444,1.0
Vigia,6 Guamá,22,"Tabela 22 – Caracterização Hospitalar – Equip de Manutenção da Vida, Equip de Diagnóstico e Infra - 2025 ri guama",20,"Tabela 22 – Caracterização Hospitalar – Equip de Manutenção da Vida, Equip de Diagnóstico e Infra - 2025 ri guama","..\..\Desktop\tabelas-powerBI\6 Guamá\Tabela 22 – Caracterização Hospitalar – Equip de Manutenção da Vida, Equip de Diagnóstico e Infra - 2025 ri guama.xlsx",Guamá,1444,1.0
Fonte: DATASUS,6 Guamá,22,"Tabela 22 – Caracterização Hospitalar – Equip de Manutenção da Vida, Equip de Diagnóstico e Infra - 2025 ri guama",20,"Tabela 22 – Caracterização Hospitalar – Equip de Manutenção da Vida, Equip de Diagnóstico e Infra - 2025 ri guama","..\..\Desktop\tabelas-powerBI\6 Guamá\Tabela 22 – Caracterização Hospitalar – Equip de Manutenção da Vida, Equip de Diagnóstico e Infra - 2025 ri guama.xlsx",Guamá,1444,
Elaboração: FAPESPA,6 Guamá,22,"Tabela 22 – Caracterização Hospitalar – Equip de Manutenção da Vida, Equip de Diagnóstico e Infra - 2025 ri guama",20,"Tabela 22 – Caracterização Hospitalar – Equip de Manutenção da Vida, Equip de Diagnóstico e Infra - 2025 ri guama","..\..\Desktop\tabelas-powerBI\6 Guamá\Tabela 22 – Caracterização Hospitalar – Equip de Manutenção da Vida, Equip de Diagnóstico e Infra - 2025 ri guama.xlsx",Guamá,1444,
*Nota: Dados referentes a Outubro/2025.,6 Guamá,22,"Tabela 22 – Caracterização Hospitalar – Equip de Manutenção da Vida, Equip de Diagnóstico e Infra - 2025 ri guama",20,"Tabela 22 – Caracterização Hospitalar – Equip de Manutenção da Vida, Equip de Diagnóstico e Infra - 2025 ri guama","..\..\Desktop\tabelas-powerBI\6 Guamá\Tabela 22 – Caracterização Hospitalar – Equip de Manutenção da Vida, Equip de Diagnóstico e Infra - 2025 ri guama.xlsx",Guamá,1444,
RI Guamá,6 Guamá,22,"Tabela 22 – Caracterização Hospitalar – Equip de Manutenção da Vida, Equip de Diagnóstico e Infra - 2025 ri guama",20,"Tabela 22 – Caracterização Hospitalar – Equip de Manutenção da Vida, Equip de Diagnóstico e Infra - 2025 ri guama","..\..\Desktop\tabelas-powerBI\6 Guamá\Tabela 22 – Caracterização Hospitalar – Equip de Manutenção da Vida, Equip de Diagnóstico e Infra - 2025 ri guama.xlsx",Guamá,2966,233.0
Castanhal,6 Guamá,22,"Tabela 22 – Caracterização Hospitalar – Equip de Manutenção da Vida, Equip de Diagnóstico e Infra - 2025 ri guama",20,"Tabela 22 – Caracterização Hospitalar – Equip de Manutenção da Vida, Equip de Diagnóstico e Infra - 2025 ri guama","..\..\Desktop\tabelas-powerBI\6 Guamá\Tabela 22 – Caracterização Hospitalar – Equip de Manutenção da Vida, Equip de Diagnóstico e Infra - 2025 ri guama.xlsx",Guamá,2966,227.0
Colares,6 Guamá,22,"Tabela 22 – Caracterização Hospitalar – Equip de Manutenção da Vida, Equip de Diagnóstico e Infra - 2025 ri guama",20,"Tabela 22 – Caracterização Hospitalar – Equip de Manutenção da Vida, Equip de Diagnóstico e Infra - 2025 ri guama","..\..\Desktop\tabelas-powerBI\6 Guamá\Tabela 22 – Caracterização Hospitalar – Equip de Manutenção da Vida, Equip de Diagnóstico e Infra - 2025 ri guama.xlsx",Guamá,2966,0.0
Curuçá,6 Guamá,22,"Tabela 22 – Caracterização Hospitalar – Equip de Manutenção da Vida, Equip de Diagnóstico e Infra - 2025 ri guama",20,"Tabela 22 – Caracterização Hospitalar – Equip de Manutenção da Vida, Equip de Diagnóstico e Infra - 2025 ri guama","..\..\Desktop\tabelas-powerBI\6 Guamá\Tabela 22 – Caracterização Hospitalar – Equip de Manutenção da Vida, Equip de Diagnóstico e Infra - 2025 ri guama.xlsx",Guamá,2966,1.0
Igarapé-Açu,6 Guamá,22,"Tabela 22 – Caracterização Hospitalar – Equip de Manutenção da Vida, Equip de Diagnóstico e Infra - 2025 ri guama",20,"Tabela 22 – Caracterização Hospitalar – Equip de Manutenção da Vida, Equip de Diagnóstico e Infra - 2025 ri guama","..\..\Desktop\tabelas-powerBI\6 Guamá\Tabela 22 – Caracterização Hospitalar – Equip de Manutenção da Vida, Equip de Diagnóstico e Infra - 2025 ri guama.xlsx",Guamá,2966,2.0
Inhangapi,6 Guamá,22,"Tabela 22 – Caracterização Hospitalar – Equip de Manutenção da Vida, Equip de Diagnóstico e Infra - 2025 ri guama",20,"Tabela 22 – Caracterização Hospitalar – Equip de Manutenção da Vida, Equip de Diagnóstico e Infra - 2025 ri guama","..\..\Desktop\tabelas-powerBI\6 Guamá\Tabela 22 – Caracterização Hospitalar – Equip de Manutenção da Vida, Equip de Diagnóstico e Infra - 2025 ri guama.xlsx",Guamá,2966,0.0
Magalhães Barata,6 Guamá,22,"Tabela 22 – Caracterização Hospitalar – Equip de Manutenção da Vida, Equip de Diagnóstico e Infra - 2025 ri guama",20,"Tabela 22 – Caracterização Hospitalar – Equip de Manutenção da Vida, Equip de Diagnóstico e Infra - 2025 ri guama","..\..\Desktop\tabelas-powerBI\6 Guamá\Tabela 22 – Caracterização Hospitalar – Equip de Manutenção da Vida, Equip de Diagnóstico e Infra - 2025 ri guama.xlsx",Guamá,2966,0.0
Maracanã,6 Guamá,22,"Tabela 22 – Caracterização Hospitalar – Equip de Manutenção da Vida, Equip de Diagnóstico e Infra - 2025 ri guama",20,"Tabela 22 – Caracterização Hospitalar – Equip de Manutenção da Vida, Equip de Diagnóstico e Infra - 2025 ri guama","..\..\Desktop\tabelas-powerBI\6 Guamá\Tabela 22 – Caracterização Hospitalar – Equip de Manutenção da Vida, Equip de Diagnóstico e Infra - 2025 ri guama.xlsx",Guamá,2966,0.0
Marapanim,6 Guamá,22,"Tabela 22 – Caracterização Hospitalar – Equip de Manutenção da Vida, Equip de Diagnóstico e Infra - 2025 ri guama",20,"Tabela 22 – Caracterização Hospitalar – Equip de Manutenção da Vida, Equip de Diagnóstico e Infra - 2025 ri guama","..\..\Desktop\tabelas-powerBI\6 Guamá\Tabela 22 – Caracterização Hospitalar – Equip de Manutenção da Vida, Equip de Diagnóstico e Infra - 2025 ri guama.xlsx",Guamá,2966,0.0
Santa Izabel do Pará,6 Guamá,22,"Tabela 22 – Caracterização Hospitalar – Equip de Manutenção da Vida, Equip de Diagnóstico e Infra - 2025 ri guama",20,"Tabela 22 – Caracterização Hospitalar – Equip de Manutenção da Vida, Equip de Diagnóstico e Infra - 2025 ri guama","..\..\Desktop\tabelas-powerBI\6 Guamá\Tabela 22 – Caracterização Hospitalar – Equip de Manutenção da Vida, Equip de Diagnóstico e Infra - 2025 ri guama.xlsx",Guamá,2966,0.0
Santa Maria do Pará,6 Guamá,22,"Tabela 22 – Caracterização Hospitalar – Equip de Manutenção da Vida, Equip de Diagnóstico e Infra - 2025 ri guama",20,"Tabela 22 – Caracterização Hospitalar – Equip de Manutenção da Vida, Equip de Diagnóstico e Infra - 2025 ri guama","..\..\Desktop\tabelas-powerBI\6 Guamá\Tabela 22 – Caracterização Hospitalar – Equip de Manutenção da Vida, Equip de Diagnóstico e Infra - 2025 ri guama.xlsx",Guamá,2966,0.0
Santo Antônio do Tauá,6 Guamá,22,"Tabela 22 – Caracterização Hospitalar – Equip de Manutenção da Vida, Equip de Diagnóstico e Infra - 2025 ri guama",20,"Tabela 22 – Caracterização Hospitalar – Equip de Manutenção da Vida, Equip de Diagnóstico e Infra - 2025 ri guama","..\..\Desktop\tabelas-powerBI\6 Guamá\Tabela 22 – Caracterização Hospitalar – Equip de Manutenção da Vida, Equip de Diagnóstico e Infra - 2025 ri guama.xlsx",Guamá,2966,1.0
São Caetano de Odivelas,6 Guamá,22,"Tabela 22 – Caracterização Hospitalar – Equip de Manutenção da Vida, Equip de Diagnóstico e Infra - 2025 ri guama",20,"Tabela 22 – Caracterização Hospitalar – Equip de Manutenção da Vida, Equip de Diagnóstico e Infra - 2025 ri guama","..\..\Desktop\tabelas-powerBI\6 Guamá\Tabela 22 – Caracterização Hospitalar – Equip de Manutenção da Vida, Equip de Diagnóstico e Infra - 2025 ri guama.xlsx",Guamá,2966,0.0
São Domingos do Capim,6 Guamá,22,"Tabela 22 – Caracterização Hospitalar – Equip de Manutenção da Vida, Equip de Diagnóstico e Infra - 2025 ri guama",20,"Tabela 22 – Caracterização Hospitalar – Equip de Manutenção da Vida, Equip de Diagnóstico e Infra - 2025 ri guama","..\..\Desktop\tabelas-powerBI\6 Guamá\Tabela 22 – Caracterização Hospitalar – Equip de Manutenção da Vida, Equip de Diagnóstico e Infra - 2025 ri guama.xlsx",Guamá,2966,0.0
São Francisco do Pará,6 Guamá,22,"Tabela 22 – Caracterização Hospitalar – Equip de Manutenção da Vida, Equip de Diagnóstico e Infra - 2025 ri guama",20,"Tabela 22 – Caracterização Hospitalar – Equip de Manutenção da Vida, Equip de Diagnóstico e Infra - 2025 ri guama","..\..\Desktop\tabelas-powerBI\6 Guamá\Tabela 22 – Caracterização Hospitalar – Equip de Manutenção da Vida, Equip de Diagnóstico e Infra - 2025 ri guama.xlsx",Guamá,2966,0.0
São João da Ponta,6 Guamá,22,"Tabela 22 – Caracterização Hospitalar – Equip de Manutenção da Vida, Equip de Diagnóstico e Infra - 2025 ri guama",20,"Tabela 22 – Caracterização Hospitalar – Equip de Manutenção da Vida, Equip de Diagnóstico e Infra - 2025 ri guama","..\..\Desktop\tabelas-powerBI\6 Guamá\Tabela 22 – Caracterização Hospitalar – Equip de Manutenção da Vida, Equip de Diagnóstico e Infra - 2025 ri guama.xlsx",Guamá,2966,0.0
São Miguel do Guamá,6 Guamá,22,"Tabela 22 – Caracterização Hospitalar – Equip de Manutenção da Vida, Equip de Diagnóstico e Infra - 2025 ri guama",20,"Tabela 22 – Caracterização Hospitalar – Equip de Manutenção da Vida, Equip de Diagnóstico e Infra - 2025 ri guama","..\..\Desktop\tabelas-powerBI\6 Guamá\Tabela 22 – Caracterização Hospitalar – Equip de Manutenção da Vida, Equip de Diagnóstico e Infra - 2025 ri guama.xlsx",Guamá,2966,2.0
Terra Alta,6 Guamá,22,"Tabela 22 – Caracterização Hospitalar – Equip de Manutenção da Vida, Equip de Diagnóstico e Infra - 2025 ri guama",20,"Tabela 22 – Caracterização Hospitalar – Equip de Manutenção da Vida, Equip de Diagnóstico e Infra - 2025 ri guama","..\..\Desktop\tabelas-powerBI\6 Guamá\Tabela 22 – Caracterização Hospitalar – Equip de Manutenção da Vida, Equip de Diagnóstico e Infra - 2025 ri guama.xlsx",Guamá,2966,0.0
Vigia,6 Guamá,22,"Tabela 22 – Caracterização Hospitalar – Equip de Manutenção da Vida, Equip de Diagnóstico e Infra - 2025 ri guama",20,"Tabela 22 – Caracterização Hospitalar – Equip de Manutenção da Vida, Equip de Diagnóstico e Infra - 2025 ri guama","..\..\Desktop\tabelas-powerBI\6 Guamá\Tabela 22 – Caracterização Hospitalar – Equip de Manutenção da Vida, Equip de Diagnóstico e Infra - 2025 ri guama.xlsx",Guamá,2966,0.0
Fonte: DATASUS,6 Guamá,22,"Tabela 22 – Caracterização Hospitalar – Equip de Manutenção da Vida, Equip de Diagnóstico e Infra - 2025 ri guama",20,"Tabela 22 – Caracterização Hospitalar – Equip de Manutenção da Vida, Equip de Diagnóstico e Infra - 2025 ri guama","..\..\Desktop\tabelas-powerBI\6 Guamá\Tabela 22 – Caracterização Hospitalar – Equip de Manutenção da Vida, Equip de Diagnóstico e Infra - 2025 ri guama.xlsx",Guamá,2966,
Elaboração: FAPESPA,6 Guamá,22,"Tabela 22 – Caracterização Hospitalar – Equip de Manutenção da Vida, Equip de Diagnóstico e Infra - 2025 ri guama",20,"Tabela 22 – Caracterização Hospitalar – Equip de Manutenção da Vida, Equip de Diagnóstico e Infra - 2025 ri guama","..\..\Desktop\tabelas-powerBI\6 Guamá\Tabela 22 – Caracterização Hospitalar – Equip de Manutenção da Vida, Equip de Diagnóstico e Infra - 2025 ri guama.xlsx",Guamá,2966,
*Nota: Dados referentes a Outubro/2025.,6 Guamá,22,"Tabela 22 – Caracterização Hospitalar – Equip de Manutenção da Vida, Equip de Diagnóstico e Infra - 2025 ri guama",20,"Tabela 22 – Caracterização Hospitalar – Equip de Manutenção da Vida, Equip de Diagnóstico e Infra - 2025 ri guama","..\..\Desktop\tabelas-powerBI\6 Guamá\Tabela 22 – Caracterização Hospitalar – Equip de Manutenção da Vida, Equip de Diagnóstico e Infra - 2025 ri guama.xlsx",Guamá,2966,
RI Guamá,6 Guamá,22,"Tabela 22 – Caracterização Hospitalar – Equip de Manutenção da Vida, Equip de Diagnóstico e Infra - 2025 ri guama",20,"Tabela 22 – Caracterização Hospitalar – Equip de Manutenção da Vida, Equip de Diagnóstico e Infra - 2025 ri guama","..\..\Desktop\tabelas-powerBI\6 Guamá\Tabela 22 – Caracterização Hospitalar – Equip de Manutenção da Vida, Equip de Diagnóstico e Infra - 2025 ri guama.xlsx",Guamá,2860,233.0
Castanhal,6 Guamá,22,"Tabela 22 – Caracterização Hospitalar – Equip de Manutenção da Vida, Equip de Diagnóstico e Infra - 2025 ri guama",20,"Tabela 22 – Caracterização Hospitalar – Equip de Manutenção da Vida, Equip de Diagnóstico e Infra - 2025 ri guama","..\..\Desktop\tabelas-powerBI\6 Guamá\Tabela 22 – Caracterização Hospitalar – Equip de Manutenção da Vida, Equip de Diagnóstico e Infra - 2025 ri guama.xlsx",Guamá,2860,227.0
Colares,6 Guamá,22,"Tabela 22 – Caracterização Hospitalar – Equip de Manutenção da Vida, Equip de Diagnóstico e Infra - 2025 ri guama",20,"Tabela 22 – Caracterização Hospitalar – Equip de Manutenção da Vida, Equip de Diagnóstico e Infra - 2025 ri guama","..\..\Desktop\tabelas-powerBI\6 Guamá\Tabela 22 – Caracterização Hospitalar – Equip de Manutenção da Vida, Equip de Diagnóstico e Infra - 2025 ri guama.xlsx",Guamá,2860,0.0
Curuçá,6 Guamá,22,"Tabela 22 – Caracterização Hospitalar – Equip de Manutenção da Vida, Equip de Diagnóstico e Infra - 2025 ri guama",20,"Tabela 22 – Caracterização Hospitalar – Equip de Manutenção da Vida, Equip de Diagnóstico e Infra - 2025 ri guama","..\..\Desktop\tabelas-powerBI\6 Guamá\Tabela 22 – Caracterização Hospitalar – Equip de Manutenção da Vida, Equip de Diagnóstico e Infra - 2025 ri guama.xlsx",Guamá,2860,1.0
Igarapé-Açu,6 Guamá,22,"Tabela 22 – Caracterização Hospitalar – Equip de Manutenção da Vida, Equip de Diagnóstico e Infra - 2025 ri guama",20,"Tabela 22 – Caracterização Hospitalar – Equip de Manutenção da Vida, Equip de Diagnóstico e Infra - 2025 ri guama","..\..\Desktop\tabelas-powerBI\6 Guamá\Tabela 22 – Caracterização Hospitalar – Equip de Manutenção da Vida, Equip de Diagnóstico e Infra - 2025 ri guama.xlsx",Guamá,2860,2.0
Inhangapi,6 Guamá,22,"Tabela 22 – Caracterização Hospitalar – Equip de Manutenção da Vida, Equip de Diagnóstico e Infra - 2025 ri guama",20,"Tabela 22 – Caracterização Hospitalar – Equip de Manutenção da Vida, Equip de Diagnóstico e Infra - 2025 ri guama","..\..\Desktop\tabelas-powerBI\6 Guamá\Tabela 22 – Caracterização Hospitalar – Equip de Manutenção da Vida, Equip de Diagnóstico e Infra - 2025 ri guama.xlsx",Guamá,2860,0.0
Magalhães Barata,6 Guamá,22,"Tabela 22 – Caracterização Hospitalar – Equip de Manutenção da Vida, Equip de Diagnóstico e Infra - 2025 ri guama",20,"Tabela 22 – Caracterização Hospitalar – Equip de Manutenção da Vida, Equip de Diagnóstico e Infra - 2025 ri guama","..\..\Desktop\tabelas-powerBI\6 Guamá\Tabela 22 – Caracterização Hospitalar – Equip de Manutenção da Vida, Equip de Diagnóstico e Infra - 2025 ri guama.xlsx",Guamá,2860,0.0
Maracanã,6 Guamá,22,"Tabela 22 – Caracterização Hospitalar – Equip de Manutenção da Vida, Equip de Diagnóstico e Infra - 2025 ri guama",20,"Tabela 22 – Caracterização Hospitalar – Equip de Manutenção da Vida, Equip de Diagnóstico e Infra - 2025 ri guama","..\..\Desktop\tabelas-powerBI\6 Guamá\Tabela 22 – Caracterização Hospitalar – Equip de Manutenção da Vida, Equip de Diagnóstico e Infra - 2025 ri guama.xlsx",Guamá,2860,0.0
Marapanim,6 Guamá,22,"Tabela 22 – Caracterização Hospitalar – Equip de Manutenção da Vida, Equip de Diagnóstico e Infra - 2025 ri guama",20,"Tabela 22 – Caracterização Hospitalar – Equip de Manutenção da Vida, Equip de Diagnóstico e Infra - 2025 ri guama","..\..\Desktop\tabelas-powerBI\6 Guamá\Tabela 22 – Caracterização Hospitalar – Equip de Manutenção da Vida, Equip de Diagnóstico e Infra - 2025 ri guama.xlsx",Guamá,2860,0.0
Santa Izabel do Pará,6 Guamá,22,"Tabela 22 – Caracterização Hospitalar – Equip de Manutenção da Vida, Equip de Diagnóstico e Infra - 2025 ri guama",20,"Tabela 22 – Caracterização Hospitalar – Equip de Manutenção da Vida, Equip de Diagnóstico e Infra - 2025 ri guama","..\..\Desktop\tabelas-powerBI\6 Guamá\Tabela 22 – Caracterização Hospitalar – Equip de Manutenção da Vida, Equip de Diagnóstico e Infra - 2025 ri guama.xlsx",Guamá,2860,0.0
Santa Maria do Pará,6 Guamá,22,"Tabela 22 – Caracterização Hospitalar – Equip de Manutenção da Vida, Equip de Diagnóstico e Infra - 2025 ri guama",20,"Tabela 22 – Caracterização Hospitalar – Equip de Manutenção da Vida, Equip de Diagnóstico e Infra - 2025 ri guama","..\..\Desktop\tabelas-powerBI\6 Guamá\Tabela 22 – Caracterização Hospitalar – Equip de Manutenção da Vida, Equip de Diagnóstico e Infra - 2025 ri guama.xlsx",Guamá,2860,0.0
Santo Antônio do Tauá,6 Guamá,22,"Tabela 22 – Caracterização Hospitalar – Equip de Manutenção da Vida, Equip de Diagnóstico e Infra - 2025 ri guama",20,"Tabela 22 – Caracterização Hospitalar – Equip de Manutenção da Vida, Equip de Diagnóstico e Infra - 2025 ri guama","..\..\Desktop\tabelas-powerBI\6 Guamá\Tabela 22 – Caracterização Hospitalar – Equip de Manutenção da Vida, Equip de Diagnóstico e Infra - 2025 ri guama.xlsx",Guamá,2860,1.0
São Caetano de Odivelas,6 Guamá,22,"Tabela 22 – Caracterização Hospitalar – Equip de Manutenção da Vida, Equip de Diagnóstico e Infra - 2025 ri guama",20,"Tabela 22 – Caracterização Hospitalar – Equip de Manutenção da Vida, Equip de Diagnóstico e Infra - 2025 ri guama","..\..\Desktop\tabelas-powerBI\6 Guamá\Tabela 22 – Caracterização Hospitalar – Equip de Manutenção da Vida, Equip de Diagnóstico e Infra - 2025 ri guama.xlsx",Guamá,2860,0.0
São Domingos do Capim,6 Guamá,22,"Tabela 22 – Caracterização Hospitalar – Equip de Manutenção da Vida, Equip de Diagnóstico e Infra - 2025 ri guama",20,"Tabela 22 – Caracterização Hospitalar – Equip de Manutenção da Vida, Equip de Diagnóstico e Infra - 2025 ri guama","..\..\Desktop\tabelas-powerBI\6 Guamá\Tabela 22 – Caracterização Hospitalar – Equip de Manutenção da Vida, Equip de Diagnóstico e Infra - 2025 ri guama.xlsx",Guamá,2860,0.0
São Francisco do Pará,6 Guamá,22,"Tabela 22 – Caracterização Hospitalar – Equip de Manutenção da Vida, Equip de Diagnóstico e Infra - 2025 ri guama",20,"Tabela 22 – Caracterização Hospitalar – Equip de Manutenção da Vida, Equip de Diagnóstico e Infra - 2025 ri guama","..\..\Desktop\tabelas-powerBI\6 Guamá\Tabela 22 – Caracterização Hospitalar – Equip de Manutenção da Vida, Equip de Diagnóstico e Infra - 2025 ri guama.xlsx",Guamá,2860,0.0
São João da Ponta,6 Guamá,22,"Tabela 22 – Caracterização Hospitalar – Equip de Manutenção da Vida, Equip de Diagnóstico e Infra - 2025 ri guama",20,"Tabela 22 – Caracterização Hospitalar – Equip de Manutenção da Vida, Equip de Diagnóstico e Infra - 2025 ri guama","..\..\Desktop\tabelas-powerBI\6 Guamá\Tabela 22 – Caracterização Hospitalar – Equip de Manutenção da Vida, Equip de Diagnóstico e Infra - 2025 ri guama.xlsx",Guamá,2860,0.0
São Miguel do Guamá,6 Guamá,22,"Tabela 22 – Caracterização Hospitalar – Equip de Manutenção da Vida, Equip de Diagnóstico e Infra - 2025 ri guama",20,"Tabela 22 – Caracterização Hospitalar – Equip de Manutenção da Vida, Equip de Diagnóstico e Infra - 2025 ri guama","..\..\Desktop\tabelas-powerBI\6 Guamá\Tabela 22 – Caracterização Hospitalar – Equip de Manutenção da Vida, Equip de Diagnóstico e Infra - 2025 ri guama.xlsx",Guamá,2860,2.0
Terra Alta,6 Guamá,22,"Tabela 22 – Caracterização Hospitalar – Equip de Manutenção da Vida, Equip de Diagnóstico e Infra - 2025 ri guama",20,"Tabela 22 – Caracterização Hospitalar – Equip de Manutenção da Vida, Equip de Diagnóstico e Infra - 2025 ri guama","..\..\Desktop\tabelas-powerBI\6 Guamá\Tabela 22 – Caracterização Hospitalar – Equip de Manutenção da Vida, Equip de Diagnóstico e Infra - 2025 ri guama.xlsx",Guamá,2860,0.0
Vigia,6 Guamá,22,"Tabela 22 – Caracterização Hospitalar – Equip de Manutenção da Vida, Equip de Diagnóstico e Infra - 2025 ri guama",20,"Tabela 22 – Caracterização Hospitalar – Equip de Manutenção da Vida, Equip de Diagnóstico e Infra - 2025 ri guama","..\..\Desktop\tabelas-powerBI\6 Guamá\Tabela 22 – Caracterização Hospitalar – Equip de Manutenção da Vida, Equip de Diagnóstico e Infra - 2025 ri guama.xlsx",Guamá,2860,0.0
Fonte: DATASUS,6 Guamá,22,"Tabela 22 – Caracterização Hospitalar – Equip de Manutenção da Vida, Equip de Diagnóstico e Infra - 2025 ri guama",20,"Tabela 22 – Caracterização Hospitalar – Equip de Manutenção da Vida, Equip de Diagnóstico e Infra - 2025 ri guama","..\..\Desktop\tabelas-powerBI\6 Guamá\Tabela 22 – Caracterização Hospitalar – Equip de Manutenção da Vida, Equip de Diagnóstico e Infra - 2025 ri guama.xlsx",Guamá,2860,
Elaboração: FAPESPA,6 Guamá,22,"Tabela 22 – Caracterização Hospitalar – Equip de Manutenção da Vida, Equip de Diagnóstico e Infra - 2025 ri guama",20,"Tabela 22 – Caracterização Hospitalar – Equip de Manutenção da Vida, Equip de Diagnóstico e Infra - 2025 ri guama","..\..\Desktop\tabelas-powerBI\6 Guamá\Tabela 22 – Caracterização Hospitalar – Equip de Manutenção da Vida, Equip de Diagnóstico e Infra - 2025 ri guama.xlsx",Guamá,2860,
*Nota: Dados referentes a Outubro/2025.,6 Guamá,22,"Tabela 22 – Caracterização Hospitalar – Equip de Manutenção da Vida, Equip de Diagnóstico e Infra - 2025 ri guama",20,"Tabela 22 – Caracterização Hospitalar – Equip de Manutenção da Vida, Equip de Diagnóstico e Infra - 2025 ri guama","..\..\Desktop\tabelas-powerBI\6 Guamá\Tabela 22 – Caracterização Hospitalar – Equip de Manutenção da Vida, Equip de Diagnóstico e Infra - 2025 ri guama.xlsx",Guamá,2860,
RI Guamá,6 Guamá,22,"Tabela 22 – Caracterização Hospitalar – Equip de Manutenção da Vida, Equip de Diagnóstico e Infra - 2025 ri guama",20,"Tabela 22 – Caracterização Hospitalar – Equip de Manutenção da Vida, Equip de Diagnóstico e Infra - 2025 ri guama","..\..\Desktop\tabelas-powerBI\6 Guamá\Tabela 22 – Caracterização Hospitalar – Equip de Manutenção da Vida, Equip de Diagnóstico e Infra - 2025 ri guama.xlsx",Guamá,2827,235.0
Castanhal,6 Guamá,22,"Tabela 22 – Caracterização Hospitalar – Equip de Manutenção da Vida, Equip de Diagnóstico e Infra - 2025 ri guama",20,"Tabela 22 – Caracterização Hospitalar – Equip de Manutenção da Vida, Equip de Diagnóstico e Infra - 2025 ri guama","..\..\Desktop\tabelas-powerBI\6 Guamá\Tabela 22 – Caracterização Hospitalar – Equip de Manutenção da Vida, Equip de Diagnóstico e Infra - 2025 ri guama.xlsx",Guamá,2827,220.0
Colares,6 Guamá,22,"Tabela 22 – Caracterização Hospitalar – Equip de Manutenção da Vida, Equip de Diagnóstico e Infra - 2025 ri guama",20,"Tabela 22 – Caracterização Hospitalar – Equip de Manutenção da Vida, Equip de Diagnóstico e Infra - 2025 ri guama","..\..\Desktop\tabelas-powerBI\6 Guamá\Tabela 22 – Caracterização Hospitalar – Equip de Manutenção da Vida, Equip de Diagnóstico e Infra - 2025 ri guama.xlsx",Guamá,2827,0.0
Curuçá,6 Guamá,22,"Tabela 22 – Caracterização Hospitalar – Equip de Manutenção da Vida, Equip de Diagnóstico e Infra - 2025 ri guama",20,"Tabela 22 – Caracterização Hospitalar – Equip de Manutenção da Vida, Equip de Diagnóstico e Infra - 2025 ri guama","..\..\Desktop\tabelas-powerBI\6 Guamá\Tabela 22 – Caracterização Hospitalar – Equip de Manutenção da Vida, Equip de Diagnóstico e Infra - 2025 ri guama.xlsx",Guamá,2827,1.0
Igarapé-Açu,6 Guamá,22,"Tabela 22 – Caracterização Hospitalar – Equip de Manutenção da Vida, Equip de Diagnóstico e Infra - 2025 ri guama",20,"Tabela 22 – Caracterização Hospitalar – Equip de Manutenção da Vida, Equip de Diagnóstico e Infra - 2025 ri guama","..\..\Desktop\tabelas-powerBI\6 Guamá\Tabela 22 – Caracterização Hospitalar – Equip de Manutenção da Vida, Equip de Diagnóstico e Infra - 2025 ri guama.xlsx",Guamá,2827,3.0
Inhangapi,6 Guamá,22,"Tabela 22 – Caracterização Hospitalar – Equip de Manutenção da Vida, Equip de Diagnóstico e Infra - 2025 ri guama",20,"Tabela 22 – Caracterização Hospitalar – Equip de Manutenção da Vida, Equip de Diagnóstico e Infra - 2025 ri guama","..\..\Desktop\tabelas-powerBI\6 Guamá\Tabela 22 – Caracterização Hospitalar – Equip de Manutenção da Vida, Equip de Diagnóstico e Infra - 2025 ri guama.xlsx",Guamá,2827,0.0
Magalhães Barata,6 Guamá,22,"Tabela 22 – Caracterização Hospitalar – Equip de Manutenção da Vida, Equip de Diagnóstico e Infra - 2025 ri guama",20,"Tabela 22 – Caracterização Hospitalar – Equip de Manutenção da Vida, Equip de Diagnóstico e Infra - 2025 ri guama","..\..\Desktop\tabelas-powerBI\6 Guamá\Tabela 22 – Caracterização Hospitalar – Equip de Manutenção da Vida, Equip de Diagnóstico e Infra - 2025 ri guama.xlsx",Guamá,2827,0.0
Maracanã,6 Guamá,22,"Tabela 22 – Caracterização Hospitalar – Equip de Manutenção da Vida, Equip de Diagnóstico e Infra - 2025 ri guama",20,"Tabela 22 – Caracterização Hospitalar – Equip de Manutenção da Vida, Equip de Diagnóstico e Infra - 2025 ri guama","..\..\Desktop\tabelas-powerBI\6 Guamá\Tabela 22 – Caracterização Hospitalar – Equip de Manutenção da Vida, Equip de Diagnóstico e Infra - 2025 ri guama.xlsx",Guamá,2827,1.0
Marapanim,6 Guamá,22,"Tabela 22 – Caracterização Hospitalar – Equip de Manutenção da Vida, Equip de Diagnóstico e Infra - 2025 ri guama",20,"Tabela 22 – Caracterização Hospitalar – Equip de Manutenção da Vida, Equip de Diagnóstico e Infra - 2025 ri guama","..\..\Desktop\tabelas-powerBI\6 Guamá\Tabela 22 – Caracterização Hospitalar – Equip de Manutenção da Vida, Equip de Diagnóstico e Infra - 2025 ri guama.xlsx",Guamá,2827,0.0
Santa Izabel do Pará,6 Guamá,22,"Tabela 22 – Caracterização Hospitalar – Equip de Manutenção da Vida, Equip de Diagnóstico e Infra - 2025 ri guama",20,"Tabela 22 – Caracterização Hospitalar – Equip de Manutenção da Vida, Equip de Diagnóstico e Infra - 2025 ri guama","..\..\Desktop\tabelas-powerBI\6 Guamá\Tabela 22 – Caracterização Hospitalar – Equip de Manutenção da Vida, Equip de Diagnóstico e Infra - 2025 ri guama.xlsx",Guamá,2827,1.0
Santa Maria do Pará,6 Guamá,22,"Tabela 22 – Caracterização Hospitalar – Equip de Manutenção da Vida, Equip de Diagnóstico e Infra - 2025 ri guama",20,"Tabela 22 – Caracterização Hospitalar – Equip de Manutenção da Vida, Equip de Diagnóstico e Infra - 2025 ri guama","..\..\Desktop\tabelas-powerBI\6 Guamá\Tabela 22 – Caracterização Hospitalar – Equip de Manutenção da Vida, Equip de Diagnóstico e Infra - 2025 ri guama.xlsx",Guamá,2827,1.0
Santo Antônio do Tauá,6 Guamá,22,"Tabela 22 – Caracterização Hospitalar – Equip de Manutenção da Vida, Equip de Diagnóstico e Infra - 2025 ri guama",20,"Tabela 22 – Caracterização Hospitalar – Equip de Manutenção da Vida, Equip de Diagnóstico e Infra - 2025 ri guama","..\..\Desktop\tabelas-powerBI\6 Guamá\Tabela 22 – Caracterização Hospitalar – Equip de Manutenção da Vida, Equip de Diagnóstico e Infra - 2025 ri guama.xlsx",Guamá,2827,4.0
São Caetano de Odivelas,6 Guamá,22,"Tabela 22 – Caracterização Hospitalar – Equip de Manutenção da Vida, Equip de Diagnóstico e Infra - 2025 ri guama",20,"Tabela 22 – Caracterização Hospitalar – Equip de Manutenção da Vida, Equip de Diagnóstico e Infra - 2025 ri guama","..\..\Desktop\tabelas-powerBI\6 Guamá\Tabela 22 – Caracterização Hospitalar – Equip de Manutenção da Vida, Equip de Diagnóstico e Infra - 2025 ri guama.xlsx",Guamá,2827,0.0
São Domingos do Capim,6 Guamá,22,"Tabela 22 – Caracterização Hospitalar – Equip de Manutenção da Vida, Equip de Diagnóstico e Infra - 2025 ri guama",20,"Tabela 22 – Caracterização Hospitalar – Equip de Manutenção da Vida, Equip de Diagnóstico e Infra - 2025 ri guama","..\..\Desktop\tabelas-powerBI\6 Guamá\Tabela 22 – Caracterização Hospitalar – Equip de Manutenção da Vida, Equip de Diagnóstico e Infra - 2025 ri guama.xlsx",Guamá,2827,1.0
São Francisco do Pará,6 Guamá,22,"Tabela 22 – Caracterização Hospitalar – Equip de Manutenção da Vida, Equip de Diagnóstico e Infra - 2025 ri guama",20,"Tabela 22 – Caracterização Hospitalar – Equip de Manutenção da Vida, Equip de Diagnóstico e Infra - 2025 ri guama","..\..\Desktop\tabelas-powerBI\6 Guamá\Tabela 22 – Caracterização Hospitalar – Equip de Manutenção da Vida, Equip de Diagnóstico e Infra - 2025 ri guama.xlsx",Guamá,2827,0.0
São João da Ponta,6 Guamá,22,"Tabela 22 – Caracterização Hospitalar – Equip de Manutenção da Vida, Equip de Diagnóstico e Infra - 2025 ri guama",20,"Tabela 22 – Caracterização Hospitalar – Equip de Manutenção da Vida, Equip de Diagnóstico e Infra - 2025 ri guama","..\..\Desktop\tabelas-powerBI\6 Guamá\Tabela 22 – Caracterização Hospitalar – Equip de Manutenção da Vida, Equip de Diagnóstico e Infra - 2025 ri guama.xlsx",Guamá,2827,0.0
São Miguel do Guamá,6 Guamá,22,"Tabela 22 – Caracterização Hospitalar – Equip de Manutenção da Vida, Equip de Diagnóstico e Infra - 2025 ri guama",20,"Tabela 22 – Caracterização Hospitalar – Equip de Manutenção da Vida, Equip de Diagnóstico e Infra - 2025 ri guama","..\..\Desktop\tabelas-powerBI\6 Guamá\Tabela 22 – Caracterização Hospitalar – Equip de Manutenção da Vida, Equip de Diagnóstico e Infra - 2025 ri guama.xlsx",Guamá,2827,3.0
Terra Alta,6 Guamá,22,"Tabela 22 – Caracterização Hospitalar – Equip de Manutenção da Vida, Equip de Diagnóstico e Infra - 2025 ri guama",20,"Tabela 22 – Caracterização Hospitalar – Equip de Manutenção da Vida, Equip de Diagnóstico e Infra - 2025 ri guama","..\..\Desktop\tabelas-powerBI\6 Guamá\Tabela 22 – Caracterização Hospitalar – Equip de Manutenção da Vida, Equip de Diagnóstico e Infra - 2025 ri guama.xlsx",Guamá,2827,0.0
Vigia,6 Guamá,22,"Tabela 22 – Caracterização Hospitalar – Equip de Manutenção da Vida, Equip de Diagnóstico e Infra - 2025 ri guama",20,"Tabela 22 – Caracterização Hospitalar – Equip de Manutenção da Vida, Equip de Diagnóstico e Infra - 2025 ri guama","..\..\Desktop\tabelas-powerBI\6 Guamá\Tabela 22 – Caracterização Hospitalar – Equip de Manutenção da Vida, Equip de Diagnóstico e Infra - 2025 ri guama.xlsx",Guamá,2827,0.0
Fonte: DATASUS,6 Guamá,22,"Tabela 22 – Caracterização Hospitalar – Equip de Manutenção da Vida, Equip de Diagnóstico e Infra - 2025 ri guama",20,"Tabela 22 – Caracterização Hospitalar – Equip de Manutenção da Vida, Equip de Diagnóstico e Infra - 2025 ri guama","..\..\Desktop\tabelas-powerBI\6 Guamá\Tabela 22 – Caracterização Hospitalar – Equip de Manutenção da Vida, Equip de Diagnóstico e Infra - 2025 ri guama.xlsx",Guamá,2827,
Elaboração: FAPESPA,6 Guamá,22,"Tabela 22 – Caracterização Hospitalar – Equip de Manutenção da Vida, Equip de Diagnóstico e Infra - 2025 ri guama",20,"Tabela 22 – Caracterização Hospitalar – Equip de Manutenção da Vida, Equip de Diagnóstico e Infra - 2025 ri guama","..\..\Desktop\tabelas-powerBI\6 Guamá\Tabela 22 – Caracterização Hospitalar – Equip de Manutenção da Vida, Equip de Diagnóstico e Infra - 2025 ri guama.xlsx",Guamá,2827,
*Nota: Dados referentes a Outubro/2025.,6 Guamá,22,"Tabela 22 – Caracterização Hospitalar – Equip de Manutenção da Vida, Equip de Diagnóstico e Infra - 2025 ri guama",20,"Tabela 22 – Caracterização Hospitalar – Equip de Manutenção da Vida, Equip de Diagnóstico e Infra - 2025 ri guama","..\..\Desktop\tabelas-powerBI\6 Guamá\Tabela 22 – Caracterização Hospitalar – Equip de Manutenção da Vida, Equip de Diagnóstico e Infra - 2025 ri guama.xlsx",Guamá,2827,
RI Guamá,6 Guamá,22,"Tabela 22 – Caracterização Hospitalar – Equip de Manutenção da Vida, Equip de Diagnóstico e Infra - 2025 ri guama",20,"Tabela 22 – Caracterização Hospitalar – Equip de Manutenção da Vida, Equip de Diagnóstico e Infra - 2025 ri guama","..\..\Desktop\tabelas-powerBI\6 Guamá\Tabela 22 – Caracterização Hospitalar – Equip de Manutenção da Vida, Equip de Diagnóstico e Infra - 2025 ri guama.xlsx",Guamá,2630,235.0
Castanhal,6 Guamá,22,"Tabela 22 – Caracterização Hospitalar – Equip de Manutenção da Vida, Equip de Diagnóstico e Infra - 2025 ri guama",20,"Tabela 22 – Caracterização Hospitalar – Equip de Manutenção da Vida, Equip de Diagnóstico e Infra - 2025 ri guama","..\..\Desktop\tabelas-powerBI\6 Guamá\Tabela 22 – Caracterização Hospitalar – Equip de Manutenção da Vida, Equip de Diagnóstico e Infra - 2025 ri guama.xlsx",Guamá,2630,220.0
Colares,6 Guamá,22,"Tabela 22 – Caracterização Hospitalar – Equip de Manutenção da Vida, Equip de Diagnóstico e Infra - 2025 ri guama",20,"Tabela 22 – Caracterização Hospitalar – Equip de Manutenção da Vida, Equip de Diagnóstico e Infra - 2025 ri guama","..\..\Desktop\tabelas-powerBI\6 Guamá\Tabela 22 – Caracterização Hospitalar – Equip de Manutenção da Vida, Equip de Diagnóstico e Infra - 2025 ri guama.xlsx",Guamá,2630,0.0
Curuçá,6 Guamá,22,"Tabela 22 – Caracterização Hospitalar – Equip de Manutenção da Vida, Equip de Diagnóstico e Infra - 2025 ri guama",20,"Tabela 22 – Caracterização Hospitalar – Equip de Manutenção da Vida, Equip de Diagnóstico e Infra - 2025 ri guama","..\..\Desktop\tabelas-powerBI\6 Guamá\Tabela 22 – Caracterização Hospitalar – Equip de Manutenção da Vida, Equip de Diagnóstico e Infra - 2025 ri guama.xlsx",Guamá,2630,1.0
Igarapé-Açu,6 Guamá,22,"Tabela 22 – Caracterização Hospitalar – Equip de Manutenção da Vida, Equip de Diagnóstico e Infra - 2025 ri guama",20,"Tabela 22 – Caracterização Hospitalar – Equip de Manutenção da Vida, Equip de Diagnóstico e Infra - 2025 ri guama","..\..\Desktop\tabelas-powerBI\6 Guamá\Tabela 22 – Caracterização Hospitalar – Equip de Manutenção da Vida, Equip de Diagnóstico e Infra - 2025 ri guama.xlsx",Guamá,2630,3.0
Inhangapi,6 Guamá,22,"Tabela 22 – Caracterização Hospitalar – Equip de Manutenção da Vida, Equip de Diagnóstico e Infra - 2025 ri guama",20,"Tabela 22 – Caracterização Hospitalar – Equip de Manutenção da Vida, Equip de Diagnóstico e Infra - 2025 ri guama","..\..\Desktop\tabelas-powerBI\6 Guamá\Tabela 22 – Caracterização Hospitalar – Equip de Manutenção da Vida, Equip de Diagnóstico e Infra - 2025 ri guama.xlsx",Guamá,2630,0.0
Magalhães Barata,6 Guamá,22,"Tabela 22 – Caracterização Hospitalar – Equip de Manutenção da Vida, Equip de Diagnóstico e Infra - 2025 ri guama",20,"Tabela 22 – Caracterização Hospitalar – Equip de Manutenção da Vida, Equip de Diagnóstico e Infra - 2025 ri guama","..\..\Desktop\tabelas-powerBI\6 Guamá\Tabela 22 – Caracterização Hospitalar – Equip de Manutenção da Vida, Equip de Diagnóstico e Infra - 2025 ri guama.xlsx",Guamá,2630,0.0
Maracanã,6 Guamá,22,"Tabela 22 – Caracterização Hospitalar – Equip de Manutenção da Vida, Equip de Diagnóstico e Infra - 2025 ri guama",20,"Tabela 22 – Caracterização Hospitalar – Equip de Manutenção da Vida, Equip de Diagnóstico e Infra - 2025 ri guama","..\..\Desktop\tabelas-powerBI\6 Guamá\Tabela 22 – Caracterização Hospitalar – Equip de Manutenção da Vida, Equip de Diagnóstico e Infra - 2025 ri guama.xlsx",Guamá,2630,1.0
Marapanim,6 Guamá,22,"Tabela 22 – Caracterização Hospitalar – Equip de Manutenção da Vida, Equip de Diagnóstico e Infra - 2025 ri guama",20,"Tabela 22 – Caracterização Hospitalar – Equip de Manutenção da Vida, Equip de Diagnóstico e Infra - 2025 ri guama","..\..\Desktop\tabelas-powerBI\6 Guamá\Tabela 22 – Caracterização Hospitalar – Equip de Manutenção da Vida, Equip de Diagnóstico e Infra - 2025 ri guama.xlsx",Guamá,2630,0.0
Santa Izabel do Pará,6 Guamá,22,"Tabela 22 – Caracterização Hospitalar – Equip de Manutenção da Vida, Equip de Diagnóstico e Infra - 2025 ri guama",20,"Tabela 22 – Caracterização Hospitalar – Equip de Manutenção da Vida, Equip de Diagnóstico e Infra - 2025 ri guama","..\..\Desktop\tabelas-powerBI\6 Guamá\Tabela 22 – Caracterização Hospitalar – Equip de Manutenção da Vida, Equip de Diagnóstico e Infra - 2025 ri guama.xlsx",Guamá,2630,1.0
Santa Maria do Pará,6 Guamá,22,"Tabela 22 – Caracterização Hospitalar – Equip de Manutenção da Vida, Equip de Diagnóstico e Infra - 2025 ri guama",20,"Tabela 22 – Caracterização Hospitalar – Equip de Manutenção da Vida, Equip de Diagnóstico e Infra - 2025 ri guama","..\..\Desktop\tabelas-powerBI\6 Guamá\Tabela 22 – Caracterização Hospitalar – Equip de Manutenção da Vida, Equip de Diagnóstico e Infra - 2025 ri guama.xlsx",Guamá,2630,1.0
Santo Antônio do Tauá,6 Guamá,22,"Tabela 22 – Caracterização Hospitalar – Equip de Manutenção da Vida, Equip de Diagnóstico e Infra - 2025 ri guama",20,"Tabela 22 – Caracterização Hospitalar – Equip de Manutenção da Vida, Equip de Diagnóstico e Infra - 2025 ri guama","..\..\Desktop\tabelas-powerBI\6 Guamá\Tabela 22 – Caracterização Hospitalar – Equip de Manutenção da Vida, Equip de Diagnóstico e Infra - 2025 ri guama.xlsx",Guamá,2630,4.0
São Caetano de Odivelas,6 Guamá,22,"Tabela 22 – Caracterização Hospitalar – Equip de Manutenção da Vida, Equip de Diagnóstico e Infra - 2025 ri guama",20,"Tabela 22 – Caracterização Hospitalar – Equip de Manutenção da Vida, Equip de Diagnóstico e Infra - 2025 ri guama","..\..\Desktop\tabelas-powerBI\6 Guamá\Tabela 22 – Caracterização Hospitalar – Equip de Manutenção da Vida, Equip de Diagnóstico e Infra - 2025 ri guama.xlsx",Guamá,2630,0.0
São Domingos do Capim,6 Guamá,22,"Tabela 22 – Caracterização Hospitalar – Equip de Manutenção da Vida, Equip de Diagnóstico e Infra - 2025 ri guama",20,"Tabela 22 – Caracterização Hospitalar – Equip de Manutenção da Vida, Equip de Diagnóstico e Infra - 2025 ri guama","..\..\Desktop\tabelas-powerBI\6 Guamá\Tabela 22 – Caracterização Hospitalar – Equip de Manutenção da Vida, Equip de Diagnóstico e Infra - 2025 ri guama.xlsx",Guamá,2630,1.0
São Francisco do Pará,6 Guamá,22,"Tabela 22 – Caracterização Hospitalar – Equip de Manutenção da Vida, Equip de Diagnóstico e Infra - 2025 ri guama",20,"Tabela 22 – Caracterização Hospitalar – Equip de Manutenção da Vida, Equip de Diagnóstico e Infra - 2025 ri guama","..\..\Desktop\tabelas-powerBI\6 Guamá\Tabela 22 – Caracterização Hospitalar – Equip de Manutenção da Vida, Equip de Diagnóstico e Infra - 2025 ri guama.xlsx",Guamá,2630,0.0
São João da Ponta,6 Guamá,22,"Tabela 22 – Caracterização Hospitalar – Equip de Manutenção da Vida, Equip de Diagnóstico e Infra - 2025 ri guama",20,"Tabela 22 – Caracterização Hospitalar – Equip de Manutenção da Vida, Equip de Diagnóstico e Infra - 2025 ri guama","..\..\Desktop\tabelas-powerBI\6 Guamá\Tabela 22 – Caracterização Hospitalar – Equip de Manutenção da Vida, Equip de Diagnóstico e Infra - 2025 ri guama.xlsx",Guamá,2630,0.0
São Miguel do Guamá,6 Guamá,22,"Tabela 22 – Caracterização Hospitalar – Equip de Manutenção da Vida, Equip de Diagnóstico e Infra - 2025 ri guama",20,"Tabela 22 – Caracterização Hospitalar – Equip de Manutenção da Vida, Equip de Diagnóstico e Infra - 2025 ri guama","..\..\Desktop\tabelas-powerBI\6 Guamá\Tabela 22 – Caracterização Hospitalar – Equip de Manutenção da Vida, Equip de Diagnóstico e Infra - 2025 ri guama.xlsx",Guamá,2630,3.0
Terra Alta,6 Guamá,22,"Tabela 22 – Caracterização Hospitalar – Equip de Manutenção da Vida, Equip de Diagnóstico e Infra - 2025 ri guama",20,"Tabela 22 – Caracterização Hospitalar – Equip de Manutenção da Vida, Equip de Diagnóstico e Infra - 2025 ri guama","..\..\Desktop\tabelas-powerBI\6 Guamá\Tabela 22 – Caracterização Hospitalar – Equip de Manutenção da Vida, Equip de Diagnóstico e Infra - 2025 ri guama.xlsx",Guamá,2630,0.0
Vigia,6 Guamá,22,"Tabela 22 – Caracterização Hospitalar – Equip de Manutenção da Vida, Equip de Diagnóstico e Infra - 2025 ri guama",20,"Tabela 22 – Caracterização Hospitalar – Equip de Manutenção da Vida, Equip de Diagnóstico e Infra - 2025 ri guama","..\..\Desktop\tabelas-powerBI\6 Guamá\Tabela 22 – Caracterização Hospitalar – Equip de Manutenção da Vida, Equip de Diagnóstico e Infra - 2025 ri guama.xlsx",Guamá,2630,0.0
Fonte: DATASUS,6 Guamá,22,"Tabela 22 – Caracterização Hospitalar – Equip de Manutenção da Vida, Equip de Diagnóstico e Infra - 2025 ri guama",20,"Tabela 22 – Caracterização Hospitalar – Equip de Manutenção da Vida, Equip de Diagnóstico e Infra - 2025 ri guama","..\..\Desktop\tabelas-powerBI\6 Guamá\Tabela 22 – Caracterização Hospitalar – Equip de Manutenção da Vida, Equip de Diagnóstico e Infra - 2025 ri guama.xlsx",Guamá,2630,
Elaboração: FAPESPA,6 Guamá,22,"Tabela 22 – Caracterização Hospitalar – Equip de Manutenção da Vida, Equip de Diagnóstico e Infra - 2025 ri guama",20,"Tabela 22 – Caracterização Hospitalar – Equip de Manutenção da Vida, Equip de Diagnóstico e Infra - 2025 ri guama","..\..\Desktop\tabelas-powerBI\6 Guamá\Tabela 22 – Caracterização Hospitalar – Equip de Manutenção da Vida, Equip de Diagnóstico e Infra - 2025 ri guama.xlsx",Guamá,2630,
*Nota: Dados referentes a Outubro/2025.,6 Guamá,22,"Tabela 22 – Caracterização Hospitalar – Equip de Manutenção da Vida, Equip de Diagnóstico e Infra - 2025 ri guama",20,"Tabela 22 – Caracterização Hospitalar – Equip de Manutenção da Vida, Equip de Diagnóstico e Infra - 2025 ri guama","..\..\Desktop\tabelas-powerBI\6 Guamá\Tabela 22 – Caracterização Hospitalar – Equip de Manutenção da Vida, Equip de Diagnóstico e Infra - 2025 ri guama.xlsx",Guamá,2630,
RI Guamá,6 Guamá,22,"Tabela 22 – Caracterização Hospitalar – Equip de Manutenção da Vida, Equip de Diagnóstico e Infra - 2025 ri guama",20,"Tabela 22 – Caracterização Hospitalar – Equip de Manutenção da Vida, Equip de Diagnóstico e Infra - 2025 ri guama","..\..\Desktop\tabelas-powerBI\6 Guamá\Tabela 22 – Caracterização Hospitalar – Equip de Manutenção da Vida, Equip de Diagnóstico e Infra - 2025 ri guama.xlsx",Guamá,138,5.0
Castanhal,6 Guamá,22,"Tabela 22 – Caracterização Hospitalar – Equip de Manutenção da Vida, Equip de Diagnóstico e Infra - 2025 ri guama",20,"Tabela 22 – Caracterização Hospitalar – Equip de Manutenção da Vida, Equip de Diagnóstico e Infra - 2025 ri guama","..\..\Desktop\tabelas-powerBI\6 Guamá\Tabela 22 – Caracterização Hospitalar – Equip de Manutenção da Vida, Equip de Diagnóstico e Infra - 2025 ri guama.xlsx",Guamá,138,3.0
Colares,6 Guamá,22,"Tabela 22 – Caracterização Hospitalar – Equip de Manutenção da Vida, Equip de Diagnóstico e Infra - 2025 ri guama",20,"Tabela 22 – Caracterização Hospitalar – Equip de Manutenção da Vida, Equip de Diagnóstico e Infra - 2025 ri guama","..\..\Desktop\tabelas-powerBI\6 Guamá\Tabela 22 – Caracterização Hospitalar – Equip de Manutenção da Vida, Equip de Diagnóstico e Infra - 2025 ri guama.xlsx",Guamá,138,0.0
Curuçá,6 Guamá,22,"Tabela 22 – Caracterização Hospitalar – Equip de Manutenção da Vida, Equip de Diagnóstico e Infra - 2025 ri guama",20,"Tabela 22 – Caracterização Hospitalar – Equip de Manutenção da Vida, Equip de Diagnóstico e Infra - 2025 ri guama","..\..\Desktop\tabelas-powerBI\6 Guamá\Tabela 22 – Caracterização Hospitalar – Equip de Manutenção da Vida, Equip de Diagnóstico e Infra - 2025 ri guama.xlsx",Guamá,138,0.0
Igarapé-Açu,6 Guamá,22,"Tabela 22 – Caracterização Hospitalar – Equip de Manutenção da Vida, Equip de Diagnóstico e Infra - 2025 ri guama",20,"Tabela 22 – Caracterização Hospitalar – Equip de Manutenção da Vida, Equip de Diagnóstico e Infra - 2025 ri guama","..\..\Desktop\tabelas-powerBI\6 Guamá\Tabela 22 – Caracterização Hospitalar – Equip de Manutenção da Vida, Equip de Diagnóstico e Infra - 2025 ri guama.xlsx",Guamá,138,0.0
Inhangapi,6 Guamá,22,"Tabela 22 – Caracterização Hospitalar – Equip de Manutenção da Vida, Equip de Diagnóstico e Infra - 2025 ri guama",20,"Tabela 22 – Caracterização Hospitalar – Equip de Manutenção da Vida, Equip de Diagnóstico e Infra - 2025 ri guama","..\..\Desktop\tabelas-powerBI\6 Guamá\Tabela 22 – Caracterização Hospitalar – Equip de Manutenção da Vida, Equip de Diagnóstico e Infra - 2025 ri guama.xlsx",Guamá,138,0.0
Magalhães Barata,6 Guamá,22,"Tabela 22 – Caracterização Hospitalar – Equip de Manutenção da Vida, Equip de Diagnóstico e Infra - 2025 ri guama",20,"Tabela 22 – Caracterização Hospitalar – Equip de Manutenção da Vida, Equip de Diagnóstico e Infra - 2025 ri guama","..\..\Desktop\tabelas-powerBI\6 Guamá\Tabela 22 – Caracterização Hospitalar – Equip de Manutenção da Vida, Equip de Diagnóstico e Infra - 2025 ri guama.xlsx",Guamá,138,0.0
Maracanã,6 Guamá,22,"Tabela 22 – Caracterização Hospitalar – Equip de Manutenção da Vida, Equip de Diagnóstico e Infra - 2025 ri guama",20,"Tabela 22 – Caracterização Hospitalar – Equip de Manutenção da Vida, Equip de Diagnóstico e Infra - 2025 ri guama","..\..\Desktop\tabelas-powerBI\6 Guamá\Tabela 22 – Caracterização Hospitalar – Equip de Manutenção da Vida, Equip de Diagnóstico e Infra - 2025 ri guama.xlsx",Guamá,138,0.0
Marapanim,6 Guamá,22,"Tabela 22 – Caracterização Hospitalar – Equip de Manutenção da Vida, Equip de Diagnóstico e Infra - 2025 ri guama",20,"Tabela 22 – Caracterização Hospitalar – Equip de Manutenção da Vida, Equip de Diagnóstico e Infra - 2025 ri guama","..\..\Desktop\tabelas-powerBI\6 Guamá\Tabela 22 – Caracterização Hospitalar – Equip de Manutenção da Vida, Equip de Diagnóstico e Infra - 2025 ri guama.xlsx",Guamá,138,0.0
Santa Izabel do Pará,6 Guamá,22,"Tabela 22 – Caracterização Hospitalar – Equip de Manutenção da Vida, Equip de Diagnóstico e Infra - 2025 ri guama",20,"Tabela 22 – Caracterização Hospitalar – Equip de Manutenção da Vida, Equip de Diagnóstico e Infra - 2025 ri guama","..\..\Desktop\tabelas-powerBI\6 Guamá\Tabela 22 – Caracterização Hospitalar – Equip de Manutenção da Vida, Equip de Diagnóstico e Infra - 2025 ri guama.xlsx",Guamá,138,1.0
Santa Maria do Pará,6 Guamá,22,"Tabela 22 – Caracterização Hospitalar – Equip de Manutenção da Vida, Equip de Diagnóstico e Infra - 2025 ri guama",20,"Tabela 22 – Caracterização Hospitalar – Equip de Manutenção da Vida, Equip de Diagnóstico e Infra - 2025 ri guama","..\..\Desktop\tabelas-powerBI\6 Guamá\Tabela 22 – Caracterização Hospitalar – Equip de Manutenção da Vida, Equip de Diagnóstico e Infra - 2025 ri guama.xlsx",Guamá,138,0.0
Santo Antônio do Tauá,6 Guamá,22,"Tabela 22 – Caracterização Hospitalar – Equip de Manutenção da Vida, Equip de Diagnóstico e Infra - 2025 ri guama",20,"Tabela 22 – Caracterização Hospitalar – Equip de Manutenção da Vida, Equip de Diagnóstico e Infra - 2025 ri guama","..\..\Desktop\tabelas-powerBI\6 Guamá\Tabela 22 – Caracterização Hospitalar – Equip de Manutenção da Vida, Equip de Diagnóstico e Infra - 2025 ri guama.xlsx",Guamá,138,1.0
São Caetano de Odivelas,6 Guamá,22,"Tabela 22 – Caracterização Hospitalar – Equip de Manutenção da Vida, Equip de Diagnóstico e Infra - 2025 ri guama",20,"Tabela 22 – Caracterização Hospitalar – Equip de Manutenção da Vida, Equip de Diagnóstico e Infra - 2025 ri guama","..\..\Desktop\tabelas-powerBI\6 Guamá\Tabela 22 – Caracterização Hospitalar – Equip de Manutenção da Vida, Equip de Diagnóstico e Infra - 2025 ri guama.xlsx",Guamá,138,0.0
São Domingos do Capim,6 Guamá,22,"Tabela 22 – Caracterização Hospitalar – Equip de Manutenção da Vida, Equip de Diagnóstico e Infra - 2025 ri guama",20,"Tabela 22 – Caracterização Hospitalar – Equip de Manutenção da Vida, Equip de Diagnóstico e Infra - 2025 ri guama","..\..\Desktop\tabelas-powerBI\6 Guamá\Tabela 22 – Caracterização Hospitalar – Equip de Manutenção da Vida, Equip de Diagnóstico e Infra - 2025 ri guama.xlsx",Guamá,138,0.0
São Francisco do Pará,6 Guamá,22,"Tabela 22 – Caracterização Hospitalar – Equip de Manutenção da Vida, Equip de Diagnóstico e Infra - 2025 ri guama",20,"Tabela 22 – Caracterização Hospitalar – Equip de Manutenção da Vida, Equip de Diagnóstico e Infra - 2025 ri guama","..\..\Desktop\tabelas-powerBI\6 Guamá\Tabela 22 – Caracterização Hospitalar – Equip de Manutenção da Vida, Equip de Diagnóstico e Infra - 2025 ri guama.xlsx",Guamá,138,0.0
São João da Ponta,6 Guamá,22,"Tabela 22 – Caracterização Hospitalar – Equip de Manutenção da Vida, Equip de Diagnóstico e Infra - 2025 ri guama",20,"Tabela 22 – Caracterização Hospitalar – Equip de Manutenção da Vida, Equip de Diagnóstico e Infra - 2025 ri guama","..\..\Desktop\tabelas-powerBI\6 Guamá\Tabela 22 – Caracterização Hospitalar – Equip de Manutenção da Vida, Equip de Diagnóstico e Infra - 2025 ri guama.xlsx",Guamá,138,0.0
São Miguel do Guamá,6 Guamá,22,"Tabela 22 – Caracterização Hospitalar – Equip de Manutenção da Vida, Equip de Diagnóstico e Infra - 2025 ri guama",20,"Tabela 22 – Caracterização Hospitalar – Equip de Manutenção da Vida, Equip de Diagnóstico e Infra - 2025 ri guama","..\..\Desktop\tabelas-powerBI\6 Guamá\Tabela 22 – Caracterização Hospitalar – Equip de Manutenção da Vida, Equip de Diagnóstico e Infra - 2025 ri guama.xlsx",Guamá,138,0.0
Terra Alta,6 Guamá,22,"Tabela 22 – Caracterização Hospitalar – Equip de Manutenção da Vida, Equip de Diagnóstico e Infra - 2025 ri guama",20,"Tabela 22 – Caracterização Hospitalar – Equip de Manutenção da Vida, Equip de Diagnóstico e Infra - 2025 ri guama","..\..\Desktop\tabelas-powerBI\6 Guamá\Tabela 22 – Caracterização Hospitalar – Equip de Manutenção da Vida, Equip de Diagnóstico e Infra - 2025 ri guama.xlsx",Guamá,138,0.0
Vigia,6 Guamá,22,"Tabela 22 – Caracterização Hospitalar – Equip de Manutenção da Vida, Equip de Diagnóstico e Infra - 2025 ri guama",20,"Tabela 22 – Caracterização Hospitalar – Equip de Manutenção da Vida, Equip de Diagnóstico e Infra - 2025 ri guama","..\..\Desktop\tabelas-powerBI\6 Guamá\Tabela 22 – Caracterização Hospitalar – Equip de Manutenção da Vida, Equip de Diagnóstico e Infra - 2025 ri guama.xlsx",Guamá,138,0.0
Fonte: DATASUS,6 Guamá,22,"Tabela 22 – Caracterização Hospitalar – Equip de Manutenção da Vida, Equip de Diagnóstico e Infra - 2025 ri guama",20,"Tabela 22 – Caracterização Hospitalar – Equip de Manutenção da Vida, Equip de Diagnóstico e Infra - 2025 ri guama","..\..\Desktop\tabelas-powerBI\6 Guamá\Tabela 22 – Caracterização Hospitalar – Equip de Manutenção da Vida, Equip de Diagnóstico e Infra - 2025 ri guama.xlsx",Guamá,138,
Elaboração: FAPESPA,6 Guamá,22,"Tabela 22 – Caracterização Hospitalar – Equip de Manutenção da Vida, Equip de Diagnóstico e Infra - 2025 ri guama",20,"Tabela 22 – Caracterização Hospitalar – Equip de Manutenção da Vida, Equip de Diagnóstico e Infra - 2025 ri guama","..\..\Desktop\tabelas-powerBI\6 Guamá\Tabela 22 – Caracterização Hospitalar – Equip de Manutenção da Vida, Equip de Diagnóstico e Infra - 2025 ri guama.xlsx",Guamá,138,
*Nota: Dados referentes a Outubro/2025.,6 Guamá,22,"Tabela 22 – Caracterização Hospitalar – Equip de Manutenção da Vida, Equip de Diagnóstico e Infra - 2025 ri guama",20,"Tabela 22 – Caracterização Hospitalar – Equip de Manutenção da Vida, Equip de Diagnóstico e Infra - 2025 ri guama","..\..\Desktop\tabelas-powerBI\6 Guamá\Tabela 22 – Caracterização Hospitalar – Equip de Manutenção da Vida, Equip de Diagnóstico e Infra - 2025 ri guama.xlsx",Guamá,138,
RI Guamá,6 Guamá,22,"Tabela 22 – Caracterização Hospitalar – Equip de Manutenção da Vida, Equip de Diagnóstico e Infra - 2025 ri guama",20,"Tabela 22 – Caracterização Hospitalar – Equip de Manutenção da Vida, Equip de Diagnóstico e Infra - 2025 ri guama","..\..\Desktop\tabelas-powerBI\6 Guamá\Tabela 22 – Caracterização Hospitalar – Equip de Manutenção da Vida, Equip de Diagnóstico e Infra - 2025 ri guama.xlsx",Guamá,132,5.0
Castanhal,6 Guamá,22,"Tabela 22 – Caracterização Hospitalar – Equip de Manutenção da Vida, Equip de Diagnóstico e Infra - 2025 ri guama",20,"Tabela 22 – Caracterização Hospitalar – Equip de Manutenção da Vida, Equip de Diagnóstico e Infra - 2025 ri guama","..\..\Desktop\tabelas-powerBI\6 Guamá\Tabela 22 – Caracterização Hospitalar – Equip de Manutenção da Vida, Equip de Diagnóstico e Infra - 2025 ri guama.xlsx",Guamá,132,3.0
Colares,6 Guamá,22,"Tabela 22 – Caracterização Hospitalar – Equip de Manutenção da Vida, Equip de Diagnóstico e Infra - 2025 ri guama",20,"Tabela 22 – Caracterização Hospitalar – Equip de Manutenção da Vida, Equip de Diagnóstico e Infra - 2025 ri guama","..\..\Desktop\tabelas-powerBI\6 Guamá\Tabela 22 – Caracterização Hospitalar – Equip de Manutenção da Vida, Equip de Diagnóstico e Infra - 2025 ri guama.xlsx",Guamá,132,0.0
Curuçá,6 Guamá,22,"Tabela 22 – Caracterização Hospitalar – Equip de Manutenção da Vida, Equip de Diagnóstico e Infra - 2025 ri guama",20,"Tabela 22 – Caracterização Hospitalar – Equip de Manutenção da Vida, Equip de Diagnóstico e Infra - 2025 ri guama","..\..\Desktop\tabelas-powerBI\6 Guamá\Tabela 22 – Caracterização Hospitalar – Equip de Manutenção da Vida, Equip de Diagnóstico e Infra - 2025 ri guama.xlsx",Guamá,132,0.0
Igarapé-Açu,6 Guamá,22,"Tabela 22 – Caracterização Hospitalar – Equip de Manutenção da Vida, Equip de Diagnóstico e Infra - 2025 ri guama",20,"Tabela 22 – Caracterização Hospitalar – Equip de Manutenção da Vida, Equip de Diagnóstico e Infra - 2025 ri guama","..\..\Desktop\tabelas-powerBI\6 Guamá\Tabela 22 – Caracterização Hospitalar – Equip de Manutenção da Vida, Equip de Diagnóstico e Infra - 2025 ri guama.xlsx",Guamá,132,0.0
Inhangapi,6 Guamá,22,"Tabela 22 – Caracterização Hospitalar – Equip de Manutenção da Vida, Equip de Diagnóstico e Infra - 2025 ri guama",20,"Tabela 22 – Caracterização Hospitalar – Equip de Manutenção da Vida, Equip de Diagnóstico e Infra - 2025 ri guama","..\..\Desktop\tabelas-powerBI\6 Guamá\Tabela 22 – Caracterização Hospitalar – Equip de Manutenção da Vida, Equip de Diagnóstico e Infra - 2025 ri guama.xlsx",Guamá,132,0.0
Magalhães Barata,6 Guamá,22,"Tabela 22 – Caracterização Hospitalar – Equip de Manutenção da Vida, Equip de Diagnóstico e Infra - 2025 ri guama",20,"Tabela 22 – Caracterização Hospitalar – Equip de Manutenção da Vida, Equip de Diagnóstico e Infra - 2025 ri guama","..\..\Desktop\tabelas-powerBI\6 Guamá\Tabela 22 – Caracterização Hospitalar – Equip de Manutenção da Vida, Equip de Diagnóstico e Infra - 2025 ri guama.xlsx",Guamá,132,0.0
Maracanã,6 Guamá,22,"Tabela 22 – Caracterização Hospitalar – Equip de Manutenção da Vida, Equip de Diagnóstico e Infra - 2025 ri guama",20,"Tabela 22 – Caracterização Hospitalar – Equip de Manutenção da Vida, Equip de Diagnóstico e Infra - 2025 ri guama","..\..\Desktop\tabelas-powerBI\6 Guamá\Tabela 22 – Caracterização Hospitalar – Equip de Manutenção da Vida, Equip de Diagnóstico e Infra - 2025 ri guama.xlsx",Guamá,132,0.0
Marapanim,6 Guamá,22,"Tabela 22 – Caracterização Hospitalar – Equip de Manutenção da Vida, Equip de Diagnóstico e Infra - 2025 ri guama",20,"Tabela 22 – Caracterização Hospitalar – Equip de Manutenção da Vida, Equip de Diagnóstico e Infra - 2025 ri guama","..\..\Desktop\tabelas-powerBI\6 Guamá\Tabela 22 – Caracterização Hospitalar – Equip de Manutenção da Vida, Equip de Diagnóstico e Infra - 2025 ri guama.xlsx",Guamá,132,0.0
Santa Izabel do Pará,6 Guamá,22,"Tabela 22 – Caracterização Hospitalar – Equip de Manutenção da Vida, Equip de Diagnóstico e Infra - 2025 ri guama",20,"Tabela 22 – Caracterização Hospitalar – Equip de Manutenção da Vida, Equip de Diagnóstico e Infra - 2025 ri guama","..\..\Desktop\tabelas-powerBI\6 Guamá\Tabela 22 – Caracterização Hospitalar – Equip de Manutenção da Vida, Equip de Diagnóstico e Infra - 2025 ri guama.xlsx",Guamá,132,1.0
Santa Maria do Pará,6 Guamá,22,"Tabela 22 – Caracterização Hospitalar – Equip de Manutenção da Vida, Equip de Diagnóstico e Infra - 2025 ri guama",20,"Tabela 22 – Caracterização Hospitalar – Equip de Manutenção da Vida, Equip de Diagnóstico e Infra - 2025 ri guama","..\..\Desktop\tabelas-powerBI\6 Guamá\Tabela 22 – Caracterização Hospitalar – Equip de Manutenção da Vida, Equip de Diagnóstico e Infra - 2025 ri guama.xlsx",Guamá,132,0.0
Santo Antônio do Tauá,6 Guamá,22,"Tabela 22 – Caracterização Hospitalar – Equip de Manutenção da Vida, Equip de Diagnóstico e Infra - 2025 ri guama",20,"Tabela 22 – Caracterização Hospitalar – Equip de Manutenção da Vida, Equip de Diagnóstico e Infra - 2025 ri guama","..\..\Desktop\tabelas-powerBI\6 Guamá\Tabela 22 – Caracterização Hospitalar – Equip de Manutenção da Vida, Equip de Diagnóstico e Infra - 2025 ri guama.xlsx",Guamá,132,1.0
São Caetano de Odivelas,6 Guamá,22,"Tabela 22 – Caracterização Hospitalar – Equip de Manutenção da Vida, Equip de Diagnóstico e Infra - 2025 ri guama",20,"Tabela 22 – Caracterização Hospitalar – Equip de Manutenção da Vida, Equip de Diagnóstico e Infra - 2025 ri guama","..\..\Desktop\tabelas-powerBI\6 Guamá\Tabela 22 – Caracterização Hospitalar – Equip de Manutenção da Vida, Equip de Diagnóstico e Infra - 2025 ri guama.xlsx",Guamá,132,0.0
São Domingos do Capim,6 Guamá,22,"Tabela 22 – Caracterização Hospitalar – Equip de Manutenção da Vida, Equip de Diagnóstico e Infra - 2025 ri guama",20,"Tabela 22 – Caracterização Hospitalar – Equip de Manutenção da Vida, Equip de Diagnóstico e Infra - 2025 ri guama","..\..\Desktop\tabelas-powerBI\6 Guamá\Tabela 22 – Caracterização Hospitalar – Equip de Manutenção da Vida, Equip de Diagnóstico e Infra - 2025 ri guama.xlsx",Guamá,132,0.0
São Francisco do Pará,6 Guamá,22,"Tabela 22 – Caracterização Hospitalar – Equip de Manutenção da Vida, Equip de Diagnóstico e Infra - 2025 ri guama",20,"Tabela 22 – Caracterização Hospitalar – Equip de Manutenção da Vida, Equip de Diagnóstico e Infra - 2025 ri guama","..\..\Desktop\tabelas-powerBI\6 Guamá\Tabela 22 – Caracterização Hospitalar – Equip de Manutenção da Vida, Equip de Diagnóstico e Infra - 2025 ri guama.xlsx",Guamá,132,0.0
São João da Ponta,6 Guamá,22,"Tabela 22 – Caracterização Hospitalar – Equip de Manutenção da Vida, Equip de Diagnóstico e Infra - 2025 ri guama",20,"Tabela 22 – Caracterização Hospitalar – Equip de Manutenção da Vida, Equip de Diagnóstico e Infra - 2025 ri guama","..\..\Desktop\tabelas-powerBI\6 Guamá\Tabela 22 – Caracterização Hospitalar – Equip de Manutenção da Vida, Equip de Diagnóstico e Infra - 2025 ri guama.xlsx",Guamá,132,0.0
São Miguel do Guamá,6 Guamá,22,"Tabela 22 – Caracterização Hospitalar – Equip de Manutenção da Vida, Equip de Diagnóstico e Infra - 2025 ri guama",20,"Tabela 22 – Caracterização Hospitalar – Equip de Manutenção da Vida, Equip de Diagnóstico e Infra - 2025 ri guama","..\..\Desktop\tabelas-powerBI\6 Guamá\Tabela 22 – Caracterização Hospitalar – Equip de Manutenção da Vida, Equip de Diagnóstico e Infra - 2025 ri guama.xlsx",Guamá,132,0.0
Terra Alta,6 Guamá,22,"Tabela 22 – Caracterização Hospitalar – Equip de Manutenção da Vida, Equip de Diagnóstico e Infra - 2025 ri guama",20,"Tabela 22 – Caracterização Hospitalar – Equip de Manutenção da Vida, Equip de Diagnóstico e Infra - 2025 ri guama","..\..\Desktop\tabelas-powerBI\6 Guamá\Tabela 22 – Caracterização Hospitalar – Equip de Manutenção da Vida, Equip de Diagnóstico e Infra - 2025 ri guama.xlsx",Guamá,132,0.0
Vigia,6 Guamá,22,"Tabela 22 – Caracterização Hospitalar – Equip de Manutenção da Vida, Equip de Diagnóstico e Infra - 2025 ri guama",20,"Tabela 22 – Caracterização Hospitalar – Equip de Manutenção da Vida, Equip de Diagnóstico e Infra - 2025 ri guama","..\..\Desktop\tabelas-powerBI\6 Guamá\Tabela 22 – Caracterização Hospitalar – Equip de Manutenção da Vida, Equip de Diagnóstico e Infra - 2025 ri guama.xlsx",Guamá,132,0.0
Fonte: DATASUS,6 Guamá,22,"Tabela 22 – Caracterização Hospitalar – Equip de Manutenção da Vida, Equip de Diagnóstico e Infra - 2025 ri guama",20,"Tabela 22 – Caracterização Hospitalar – Equip de Manutenção da Vida, Equip de Diagnóstico e Infra - 2025 ri guama","..\..\Desktop\tabelas-powerBI\6 Guamá\Tabela 22 – Caracterização Hospitalar – Equip de Manutenção da Vida, Equip de Diagnóstico e Infra - 2025 ri guama.xlsx",Guamá,132,
Elaboração: FAPESPA,6 Guamá,22,"Tabela 22 – Caracterização Hospitalar – Equip de Manutenção da Vida, Equip de Diagnóstico e Infra - 2025 ri guama",20,"Tabela 22 – Caracterização Hospitalar – Equip de Manutenção da Vida, Equip de Diagnóstico e Infra - 2025 ri guama","..\..\Desktop\tabelas-powerBI\6 Guamá\Tabela 22 – Caracterização Hospitalar – Equip de Manutenção da Vida, Equip de Diagnóstico e Infra - 2025 ri guama.xlsx",Guamá,132,
*Nota: Dados referentes a Outubro/2025.,6 Guamá,22,"Tabela 22 – Caracterização Hospitalar – Equip de Manutenção da Vida, Equip de Diagnóstico e Infra - 2025 ri guama",20,"Tabela 22 – Caracterização Hospitalar – Equip de Manutenção da Vida, Equip de Diagnóstico e Infra - 2025 ri guama","..\..\Desktop\tabelas-powerBI\6 Guamá\Tabela 22 – Caracterização Hospitalar – Equip de Manutenção da Vida, Equip de Diagnóstico e Infra - 2025 ri guama.xlsx",Guamá,132,
RI Guamá,6 Guamá,22,"Tabela 22 – Caracterização Hospitalar – Equip de Manutenção da Vida, Equip de Diagnóstico e Infra - 2025 ri guama",20,"Tabela 22 – Caracterização Hospitalar – Equip de Manutenção da Vida, Equip de Diagnóstico e Infra - 2025 ri guama","..\..\Desktop\tabelas-powerBI\6 Guamá\Tabela 22 – Caracterização Hospitalar – Equip de Manutenção da Vida, Equip de Diagnóstico e Infra - 2025 ri guama.xlsx",Guamá,424,22.0
Castanhal,6 Guamá,22,"Tabela 22 – Caracterização Hospitalar – Equip de Manutenção da Vida, Equip de Diagnóstico e Infra - 2025 ri guama",20,"Tabela 22 – Caracterização Hospitalar – Equip de Manutenção da Vida, Equip de Diagnóstico e Infra - 2025 ri guama","..\..\Desktop\tabelas-powerBI\6 Guamá\Tabela 22 – Caracterização Hospitalar – Equip de Manutenção da Vida, Equip de Diagnóstico e Infra - 2025 ri guama.xlsx",Guamá,424,10.0
Colares,6 Guamá,22,"Tabela 22 – Caracterização Hospitalar – Equip de Manutenção da Vida, Equip de Diagnóstico e Infra - 2025 ri guama",20,"Tabela 22 – Caracterização Hospitalar – Equip de Manutenção da Vida, Equip de Diagnóstico e Infra - 2025 ri guama","..\..\Desktop\tabelas-powerBI\6 Guamá\Tabela 22 – Caracterização Hospitalar – Equip de Manutenção da Vida, Equip de Diagnóstico e Infra - 2025 ri guama.xlsx",Guamá,424,1.0
Curuçá,6 Guamá,22,"Tabela 22 – Caracterização Hospitalar – Equip de Manutenção da Vida, Equip de Diagnóstico e Infra - 2025 ri guama",20,"Tabela 22 – Caracterização Hospitalar – Equip de Manutenção da Vida, Equip de Diagnóstico e Infra - 2025 ri guama","..\..\Desktop\tabelas-powerBI\6 Guamá\Tabela 22 – Caracterização Hospitalar – Equip de Manutenção da Vida, Equip de Diagnóstico e Infra - 2025 ri guama.xlsx",Guamá,424,0.0
Igarapé-Açu,6 Guamá,22,"Tabela 22 – Caracterização Hospitalar – Equip de Manutenção da Vida, Equip de Diagnóstico e Infra - 2025 ri guama",20,"Tabela 22 – Caracterização Hospitalar – Equip de Manutenção da Vida, Equip de Diagnóstico e Infra - 2025 ri guama","..\..\Desktop\tabelas-powerBI\6 Guamá\Tabela 22 – Caracterização Hospitalar – Equip de Manutenção da Vida, Equip de Diagnóstico e Infra - 2025 ri guama.xlsx",Guamá,424,0.0
Inhangapi,6 Guamá,22,"Tabela 22 – Caracterização Hospitalar – Equip de Manutenção da Vida, Equip de Diagnóstico e Infra - 2025 ri guama",20,"Tabela 22 – Caracterização Hospitalar – Equip de Manutenção da Vida, Equip de Diagnóstico e Infra - 2025 ri guama","..\..\Desktop\tabelas-powerBI\6 Guamá\Tabela 22 – Caracterização Hospitalar – Equip de Manutenção da Vida, Equip de Diagnóstico e Infra - 2025 ri guama.xlsx",Guamá,424,1.0
Magalhães Barata,6 Guamá,22,"Tabela 22 – Caracterização Hospitalar – Equip de Manutenção da Vida, Equip de Diagnóstico e Infra - 2025 ri guama",20,"Tabela 22 – Caracterização Hospitalar – Equip de Manutenção da Vida, Equip de Diagnóstico e Infra - 2025 ri guama","..\..\Desktop\tabelas-powerBI\6 Guamá\Tabela 22 – Caracterização Hospitalar – Equip de Manutenção da Vida, Equip de Diagnóstico e Infra - 2025 ri guama.xlsx",Guamá,424,0.0
Maracanã,6 Guamá,22,"Tabela 22 – Caracterização Hospitalar – Equip de Manutenção da Vida, Equip de Diagnóstico e Infra - 2025 ri guama",20,"Tabela 22 – Caracterização Hospitalar – Equip de Manutenção da Vida, Equip de Diagnóstico e Infra - 2025 ri guama","..\..\Desktop\tabelas-powerBI\6 Guamá\Tabela 22 – Caracterização Hospitalar – Equip de Manutenção da Vida, Equip de Diagnóstico e Infra - 2025 ri guama.xlsx",Guamá,424,1.0
Marapanim,6 Guamá,22,"Tabela 22 – Caracterização Hospitalar – Equip de Manutenção da Vida, Equip de Diagnóstico e Infra - 2025 ri guama",20,"Tabela 22 – Caracterização Hospitalar – Equip de Manutenção da Vida, Equip de Diagnóstico e Infra - 2025 ri guama","..\..\Desktop\tabelas-powerBI\6 Guamá\Tabela 22 – Caracterização Hospitalar – Equip de Manutenção da Vida, Equip de Diagnóstico e Infra - 2025 ri guama.xlsx",Guamá,424,1.0
Santa Izabel do Pará,6 Guamá,22,"Tabela 22 – Caracterização Hospitalar – Equip de Manutenção da Vida, Equip de Diagnóstico e Infra - 2025 ri guama",20,"Tabela 22 – Caracterização Hospitalar – Equip de Manutenção da Vida, Equip de Diagnóstico e Infra - 2025 ri guama","..\..\Desktop\tabelas-powerBI\6 Guamá\Tabela 22 – Caracterização Hospitalar – Equip de Manutenção da Vida, Equip de Diagnóstico e Infra - 2025 ri guama.xlsx",Guamá,424,2.0
Santa Maria do Pará,6 Guamá,22,"Tabela 22 – Caracterização Hospitalar – Equip de Manutenção da Vida, Equip de Diagnóstico e Infra - 2025 ri guama",20,"Tabela 22 – Caracterização Hospitalar – Equip de Manutenção da Vida, Equip de Diagnóstico e Infra - 2025 ri guama","..\..\Desktop\tabelas-powerBI\6 Guamá\Tabela 22 – Caracterização Hospitalar – Equip de Manutenção da Vida, Equip de Diagnóstico e Infra - 2025 ri guama.xlsx",Guamá,424,1.0
Santo Antônio do Tauá,6 Guamá,22,"Tabela 22 – Caracterização Hospitalar – Equip de Manutenção da Vida, Equip de Diagnóstico e Infra - 2025 ri guama",20,"Tabela 22 – Caracterização Hospitalar – Equip de Manutenção da Vida, Equip de Diagnóstico e Infra - 2025 ri guama","..\..\Desktop\tabelas-powerBI\6 Guamá\Tabela 22 – Caracterização Hospitalar – Equip de Manutenção da Vida, Equip de Diagnóstico e Infra - 2025 ri guama.xlsx",Guamá,424,1.0
São Caetano de Odivelas,6 Guamá,22,"Tabela 22 – Caracterização Hospitalar – Equip de Manutenção da Vida, Equip de Diagnóstico e Infra - 2025 ri guama",20,"Tabela 22 – Caracterização Hospitalar – Equip de Manutenção da Vida, Equip de Diagnóstico e Infra - 2025 ri guama","..\..\Desktop\tabelas-powerBI\6 Guamá\Tabela 22 – Caracterização Hospitalar – Equip de Manutenção da Vida, Equip de Diagnóstico e Infra - 2025 ri guama.xlsx",Guamá,424,0.0
São Domingos do Capim,6 Guamá,22,"Tabela 22 – Caracterização Hospitalar – Equip de Manutenção da Vida, Equip de Diagnóstico e Infra - 2025 ri guama",20,"Tabela 22 – Caracterização Hospitalar – Equip de Manutenção da Vida, Equip de Diagnóstico e Infra - 2025 ri guama","..\..\Desktop\tabelas-powerBI\6 Guamá\Tabela 22 – Caracterização Hospitalar – Equip de Manutenção da Vida, Equip de Diagnóstico e Infra - 2025 ri guama.xlsx",Guamá,424,1.0
São Francisco do Pará,6 Guamá,22,"Tabela 22 – Caracterização Hospitalar – Equip de Manutenção da Vida, Equip de Diagnóstico e Infra - 2025 ri guama",20,"Tabela 22 – Caracterização Hospitalar – Equip de Manutenção da Vida, Equip de Diagnóstico e Infra - 2025 ri guama","..\..\Desktop\tabelas-powerBI\6 Guamá\Tabela 22 – Caracterização Hospitalar – Equip de Manutenção da Vida, Equip de Diagnóstico e Infra - 2025 ri guama.xlsx",Guamá,424,0.0
São João da Ponta,6 Guamá,22,"Tabela 22 – Caracterização Hospitalar – Equip de Manutenção da Vida, Equip de Diagnóstico e Infra - 2025 ri guama",20,"Tabela 22 – Caracterização Hospitalar – Equip de Manutenção da Vida, Equip de Diagnóstico e Infra - 2025 ri guama","..\..\Desktop\tabelas-powerBI\6 Guamá\Tabela 22 – Caracterização Hospitalar – Equip de Manutenção da Vida, Equip de Diagnóstico e Infra - 2025 ri guama.xlsx",Guamá,424,1.0
São Miguel do Guamá,6 Guamá,22,"Tabela 22 – Caracterização Hospitalar – Equip de Manutenção da Vida, Equip de Diagnóstico e Infra - 2025 ri guama",20,"Tabela 22 – Caracterização Hospitalar – Equip de Manutenção da Vida, Equip de Diagnóstico e Infra - 2025 ri guama","..\..\Desktop\tabelas-powerBI\6 Guamá\Tabela 22 – Caracterização Hospitalar – Equip de Manutenção da Vida, Equip de Diagnóstico e Infra - 2025 ri guama.xlsx",Guamá,424,2.0
Terra Alta,6 Guamá,22,"Tabela 22 – Caracterização Hospitalar – Equip de Manutenção da Vida, Equip de Diagnóstico e Infra - 2025 ri guama",20,"Tabela 22 – Caracterização Hospitalar – Equip de Manutenção da Vida, Equip de Diagnóstico e Infra - 2025 ri guama","..\..\Desktop\tabelas-powerBI\6 Guamá\Tabela 22 – Caracterização Hospitalar – Equip de Manutenção da Vida, Equip de Diagnóstico e Infra - 2025 ri guama.xlsx",Guamá,424,0.0
Vigia,6 Guamá,22,"Tabela 22 – Caracterização Hospitalar – Equip de Manutenção da Vida, Equip de Diagnóstico e Infra - 2025 ri guama",20,"Tabela 22 – Caracterização Hospitalar – Equip de Manutenção da Vida, Equip de Diagnóstico e Infra - 2025 ri guama","..\..\Desktop\tabelas-powerBI\6 Guamá\Tabela 22 – Caracterização Hospitalar – Equip de Manutenção da Vida, Equip de Diagnóstico e Infra - 2025 ri guama.xlsx",Guamá,424,0.0
Fonte: DATASUS,6 Guamá,22,"Tabela 22 – Caracterização Hospitalar – Equip de Manutenção da Vida, Equip de Diagnóstico e Infra - 2025 ri guama",20,"Tabela 22 – Caracterização Hospitalar – Equip de Manutenção da Vida, Equip de Diagnóstico e Infra - 2025 ri guama","..\..\Desktop\tabelas-powerBI\6 Guamá\Tabela 22 – Caracterização Hospitalar – Equip de Manutenção da Vida, Equip de Diagnóstico e Infra - 2025 ri guama.xlsx",Guamá,424,
Elaboração: FAPESPA,6 Guamá,22,"Tabela 22 – Caracterização Hospitalar – Equip de Manutenção da Vida, Equip de Diagnóstico e Infra - 2025 ri guama",20,"Tabela 22 – Caracterização Hospitalar – Equip de Manutenção da Vida, Equip de Diagnóstico e Infra - 2025 ri guama","..\..\Desktop\tabelas-powerBI\6 Guamá\Tabela 22 – Caracterização Hospitalar – Equip de Manutenção da Vida, Equip de Diagnóstico e Infra - 2025 ri guama.xlsx",Guamá,424,
*Nota: Dados referentes a Outubro/2025.,6 Guamá,22,"Tabela 22 – Caracterização Hospitalar – Equip de Manutenção da Vida, Equip de Diagnóstico e Infra - 2025 ri guama",20,"Tabela 22 – Caracterização Hospitalar – Equip de Manutenção da Vida, Equip de Diagnóstico e Infra - 2025 ri guama","..\..\Desktop\tabelas-powerBI\6 Guamá\Tabela 22 – Caracterização Hospitalar – Equip de Manutenção da Vida, Equip de Diagnóstico e Infra - 2025 ri guama.xlsx",Guamá,424,
RI Guamá,6 Guamá,22,"Tabela 22 – Caracterização Hospitalar – Equip de Manutenção da Vida, Equip de Diagnóstico e Infra - 2025 ri guama",20,"Tabela 22 – Caracterização Hospitalar – Equip de Manutenção da Vida, Equip de Diagnóstico e Infra - 2025 ri guama","..\..\Desktop\tabelas-powerBI\6 Guamá\Tabela 22 – Caracterização Hospitalar – Equip de Manutenção da Vida, Equip de Diagnóstico e Infra - 2025 ri guama.xlsx",Guamá,410,22.0
Castanhal,6 Guamá,22,"Tabela 22 – Caracterização Hospitalar – Equip de Manutenção da Vida, Equip de Diagnóstico e Infra - 2025 ri guama",20,"Tabela 22 – Caracterização Hospitalar – Equip de Manutenção da Vida, Equip de Diagnóstico e Infra - 2025 ri guama","..\..\Desktop\tabelas-powerBI\6 Guamá\Tabela 22 – Caracterização Hospitalar – Equip de Manutenção da Vida, Equip de Diagnóstico e Infra - 2025 ri guama.xlsx",Guamá,410,10.0
Colares,6 Guamá,22,"Tabela 22 – Caracterização Hospitalar – Equip de Manutenção da Vida, Equip de Diagnóstico e Infra - 2025 ri guama",20,"Tabela 22 – Caracterização Hospitalar – Equip de Manutenção da Vida, Equip de Diagnóstico e Infra - 2025 ri guama","..\..\Desktop\tabelas-powerBI\6 Guamá\Tabela 22 – Caracterização Hospitalar – Equip de Manutenção da Vida, Equip de Diagnóstico e Infra - 2025 ri guama.xlsx",Guamá,410,1.0
Curuçá,6 Guamá,22,"Tabela 22 – Caracterização Hospitalar – Equip de Manutenção da Vida, Equip de Diagnóstico e Infra - 2025 ri guama",20,"Tabela 22 – Caracterização Hospitalar – Equip de Manutenção da Vida, Equip de Diagnóstico e Infra - 2025 ri guama","..\..\Desktop\tabelas-powerBI\6 Guamá\Tabela 22 – Caracterização Hospitalar – Equip de Manutenção da Vida, Equip de Diagnóstico e Infra - 2025 ri guama.xlsx",Guamá,410,0.0
Igarapé-Açu,6 Guamá,22,"Tabela 22 – Caracterização Hospitalar – Equip de Manutenção da Vida, Equip de Diagnóstico e Infra - 2025 ri guama",20,"Tabela 22 – Caracterização Hospitalar – Equip de Manutenção da Vida, Equip de Diagnóstico e Infra - 2025 ri guama","..\..\Desktop\tabelas-powerBI\6 Guamá\Tabela 22 – Caracterização Hospitalar – Equip de Manutenção da Vida, Equip de Diagnóstico e Infra - 2025 ri guama.xlsx",Guamá,410,0.0
Inhangapi,6 Guamá,22,"Tabela 22 – Caracterização Hospitalar – Equip de Manutenção da Vida, Equip de Diagnóstico e Infra - 2025 ri guama",20,"Tabela 22 – Caracterização Hospitalar – Equip de Manutenção da Vida, Equip de Diagnóstico e Infra - 2025 ri guama","..\..\Desktop\tabelas-powerBI\6 Guamá\Tabela 22 – Caracterização Hospitalar – Equip de Manutenção da Vida, Equip de Diagnóstico e Infra - 2025 ri guama.xlsx",Guamá,410,1.0
Magalhães Barata,6 Guamá,22,"Tabela 22 – Caracterização Hospitalar – Equip de Manutenção da Vida, Equip de Diagnóstico e Infra - 2025 ri guama",20,"Tabela 22 – Caracterização Hospitalar – Equip de Manutenção da Vida, Equip de Diagnóstico e Infra - 2025 ri guama","..\..\Desktop\tabelas-powerBI\6 Guamá\Tabela 22 – Caracterização Hospitalar – Equip de Manutenção da Vida, Equip de Diagnóstico e Infra - 2025 ri guama.xlsx",Guamá,410,0.0
Maracanã,6 Guamá,22,"Tabela 22 – Caracterização Hospitalar – Equip de Manutenção da Vida, Equip de Diagnóstico e Infra - 2025 ri guama",20,"Tabela 22 – Caracterização Hospitalar – Equip de Manutenção da Vida, Equip de Diagnóstico e Infra - 2025 ri guama","..\..\Desktop\tabelas-powerBI\6 Guamá\Tabela 22 – Caracterização Hospitalar – Equip de Manutenção da Vida, Equip de Diagnóstico e Infra - 2025 ri guama.xlsx",Guamá,410,1.0
Marapanim,6 Guamá,22,"Tabela 22 – Caracterização Hospitalar – Equip de Manutenção da Vida, Equip de Diagnóstico e Infra - 2025 ri guama",20,"Tabela 22 – Caracterização Hospitalar – Equip de Manutenção da Vida, Equip de Diagnóstico e Infra - 2025 ri guama","..\..\Desktop\tabelas-powerBI\6 Guamá\Tabela 22 – Caracterização Hospitalar – Equip de Manutenção da Vida, Equip de Diagnóstico e Infra - 2025 ri guama.xlsx",Guamá,410,1.0
Santa Izabel do Pará,6 Guamá,22,"Tabela 22 – Caracterização Hospitalar – Equip de Manutenção da Vida, Equip de Diagnóstico e Infra - 2025 ri guama",20,"Tabela 22 – Caracterização Hospitalar – Equip de Manutenção da Vida, Equip de Diagnóstico e Infra - 2025 ri guama","..\..\Desktop\tabelas-powerBI\6 Guamá\Tabela 22 – Caracterização Hospitalar – Equip de Manutenção da Vida, Equip de Diagnóstico e Infra - 2025 ri guama.xlsx",Guamá,410,2.0
Santa Maria do Pará,6 Guamá,22,"Tabela 22 – Caracterização Hospitalar – Equip de Manutenção da Vida, Equip de Diagnóstico e Infra - 2025 ri guama",20,"Tabela 22 – Caracterização Hospitalar – Equip de Manutenção da Vida, Equip de Diagnóstico e Infra - 2025 ri guama","..\..\Desktop\tabelas-powerBI\6 Guamá\Tabela 22 – Caracterização Hospitalar – Equip de Manutenção da Vida, Equip de Diagnóstico e Infra - 2025 ri guama.xlsx",Guamá,410,1.0
Santo Antônio do Tauá,6 Guamá,22,"Tabela 22 – Caracterização Hospitalar – Equip de Manutenção da Vida, Equip de Diagnóstico e Infra - 2025 ri guama",20,"Tabela 22 – Caracterização Hospitalar – Equip de Manutenção da Vida, Equip de Diagnóstico e Infra - 2025 ri guama","..\..\Desktop\tabelas-powerBI\6 Guamá\Tabela 22 – Caracterização Hospitalar – Equip de Manutenção da Vida, Equip de Diagnóstico e Infra - 2025 ri guama.xlsx",Guamá,410,1.0
São Caetano de Odivelas,6 Guamá,22,"Tabela 22 – Caracterização Hospitalar – Equip de Manutenção da Vida, Equip de Diagnóstico e Infra - 2025 ri guama",20,"Tabela 22 – Caracterização Hospitalar – Equip de Manutenção da Vida, Equip de Diagnóstico e Infra - 2025 ri guama","..\..\Desktop\tabelas-powerBI\6 Guamá\Tabela 22 – Caracterização Hospitalar – Equip de Manutenção da Vida, Equip de Diagnóstico e Infra - 2025 ri guama.xlsx",Guamá,410,0.0
São Domingos do Capim,6 Guamá,22,"Tabela 22 – Caracterização Hospitalar – Equip de Manutenção da Vida, Equip de Diagnóstico e Infra - 2025 ri guama",20,"Tabela 22 – Caracterização Hospitalar – Equip de Manutenção da Vida, Equip de Diagnóstico e Infra - 2025 ri guama","..\..\Desktop\tabelas-powerBI\6 Guamá\Tabela 22 – Caracterização Hospitalar – Equip de Manutenção da Vida, Equip de Diagnóstico e Infra - 2025 ri guama.xlsx",Guamá,410,1.0
São Francisco do Pará,6 Guamá,22,"Tabela 22 – Caracterização Hospitalar – Equip de Manutenção da Vida, Equip de Diagnóstico e Infra - 2025 ri guama",20,"Tabela 22 – Caracterização Hospitalar – Equip de Manutenção da Vida, Equip de Diagnóstico e Infra - 2025 ri guama","..\..\Desktop\tabelas-powerBI\6 Guamá\Tabela 22 – Caracterização Hospitalar – Equip de Manutenção da Vida, Equip de Diagnóstico e Infra - 2025 ri guama.xlsx",Guamá,410,0.0
São João da Ponta,6 Guamá,22,"Tabela 22 – Caracterização Hospitalar – Equip de Manutenção da Vida, Equip de Diagnóstico e Infra - 2025 ri guama",20,"Tabela 22 – Caracterização Hospitalar – Equip de Manutenção da Vida, Equip de Diagnóstico e Infra - 2025 ri guama","..\..\Desktop\tabelas-powerBI\6 Guamá\Tabela 22 – Caracterização Hospitalar – Equip de Manutenção da Vida, Equip de Diagnóstico e Infra - 2025 ri guama.xlsx",Guamá,410,1.0
São Miguel do Guamá,6 Guamá,22,"Tabela 22 – Caracterização Hospitalar – Equip de Manutenção da Vida, Equip de Diagnóstico e Infra - 2025 ri guama",20,"Tabela 22 – Caracterização Hospitalar – Equip de Manutenção da Vida, Equip de Diagnóstico e Infra - 2025 ri guama","..\..\Desktop\tabelas-powerBI\6 Guamá\Tabela 22 – Caracterização Hospitalar – Equip de Manutenção da Vida, Equip de Diagnóstico e Infra - 2025 ri guama.xlsx",Guamá,410,2.0
Terra Alta,6 Guamá,22,"Tabela 22 – Caracterização Hospitalar – Equip de Manutenção da Vida, Equip de Diagnóstico e Infra - 2025 ri guama",20,"Tabela 22 – Caracterização Hospitalar – Equip de Manutenção da Vida, Equip de Diagnóstico e Infra - 2025 ri guama","..\..\Desktop\tabelas-powerBI\6 Guamá\Tabela 22 – Caracterização Hospitalar – Equip de Manutenção da Vida, Equip de Diagnóstico e Infra - 2025 ri guama.xlsx",Guamá,410,0.0
Vigia,6 Guamá,22,"Tabela 22 – Caracterização Hospitalar – Equip de Manutenção da Vida, Equip de Diagnóstico e Infra - 2025 ri guama",20,"Tabela 22 – Caracterização Hospitalar – Equip de Manutenção da Vida, Equip de Diagnóstico e Infra - 2025 ri guama","..\..\Desktop\tabelas-powerBI\6 Guamá\Tabela 22 – Caracterização Hospitalar – Equip de Manutenção da Vida, Equip de Diagnóstico e Infra - 2025 ri guama.xlsx",Guamá,410,0.0
Fonte: DATASUS,6 Guamá,22,"Tabela 22 – Caracterização Hospitalar – Equip de Manutenção da Vida, Equip de Diagnóstico e Infra - 2025 ri guama",20,"Tabela 22 – Caracterização Hospitalar – Equip de Manutenção da Vida, Equip de Diagnóstico e Infra - 2025 ri guama","..\..\Desktop\tabelas-powerBI\6 Guamá\Tabela 22 – Caracterização Hospitalar – Equip de Manutenção da Vida, Equip de Diagnóstico e Infra - 2025 ri guama.xlsx",Guamá,410,
Elaboração: FAPESPA,6 Guamá,22,"Tabela 22 – Caracterização Hospitalar – Equip de Manutenção da Vida, Equip de Diagnóstico e Infra - 2025 ri guama",20,"Tabela 22 – Caracterização Hospitalar – Equip de Manutenção da Vida, Equip de Diagnóstico e Infra - 2025 ri guama","..\..\Desktop\tabelas-powerBI\6 Guamá\Tabela 22 – Caracterização Hospitalar – Equip de Manutenção da Vida, Equip de Diagnóstico e Infra - 2025 ri guama.xlsx",Guamá,410,
*Nota: Dados referentes a Outubro/2025.,6 Guamá,22,"Tabela 22 – Caracterização Hospitalar – Equip de Manutenção da Vida, Equip de Diagnóstico e Infra - 2025 ri guama",20,"Tabela 22 – Caracterização Hospitalar – Equip de Manutenção da Vida, Equip de Diagnóstico e Infra - 2025 ri guama","..\..\Desktop\tabelas-powerBI\6 Guamá\Tabela 22 – Caracterização Hospitalar – Equip de Manutenção da Vida, Equip de Diagnóstico e Infra - 2025 ri guama.xlsx",Guamá,410,
RI Guamá,6 Guamá,22,"Tabela 22 – Caracterização Hospitalar – Equip de Manutenção da Vida, Equip de Diagnóstico e Infra - 2025 ri guama",20,"Tabela 22 – Caracterização Hospitalar – Equip de Manutenção da Vida, Equip de Diagnóstico e Infra - 2025 ri guama","..\..\Desktop\tabelas-powerBI\6 Guamá\Tabela 22 – Caracterização Hospitalar – Equip de Manutenção da Vida, Equip de Diagnóstico e Infra - 2025 ri guama.xlsx",Guamá,239,11.0
Castanhal,6 Guamá,22,"Tabela 22 – Caracterização Hospitalar – Equip de Manutenção da Vida, Equip de Diagnóstico e Infra - 2025 ri guama",20,"Tabela 22 – Caracterização Hospitalar – Equip de Manutenção da Vida, Equip de Diagnóstico e Infra - 2025 ri guama","..\..\Desktop\tabelas-powerBI\6 Guamá\Tabela 22 – Caracterização Hospitalar – Equip de Manutenção da Vida, Equip de Diagnóstico e Infra - 2025 ri guama.xlsx",Guamá,239,7.0
Colares,6 Guamá,22,"Tabela 22 – Caracterização Hospitalar – Equip de Manutenção da Vida, Equip de Diagnóstico e Infra - 2025 ri guama",20,"Tabela 22 – Caracterização Hospitalar – Equip de Manutenção da Vida, Equip de Diagnóstico e Infra - 2025 ri guama","..\..\Desktop\tabelas-powerBI\6 Guamá\Tabela 22 – Caracterização Hospitalar – Equip de Manutenção da Vida, Equip de Diagnóstico e Infra - 2025 ri guama.xlsx",Guamá,239,0.0
Curuçá,6 Guamá,22,"Tabela 22 – Caracterização Hospitalar – Equip de Manutenção da Vida, Equip de Diagnóstico e Infra - 2025 ri guama",20,"Tabela 22 – Caracterização Hospitalar – Equip de Manutenção da Vida, Equip de Diagnóstico e Infra - 2025 ri guama","..\..\Desktop\tabelas-powerBI\6 Guamá\Tabela 22 – Caracterização Hospitalar – Equip de Manutenção da Vida, Equip de Diagnóstico e Infra - 2025 ri guama.xlsx",Guamá,239,1.0
Igarapé-Açu,6 Guamá,22,"Tabela 22 – Caracterização Hospitalar – Equip de Manutenção da Vida, Equip de Diagnóstico e Infra - 2025 ri guama",20,"Tabela 22 – Caracterização Hospitalar – Equip de Manutenção da Vida, Equip de Diagnóstico e Infra - 2025 ri guama","..\..\Desktop\tabelas-powerBI\6 Guamá\Tabela 22 – Caracterização Hospitalar – Equip de Manutenção da Vida, Equip de Diagnóstico e Infra - 2025 ri guama.xlsx",Guamá,239,0.0
Inhangapi,6 Guamá,22,"Tabela 22 – Caracterização Hospitalar – Equip de Manutenção da Vida, Equip de Diagnóstico e Infra - 2025 ri guama",20,"Tabela 22 – Caracterização Hospitalar – Equip de Manutenção da Vida, Equip de Diagnóstico e Infra - 2025 ri guama","..\..\Desktop\tabelas-powerBI\6 Guamá\Tabela 22 – Caracterização Hospitalar – Equip de Manutenção da Vida, Equip de Diagnóstico e Infra - 2025 ri guama.xlsx",Guamá,239,0.0
Magalhães Barata,6 Guamá,22,"Tabela 22 – Caracterização Hospitalar – Equip de Manutenção da Vida, Equip de Diagnóstico e Infra - 2025 ri guama",20,"Tabela 22 – Caracterização Hospitalar – Equip de Manutenção da Vida, Equip de Diagnóstico e Infra - 2025 ri guama","..\..\Desktop\tabelas-powerBI\6 Guamá\Tabela 22 – Caracterização Hospitalar – Equip de Manutenção da Vida, Equip de Diagnóstico e Infra - 2025 ri guama.xlsx",Guamá,239,0.0
Maracanã,6 Guamá,22,"Tabela 22 – Caracterização Hospitalar – Equip de Manutenção da Vida, Equip de Diagnóstico e Infra - 2025 ri guama",20,"Tabela 22 – Caracterização Hospitalar – Equip de Manutenção da Vida, Equip de Diagnóstico e Infra - 2025 ri guama","..\..\Desktop\tabelas-powerBI\6 Guamá\Tabela 22 – Caracterização Hospitalar – Equip de Manutenção da Vida, Equip de Diagnóstico e Infra - 2025 ri guama.xlsx",Guamá,239,0.0
Marapanim,6 Guamá,22,"Tabela 22 – Caracterização Hospitalar – Equip de Manutenção da Vida, Equip de Diagnóstico e Infra - 2025 ri guama",20,"Tabela 22 – Caracterização Hospitalar – Equip de Manutenção da Vida, Equip de Diagnóstico e Infra - 2025 ri guama","..\..\Desktop\tabelas-powerBI\6 Guamá\Tabela 22 – Caracterização Hospitalar – Equip de Manutenção da Vida, Equip de Diagnóstico e Infra - 2025 ri guama.xlsx",Guamá,239,0.0
Santa Izabel do Pará,6 Guamá,22,"Tabela 22 – Caracterização Hospitalar – Equip de Manutenção da Vida, Equip de Diagnóstico e Infra - 2025 ri guama",20,"Tabela 22 – Caracterização Hospitalar – Equip de Manutenção da Vida, Equip de Diagnóstico e Infra - 2025 ri guama","..\..\Desktop\tabelas-powerBI\6 Guamá\Tabela 22 – Caracterização Hospitalar – Equip de Manutenção da Vida, Equip de Diagnóstico e Infra - 2025 ri guama.xlsx",Guamá,239,0.0
Santa Maria do Pará,6 Guamá,22,"Tabela 22 – Caracterização Hospitalar – Equip de Manutenção da Vida, Equip de Diagnóstico e Infra - 2025 ri guama",20,"Tabela 22 – Caracterização Hospitalar – Equip de Manutenção da Vida, Equip de Diagnóstico e Infra - 2025 ri guama","..\..\Desktop\tabelas-powerBI\6 Guamá\Tabela 22 – Caracterização Hospitalar – Equip de Manutenção da Vida, Equip de Diagnóstico e Infra - 2025 ri guama.xlsx",Guamá,239,1.0
Santo Antônio do Tauá,6 Guamá,22,"Tabela 22 – Caracterização Hospitalar – Equip de Manutenção da Vida, Equip de Diagnóstico e Infra - 2025 ri guama",20,"Tabela 22 – Caracterização Hospitalar – Equip de Manutenção da Vida, Equip de Diagnóstico e Infra - 2025 ri guama","..\..\Desktop\tabelas-powerBI\6 Guamá\Tabela 22 – Caracterização Hospitalar – Equip de Manutenção da Vida, Equip de Diagnóstico e Infra - 2025 ri guama.xlsx",Guamá,239,1.0
São Caetano de Odivelas,6 Guamá,22,"Tabela 22 – Caracterização Hospitalar – Equip de Manutenção da Vida, Equip de Diagnóstico e Infra - 2025 ri guama",20,"Tabela 22 – Caracterização Hospitalar – Equip de Manutenção da Vida, Equip de Diagnóstico e Infra - 2025 ri guama","..\..\Desktop\tabelas-powerBI\6 Guamá\Tabela 22 – Caracterização Hospitalar – Equip de Manutenção da Vida, Equip de Diagnóstico e Infra - 2025 ri guama.xlsx",Guamá,239,0.0
São Domingos do Capim,6 Guamá,22,"Tabela 22 – Caracterização Hospitalar – Equip de Manutenção da Vida, Equip de Diagnóstico e Infra - 2025 ri guama",20,"Tabela 22 – Caracterização Hospitalar – Equip de Manutenção da Vida, Equip de Diagnóstico e Infra - 2025 ri guama","..\..\Desktop\tabelas-powerBI\6 Guamá\Tabela 22 – Caracterização Hospitalar – Equip de Manutenção da Vida, Equip de Diagnóstico e Infra - 2025 ri guama.xlsx",Guamá,239,0.0
São Francisco do Pará,6 Guamá,22,"Tabela 22 – Caracterização Hospitalar – Equip de Manutenção da Vida, Equip de Diagnóstico e Infra - 2025 ri guama",20,"Tabela 22 – Caracterização Hospitalar – Equip de Manutenção da Vida, Equip de Diagnóstico e Infra - 2025 ri guama","..\..\Desktop\tabelas-powerBI\6 Guamá\Tabela 22 – Caracterização Hospitalar – Equip de Manutenção da Vida, Equip de Diagnóstico e Infra - 2025 ri guama.xlsx",Guamá,239,0.0
São João da Ponta,6 Guamá,22,"Tabela 22 – Caracterização Hospitalar – Equip de Manutenção da Vida, Equip de Diagnóstico e Infra - 2025 ri guama",20,"Tabela 22 – Caracterização Hospitalar – Equip de Manutenção da Vida, Equip de Diagnóstico e Infra - 2025 ri guama","..\..\Desktop\tabelas-powerBI\6 Guamá\Tabela 22 – Caracterização Hospitalar – Equip de Manutenção da Vida, Equip de Diagnóstico e Infra - 2025 ri guama.xlsx",Guamá,239,0.0
São Miguel do Guamá,6 Guamá,22,"Tabela 22 – Caracterização Hospitalar – Equip de Manutenção da Vida, Equip de Diagnóstico e Infra - 2025 ri guama",20,"Tabela 22 – Caracterização Hospitalar – Equip de Manutenção da Vida, Equip de Diagnóstico e Infra - 2025 ri guama","..\..\Desktop\tabelas-powerBI\6 Guamá\Tabela 22 – Caracterização Hospitalar – Equip de Manutenção da Vida, Equip de Diagnóstico e Infra - 2025 ri guama.xlsx",Guamá,239,0.0
Terra Alta,6 Guamá,22,"Tabela 22 – Caracterização Hospitalar – Equip de Manutenção da Vida, Equip de Diagnóstico e Infra - 2025 ri guama",20,"Tabela 22 – Caracterização Hospitalar – Equip de Manutenção da Vida, Equip de Diagnóstico e Infra - 2025 ri guama","..\..\Desktop\tabelas-powerBI\6 Guamá\Tabela 22 – Caracterização Hospitalar – Equip de Manutenção da Vida, Equip de Diagnóstico e Infra - 2025 ri guama.xlsx",Guamá,239,0.0
Vigia,6 Guamá,22,"Tabela 22 – Caracterização Hospitalar – Equip de Manutenção da Vida, Equip de Diagnóstico e Infra - 2025 ri guama",20,"Tabela 22 – Caracterização Hospitalar – Equip de Manutenção da Vida, Equip de Diagnóstico e Infra - 2025 ri guama","..\..\Desktop\tabelas-powerBI\6 Guamá\Tabela 22 – Caracterização Hospitalar – Equip de Manutenção da Vida, Equip de Diagnóstico e Infra - 2025 ri guama.xlsx",Guamá,239,1.0
Fonte: DATASUS,6 Guamá,22,"Tabela 22 – Caracterização Hospitalar – Equip de Manutenção da Vida, Equip de Diagnóstico e Infra - 2025 ri guama",20,"Tabela 22 – Caracterização Hospitalar – Equip de Manutenção da Vida, Equip de Diagnóstico e Infra - 2025 ri guama","..\..\Desktop\tabelas-powerBI\6 Guamá\Tabela 22 – Caracterização Hospitalar – Equip de Manutenção da Vida, Equip de Diagnóstico e Infra - 2025 ri guama.xlsx",Guamá,239,
Elaboração: FAPESPA,6 Guamá,22,"Tabela 22 – Caracterização Hospitalar – Equip de Manutenção da Vida, Equip de Diagnóstico e Infra - 2025 ri guama",20,"Tabela 22 – Caracterização Hospitalar – Equip de Manutenção da Vida, Equip de Diagnóstico e Infra - 2025 ri guama","..\..\Desktop\tabelas-powerBI\6 Guamá\Tabela 22 – Caracterização Hospitalar – Equip de Manutenção da Vida, Equip de Diagnóstico e Infra - 2025 ri guama.xlsx",Guamá,239,
*Nota: Dados referentes a Outubro/2025.,6 Guamá,22,"Tabela 22 – Caracterização Hospitalar – Equip de Manutenção da Vida, Equip de Diagnóstico e Infra - 2025 ri guama",20,"Tabela 22 – Caracterização Hospitalar – Equip de Manutenção da Vida, Equip de Diagnóstico e Infra - 2025 ri guama","..\..\Desktop\tabelas-powerBI\6 Guamá\Tabela 22 – Caracterização Hospitalar – Equip de Manutenção da Vida, Equip de Diagnóstico e Infra - 2025 ri guama.xlsx",Guamá,239,
RI Guamá,6 Guamá,22,"Tabela 22 – Caracterização Hospitalar – Equip de Manutenção da Vida, Equip de Diagnóstico e Infra - 2025 ri guama",20,"Tabela 22 – Caracterização Hospitalar – Equip de Manutenção da Vida, Equip de Diagnóstico e Infra - 2025 ri guama","..\..\Desktop\tabelas-powerBI\6 Guamá\Tabela 22 – Caracterização Hospitalar – Equip de Manutenção da Vida, Equip de Diagnóstico e Infra - 2025 ri guama.xlsx",Guamá,234,11.0
Castanhal,6 Guamá,22,"Tabela 22 – Caracterização Hospitalar – Equip de Manutenção da Vida, Equip de Diagnóstico e Infra - 2025 ri guama",20,"Tabela 22 – Caracterização Hospitalar – Equip de Manutenção da Vida, Equip de Diagnóstico e Infra - 2025 ri guama","..\..\Desktop\tabelas-powerBI\6 Guamá\Tabela 22 – Caracterização Hospitalar – Equip de Manutenção da Vida, Equip de Diagnóstico e Infra - 2025 ri guama.xlsx",Guamá,234,7.0
Colares,6 Guamá,22,"Tabela 22 – Caracterização Hospitalar – Equip de Manutenção da Vida, Equip de Diagnóstico e Infra - 2025 ri guama",20,"Tabela 22 – Caracterização Hospitalar – Equip de Manutenção da Vida, Equip de Diagnóstico e Infra - 2025 ri guama","..\..\Desktop\tabelas-powerBI\6 Guamá\Tabela 22 – Caracterização Hospitalar – Equip de Manutenção da Vida, Equip de Diagnóstico e Infra - 2025 ri guama.xlsx",Guamá,234,0.0
Curuçá,6 Guamá,22,"Tabela 22 – Caracterização Hospitalar – Equip de Manutenção da Vida, Equip de Diagnóstico e Infra - 2025 ri guama",20,"Tabela 22 – Caracterização Hospitalar – Equip de Manutenção da Vida, Equip de Diagnóstico e Infra - 2025 ri guama","..\..\Desktop\tabelas-powerBI\6 Guamá\Tabela 22 – Caracterização Hospitalar – Equip de Manutenção da Vida, Equip de Diagnóstico e Infra - 2025 ri guama.xlsx",Guamá,234,1.0
Igarapé-Açu,6 Guamá,22,"Tabela 22 – Caracterização Hospitalar – Equip de Manutenção da Vida, Equip de Diagnóstico e Infra - 2025 ri guama",20,"Tabela 22 – Caracterização Hospitalar – Equip de Manutenção da Vida, Equip de Diagnóstico e Infra - 2025 ri guama","..\..\Desktop\tabelas-powerBI\6 Guamá\Tabela 22 – Caracterização Hospitalar – Equip de Manutenção da Vida, Equip de Diagnóstico e Infra - 2025 ri guama.xlsx",Guamá,234,0.0
Inhangapi,6 Guamá,22,"Tabela 22 – Caracterização Hospitalar – Equip de Manutenção da Vida, Equip de Diagnóstico e Infra - 2025 ri guama",20,"Tabela 22 – Caracterização Hospitalar – Equip de Manutenção da Vida, Equip de Diagnóstico e Infra - 2025 ri guama","..\..\Desktop\tabelas-powerBI\6 Guamá\Tabela 22 – Caracterização Hospitalar – Equip de Manutenção da Vida, Equip de Diagnóstico e Infra - 2025 ri guama.xlsx",Guamá,234,0.0
Magalhães Barata,6 Guamá,22,"Tabela 22 – Caracterização Hospitalar – Equip de Manutenção da Vida, Equip de Diagnóstico e Infra - 2025 ri guama",20,"Tabela 22 – Caracterização Hospitalar – Equip de Manutenção da Vida, Equip de Diagnóstico e Infra - 2025 ri guama","..\..\Desktop\tabelas-powerBI\6 Guamá\Tabela 22 – Caracterização Hospitalar – Equip de Manutenção da Vida, Equip de Diagnóstico e Infra - 2025 ri guama.xlsx",Guamá,234,0.0
Maracanã,6 Guamá,22,"Tabela 22 – Caracterização Hospitalar – Equip de Manutenção da Vida, Equip de Diagnóstico e Infra - 2025 ri guama",20,"Tabela 22 – Caracterização Hospitalar – Equip de Manutenção da Vida, Equip de Diagnóstico e Infra - 2025 ri guama","..\..\Desktop\tabelas-powerBI\6 Guamá\Tabela 22 – Caracterização Hospitalar – Equip de Manutenção da Vida, Equip de Diagnóstico e Infra - 2025 ri guama.xlsx",Guamá,234,0.0
Marapanim,6 Guamá,22,"Tabela 22 – Caracterização Hospitalar – Equip de Manutenção da Vida, Equip de Diagnóstico e Infra - 2025 ri guama",20,"Tabela 22 – Caracterização Hospitalar – Equip de Manutenção da Vida, Equip de Diagnóstico e Infra - 2025 ri guama","..\..\Desktop\tabelas-powerBI\6 Guamá\Tabela 22 – Caracterização Hospitalar – Equip de Manutenção da Vida, Equip de Diagnóstico e Infra - 2025 ri guama.xlsx",Guamá,234,0.0
Santa Izabel do Pará,6 Guamá,22,"Tabela 22 – Caracterização Hospitalar – Equip de Manutenção da Vida, Equip de Diagnóstico e Infra - 2025 ri guama",20,"Tabela 22 – Caracterização Hospitalar – Equip de Manutenção da Vida, Equip de Diagnóstico e Infra - 2025 ri guama","..\..\Desktop\tabelas-powerBI\6 Guamá\Tabela 22 – Caracterização Hospitalar – Equip de Manutenção da Vida, Equip de Diagnóstico e Infra - 2025 ri guama.xlsx",Guamá,234,0.0
Santa Maria do Pará,6 Guamá,22,"Tabela 22 – Caracterização Hospitalar – Equip de Manutenção da Vida, Equip de Diagnóstico e Infra - 2025 ri guama",20,"Tabela 22 – Caracterização Hospitalar – Equip de Manutenção da Vida, Equip de Diagnóstico e Infra - 2025 ri guama","..\..\Desktop\tabelas-powerBI\6 Guamá\Tabela 22 – Caracterização Hospitalar – Equip de Manutenção da Vida, Equip de Diagnóstico e Infra - 2025 ri guama.xlsx",Guamá,234,1.0
Santo Antônio do Tauá,6 Guamá,22,"Tabela 22 – Caracterização Hospitalar – Equip de Manutenção da Vida, Equip de Diagnóstico e Infra - 2025 ri guama",20,"Tabela 22 – Caracterização Hospitalar – Equip de Manutenção da Vida, Equip de Diagnóstico e Infra - 2025 ri guama","..\..\Desktop\tabelas-powerBI\6 Guamá\Tabela 22 – Caracterização Hospitalar – Equip de Manutenção da Vida, Equip de Diagnóstico e Infra - 2025 ri guama.xlsx",Guamá,234,1.0
São Caetano de Odivelas,6 Guamá,22,"Tabela 22 – Caracterização Hospitalar – Equip de Manutenção da Vida, Equip de Diagnóstico e Infra - 2025 ri guama",20,"Tabela 22 – Caracterização Hospitalar – Equip de Manutenção da Vida, Equip de Diagnóstico e Infra - 2025 ri guama","..\..\Desktop\tabelas-powerBI\6 Guamá\Tabela 22 – Caracterização Hospitalar – Equip de Manutenção da Vida, Equip de Diagnóstico e Infra - 2025 ri guama.xlsx",Guamá,234,0.0
São Domingos do Capim,6 Guamá,22,"Tabela 22 – Caracterização Hospitalar – Equip de Manutenção da Vida, Equip de Diagnóstico e Infra - 2025 ri guama",20,"Tabela 22 – Caracterização Hospitalar – Equip de Manutenção da Vida, Equip de Diagnóstico e Infra - 2025 ri guama","..\..\Desktop\tabelas-powerBI\6 Guamá\Tabela 22 – Caracterização Hospitalar – Equip de Manutenção da Vida, Equip de Diagnóstico e Infra - 2025 ri guama.xlsx",Guamá,234,0.0
São Francisco do Pará,6 Guamá,22,"Tabela 22 – Caracterização Hospitalar – Equip de Manutenção da Vida, Equip de Diagnóstico e Infra - 2025 ri guama",20,"Tabela 22 – Caracterização Hospitalar – Equip de Manutenção da Vida, Equip de Diagnóstico e Infra - 2025 ri guama","..\..\Desktop\tabelas-powerBI\6 Guamá\Tabela 22 – Caracterização Hospitalar – Equip de Manutenção da Vida, Equip de Diagnóstico e Infra - 2025 ri guama.xlsx",Guamá,234,0.0
São João da Ponta,6 Guamá,22,"Tabela 22 – Caracterização Hospitalar – Equip de Manutenção da Vida, Equip de Diagnóstico e Infra - 2025 ri guama",20,"Tabela 22 – Caracterização Hospitalar – Equip de Manutenção da Vida, Equip de Diagnóstico e Infra - 2025 ri guama","..\..\Desktop\tabelas-powerBI\6 Guamá\Tabela 22 – Caracterização Hospitalar – Equip de Manutenção da Vida, Equip de Diagnóstico e Infra - 2025 ri guama.xlsx",Guamá,234,0.0
São Miguel do Guamá,6 Guamá,22,"Tabela 22 – Caracterização Hospitalar – Equip de Manutenção da Vida, Equip de Diagnóstico e Infra - 2025 ri guama",20,"Tabela 22 – Caracterização Hospitalar – Equip de Manutenção da Vida, Equip de Diagnóstico e Infra - 2025 ri guama","..\..\Desktop\tabelas-powerBI\6 Guamá\Tabela 22 – Caracterização Hospitalar – Equip de Manutenção da Vida, Equip de Diagnóstico e Infra - 2025 ri guama.xlsx",Guamá,234,0.0
Terra Alta,6 Guamá,22,"Tabela 22 – Caracterização Hospitalar – Equip de Manutenção da Vida, Equip de Diagnóstico e Infra - 2025 ri guama",20,"Tabela 22 – Caracterização Hospitalar – Equip de Manutenção da Vida, Equip de Diagnóstico e Infra - 2025 ri guama","..\..\Desktop\tabelas-powerBI\6 Guamá\Tabela 22 – Caracterização Hospitalar – Equip de Manutenção da Vida, Equip de Diagnóstico e Infra - 2025 ri guama.xlsx",Guamá,234,0.0
Vigia,6 Guamá,22,"Tabela 22 – Caracterização Hospitalar – Equip de Manutenção da Vida, Equip de Diagnóstico e Infra - 2025 ri guama",20,"Tabela 22 – Caracterização Hospitalar – Equip de Manutenção da Vida, Equip de Diagnóstico e Infra - 2025 ri guama","..\..\Desktop\tabelas-powerBI\6 Guamá\Tabela 22 – Caracterização Hospitalar – Equip de Manutenção da Vida, Equip de Diagnóstico e Infra - 2025 ri guama.xlsx",Guamá,234,1.0
Fonte: DATASUS,6 Guamá,22,"Tabela 22 – Caracterização Hospitalar – Equip de Manutenção da Vida, Equip de Diagnóstico e Infra - 2025 ri guama",20,"Tabela 22 – Caracterização Hospitalar – Equip de Manutenção da Vida, Equip de Diagnóstico e Infra - 2025 ri guama","..\..\Desktop\tabelas-powerBI\6 Guamá\Tabela 22 – Caracterização Hospitalar – Equip de Manutenção da Vida, Equip de Diagnóstico e Infra - 2025 ri guama.xlsx",Guamá,234,
Elaboração: FAPESPA,6 Guamá,22,"Tabela 22 – Caracterização Hospitalar – Equip de Manutenção da Vida, Equip de Diagnóstico e Infra - 2025 ri guama",20,"Tabela 22 – Caracterização Hospitalar – Equip de Manutenção da Vida, Equip de Diagnóstico e Infra - 2025 ri guama","..\..\Desktop\tabelas-powerBI\6 Guamá\Tabela 22 – Caracterização Hospitalar – Equip de Manutenção da Vida, Equip de Diagnóstico e Infra - 2025 ri guama.xlsx",Guamá,234,
*Nota: Dados referentes a Outubro/2025.,6 Guamá,22,"Tabela 22 – Caracterização Hospitalar – Equip de Manutenção da Vida, Equip de Diagnóstico e Infra - 2025 ri guama",20,"Tabela 22 – Caracterização Hospitalar – Equip de Manutenção da Vida, Equip de Diagnóstico e Infra - 2025 ri guama","..\..\Desktop\tabelas-powerBI\6 Guamá\Tabela 22 – Caracterização Hospitalar – Equip de Manutenção da Vida, Equip de Diagnóstico e Infra - 2025 ri guama.xlsx",Guamá,234,
RI Guamá,6 Guamá,22,"Tabela 22 – Caracterização Hospitalar – Equip de Manutenção da Vida, Equip de Diagnóstico e Infra - 2025 ri guama",20,"Tabela 22 – Caracterização Hospitalar – Equip de Manutenção da Vida, Equip de Diagnóstico e Infra - 2025 ri guama","..\..\Desktop\tabelas-powerBI\6 Guamá\Tabela 22 – Caracterização Hospitalar – Equip de Manutenção da Vida, Equip de Diagnóstico e Infra - 2025 ri guama.xlsx",Guamá,746,51.0
Castanhal,6 Guamá,22,"Tabela 22 – Caracterização Hospitalar – Equip de Manutenção da Vida, Equip de Diagnóstico e Infra - 2025 ri guama",20,"Tabela 22 – Caracterização Hospitalar – Equip de Manutenção da Vida, Equip de Diagnóstico e Infra - 2025 ri guama","..\..\Desktop\tabelas-powerBI\6 Guamá\Tabela 22 – Caracterização Hospitalar – Equip de Manutenção da Vida, Equip de Diagnóstico e Infra - 2025 ri guama.xlsx",Guamá,746,21.0
Colares,6 Guamá,22,"Tabela 22 – Caracterização Hospitalar – Equip de Manutenção da Vida, Equip de Diagnóstico e Infra - 2025 ri guama",20,"Tabela 22 – Caracterização Hospitalar – Equip de Manutenção da Vida, Equip de Diagnóstico e Infra - 2025 ri guama","..\..\Desktop\tabelas-powerBI\6 Guamá\Tabela 22 – Caracterização Hospitalar – Equip de Manutenção da Vida, Equip de Diagnóstico e Infra - 2025 ri guama.xlsx",Guamá,746,1.0
Curuçá,6 Guamá,22,"Tabela 22 – Caracterização Hospitalar – Equip de Manutenção da Vida, Equip de Diagnóstico e Infra - 2025 ri guama",20,"Tabela 22 – Caracterização Hospitalar – Equip de Manutenção da Vida, Equip de Diagnóstico e Infra - 2025 ri guama","..\..\Desktop\tabelas-powerBI\6 Guamá\Tabela 22 – Caracterização Hospitalar – Equip de Manutenção da Vida, Equip de Diagnóstico e Infra - 2025 ri guama.xlsx",Guamá,746,1.0
Igarapé-Açu,6 Guamá,22,"Tabela 22 – Caracterização Hospitalar – Equip de Manutenção da Vida, Equip de Diagnóstico e Infra - 2025 ri guama",20,"Tabela 22 – Caracterização Hospitalar – Equip de Manutenção da Vida, Equip de Diagnóstico e Infra - 2025 ri guama","..\..\Desktop\tabelas-powerBI\6 Guamá\Tabela 22 – Caracterização Hospitalar – Equip de Manutenção da Vida, Equip de Diagnóstico e Infra - 2025 ri guama.xlsx",Guamá,746,4.0
Inhangapi,6 Guamá,22,"Tabela 22 – Caracterização Hospitalar – Equip de Manutenção da Vida, Equip de Diagnóstico e Infra - 2025 ri guama",20,"Tabela 22 – Caracterização Hospitalar – Equip de Manutenção da Vida, Equip de Diagnóstico e Infra - 2025 ri guama","..\..\Desktop\tabelas-powerBI\6 Guamá\Tabela 22 – Caracterização Hospitalar – Equip de Manutenção da Vida, Equip de Diagnóstico e Infra - 2025 ri guama.xlsx",Guamá,746,1.0
Magalhães Barata,6 Guamá,22,"Tabela 22 – Caracterização Hospitalar – Equip de Manutenção da Vida, Equip de Diagnóstico e Infra - 2025 ri guama",20,"Tabela 22 – Caracterização Hospitalar – Equip de Manutenção da Vida, Equip de Diagnóstico e Infra - 2025 ri guama","..\..\Desktop\tabelas-powerBI\6 Guamá\Tabela 22 – Caracterização Hospitalar – Equip de Manutenção da Vida, Equip de Diagnóstico e Infra - 2025 ri guama.xlsx",Guamá,746,2.0
Maracanã,6 Guamá,22,"Tabela 22 – Caracterização Hospitalar – Equip de Manutenção da Vida, Equip de Diagnóstico e Infra - 2025 ri guama",20,"Tabela 22 – Caracterização Hospitalar – Equip de Manutenção da Vida, Equip de Diagnóstico e Infra - 2025 ri guama","..\..\Desktop\tabelas-powerBI\6 Guamá\Tabela 22 – Caracterização Hospitalar – Equip de Manutenção da Vida, Equip de Diagnóstico e Infra - 2025 ri guama.xlsx",Guamá,746,1.0
Marapanim,6 Guamá,22,"Tabela 22 – Caracterização Hospitalar – Equip de Manutenção da Vida, Equip de Diagnóstico e Infra - 2025 ri guama",20,"Tabela 22 – Caracterização Hospitalar – Equip de Manutenção da Vida, Equip de Diagnóstico e Infra - 2025 ri guama","..\..\Desktop\tabelas-powerBI\6 Guamá\Tabela 22 – Caracterização Hospitalar – Equip de Manutenção da Vida, Equip de Diagnóstico e Infra - 2025 ri guama.xlsx",Guamá,746,1.0
Santa Izabel do Pará,6 Guamá,22,"Tabela 22 – Caracterização Hospitalar – Equip de Manutenção da Vida, Equip de Diagnóstico e Infra - 2025 ri guama",20,"Tabela 22 – Caracterização Hospitalar – Equip de Manutenção da Vida, Equip de Diagnóstico e Infra - 2025 ri guama","..\..\Desktop\tabelas-powerBI\6 Guamá\Tabela 22 – Caracterização Hospitalar – Equip de Manutenção da Vida, Equip de Diagnóstico e Infra - 2025 ri guama.xlsx",Guamá,746,4.0
Santa Maria do Pará,6 Guamá,22,"Tabela 22 – Caracterização Hospitalar – Equip de Manutenção da Vida, Equip de Diagnóstico e Infra - 2025 ri guama",20,"Tabela 22 – Caracterização Hospitalar – Equip de Manutenção da Vida, Equip de Diagnóstico e Infra - 2025 ri guama","..\..\Desktop\tabelas-powerBI\6 Guamá\Tabela 22 – Caracterização Hospitalar – Equip de Manutenção da Vida, Equip de Diagnóstico e Infra - 2025 ri guama.xlsx",Guamá,746,2.0
Santo Antônio do Tauá,6 Guamá,22,"Tabela 22 – Caracterização Hospitalar – Equip de Manutenção da Vida, Equip de Diagnóstico e Infra - 2025 ri guama",20,"Tabela 22 – Caracterização Hospitalar – Equip de Manutenção da Vida, Equip de Diagnóstico e Infra - 2025 ri guama","..\..\Desktop\tabelas-powerBI\6 Guamá\Tabela 22 – Caracterização Hospitalar – Equip de Manutenção da Vida, Equip de Diagnóstico e Infra - 2025 ri guama.xlsx",Guamá,746,1.0
São Caetano de Odivelas,6 Guamá,22,"Tabela 22 – Caracterização Hospitalar – Equip de Manutenção da Vida, Equip de Diagnóstico e Infra - 2025 ri guama",20,"Tabela 22 – Caracterização Hospitalar – Equip de Manutenção da Vida, Equip de Diagnóstico e Infra - 2025 ri guama","..\..\Desktop\tabelas-powerBI\6 Guamá\Tabela 22 – Caracterização Hospitalar – Equip de Manutenção da Vida, Equip de Diagnóstico e Infra - 2025 ri guama.xlsx",Guamá,746,1.0
São Domingos do Capim,6 Guamá,22,"Tabela 22 – Caracterização Hospitalar – Equip de Manutenção da Vida, Equip de Diagnóstico e Infra - 2025 ri guama",20,"Tabela 22 – Caracterização Hospitalar – Equip de Manutenção da Vida, Equip de Diagnóstico e Infra - 2025 ri guama","..\..\Desktop\tabelas-powerBI\6 Guamá\Tabela 22 – Caracterização Hospitalar – Equip de Manutenção da Vida, Equip de Diagnóstico e Infra - 2025 ri guama.xlsx",Guamá,746,3.0
São Francisco do Pará,6 Guamá,22,"Tabela 22 – Caracterização Hospitalar – Equip de Manutenção da Vida, Equip de Diagnóstico e Infra - 2025 ri guama",20,"Tabela 22 – Caracterização Hospitalar – Equip de Manutenção da Vida, Equip de Diagnóstico e Infra - 2025 ri guama","..\..\Desktop\tabelas-powerBI\6 Guamá\Tabela 22 – Caracterização Hospitalar – Equip de Manutenção da Vida, Equip de Diagnóstico e Infra - 2025 ri guama.xlsx",Guamá,746,2.0
São João da Ponta,6 Guamá,22,"Tabela 22 – Caracterização Hospitalar – Equip de Manutenção da Vida, Equip de Diagnóstico e Infra - 2025 ri guama",20,"Tabela 22 – Caracterização Hospitalar – Equip de Manutenção da Vida, Equip de Diagnóstico e Infra - 2025 ri guama","..\..\Desktop\tabelas-powerBI\6 Guamá\Tabela 22 – Caracterização Hospitalar – Equip de Manutenção da Vida, Equip de Diagnóstico e Infra - 2025 ri guama.xlsx",Guamá,746,1.0
São Miguel do Guamá,6 Guamá,22,"Tabela 22 – Caracterização Hospitalar – Equip de Manutenção da Vida, Equip de Diagnóstico e Infra - 2025 ri guama",20,"Tabela 22 – Caracterização Hospitalar – Equip de Manutenção da Vida, Equip de Diagnóstico e Infra - 2025 ri guama","..\..\Desktop\tabelas-powerBI\6 Guamá\Tabela 22 – Caracterização Hospitalar – Equip de Manutenção da Vida, Equip de Diagnóstico e Infra - 2025 ri guama.xlsx",Guamá,746,3.0
Terra Alta,6 Guamá,22,"Tabela 22 – Caracterização Hospitalar – Equip de Manutenção da Vida, Equip de Diagnóstico e Infra - 2025 ri guama",20,"Tabela 22 – Caracterização Hospitalar – Equip de Manutenção da Vida, Equip de Diagnóstico e Infra - 2025 ri guama","..\..\Desktop\tabelas-powerBI\6 Guamá\Tabela 22 – Caracterização Hospitalar – Equip de Manutenção da Vida, Equip de Diagnóstico e Infra - 2025 ri guama.xlsx",Guamá,746,0.0
Vigia,6 Guamá,22,"Tabela 22 – Caracterização Hospitalar – Equip de Manutenção da Vida, Equip de Diagnóstico e Infra - 2025 ri guama",20,"Tabela 22 – Caracterização Hospitalar – Equip de Manutenção da Vida, Equip de Diagnóstico e Infra - 2025 ri guama","..\..\Desktop\tabelas-powerBI\6 Guamá\Tabela 22 – Caracterização Hospitalar – Equip de Manutenção da Vida, Equip de Diagnóstico e Infra - 2025 ri guama.xlsx",Guamá,746,2.0
Fonte: DATASUS,6 Guamá,22,"Tabela 22 – Caracterização Hospitalar – Equip de Manutenção da Vida, Equip de Diagnóstico e Infra - 2025 ri guama",20,"Tabela 22 – Caracterização Hospitalar – Equip de Manutenção da Vida, Equip de Diagnóstico e Infra - 2025 ri guama","..\..\Desktop\tabelas-powerBI\6 Guamá\Tabela 22 – Caracterização Hospitalar – Equip de Manutenção da Vida, Equip de Diagnóstico e Infra - 2025 ri guama.xlsx",Guamá,746,
Elaboração: FAPESPA,6 Guamá,22,"Tabela 22 – Caracterização Hospitalar – Equip de Manutenção da Vida, Equip de Diagnóstico e Infra - 2025 ri guama",20,"Tabela 22 – Caracterização Hospitalar – Equip de Manutenção da Vida, Equip de Diagnóstico e Infra - 2025 ri guama","..\..\Desktop\tabelas-powerBI\6 Guamá\Tabela 22 – Caracterização Hospitalar – Equip de Manutenção da Vida, Equip de Diagnóstico e Infra - 2025 ri guama.xlsx",Guamá,746,
*Nota: Dados referentes a Outubro/2025.,6 Guamá,22,"Tabela 22 – Caracterização Hospitalar – Equip de Manutenção da Vida, Equip de Diagnóstico e Infra - 2025 ri guama",20,"Tabela 22 – Caracterização Hospitalar – Equip de Manutenção da Vida, Equip de Diagnóstico e Infra - 2025 ri guama","..\..\Desktop\tabelas-powerBI\6 Guamá\Tabela 22 – Caracterização Hospitalar – Equip de Manutenção da Vida, Equip de Diagnóstico e Infra - 2025 ri guama.xlsx",Guamá,746,
RI Guamá,6 Guamá,22,"Tabela 22 – Caracterização Hospitalar – Equip de Manutenção da Vida, Equip de Diagnóstico e Infra - 2025 ri guama",20,"Tabela 22 – Caracterização Hospitalar – Equip de Manutenção da Vida, Equip de Diagnóstico e Infra - 2025 ri guama","..\..\Desktop\tabelas-powerBI\6 Guamá\Tabela 22 – Caracterização Hospitalar – Equip de Manutenção da Vida, Equip de Diagnóstico e Infra - 2025 ri guama.xlsx",Guamá,720,48.0
Castanhal,6 Guamá,22,"Tabela 22 – Caracterização Hospitalar – Equip de Manutenção da Vida, Equip de Diagnóstico e Infra - 2025 ri guama",20,"Tabela 22 – Caracterização Hospitalar – Equip de Manutenção da Vida, Equip de Diagnóstico e Infra - 2025 ri guama","..\..\Desktop\tabelas-powerBI\6 Guamá\Tabela 22 – Caracterização Hospitalar – Equip de Manutenção da Vida, Equip de Diagnóstico e Infra - 2025 ri guama.xlsx",Guamá,720,18.0
Colares,6 Guamá,22,"Tabela 22 – Caracterização Hospitalar – Equip de Manutenção da Vida, Equip de Diagnóstico e Infra - 2025 ri guama",20,"Tabela 22 – Caracterização Hospitalar – Equip de Manutenção da Vida, Equip de Diagnóstico e Infra - 2025 ri guama","..\..\Desktop\tabelas-powerBI\6 Guamá\Tabela 22 – Caracterização Hospitalar – Equip de Manutenção da Vida, Equip de Diagnóstico e Infra - 2025 ri guama.xlsx",Guamá,720,1.0
Curuçá,6 Guamá,22,"Tabela 22 – Caracterização Hospitalar – Equip de Manutenção da Vida, Equip de Diagnóstico e Infra - 2025 ri guama",20,"Tabela 22 – Caracterização Hospitalar – Equip de Manutenção da Vida, Equip de Diagnóstico e Infra - 2025 ri guama","..\..\Desktop\tabelas-powerBI\6 Guamá\Tabela 22 – Caracterização Hospitalar – Equip de Manutenção da Vida, Equip de Diagnóstico e Infra - 2025 ri guama.xlsx",Guamá,720,1.0
Igarapé-Açu,6 Guamá,22,"Tabela 22 – Caracterização Hospitalar – Equip de Manutenção da Vida, Equip de Diagnóstico e Infra - 2025 ri guama",20,"Tabela 22 – Caracterização Hospitalar – Equip de Manutenção da Vida, Equip de Diagnóstico e Infra - 2025 ri guama","..\..\Desktop\tabelas-powerBI\6 Guamá\Tabela 22 – Caracterização Hospitalar – Equip de Manutenção da Vida, Equip de Diagnóstico e Infra - 2025 ri guama.xlsx",Guamá,720,4.0
Inhangapi,6 Guamá,22,"Tabela 22 – Caracterização Hospitalar – Equip de Manutenção da Vida, Equip de Diagnóstico e Infra - 2025 ri guama",20,"Tabela 22 – Caracterização Hospitalar – Equip de Manutenção da Vida, Equip de Diagnóstico e Infra - 2025 ri guama","..\..\Desktop\tabelas-powerBI\6 Guamá\Tabela 22 – Caracterização Hospitalar – Equip de Manutenção da Vida, Equip de Diagnóstico e Infra - 2025 ri guama.xlsx",Guamá,720,1.0
Magalhães Barata,6 Guamá,22,"Tabela 22 – Caracterização Hospitalar – Equip de Manutenção da Vida, Equip de Diagnóstico e Infra - 2025 ri guama",20,"Tabela 22 – Caracterização Hospitalar – Equip de Manutenção da Vida, Equip de Diagnóstico e Infra - 2025 ri guama","..\..\Desktop\tabelas-powerBI\6 Guamá\Tabela 22 – Caracterização Hospitalar – Equip de Manutenção da Vida, Equip de Diagnóstico e Infra - 2025 ri guama.xlsx",Guamá,720,2.0
Maracanã,6 Guamá,22,"Tabela 22 – Caracterização Hospitalar – Equip de Manutenção da Vida, Equip de Diagnóstico e Infra - 2025 ri guama",20,"Tabela 22 – Caracterização Hospitalar – Equip de Manutenção da Vida, Equip de Diagnóstico e Infra - 2025 ri guama","..\..\Desktop\tabelas-powerBI\6 Guamá\Tabela 22 – Caracterização Hospitalar – Equip de Manutenção da Vida, Equip de Diagnóstico e Infra - 2025 ri guama.xlsx",Guamá,720,1.0
Marapanim,6 Guamá,22,"Tabela 22 – Caracterização Hospitalar – Equip de Manutenção da Vida, Equip de Diagnóstico e Infra - 2025 ri guama",20,"Tabela 22 – Caracterização Hospitalar – Equip de Manutenção da Vida, Equip de Diagnóstico e Infra - 2025 ri guama","..\..\Desktop\tabelas-powerBI\6 Guamá\Tabela 22 – Caracterização Hospitalar – Equip de Manutenção da Vida, Equip de Diagnóstico e Infra - 2025 ri guama.xlsx",Guamá,720,1.0
Santa Izabel do Pará,6 Guamá,22,"Tabela 22 – Caracterização Hospitalar – Equip de Manutenção da Vida, Equip de Diagnóstico e Infra - 2025 ri guama",20,"Tabela 22 – Caracterização Hospitalar – Equip de Manutenção da Vida, Equip de Diagnóstico e Infra - 2025 ri guama","..\..\Desktop\tabelas-powerBI\6 Guamá\Tabela 22 – Caracterização Hospitalar – Equip de Manutenção da Vida, Equip de Diagnóstico e Infra - 2025 ri guama.xlsx",Guamá,720,4.0
Santa Maria do Pará,6 Guamá,22,"Tabela 22 – Caracterização Hospitalar – Equip de Manutenção da Vida, Equip de Diagnóstico e Infra - 2025 ri guama",20,"Tabela 22 – Caracterização Hospitalar – Equip de Manutenção da Vida, Equip de Diagnóstico e Infra - 2025 ri guama","..\..\Desktop\tabelas-powerBI\6 Guamá\Tabela 22 – Caracterização Hospitalar – Equip de Manutenção da Vida, Equip de Diagnóstico e Infra - 2025 ri guama.xlsx",Guamá,720,2.0
Santo Antônio do Tauá,6 Guamá,22,"Tabela 22 – Caracterização Hospitalar – Equip de Manutenção da Vida, Equip de Diagnóstico e Infra - 2025 ri guama",20,"Tabela 22 – Caracterização Hospitalar – Equip de Manutenção da Vida, Equip de Diagnóstico e Infra - 2025 ri guama","..\..\Desktop\tabelas-powerBI\6 Guamá\Tabela 22 – Caracterização Hospitalar – Equip de Manutenção da Vida, Equip de Diagnóstico e Infra - 2025 ri guama.xlsx",Guamá,720,1.0
São Caetano de Odivelas,6 Guamá,22,"Tabela 22 – Caracterização Hospitalar – Equip de Manutenção da Vida, Equip de Diagnóstico e Infra - 2025 ri guama",20,"Tabela 22 – Caracterização Hospitalar – Equip de Manutenção da Vida, Equip de Diagnóstico e Infra - 2025 ri guama","..\..\Desktop\tabelas-powerBI\6 Guamá\Tabela 22 – Caracterização Hospitalar – Equip de Manutenção da Vida, Equip de Diagnóstico e Infra - 2025 ri guama.xlsx",Guamá,720,1.0
São Domingos do Capim,6 Guamá,22,"Tabela 22 – Caracterização Hospitalar – Equip de Manutenção da Vida, Equip de Diagnóstico e Infra - 2025 ri guama",20,"Tabela 22 – Caracterização Hospitalar – Equip de Manutenção da Vida, Equip de Diagnóstico e Infra - 2025 ri guama","..\..\Desktop\tabelas-powerBI\6 Guamá\Tabela 22 – Caracterização Hospitalar – Equip de Manutenção da Vida, Equip de Diagnóstico e Infra - 2025 ri guama.xlsx",Guamá,720,3.0
São Francisco do Pará,6 Guamá,22,"Tabela 22 – Caracterização Hospitalar – Equip de Manutenção da Vida, Equip de Diagnóstico e Infra - 2025 ri guama",20,"Tabela 22 – Caracterização Hospitalar – Equip de Manutenção da Vida, Equip de Diagnóstico e Infra - 2025 ri guama","..\..\Desktop\tabelas-powerBI\6 Guamá\Tabela 22 – Caracterização Hospitalar – Equip de Manutenção da Vida, Equip de Diagnóstico e Infra - 2025 ri guama.xlsx",Guamá,720,2.0
São João da Ponta,6 Guamá,22,"Tabela 22 – Caracterização Hospitalar – Equip de Manutenção da Vida, Equip de Diagnóstico e Infra - 2025 ri guama",20,"Tabela 22 – Caracterização Hospitalar – Equip de Manutenção da Vida, Equip de Diagnóstico e Infra - 2025 ri guama","..\..\Desktop\tabelas-powerBI\6 Guamá\Tabela 22 – Caracterização Hospitalar – Equip de Manutenção da Vida, Equip de Diagnóstico e Infra - 2025 ri guama.xlsx",Guamá,720,1.0
São Miguel do Guamá,6 Guamá,22,"Tabela 22 – Caracterização Hospitalar – Equip de Manutenção da Vida, Equip de Diagnóstico e Infra - 2025 ri guama",20,"Tabela 22 – Caracterização Hospitalar – Equip de Manutenção da Vida, Equip de Diagnóstico e Infra - 2025 ri guama","..\..\Desktop\tabelas-powerBI\6 Guamá\Tabela 22 – Caracterização Hospitalar – Equip de Manutenção da Vida, Equip de Diagnóstico e Infra - 2025 ri guama.xlsx",Guamá,720,3.0
Terra Alta,6 Guamá,22,"Tabela 22 – Caracterização Hospitalar – Equip de Manutenção da Vida, Equip de Diagnóstico e Infra - 2025 ri guama",20,"Tabela 22 – Caracterização Hospitalar – Equip de Manutenção da Vida, Equip de Diagnóstico e Infra - 2025 ri guama","..\..\Desktop\tabelas-powerBI\6 Guamá\Tabela 22 – Caracterização Hospitalar – Equip de Manutenção da Vida, Equip de Diagnóstico e Infra - 2025 ri guama.xlsx",Guamá,720,0.0
Vigia,6 Guamá,22,"Tabela 22 – Caracterização Hospitalar – Equip de Manutenção da Vida, Equip de Diagnóstico e Infra - 2025 ri guama",20,"Tabela 22 – Caracterização Hospitalar – Equip de Manutenção da Vida, Equip de Diagnóstico e Infra - 2025 ri guama","..\..\Desktop\tabelas-powerBI\6 Guamá\Tabela 22 – Caracterização Hospitalar – Equip de Manutenção da Vida, Equip de Diagnóstico e Infra - 2025 ri guama.xlsx",Guamá,720,2.0
Fonte: DATASUS,6 Guamá,22,"Tabela 22 – Caracterização Hospitalar – Equip de Manutenção da Vida, Equip de Diagnóstico e Infra - 2025 ri guama",20,"Tabela 22 – Caracterização Hospitalar – Equip de Manutenção da Vida, Equip de Diagnóstico e Infra - 2025 ri guama","..\..\Desktop\tabelas-powerBI\6 Guamá\Tabela 22 – Caracterização Hospitalar – Equip de Manutenção da Vida, Equip de Diagnóstico e Infra - 2025 ri guama.xlsx",Guamá,720,
Elaboração: FAPESPA,6 Guamá,22,"Tabela 22 – Caracterização Hospitalar – Equip de Manutenção da Vida, Equip de Diagnóstico e Infra - 2025 ri guama",20,"Tabela 22 – Caracterização Hospitalar – Equip de Manutenção da Vida, Equip de Diagnóstico e Infra - 2025 ri guama","..\..\Desktop\tabelas-powerBI\6 Guamá\Tabela 22 – Caracterização Hospitalar – Equip de Manutenção da Vida, Equip de Diagnóstico e Infra - 2025 ri guama.xlsx",Guamá,720,
*Nota: Dados referentes a Outubro/2025.,6 Guamá,22,"Tabela 22 – Caracterização Hospitalar – Equip de Manutenção da Vida, Equip de Diagnóstico e Infra - 2025 ri guama",20,"Tabela 22 – Caracterização Hospitalar – Equip de Manutenção da Vida, Equip de Diagnóstico e Infra - 2025 ri guama","..\..\Desktop\tabelas-powerBI\6 Guamá\Tabela 22 – Caracterização Hospitalar – Equip de Manutenção da Vida, Equip de Diagnóstico e Infra - 2025 ri guama.xlsx",Guamá,720,
RI Guamá,6 Guamá,22,"Tabela 22 – Caracterização Hospitalar – Equip de Manutenção da Vida, Equip de Diagnóstico e Infra - 2025 ri guama",20,"Tabela 22 – Caracterização Hospitalar – Equip de Manutenção da Vida, Equip de Diagnóstico e Infra - 2025 ri guama","..\..\Desktop\tabelas-powerBI\6 Guamá\Tabela 22 – Caracterização Hospitalar – Equip de Manutenção da Vida, Equip de Diagnóstico e Infra - 2025 ri guama.xlsx",Guamá,1199,74.0
Castanhal,6 Guamá,22,"Tabela 22 – Caracterização Hospitalar – Equip de Manutenção da Vida, Equip de Diagnóstico e Infra - 2025 ri guama",20,"Tabela 22 – Caracterização Hospitalar – Equip de Manutenção da Vida, Equip de Diagnóstico e Infra - 2025 ri guama","..\..\Desktop\tabelas-powerBI\6 Guamá\Tabela 22 – Caracterização Hospitalar – Equip de Manutenção da Vida, Equip de Diagnóstico e Infra - 2025 ri guama.xlsx",Guamá,1199,31.0
Colares,6 Guamá,22,"Tabela 22 – Caracterização Hospitalar – Equip de Manutenção da Vida, Equip de Diagnóstico e Infra - 2025 ri guama",20,"Tabela 22 – Caracterização Hospitalar – Equip de Manutenção da Vida, Equip de Diagnóstico e Infra - 2025 ri guama","..\..\Desktop\tabelas-powerBI\6 Guamá\Tabela 22 – Caracterização Hospitalar – Equip de Manutenção da Vida, Equip de Diagnóstico e Infra - 2025 ri guama.xlsx",Guamá,1199,1.0
Curuçá,6 Guamá,22,"Tabela 22 – Caracterização Hospitalar – Equip de Manutenção da Vida, Equip de Diagnóstico e Infra - 2025 ri guama",20,"Tabela 22 – Caracterização Hospitalar – Equip de Manutenção da Vida, Equip de Diagnóstico e Infra - 2025 ri guama","..\..\Desktop\tabelas-powerBI\6 Guamá\Tabela 22 – Caracterização Hospitalar – Equip de Manutenção da Vida, Equip de Diagnóstico e Infra - 2025 ri guama.xlsx",Guamá,1199,4.0
Igarapé-Açu,6 Guamá,22,"Tabela 22 – Caracterização Hospitalar – Equip de Manutenção da Vida, Equip de Diagnóstico e Infra - 2025 ri guama",20,"Tabela 22 – Caracterização Hospitalar – Equip de Manutenção da Vida, Equip de Diagnóstico e Infra - 2025 ri guama","..\..\Desktop\tabelas-powerBI\6 Guamá\Tabela 22 – Caracterização Hospitalar – Equip de Manutenção da Vida, Equip de Diagnóstico e Infra - 2025 ri guama.xlsx",Guamá,1199,5.0
Inhangapi,6 Guamá,22,"Tabela 22 – Caracterização Hospitalar – Equip de Manutenção da Vida, Equip de Diagnóstico e Infra - 2025 ri guama",20,"Tabela 22 – Caracterização Hospitalar – Equip de Manutenção da Vida, Equip de Diagnóstico e Infra - 2025 ri guama","..\..\Desktop\tabelas-powerBI\6 Guamá\Tabela 22 – Caracterização Hospitalar – Equip de Manutenção da Vida, Equip de Diagnóstico e Infra - 2025 ri guama.xlsx",Guamá,1199,1.0
Magalhães Barata,6 Guamá,22,"Tabela 22 – Caracterização Hospitalar – Equip de Manutenção da Vida, Equip de Diagnóstico e Infra - 2025 ri guama",20,"Tabela 22 – Caracterização Hospitalar – Equip de Manutenção da Vida, Equip de Diagnóstico e Infra - 2025 ri guama","..\..\Desktop\tabelas-powerBI\6 Guamá\Tabela 22 – Caracterização Hospitalar – Equip de Manutenção da Vida, Equip de Diagnóstico e Infra - 2025 ri guama.xlsx",Guamá,1199,3.0
Maracanã,6 Guamá,22,"Tabela 22 – Caracterização Hospitalar – Equip de Manutenção da Vida, Equip de Diagnóstico e Infra - 2025 ri guama",20,"Tabela 22 – Caracterização Hospitalar – Equip de Manutenção da Vida, Equip de Diagnóstico e Infra - 2025 ri guama","..\..\Desktop\tabelas-powerBI\6 Guamá\Tabela 22 – Caracterização Hospitalar – Equip de Manutenção da Vida, Equip de Diagnóstico e Infra - 2025 ri guama.xlsx",Guamá,1199,1.0
Marapanim,6 Guamá,22,"Tabela 22 – Caracterização Hospitalar – Equip de Manutenção da Vida, Equip de Diagnóstico e Infra - 2025 ri guama",20,"Tabela 22 – Caracterização Hospitalar – Equip de Manutenção da Vida, Equip de Diagnóstico e Infra - 2025 ri guama","..\..\Desktop\tabelas-powerBI\6 Guamá\Tabela 22 – Caracterização Hospitalar – Equip de Manutenção da Vida, Equip de Diagnóstico e Infra - 2025 ri guama.xlsx",Guamá,1199,1.0
Santa Izabel do Pará,6 Guamá,22,"Tabela 22 – Caracterização Hospitalar – Equip de Manutenção da Vida, Equip de Diagnóstico e Infra - 2025 ri guama",20,"Tabela 22 – Caracterização Hospitalar – Equip de Manutenção da Vida, Equip de Diagnóstico e Infra - 2025 ri guama","..\..\Desktop\tabelas-powerBI\6 Guamá\Tabela 22 – Caracterização Hospitalar – Equip de Manutenção da Vida, Equip de Diagnóstico e Infra - 2025 ri guama.xlsx",Guamá,1199,5.0
Santa Maria do Pará,6 Guamá,22,"Tabela 22 – Caracterização Hospitalar – Equip de Manutenção da Vida, Equip de Diagnóstico e Infra - 2025 ri guama",20,"Tabela 22 – Caracterização Hospitalar – Equip de Manutenção da Vida, Equip de Diagnóstico e Infra - 2025 ri guama","..\..\Desktop\tabelas-powerBI\6 Guamá\Tabela 22 – Caracterização Hospitalar – Equip de Manutenção da Vida, Equip de Diagnóstico e Infra - 2025 ri guama.xlsx",Guamá,1199,3.0
Santo Antônio do Tauá,6 Guamá,22,"Tabela 22 – Caracterização Hospitalar – Equip de Manutenção da Vida, Equip de Diagnóstico e Infra - 2025 ri guama",20,"Tabela 22 – Caracterização Hospitalar – Equip de Manutenção da Vida, Equip de Diagnóstico e Infra - 2025 ri guama","..\..\Desktop\tabelas-powerBI\6 Guamá\Tabela 22 – Caracterização Hospitalar – Equip de Manutenção da Vida, Equip de Diagnóstico e Infra - 2025 ri guama.xlsx",Guamá,1199,2.0
São Caetano de Odivelas,6 Guamá,22,"Tabela 22 – Caracterização Hospitalar – Equip de Manutenção da Vida, Equip de Diagnóstico e Infra - 2025 ri guama",20,"Tabela 22 – Caracterização Hospitalar – Equip de Manutenção da Vida, Equip de Diagnóstico e Infra - 2025 ri guama","..\..\Desktop\tabelas-powerBI\6 Guamá\Tabela 22 – Caracterização Hospitalar – Equip de Manutenção da Vida, Equip de Diagnóstico e Infra - 2025 ri guama.xlsx",Guamá,1199,1.0
São Domingos do Capim,6 Guamá,22,"Tabela 22 – Caracterização Hospitalar – Equip de Manutenção da Vida, Equip de Diagnóstico e Infra - 2025 ri guama",20,"Tabela 22 – Caracterização Hospitalar – Equip de Manutenção da Vida, Equip de Diagnóstico e Infra - 2025 ri guama","..\..\Desktop\tabelas-powerBI\6 Guamá\Tabela 22 – Caracterização Hospitalar – Equip de Manutenção da Vida, Equip de Diagnóstico e Infra - 2025 ri guama.xlsx",Guamá,1199,3.0
São Francisco do Pará,6 Guamá,22,"Tabela 22 – Caracterização Hospitalar – Equip de Manutenção da Vida, Equip de Diagnóstico e Infra - 2025 ri guama",20,"Tabela 22 – Caracterização Hospitalar – Equip de Manutenção da Vida, Equip de Diagnóstico e Infra - 2025 ri guama","..\..\Desktop\tabelas-powerBI\6 Guamá\Tabela 22 – Caracterização Hospitalar – Equip de Manutenção da Vida, Equip de Diagnóstico e Infra - 2025 ri guama.xlsx",Guamá,1199,1.0
São João da Ponta,6 Guamá,22,"Tabela 22 – Caracterização Hospitalar – Equip de Manutenção da Vida, Equip de Diagnóstico e Infra - 2025 ri guama",20,"Tabela 22 – Caracterização Hospitalar – Equip de Manutenção da Vida, Equip de Diagnóstico e Infra - 2025 ri guama","..\..\Desktop\tabelas-powerBI\6 Guamá\Tabela 22 – Caracterização Hospitalar – Equip de Manutenção da Vida, Equip de Diagnóstico e Infra - 2025 ri guama.xlsx",Guamá,1199,0.0
São Miguel do Guamá,6 Guamá,22,"Tabela 22 – Caracterização Hospitalar – Equip de Manutenção da Vida, Equip de Diagnóstico e Infra - 2025 ri guama",20,"Tabela 22 – Caracterização Hospitalar – Equip de Manutenção da Vida, Equip de Diagnóstico e Infra - 2025 ri guama","..\..\Desktop\tabelas-powerBI\6 Guamá\Tabela 22 – Caracterização Hospitalar – Equip de Manutenção da Vida, Equip de Diagnóstico e Infra - 2025 ri guama.xlsx",Guamá,1199,9.0
Terra Alta,6 Guamá,22,"Tabela 22 – Caracterização Hospitalar – Equip de Manutenção da Vida, Equip de Diagnóstico e Infra - 2025 ri guama",20,"Tabela 22 – Caracterização Hospitalar – Equip de Manutenção da Vida, Equip de Diagnóstico e Infra - 2025 ri guama","..\..\Desktop\tabelas-powerBI\6 Guamá\Tabela 22 – Caracterização Hospitalar – Equip de Manutenção da Vida, Equip de Diagnóstico e Infra - 2025 ri guama.xlsx",Guamá,1199,1.0
Vigia,6 Guamá,22,"Tabela 22 – Caracterização Hospitalar – Equip de Manutenção da Vida, Equip de Diagnóstico e Infra - 2025 ri guama",20,"Tabela 22 – Caracterização Hospitalar – Equip de Manutenção da Vida, Equip de Diagnóstico e Infra - 2025 ri guama","..\..\Desktop\tabelas-powerBI\6 Guamá\Tabela 22 – Caracterização Hospitalar – Equip de Manutenção da Vida, Equip de Diagnóstico e Infra - 2025 ri guama.xlsx",Guamá,1199,2.0
Fonte: DATASUS,6 Guamá,22,"Tabela 22 – Caracterização Hospitalar – Equip de Manutenção da Vida, Equip de Diagnóstico e Infra - 2025 ri guama",20,"Tabela 22 – Caracterização Hospitalar – Equip de Manutenção da Vida, Equip de Diagnóstico e Infra - 2025 ri guama","..\..\Desktop\tabelas-powerBI\6 Guamá\Tabela 22 – Caracterização Hospitalar – Equip de Manutenção da Vida, Equip de Diagnóstico e Infra - 2025 ri guama.xlsx",Guamá,1199,
Elaboração: FAPESPA,6 Guamá,22,"Tabela 22 – Caracterização Hospitalar – Equip de Manutenção da Vida, Equip de Diagnóstico e Infra - 2025 ri guama",20,"Tabela 22 – Caracterização Hospitalar – Equip de Manutenção da Vida, Equip de Diagnóstico e Infra - 2025 ri guama","..\..\Desktop\tabelas-powerBI\6 Guamá\Tabela 22 – Caracterização Hospitalar – Equip de Manutenção da Vida, Equip de Diagnóstico e Infra - 2025 ri guama.xlsx",Guamá,1199,
*Nota: Dados referentes a Outubro/2025.,6 Guamá,22,"Tabela 22 – Caracterização Hospitalar – Equip de Manutenção da Vida, Equip de Diagnóstico e Infra - 2025 ri guama",20,"Tabela 22 – Caracterização Hospitalar – Equip de Manutenção da Vida, Equip de Diagnóstico e Infra - 2025 ri guama","..\..\Desktop\tabelas-powerBI\6 Guamá\Tabela 22 – Caracterização Hospitalar – Equip de Manutenção da Vida, Equip de Diagnóstico e Infra - 2025 ri guama.xlsx",Guamá,1199,
RI Guamá,6 Guamá,22,"Tabela 22 – Caracterização Hospitalar – Equip de Manutenção da Vida, Equip de Diagnóstico e Infra - 2025 ri guama",20,"Tabela 22 – Caracterização Hospitalar – Equip de Manutenção da Vida, Equip de Diagnóstico e Infra - 2025 ri guama","..\..\Desktop\tabelas-powerBI\6 Guamá\Tabela 22 – Caracterização Hospitalar – Equip de Manutenção da Vida, Equip de Diagnóstico e Infra - 2025 ri guama.xlsx",Guamá,1128,74.0
Castanhal,6 Guamá,22,"Tabela 22 – Caracterização Hospitalar – Equip de Manutenção da Vida, Equip de Diagnóstico e Infra - 2025 ri guama",20,"Tabela 22 – Caracterização Hospitalar – Equip de Manutenção da Vida, Equip de Diagnóstico e Infra - 2025 ri guama","..\..\Desktop\tabelas-powerBI\6 Guamá\Tabela 22 – Caracterização Hospitalar – Equip de Manutenção da Vida, Equip de Diagnóstico e Infra - 2025 ri guama.xlsx",Guamá,1128,31.0
Colares,6 Guamá,22,"Tabela 22 – Caracterização Hospitalar – Equip de Manutenção da Vida, Equip de Diagnóstico e Infra - 2025 ri guama",20,"Tabela 22 – Caracterização Hospitalar – Equip de Manutenção da Vida, Equip de Diagnóstico e Infra - 2025 ri guama","..\..\Desktop\tabelas-powerBI\6 Guamá\Tabela 22 – Caracterização Hospitalar – Equip de Manutenção da Vida, Equip de Diagnóstico e Infra - 2025 ri guama.xlsx",Guamá,1128,1.0
Curuçá,6 Guamá,22,"Tabela 22 – Caracterização Hospitalar – Equip de Manutenção da Vida, Equip de Diagnóstico e Infra - 2025 ri guama",20,"Tabela 22 – Caracterização Hospitalar – Equip de Manutenção da Vida, Equip de Diagnóstico e Infra - 2025 ri guama","..\..\Desktop\tabelas-powerBI\6 Guamá\Tabela 22 – Caracterização Hospitalar – Equip de Manutenção da Vida, Equip de Diagnóstico e Infra - 2025 ri guama.xlsx",Guamá,1128,4.0
Igarapé-Açu,6 Guamá,22,"Tabela 22 – Caracterização Hospitalar – Equip de Manutenção da Vida, Equip de Diagnóstico e Infra - 2025 ri guama",20,"Tabela 22 – Caracterização Hospitalar – Equip de Manutenção da Vida, Equip de Diagnóstico e Infra - 2025 ri guama","..\..\Desktop\tabelas-powerBI\6 Guamá\Tabela 22 – Caracterização Hospitalar – Equip de Manutenção da Vida, Equip de Diagnóstico e Infra - 2025 ri guama.xlsx",Guamá,1128,5.0
Inhangapi,6 Guamá,22,"Tabela 22 – Caracterização Hospitalar – Equip de Manutenção da Vida, Equip de Diagnóstico e Infra - 2025 ri guama",20,"Tabela 22 – Caracterização Hospitalar – Equip de Manutenção da Vida, Equip de Diagnóstico e Infra - 2025 ri guama","..\..\Desktop\tabelas-powerBI\6 Guamá\Tabela 22 – Caracterização Hospitalar – Equip de Manutenção da Vida, Equip de Diagnóstico e Infra - 2025 ri guama.xlsx",Guamá,1128,1.0
Magalhães Barata,6 Guamá,22,"Tabela 22 – Caracterização Hospitalar – Equip de Manutenção da Vida, Equip de Diagnóstico e Infra - 2025 ri guama",20,"Tabela 22 – Caracterização Hospitalar – Equip de Manutenção da Vida, Equip de Diagnóstico e Infra - 2025 ri guama","..\..\Desktop\tabelas-powerBI\6 Guamá\Tabela 22 – Caracterização Hospitalar – Equip de Manutenção da Vida, Equip de Diagnóstico e Infra - 2025 ri guama.xlsx",Guamá,1128,3.0
Maracanã,6 Guamá,22,"Tabela 22 – Caracterização Hospitalar – Equip de Manutenção da Vida, Equip de Diagnóstico e Infra - 2025 ri guama",20,"Tabela 22 – Caracterização Hospitalar – Equip de Manutenção da Vida, Equip de Diagnóstico e Infra - 2025 ri guama","..\..\Desktop\tabelas-powerBI\6 Guamá\Tabela 22 – Caracterização Hospitalar – Equip de Manutenção da Vida, Equip de Diagnóstico e Infra - 2025 ri guama.xlsx",Guamá,1128,1.0
Marapanim,6 Guamá,22,"Tabela 22 – Caracterização Hospitalar – Equip de Manutenção da Vida, Equip de Diagnóstico e Infra - 2025 ri guama",20,"Tabela 22 – Caracterização Hospitalar – Equip de Manutenção da Vida, Equip de Diagnóstico e Infra - 2025 ri guama","..\..\Desktop\tabelas-powerBI\6 Guamá\Tabela 22 – Caracterização Hospitalar – Equip de Manutenção da Vida, Equip de Diagnóstico e Infra - 2025 ri guama.xlsx",Guamá,1128,1.0
Santa Izabel do Pará,6 Guamá,22,"Tabela 22 – Caracterização Hospitalar – Equip de Manutenção da Vida, Equip de Diagnóstico e Infra - 2025 ri guama",20,"Tabela 22 – Caracterização Hospitalar – Equip de Manutenção da Vida, Equip de Diagnóstico e Infra - 2025 ri guama","..\..\Desktop\tabelas-powerBI\6 Guamá\Tabela 22 – Caracterização Hospitalar – Equip de Manutenção da Vida, Equip de Diagnóstico e Infra - 2025 ri guama.xlsx",Guamá,1128,5.0
Santa Maria do Pará,6 Guamá,22,"Tabela 22 – Caracterização Hospitalar – Equip de Manutenção da Vida, Equip de Diagnóstico e Infra - 2025 ri guama",20,"Tabela 22 – Caracterização Hospitalar – Equip de Manutenção da Vida, Equip de Diagnóstico e Infra - 2025 ri guama","..\..\Desktop\tabelas-powerBI\6 Guamá\Tabela 22 – Caracterização Hospitalar – Equip de Manutenção da Vida, Equip de Diagnóstico e Infra - 2025 ri guama.xlsx",Guamá,1128,3.0
Santo Antônio do Tauá,6 Guamá,22,"Tabela 22 – Caracterização Hospitalar – Equip de Manutenção da Vida, Equip de Diagnóstico e Infra - 2025 ri guama",20,"Tabela 22 – Caracterização Hospitalar – Equip de Manutenção da Vida, Equip de Diagnóstico e Infra - 2025 ri guama","..\..\Desktop\tabelas-powerBI\6 Guamá\Tabela 22 – Caracterização Hospitalar – Equip de Manutenção da Vida, Equip de Diagnóstico e Infra - 2025 ri guama.xlsx",Guamá,1128,2.0
São Caetano de Odivelas,6 Guamá,22,"Tabela 22 – Caracterização Hospitalar – Equip de Manutenção da Vida, Equip de Diagnóstico e Infra - 2025 ri guama",20,"Tabela 22 – Caracterização Hospitalar – Equip de Manutenção da Vida, Equip de Diagnóstico e Infra - 2025 ri guama","..\..\Desktop\tabelas-powerBI\6 Guamá\Tabela 22 – Caracterização Hospitalar – Equip de Manutenção da Vida, Equip de Diagnóstico e Infra - 2025 ri guama.xlsx",Guamá,1128,1.0
São Domingos do Capim,6 Guamá,22,"Tabela 22 – Caracterização Hospitalar – Equip de Manutenção da Vida, Equip de Diagnóstico e Infra - 2025 ri guama",20,"Tabela 22 – Caracterização Hospitalar – Equip de Manutenção da Vida, Equip de Diagnóstico e Infra - 2025 ri guama","..\..\Desktop\tabelas-powerBI\6 Guamá\Tabela 22 – Caracterização Hospitalar – Equip de Manutenção da Vida, Equip de Diagnóstico e Infra - 2025 ri guama.xlsx",Guamá,1128,3.0
São Francisco do Pará,6 Guamá,22,"Tabela 22 – Caracterização Hospitalar – Equip de Manutenção da Vida, Equip de Diagnóstico e Infra - 2025 ri guama",20,"Tabela 22 – Caracterização Hospitalar – Equip de Manutenção da Vida, Equip de Diagnóstico e Infra - 2025 ri guama","..\..\Desktop\tabelas-powerBI\6 Guamá\Tabela 22 – Caracterização Hospitalar – Equip de Manutenção da Vida, Equip de Diagnóstico e Infra - 2025 ri guama.xlsx",Guamá,1128,1.0
São João da Ponta,6 Guamá,22,"Tabela 22 – Caracterização Hospitalar – Equip de Manutenção da Vida, Equip de Diagnóstico e Infra - 2025 ri guama",20,"Tabela 22 – Caracterização Hospitalar – Equip de Manutenção da Vida, Equip de Diagnóstico e Infra - 2025 ri guama","..\..\Desktop\tabelas-powerBI\6 Guamá\Tabela 22 – Caracterização Hospitalar – Equip de Manutenção da Vida, Equip de Diagnóstico e Infra - 2025 ri guama.xlsx",Guamá,1128,0.0
São Miguel do Guamá,6 Guamá,22,"Tabela 22 – Caracterização Hospitalar – Equip de Manutenção da Vida, Equip de Diagnóstico e Infra - 2025 ri guama",20,"Tabela 22 – Caracterização Hospitalar – Equip de Manutenção da Vida, Equip de Diagnóstico e Infra - 2025 ri guama","..\..\Desktop\tabelas-powerBI\6 Guamá\Tabela 22 – Caracterização Hospitalar – Equip de Manutenção da Vida, Equip de Diagnóstico e Infra - 2025 ri guama.xlsx",Guamá,1128,9.0
Terra Alta,6 Guamá,22,"Tabela 22 – Caracterização Hospitalar – Equip de Manutenção da Vida, Equip de Diagnóstico e Infra - 2025 ri guama",20,"Tabela 22 – Caracterização Hospitalar – Equip de Manutenção da Vida, Equip de Diagnóstico e Infra - 2025 ri guama","..\..\Desktop\tabelas-powerBI\6 Guamá\Tabela 22 – Caracterização Hospitalar – Equip de Manutenção da Vida, Equip de Diagnóstico e Infra - 2025 ri guama.xlsx",Guamá,1128,1.0
Vigia,6 Guamá,22,"Tabela 22 – Caracterização Hospitalar – Equip de Manutenção da Vida, Equip de Diagnóstico e Infra - 2025 ri guama",20,"Tabela 22 – Caracterização Hospitalar – Equip de Manutenção da Vida, Equip de Diagnóstico e Infra - 2025 ri guama","..\..\Desktop\tabelas-powerBI\6 Guamá\Tabela 22 – Caracterização Hospitalar – Equip de Manutenção da Vida, Equip de Diagnóstico e Infra - 2025 ri guama.xlsx",Guamá,1128,2.0
Fonte: DATASUS,6 Guamá,22,"Tabela 22 – Caracterização Hospitalar – Equip de Manutenção da Vida, Equip de Diagnóstico e Infra - 2025 ri guama",20,"Tabela 22 – Caracterização Hospitalar – Equip de Manutenção da Vida, Equip de Diagnóstico e Infra - 2025 ri guama","..\..\Desktop\tabelas-powerBI\6 Guamá\Tabela 22 – Caracterização Hospitalar – Equip de Manutenção da Vida, Equip de Diagnóstico e Infra - 2025 ri guama.xlsx",Guamá,1128,
Elaboração: FAPESPA,6 Guamá,22,"Tabela 22 – Caracterização Hospitalar – Equip de Manutenção da Vida, Equip de Diagnóstico e Infra - 2025 ri guama",20,"Tabela 22 – Caracterização Hospitalar – Equip de Manutenção da Vida, Equip de Diagnóstico e Infra - 2025 ri guama","..\..\Desktop\tabelas-powerBI\6 Guamá\Tabela 22 – Caracterização Hospitalar – Equip de Manutenção da Vida, Equip de Diagnóstico e Infra - 2025 ri guama.xlsx",Guamá,1128,
*Nota: Dados referentes a Outubro/2025.,6 Guamá,22,"Tabela 22 – Caracterização Hospitalar – Equip de Manutenção da Vida, Equip de Diagnóstico e Infra - 2025 ri guama",20,"Tabela 22 – Caracterização Hospitalar – Equip de Manutenção da Vida, Equip de Diagnóstico e Infra - 2025 ri guama","..\..\Desktop\tabelas-powerBI\6 Guamá\Tabela 22 – Caracterização Hospitalar – Equip de Manutenção da Vida, Equip de Diagnóstico e Infra - 2025 ri guama.xlsx",Guamá,1128,
RI Guamá,6 Guamá,22,"Tabela 22 – Caracterização Hospitalar – Equip de Manutenção da Vida, Equip de Diagnóstico e Infra - 2025 ri guama",20,"Tabela 22 – Caracterização Hospitalar – Equip de Manutenção da Vida, Equip de Diagnóstico e Infra - 2025 ri guama","..\..\Desktop\tabelas-powerBI\6 Guamá\Tabela 22 – Caracterização Hospitalar – Equip de Manutenção da Vida, Equip de Diagnóstico e Infra - 2025 ri guama.xlsx",Guamá,215,12.0
Castanhal,6 Guamá,22,"Tabela 22 – Caracterização Hospitalar – Equip de Manutenção da Vida, Equip de Diagnóstico e Infra - 2025 ri guama",20,"Tabela 22 – Caracterização Hospitalar – Equip de Manutenção da Vida, Equip de Diagnóstico e Infra - 2025 ri guama","..\..\Desktop\tabelas-powerBI\6 Guamá\Tabela 22 – Caracterização Hospitalar – Equip de Manutenção da Vida, Equip de Diagnóstico e Infra - 2025 ri guama.xlsx",Guamá,215,7.0
Colares,6 Guamá,22,"Tabela 22 – Caracterização Hospitalar – Equip de Manutenção da Vida, Equip de Diagnóstico e Infra - 2025 ri guama",20,"Tabela 22 – Caracterização Hospitalar – Equip de Manutenção da Vida, Equip de Diagnóstico e Infra - 2025 ri guama","..\..\Desktop\tabelas-powerBI\6 Guamá\Tabela 22 – Caracterização Hospitalar – Equip de Manutenção da Vida, Equip de Diagnóstico e Infra - 2025 ri guama.xlsx",Guamá,215,0.0
Curuçá,6 Guamá,22,"Tabela 22 – Caracterização Hospitalar – Equip de Manutenção da Vida, Equip de Diagnóstico e Infra - 2025 ri guama",20,"Tabela 22 – Caracterização Hospitalar – Equip de Manutenção da Vida, Equip de Diagnóstico e Infra - 2025 ri guama","..\..\Desktop\tabelas-powerBI\6 Guamá\Tabela 22 – Caracterização Hospitalar – Equip de Manutenção da Vida, Equip de Diagnóstico e Infra - 2025 ri guama.xlsx",Guamá,215,1.0
Igarapé-Açu,6 Guamá,22,"Tabela 22 – Caracterização Hospitalar – Equip de Manutenção da Vida, Equip de Diagnóstico e Infra - 2025 ri guama",20,"Tabela 22 – Caracterização Hospitalar – Equip de Manutenção da Vida, Equip de Diagnóstico e Infra - 2025 ri guama","..\..\Desktop\tabelas-powerBI\6 Guamá\Tabela 22 – Caracterização Hospitalar – Equip de Manutenção da Vida, Equip de Diagnóstico e Infra - 2025 ri guama.xlsx",Guamá,215,0.0
Inhangapi,6 Guamá,22,"Tabela 22 – Caracterização Hospitalar – Equip de Manutenção da Vida, Equip de Diagnóstico e Infra - 2025 ri guama",20,"Tabela 22 – Caracterização Hospitalar – Equip de Manutenção da Vida, Equip de Diagnóstico e Infra - 2025 ri guama","..\..\Desktop\tabelas-powerBI\6 Guamá\Tabela 22 – Caracterização Hospitalar – Equip de Manutenção da Vida, Equip de Diagnóstico e Infra - 2025 ri guama.xlsx",Guamá,215,0.0
Magalhães Barata,6 Guamá,22,"Tabela 22 – Caracterização Hospitalar – Equip de Manutenção da Vida, Equip de Diagnóstico e Infra - 2025 ri guama",20,"Tabela 22 – Caracterização Hospitalar – Equip de Manutenção da Vida, Equip de Diagnóstico e Infra - 2025 ri guama","..\..\Desktop\tabelas-powerBI\6 Guamá\Tabela 22 – Caracterização Hospitalar – Equip de Manutenção da Vida, Equip de Diagnóstico e Infra - 2025 ri guama.xlsx",Guamá,215,0.0
Maracanã,6 Guamá,22,"Tabela 22 – Caracterização Hospitalar – Equip de Manutenção da Vida, Equip de Diagnóstico e Infra - 2025 ri guama",20,"Tabela 22 – Caracterização Hospitalar – Equip de Manutenção da Vida, Equip de Diagnóstico e Infra - 2025 ri guama","..\..\Desktop\tabelas-powerBI\6 Guamá\Tabela 22 – Caracterização Hospitalar – Equip de Manutenção da Vida, Equip de Diagnóstico e Infra - 2025 ri guama.xlsx",Guamá,215,0.0
Marapanim,6 Guamá,22,"Tabela 22 – Caracterização Hospitalar – Equip de Manutenção da Vida, Equip de Diagnóstico e Infra - 2025 ri guama",20,"Tabela 22 – Caracterização Hospitalar – Equip de Manutenção da Vida, Equip de Diagnóstico e Infra - 2025 ri guama","..\..\Desktop\tabelas-powerBI\6 Guamá\Tabela 22 – Caracterização Hospitalar – Equip de Manutenção da Vida, Equip de Diagnóstico e Infra - 2025 ri guama.xlsx",Guamá,215,0.0
Santa Izabel do Pará,6 Guamá,22,"Tabela 22 – Caracterização Hospitalar – Equip de Manutenção da Vida, Equip de Diagnóstico e Infra - 2025 ri guama",20,"Tabela 22 – Caracterização Hospitalar – Equip de Manutenção da Vida, Equip de Diagnóstico e Infra - 2025 ri guama","..\..\Desktop\tabelas-powerBI\6 Guamá\Tabela 22 – Caracterização Hospitalar – Equip de Manutenção da Vida, Equip de Diagnóstico e Infra - 2025 ri guama.xlsx",Guamá,215,0.0
Santa Maria do Pará,6 Guamá,22,"Tabela 22 – Caracterização Hospitalar – Equip de Manutenção da Vida, Equip de Diagnóstico e Infra - 2025 ri guama",20,"Tabela 22 – Caracterização Hospitalar – Equip de Manutenção da Vida, Equip de Diagnóstico e Infra - 2025 ri guama","..\..\Desktop\tabelas-powerBI\6 Guamá\Tabela 22 – Caracterização Hospitalar – Equip de Manutenção da Vida, Equip de Diagnóstico e Infra - 2025 ri guama.xlsx",Guamá,215,0.0
Santo Antônio do Tauá,6 Guamá,22,"Tabela 22 – Caracterização Hospitalar – Equip de Manutenção da Vida, Equip de Diagnóstico e Infra - 2025 ri guama",20,"Tabela 22 – Caracterização Hospitalar – Equip de Manutenção da Vida, Equip de Diagnóstico e Infra - 2025 ri guama","..\..\Desktop\tabelas-powerBI\6 Guamá\Tabela 22 – Caracterização Hospitalar – Equip de Manutenção da Vida, Equip de Diagnóstico e Infra - 2025 ri guama.xlsx",Guamá,215,1.0
São Caetano de Odivelas,6 Guamá,22,"Tabela 22 – Caracterização Hospitalar – Equip de Manutenção da Vida, Equip de Diagnóstico e Infra - 2025 ri guama",20,"Tabela 22 – Caracterização Hospitalar – Equip de Manutenção da Vida, Equip de Diagnóstico e Infra - 2025 ri guama","..\..\Desktop\tabelas-powerBI\6 Guamá\Tabela 22 – Caracterização Hospitalar – Equip de Manutenção da Vida, Equip de Diagnóstico e Infra - 2025 ri guama.xlsx",Guamá,215,0.0
São Domingos do Capim,6 Guamá,22,"Tabela 22 – Caracterização Hospitalar – Equip de Manutenção da Vida, Equip de Diagnóstico e Infra - 2025 ri guama",20,"Tabela 22 – Caracterização Hospitalar – Equip de Manutenção da Vida, Equip de Diagnóstico e Infra - 2025 ri guama","..\..\Desktop\tabelas-powerBI\6 Guamá\Tabela 22 – Caracterização Hospitalar – Equip de Manutenção da Vida, Equip de Diagnóstico e Infra - 2025 ri guama.xlsx",Guamá,215,1.0
São Francisco do Pará,6 Guamá,22,"Tabela 22 – Caracterização Hospitalar – Equip de Manutenção da Vida, Equip de Diagnóstico e Infra - 2025 ri guama",20,"Tabela 22 – Caracterização Hospitalar – Equip de Manutenção da Vida, Equip de Diagnóstico e Infra - 2025 ri guama","..\..\Desktop\tabelas-powerBI\6 Guamá\Tabela 22 – Caracterização Hospitalar – Equip de Manutenção da Vida, Equip de Diagnóstico e Infra - 2025 ri guama.xlsx",Guamá,215,0.0
São João da Ponta,6 Guamá,22,"Tabela 22 – Caracterização Hospitalar – Equip de Manutenção da Vida, Equip de Diagnóstico e Infra - 2025 ri guama",20,"Tabela 22 – Caracterização Hospitalar – Equip de Manutenção da Vida, Equip de Diagnóstico e Infra - 2025 ri guama","..\..\Desktop\tabelas-powerBI\6 Guamá\Tabela 22 – Caracterização Hospitalar – Equip de Manutenção da Vida, Equip de Diagnóstico e Infra - 2025 ri guama.xlsx",Guamá,215,0.0
São Miguel do Guamá,6 Guamá,22,"Tabela 22 – Caracterização Hospitalar – Equip de Manutenção da Vida, Equip de Diagnóstico e Infra - 2025 ri guama",20,"Tabela 22 – Caracterização Hospitalar – Equip de Manutenção da Vida, Equip de Diagnóstico e Infra - 2025 ri guama","..\..\Desktop\tabelas-powerBI\6 Guamá\Tabela 22 – Caracterização Hospitalar – Equip de Manutenção da Vida, Equip de Diagnóstico e Infra - 2025 ri guama.xlsx",Guamá,215,1.0
Terra Alta,6 Guamá,22,"Tabela 22 – Caracterização Hospitalar – Equip de Manutenção da Vida, Equip de Diagnóstico e Infra - 2025 ri guama",20,"Tabela 22 – Caracterização Hospitalar – Equip de Manutenção da Vida, Equip de Diagnóstico e Infra - 2025 ri guama","..\..\Desktop\tabelas-powerBI\6 Guamá\Tabela 22 – Caracterização Hospitalar – Equip de Manutenção da Vida, Equip de Diagnóstico e Infra - 2025 ri guama.xlsx",Guamá,215,0.0
Vigia,6 Guamá,22,"Tabela 22 – Caracterização Hospitalar – Equip de Manutenção da Vida, Equip de Diagnóstico e Infra - 2025 ri guama",20,"Tabela 22 – Caracterização Hospitalar – Equip de Manutenção da Vida, Equip de Diagnóstico e Infra - 2025 ri guama","..\..\Desktop\tabelas-powerBI\6 Guamá\Tabela 22 – Caracterização Hospitalar – Equip de Manutenção da Vida, Equip de Diagnóstico e Infra - 2025 ri guama.xlsx",Guamá,215,1.0
Fonte: DATASUS,6 Guamá,22,"Tabela 22 – Caracterização Hospitalar – Equip de Manutenção da Vida, Equip de Diagnóstico e Infra - 2025 ri guama",20,"Tabela 22 – Caracterização Hospitalar – Equip de Manutenção da Vida, Equip de Diagnóstico e Infra - 2025 ri guama","..\..\Desktop\tabelas-powerBI\6 Guamá\Tabela 22 – Caracterização Hospitalar – Equip de Manutenção da Vida, Equip de Diagnóstico e Infra - 2025 ri guama.xlsx",Guamá,215,
Elaboração: FAPESPA,6 Guamá,22,"Tabela 22 – Caracterização Hospitalar – Equip de Manutenção da Vida, Equip de Diagnóstico e Infra - 2025 ri guama",20,"Tabela 22 – Caracterização Hospitalar – Equip de Manutenção da Vida, Equip de Diagnóstico e Infra - 2025 ri guama","..\..\Desktop\tabelas-powerBI\6 Guamá\Tabela 22 – Caracterização Hospitalar – Equip de Manutenção da Vida, Equip de Diagnóstico e Infra - 2025 ri guama.xlsx",Guamá,215,
*Nota: Dados referentes a Outubro/2025.,6 Guamá,22,"Tabela 22 – Caracterização Hospitalar – Equip de Manutenção da Vida, Equip de Diagnóstico e Infra - 2025 ri guama",20,"Tabela 22 – Caracterização Hospitalar – Equip de Manutenção da Vida, Equip de Diagnóstico e Infra - 2025 ri guama","..\..\Desktop\tabelas-powerBI\6 Guamá\Tabela 22 – Caracterização Hospitalar – Equip de Manutenção da Vida, Equip de Diagnóstico e Infra - 2025 ri guama.xlsx",Guamá,215,
RI Guamá,6 Guamá,22,"Tabela 22 – Caracterização Hospitalar – Equip de Manutenção da Vida, Equip de Diagnóstico e Infra - 2025 ri guama",20,"Tabela 22 – Caracterização Hospitalar – Equip de Manutenção da Vida, Equip de Diagnóstico e Infra - 2025 ri guama","..\..\Desktop\tabelas-powerBI\6 Guamá\Tabela 22 – Caracterização Hospitalar – Equip de Manutenção da Vida, Equip de Diagnóstico e Infra - 2025 ri guama.xlsx",Guamá,197,12.0
Castanhal,6 Guamá,22,"Tabela 22 – Caracterização Hospitalar – Equip de Manutenção da Vida, Equip de Diagnóstico e Infra - 2025 ri guama",20,"Tabela 22 – Caracterização Hospitalar – Equip de Manutenção da Vida, Equip de Diagnóstico e Infra - 2025 ri guama","..\..\Desktop\tabelas-powerBI\6 Guamá\Tabela 22 – Caracterização Hospitalar – Equip de Manutenção da Vida, Equip de Diagnóstico e Infra - 2025 ri guama.xlsx",Guamá,197,7.0
Colares,6 Guamá,22,"Tabela 22 – Caracterização Hospitalar – Equip de Manutenção da Vida, Equip de Diagnóstico e Infra - 2025 ri guama",20,"Tabela 22 – Caracterização Hospitalar – Equip de Manutenção da Vida, Equip de Diagnóstico e Infra - 2025 ri guama","..\..\Desktop\tabelas-powerBI\6 Guamá\Tabela 22 – Caracterização Hospitalar – Equip de Manutenção da Vida, Equip de Diagnóstico e Infra - 2025 ri guama.xlsx",Guamá,197,0.0
Curuçá,6 Guamá,22,"Tabela 22 – Caracterização Hospitalar – Equip de Manutenção da Vida, Equip de Diagnóstico e Infra - 2025 ri guama",20,"Tabela 22 – Caracterização Hospitalar – Equip de Manutenção da Vida, Equip de Diagnóstico e Infra - 2025 ri guama","..\..\Desktop\tabelas-powerBI\6 Guamá\Tabela 22 – Caracterização Hospitalar – Equip de Manutenção da Vida, Equip de Diagnóstico e Infra - 2025 ri guama.xlsx",Guamá,197,1.0
Igarapé-Açu,6 Guamá,22,"Tabela 22 – Caracterização Hospitalar – Equip de Manutenção da Vida, Equip de Diagnóstico e Infra - 2025 ri guama",20,"Tabela 22 – Caracterização Hospitalar – Equip de Manutenção da Vida, Equip de Diagnóstico e Infra - 2025 ri guama","..\..\Desktop\tabelas-powerBI\6 Guamá\Tabela 22 – Caracterização Hospitalar – Equip de Manutenção da Vida, Equip de Diagnóstico e Infra - 2025 ri guama.xlsx",Guamá,197,0.0
Inhangapi,6 Guamá,22,"Tabela 22 – Caracterização Hospitalar – Equip de Manutenção da Vida, Equip de Diagnóstico e Infra - 2025 ri guama",20,"Tabela 22 – Caracterização Hospitalar – Equip de Manutenção da Vida, Equip de Diagnóstico e Infra - 2025 ri guama","..\..\Desktop\tabelas-powerBI\6 Guamá\Tabela 22 – Caracterização Hospitalar – Equip de Manutenção da Vida, Equip de Diagnóstico e Infra - 2025 ri guama.xlsx",Guamá,197,0.0
Magalhães Barata,6 Guamá,22,"Tabela 22 – Caracterização Hospitalar – Equip de Manutenção da Vida, Equip de Diagnóstico e Infra - 2025 ri guama",20,"Tabela 22 – Caracterização Hospitalar – Equip de Manutenção da Vida, Equip de Diagnóstico e Infra - 2025 ri guama","..\..\Desktop\tabelas-powerBI\6 Guamá\Tabela 22 – Caracterização Hospitalar – Equip de Manutenção da Vida, Equip de Diagnóstico e Infra - 2025 ri guama.xlsx",Guamá,197,0.0
Maracanã,6 Guamá,22,"Tabela 22 – Caracterização Hospitalar – Equip de Manutenção da Vida, Equip de Diagnóstico e Infra - 2025 ri guama",20,"Tabela 22 – Caracterização Hospitalar – Equip de Manutenção da Vida, Equip de Diagnóstico e Infra - 2025 ri guama","..\..\Desktop\tabelas-powerBI\6 Guamá\Tabela 22 – Caracterização Hospitalar – Equip de Manutenção da Vida, Equip de Diagnóstico e Infra - 2025 ri guama.xlsx",Guamá,197,0.0
Marapanim,6 Guamá,22,"Tabela 22 – Caracterização Hospitalar – Equip de Manutenção da Vida, Equip de Diagnóstico e Infra - 2025 ri guama",20,"Tabela 22 – Caracterização Hospitalar – Equip de Manutenção da Vida, Equip de Diagnóstico e Infra - 2025 ri guama","..\..\Desktop\tabelas-powerBI\6 Guamá\Tabela 22 – Caracterização Hospitalar – Equip de Manutenção da Vida, Equip de Diagnóstico e Infra - 2025 ri guama.xlsx",Guamá,197,0.0
Santa Izabel do Pará,6 Guamá,22,"Tabela 22 – Caracterização Hospitalar – Equip de Manutenção da Vida, Equip de Diagnóstico e Infra - 2025 ri guama",20,"Tabela 22 – Caracterização Hospitalar – Equip de Manutenção da Vida, Equip de Diagnóstico e Infra - 2025 ri guama","..\..\Desktop\tabelas-powerBI\6 Guamá\Tabela 22 – Caracterização Hospitalar – Equip de Manutenção da Vida, Equip de Diagnóstico e Infra - 2025 ri guama.xlsx",Guamá,197,0.0
Santa Maria do Pará,6 Guamá,22,"Tabela 22 – Caracterização Hospitalar – Equip de Manutenção da Vida, Equip de Diagnóstico e Infra - 2025 ri guama",20,"Tabela 22 – Caracterização Hospitalar – Equip de Manutenção da Vida, Equip de Diagnóstico e Infra - 2025 ri guama","..\..\Desktop\tabelas-powerBI\6 Guamá\Tabela 22 – Caracterização Hospitalar – Equip de Manutenção da Vida, Equip de Diagnóstico e Infra - 2025 ri guama.xlsx",Guamá,197,0.0
Santo Antônio do Tauá,6 Guamá,22,"Tabela 22 – Caracterização Hospitalar – Equip de Manutenção da Vida, Equip de Diagnóstico e Infra - 2025 ri guama",20,"Tabela 22 – Caracterização Hospitalar – Equip de Manutenção da Vida, Equip de Diagnóstico e Infra - 2025 ri guama","..\..\Desktop\tabelas-powerBI\6 Guamá\Tabela 22 – Caracterização Hospitalar – Equip de Manutenção da Vida, Equip de Diagnóstico e Infra - 2025 ri guama.xlsx",Guamá,197,1.0
São Caetano de Odivelas,6 Guamá,22,"Tabela 22 – Caracterização Hospitalar – Equip de Manutenção da Vida, Equip de Diagnóstico e Infra - 2025 ri guama",20,"Tabela 22 – Caracterização Hospitalar – Equip de Manutenção da Vida, Equip de Diagnóstico e Infra - 2025 ri guama","..\..\Desktop\tabelas-powerBI\6 Guamá\Tabela 22 – Caracterização Hospitalar – Equip de Manutenção da Vida, Equip de Diagnóstico e Infra - 2025 ri guama.xlsx",Guamá,197,0.0
São Domingos do Capim,6 Guamá,22,"Tabela 22 – Caracterização Hospitalar – Equip de Manutenção da Vida, Equip de Diagnóstico e Infra - 2025 ri guama",20,"Tabela 22 – Caracterização Hospitalar – Equip de Manutenção da Vida, Equip de Diagnóstico e Infra - 2025 ri guama","..\..\Desktop\tabelas-powerBI\6 Guamá\Tabela 22 – Caracterização Hospitalar – Equip de Manutenção da Vida, Equip de Diagnóstico e Infra - 2025 ri guama.xlsx",Guamá,197,1.0
São Francisco do Pará,6 Guamá,22,"Tabela 22 – Caracterização Hospitalar – Equip de Manutenção da Vida, Equip de Diagnóstico e Infra - 2025 ri guama",20,"Tabela 22 – Caracterização Hospitalar – Equip de Manutenção da Vida, Equip de Diagnóstico e Infra - 2025 ri guama","..\..\Desktop\tabelas-powerBI\6 Guamá\Tabela 22 – Caracterização Hospitalar – Equip de Manutenção da Vida, Equip de Diagnóstico e Infra - 2025 ri guama.xlsx",Guamá,197,0.0
São João da Ponta,6 Guamá,22,"Tabela 22 – Caracterização Hospitalar – Equip de Manutenção da Vida, Equip de Diagnóstico e Infra - 2025 ri guama",20,"Tabela 22 – Caracterização Hospitalar – Equip de Manutenção da Vida, Equip de Diagnóstico e Infra - 2025 ri guama","..\..\Desktop\tabelas-powerBI\6 Guamá\Tabela 22 – Caracterização Hospitalar – Equip de Manutenção da Vida, Equip de Diagnóstico e Infra - 2025 ri guama.xlsx",Guamá,197,0.0
São Miguel do Guamá,6 Guamá,22,"Tabela 22 – Caracterização Hospitalar – Equip de Manutenção da Vida, Equip de Diagnóstico e Infra - 2025 ri guama",20,"Tabela 22 – Caracterização Hospitalar – Equip de Manutenção da Vida, Equip de Diagnóstico e Infra - 2025 ri guama","..\..\Desktop\tabelas-powerBI\6 Guamá\Tabela 22 – Caracterização Hospitalar – Equip de Manutenção da Vida, Equip de Diagnóstico e Infra - 2025 ri guama.xlsx",Guamá,197,1.0
Terra Alta,6 Guamá,22,"Tabela 22 – Caracterização Hospitalar – Equip de Manutenção da Vida, Equip de Diagnóstico e Infra - 2025 ri guama",20,"Tabela 22 – Caracterização Hospitalar – Equip de Manutenção da Vida, Equip de Diagnóstico e Infra - 2025 ri guama","..\..\Desktop\tabelas-powerBI\6 Guamá\Tabela 22 – Caracterização Hospitalar – Equip de Manutenção da Vida, Equip de Diagnóstico e Infra - 2025 ri guama.xlsx",Guamá,197,0.0
Vigia,6 Guamá,22,"Tabela 22 – Caracterização Hospitalar – Equip de Manutenção da Vida, Equip de Diagnóstico e Infra - 2025 ri guama",20,"Tabela 22 – Caracterização Hospitalar – Equip de Manutenção da Vida, Equip de Diagnóstico e Infra - 2025 ri guama","..\..\Desktop\tabelas-powerBI\6 Guamá\Tabela 22 – Caracterização Hospitalar – Equip de Manutenção da Vida, Equip de Diagnóstico e Infra - 2025 ri guama.xlsx",Guamá,197,1.0
Fonte: DATASUS,6 Guamá,22,"Tabela 22 – Caracterização Hospitalar – Equip de Manutenção da Vida, Equip de Diagnóstico e Infra - 2025 ri guama",20,"Tabela 22 – Caracterização Hospitalar – Equip de Manutenção da Vida, Equip de Diagnóstico e Infra - 2025 ri guama","..\..\Desktop\tabelas-powerBI\6 Guamá\Tabela 22 – Caracterização Hospitalar – Equip de Manutenção da Vida, Equip de Diagnóstico e Infra - 2025 ri guama.xlsx",Guamá,197,
Elaboração: FAPESPA,6 Guamá,22,"Tabela 22 – Caracterização Hospitalar – Equip de Manutenção da Vida, Equip de Diagnóstico e Infra - 2025 ri guama",20,"Tabela 22 – Caracterização Hospitalar – Equip de Manutenção da Vida, Equip de Diagnóstico e Infra - 2025 ri guama","..\..\Desktop\tabelas-powerBI\6 Guamá\Tabela 22 – Caracterização Hospitalar – Equip de Manutenção da Vida, Equip de Diagnóstico e Infra - 2025 ri guama.xlsx",Guamá,197,
*Nota: Dados referentes a Outubro/2025.,6 Guamá,22,"Tabela 22 – Caracterização Hospitalar – Equip de Manutenção da Vida, Equip de Diagnóstico e Infra - 2025 ri guama",20,"Tabela 22 – Caracterização Hospitalar – Equip de Manutenção da Vida, Equip de Diagnóstico e Infra - 2025 ri guama","..\..\Desktop\tabelas-powerBI\6 Guamá\Tabela 22 – Caracterização Hospitalar – Equip de Manutenção da Vida, Equip de Diagnóstico e Infra - 2025 ri guama.xlsx",Guamá,197,
RI Guamá,6 Guamá,22,"Tabela 22 – Caracterização Hospitalar – Equip de Manutenção da Vida, Equip de Diagnóstico e Infra - 2025 ri guama",20,"Tabela 22 – Caracterização Hospitalar – Equip de Manutenção da Vida, Equip de Diagnóstico e Infra - 2025 ri guama","..\..\Desktop\tabelas-powerBI\6 Guamá\Tabela 22 – Caracterização Hospitalar – Equip de Manutenção da Vida, Equip de Diagnóstico e Infra - 2025 ri guama.xlsx",Guamá,19075,364.0
Castanhal,6 Guamá,22,"Tabela 22 – Caracterização Hospitalar – Equip de Manutenção da Vida, Equip de Diagnóstico e Infra - 2025 ri guama",20,"Tabela 22 – Caracterização Hospitalar – Equip de Manutenção da Vida, Equip de Diagnóstico e Infra - 2025 ri guama","..\..\Desktop\tabelas-powerBI\6 Guamá\Tabela 22 – Caracterização Hospitalar – Equip de Manutenção da Vida, Equip de Diagnóstico e Infra - 2025 ri guama.xlsx",Guamá,19075,108.0
Colares,6 Guamá,22,"Tabela 22 – Caracterização Hospitalar – Equip de Manutenção da Vida, Equip de Diagnóstico e Infra - 2025 ri guama",20,"Tabela 22 – Caracterização Hospitalar – Equip de Manutenção da Vida, Equip de Diagnóstico e Infra - 2025 ri guama","..\..\Desktop\tabelas-powerBI\6 Guamá\Tabela 22 – Caracterização Hospitalar – Equip de Manutenção da Vida, Equip de Diagnóstico e Infra - 2025 ri guama.xlsx",Guamá,19075,0.0
Curuçá,6 Guamá,22,"Tabela 22 – Caracterização Hospitalar – Equip de Manutenção da Vida, Equip de Diagnóstico e Infra - 2025 ri guama",20,"Tabela 22 – Caracterização Hospitalar – Equip de Manutenção da Vida, Equip de Diagnóstico e Infra - 2025 ri guama","..\..\Desktop\tabelas-powerBI\6 Guamá\Tabela 22 – Caracterização Hospitalar – Equip de Manutenção da Vida, Equip de Diagnóstico e Infra - 2025 ri guama.xlsx",Guamá,19075,3.0
Igarapé-Açu,6 Guamá,22,"Tabela 22 – Caracterização Hospitalar – Equip de Manutenção da Vida, Equip de Diagnóstico e Infra - 2025 ri guama",20,"Tabela 22 – Caracterização Hospitalar – Equip de Manutenção da Vida, Equip de Diagnóstico e Infra - 2025 ri guama","..\..\Desktop\tabelas-powerBI\6 Guamá\Tabela 22 – Caracterização Hospitalar – Equip de Manutenção da Vida, Equip de Diagnóstico e Infra - 2025 ri guama.xlsx",Guamá,19075,4.0
Inhangapi,6 Guamá,22,"Tabela 22 – Caracterização Hospitalar – Equip de Manutenção da Vida, Equip de Diagnóstico e Infra - 2025 ri guama",20,"Tabela 22 – Caracterização Hospitalar – Equip de Manutenção da Vida, Equip de Diagnóstico e Infra - 2025 ri guama","..\..\Desktop\tabelas-powerBI\6 Guamá\Tabela 22 – Caracterização Hospitalar – Equip de Manutenção da Vida, Equip de Diagnóstico e Infra - 2025 ri guama.xlsx",Guamá,19075,0.0
Magalhães Barata,6 Guamá,22,"Tabela 22 – Caracterização Hospitalar – Equip de Manutenção da Vida, Equip de Diagnóstico e Infra - 2025 ri guama",20,"Tabela 22 – Caracterização Hospitalar – Equip de Manutenção da Vida, Equip de Diagnóstico e Infra - 2025 ri guama","..\..\Desktop\tabelas-powerBI\6 Guamá\Tabela 22 – Caracterização Hospitalar – Equip de Manutenção da Vida, Equip de Diagnóstico e Infra - 2025 ri guama.xlsx",Guamá,19075,64.0
Maracanã,6 Guamá,22,"Tabela 22 – Caracterização Hospitalar – Equip de Manutenção da Vida, Equip de Diagnóstico e Infra - 2025 ri guama",20,"Tabela 22 – Caracterização Hospitalar – Equip de Manutenção da Vida, Equip de Diagnóstico e Infra - 2025 ri guama","..\..\Desktop\tabelas-powerBI\6 Guamá\Tabela 22 – Caracterização Hospitalar – Equip de Manutenção da Vida, Equip de Diagnóstico e Infra - 2025 ri guama.xlsx",Guamá,19075,25.0
Marapanim,6 Guamá,22,"Tabela 22 – Caracterização Hospitalar – Equip de Manutenção da Vida, Equip de Diagnóstico e Infra - 2025 ri guama",20,"Tabela 22 – Caracterização Hospitalar – Equip de Manutenção da Vida, Equip de Diagnóstico e Infra - 2025 ri guama","..\..\Desktop\tabelas-powerBI\6 Guamá\Tabela 22 – Caracterização Hospitalar – Equip de Manutenção da Vida, Equip de Diagnóstico e Infra - 2025 ri guama.xlsx",Guamá,19075,0.0
Santa Izabel do Pará,6 Guamá,22,"Tabela 22 – Caracterização Hospitalar – Equip de Manutenção da Vida, Equip de Diagnóstico e Infra - 2025 ri guama",20,"Tabela 22 – Caracterização Hospitalar – Equip de Manutenção da Vida, Equip de Diagnóstico e Infra - 2025 ri guama","..\..\Desktop\tabelas-powerBI\6 Guamá\Tabela 22 – Caracterização Hospitalar – Equip de Manutenção da Vida, Equip de Diagnóstico e Infra - 2025 ri guama.xlsx",Guamá,19075,14.0
Santa Maria do Pará,6 Guamá,22,"Tabela 22 – Caracterização Hospitalar – Equip de Manutenção da Vida, Equip de Diagnóstico e Infra - 2025 ri guama",20,"Tabela 22 – Caracterização Hospitalar – Equip de Manutenção da Vida, Equip de Diagnóstico e Infra - 2025 ri guama","..\..\Desktop\tabelas-powerBI\6 Guamá\Tabela 22 – Caracterização Hospitalar – Equip de Manutenção da Vida, Equip de Diagnóstico e Infra - 2025 ri guama.xlsx",Guamá,19075,8.0
Santo Antônio do Tauá,6 Guamá,22,"Tabela 22 – Caracterização Hospitalar – Equip de Manutenção da Vida, Equip de Diagnóstico e Infra - 2025 ri guama",20,"Tabela 22 – Caracterização Hospitalar – Equip de Manutenção da Vida, Equip de Diagnóstico e Infra - 2025 ri guama","..\..\Desktop\tabelas-powerBI\6 Guamá\Tabela 22 – Caracterização Hospitalar – Equip de Manutenção da Vida, Equip de Diagnóstico e Infra - 2025 ri guama.xlsx",Guamá,19075,2.0
São Caetano de Odivelas,6 Guamá,22,"Tabela 22 – Caracterização Hospitalar – Equip de Manutenção da Vida, Equip de Diagnóstico e Infra - 2025 ri guama",20,"Tabela 22 – Caracterização Hospitalar – Equip de Manutenção da Vida, Equip de Diagnóstico e Infra - 2025 ri guama","..\..\Desktop\tabelas-powerBI\6 Guamá\Tabela 22 – Caracterização Hospitalar – Equip de Manutenção da Vida, Equip de Diagnóstico e Infra - 2025 ri guama.xlsx",Guamá,19075,0.0
São Domingos do Capim,6 Guamá,22,"Tabela 22 – Caracterização Hospitalar – Equip de Manutenção da Vida, Equip de Diagnóstico e Infra - 2025 ri guama",20,"Tabela 22 – Caracterização Hospitalar – Equip de Manutenção da Vida, Equip de Diagnóstico e Infra - 2025 ri guama","..\..\Desktop\tabelas-powerBI\6 Guamá\Tabela 22 – Caracterização Hospitalar – Equip de Manutenção da Vida, Equip de Diagnóstico e Infra - 2025 ri guama.xlsx",Guamá,19075,17.0
São Francisco do Pará,6 Guamá,22,"Tabela 22 – Caracterização Hospitalar – Equip de Manutenção da Vida, Equip de Diagnóstico e Infra - 2025 ri guama",20,"Tabela 22 – Caracterização Hospitalar – Equip de Manutenção da Vida, Equip de Diagnóstico e Infra - 2025 ri guama","..\..\Desktop\tabelas-powerBI\6 Guamá\Tabela 22 – Caracterização Hospitalar – Equip de Manutenção da Vida, Equip de Diagnóstico e Infra - 2025 ri guama.xlsx",Guamá,19075,0.0
São João da Ponta,6 Guamá,22,"Tabela 22 – Caracterização Hospitalar – Equip de Manutenção da Vida, Equip de Diagnóstico e Infra - 2025 ri guama",20,"Tabela 22 – Caracterização Hospitalar – Equip de Manutenção da Vida, Equip de Diagnóstico e Infra - 2025 ri guama","..\..\Desktop\tabelas-powerBI\6 Guamá\Tabela 22 – Caracterização Hospitalar – Equip de Manutenção da Vida, Equip de Diagnóstico e Infra - 2025 ri guama.xlsx",Guamá,19075,0.0
São Miguel do Guamá,6 Guamá,22,"Tabela 22 – Caracterização Hospitalar – Equip de Manutenção da Vida, Equip de Diagnóstico e Infra - 2025 ri guama",20,"Tabela 22 – Caracterização Hospitalar – Equip de Manutenção da Vida, Equip de Diagnóstico e Infra - 2025 ri guama","..\..\Desktop\tabelas-powerBI\6 Guamá\Tabela 22 – Caracterização Hospitalar – Equip de Manutenção da Vida, Equip de Diagnóstico e Infra - 2025 ri guama.xlsx",Guamá,19075,118.0
Terra Alta,6 Guamá,22,"Tabela 22 – Caracterização Hospitalar – Equip de Manutenção da Vida, Equip de Diagnóstico e Infra - 2025 ri guama",20,"Tabela 22 – Caracterização Hospitalar – Equip de Manutenção da Vida, Equip de Diagnóstico e Infra - 2025 ri guama","..\..\Desktop\tabelas-powerBI\6 Guamá\Tabela 22 – Caracterização Hospitalar – Equip de Manutenção da Vida, Equip de Diagnóstico e Infra - 2025 ri guama.xlsx",Guamá,19075,1.0
Vigia,6 Guamá,22,"Tabela 22 – Caracterização Hospitalar – Equip de Manutenção da Vida, Equip de Diagnóstico e Infra - 2025 ri guama",20,"Tabela 22 – Caracterização Hospitalar – Equip de Manutenção da Vida, Equip de Diagnóstico e Infra - 2025 ri guama","..\..\Desktop\tabelas-powerBI\6 Guamá\Tabela 22 – Caracterização Hospitalar – Equip de Manutenção da Vida, Equip de Diagnóstico e Infra - 2025 ri guama.xlsx",Guamá,19075,0.0
Fonte: DATASUS,6 Guamá,22,"Tabela 22 – Caracterização Hospitalar – Equip de Manutenção da Vida, Equip de Diagnóstico e Infra - 2025 ri guama",20,"Tabela 22 – Caracterização Hospitalar – Equip de Manutenção da Vida, Equip de Diagnóstico e Infra - 2025 ri guama","..\..\Desktop\tabelas-powerBI\6 Guamá\Tabela 22 – Caracterização Hospitalar – Equip de Manutenção da Vida, Equip de Diagnóstico e Infra - 2025 ri guama.xlsx",Guamá,19075,
Elaboração: FAPESPA,6 Guamá,22,"Tabela 22 – Caracterização Hospitalar – Equip de Manutenção da Vida, Equip de Diagnóstico e Infra - 2025 ri guama",20,"Tabela 22 – Caracterização Hospitalar – Equip de Manutenção da Vida, Equip de Diagnóstico e Infra - 2025 ri guama","..\..\Desktop\tabelas-powerBI\6 Guamá\Tabela 22 – Caracterização Hospitalar – Equip de Manutenção da Vida, Equip de Diagnóstico e Infra - 2025 ri guama.xlsx",Guamá,19075,
*Nota: Dados referentes a Outubro/2025.,6 Guamá,22,"Tabela 22 – Caracterização Hospitalar – Equip de Manutenção da Vida, Equip de Diagnóstico e Infra - 2025 ri guama",20,"Tabela 22 – Caracterização Hospitalar – Equip de Manutenção da Vida, Equip de Diagnóstico e Infra - 2025 ri guama","..\..\Desktop\tabelas-powerBI\6 Guamá\Tabela 22 – Caracterização Hospitalar – Equip de Manutenção da Vida, Equip de Diagnóstico e Infra - 2025 ri guama.xlsx",Guamá,19075,
RI Guamá,6 Guamá,22,"Tabela 22 – Caracterização Hospitalar – Equip de Manutenção da Vida, Equip de Diagnóstico e Infra - 2025 ri guama",20,"Tabela 22 – Caracterização Hospitalar – Equip de Manutenção da Vida, Equip de Diagnóstico e Infra - 2025 ri guama","..\..\Desktop\tabelas-powerBI\6 Guamá\Tabela 22 – Caracterização Hospitalar – Equip de Manutenção da Vida, Equip de Diagnóstico e Infra - 2025 ri guama.xlsx",Guamá,18607,363.0
Castanhal,6 Guamá,22,"Tabela 22 – Caracterização Hospitalar – Equip de Manutenção da Vida, Equip de Diagnóstico e Infra - 2025 ri guama",20,"Tabela 22 – Caracterização Hospitalar – Equip de Manutenção da Vida, Equip de Diagnóstico e Infra - 2025 ri guama","..\..\Desktop\tabelas-powerBI\6 Guamá\Tabela 22 – Caracterização Hospitalar – Equip de Manutenção da Vida, Equip de Diagnóstico e Infra - 2025 ri guama.xlsx",Guamá,18607,107.0
Colares,6 Guamá,22,"Tabela 22 – Caracterização Hospitalar – Equip de Manutenção da Vida, Equip de Diagnóstico e Infra - 2025 ri guama",20,"Tabela 22 – Caracterização Hospitalar – Equip de Manutenção da Vida, Equip de Diagnóstico e Infra - 2025 ri guama","..\..\Desktop\tabelas-powerBI\6 Guamá\Tabela 22 – Caracterização Hospitalar – Equip de Manutenção da Vida, Equip de Diagnóstico e Infra - 2025 ri guama.xlsx",Guamá,18607,0.0
Curuçá,6 Guamá,22,"Tabela 22 – Caracterização Hospitalar – Equip de Manutenção da Vida, Equip de Diagnóstico e Infra - 2025 ri guama",20,"Tabela 22 – Caracterização Hospitalar – Equip de Manutenção da Vida, Equip de Diagnóstico e Infra - 2025 ri guama","..\..\Desktop\tabelas-powerBI\6 Guamá\Tabela 22 – Caracterização Hospitalar – Equip de Manutenção da Vida, Equip de Diagnóstico e Infra - 2025 ri guama.xlsx",Guamá,18607,3.0
Igarapé-Açu,6 Guamá,22,"Tabela 22 – Caracterização Hospitalar – Equip de Manutenção da Vida, Equip de Diagnóstico e Infra - 2025 ri guama",20,"Tabela 22 – Caracterização Hospitalar – Equip de Manutenção da Vida, Equip de Diagnóstico e Infra - 2025 ri guama","..\..\Desktop\tabelas-powerBI\6 Guamá\Tabela 22 – Caracterização Hospitalar – Equip de Manutenção da Vida, Equip de Diagnóstico e Infra - 2025 ri guama.xlsx",Guamá,18607,4.0
Inhangapi,6 Guamá,22,"Tabela 22 – Caracterização Hospitalar – Equip de Manutenção da Vida, Equip de Diagnóstico e Infra - 2025 ri guama",20,"Tabela 22 – Caracterização Hospitalar – Equip de Manutenção da Vida, Equip de Diagnóstico e Infra - 2025 ri guama","..\..\Desktop\tabelas-powerBI\6 Guamá\Tabela 22 – Caracterização Hospitalar – Equip de Manutenção da Vida, Equip de Diagnóstico e Infra - 2025 ri guama.xlsx",Guamá,18607,0.0
Magalhães Barata,6 Guamá,22,"Tabela 22 – Caracterização Hospitalar – Equip de Manutenção da Vida, Equip de Diagnóstico e Infra - 2025 ri guama",20,"Tabela 22 – Caracterização Hospitalar – Equip de Manutenção da Vida, Equip de Diagnóstico e Infra - 2025 ri guama","..\..\Desktop\tabelas-powerBI\6 Guamá\Tabela 22 – Caracterização Hospitalar – Equip de Manutenção da Vida, Equip de Diagnóstico e Infra - 2025 ri guama.xlsx",Guamá,18607,64.0
Maracanã,6 Guamá,22,"Tabela 22 – Caracterização Hospitalar – Equip de Manutenção da Vida, Equip de Diagnóstico e Infra - 2025 ri guama",20,"Tabela 22 – Caracterização Hospitalar – Equip de Manutenção da Vida, Equip de Diagnóstico e Infra - 2025 ri guama","..\..\Desktop\tabelas-powerBI\6 Guamá\Tabela 22 – Caracterização Hospitalar – Equip de Manutenção da Vida, Equip de Diagnóstico e Infra - 2025 ri guama.xlsx",Guamá,18607,25.0
Marapanim,6 Guamá,22,"Tabela 22 – Caracterização Hospitalar – Equip de Manutenção da Vida, Equip de Diagnóstico e Infra - 2025 ri guama",20,"Tabela 22 – Caracterização Hospitalar – Equip de Manutenção da Vida, Equip de Diagnóstico e Infra - 2025 ri guama","..\..\Desktop\tabelas-powerBI\6 Guamá\Tabela 22 – Caracterização Hospitalar – Equip de Manutenção da Vida, Equip de Diagnóstico e Infra - 2025 ri guama.xlsx",Guamá,18607,0.0
Santa Izabel do Pará,6 Guamá,22,"Tabela 22 – Caracterização Hospitalar – Equip de Manutenção da Vida, Equip de Diagnóstico e Infra - 2025 ri guama",20,"Tabela 22 – Caracterização Hospitalar – Equip de Manutenção da Vida, Equip de Diagnóstico e Infra - 2025 ri guama","..\..\Desktop\tabelas-powerBI\6 Guamá\Tabela 22 – Caracterização Hospitalar – Equip de Manutenção da Vida, Equip de Diagnóstico e Infra - 2025 ri guama.xlsx",Guamá,18607,14.0
Santa Maria do Pará,6 Guamá,22,"Tabela 22 – Caracterização Hospitalar – Equip de Manutenção da Vida, Equip de Diagnóstico e Infra - 2025 ri guama",20,"Tabela 22 – Caracterização Hospitalar – Equip de Manutenção da Vida, Equip de Diagnóstico e Infra - 2025 ri guama","..\..\Desktop\tabelas-powerBI\6 Guamá\Tabela 22 – Caracterização Hospitalar – Equip de Manutenção da Vida, Equip de Diagnóstico e Infra - 2025 ri guama.xlsx",Guamá,18607,8.0
Santo Antônio do Tauá,6 Guamá,22,"Tabela 22 – Caracterização Hospitalar – Equip de Manutenção da Vida, Equip de Diagnóstico e Infra - 2025 ri guama",20,"Tabela 22 – Caracterização Hospitalar – Equip de Manutenção da Vida, Equip de Diagnóstico e Infra - 2025 ri guama","..\..\Desktop\tabelas-powerBI\6 Guamá\Tabela 22 – Caracterização Hospitalar – Equip de Manutenção da Vida, Equip de Diagnóstico e Infra - 2025 ri guama.xlsx",Guamá,18607,2.0
São Caetano de Odivelas,6 Guamá,22,"Tabela 22 – Caracterização Hospitalar – Equip de Manutenção da Vida, Equip de Diagnóstico e Infra - 2025 ri guama",20,"Tabela 22 – Caracterização Hospitalar – Equip de Manutenção da Vida, Equip de Diagnóstico e Infra - 2025 ri guama","..\..\Desktop\tabelas-powerBI\6 Guamá\Tabela 22 – Caracterização Hospitalar – Equip de Manutenção da Vida, Equip de Diagnóstico e Infra - 2025 ri guama.xlsx",Guamá,18607,0.0
São Domingos do Capim,6 Guamá,22,"Tabela 22 – Caracterização Hospitalar – Equip de Manutenção da Vida, Equip de Diagnóstico e Infra - 2025 ri guama",20,"Tabela 22 – Caracterização Hospitalar – Equip de Manutenção da Vida, Equip de Diagnóstico e Infra - 2025 ri guama","..\..\Desktop\tabelas-powerBI\6 Guamá\Tabela 22 – Caracterização Hospitalar – Equip de Manutenção da Vida, Equip de Diagnóstico e Infra - 2025 ri guama.xlsx",Guamá,18607,17.0
São Francisco do Pará,6 Guamá,22,"Tabela 22 – Caracterização Hospitalar – Equip de Manutenção da Vida, Equip de Diagnóstico e Infra - 2025 ri guama",20,"Tabela 22 – Caracterização Hospitalar – Equip de Manutenção da Vida, Equip de Diagnóstico e Infra - 2025 ri guama","..\..\Desktop\tabelas-powerBI\6 Guamá\Tabela 22 – Caracterização Hospitalar – Equip de Manutenção da Vida, Equip de Diagnóstico e Infra - 2025 ri guama.xlsx",Guamá,18607,0.0
São João da Ponta,6 Guamá,22,"Tabela 22 – Caracterização Hospitalar – Equip de Manutenção da Vida, Equip de Diagnóstico e Infra - 2025 ri guama",20,"Tabela 22 – Caracterização Hospitalar – Equip de Manutenção da Vida, Equip de Diagnóstico e Infra - 2025 ri guama","..\..\Desktop\tabelas-powerBI\6 Guamá\Tabela 22 – Caracterização Hospitalar – Equip de Manutenção da Vida, Equip de Diagnóstico e Infra - 2025 ri guama.xlsx",Guamá,18607,0.0
São Miguel do Guamá,6 Guamá,22,"Tabela 22 – Caracterização Hospitalar – Equip de Manutenção da Vida, Equip de Diagnóstico e Infra - 2025 ri guama",20,"Tabela 22 – Caracterização Hospitalar – Equip de Manutenção da Vida, Equip de Diagnóstico e Infra - 2025 ri guama","..\..\Desktop\tabelas-powerBI\6 Guamá\Tabela 22 – Caracterização Hospitalar – Equip de Manutenção da Vida, Equip de Diagnóstico e Infra - 2025 ri guama.xlsx",Guamá,18607,118.0
Terra Alta,6 Guamá,22,"Tabela 22 – Caracterização Hospitalar – Equip de Manutenção da Vida, Equip de Diagnóstico e Infra - 2025 ri guama",20,"Tabela 22 – Caracterização Hospitalar – Equip de Manutenção da Vida, Equip de Diagnóstico e Infra - 2025 ri guama","..\..\Desktop\tabelas-powerBI\6 Guamá\Tabela 22 – Caracterização Hospitalar – Equip de Manutenção da Vida, Equip de Diagnóstico e Infra - 2025 ri guama.xlsx",Guamá,18607,1.0
Vigia,6 Guamá,22,"Tabela 22 – Caracterização Hospitalar – Equip de Manutenção da Vida, Equip de Diagnóstico e Infra - 2025 ri guama",20,"Tabela 22 – Caracterização Hospitalar – Equip de Manutenção da Vida, Equip de Diagnóstico e Infra - 2025 ri guama","..\..\Desktop\tabelas-powerBI\6 Guamá\Tabela 22 – Caracterização Hospitalar – Equip de Manutenção da Vida, Equip de Diagnóstico e Infra - 2025 ri guama.xlsx",Guamá,18607,0.0
Fonte: DATASUS,6 Guamá,22,"Tabela 22 – Caracterização Hospitalar – Equip de Manutenção da Vida, Equip de Diagnóstico e Infra - 2025 ri guama",20,"Tabela 22 – Caracterização Hospitalar – Equip de Manutenção da Vida, Equip de Diagnóstico e Infra - 2025 ri guama","..\..\Desktop\tabelas-powerBI\6 Guamá\Tabela 22 – Caracterização Hospitalar – Equip de Manutenção da Vida, Equip de Diagnóstico e Infra - 2025 ri guama.xlsx",Guamá,18607,
Elaboração: FAPESPA,6 Guamá,22,"Tabela 22 – Caracterização Hospitalar – Equip de Manutenção da Vida, Equip de Diagnóstico e Infra - 2025 ri guama",20,"Tabela 22 – Caracterização Hospitalar – Equip de Manutenção da Vida, Equip de Diagnóstico e Infra - 2025 ri guama","..\..\Desktop\tabelas-powerBI\6 Guamá\Tabela 22 – Caracterização Hospitalar – Equip de Manutenção da Vida, Equip de Diagnóstico e Infra - 2025 ri guama.xlsx",Guamá,18607,
*Nota: Dados referentes a Outubro/2025.,6 Guamá,22,"Tabela 22 – Caracterização Hospitalar – Equip de Manutenção da Vida, Equip de Diagnóstico e Infra - 2025 ri guama",20,"Tabela 22 – Caracterização Hospitalar – Equip de Manutenção da Vida, Equip de Diagnóstico e Infra - 2025 ri guama","..\..\Desktop\tabelas-powerBI\6 Guamá\Tabela 22 – Caracterização Hospitalar – Equip de Manutenção da Vida, Equip de Diagnóstico e Infra - 2025 ri guama.xlsx",Guamá,18607,
RI Guamá,6 Guamá,22,"Tabela 22 – Caracterização Hospitalar – Equip de Manutenção da Vida, Equip de Diagnóstico e Infra - 2025 ri guama",20,"Tabela 22 – Caracterização Hospitalar – Equip de Manutenção da Vida, Equip de Diagnóstico e Infra - 2025 ri guama","..\..\Desktop\tabelas-powerBI\6 Guamá\Tabela 22 – Caracterização Hospitalar – Equip de Manutenção da Vida, Equip de Diagnóstico e Infra - 2025 ri guama.xlsx",Guamá,506,25.0
Castanhal,6 Guamá,22,"Tabela 22 – Caracterização Hospitalar – Equip de Manutenção da Vida, Equip de Diagnóstico e Infra - 2025 ri guama",20,"Tabela 22 – Caracterização Hospitalar – Equip de Manutenção da Vida, Equip de Diagnóstico e Infra - 2025 ri guama","..\..\Desktop\tabelas-powerBI\6 Guamá\Tabela 22 – Caracterização Hospitalar – Equip de Manutenção da Vida, Equip de Diagnóstico e Infra - 2025 ri guama.xlsx",Guamá,506,14.0
Colares,6 Guamá,22,"Tabela 22 – Caracterização Hospitalar – Equip de Manutenção da Vida, Equip de Diagnóstico e Infra - 2025 ri guama",20,"Tabela 22 – Caracterização Hospitalar – Equip de Manutenção da Vida, Equip de Diagnóstico e Infra - 2025 ri guama","..\..\Desktop\tabelas-powerBI\6 Guamá\Tabela 22 – Caracterização Hospitalar – Equip de Manutenção da Vida, Equip de Diagnóstico e Infra - 2025 ri guama.xlsx",Guamá,506,0.0
Curuçá,6 Guamá,22,"Tabela 22 – Caracterização Hospitalar – Equip de Manutenção da Vida, Equip de Diagnóstico e Infra - 2025 ri guama",20,"Tabela 22 – Caracterização Hospitalar – Equip de Manutenção da Vida, Equip de Diagnóstico e Infra - 2025 ri guama","..\..\Desktop\tabelas-powerBI\6 Guamá\Tabela 22 – Caracterização Hospitalar – Equip de Manutenção da Vida, Equip de Diagnóstico e Infra - 2025 ri guama.xlsx",Guamá,506,1.0
Igarapé-Açu,6 Guamá,22,"Tabela 22 – Caracterização Hospitalar – Equip de Manutenção da Vida, Equip de Diagnóstico e Infra - 2025 ri guama",20,"Tabela 22 – Caracterização Hospitalar – Equip de Manutenção da Vida, Equip de Diagnóstico e Infra - 2025 ri guama","..\..\Desktop\tabelas-powerBI\6 Guamá\Tabela 22 – Caracterização Hospitalar – Equip de Manutenção da Vida, Equip de Diagnóstico e Infra - 2025 ri guama.xlsx",Guamá,506,2.0
Inhangapi,6 Guamá,22,"Tabela 22 – Caracterização Hospitalar – Equip de Manutenção da Vida, Equip de Diagnóstico e Infra - 2025 ri guama",20,"Tabela 22 – Caracterização Hospitalar – Equip de Manutenção da Vida, Equip de Diagnóstico e Infra - 2025 ri guama","..\..\Desktop\tabelas-powerBI\6 Guamá\Tabela 22 – Caracterização Hospitalar – Equip de Manutenção da Vida, Equip de Diagnóstico e Infra - 2025 ri guama.xlsx",Guamá,506,0.0
Magalhães Barata,6 Guamá,22,"Tabela 22 – Caracterização Hospitalar – Equip de Manutenção da Vida, Equip de Diagnóstico e Infra - 2025 ri guama",20,"Tabela 22 – Caracterização Hospitalar – Equip de Manutenção da Vida, Equip de Diagnóstico e Infra - 2025 ri guama","..\..\Desktop\tabelas-powerBI\6 Guamá\Tabela 22 – Caracterização Hospitalar – Equip de Manutenção da Vida, Equip de Diagnóstico e Infra - 2025 ri guama.xlsx",Guamá,506,0.0
Maracanã,6 Guamá,22,"Tabela 22 – Caracterização Hospitalar – Equip de Manutenção da Vida, Equip de Diagnóstico e Infra - 2025 ri guama",20,"Tabela 22 – Caracterização Hospitalar – Equip de Manutenção da Vida, Equip de Diagnóstico e Infra - 2025 ri guama","..\..\Desktop\tabelas-powerBI\6 Guamá\Tabela 22 – Caracterização Hospitalar – Equip de Manutenção da Vida, Equip de Diagnóstico e Infra - 2025 ri guama.xlsx",Guamá,506,1.0
Marapanim,6 Guamá,22,"Tabela 22 – Caracterização Hospitalar – Equip de Manutenção da Vida, Equip de Diagnóstico e Infra - 2025 ri guama",20,"Tabela 22 – Caracterização Hospitalar – Equip de Manutenção da Vida, Equip de Diagnóstico e Infra - 2025 ri guama","..\..\Desktop\tabelas-powerBI\6 Guamá\Tabela 22 – Caracterização Hospitalar – Equip de Manutenção da Vida, Equip de Diagnóstico e Infra - 2025 ri guama.xlsx",Guamá,506,0.0
Santa Izabel do Pará,6 Guamá,22,"Tabela 22 – Caracterização Hospitalar – Equip de Manutenção da Vida, Equip de Diagnóstico e Infra - 2025 ri guama",20,"Tabela 22 – Caracterização Hospitalar – Equip de Manutenção da Vida, Equip de Diagnóstico e Infra - 2025 ri guama","..\..\Desktop\tabelas-powerBI\6 Guamá\Tabela 22 – Caracterização Hospitalar – Equip de Manutenção da Vida, Equip de Diagnóstico e Infra - 2025 ri guama.xlsx",Guamá,506,1.0
Santa Maria do Pará,6 Guamá,22,"Tabela 22 – Caracterização Hospitalar – Equip de Manutenção da Vida, Equip de Diagnóstico e Infra - 2025 ri guama",20,"Tabela 22 – Caracterização Hospitalar – Equip de Manutenção da Vida, Equip de Diagnóstico e Infra - 2025 ri guama","..\..\Desktop\tabelas-powerBI\6 Guamá\Tabela 22 – Caracterização Hospitalar – Equip de Manutenção da Vida, Equip de Diagnóstico e Infra - 2025 ri guama.xlsx",Guamá,506,1.0
Santo Antônio do Tauá,6 Guamá,22,"Tabela 22 – Caracterização Hospitalar – Equip de Manutenção da Vida, Equip de Diagnóstico e Infra - 2025 ri guama",20,"Tabela 22 – Caracterização Hospitalar – Equip de Manutenção da Vida, Equip de Diagnóstico e Infra - 2025 ri guama","..\..\Desktop\tabelas-powerBI\6 Guamá\Tabela 22 – Caracterização Hospitalar – Equip de Manutenção da Vida, Equip de Diagnóstico e Infra - 2025 ri guama.xlsx",Guamá,506,0.0
São Caetano de Odivelas,6 Guamá,22,"Tabela 22 – Caracterização Hospitalar – Equip de Manutenção da Vida, Equip de Diagnóstico e Infra - 2025 ri guama",20,"Tabela 22 – Caracterização Hospitalar – Equip de Manutenção da Vida, Equip de Diagnóstico e Infra - 2025 ri guama","..\..\Desktop\tabelas-powerBI\6 Guamá\Tabela 22 – Caracterização Hospitalar – Equip de Manutenção da Vida, Equip de Diagnóstico e Infra - 2025 ri guama.xlsx",Guamá,506,1.0
São Domingos do Capim,6 Guamá,22,"Tabela 22 – Caracterização Hospitalar – Equip de Manutenção da Vida, Equip de Diagnóstico e Infra - 2025 ri guama",20,"Tabela 22 – Caracterização Hospitalar – Equip de Manutenção da Vida, Equip de Diagnóstico e Infra - 2025 ri guama","..\..\Desktop\tabelas-powerBI\6 Guamá\Tabela 22 – Caracterização Hospitalar – Equip de Manutenção da Vida, Equip de Diagnóstico e Infra - 2025 ri guama.xlsx",Guamá,506,3.0
São Francisco do Pará,6 Guamá,22,"Tabela 22 – Caracterização Hospitalar – Equip de Manutenção da Vida, Equip de Diagnóstico e Infra - 2025 ri guama",20,"Tabela 22 – Caracterização Hospitalar – Equip de Manutenção da Vida, Equip de Diagnóstico e Infra - 2025 ri guama","..\..\Desktop\tabelas-powerBI\6 Guamá\Tabela 22 – Caracterização Hospitalar – Equip de Manutenção da Vida, Equip de Diagnóstico e Infra - 2025 ri guama.xlsx",Guamá,506,0.0
São João da Ponta,6 Guamá,22,"Tabela 22 – Caracterização Hospitalar – Equip de Manutenção da Vida, Equip de Diagnóstico e Infra - 2025 ri guama",20,"Tabela 22 – Caracterização Hospitalar – Equip de Manutenção da Vida, Equip de Diagnóstico e Infra - 2025 ri guama","..\..\Desktop\tabelas-powerBI\6 Guamá\Tabela 22 – Caracterização Hospitalar – Equip de Manutenção da Vida, Equip de Diagnóstico e Infra - 2025 ri guama.xlsx",Guamá,506,0.0
São Miguel do Guamá,6 Guamá,22,"Tabela 22 – Caracterização Hospitalar – Equip de Manutenção da Vida, Equip de Diagnóstico e Infra - 2025 ri guama",20,"Tabela 22 – Caracterização Hospitalar – Equip de Manutenção da Vida, Equip de Diagnóstico e Infra - 2025 ri guama","..\..\Desktop\tabelas-powerBI\6 Guamá\Tabela 22 – Caracterização Hospitalar – Equip de Manutenção da Vida, Equip de Diagnóstico e Infra - 2025 ri guama.xlsx",Guamá,506,1.0
Terra Alta,6 Guamá,22,"Tabela 22 – Caracterização Hospitalar – Equip de Manutenção da Vida, Equip de Diagnóstico e Infra - 2025 ri guama",20,"Tabela 22 – Caracterização Hospitalar – Equip de Manutenção da Vida, Equip de Diagnóstico e Infra - 2025 ri guama","..\..\Desktop\tabelas-powerBI\6 Guamá\Tabela 22 – Caracterização Hospitalar – Equip de Manutenção da Vida, Equip de Diagnóstico e Infra - 2025 ri guama.xlsx",Guamá,506,0.0
Vigia,6 Guamá,22,"Tabela 22 – Caracterização Hospitalar – Equip de Manutenção da Vida, Equip de Diagnóstico e Infra - 2025 ri guama",20,"Tabela 22 – Caracterização Hospitalar – Equip de Manutenção da Vida, Equip de Diagnóstico e Infra - 2025 ri guama","..\..\Desktop\tabelas-powerBI\6 Guamá\Tabela 22 – Caracterização Hospitalar – Equip de Manutenção da Vida, Equip de Diagnóstico e Infra - 2025 ri guama.xlsx",Guamá,506,0.0
Fonte: DATASUS,6 Guamá,22,"Tabela 22 – Caracterização Hospitalar – Equip de Manutenção da Vida, Equip de Diagnóstico e Infra - 2025 ri guama",20,"Tabela 22 – Caracterização Hospitalar – Equip de Manutenção da Vida, Equip de Diagnóstico e Infra - 2025 ri guama","..\..\Desktop\tabelas-powerBI\6 Guamá\Tabela 22 – Caracterização Hospitalar – Equip de Manutenção da Vida, Equip de Diagnóstico e Infra - 2025 ri guama.xlsx",Guamá,506,
Elaboração: FAPESPA,6 Guamá,22,"Tabela 22 – Caracterização Hospitalar – Equip de Manutenção da Vida, Equip de Diagnóstico e Infra - 2025 ri guama",20,"Tabela 22 – Caracterização Hospitalar – Equip de Manutenção da Vida, Equip de Diagnóstico e Infra - 2025 ri guama","..\..\Desktop\tabelas-powerBI\6 Guamá\Tabela 22 – Caracterização Hospitalar – Equip de Manutenção da Vida, Equip de Diagnóstico e Infra - 2025 ri guama.xlsx",Guamá,506,
*Nota: Dados referentes a Outubro/2025.,6 Guamá,22,"Tabela 22 – Caracterização Hospitalar – Equip de Manutenção da Vida, Equip de Diagnóstico e Infra - 2025 ri guama",20,"Tabela 22 – Caracterização Hospitalar – Equip de Manutenção da Vida, Equip de Diagnóstico e Infra - 2025 ri guama","..\..\Desktop\tabelas-powerBI\6 Guamá\Tabela 22 – Caracterização Hospitalar – Equip de Manutenção da Vida, Equip de Diagnóstico e Infra - 2025 ri guama.xlsx",Guamá,506,
RI Guamá,6 Guamá,22,"Tabela 22 – Caracterização Hospitalar – Equip de Manutenção da Vida, Equip de Diagnóstico e Infra - 2025 ri guama",20,"Tabela 22 – Caracterização Hospitalar – Equip de Manutenção da Vida, Equip de Diagnóstico e Infra - 2025 ri guama","..\..\Desktop\tabelas-powerBI\6 Guamá\Tabela 22 – Caracterização Hospitalar – Equip de Manutenção da Vida, Equip de Diagnóstico e Infra - 2025 ri guama.xlsx",Guamá,493,25.0
Castanhal,6 Guamá,22,"Tabela 22 – Caracterização Hospitalar – Equip de Manutenção da Vida, Equip de Diagnóstico e Infra - 2025 ri guama",20,"Tabela 22 – Caracterização Hospitalar – Equip de Manutenção da Vida, Equip de Diagnóstico e Infra - 2025 ri guama","..\..\Desktop\tabelas-powerBI\6 Guamá\Tabela 22 – Caracterização Hospitalar – Equip de Manutenção da Vida, Equip de Diagnóstico e Infra - 2025 ri guama.xlsx",Guamá,493,14.0
Colares,6 Guamá,22,"Tabela 22 – Caracterização Hospitalar – Equip de Manutenção da Vida, Equip de Diagnóstico e Infra - 2025 ri guama",20,"Tabela 22 – Caracterização Hospitalar – Equip de Manutenção da Vida, Equip de Diagnóstico e Infra - 2025 ri guama","..\..\Desktop\tabelas-powerBI\6 Guamá\Tabela 22 – Caracterização Hospitalar – Equip de Manutenção da Vida, Equip de Diagnóstico e Infra - 2025 ri guama.xlsx",Guamá,493,0.0
Curuçá,6 Guamá,22,"Tabela 22 – Caracterização Hospitalar – Equip de Manutenção da Vida, Equip de Diagnóstico e Infra - 2025 ri guama",20,"Tabela 22 – Caracterização Hospitalar – Equip de Manutenção da Vida, Equip de Diagnóstico e Infra - 2025 ri guama","..\..\Desktop\tabelas-powerBI\6 Guamá\Tabela 22 – Caracterização Hospitalar – Equip de Manutenção da Vida, Equip de Diagnóstico e Infra - 2025 ri guama.xlsx",Guamá,493,1.0
Igarapé-Açu,6 Guamá,22,"Tabela 22 – Caracterização Hospitalar – Equip de Manutenção da Vida, Equip de Diagnóstico e Infra - 2025 ri guama",20,"Tabela 22 – Caracterização Hospitalar – Equip de Manutenção da Vida, Equip de Diagnóstico e Infra - 2025 ri guama","..\..\Desktop\tabelas-powerBI\6 Guamá\Tabela 22 – Caracterização Hospitalar – Equip de Manutenção da Vida, Equip de Diagnóstico e Infra - 2025 ri guama.xlsx",Guamá,493,2.0
Inhangapi,6 Guamá,22,"Tabela 22 – Caracterização Hospitalar – Equip de Manutenção da Vida, Equip de Diagnóstico e Infra - 2025 ri guama",20,"Tabela 22 – Caracterização Hospitalar – Equip de Manutenção da Vida, Equip de Diagnóstico e Infra - 2025 ri guama","..\..\Desktop\tabelas-powerBI\6 Guamá\Tabela 22 – Caracterização Hospitalar – Equip de Manutenção da Vida, Equip de Diagnóstico e Infra - 2025 ri guama.xlsx",Guamá,493,0.0
Magalhães Barata,6 Guamá,22,"Tabela 22 – Caracterização Hospitalar – Equip de Manutenção da Vida, Equip de Diagnóstico e Infra - 2025 ri guama",20,"Tabela 22 – Caracterização Hospitalar – Equip de Manutenção da Vida, Equip de Diagnóstico e Infra - 2025 ri guama","..\..\Desktop\tabelas-powerBI\6 Guamá\Tabela 22 – Caracterização Hospitalar – Equip de Manutenção da Vida, Equip de Diagnóstico e Infra - 2025 ri guama.xlsx",Guamá,493,0.0
Maracanã,6 Guamá,22,"Tabela 22 – Caracterização Hospitalar – Equip de Manutenção da Vida, Equip de Diagnóstico e Infra - 2025 ri guama",20,"Tabela 22 – Caracterização Hospitalar – Equip de Manutenção da Vida, Equip de Diagnóstico e Infra - 2025 ri guama","..\..\Desktop\tabelas-powerBI\6 Guamá\Tabela 22 – Caracterização Hospitalar – Equip de Manutenção da Vida, Equip de Diagnóstico e Infra - 2025 ri guama.xlsx",Guamá,493,1.0
Marapanim,6 Guamá,22,"Tabela 22 – Caracterização Hospitalar – Equip de Manutenção da Vida, Equip de Diagnóstico e Infra - 2025 ri guama",20,"Tabela 22 – Caracterização Hospitalar – Equip de Manutenção da Vida, Equip de Diagnóstico e Infra - 2025 ri guama","..\..\Desktop\tabelas-powerBI\6 Guamá\Tabela 22 – Caracterização Hospitalar – Equip de Manutenção da Vida, Equip de Diagnóstico e Infra - 2025 ri guama.xlsx",Guamá,493,0.0
Santa Izabel do Pará,6 Guamá,22,"Tabela 22 – Caracterização Hospitalar – Equip de Manutenção da Vida, Equip de Diagnóstico e Infra - 2025 ri guama",20,"Tabela 22 – Caracterização Hospitalar – Equip de Manutenção da Vida, Equip de Diagnóstico e Infra - 2025 ri guama","..\..\Desktop\tabelas-powerBI\6 Guamá\Tabela 22 – Caracterização Hospitalar – Equip de Manutenção da Vida, Equip de Diagnóstico e Infra - 2025 ri guama.xlsx",Guamá,493,1.0
Santa Maria do Pará,6 Guamá,22,"Tabela 22 – Caracterização Hospitalar – Equip de Manutenção da Vida, Equip de Diagnóstico e Infra - 2025 ri guama",20,"Tabela 22 – Caracterização Hospitalar – Equip de Manutenção da Vida, Equip de Diagnóstico e Infra - 2025 ri guama","..\..\Desktop\tabelas-powerBI\6 Guamá\Tabela 22 – Caracterização Hospitalar – Equip de Manutenção da Vida, Equip de Diagnóstico e Infra - 2025 ri guama.xlsx",Guamá,493,1.0
Santo Antônio do Tauá,6 Guamá,22,"Tabela 22 – Caracterização Hospitalar – Equip de Manutenção da Vida, Equip de Diagnóstico e Infra - 2025 ri guama",20,"Tabela 22 – Caracterização Hospitalar – Equip de Manutenção da Vida, Equip de Diagnóstico e Infra - 2025 ri guama","..\..\Desktop\tabelas-powerBI\6 Guamá\Tabela 22 – Caracterização Hospitalar – Equip de Manutenção da Vida, Equip de Diagnóstico e Infra - 2025 ri guama.xlsx",Guamá,493,0.0
São Caetano de Odivelas,6 Guamá,22,"Tabela 22 – Caracterização Hospitalar – Equip de Manutenção da Vida, Equip de Diagnóstico e Infra - 2025 ri guama",20,"Tabela 22 – Caracterização Hospitalar – Equip de Manutenção da Vida, Equip de Diagnóstico e Infra - 2025 ri guama","..\..\Desktop\tabelas-powerBI\6 Guamá\Tabela 22 – Caracterização Hospitalar – Equip de Manutenção da Vida, Equip de Diagnóstico e Infra - 2025 ri guama.xlsx",Guamá,493,1.0
São Domingos do Capim,6 Guamá,22,"Tabela 22 – Caracterização Hospitalar – Equip de Manutenção da Vida, Equip de Diagnóstico e Infra - 2025 ri guama",20,"Tabela 22 – Caracterização Hospitalar – Equip de Manutenção da Vida, Equip de Diagnóstico e Infra - 2025 ri guama","..\..\Desktop\tabelas-powerBI\6 Guamá\Tabela 22 – Caracterização Hospitalar – Equip de Manutenção da Vida, Equip de Diagnóstico e Infra - 2025 ri guama.xlsx",Guamá,493,3.0
São Francisco do Pará,6 Guamá,22,"Tabela 22 – Caracterização Hospitalar – Equip de Manutenção da Vida, Equip de Diagnóstico e Infra - 2025 ri guama",20,"Tabela 22 – Caracterização Hospitalar – Equip de Manutenção da Vida, Equip de Diagnóstico e Infra - 2025 ri guama","..\..\Desktop\tabelas-powerBI\6 Guamá\Tabela 22 – Caracterização Hospitalar – Equip de Manutenção da Vida, Equip de Diagnóstico e Infra - 2025 ri guama.xlsx",Guamá,493,0.0
São João da Ponta,6 Guamá,22,"Tabela 22 – Caracterização Hospitalar – Equip de Manutenção da Vida, Equip de Diagnóstico e Infra - 2025 ri guama",20,"Tabela 22 – Caracterização Hospitalar – Equip de Manutenção da Vida, Equip de Diagnóstico e Infra - 2025 ri guama","..\..\Desktop\tabelas-powerBI\6 Guamá\Tabela 22 – Caracterização Hospitalar – Equip de Manutenção da Vida, Equip de Diagnóstico e Infra - 2025 ri guama.xlsx",Guamá,493,0.0
São Miguel do Guamá,6 Guamá,22,"Tabela 22 – Caracterização Hospitalar – Equip de Manutenção da Vida, Equip de Diagnóstico e Infra - 2025 ri guama",20,"Tabela 22 – Caracterização Hospitalar – Equip de Manutenção da Vida, Equip de Diagnóstico e Infra - 2025 ri guama","..\..\Desktop\tabelas-powerBI\6 Guamá\Tabela 22 – Caracterização Hospitalar – Equip de Manutenção da Vida, Equip de Diagnóstico e Infra - 2025 ri guama.xlsx",Guamá,493,1.0
Terra Alta,6 Guamá,22,"Tabela 22 – Caracterização Hospitalar – Equip de Manutenção da Vida, Equip de Diagnóstico e Infra - 2025 ri guama",20,"Tabela 22 – Caracterização Hospitalar – Equip de Manutenção da Vida, Equip de Diagnóstico e Infra - 2025 ri guama","..\..\Desktop\tabelas-powerBI\6 Guamá\Tabela 22 – Caracterização Hospitalar – Equip de Manutenção da Vida, Equip de Diagnóstico e Infra - 2025 ri guama.xlsx",Guamá,493,0.0
Vigia,6 Guamá,22,"Tabela 22 – Caracterização Hospitalar – Equip de Manutenção da Vida, Equip de Diagnóstico e Infra - 2025 ri guama",20,"Tabela 22 – Caracterização Hospitalar – Equip de Manutenção da Vida, Equip de Diagnóstico e Infra - 2025 ri guama","..\..\Desktop\tabelas-powerBI\6 Guamá\Tabela 22 – Caracterização Hospitalar – Equip de Manutenção da Vida, Equip de Diagnóstico e Infra - 2025 ri guama.xlsx",Guamá,493,0.0
Fonte: DATASUS,6 Guamá,22,"Tabela 22 – Caracterização Hospitalar – Equip de Manutenção da Vida, Equip de Diagnóstico e Infra - 2025 ri guama",20,"Tabela 22 – Caracterização Hospitalar – Equip de Manutenção da Vida, Equip de Diagnóstico e Infra - 2025 ri guama","..\..\Desktop\tabelas-powerBI\6 Guamá\Tabela 22 – Caracterização Hospitalar – Equip de Manutenção da Vida, Equip de Diagnóstico e Infra - 2025 ri guama.xlsx",Guamá,493,
Elaboração: FAPESPA,6 Guamá,22,"Tabela 22 – Caracterização Hospitalar – Equip de Manutenção da Vida, Equip de Diagnóstico e Infra - 2025 ri guama",20,"Tabela 22 – Caracterização Hospitalar – Equip de Manutenção da Vida, Equip de Diagnóstico e Infra - 2025 ri guama","..\..\Desktop\tabelas-powerBI\6 Guamá\Tabela 22 – Caracterização Hospitalar – Equip de Manutenção da Vida, Equip de Diagnóstico e Infra - 2025 ri guama.xlsx",Guamá,493,
*Nota: Dados referentes a Outubro/2025.,6 Guamá,22,"Tabela 22 – Caracterização Hospitalar – Equip de Manutenção da Vida, Equip de Diagnóstico e Infra - 2025 ri guama",20,"Tabela 22 – Caracterização Hospitalar – Equip de Manutenção da Vida, Equip de Diagnóstico e Infra - 2025 ri guama","..\..\Desktop\tabelas-powerBI\6 Guamá\Tabela 22 – Caracterização Hospitalar – Equip de Manutenção da Vida, Equip de Diagnóstico e Infra - 2025 ri guama.xlsx",Guamá,493,
RI Guamá,6 Guamá,22,"Tabela 22 – Caracterização Hospitalar – Equip de Manutenção da Vida, Equip de Diagnóstico e Infra - 2025 ri guama",20,"Tabela 22 – Caracterização Hospitalar – Equip de Manutenção da Vida, Equip de Diagnóstico e Infra - 2025 ri guama","..\..\Desktop\tabelas-powerBI\6 Guamá\Tabela 22 – Caracterização Hospitalar – Equip de Manutenção da Vida, Equip de Diagnóstico e Infra - 2025 ri guama.xlsx",Guamá,172,4.0
Castanhal,6 Guamá,22,"Tabela 22 – Caracterização Hospitalar – Equip de Manutenção da Vida, Equip de Diagnóstico e Infra - 2025 ri guama",20,"Tabela 22 – Caracterização Hospitalar – Equip de Manutenção da Vida, Equip de Diagnóstico e Infra - 2025 ri guama","..\..\Desktop\tabelas-powerBI\6 Guamá\Tabela 22 – Caracterização Hospitalar – Equip de Manutenção da Vida, Equip de Diagnóstico e Infra - 2025 ri guama.xlsx",Guamá,172,3.0
Colares,6 Guamá,22,"Tabela 22 – Caracterização Hospitalar – Equip de Manutenção da Vida, Equip de Diagnóstico e Infra - 2025 ri guama",20,"Tabela 22 – Caracterização Hospitalar – Equip de Manutenção da Vida, Equip de Diagnóstico e Infra - 2025 ri guama","..\..\Desktop\tabelas-powerBI\6 Guamá\Tabela 22 – Caracterização Hospitalar – Equip de Manutenção da Vida, Equip de Diagnóstico e Infra - 2025 ri guama.xlsx",Guamá,172,0.0
Curuçá,6 Guamá,22,"Tabela 22 – Caracterização Hospitalar – Equip de Manutenção da Vida, Equip de Diagnóstico e Infra - 2025 ri guama",20,"Tabela 22 – Caracterização Hospitalar – Equip de Manutenção da Vida, Equip de Diagnóstico e Infra - 2025 ri guama","..\..\Desktop\tabelas-powerBI\6 Guamá\Tabela 22 – Caracterização Hospitalar – Equip de Manutenção da Vida, Equip de Diagnóstico e Infra - 2025 ri guama.xlsx",Guamá,172,0.0
Igarapé-Açu,6 Guamá,22,"Tabela 22 – Caracterização Hospitalar – Equip de Manutenção da Vida, Equip de Diagnóstico e Infra - 2025 ri guama",20,"Tabela 22 – Caracterização Hospitalar – Equip de Manutenção da Vida, Equip de Diagnóstico e Infra - 2025 ri guama","..\..\Desktop\tabelas-powerBI\6 Guamá\Tabela 22 – Caracterização Hospitalar – Equip de Manutenção da Vida, Equip de Diagnóstico e Infra - 2025 ri guama.xlsx",Guamá,172,0.0
Inhangapi,6 Guamá,22,"Tabela 22 – Caracterização Hospitalar – Equip de Manutenção da Vida, Equip de Diagnóstico e Infra - 2025 ri guama",20,"Tabela 22 – Caracterização Hospitalar – Equip de Manutenção da Vida, Equip de Diagnóstico e Infra - 2025 ri guama","..\..\Desktop\tabelas-powerBI\6 Guamá\Tabela 22 – Caracterização Hospitalar – Equip de Manutenção da Vida, Equip de Diagnóstico e Infra - 2025 ri guama.xlsx",Guamá,172,0.0
Magalhães Barata,6 Guamá,22,"Tabela 22 – Caracterização Hospitalar – Equip de Manutenção da Vida, Equip de Diagnóstico e Infra - 2025 ri guama",20,"Tabela 22 – Caracterização Hospitalar – Equip de Manutenção da Vida, Equip de Diagnóstico e Infra - 2025 ri guama","..\..\Desktop\tabelas-powerBI\6 Guamá\Tabela 22 – Caracterização Hospitalar – Equip de Manutenção da Vida, Equip de Diagnóstico e Infra - 2025 ri guama.xlsx",Guamá,172,0.0
Maracanã,6 Guamá,22,"Tabela 22 – Caracterização Hospitalar – Equip de Manutenção da Vida, Equip de Diagnóstico e Infra - 2025 ri guama",20,"Tabela 22 – Caracterização Hospitalar – Equip de Manutenção da Vida, Equip de Diagnóstico e Infra - 2025 ri guama","..\..\Desktop\tabelas-powerBI\6 Guamá\Tabela 22 – Caracterização Hospitalar – Equip de Manutenção da Vida, Equip de Diagnóstico e Infra - 2025 ri guama.xlsx",Guamá,172,0.0
Marapanim,6 Guamá,22,"Tabela 22 – Caracterização Hospitalar – Equip de Manutenção da Vida, Equip de Diagnóstico e Infra - 2025 ri guama",20,"Tabela 22 – Caracterização Hospitalar – Equip de Manutenção da Vida, Equip de Diagnóstico e Infra - 2025 ri guama","..\..\Desktop\tabelas-powerBI\6 Guamá\Tabela 22 – Caracterização Hospitalar – Equip de Manutenção da Vida, Equip de Diagnóstico e Infra - 2025 ri guama.xlsx",Guamá,172,0.0
Santa Izabel do Pará,6 Guamá,22,"Tabela 22 – Caracterização Hospitalar – Equip de Manutenção da Vida, Equip de Diagnóstico e Infra - 2025 ri guama",20,"Tabela 22 – Caracterização Hospitalar – Equip de Manutenção da Vida, Equip de Diagnóstico e Infra - 2025 ri guama","..\..\Desktop\tabelas-powerBI\6 Guamá\Tabela 22 – Caracterização Hospitalar – Equip de Manutenção da Vida, Equip de Diagnóstico e Infra - 2025 ri guama.xlsx",Guamá,172,0.0
Santa Maria do Pará,6 Guamá,22,"Tabela 22 – Caracterização Hospitalar – Equip de Manutenção da Vida, Equip de Diagnóstico e Infra - 2025 ri guama",20,"Tabela 22 – Caracterização Hospitalar – Equip de Manutenção da Vida, Equip de Diagnóstico e Infra - 2025 ri guama","..\..\Desktop\tabelas-powerBI\6 Guamá\Tabela 22 – Caracterização Hospitalar – Equip de Manutenção da Vida, Equip de Diagnóstico e Infra - 2025 ri guama.xlsx",Guamá,172,0.0
Santo Antônio do Tauá,6 Guamá,22,"Tabela 22 – Caracterização Hospitalar – Equip de Manutenção da Vida, Equip de Diagnóstico e Infra - 2025 ri guama",20,"Tabela 22 – Caracterização Hospitalar – Equip de Manutenção da Vida, Equip de Diagnóstico e Infra - 2025 ri guama","..\..\Desktop\tabelas-powerBI\6 Guamá\Tabela 22 – Caracterização Hospitalar – Equip de Manutenção da Vida, Equip de Diagnóstico e Infra - 2025 ri guama.xlsx",Guamá,172,0.0
São Caetano de Odivelas,6 Guamá,22,"Tabela 22 – Caracterização Hospitalar – Equip de Manutenção da Vida, Equip de Diagnóstico e Infra - 2025 ri guama",20,"Tabela 22 – Caracterização Hospitalar – Equip de Manutenção da Vida, Equip de Diagnóstico e Infra - 2025 ri guama","..\..\Desktop\tabelas-powerBI\6 Guamá\Tabela 22 – Caracterização Hospitalar – Equip de Manutenção da Vida, Equip de Diagnóstico e Infra - 2025 ri guama.xlsx",Guamá,172,0.0
São Domingos do Capim,6 Guamá,22,"Tabela 22 – Caracterização Hospitalar – Equip de Manutenção da Vida, Equip de Diagnóstico e Infra - 2025 ri guama",20,"Tabela 22 – Caracterização Hospitalar – Equip de Manutenção da Vida, Equip de Diagnóstico e Infra - 2025 ri guama","..\..\Desktop\tabelas-powerBI\6 Guamá\Tabela 22 – Caracterização Hospitalar – Equip de Manutenção da Vida, Equip de Diagnóstico e Infra - 2025 ri guama.xlsx",Guamá,172,0.0
São Francisco do Pará,6 Guamá,22,"Tabela 22 – Caracterização Hospitalar – Equip de Manutenção da Vida, Equip de Diagnóstico e Infra - 2025 ri guama",20,"Tabela 22 – Caracterização Hospitalar – Equip de Manutenção da Vida, Equip de Diagnóstico e Infra - 2025 ri guama","..\..\Desktop\tabelas-powerBI\6 Guamá\Tabela 22 – Caracterização Hospitalar – Equip de Manutenção da Vida, Equip de Diagnóstico e Infra - 2025 ri guama.xlsx",Guamá,172,0.0
São João da Ponta,6 Guamá,22,"Tabela 22 – Caracterização Hospitalar – Equip de Manutenção da Vida, Equip de Diagnóstico e Infra - 2025 ri guama",20,"Tabela 22 – Caracterização Hospitalar – Equip de Manutenção da Vida, Equip de Diagnóstico e Infra - 2025 ri guama","..\..\Desktop\tabelas-powerBI\6 Guamá\Tabela 22 – Caracterização Hospitalar – Equip de Manutenção da Vida, Equip de Diagnóstico e Infra - 2025 ri guama.xlsx",Guamá,172,0.0
São Miguel do Guamá,6 Guamá,22,"Tabela 22 – Caracterização Hospitalar – Equip de Manutenção da Vida, Equip de Diagnóstico e Infra - 2025 ri guama",20,"Tabela 22 – Caracterização Hospitalar – Equip de Manutenção da Vida, Equip de Diagnóstico e Infra - 2025 ri guama","..\..\Desktop\tabelas-powerBI\6 Guamá\Tabela 22 – Caracterização Hospitalar – Equip de Manutenção da Vida, Equip de Diagnóstico e Infra - 2025 ri guama.xlsx",Guamá,172,1.0
Terra Alta,6 Guamá,22,"Tabela 22 – Caracterização Hospitalar – Equip de Manutenção da Vida, Equip de Diagnóstico e Infra - 2025 ri guama",20,"Tabela 22 – Caracterização Hospitalar – Equip de Manutenção da Vida, Equip de Diagnóstico e Infra - 2025 ri guama","..\..\Desktop\tabelas-powerBI\6 Guamá\Tabela 22 – Caracterização Hospitalar – Equip de Manutenção da Vida, Equip de Diagnóstico e Infra - 2025 ri guama.xlsx",Guamá,172,0.0
Vigia,6 Guamá,22,"Tabela 22 – Caracterização Hospitalar – Equip de Manutenção da Vida, Equip de Diagnóstico e Infra - 2025 ri guama",20,"Tabela 22 – Caracterização Hospitalar – Equip de Manutenção da Vida, Equip de Diagnóstico e Infra - 2025 ri guama","..\..\Desktop\tabelas-powerBI\6 Guamá\Tabela 22 – Caracterização Hospitalar – Equip de Manutenção da Vida, Equip de Diagnóstico e Infra - 2025 ri guama.xlsx",Guamá,172,0.0
Fonte: DATASUS,6 Guamá,22,"Tabela 22 – Caracterização Hospitalar – Equip de Manutenção da Vida, Equip de Diagnóstico e Infra - 2025 ri guama",20,"Tabela 22 – Caracterização Hospitalar – Equip de Manutenção da Vida, Equip de Diagnóstico e Infra - 2025 ri guama","..\..\Desktop\tabelas-powerBI\6 Guamá\Tabela 22 – Caracterização Hospitalar – Equip de Manutenção da Vida, Equip de Diagnóstico e Infra - 2025 ri guama.xlsx",Guamá,172,
Elaboração: FAPESPA,6 Guamá,22,"Tabela 22 – Caracterização Hospitalar – Equip de Manutenção da Vida, Equip de Diagnóstico e Infra - 2025 ri guama",20,"Tabela 22 – Caracterização Hospitalar – Equip de Manutenção da Vida, Equip de Diagnóstico e Infra - 2025 ri guama","..\..\Desktop\tabelas-powerBI\6 Guamá\Tabela 22 – Caracterização Hospitalar – Equip de Manutenção da Vida, Equip de Diagnóstico e Infra - 2025 ri guama.xlsx",Guamá,172,
*Nota: Dados referentes a Outubro/2025.,6 Guamá,22,"Tabela 22 – Caracterização Hospitalar – Equip de Manutenção da Vida, Equip de Diagnóstico e Infra - 2025 ri guama",20,"Tabela 22 – Caracterização Hospitalar – Equip de Manutenção da Vida, Equip de Diagnóstico e Infra - 2025 ri guama","..\..\Desktop\tabelas-powerBI\6 Guamá\Tabela 22 – Caracterização Hospitalar – Equip de Manutenção da Vida, Equip de Diagnóstico e Infra - 2025 ri guama.xlsx",Guamá,172,
RI Guamá,6 Guamá,22,"Tabela 22 – Caracterização Hospitalar – Equip de Manutenção da Vida, Equip de Diagnóstico e Infra - 2025 ri guama",20,"Tabela 22 – Caracterização Hospitalar – Equip de Manutenção da Vida, Equip de Diagnóstico e Infra - 2025 ri guama","..\..\Desktop\tabelas-powerBI\6 Guamá\Tabela 22 – Caracterização Hospitalar – Equip de Manutenção da Vida, Equip de Diagnóstico e Infra - 2025 ri guama.xlsx",Guamá,165,4.0
Castanhal,6 Guamá,22,"Tabela 22 – Caracterização Hospitalar – Equip de Manutenção da Vida, Equip de Diagnóstico e Infra - 2025 ri guama",20,"Tabela 22 – Caracterização Hospitalar – Equip de Manutenção da Vida, Equip de Diagnóstico e Infra - 2025 ri guama","..\..\Desktop\tabelas-powerBI\6 Guamá\Tabela 22 – Caracterização Hospitalar – Equip de Manutenção da Vida, Equip de Diagnóstico e Infra - 2025 ri guama.xlsx",Guamá,165,3.0
Colares,6 Guamá,22,"Tabela 22 – Caracterização Hospitalar – Equip de Manutenção da Vida, Equip de Diagnóstico e Infra - 2025 ri guama",20,"Tabela 22 – Caracterização Hospitalar – Equip de Manutenção da Vida, Equip de Diagnóstico e Infra - 2025 ri guama","..\..\Desktop\tabelas-powerBI\6 Guamá\Tabela 22 – Caracterização Hospitalar – Equip de Manutenção da Vida, Equip de Diagnóstico e Infra - 2025 ri guama.xlsx",Guamá,165,0.0
Curuçá,6 Guamá,22,"Tabela 22 – Caracterização Hospitalar – Equip de Manutenção da Vida, Equip de Diagnóstico e Infra - 2025 ri guama",20,"Tabela 22 – Caracterização Hospitalar – Equip de Manutenção da Vida, Equip de Diagnóstico e Infra - 2025 ri guama","..\..\Desktop\tabelas-powerBI\6 Guamá\Tabela 22 – Caracterização Hospitalar – Equip de Manutenção da Vida, Equip de Diagnóstico e Infra - 2025 ri guama.xlsx",Guamá,165,0.0
Igarapé-Açu,6 Guamá,22,"Tabela 22 – Caracterização Hospitalar – Equip de Manutenção da Vida, Equip de Diagnóstico e Infra - 2025 ri guama",20,"Tabela 22 – Caracterização Hospitalar – Equip de Manutenção da Vida, Equip de Diagnóstico e Infra - 2025 ri guama","..\..\Desktop\tabelas-powerBI\6 Guamá\Tabela 22 – Caracterização Hospitalar – Equip de Manutenção da Vida, Equip de Diagnóstico e Infra - 2025 ri guama.xlsx",Guamá,165,0.0
Inhangapi,6 Guamá,22,"Tabela 22 – Caracterização Hospitalar – Equip de Manutenção da Vida, Equip de Diagnóstico e Infra - 2025 ri guama",20,"Tabela 22 – Caracterização Hospitalar – Equip de Manutenção da Vida, Equip de Diagnóstico e Infra - 2025 ri guama","..\..\Desktop\tabelas-powerBI\6 Guamá\Tabela 22 – Caracterização Hospitalar – Equip de Manutenção da Vida, Equip de Diagnóstico e Infra - 2025 ri guama.xlsx",Guamá,165,0.0
Magalhães Barata,6 Guamá,22,"Tabela 22 – Caracterização Hospitalar – Equip de Manutenção da Vida, Equip de Diagnóstico e Infra - 2025 ri guama",20,"Tabela 22 – Caracterização Hospitalar – Equip de Manutenção da Vida, Equip de Diagnóstico e Infra - 2025 ri guama","..\..\Desktop\tabelas-powerBI\6 Guamá\Tabela 22 – Caracterização Hospitalar – Equip de Manutenção da Vida, Equip de Diagnóstico e Infra - 2025 ri guama.xlsx",Guamá,165,0.0
Maracanã,6 Guamá,22,"Tabela 22 – Caracterização Hospitalar – Equip de Manutenção da Vida, Equip de Diagnóstico e Infra - 2025 ri guama",20,"Tabela 22 – Caracterização Hospitalar – Equip de Manutenção da Vida, Equip de Diagnóstico e Infra - 2025 ri guama","..\..\Desktop\tabelas-powerBI\6 Guamá\Tabela 22 – Caracterização Hospitalar – Equip de Manutenção da Vida, Equip de Diagnóstico e Infra - 2025 ri guama.xlsx",Guamá,165,0.0
Marapanim,6 Guamá,22,"Tabela 22 – Caracterização Hospitalar – Equip de Manutenção da Vida, Equip de Diagnóstico e Infra - 2025 ri guama",20,"Tabela 22 – Caracterização Hospitalar – Equip de Manutenção da Vida, Equip de Diagnóstico e Infra - 2025 ri guama","..\..\Desktop\tabelas-powerBI\6 Guamá\Tabela 22 – Caracterização Hospitalar – Equip de Manutenção da Vida, Equip de Diagnóstico e Infra - 2025 ri guama.xlsx",Guamá,165,0.0
Santa Izabel do Pará,6 Guamá,22,"Tabela 22 – Caracterização Hospitalar – Equip de Manutenção da Vida, Equip de Diagnóstico e Infra - 2025 ri guama",20,"Tabela 22 – Caracterização Hospitalar – Equip de Manutenção da Vida, Equip de Diagnóstico e Infra - 2025 ri guama","..\..\Desktop\tabelas-powerBI\6 Guamá\Tabela 22 – Caracterização Hospitalar – Equip de Manutenção da Vida, Equip de Diagnóstico e Infra - 2025 ri guama.xlsx",Guamá,165,0.0
Santa Maria do Pará,6 Guamá,22,"Tabela 22 – Caracterização Hospitalar – Equip de Manutenção da Vida, Equip de Diagnóstico e Infra - 2025 ri guama",20,"Tabela 22 – Caracterização Hospitalar – Equip de Manutenção da Vida, Equip de Diagnóstico e Infra - 2025 ri guama","..\..\Desktop\tabelas-powerBI\6 Guamá\Tabela 22 – Caracterização Hospitalar – Equip de Manutenção da Vida, Equip de Diagnóstico e Infra - 2025 ri guama.xlsx",Guamá,165,0.0
Santo Antônio do Tauá,6 Guamá,22,"Tabela 22 – Caracterização Hospitalar – Equip de Manutenção da Vida, Equip de Diagnóstico e Infra - 2025 ri guama",20,"Tabela 22 – Caracterização Hospitalar – Equip de Manutenção da Vida, Equip de Diagnóstico e Infra - 2025 ri guama","..\..\Desktop\tabelas-powerBI\6 Guamá\Tabela 22 – Caracterização Hospitalar – Equip de Manutenção da Vida, Equip de Diagnóstico e Infra - 2025 ri guama.xlsx",Guamá,165,0.0
São Caetano de Odivelas,6 Guamá,22,"Tabela 22 – Caracterização Hospitalar – Equip de Manutenção da Vida, Equip de Diagnóstico e Infra - 2025 ri guama",20,"Tabela 22 – Caracterização Hospitalar – Equip de Manutenção da Vida, Equip de Diagnóstico e Infra - 2025 ri guama","..\..\Desktop\tabelas-powerBI\6 Guamá\Tabela 22 – Caracterização Hospitalar – Equip de Manutenção da Vida, Equip de Diagnóstico e Infra - 2025 ri guama.xlsx",Guamá,165,0.0
São Domingos do Capim,6 Guamá,22,"Tabela 22 – Caracterização Hospitalar – Equip de Manutenção da Vida, Equip de Diagnóstico e Infra - 2025 ri guama",20,"Tabela 22 – Caracterização Hospitalar – Equip de Manutenção da Vida, Equip de Diagnóstico e Infra - 2025 ri guama","..\..\Desktop\tabelas-powerBI\6 Guamá\Tabela 22 – Caracterização Hospitalar – Equip de Manutenção da Vida, Equip de Diagnóstico e Infra - 2025 ri guama.xlsx",Guamá,165,0.0
São Francisco do Pará,6 Guamá,22,"Tabela 22 – Caracterização Hospitalar – Equip de Manutenção da Vida, Equip de Diagnóstico e Infra - 2025 ri guama",20,"Tabela 22 – Caracterização Hospitalar – Equip de Manutenção da Vida, Equip de Diagnóstico e Infra - 2025 ri guama","..\..\Desktop\tabelas-powerBI\6 Guamá\Tabela 22 – Caracterização Hospitalar – Equip de Manutenção da Vida, Equip de Diagnóstico e Infra - 2025 ri guama.xlsx",Guamá,165,0.0
São João da Ponta,6 Guamá,22,"Tabela 22 – Caracterização Hospitalar – Equip de Manutenção da Vida, Equip de Diagnóstico e Infra - 2025 ri guama",20,"Tabela 22 – Caracterização Hospitalar – Equip de Manutenção da Vida, Equip de Diagnóstico e Infra - 2025 ri guama","..\..\Desktop\tabelas-powerBI\6 Guamá\Tabela 22 – Caracterização Hospitalar – Equip de Manutenção da Vida, Equip de Diagnóstico e Infra - 2025 ri guama.xlsx",Guamá,165,0.0
São Miguel do Guamá,6 Guamá,22,"Tabela 22 – Caracterização Hospitalar – Equip de Manutenção da Vida, Equip de Diagnóstico e Infra - 2025 ri guama",20,"Tabela 22 – Caracterização Hospitalar – Equip de Manutenção da Vida, Equip de Diagnóstico e Infra - 2025 ri guama","..\..\Desktop\tabelas-powerBI\6 Guamá\Tabela 22 – Caracterização Hospitalar – Equip de Manutenção da Vida, Equip de Diagnóstico e Infra - 2025 ri guama.xlsx",Guamá,165,1.0
Terra Alta,6 Guamá,22,"Tabela 22 – Caracterização Hospitalar – Equip de Manutenção da Vida, Equip de Diagnóstico e Infra - 2025 ri guama",20,"Tabela 22 – Caracterização Hospitalar – Equip de Manutenção da Vida, Equip de Diagnóstico e Infra - 2025 ri guama","..\..\Desktop\tabelas-powerBI\6 Guamá\Tabela 22 – Caracterização Hospitalar – Equip de Manutenção da Vida, Equip de Diagnóstico e Infra - 2025 ri guama.xlsx",Guamá,165,0.0
Vigia,6 Guamá,22,"Tabela 22 – Caracterização Hospitalar – Equip de Manutenção da Vida, Equip de Diagnóstico e Infra - 2025 ri guama",20,"Tabela 22 – Caracterização Hospitalar – Equip de Manutenção da Vida, Equip de Diagnóstico e Infra - 2025 ri guama","..\..\Desktop\tabelas-powerBI\6 Guamá\Tabela 22 – Caracterização Hospitalar – Equip de Manutenção da Vida, Equip de Diagnóstico e Infra - 2025 ri guama.xlsx",Guamá,165,0.0
Fonte: DATASUS,6 Guamá,22,"Tabela 22 – Caracterização Hospitalar – Equip de Manutenção da Vida, Equip de Diagnóstico e Infra - 2025 ri guama",20,"Tabela 22 – Caracterização Hospitalar – Equip de Manutenção da Vida, Equip de Diagnóstico e Infra - 2025 ri guama","..\..\Desktop\tabelas-powerBI\6 Guamá\Tabela 22 – Caracterização Hospitalar – Equip de Manutenção da Vida, Equip de Diagnóstico e Infra - 2025 ri guama.xlsx",Guamá,165,
Elaboração: FAPESPA,6 Guamá,22,"Tabela 22 – Caracterização Hospitalar – Equip de Manutenção da Vida, Equip de Diagnóstico e Infra - 2025 ri guama",20,"Tabela 22 – Caracterização Hospitalar – Equip de Manutenção da Vida, Equip de Diagnóstico e Infra - 2025 ri guama","..\..\Desktop\tabelas-powerBI\6 Guamá\Tabela 22 – Caracterização Hospitalar – Equip de Manutenção da Vida, Equip de Diagnóstico e Infra - 2025 ri guama.xlsx",Guamá,165,
*Nota: Dados referentes a Outubro/2025.,6 Guamá,22,"Tabela 22 – Caracterização Hospitalar – Equip de Manutenção da Vida, Equip de Diagnóstico e Infra - 2025 ri guama",20,"Tabela 22 – Caracterização Hospitalar – Equip de Manutenção da Vida, Equip de Diagnóstico e Infra - 2025 ri guama","..\..\Desktop\tabelas-powerBI\6 Guamá\Tabela 22 – Caracterização Hospitalar – Equip de Manutenção da Vida, Equip de Diagnóstico e Infra - 2025 ri guama.xlsx",Guamá,165,
RI Guamá,6 Guamá,22,"Tabela 22 – Caracterização Hospitalar – Equip de Manutenção da Vida, Equip de Diagnóstico e Infra - 2025 ri guama",20,"Tabela 22 – Caracterização Hospitalar – Equip de Manutenção da Vida, Equip de Diagnóstico e Infra - 2025 ri guama","..\..\Desktop\tabelas-powerBI\6 Guamá\Tabela 22 – Caracterização Hospitalar – Equip de Manutenção da Vida, Equip de Diagnóstico e Infra - 2025 ri guama.xlsx",Guamá,30067,1095.0
Castanhal,6 Guamá,22,"Tabela 22 – Caracterização Hospitalar – Equip de Manutenção da Vida, Equip de Diagnóstico e Infra - 2025 ri guama",20,"Tabela 22 – Caracterização Hospitalar – Equip de Manutenção da Vida, Equip de Diagnóstico e Infra - 2025 ri guama","..\..\Desktop\tabelas-powerBI\6 Guamá\Tabela 22 – Caracterização Hospitalar – Equip de Manutenção da Vida, Equip de Diagnóstico e Infra - 2025 ri guama.xlsx",Guamá,30067,688.0
Colares,6 Guamá,22,"Tabela 22 – Caracterização Hospitalar – Equip de Manutenção da Vida, Equip de Diagnóstico e Infra - 2025 ri guama",20,"Tabela 22 – Caracterização Hospitalar – Equip de Manutenção da Vida, Equip de Diagnóstico e Infra - 2025 ri guama","..\..\Desktop\tabelas-powerBI\6 Guamá\Tabela 22 – Caracterização Hospitalar – Equip de Manutenção da Vida, Equip de Diagnóstico e Infra - 2025 ri guama.xlsx",Guamá,30067,3.0
Curuçá,6 Guamá,22,"Tabela 22 – Caracterização Hospitalar – Equip de Manutenção da Vida, Equip de Diagnóstico e Infra - 2025 ri guama",20,"Tabela 22 – Caracterização Hospitalar – Equip de Manutenção da Vida, Equip de Diagnóstico e Infra - 2025 ri guama","..\..\Desktop\tabelas-powerBI\6 Guamá\Tabela 22 – Caracterização Hospitalar – Equip de Manutenção da Vida, Equip de Diagnóstico e Infra - 2025 ri guama.xlsx",Guamá,30067,14.0
Igarapé-Açu,6 Guamá,22,"Tabela 22 – Caracterização Hospitalar – Equip de Manutenção da Vida, Equip de Diagnóstico e Infra - 2025 ri guama",20,"Tabela 22 – Caracterização Hospitalar – Equip de Manutenção da Vida, Equip de Diagnóstico e Infra - 2025 ri guama","..\..\Desktop\tabelas-powerBI\6 Guamá\Tabela 22 – Caracterização Hospitalar – Equip de Manutenção da Vida, Equip de Diagnóstico e Infra - 2025 ri guama.xlsx",Guamá,30067,22.0
Inhangapi,6 Guamá,22,"Tabela 22 – Caracterização Hospitalar – Equip de Manutenção da Vida, Equip de Diagnóstico e Infra - 2025 ri guama",20,"Tabela 22 – Caracterização Hospitalar – Equip de Manutenção da Vida, Equip de Diagnóstico e Infra - 2025 ri guama","..\..\Desktop\tabelas-powerBI\6 Guamá\Tabela 22 – Caracterização Hospitalar – Equip de Manutenção da Vida, Equip de Diagnóstico e Infra - 2025 ri guama.xlsx",Guamá,30067,4.0
Magalhães Barata,6 Guamá,22,"Tabela 22 – Caracterização Hospitalar – Equip de Manutenção da Vida, Equip de Diagnóstico e Infra - 2025 ri guama",20,"Tabela 22 – Caracterização Hospitalar – Equip de Manutenção da Vida, Equip de Diagnóstico e Infra - 2025 ri guama","..\..\Desktop\tabelas-powerBI\6 Guamá\Tabela 22 – Caracterização Hospitalar – Equip de Manutenção da Vida, Equip de Diagnóstico e Infra - 2025 ri guama.xlsx",Guamá,30067,70.0
Maracanã,6 Guamá,22,"Tabela 22 – Caracterização Hospitalar – Equip de Manutenção da Vida, Equip de Diagnóstico e Infra - 2025 ri guama",20,"Tabela 22 – Caracterização Hospitalar – Equip de Manutenção da Vida, Equip de Diagnóstico e Infra - 2025 ri guama","..\..\Desktop\tabelas-powerBI\6 Guamá\Tabela 22 – Caracterização Hospitalar – Equip de Manutenção da Vida, Equip de Diagnóstico e Infra - 2025 ri guama.xlsx",Guamá,30067,30.0
Marapanim,6 Guamá,22,"Tabela 22 – Caracterização Hospitalar – Equip de Manutenção da Vida, Equip de Diagnóstico e Infra - 2025 ri guama",20,"Tabela 22 – Caracterização Hospitalar – Equip de Manutenção da Vida, Equip de Diagnóstico e Infra - 2025 ri guama","..\..\Desktop\tabelas-powerBI\6 Guamá\Tabela 22 – Caracterização Hospitalar – Equip de Manutenção da Vida, Equip de Diagnóstico e Infra - 2025 ri guama.xlsx",Guamá,30067,4.0
Santa Izabel do Pará,6 Guamá,22,"Tabela 22 – Caracterização Hospitalar – Equip de Manutenção da Vida, Equip de Diagnóstico e Infra - 2025 ri guama",20,"Tabela 22 – Caracterização Hospitalar – Equip de Manutenção da Vida, Equip de Diagnóstico e Infra - 2025 ri guama","..\..\Desktop\tabelas-powerBI\6 Guamá\Tabela 22 – Caracterização Hospitalar – Equip de Manutenção da Vida, Equip de Diagnóstico e Infra - 2025 ri guama.xlsx",Guamá,30067,30.0
Santa Maria do Pará,6 Guamá,22,"Tabela 22 – Caracterização Hospitalar – Equip de Manutenção da Vida, Equip de Diagnóstico e Infra - 2025 ri guama",20,"Tabela 22 – Caracterização Hospitalar – Equip de Manutenção da Vida, Equip de Diagnóstico e Infra - 2025 ri guama","..\..\Desktop\tabelas-powerBI\6 Guamá\Tabela 22 – Caracterização Hospitalar – Equip de Manutenção da Vida, Equip de Diagnóstico e Infra - 2025 ri guama.xlsx",Guamá,30067,19.0
Santo Antônio do Tauá,6 Guamá,22,"Tabela 22 – Caracterização Hospitalar – Equip de Manutenção da Vida, Equip de Diagnóstico e Infra - 2025 ri guama",20,"Tabela 22 – Caracterização Hospitalar – Equip de Manutenção da Vida, Equip de Diagnóstico e Infra - 2025 ri guama","..\..\Desktop\tabelas-powerBI\6 Guamá\Tabela 22 – Caracterização Hospitalar – Equip de Manutenção da Vida, Equip de Diagnóstico e Infra - 2025 ri guama.xlsx",Guamá,30067,15.0
São Caetano de Odivelas,6 Guamá,22,"Tabela 22 – Caracterização Hospitalar – Equip de Manutenção da Vida, Equip de Diagnóstico e Infra - 2025 ri guama",20,"Tabela 22 – Caracterização Hospitalar – Equip de Manutenção da Vida, Equip de Diagnóstico e Infra - 2025 ri guama","..\..\Desktop\tabelas-powerBI\6 Guamá\Tabela 22 – Caracterização Hospitalar – Equip de Manutenção da Vida, Equip de Diagnóstico e Infra - 2025 ri guama.xlsx",Guamá,30067,5.0
São Domingos do Capim,6 Guamá,22,"Tabela 22 – Caracterização Hospitalar – Equip de Manutenção da Vida, Equip de Diagnóstico e Infra - 2025 ri guama",20,"Tabela 22 – Caracterização Hospitalar – Equip de Manutenção da Vida, Equip de Diagnóstico e Infra - 2025 ri guama","..\..\Desktop\tabelas-powerBI\6 Guamá\Tabela 22 – Caracterização Hospitalar – Equip de Manutenção da Vida, Equip de Diagnóstico e Infra - 2025 ri guama.xlsx",Guamá,30067,32.0
São Francisco do Pará,6 Guamá,22,"Tabela 22 – Caracterização Hospitalar – Equip de Manutenção da Vida, Equip de Diagnóstico e Infra - 2025 ri guama",20,"Tabela 22 – Caracterização Hospitalar – Equip de Manutenção da Vida, Equip de Diagnóstico e Infra - 2025 ri guama","..\..\Desktop\tabelas-powerBI\6 Guamá\Tabela 22 – Caracterização Hospitalar – Equip de Manutenção da Vida, Equip de Diagnóstico e Infra - 2025 ri guama.xlsx",Guamá,30067,3.0
São João da Ponta,6 Guamá,22,"Tabela 22 – Caracterização Hospitalar – Equip de Manutenção da Vida, Equip de Diagnóstico e Infra - 2025 ri guama",20,"Tabela 22 – Caracterização Hospitalar – Equip de Manutenção da Vida, Equip de Diagnóstico e Infra - 2025 ri guama","..\..\Desktop\tabelas-powerBI\6 Guamá\Tabela 22 – Caracterização Hospitalar – Equip de Manutenção da Vida, Equip de Diagnóstico e Infra - 2025 ri guama.xlsx",Guamá,30067,2.0
São Miguel do Guamá,6 Guamá,22,"Tabela 22 – Caracterização Hospitalar – Equip de Manutenção da Vida, Equip de Diagnóstico e Infra - 2025 ri guama",20,"Tabela 22 – Caracterização Hospitalar – Equip de Manutenção da Vida, Equip de Diagnóstico e Infra - 2025 ri guama","..\..\Desktop\tabelas-powerBI\6 Guamá\Tabela 22 – Caracterização Hospitalar – Equip de Manutenção da Vida, Equip de Diagnóstico e Infra - 2025 ri guama.xlsx",Guamá,30067,144.0
Terra Alta,6 Guamá,22,"Tabela 22 – Caracterização Hospitalar – Equip de Manutenção da Vida, Equip de Diagnóstico e Infra - 2025 ri guama",20,"Tabela 22 – Caracterização Hospitalar – Equip de Manutenção da Vida, Equip de Diagnóstico e Infra - 2025 ri guama","..\..\Desktop\tabelas-powerBI\6 Guamá\Tabela 22 – Caracterização Hospitalar – Equip de Manutenção da Vida, Equip de Diagnóstico e Infra - 2025 ri guama.xlsx",Guamá,30067,3.0
Vigia,6 Guamá,22,"Tabela 22 – Caracterização Hospitalar – Equip de Manutenção da Vida, Equip de Diagnóstico e Infra - 2025 ri guama",20,"Tabela 22 – Caracterização Hospitalar – Equip de Manutenção da Vida, Equip de Diagnóstico e Infra - 2025 ri guama","..\..\Desktop\tabelas-powerBI\6 Guamá\Tabela 22 – Caracterização Hospitalar – Equip de Manutenção da Vida, Equip de Diagnóstico e Infra - 2025 ri guama.xlsx",Guamá,30067,7.0
Fonte: DATASUS,6 Guamá,22,"Tabela 22 – Caracterização Hospitalar – Equip de Manutenção da Vida, Equip de Diagnóstico e Infra - 2025 ri guama",20,"Tabela 22 – Caracterização Hospitalar – Equip de Manutenção da Vida, Equip de Diagnóstico e Infra - 2025 ri guama","..\..\Desktop\tabelas-powerBI\6 Guamá\Tabela 22 – Caracterização Hospitalar – Equip de Manutenção da Vida, Equip de Diagnóstico e Infra - 2025 ri guama.xlsx",Guamá,30067,
Elaboração: FAPESPA,6 Guamá,22,"Tabela 22 – Caracterização Hospitalar – Equip de Manutenção da Vida, Equip de Diagnóstico e Infra - 2025 ri guama",20,"Tabela 22 – Caracterização Hospitalar – Equip de Manutenção da Vida, Equip de Diagnóstico e Infra - 2025 ri guama","..\..\Desktop\tabelas-powerBI\6 Guamá\Tabela 22 – Caracterização Hospitalar – Equip de Manutenção da Vida, Equip de Diagnóstico e Infra - 2025 ri guama.xlsx",Guamá,30067,
*Nota: Dados referentes a Outubro/2025.,6 Guamá,22,"Tabela 22 – Caracterização Hospitalar – Equip de Manutenção da Vida, Equip de Diagnóstico e Infra - 2025 ri guama",20,"Tabela 22 – Caracterização Hospitalar – Equip de Manutenção da Vida, Equip de Diagnóstico e Infra - 2025 ri guama","..\..\Desktop\tabelas-powerBI\6 Guamá\Tabela 22 – Caracterização Hospitalar – Equip de Manutenção da Vida, Equip de Diagnóstico e Infra - 2025 ri guama.xlsx",Guamá,30067,
RI Guamá,6 Guamá,22,"Tabela 22 – Caracterização Hospitalar – Equip de Manutenção da Vida, Equip de Diagnóstico e Infra - 2025 ri guama",20,"Tabela 22 – Caracterização Hospitalar – Equip de Manutenção da Vida, Equip de Diagnóstico e Infra - 2025 ri guama","..\..\Desktop\tabelas-powerBI\6 Guamá\Tabela 22 – Caracterização Hospitalar – Equip de Manutenção da Vida, Equip de Diagnóstico e Infra - 2025 ri guama.xlsx",Guamá,29020,1091.0
Castanhal,6 Guamá,22,"Tabela 22 – Caracterização Hospitalar – Equip de Manutenção da Vida, Equip de Diagnóstico e Infra - 2025 ri guama",20,"Tabela 22 – Caracterização Hospitalar – Equip de Manutenção da Vida, Equip de Diagnóstico e Infra - 2025 ri guama","..\..\Desktop\tabelas-powerBI\6 Guamá\Tabela 22 – Caracterização Hospitalar – Equip de Manutenção da Vida, Equip de Diagnóstico e Infra - 2025 ri guama.xlsx",Guamá,29020,684.0
Colares,6 Guamá,22,"Tabela 22 – Caracterização Hospitalar – Equip de Manutenção da Vida, Equip de Diagnóstico e Infra - 2025 ri guama",20,"Tabela 22 – Caracterização Hospitalar – Equip de Manutenção da Vida, Equip de Diagnóstico e Infra - 2025 ri guama","..\..\Desktop\tabelas-powerBI\6 Guamá\Tabela 22 – Caracterização Hospitalar – Equip de Manutenção da Vida, Equip de Diagnóstico e Infra - 2025 ri guama.xlsx",Guamá,29020,3.0
Curuçá,6 Guamá,22,"Tabela 22 – Caracterização Hospitalar – Equip de Manutenção da Vida, Equip de Diagnóstico e Infra - 2025 ri guama",20,"Tabela 22 – Caracterização Hospitalar – Equip de Manutenção da Vida, Equip de Diagnóstico e Infra - 2025 ri guama","..\..\Desktop\tabelas-powerBI\6 Guamá\Tabela 22 – Caracterização Hospitalar – Equip de Manutenção da Vida, Equip de Diagnóstico e Infra - 2025 ri guama.xlsx",Guamá,29020,14.0
Igarapé-Açu,6 Guamá,22,"Tabela 22 – Caracterização Hospitalar – Equip de Manutenção da Vida, Equip de Diagnóstico e Infra - 2025 ri guama",20,"Tabela 22 – Caracterização Hospitalar – Equip de Manutenção da Vida, Equip de Diagnóstico e Infra - 2025 ri guama","..\..\Desktop\tabelas-powerBI\6 Guamá\Tabela 22 – Caracterização Hospitalar – Equip de Manutenção da Vida, Equip de Diagnóstico e Infra - 2025 ri guama.xlsx",Guamá,29020,22.0
Inhangapi,6 Guamá,22,"Tabela 22 – Caracterização Hospitalar – Equip de Manutenção da Vida, Equip de Diagnóstico e Infra - 2025 ri guama",20,"Tabela 22 – Caracterização Hospitalar – Equip de Manutenção da Vida, Equip de Diagnóstico e Infra - 2025 ri guama","..\..\Desktop\tabelas-powerBI\6 Guamá\Tabela 22 – Caracterização Hospitalar – Equip de Manutenção da Vida, Equip de Diagnóstico e Infra - 2025 ri guama.xlsx",Guamá,29020,4.0
Magalhães Barata,6 Guamá,22,"Tabela 22 – Caracterização Hospitalar – Equip de Manutenção da Vida, Equip de Diagnóstico e Infra - 2025 ri guama",20,"Tabela 22 – Caracterização Hospitalar – Equip de Manutenção da Vida, Equip de Diagnóstico e Infra - 2025 ri guama","..\..\Desktop\tabelas-powerBI\6 Guamá\Tabela 22 – Caracterização Hospitalar – Equip de Manutenção da Vida, Equip de Diagnóstico e Infra - 2025 ri guama.xlsx",Guamá,29020,70.0
Maracanã,6 Guamá,22,"Tabela 22 – Caracterização Hospitalar – Equip de Manutenção da Vida, Equip de Diagnóstico e Infra - 2025 ri guama",20,"Tabela 22 – Caracterização Hospitalar – Equip de Manutenção da Vida, Equip de Diagnóstico e Infra - 2025 ri guama","..\..\Desktop\tabelas-powerBI\6 Guamá\Tabela 22 – Caracterização Hospitalar – Equip de Manutenção da Vida, Equip de Diagnóstico e Infra - 2025 ri guama.xlsx",Guamá,29020,30.0
Marapanim,6 Guamá,22,"Tabela 22 – Caracterização Hospitalar – Equip de Manutenção da Vida, Equip de Diagnóstico e Infra - 2025 ri guama",20,"Tabela 22 – Caracterização Hospitalar – Equip de Manutenção da Vida, Equip de Diagnóstico e Infra - 2025 ri guama","..\..\Desktop\tabelas-powerBI\6 Guamá\Tabela 22 – Caracterização Hospitalar – Equip de Manutenção da Vida, Equip de Diagnóstico e Infra - 2025 ri guama.xlsx",Guamá,29020,4.0
Santa Izabel do Pará,6 Guamá,22,"Tabela 22 – Caracterização Hospitalar – Equip de Manutenção da Vida, Equip de Diagnóstico e Infra - 2025 ri guama",20,"Tabela 22 – Caracterização Hospitalar – Equip de Manutenção da Vida, Equip de Diagnóstico e Infra - 2025 ri guama","..\..\Desktop\tabelas-powerBI\6 Guamá\Tabela 22 – Caracterização Hospitalar – Equip de Manutenção da Vida, Equip de Diagnóstico e Infra - 2025 ri guama.xlsx",Guamá,29020,30.0
Santa Maria do Pará,6 Guamá,22,"Tabela 22 – Caracterização Hospitalar – Equip de Manutenção da Vida, Equip de Diagnóstico e Infra - 2025 ri guama",20,"Tabela 22 – Caracterização Hospitalar – Equip de Manutenção da Vida, Equip de Diagnóstico e Infra - 2025 ri guama","..\..\Desktop\tabelas-powerBI\6 Guamá\Tabela 22 – Caracterização Hospitalar – Equip de Manutenção da Vida, Equip de Diagnóstico e Infra - 2025 ri guama.xlsx",Guamá,29020,19.0
Santo Antônio do Tauá,6 Guamá,22,"Tabela 22 – Caracterização Hospitalar – Equip de Manutenção da Vida, Equip de Diagnóstico e Infra - 2025 ri guama",20,"Tabela 22 – Caracterização Hospitalar – Equip de Manutenção da Vida, Equip de Diagnóstico e Infra - 2025 ri guama","..\..\Desktop\tabelas-powerBI\6 Guamá\Tabela 22 – Caracterização Hospitalar – Equip de Manutenção da Vida, Equip de Diagnóstico e Infra - 2025 ri guama.xlsx",Guamá,29020,15.0
São Caetano de Odivelas,6 Guamá,22,"Tabela 22 – Caracterização Hospitalar – Equip de Manutenção da Vida, Equip de Diagnóstico e Infra - 2025 ri guama",20,"Tabela 22 – Caracterização Hospitalar – Equip de Manutenção da Vida, Equip de Diagnóstico e Infra - 2025 ri guama","..\..\Desktop\tabelas-powerBI\6 Guamá\Tabela 22 – Caracterização Hospitalar – Equip de Manutenção da Vida, Equip de Diagnóstico e Infra - 2025 ri guama.xlsx",Guamá,29020,5.0
São Domingos do Capim,6 Guamá,22,"Tabela 22 – Caracterização Hospitalar – Equip de Manutenção da Vida, Equip de Diagnóstico e Infra - 2025 ri guama",20,"Tabela 22 – Caracterização Hospitalar – Equip de Manutenção da Vida, Equip de Diagnóstico e Infra - 2025 ri guama","..\..\Desktop\tabelas-powerBI\6 Guamá\Tabela 22 – Caracterização Hospitalar – Equip de Manutenção da Vida, Equip de Diagnóstico e Infra - 2025 ri guama.xlsx",Guamá,29020,32.0
São Francisco do Pará,6 Guamá,22,"Tabela 22 – Caracterização Hospitalar – Equip de Manutenção da Vida, Equip de Diagnóstico e Infra - 2025 ri guama",20,"Tabela 22 – Caracterização Hospitalar – Equip de Manutenção da Vida, Equip de Diagnóstico e Infra - 2025 ri guama","..\..\Desktop\tabelas-powerBI\6 Guamá\Tabela 22 – Caracterização Hospitalar – Equip de Manutenção da Vida, Equip de Diagnóstico e Infra - 2025 ri guama.xlsx",Guamá,29020,3.0
São João da Ponta,6 Guamá,22,"Tabela 22 – Caracterização Hospitalar – Equip de Manutenção da Vida, Equip de Diagnóstico e Infra - 2025 ri guama",20,"Tabela 22 – Caracterização Hospitalar – Equip de Manutenção da Vida, Equip de Diagnóstico e Infra - 2025 ri guama","..\..\Desktop\tabelas-powerBI\6 Guamá\Tabela 22 – Caracterização Hospitalar – Equip de Manutenção da Vida, Equip de Diagnóstico e Infra - 2025 ri guama.xlsx",Guamá,29020,2.0
São Miguel do Guamá,6 Guamá,22,"Tabela 22 – Caracterização Hospitalar – Equip de Manutenção da Vida, Equip de Diagnóstico e Infra - 2025 ri guama",20,"Tabela 22 – Caracterização Hospitalar – Equip de Manutenção da Vida, Equip de Diagnóstico e Infra - 2025 ri guama","..\..\Desktop\tabelas-powerBI\6 Guamá\Tabela 22 – Caracterização Hospitalar – Equip de Manutenção da Vida, Equip de Diagnóstico e Infra - 2025 ri guama.xlsx",Guamá,29020,144.0
Terra Alta,6 Guamá,22,"Tabela 22 – Caracterização Hospitalar – Equip de Manutenção da Vida, Equip de Diagnóstico e Infra - 2025 ri guama",20,"Tabela 22 – Caracterização Hospitalar – Equip de Manutenção da Vida, Equip de Diagnóstico e Infra - 2025 ri guama","..\..\Desktop\tabelas-powerBI\6 Guamá\Tabela 22 – Caracterização Hospitalar – Equip de Manutenção da Vida, Equip de Diagnóstico e Infra - 2025 ri guama.xlsx",Guamá,29020,3.0
Vigia,6 Guamá,22,"Tabela 22 – Caracterização Hospitalar – Equip de Manutenção da Vida, Equip de Diagnóstico e Infra - 2025 ri guama",20,"Tabela 22 – Caracterização Hospitalar – Equip de Manutenção da Vida, Equip de Diagnóstico e Infra - 2025 ri guama","..\..\Desktop\tabelas-powerBI\6 Guamá\Tabela 22 – Caracterização Hospitalar – Equip de Manutenção da Vida, Equip de Diagnóstico e Infra - 2025 ri guama.xlsx",Guamá,29020,7.0
Fonte: DATASUS,6 Guamá,22,"Tabela 22 – Caracterização Hospitalar – Equip de Manutenção da Vida, Equip de Diagnóstico e Infra - 2025 ri guama",20,"Tabela 22 – Caracterização Hospitalar – Equip de Manutenção da Vida, Equip de Diagnóstico e Infra - 2025 ri guama","..\..\Desktop\tabelas-powerBI\6 Guamá\Tabela 22 – Caracterização Hospitalar – Equip de Manutenção da Vida, Equip de Diagnóstico e Infra - 2025 ri guama.xlsx",Guamá,29020,
Elaboração: FAPESPA,6 Guamá,22,"Tabela 22 – Caracterização Hospitalar – Equip de Manutenção da Vida, Equip de Diagnóstico e Infra - 2025 ri guama",20,"Tabela 22 – Caracterização Hospitalar – Equip de Manutenção da Vida, Equip de Diagnóstico e Infra - 2025 ri guama","..\..\Desktop\tabelas-powerBI\6 Guamá\Tabela 22 – Caracterização Hospitalar – Equip de Manutenção da Vida, Equip de Diagnóstico e Infra - 2025 ri guama.xlsx",Guamá,29020,
*Nota: Dados referentes a Outubro/2025.,6 Guamá,22,"Tabela 22 – Caracterização Hospitalar – Equip de Manutenção da Vida, Equip de Diagnóstico e Infra - 2025 ri guama",20,"Tabela 22 – Caracterização Hospitalar – Equip de Manutenção da Vida, Equip de Diagnóstico e Infra - 2025 ri guama","..\..\Desktop\tabelas-powerBI\6 Guamá\Tabela 22 – Caracterização Hospitalar – Equip de Manutenção da Vida, Equip de Diagnóstico e Infra - 2025 ri guama.xlsx",Guamá,29020,
