Par,9274,290432,1084062,45449,148884,233792,17516,1213359,152720,4610,96067,161718,1192224,3751973,7307684,127,2802,12167,regiao,tabela_num,titulo,ano,arquivo,arquivo_path,aba,variavel,valor
RI Guamá,398,10574,23592,187,156,317,125,7400,3169,255,5400,9877,0,0,0,0,0,0,6 Guamá,44,"Área colhida (Hectares), Quantidade Produzida (Toneladas) e Valor (Mil Reais) da Produção por Tipo de Lavoura Temporária - 2024 ri guama",20,"Tabela 44 - Área colhida (Hectares), Quantidade Produzida (Toneladas) e Valor (Mil Reais) da Produção por Tipo de Lavoura Temporária - 2024 ri guama","..\..\Desktop\tabelas-powerBI\6 Guamá\Tabela 44 - Área colhida (Hectares), Quantidade Produzida (Toneladas) e Valor (Mil Reais) da Produção por Tipo de Lavoura Temporária - 2024 ri guama.xlsx",Guamá,21320,1752.0
Castanhal,30,900,1800,-,-,-,-,-,-,-,-,-,-,-,-,-,-,-,6 Guamá,44,"Área colhida (Hectares), Quantidade Produzida (Toneladas) e Valor (Mil Reais) da Produção por Tipo de Lavoura Temporária - 2024 ri guama",20,"Tabela 44 - Área colhida (Hectares), Quantidade Produzida (Toneladas) e Valor (Mil Reais) da Produção por Tipo de Lavoura Temporária - 2024 ri guama","..\..\Desktop\tabelas-powerBI\6 Guamá\Tabela 44 - Área colhida (Hectares), Quantidade Produzida (Toneladas) e Valor (Mil Reais) da Produção por Tipo de Lavoura Temporária - 2024 ri guama.xlsx",Guamá,21320,400.0
Colares,-,-,-,-,-,-,-,-,-,-,-,-,-,-,-,-,-,-,6 Guamá,44,"Área colhida (Hectares), Quantidade Produzida (Toneladas) e Valor (Mil Reais) da Produção por Tipo de Lavoura Temporária - 2024 ri guama",20,"Tabela 44 - Área colhida (Hectares), Quantidade Produzida (Toneladas) e Valor (Mil Reais) da Produção por Tipo de Lavoura Temporária - 2024 ri guama","..\..\Desktop\tabelas-powerBI\6 Guamá\Tabela 44 - Área colhida (Hectares), Quantidade Produzida (Toneladas) e Valor (Mil Reais) da Produção por Tipo de Lavoura Temporária - 2024 ri guama.xlsx",Guamá,21320,5.0
Curuçá,45,1089,2472,-,-,-,-,-,-,35,770,1463,-,-,-,-,-,-,6 Guamá,44,"Área colhida (Hectares), Quantidade Produzida (Toneladas) e Valor (Mil Reais) da Produção por Tipo de Lavoura Temporária - 2024 ri guama",20,"Tabela 44 - Área colhida (Hectares), Quantidade Produzida (Toneladas) e Valor (Mil Reais) da Produção por Tipo de Lavoura Temporária - 2024 ri guama","..\..\Desktop\tabelas-powerBI\6 Guamá\Tabela 44 - Área colhida (Hectares), Quantidade Produzida (Toneladas) e Valor (Mil Reais) da Produção por Tipo de Lavoura Temporária - 2024 ri guama.xlsx",Guamá,21320,20.0
Igarapé-Açu,5,125,276,-,-,-,15,900,428,80,1760,3485,-,-,-,-,-,-,6 Guamá,44,"Área colhida (Hectares), Quantidade Produzida (Toneladas) e Valor (Mil Reais) da Produção por Tipo de Lavoura Temporária - 2024 ri guama",20,"Tabela 44 - Área colhida (Hectares), Quantidade Produzida (Toneladas) e Valor (Mil Reais) da Produção por Tipo de Lavoura Temporária - 2024 ri guama","..\..\Desktop\tabelas-powerBI\6 Guamá\Tabela 44 - Área colhida (Hectares), Quantidade Produzida (Toneladas) e Valor (Mil Reais) da Produção por Tipo de Lavoura Temporária - 2024 ri guama.xlsx",Guamá,21320,80.0
Inhangapi,30,920,1892,5,10,20,-,-,-,-,-,-,-,-,-,-,-,-,6 Guamá,44,"Área colhida (Hectares), Quantidade Produzida (Toneladas) e Valor (Mil Reais) da Produção por Tipo de Lavoura Temporária - 2024 ri guama",20,"Tabela 44 - Área colhida (Hectares), Quantidade Produzida (Toneladas) e Valor (Mil Reais) da Produção por Tipo de Lavoura Temporária - 2024 ri guama","..\..\Desktop\tabelas-powerBI\6 Guamá\Tabela 44 - Área colhida (Hectares), Quantidade Produzida (Toneladas) e Valor (Mil Reais) da Produção por Tipo de Lavoura Temporária - 2024 ri guama.xlsx",Guamá,21320,10.0
Magalhães Barata,-,-,-,10,6,13,-,-,-,-,-,-,-,-,-,-,-,-,6 Guamá,44,"Área colhida (Hectares), Quantidade Produzida (Toneladas) e Valor (Mil Reais) da Produção por Tipo de Lavoura Temporária - 2024 ri guama",20,"Tabela 44 - Área colhida (Hectares), Quantidade Produzida (Toneladas) e Valor (Mil Reais) da Produção por Tipo de Lavoura Temporária - 2024 ri guama","..\..\Desktop\tabelas-powerBI\6 Guamá\Tabela 44 - Área colhida (Hectares), Quantidade Produzida (Toneladas) e Valor (Mil Reais) da Produção por Tipo de Lavoura Temporária - 2024 ri guama.xlsx",Guamá,21320,30.0
Maracanã,20,433,878,40,20,39,-,-,-,30,660,894,-,-,-,-,-,-,6 Guamá,44,"Área colhida (Hectares), Quantidade Produzida (Toneladas) e Valor (Mil Reais) da Produção por Tipo de Lavoura Temporária - 2024 ri guama",20,"Tabela 44 - Área colhida (Hectares), Quantidade Produzida (Toneladas) e Valor (Mil Reais) da Produção por Tipo de Lavoura Temporária - 2024 ri guama","..\..\Desktop\tabelas-powerBI\6 Guamá\Tabela 44 - Área colhida (Hectares), Quantidade Produzida (Toneladas) e Valor (Mil Reais) da Produção por Tipo de Lavoura Temporária - 2024 ri guama.xlsx",Guamá,21320,200.0
Marapanim,13,325,773,20,17,32,-,-,-,60,1320,2767,-,-,-,-,-,-,6 Guamá,44,"Área colhida (Hectares), Quantidade Produzida (Toneladas) e Valor (Mil Reais) da Produção por Tipo de Lavoura Temporária - 2024 ri guama",20,"Tabela 44 - Área colhida (Hectares), Quantidade Produzida (Toneladas) e Valor (Mil Reais) da Produção por Tipo de Lavoura Temporária - 2024 ri guama","..\..\Desktop\tabelas-powerBI\6 Guamá\Tabela 44 - Área colhida (Hectares), Quantidade Produzida (Toneladas) e Valor (Mil Reais) da Produção por Tipo de Lavoura Temporária - 2024 ri guama.xlsx",Guamá,21320,40.0
Santa Izabel do Pará,-,-,-,-,-,-,-,-,-,-,-,-,-,-,-,-,-,-,6 Guamá,44,"Área colhida (Hectares), Quantidade Produzida (Toneladas) e Valor (Mil Reais) da Produção por Tipo de Lavoura Temporária - 2024 ri guama",20,"Tabela 44 - Área colhida (Hectares), Quantidade Produzida (Toneladas) e Valor (Mil Reais) da Produção por Tipo de Lavoura Temporária - 2024 ri guama","..\..\Desktop\tabelas-powerBI\6 Guamá\Tabela 44 - Área colhida (Hectares), Quantidade Produzida (Toneladas) e Valor (Mil Reais) da Produção por Tipo de Lavoura Temporária - 2024 ri guama.xlsx",Guamá,21320,
Santa Maria do Pará,20,600,1297,-,-,-,-,-,-,-,-,-,-,-,-,-,-,-,6 Guamá,44,"Área colhida (Hectares), Quantidade Produzida (Toneladas) e Valor (Mil Reais) da Produção por Tipo de Lavoura Temporária - 2024 ri guama",20,"Tabela 44 - Área colhida (Hectares), Quantidade Produzida (Toneladas) e Valor (Mil Reais) da Produção por Tipo de Lavoura Temporária - 2024 ri guama","..\..\Desktop\tabelas-powerBI\6 Guamá\Tabela 44 - Área colhida (Hectares), Quantidade Produzida (Toneladas) e Valor (Mil Reais) da Produção por Tipo de Lavoura Temporária - 2024 ri guama.xlsx",Guamá,21320,30.0
Santo Antônio do Tauá,20,360,900,-,-,-,-,-,-,-,-,-,-,-,-,-,-,-,6 Guamá,44,"Área colhida (Hectares), Quantidade Produzida (Toneladas) e Valor (Mil Reais) da Produção por Tipo de Lavoura Temporária - 2024 ri guama",20,"Tabela 44 - Área colhida (Hectares), Quantidade Produzida (Toneladas) e Valor (Mil Reais) da Produção por Tipo de Lavoura Temporária - 2024 ri guama","..\..\Desktop\tabelas-powerBI\6 Guamá\Tabela 44 - Área colhida (Hectares), Quantidade Produzida (Toneladas) e Valor (Mil Reais) da Produção por Tipo de Lavoura Temporária - 2024 ri guama.xlsx",Guamá,21320,
São Caetano de Odivelas,30,660,1320,50,45,90,10,500,150,30,450,675,-,-,-,-,-,-,6 Guamá,44,"Área colhida (Hectares), Quantidade Produzida (Toneladas) e Valor (Mil Reais) da Produção por Tipo de Lavoura Temporária - 2024 ri guama",20,"Tabela 44 - Área colhida (Hectares), Quantidade Produzida (Toneladas) e Valor (Mil Reais) da Produção por Tipo de Lavoura Temporária - 2024 ri guama","..\..\Desktop\tabelas-powerBI\6 Guamá\Tabela 44 - Área colhida (Hectares), Quantidade Produzida (Toneladas) e Valor (Mil Reais) da Produção por Tipo de Lavoura Temporária - 2024 ri guama.xlsx",Guamá,21320,30.0
São Domingos do Capim,-,-,-,50,52,105,-,-,-,-,-,-,-,-,-,-,-,-,6 Guamá,44,"Área colhida (Hectares), Quantidade Produzida (Toneladas) e Valor (Mil Reais) da Produção por Tipo de Lavoura Temporária - 2024 ri guama",20,"Tabela 44 - Área colhida (Hectares), Quantidade Produzida (Toneladas) e Valor (Mil Reais) da Produção por Tipo de Lavoura Temporária - 2024 ri guama","..\..\Desktop\tabelas-powerBI\6 Guamá\Tabela 44 - Área colhida (Hectares), Quantidade Produzida (Toneladas) e Valor (Mil Reais) da Produção por Tipo de Lavoura Temporária - 2024 ri guama.xlsx",Guamá,21320,300.0
São Francisco do Pará,15,325,685,-,-,-,100,6000,2591,20,440,593,-,-,-,-,-,-,6 Guamá,44,"Área colhida (Hectares), Quantidade Produzida (Toneladas) e Valor (Mil Reais) da Produção por Tipo de Lavoura Temporária - 2024 ri guama",20,"Tabela 44 - Área colhida (Hectares), Quantidade Produzida (Toneladas) e Valor (Mil Reais) da Produção por Tipo de Lavoura Temporária - 2024 ri guama","..\..\Desktop\tabelas-powerBI\6 Guamá\Tabela 44 - Área colhida (Hectares), Quantidade Produzida (Toneladas) e Valor (Mil Reais) da Produção por Tipo de Lavoura Temporária - 2024 ri guama.xlsx",Guamá,21320,80.0
São João da Ponta,80,2400,6036,12,6,18,-,-,-,-,-,-,-,-,-,-,-,-,6 Guamá,44,"Área colhida (Hectares), Quantidade Produzida (Toneladas) e Valor (Mil Reais) da Produção por Tipo de Lavoura Temporária - 2024 ri guama",20,"Tabela 44 - Área colhida (Hectares), Quantidade Produzida (Toneladas) e Valor (Mil Reais) da Produção por Tipo de Lavoura Temporária - 2024 ri guama","..\..\Desktop\tabelas-powerBI\6 Guamá\Tabela 44 - Área colhida (Hectares), Quantidade Produzida (Toneladas) e Valor (Mil Reais) da Produção por Tipo de Lavoura Temporária - 2024 ri guama.xlsx",Guamá,21320,20.0
São Miguel do Guamá,70,1890,3935,-,-,-,-,-,-,-,-,-,-,-,-,-,-,-,6 Guamá,44,"Área colhida (Hectares), Quantidade Produzida (Toneladas) e Valor (Mil Reais) da Produção por Tipo de Lavoura Temporária - 2024 ri guama",20,"Tabela 44 - Área colhida (Hectares), Quantidade Produzida (Toneladas) e Valor (Mil Reais) da Produção por Tipo de Lavoura Temporária - 2024 ri guama","..\..\Desktop\tabelas-powerBI\6 Guamá\Tabela 44 - Área colhida (Hectares), Quantidade Produzida (Toneladas) e Valor (Mil Reais) da Produção por Tipo de Lavoura Temporária - 2024 ri guama.xlsx",Guamá,21320,500.0
Terra Alta,10,297,705,-,-,-,-,-,-,-,-,-,-,-,-,-,-,-,6 Guamá,44,"Área colhida (Hectares), Quantidade Produzida (Toneladas) e Valor (Mil Reais) da Produção por Tipo de Lavoura Temporária - 2024 ri guama",20,"Tabela 44 - Área colhida (Hectares), Quantidade Produzida (Toneladas) e Valor (Mil Reais) da Produção por Tipo de Lavoura Temporária - 2024 ri guama","..\..\Desktop\tabelas-powerBI\6 Guamá\Tabela 44 - Área colhida (Hectares), Quantidade Produzida (Toneladas) e Valor (Mil Reais) da Produção por Tipo de Lavoura Temporária - 2024 ri guama.xlsx",Guamá,21320,7.0
Vigia,10,250,623,-,-,-,-,-,-,-,-,-,-,-,-,-,-,-,6 Guamá,44,"Área colhida (Hectares), Quantidade Produzida (Toneladas) e Valor (Mil Reais) da Produção por Tipo de Lavoura Temporária - 2024 ri guama",20,"Tabela 44 - Área colhida (Hectares), Quantidade Produzida (Toneladas) e Valor (Mil Reais) da Produção por Tipo de Lavoura Temporária - 2024 ri guama","..\..\Desktop\tabelas-powerBI\6 Guamá\Tabela 44 - Área colhida (Hectares), Quantidade Produzida (Toneladas) e Valor (Mil Reais) da Produção por Tipo de Lavoura Temporária - 2024 ri guama.xlsx",Guamá,21320,
Fonte: IBGE/PAM,,,,,,,,,,,,,,,,,,,6 Guamá,44,"Área colhida (Hectares), Quantidade Produzida (Toneladas) e Valor (Mil Reais) da Produção por Tipo de Lavoura Temporária - 2024 ri guama",20,"Tabela 44 - Área colhida (Hectares), Quantidade Produzida (Toneladas) e Valor (Mil Reais) da Produção por Tipo de Lavoura Temporária - 2024 ri guama","..\..\Desktop\tabelas-powerBI\6 Guamá\Tabela 44 - Área colhida (Hectares), Quantidade Produzida (Toneladas) e Valor (Mil Reais) da Produção por Tipo de Lavoura Temporária - 2024 ri guama.xlsx",Guamá,21320,
Elaboração: FAPESPA,,,,,,,,,,,,,,,,,,,6 Guamá,44,"Área colhida (Hectares), Quantidade Produzida (Toneladas) e Valor (Mil Reais) da Produção por Tipo de Lavoura Temporária - 2024 ri guama",20,"Tabela 44 - Área colhida (Hectares), Quantidade Produzida (Toneladas) e Valor (Mil Reais) da Produção por Tipo de Lavoura Temporária - 2024 ri guama","..\..\Desktop\tabelas-powerBI\6 Guamá\Tabela 44 - Área colhida (Hectares), Quantidade Produzida (Toneladas) e Valor (Mil Reais) da Produção por Tipo de Lavoura Temporária - 2024 ri guama.xlsx",Guamá,21320,
Nota: A quantidade produzida de abacaxi é expressa em mil frutos,,,,,,,,,,,,,,,,,,,6 Guamá,44,"Área colhida (Hectares), Quantidade Produzida (Toneladas) e Valor (Mil Reais) da Produção por Tipo de Lavoura Temporária - 2024 ri guama",20,"Tabela 44 - Área colhida (Hectares), Quantidade Produzida (Toneladas) e Valor (Mil Reais) da Produção por Tipo de Lavoura Temporária - 2024 ri guama","..\..\Desktop\tabelas-powerBI\6 Guamá\Tabela 44 - Área colhida (Hectares), Quantidade Produzida (Toneladas) e Valor (Mil Reais) da Produção por Tipo de Lavoura Temporária - 2024 ri guama.xlsx",Guamá,21320,
RI Guamá,398,10574,23592,187,156,317,125,7400,3169,255,5400,9877,0,0,0,0,0,0,6 Guamá,44,"Área colhida (Hectares), Quantidade Produzida (Toneladas) e Valor (Mil Reais) da Produção por Tipo de Lavoura Temporária - 2024 ri guama",20,"Tabela 44 - Área colhida (Hectares), Quantidade Produzida (Toneladas) e Valor (Mil Reais) da Produção por Tipo de Lavoura Temporária - 2024 ri guama","..\..\Desktop\tabelas-powerBI\6 Guamá\Tabela 44 - Área colhida (Hectares), Quantidade Produzida (Toneladas) e Valor (Mil Reais) da Produção por Tipo de Lavoura Temporária - 2024 ri guama.xlsx",Guamá,15601,1320.0
Castanhal,30,900,1800,-,-,-,-,-,-,-,-,-,-,-,-,-,-,-,6 Guamá,44,"Área colhida (Hectares), Quantidade Produzida (Toneladas) e Valor (Mil Reais) da Produção por Tipo de Lavoura Temporária - 2024 ri guama",20,"Tabela 44 - Área colhida (Hectares), Quantidade Produzida (Toneladas) e Valor (Mil Reais) da Produção por Tipo de Lavoura Temporária - 2024 ri guama","..\..\Desktop\tabelas-powerBI\6 Guamá\Tabela 44 - Área colhida (Hectares), Quantidade Produzida (Toneladas) e Valor (Mil Reais) da Produção por Tipo de Lavoura Temporária - 2024 ri guama.xlsx",Guamá,15601,286.0
Colares,-,-,-,-,-,-,-,-,-,-,-,-,-,-,-,-,-,-,6 Guamá,44,"Área colhida (Hectares), Quantidade Produzida (Toneladas) e Valor (Mil Reais) da Produção por Tipo de Lavoura Temporária - 2024 ri guama",20,"Tabela 44 - Área colhida (Hectares), Quantidade Produzida (Toneladas) e Valor (Mil Reais) da Produção por Tipo de Lavoura Temporária - 2024 ri guama","..\..\Desktop\tabelas-powerBI\6 Guamá\Tabela 44 - Área colhida (Hectares), Quantidade Produzida (Toneladas) e Valor (Mil Reais) da Produção por Tipo de Lavoura Temporária - 2024 ri guama.xlsx",Guamá,15601,3.0
Curuçá,45,1089,2472,-,-,-,-,-,-,35,770,1463,-,-,-,-,-,-,6 Guamá,44,"Área colhida (Hectares), Quantidade Produzida (Toneladas) e Valor (Mil Reais) da Produção por Tipo de Lavoura Temporária - 2024 ri guama",20,"Tabela 44 - Área colhida (Hectares), Quantidade Produzida (Toneladas) e Valor (Mil Reais) da Produção por Tipo de Lavoura Temporária - 2024 ri guama","..\..\Desktop\tabelas-powerBI\6 Guamá\Tabela 44 - Área colhida (Hectares), Quantidade Produzida (Toneladas) e Valor (Mil Reais) da Produção por Tipo de Lavoura Temporária - 2024 ri guama.xlsx",Guamá,15601,16.0
Igarapé-Açu,5,125,276,-,-,-,15,900,428,80,1760,3485,-,-,-,-,-,-,6 Guamá,44,"Área colhida (Hectares), Quantidade Produzida (Toneladas) e Valor (Mil Reais) da Produção por Tipo de Lavoura Temporária - 2024 ri guama",20,"Tabela 44 - Área colhida (Hectares), Quantidade Produzida (Toneladas) e Valor (Mil Reais) da Produção por Tipo de Lavoura Temporária - 2024 ri guama","..\..\Desktop\tabelas-powerBI\6 Guamá\Tabela 44 - Área colhida (Hectares), Quantidade Produzida (Toneladas) e Valor (Mil Reais) da Produção por Tipo de Lavoura Temporária - 2024 ri guama.xlsx",Guamá,15601,72.0
Inhangapi,30,920,1892,5,10,20,-,-,-,-,-,-,-,-,-,-,-,-,6 Guamá,44,"Área colhida (Hectares), Quantidade Produzida (Toneladas) e Valor (Mil Reais) da Produção por Tipo de Lavoura Temporária - 2024 ri guama",20,"Tabela 44 - Área colhida (Hectares), Quantidade Produzida (Toneladas) e Valor (Mil Reais) da Produção por Tipo de Lavoura Temporária - 2024 ri guama","..\..\Desktop\tabelas-powerBI\6 Guamá\Tabela 44 - Área colhida (Hectares), Quantidade Produzida (Toneladas) e Valor (Mil Reais) da Produção por Tipo de Lavoura Temporária - 2024 ri guama.xlsx",Guamá,15601,6.0
Magalhães Barata,-,-,-,10,6,13,-,-,-,-,-,-,-,-,-,-,-,-,6 Guamá,44,"Área colhida (Hectares), Quantidade Produzida (Toneladas) e Valor (Mil Reais) da Produção por Tipo de Lavoura Temporária - 2024 ri guama",20,"Tabela 44 - Área colhida (Hectares), Quantidade Produzida (Toneladas) e Valor (Mil Reais) da Produção por Tipo de Lavoura Temporária - 2024 ri guama","..\..\Desktop\tabelas-powerBI\6 Guamá\Tabela 44 - Área colhida (Hectares), Quantidade Produzida (Toneladas) e Valor (Mil Reais) da Produção por Tipo de Lavoura Temporária - 2024 ri guama.xlsx",Guamá,15601,17.0
Maracanã,20,433,878,40,20,39,-,-,-,30,660,894,-,-,-,-,-,-,6 Guamá,44,"Área colhida (Hectares), Quantidade Produzida (Toneladas) e Valor (Mil Reais) da Produção por Tipo de Lavoura Temporária - 2024 ri guama",20,"Tabela 44 - Área colhida (Hectares), Quantidade Produzida (Toneladas) e Valor (Mil Reais) da Produção por Tipo de Lavoura Temporária - 2024 ri guama","..\..\Desktop\tabelas-powerBI\6 Guamá\Tabela 44 - Área colhida (Hectares), Quantidade Produzida (Toneladas) e Valor (Mil Reais) da Produção por Tipo de Lavoura Temporária - 2024 ri guama.xlsx",Guamá,15601,140.0
Marapanim,13,325,773,20,17,32,-,-,-,60,1320,2767,-,-,-,-,-,-,6 Guamá,44,"Área colhida (Hectares), Quantidade Produzida (Toneladas) e Valor (Mil Reais) da Produção por Tipo de Lavoura Temporária - 2024 ri guama",20,"Tabela 44 - Área colhida (Hectares), Quantidade Produzida (Toneladas) e Valor (Mil Reais) da Produção por Tipo de Lavoura Temporária - 2024 ri guama","..\..\Desktop\tabelas-powerBI\6 Guamá\Tabela 44 - Área colhida (Hectares), Quantidade Produzida (Toneladas) e Valor (Mil Reais) da Produção por Tipo de Lavoura Temporária - 2024 ri guama.xlsx",Guamá,15601,35.0
Santa Izabel do Pará,-,-,-,-,-,-,-,-,-,-,-,-,-,-,-,-,-,-,6 Guamá,44,"Área colhida (Hectares), Quantidade Produzida (Toneladas) e Valor (Mil Reais) da Produção por Tipo de Lavoura Temporária - 2024 ri guama",20,"Tabela 44 - Área colhida (Hectares), Quantidade Produzida (Toneladas) e Valor (Mil Reais) da Produção por Tipo de Lavoura Temporária - 2024 ri guama","..\..\Desktop\tabelas-powerBI\6 Guamá\Tabela 44 - Área colhida (Hectares), Quantidade Produzida (Toneladas) e Valor (Mil Reais) da Produção por Tipo de Lavoura Temporária - 2024 ri guama.xlsx",Guamá,15601,
Santa Maria do Pará,20,600,1297,-,-,-,-,-,-,-,-,-,-,-,-,-,-,-,6 Guamá,44,"Área colhida (Hectares), Quantidade Produzida (Toneladas) e Valor (Mil Reais) da Produção por Tipo de Lavoura Temporária - 2024 ri guama",20,"Tabela 44 - Área colhida (Hectares), Quantidade Produzida (Toneladas) e Valor (Mil Reais) da Produção por Tipo de Lavoura Temporária - 2024 ri guama","..\..\Desktop\tabelas-powerBI\6 Guamá\Tabela 44 - Área colhida (Hectares), Quantidade Produzida (Toneladas) e Valor (Mil Reais) da Produção por Tipo de Lavoura Temporária - 2024 ri guama.xlsx",Guamá,15601,26.0
Santo Antônio do Tauá,20,360,900,-,-,-,-,-,-,-,-,-,-,-,-,-,-,-,6 Guamá,44,"Área colhida (Hectares), Quantidade Produzida (Toneladas) e Valor (Mil Reais) da Produção por Tipo de Lavoura Temporária - 2024 ri guama",20,"Tabela 44 - Área colhida (Hectares), Quantidade Produzida (Toneladas) e Valor (Mil Reais) da Produção por Tipo de Lavoura Temporária - 2024 ri guama","..\..\Desktop\tabelas-powerBI\6 Guamá\Tabela 44 - Área colhida (Hectares), Quantidade Produzida (Toneladas) e Valor (Mil Reais) da Produção por Tipo de Lavoura Temporária - 2024 ri guama.xlsx",Guamá,15601,
São Caetano de Odivelas,30,660,1320,50,45,90,10,500,150,30,450,675,-,-,-,-,-,-,6 Guamá,44,"Área colhida (Hectares), Quantidade Produzida (Toneladas) e Valor (Mil Reais) da Produção por Tipo de Lavoura Temporária - 2024 ri guama",20,"Tabela 44 - Área colhida (Hectares), Quantidade Produzida (Toneladas) e Valor (Mil Reais) da Produção por Tipo de Lavoura Temporária - 2024 ri guama","..\..\Desktop\tabelas-powerBI\6 Guamá\Tabela 44 - Área colhida (Hectares), Quantidade Produzida (Toneladas) e Valor (Mil Reais) da Produção por Tipo de Lavoura Temporária - 2024 ri guama.xlsx",Guamá,15601,27.0
São Domingos do Capim,-,-,-,50,52,105,-,-,-,-,-,-,-,-,-,-,-,-,6 Guamá,44,"Área colhida (Hectares), Quantidade Produzida (Toneladas) e Valor (Mil Reais) da Produção por Tipo de Lavoura Temporária - 2024 ri guama",20,"Tabela 44 - Área colhida (Hectares), Quantidade Produzida (Toneladas) e Valor (Mil Reais) da Produção por Tipo de Lavoura Temporária - 2024 ri guama","..\..\Desktop\tabelas-powerBI\6 Guamá\Tabela 44 - Área colhida (Hectares), Quantidade Produzida (Toneladas) e Valor (Mil Reais) da Produção por Tipo de Lavoura Temporária - 2024 ri guama.xlsx",Guamá,15601,266.0
São Francisco do Pará,15,325,685,-,-,-,100,6000,2591,20,440,593,-,-,-,-,-,-,6 Guamá,44,"Área colhida (Hectares), Quantidade Produzida (Toneladas) e Valor (Mil Reais) da Produção por Tipo de Lavoura Temporária - 2024 ri guama",20,"Tabela 44 - Área colhida (Hectares), Quantidade Produzida (Toneladas) e Valor (Mil Reais) da Produção por Tipo de Lavoura Temporária - 2024 ri guama","..\..\Desktop\tabelas-powerBI\6 Guamá\Tabela 44 - Área colhida (Hectares), Quantidade Produzida (Toneladas) e Valor (Mil Reais) da Produção por Tipo de Lavoura Temporária - 2024 ri guama.xlsx",Guamá,15601,56.0
São João da Ponta,80,2400,6036,12,6,18,-,-,-,-,-,-,-,-,-,-,-,-,6 Guamá,44,"Área colhida (Hectares), Quantidade Produzida (Toneladas) e Valor (Mil Reais) da Produção por Tipo de Lavoura Temporária - 2024 ri guama",20,"Tabela 44 - Área colhida (Hectares), Quantidade Produzida (Toneladas) e Valor (Mil Reais) da Produção por Tipo de Lavoura Temporária - 2024 ri guama","..\..\Desktop\tabelas-powerBI\6 Guamá\Tabela 44 - Área colhida (Hectares), Quantidade Produzida (Toneladas) e Valor (Mil Reais) da Produção por Tipo de Lavoura Temporária - 2024 ri guama.xlsx",Guamá,15601,16.0
São Miguel do Guamá,70,1890,3935,-,-,-,-,-,-,-,-,-,-,-,-,-,-,-,6 Guamá,44,"Área colhida (Hectares), Quantidade Produzida (Toneladas) e Valor (Mil Reais) da Produção por Tipo de Lavoura Temporária - 2024 ri guama",20,"Tabela 44 - Área colhida (Hectares), Quantidade Produzida (Toneladas) e Valor (Mil Reais) da Produção por Tipo de Lavoura Temporária - 2024 ri guama","..\..\Desktop\tabelas-powerBI\6 Guamá\Tabela 44 - Área colhida (Hectares), Quantidade Produzida (Toneladas) e Valor (Mil Reais) da Produção por Tipo de Lavoura Temporária - 2024 ri guama.xlsx",Guamá,15601,350.0
Terra Alta,10,297,705,-,-,-,-,-,-,-,-,-,-,-,-,-,-,-,6 Guamá,44,"Área colhida (Hectares), Quantidade Produzida (Toneladas) e Valor (Mil Reais) da Produção por Tipo de Lavoura Temporária - 2024 ri guama",20,"Tabela 44 - Área colhida (Hectares), Quantidade Produzida (Toneladas) e Valor (Mil Reais) da Produção por Tipo de Lavoura Temporária - 2024 ri guama","..\..\Desktop\tabelas-powerBI\6 Guamá\Tabela 44 - Área colhida (Hectares), Quantidade Produzida (Toneladas) e Valor (Mil Reais) da Produção por Tipo de Lavoura Temporária - 2024 ri guama.xlsx",Guamá,15601,4.0
Vigia,10,250,623,-,-,-,-,-,-,-,-,-,-,-,-,-,-,-,6 Guamá,44,"Área colhida (Hectares), Quantidade Produzida (Toneladas) e Valor (Mil Reais) da Produção por Tipo de Lavoura Temporária - 2024 ri guama",20,"Tabela 44 - Área colhida (Hectares), Quantidade Produzida (Toneladas) e Valor (Mil Reais) da Produção por Tipo de Lavoura Temporária - 2024 ri guama","..\..\Desktop\tabelas-powerBI\6 Guamá\Tabela 44 - Área colhida (Hectares), Quantidade Produzida (Toneladas) e Valor (Mil Reais) da Produção por Tipo de Lavoura Temporária - 2024 ri guama.xlsx",Guamá,15601,
Fonte: IBGE/PAM,,,,,,,,,,,,,,,,,,,6 Guamá,44,"Área colhida (Hectares), Quantidade Produzida (Toneladas) e Valor (Mil Reais) da Produção por Tipo de Lavoura Temporária - 2024 ri guama",20,"Tabela 44 - Área colhida (Hectares), Quantidade Produzida (Toneladas) e Valor (Mil Reais) da Produção por Tipo de Lavoura Temporária - 2024 ri guama","..\..\Desktop\tabelas-powerBI\6 Guamá\Tabela 44 - Área colhida (Hectares), Quantidade Produzida (Toneladas) e Valor (Mil Reais) da Produção por Tipo de Lavoura Temporária - 2024 ri guama.xlsx",Guamá,15601,
Elaboração: FAPESPA,,,,,,,,,,,,,,,,,,,6 Guamá,44,"Área colhida (Hectares), Quantidade Produzida (Toneladas) e Valor (Mil Reais) da Produção por Tipo de Lavoura Temporária - 2024 ri guama",20,"Tabela 44 - Área colhida (Hectares), Quantidade Produzida (Toneladas) e Valor (Mil Reais) da Produção por Tipo de Lavoura Temporária - 2024 ri guama","..\..\Desktop\tabelas-powerBI\6 Guamá\Tabela 44 - Área colhida (Hectares), Quantidade Produzida (Toneladas) e Valor (Mil Reais) da Produção por Tipo de Lavoura Temporária - 2024 ri guama.xlsx",Guamá,15601,
Nota: A quantidade produzida de abacaxi é expressa em mil frutos,,,,,,,,,,,,,,,,,,,6 Guamá,44,"Área colhida (Hectares), Quantidade Produzida (Toneladas) e Valor (Mil Reais) da Produção por Tipo de Lavoura Temporária - 2024 ri guama",20,"Tabela 44 - Área colhida (Hectares), Quantidade Produzida (Toneladas) e Valor (Mil Reais) da Produção por Tipo de Lavoura Temporária - 2024 ri guama","..\..\Desktop\tabelas-powerBI\6 Guamá\Tabela 44 - Área colhida (Hectares), Quantidade Produzida (Toneladas) e Valor (Mil Reais) da Produção por Tipo de Lavoura Temporária - 2024 ri guama.xlsx",Guamá,15601,
RI Guamá,398,10574,23592,187,156,317,125,7400,3169,255,5400,9877,0,0,0,0,0,0,6 Guamá,44,"Área colhida (Hectares), Quantidade Produzida (Toneladas) e Valor (Mil Reais) da Produção por Tipo de Lavoura Temporária - 2024 ri guama",20,"Tabela 44 - Área colhida (Hectares), Quantidade Produzida (Toneladas) e Valor (Mil Reais) da Produção por Tipo de Lavoura Temporária - 2024 ri guama","..\..\Desktop\tabelas-powerBI\6 Guamá\Tabela 44 - Área colhida (Hectares), Quantidade Produzida (Toneladas) e Valor (Mil Reais) da Produção por Tipo de Lavoura Temporária - 2024 ri guama.xlsx",Guamá,70569,6743.0
Castanhal,30,900,1800,-,-,-,-,-,-,-,-,-,-,-,-,-,-,-,6 Guamá,44,"Área colhida (Hectares), Quantidade Produzida (Toneladas) e Valor (Mil Reais) da Produção por Tipo de Lavoura Temporária - 2024 ri guama",20,"Tabela 44 - Área colhida (Hectares), Quantidade Produzida (Toneladas) e Valor (Mil Reais) da Produção por Tipo de Lavoura Temporária - 2024 ri guama","..\..\Desktop\tabelas-powerBI\6 Guamá\Tabela 44 - Área colhida (Hectares), Quantidade Produzida (Toneladas) e Valor (Mil Reais) da Produção por Tipo de Lavoura Temporária - 2024 ri guama.xlsx",Guamá,70569,1413.0
Colares,-,-,-,-,-,-,-,-,-,-,-,-,-,-,-,-,-,-,6 Guamá,44,"Área colhida (Hectares), Quantidade Produzida (Toneladas) e Valor (Mil Reais) da Produção por Tipo de Lavoura Temporária - 2024 ri guama",20,"Tabela 44 - Área colhida (Hectares), Quantidade Produzida (Toneladas) e Valor (Mil Reais) da Produção por Tipo de Lavoura Temporária - 2024 ri guama","..\..\Desktop\tabelas-powerBI\6 Guamá\Tabela 44 - Área colhida (Hectares), Quantidade Produzida (Toneladas) e Valor (Mil Reais) da Produção por Tipo de Lavoura Temporária - 2024 ri guama.xlsx",Guamá,70569,12.0
Curuçá,45,1089,2472,-,-,-,-,-,-,35,770,1463,-,-,-,-,-,-,6 Guamá,44,"Área colhida (Hectares), Quantidade Produzida (Toneladas) e Valor (Mil Reais) da Produção por Tipo de Lavoura Temporária - 2024 ri guama",20,"Tabela 44 - Área colhida (Hectares), Quantidade Produzida (Toneladas) e Valor (Mil Reais) da Produção por Tipo de Lavoura Temporária - 2024 ri guama","..\..\Desktop\tabelas-powerBI\6 Guamá\Tabela 44 - Área colhida (Hectares), Quantidade Produzida (Toneladas) e Valor (Mil Reais) da Produção por Tipo de Lavoura Temporária - 2024 ri guama.xlsx",Guamá,70569,78.0
Igarapé-Açu,5,125,276,-,-,-,15,900,428,80,1760,3485,-,-,-,-,-,-,6 Guamá,44,"Área colhida (Hectares), Quantidade Produzida (Toneladas) e Valor (Mil Reais) da Produção por Tipo de Lavoura Temporária - 2024 ri guama",20,"Tabela 44 - Área colhida (Hectares), Quantidade Produzida (Toneladas) e Valor (Mil Reais) da Produção por Tipo de Lavoura Temporária - 2024 ri guama","..\..\Desktop\tabelas-powerBI\6 Guamá\Tabela 44 - Área colhida (Hectares), Quantidade Produzida (Toneladas) e Valor (Mil Reais) da Produção por Tipo de Lavoura Temporária - 2024 ri guama.xlsx",Guamá,70569,416.0
Inhangapi,30,920,1892,5,10,20,-,-,-,-,-,-,-,-,-,-,-,-,6 Guamá,44,"Área colhida (Hectares), Quantidade Produzida (Toneladas) e Valor (Mil Reais) da Produção por Tipo de Lavoura Temporária - 2024 ri guama",20,"Tabela 44 - Área colhida (Hectares), Quantidade Produzida (Toneladas) e Valor (Mil Reais) da Produção por Tipo de Lavoura Temporária - 2024 ri guama","..\..\Desktop\tabelas-powerBI\6 Guamá\Tabela 44 - Área colhida (Hectares), Quantidade Produzida (Toneladas) e Valor (Mil Reais) da Produção por Tipo de Lavoura Temporária - 2024 ri guama.xlsx",Guamá,70569,29.0
Magalhães Barata,-,-,-,10,6,13,-,-,-,-,-,-,-,-,-,-,-,-,6 Guamá,44,"Área colhida (Hectares), Quantidade Produzida (Toneladas) e Valor (Mil Reais) da Produção por Tipo de Lavoura Temporária - 2024 ri guama",20,"Tabela 44 - Área colhida (Hectares), Quantidade Produzida (Toneladas) e Valor (Mil Reais) da Produção por Tipo de Lavoura Temporária - 2024 ri guama","..\..\Desktop\tabelas-powerBI\6 Guamá\Tabela 44 - Área colhida (Hectares), Quantidade Produzida (Toneladas) e Valor (Mil Reais) da Produção por Tipo de Lavoura Temporária - 2024 ri guama.xlsx",Guamá,70569,86.0
Maracanã,20,433,878,40,20,39,-,-,-,30,660,894,-,-,-,-,-,-,6 Guamá,44,"Área colhida (Hectares), Quantidade Produzida (Toneladas) e Valor (Mil Reais) da Produção por Tipo de Lavoura Temporária - 2024 ri guama",20,"Tabela 44 - Área colhida (Hectares), Quantidade Produzida (Toneladas) e Valor (Mil Reais) da Produção por Tipo de Lavoura Temporária - 2024 ri guama","..\..\Desktop\tabelas-powerBI\6 Guamá\Tabela 44 - Área colhida (Hectares), Quantidade Produzida (Toneladas) e Valor (Mil Reais) da Produção por Tipo de Lavoura Temporária - 2024 ri guama.xlsx",Guamá,70569,680.0
Marapanim,13,325,773,20,17,32,-,-,-,60,1320,2767,-,-,-,-,-,-,6 Guamá,44,"Área colhida (Hectares), Quantidade Produzida (Toneladas) e Valor (Mil Reais) da Produção por Tipo de Lavoura Temporária - 2024 ri guama",20,"Tabela 44 - Área colhida (Hectares), Quantidade Produzida (Toneladas) e Valor (Mil Reais) da Produção por Tipo de Lavoura Temporária - 2024 ri guama","..\..\Desktop\tabelas-powerBI\6 Guamá\Tabela 44 - Área colhida (Hectares), Quantidade Produzida (Toneladas) e Valor (Mil Reais) da Produção por Tipo de Lavoura Temporária - 2024 ri guama.xlsx",Guamá,70569,188.0
Santa Izabel do Pará,-,-,-,-,-,-,-,-,-,-,-,-,-,-,-,-,-,-,6 Guamá,44,"Área colhida (Hectares), Quantidade Produzida (Toneladas) e Valor (Mil Reais) da Produção por Tipo de Lavoura Temporária - 2024 ri guama",20,"Tabela 44 - Área colhida (Hectares), Quantidade Produzida (Toneladas) e Valor (Mil Reais) da Produção por Tipo de Lavoura Temporária - 2024 ri guama","..\..\Desktop\tabelas-powerBI\6 Guamá\Tabela 44 - Área colhida (Hectares), Quantidade Produzida (Toneladas) e Valor (Mil Reais) da Produção por Tipo de Lavoura Temporária - 2024 ri guama.xlsx",Guamá,70569,
Santa Maria do Pará,20,600,1297,-,-,-,-,-,-,-,-,-,-,-,-,-,-,-,6 Guamá,44,"Área colhida (Hectares), Quantidade Produzida (Toneladas) e Valor (Mil Reais) da Produção por Tipo de Lavoura Temporária - 2024 ri guama",20,"Tabela 44 - Área colhida (Hectares), Quantidade Produzida (Toneladas) e Valor (Mil Reais) da Produção por Tipo de Lavoura Temporária - 2024 ri guama","..\..\Desktop\tabelas-powerBI\6 Guamá\Tabela 44 - Área colhida (Hectares), Quantidade Produzida (Toneladas) e Valor (Mil Reais) da Produção por Tipo de Lavoura Temporária - 2024 ri guama.xlsx",Guamá,70569,147.0
Santo Antônio do Tauá,20,360,900,-,-,-,-,-,-,-,-,-,-,-,-,-,-,-,6 Guamá,44,"Área colhida (Hectares), Quantidade Produzida (Toneladas) e Valor (Mil Reais) da Produção por Tipo de Lavoura Temporária - 2024 ri guama",20,"Tabela 44 - Área colhida (Hectares), Quantidade Produzida (Toneladas) e Valor (Mil Reais) da Produção por Tipo de Lavoura Temporária - 2024 ri guama","..\..\Desktop\tabelas-powerBI\6 Guamá\Tabela 44 - Área colhida (Hectares), Quantidade Produzida (Toneladas) e Valor (Mil Reais) da Produção por Tipo de Lavoura Temporária - 2024 ri guama.xlsx",Guamá,70569,
São Caetano de Odivelas,30,660,1320,50,45,90,10,500,150,30,450,675,-,-,-,-,-,-,6 Guamá,44,"Área colhida (Hectares), Quantidade Produzida (Toneladas) e Valor (Mil Reais) da Produção por Tipo de Lavoura Temporária - 2024 ri guama",20,"Tabela 44 - Área colhida (Hectares), Quantidade Produzida (Toneladas) e Valor (Mil Reais) da Produção por Tipo de Lavoura Temporária - 2024 ri guama","..\..\Desktop\tabelas-powerBI\6 Guamá\Tabela 44 - Área colhida (Hectares), Quantidade Produzida (Toneladas) e Valor (Mil Reais) da Produção por Tipo de Lavoura Temporária - 2024 ri guama.xlsx",Guamá,70569,132.0
São Domingos do Capim,-,-,-,50,52,105,-,-,-,-,-,-,-,-,-,-,-,-,6 Guamá,44,"Área colhida (Hectares), Quantidade Produzida (Toneladas) e Valor (Mil Reais) da Produção por Tipo de Lavoura Temporária - 2024 ri guama",20,"Tabela 44 - Área colhida (Hectares), Quantidade Produzida (Toneladas) e Valor (Mil Reais) da Produção por Tipo de Lavoura Temporária - 2024 ri guama","..\..\Desktop\tabelas-powerBI\6 Guamá\Tabela 44 - Área colhida (Hectares), Quantidade Produzida (Toneladas) e Valor (Mil Reais) da Produção por Tipo de Lavoura Temporária - 2024 ri guama.xlsx",Guamá,70569,1372.0
São Francisco do Pará,15,325,685,-,-,-,100,6000,2591,20,440,593,-,-,-,-,-,-,6 Guamá,44,"Área colhida (Hectares), Quantidade Produzida (Toneladas) e Valor (Mil Reais) da Produção por Tipo de Lavoura Temporária - 2024 ri guama",20,"Tabela 44 - Área colhida (Hectares), Quantidade Produzida (Toneladas) e Valor (Mil Reais) da Produção por Tipo de Lavoura Temporária - 2024 ri guama","..\..\Desktop\tabelas-powerBI\6 Guamá\Tabela 44 - Área colhida (Hectares), Quantidade Produzida (Toneladas) e Valor (Mil Reais) da Produção por Tipo de Lavoura Temporária - 2024 ri guama.xlsx",Guamá,70569,275.0
São João da Ponta,80,2400,6036,12,6,18,-,-,-,-,-,-,-,-,-,-,-,-,6 Guamá,44,"Área colhida (Hectares), Quantidade Produzida (Toneladas) e Valor (Mil Reais) da Produção por Tipo de Lavoura Temporária - 2024 ri guama",20,"Tabela 44 - Área colhida (Hectares), Quantidade Produzida (Toneladas) e Valor (Mil Reais) da Produção por Tipo de Lavoura Temporária - 2024 ri guama","..\..\Desktop\tabelas-powerBI\6 Guamá\Tabela 44 - Área colhida (Hectares), Quantidade Produzida (Toneladas) e Valor (Mil Reais) da Produção por Tipo de Lavoura Temporária - 2024 ri guama.xlsx",Guamá,70569,88.0
São Miguel do Guamá,70,1890,3935,-,-,-,-,-,-,-,-,-,-,-,-,-,-,-,6 Guamá,44,"Área colhida (Hectares), Quantidade Produzida (Toneladas) e Valor (Mil Reais) da Produção por Tipo de Lavoura Temporária - 2024 ri guama",20,"Tabela 44 - Área colhida (Hectares), Quantidade Produzida (Toneladas) e Valor (Mil Reais) da Produção por Tipo de Lavoura Temporária - 2024 ri guama","..\..\Desktop\tabelas-powerBI\6 Guamá\Tabela 44 - Área colhida (Hectares), Quantidade Produzida (Toneladas) e Valor (Mil Reais) da Produção por Tipo de Lavoura Temporária - 2024 ri guama.xlsx",Guamá,70569,1804.0
Terra Alta,10,297,705,-,-,-,-,-,-,-,-,-,-,-,-,-,-,-,6 Guamá,44,"Área colhida (Hectares), Quantidade Produzida (Toneladas) e Valor (Mil Reais) da Produção por Tipo de Lavoura Temporária - 2024 ri guama",20,"Tabela 44 - Área colhida (Hectares), Quantidade Produzida (Toneladas) e Valor (Mil Reais) da Produção por Tipo de Lavoura Temporária - 2024 ri guama","..\..\Desktop\tabelas-powerBI\6 Guamá\Tabela 44 - Área colhida (Hectares), Quantidade Produzida (Toneladas) e Valor (Mil Reais) da Produção por Tipo de Lavoura Temporária - 2024 ri guama.xlsx",Guamá,70569,23.0
Vigia,10,250,623,-,-,-,-,-,-,-,-,-,-,-,-,-,-,-,6 Guamá,44,"Área colhida (Hectares), Quantidade Produzida (Toneladas) e Valor (Mil Reais) da Produção por Tipo de Lavoura Temporária - 2024 ri guama",20,"Tabela 44 - Área colhida (Hectares), Quantidade Produzida (Toneladas) e Valor (Mil Reais) da Produção por Tipo de Lavoura Temporária - 2024 ri guama","..\..\Desktop\tabelas-powerBI\6 Guamá\Tabela 44 - Área colhida (Hectares), Quantidade Produzida (Toneladas) e Valor (Mil Reais) da Produção por Tipo de Lavoura Temporária - 2024 ri guama.xlsx",Guamá,70569,
Fonte: IBGE/PAM,,,,,,,,,,,,,,,,,,,6 Guamá,44,"Área colhida (Hectares), Quantidade Produzida (Toneladas) e Valor (Mil Reais) da Produção por Tipo de Lavoura Temporária - 2024 ri guama",20,"Tabela 44 - Área colhida (Hectares), Quantidade Produzida (Toneladas) e Valor (Mil Reais) da Produção por Tipo de Lavoura Temporária - 2024 ri guama","..\..\Desktop\tabelas-powerBI\6 Guamá\Tabela 44 - Área colhida (Hectares), Quantidade Produzida (Toneladas) e Valor (Mil Reais) da Produção por Tipo de Lavoura Temporária - 2024 ri guama.xlsx",Guamá,70569,
Elaboração: FAPESPA,,,,,,,,,,,,,,,,,,,6 Guamá,44,"Área colhida (Hectares), Quantidade Produzida (Toneladas) e Valor (Mil Reais) da Produção por Tipo de Lavoura Temporária - 2024 ri guama",20,"Tabela 44 - Área colhida (Hectares), Quantidade Produzida (Toneladas) e Valor (Mil Reais) da Produção por Tipo de Lavoura Temporária - 2024 ri guama","..\..\Desktop\tabelas-powerBI\6 Guamá\Tabela 44 - Área colhida (Hectares), Quantidade Produzida (Toneladas) e Valor (Mil Reais) da Produção por Tipo de Lavoura Temporária - 2024 ri guama.xlsx",Guamá,70569,
Nota: A quantidade produzida de abacaxi é expressa em mil frutos,,,,,,,,,,,,,,,,,,,6 Guamá,44,"Área colhida (Hectares), Quantidade Produzida (Toneladas) e Valor (Mil Reais) da Produção por Tipo de Lavoura Temporária - 2024 ri guama",20,"Tabela 44 - Área colhida (Hectares), Quantidade Produzida (Toneladas) e Valor (Mil Reais) da Produção por Tipo de Lavoura Temporária - 2024 ri guama","..\..\Desktop\tabelas-powerBI\6 Guamá\Tabela 44 - Área colhida (Hectares), Quantidade Produzida (Toneladas) e Valor (Mil Reais) da Produção por Tipo de Lavoura Temporária - 2024 ri guama.xlsx",Guamá,70569,
RI Guamá,398,10574,23592,187,156,317,125,7400,3169,255,5400,9877,0,0,0,0,0,0,6 Guamá,44,"Área colhida (Hectares), Quantidade Produzida (Toneladas) e Valor (Mil Reais) da Produção por Tipo de Lavoura Temporária - 2024 ri guama",20,"Tabela 44 - Área colhida (Hectares), Quantidade Produzida (Toneladas) e Valor (Mil Reais) da Produção por Tipo de Lavoura Temporária - 2024 ri guama","..\..\Desktop\tabelas-powerBI\6 Guamá\Tabela 44 - Área colhida (Hectares), Quantidade Produzida (Toneladas) e Valor (Mil Reais) da Produção por Tipo de Lavoura Temporária - 2024 ri guama.xlsx",Guamá,266576,40360.0
Castanhal,30,900,1800,-,-,-,-,-,-,-,-,-,-,-,-,-,-,-,6 Guamá,44,"Área colhida (Hectares), Quantidade Produzida (Toneladas) e Valor (Mil Reais) da Produção por Tipo de Lavoura Temporária - 2024 ri guama",20,"Tabela 44 - Área colhida (Hectares), Quantidade Produzida (Toneladas) e Valor (Mil Reais) da Produção por Tipo de Lavoura Temporária - 2024 ri guama","..\..\Desktop\tabelas-powerBI\6 Guamá\Tabela 44 - Área colhida (Hectares), Quantidade Produzida (Toneladas) e Valor (Mil Reais) da Produção por Tipo de Lavoura Temporária - 2024 ri guama.xlsx",Guamá,266576,8100.0
Colares,-,-,-,-,-,-,-,-,-,-,-,-,-,-,-,-,-,-,6 Guamá,44,"Área colhida (Hectares), Quantidade Produzida (Toneladas) e Valor (Mil Reais) da Produção por Tipo de Lavoura Temporária - 2024 ri guama",20,"Tabela 44 - Área colhida (Hectares), Quantidade Produzida (Toneladas) e Valor (Mil Reais) da Produção por Tipo de Lavoura Temporária - 2024 ri guama","..\..\Desktop\tabelas-powerBI\6 Guamá\Tabela 44 - Área colhida (Hectares), Quantidade Produzida (Toneladas) e Valor (Mil Reais) da Produção por Tipo de Lavoura Temporária - 2024 ri guama.xlsx",Guamá,266576,380.0
Curuçá,45,1089,2472,-,-,-,-,-,-,35,770,1463,-,-,-,-,-,-,6 Guamá,44,"Área colhida (Hectares), Quantidade Produzida (Toneladas) e Valor (Mil Reais) da Produção por Tipo de Lavoura Temporária - 2024 ri guama",20,"Tabela 44 - Área colhida (Hectares), Quantidade Produzida (Toneladas) e Valor (Mil Reais) da Produção por Tipo de Lavoura Temporária - 2024 ri guama","..\..\Desktop\tabelas-powerBI\6 Guamá\Tabela 44 - Área colhida (Hectares), Quantidade Produzida (Toneladas) e Valor (Mil Reais) da Produção por Tipo de Lavoura Temporária - 2024 ri guama.xlsx",Guamá,266576,800.0
Igarapé-Açu,5,125,276,-,-,-,15,900,428,80,1760,3485,-,-,-,-,-,-,6 Guamá,44,"Área colhida (Hectares), Quantidade Produzida (Toneladas) e Valor (Mil Reais) da Produção por Tipo de Lavoura Temporária - 2024 ri guama",20,"Tabela 44 - Área colhida (Hectares), Quantidade Produzida (Toneladas) e Valor (Mil Reais) da Produção por Tipo de Lavoura Temporária - 2024 ri guama","..\..\Desktop\tabelas-powerBI\6 Guamá\Tabela 44 - Área colhida (Hectares), Quantidade Produzida (Toneladas) e Valor (Mil Reais) da Produção por Tipo de Lavoura Temporária - 2024 ri guama.xlsx",Guamá,266576,1100.0
Inhangapi,30,920,1892,5,10,20,-,-,-,-,-,-,-,-,-,-,-,-,6 Guamá,44,"Área colhida (Hectares), Quantidade Produzida (Toneladas) e Valor (Mil Reais) da Produção por Tipo de Lavoura Temporária - 2024 ri guama",20,"Tabela 44 - Área colhida (Hectares), Quantidade Produzida (Toneladas) e Valor (Mil Reais) da Produção por Tipo de Lavoura Temporária - 2024 ri guama","..\..\Desktop\tabelas-powerBI\6 Guamá\Tabela 44 - Área colhida (Hectares), Quantidade Produzida (Toneladas) e Valor (Mil Reais) da Produção por Tipo de Lavoura Temporária - 2024 ri guama.xlsx",Guamá,266576,1700.0
Magalhães Barata,-,-,-,10,6,13,-,-,-,-,-,-,-,-,-,-,-,-,6 Guamá,44,"Área colhida (Hectares), Quantidade Produzida (Toneladas) e Valor (Mil Reais) da Produção por Tipo de Lavoura Temporária - 2024 ri guama",20,"Tabela 44 - Área colhida (Hectares), Quantidade Produzida (Toneladas) e Valor (Mil Reais) da Produção por Tipo de Lavoura Temporária - 2024 ri guama","..\..\Desktop\tabelas-powerBI\6 Guamá\Tabela 44 - Área colhida (Hectares), Quantidade Produzida (Toneladas) e Valor (Mil Reais) da Produção por Tipo de Lavoura Temporária - 2024 ri guama.xlsx",Guamá,266576,1000.0
Maracanã,20,433,878,40,20,39,-,-,-,30,660,894,-,-,-,-,-,-,6 Guamá,44,"Área colhida (Hectares), Quantidade Produzida (Toneladas) e Valor (Mil Reais) da Produção por Tipo de Lavoura Temporária - 2024 ri guama",20,"Tabela 44 - Área colhida (Hectares), Quantidade Produzida (Toneladas) e Valor (Mil Reais) da Produção por Tipo de Lavoura Temporária - 2024 ri guama","..\..\Desktop\tabelas-powerBI\6 Guamá\Tabela 44 - Área colhida (Hectares), Quantidade Produzida (Toneladas) e Valor (Mil Reais) da Produção por Tipo de Lavoura Temporária - 2024 ri guama.xlsx",Guamá,266576,1000.0
Marapanim,13,325,773,20,17,32,-,-,-,60,1320,2767,-,-,-,-,-,-,6 Guamá,44,"Área colhida (Hectares), Quantidade Produzida (Toneladas) e Valor (Mil Reais) da Produção por Tipo de Lavoura Temporária - 2024 ri guama",20,"Tabela 44 - Área colhida (Hectares), Quantidade Produzida (Toneladas) e Valor (Mil Reais) da Produção por Tipo de Lavoura Temporária - 2024 ri guama","..\..\Desktop\tabelas-powerBI\6 Guamá\Tabela 44 - Área colhida (Hectares), Quantidade Produzida (Toneladas) e Valor (Mil Reais) da Produção por Tipo de Lavoura Temporária - 2024 ri guama.xlsx",Guamá,266576,1080.0
Santa Izabel do Pará,-,-,-,-,-,-,-,-,-,-,-,-,-,-,-,-,-,-,6 Guamá,44,"Área colhida (Hectares), Quantidade Produzida (Toneladas) e Valor (Mil Reais) da Produção por Tipo de Lavoura Temporária - 2024 ri guama",20,"Tabela 44 - Área colhida (Hectares), Quantidade Produzida (Toneladas) e Valor (Mil Reais) da Produção por Tipo de Lavoura Temporária - 2024 ri guama","..\..\Desktop\tabelas-powerBI\6 Guamá\Tabela 44 - Área colhida (Hectares), Quantidade Produzida (Toneladas) e Valor (Mil Reais) da Produção por Tipo de Lavoura Temporária - 2024 ri guama.xlsx",Guamá,266576,140.0
Santa Maria do Pará,20,600,1297,-,-,-,-,-,-,-,-,-,-,-,-,-,-,-,6 Guamá,44,"Área colhida (Hectares), Quantidade Produzida (Toneladas) e Valor (Mil Reais) da Produção por Tipo de Lavoura Temporária - 2024 ri guama",20,"Tabela 44 - Área colhida (Hectares), Quantidade Produzida (Toneladas) e Valor (Mil Reais) da Produção por Tipo de Lavoura Temporária - 2024 ri guama","..\..\Desktop\tabelas-powerBI\6 Guamá\Tabela 44 - Área colhida (Hectares), Quantidade Produzida (Toneladas) e Valor (Mil Reais) da Produção por Tipo de Lavoura Temporária - 2024 ri guama.xlsx",Guamá,266576,5000.0
Santo Antônio do Tauá,20,360,900,-,-,-,-,-,-,-,-,-,-,-,-,-,-,-,6 Guamá,44,"Área colhida (Hectares), Quantidade Produzida (Toneladas) e Valor (Mil Reais) da Produção por Tipo de Lavoura Temporária - 2024 ri guama",20,"Tabela 44 - Área colhida (Hectares), Quantidade Produzida (Toneladas) e Valor (Mil Reais) da Produção por Tipo de Lavoura Temporária - 2024 ri guama","..\..\Desktop\tabelas-powerBI\6 Guamá\Tabela 44 - Área colhida (Hectares), Quantidade Produzida (Toneladas) e Valor (Mil Reais) da Produção por Tipo de Lavoura Temporária - 2024 ri guama.xlsx",Guamá,266576,300.0
São Caetano de Odivelas,30,660,1320,50,45,90,10,500,150,30,450,675,-,-,-,-,-,-,6 Guamá,44,"Área colhida (Hectares), Quantidade Produzida (Toneladas) e Valor (Mil Reais) da Produção por Tipo de Lavoura Temporária - 2024 ri guama",20,"Tabela 44 - Área colhida (Hectares), Quantidade Produzida (Toneladas) e Valor (Mil Reais) da Produção por Tipo de Lavoura Temporária - 2024 ri guama","..\..\Desktop\tabelas-powerBI\6 Guamá\Tabela 44 - Área colhida (Hectares), Quantidade Produzida (Toneladas) e Valor (Mil Reais) da Produção por Tipo de Lavoura Temporária - 2024 ri guama.xlsx",Guamá,266576,800.0
São Domingos do Capim,-,-,-,50,52,105,-,-,-,-,-,-,-,-,-,-,-,-,6 Guamá,44,"Área colhida (Hectares), Quantidade Produzida (Toneladas) e Valor (Mil Reais) da Produção por Tipo de Lavoura Temporária - 2024 ri guama",20,"Tabela 44 - Área colhida (Hectares), Quantidade Produzida (Toneladas) e Valor (Mil Reais) da Produção por Tipo de Lavoura Temporária - 2024 ri guama","..\..\Desktop\tabelas-powerBI\6 Guamá\Tabela 44 - Área colhida (Hectares), Quantidade Produzida (Toneladas) e Valor (Mil Reais) da Produção por Tipo de Lavoura Temporária - 2024 ri guama.xlsx",Guamá,266576,10000.0
São Francisco do Pará,15,325,685,-,-,-,100,6000,2591,20,440,593,-,-,-,-,-,-,6 Guamá,44,"Área colhida (Hectares), Quantidade Produzida (Toneladas) e Valor (Mil Reais) da Produção por Tipo de Lavoura Temporária - 2024 ri guama",20,"Tabela 44 - Área colhida (Hectares), Quantidade Produzida (Toneladas) e Valor (Mil Reais) da Produção por Tipo de Lavoura Temporária - 2024 ri guama","..\..\Desktop\tabelas-powerBI\6 Guamá\Tabela 44 - Área colhida (Hectares), Quantidade Produzida (Toneladas) e Valor (Mil Reais) da Produção por Tipo de Lavoura Temporária - 2024 ri guama.xlsx",Guamá,266576,4000.0
São João da Ponta,80,2400,6036,12,6,18,-,-,-,-,-,-,-,-,-,-,-,-,6 Guamá,44,"Área colhida (Hectares), Quantidade Produzida (Toneladas) e Valor (Mil Reais) da Produção por Tipo de Lavoura Temporária - 2024 ri guama",20,"Tabela 44 - Área colhida (Hectares), Quantidade Produzida (Toneladas) e Valor (Mil Reais) da Produção por Tipo de Lavoura Temporária - 2024 ri guama","..\..\Desktop\tabelas-powerBI\6 Guamá\Tabela 44 - Área colhida (Hectares), Quantidade Produzida (Toneladas) e Valor (Mil Reais) da Produção por Tipo de Lavoura Temporária - 2024 ri guama.xlsx",Guamá,266576,300.0
São Miguel do Guamá,70,1890,3935,-,-,-,-,-,-,-,-,-,-,-,-,-,-,-,6 Guamá,44,"Área colhida (Hectares), Quantidade Produzida (Toneladas) e Valor (Mil Reais) da Produção por Tipo de Lavoura Temporária - 2024 ri guama",20,"Tabela 44 - Área colhida (Hectares), Quantidade Produzida (Toneladas) e Valor (Mil Reais) da Produção por Tipo de Lavoura Temporária - 2024 ri guama","..\..\Desktop\tabelas-powerBI\6 Guamá\Tabela 44 - Área colhida (Hectares), Quantidade Produzida (Toneladas) e Valor (Mil Reais) da Produção por Tipo de Lavoura Temporária - 2024 ri guama.xlsx",Guamá,266576,4000.0
Terra Alta,10,297,705,-,-,-,-,-,-,-,-,-,-,-,-,-,-,-,6 Guamá,44,"Área colhida (Hectares), Quantidade Produzida (Toneladas) e Valor (Mil Reais) da Produção por Tipo de Lavoura Temporária - 2024 ri guama",20,"Tabela 44 - Área colhida (Hectares), Quantidade Produzida (Toneladas) e Valor (Mil Reais) da Produção por Tipo de Lavoura Temporária - 2024 ri guama","..\..\Desktop\tabelas-powerBI\6 Guamá\Tabela 44 - Área colhida (Hectares), Quantidade Produzida (Toneladas) e Valor (Mil Reais) da Produção por Tipo de Lavoura Temporária - 2024 ri guama.xlsx",Guamá,266576,160.0
Vigia,10,250,623,-,-,-,-,-,-,-,-,-,-,-,-,-,-,-,6 Guamá,44,"Área colhida (Hectares), Quantidade Produzida (Toneladas) e Valor (Mil Reais) da Produção por Tipo de Lavoura Temporária - 2024 ri guama",20,"Tabela 44 - Área colhida (Hectares), Quantidade Produzida (Toneladas) e Valor (Mil Reais) da Produção por Tipo de Lavoura Temporária - 2024 ri guama","..\..\Desktop\tabelas-powerBI\6 Guamá\Tabela 44 - Área colhida (Hectares), Quantidade Produzida (Toneladas) e Valor (Mil Reais) da Produção por Tipo de Lavoura Temporária - 2024 ri guama.xlsx",Guamá,266576,500.0
Fonte: IBGE/PAM,,,,,,,,,,,,,,,,,,,6 Guamá,44,"Área colhida (Hectares), Quantidade Produzida (Toneladas) e Valor (Mil Reais) da Produção por Tipo de Lavoura Temporária - 2024 ri guama",20,"Tabela 44 - Área colhida (Hectares), Quantidade Produzida (Toneladas) e Valor (Mil Reais) da Produção por Tipo de Lavoura Temporária - 2024 ri guama","..\..\Desktop\tabelas-powerBI\6 Guamá\Tabela 44 - Área colhida (Hectares), Quantidade Produzida (Toneladas) e Valor (Mil Reais) da Produção por Tipo de Lavoura Temporária - 2024 ri guama.xlsx",Guamá,266576,
Elaboração: FAPESPA,,,,,,,,,,,,,,,,,,,6 Guamá,44,"Área colhida (Hectares), Quantidade Produzida (Toneladas) e Valor (Mil Reais) da Produção por Tipo de Lavoura Temporária - 2024 ri guama",20,"Tabela 44 - Área colhida (Hectares), Quantidade Produzida (Toneladas) e Valor (Mil Reais) da Produção por Tipo de Lavoura Temporária - 2024 ri guama","..\..\Desktop\tabelas-powerBI\6 Guamá\Tabela 44 - Área colhida (Hectares), Quantidade Produzida (Toneladas) e Valor (Mil Reais) da Produção por Tipo de Lavoura Temporária - 2024 ri guama.xlsx",Guamá,266576,
Nota: A quantidade produzida de abacaxi é expressa em mil frutos,,,,,,,,,,,,,,,,,,,6 Guamá,44,"Área colhida (Hectares), Quantidade Produzida (Toneladas) e Valor (Mil Reais) da Produção por Tipo de Lavoura Temporária - 2024 ri guama",20,"Tabela 44 - Área colhida (Hectares), Quantidade Produzida (Toneladas) e Valor (Mil Reais) da Produção por Tipo de Lavoura Temporária - 2024 ri guama","..\..\Desktop\tabelas-powerBI\6 Guamá\Tabela 44 - Área colhida (Hectares), Quantidade Produzida (Toneladas) e Valor (Mil Reais) da Produção por Tipo de Lavoura Temporária - 2024 ri guama.xlsx",Guamá,266576,
RI Guamá,398,10574,23592,187,156,317,125,7400,3169,255,5400,9877,0,0,0,0,0,0,6 Guamá,44,"Área colhida (Hectares), Quantidade Produzida (Toneladas) e Valor (Mil Reais) da Produção por Tipo de Lavoura Temporária - 2024 ri guama",20,"Tabela 44 - Área colhida (Hectares), Quantidade Produzida (Toneladas) e Valor (Mil Reais) da Produção por Tipo de Lavoura Temporária - 2024 ri guama","..\..\Desktop\tabelas-powerBI\6 Guamá\Tabela 44 - Área colhida (Hectares), Quantidade Produzida (Toneladas) e Valor (Mil Reais) da Produção por Tipo de Lavoura Temporária - 2024 ri guama.xlsx",Guamá,3966227,594606.0
Castanhal,30,900,1800,-,-,-,-,-,-,-,-,-,-,-,-,-,-,-,6 Guamá,44,"Área colhida (Hectares), Quantidade Produzida (Toneladas) e Valor (Mil Reais) da Produção por Tipo de Lavoura Temporária - 2024 ri guama",20,"Tabela 44 - Área colhida (Hectares), Quantidade Produzida (Toneladas) e Valor (Mil Reais) da Produção por Tipo de Lavoura Temporária - 2024 ri guama","..\..\Desktop\tabelas-powerBI\6 Guamá\Tabela 44 - Área colhida (Hectares), Quantidade Produzida (Toneladas) e Valor (Mil Reais) da Produção por Tipo de Lavoura Temporária - 2024 ri guama.xlsx",Guamá,3966227,137350.0
Colares,-,-,-,-,-,-,-,-,-,-,-,-,-,-,-,-,-,-,6 Guamá,44,"Área colhida (Hectares), Quantidade Produzida (Toneladas) e Valor (Mil Reais) da Produção por Tipo de Lavoura Temporária - 2024 ri guama",20,"Tabela 44 - Área colhida (Hectares), Quantidade Produzida (Toneladas) e Valor (Mil Reais) da Produção por Tipo de Lavoura Temporária - 2024 ri guama","..\..\Desktop\tabelas-powerBI\6 Guamá\Tabela 44 - Área colhida (Hectares), Quantidade Produzida (Toneladas) e Valor (Mil Reais) da Produção por Tipo de Lavoura Temporária - 2024 ri guama.xlsx",Guamá,3966227,3040.0
Curuçá,45,1089,2472,-,-,-,-,-,-,35,770,1463,-,-,-,-,-,-,6 Guamá,44,"Área colhida (Hectares), Quantidade Produzida (Toneladas) e Valor (Mil Reais) da Produção por Tipo de Lavoura Temporária - 2024 ri guama",20,"Tabela 44 - Área colhida (Hectares), Quantidade Produzida (Toneladas) e Valor (Mil Reais) da Produção por Tipo de Lavoura Temporária - 2024 ri guama","..\..\Desktop\tabelas-powerBI\6 Guamá\Tabela 44 - Área colhida (Hectares), Quantidade Produzida (Toneladas) e Valor (Mil Reais) da Produção por Tipo de Lavoura Temporária - 2024 ri guama.xlsx",Guamá,3966227,14000.0
Igarapé-Açu,5,125,276,-,-,-,15,900,428,80,1760,3485,-,-,-,-,-,-,6 Guamá,44,"Área colhida (Hectares), Quantidade Produzida (Toneladas) e Valor (Mil Reais) da Produção por Tipo de Lavoura Temporária - 2024 ri guama",20,"Tabela 44 - Área colhida (Hectares), Quantidade Produzida (Toneladas) e Valor (Mil Reais) da Produção por Tipo de Lavoura Temporária - 2024 ri guama","..\..\Desktop\tabelas-powerBI\6 Guamá\Tabela 44 - Área colhida (Hectares), Quantidade Produzida (Toneladas) e Valor (Mil Reais) da Produção por Tipo de Lavoura Temporária - 2024 ri guama.xlsx",Guamá,3966227,15950.0
Inhangapi,30,920,1892,5,10,20,-,-,-,-,-,-,-,-,-,-,-,-,6 Guamá,44,"Área colhida (Hectares), Quantidade Produzida (Toneladas) e Valor (Mil Reais) da Produção por Tipo de Lavoura Temporária - 2024 ri guama",20,"Tabela 44 - Área colhida (Hectares), Quantidade Produzida (Toneladas) e Valor (Mil Reais) da Produção por Tipo de Lavoura Temporária - 2024 ri guama","..\..\Desktop\tabelas-powerBI\6 Guamá\Tabela 44 - Área colhida (Hectares), Quantidade Produzida (Toneladas) e Valor (Mil Reais) da Produção por Tipo de Lavoura Temporária - 2024 ri guama.xlsx",Guamá,3966227,23290.0
Magalhães Barata,-,-,-,10,6,13,-,-,-,-,-,-,-,-,-,-,-,-,6 Guamá,44,"Área colhida (Hectares), Quantidade Produzida (Toneladas) e Valor (Mil Reais) da Produção por Tipo de Lavoura Temporária - 2024 ri guama",20,"Tabela 44 - Área colhida (Hectares), Quantidade Produzida (Toneladas) e Valor (Mil Reais) da Produção por Tipo de Lavoura Temporária - 2024 ri guama","..\..\Desktop\tabelas-powerBI\6 Guamá\Tabela 44 - Área colhida (Hectares), Quantidade Produzida (Toneladas) e Valor (Mil Reais) da Produção por Tipo de Lavoura Temporária - 2024 ri guama.xlsx",Guamá,3966227,11300.0
Maracanã,20,433,878,40,20,39,-,-,-,30,660,894,-,-,-,-,-,-,6 Guamá,44,"Área colhida (Hectares), Quantidade Produzida (Toneladas) e Valor (Mil Reais) da Produção por Tipo de Lavoura Temporária - 2024 ri guama",20,"Tabela 44 - Área colhida (Hectares), Quantidade Produzida (Toneladas) e Valor (Mil Reais) da Produção por Tipo de Lavoura Temporária - 2024 ri guama","..\..\Desktop\tabelas-powerBI\6 Guamá\Tabela 44 - Área colhida (Hectares), Quantidade Produzida (Toneladas) e Valor (Mil Reais) da Produção por Tipo de Lavoura Temporária - 2024 ri guama.xlsx",Guamá,3966227,9500.0
Marapanim,13,325,773,20,17,32,-,-,-,60,1320,2767,-,-,-,-,-,-,6 Guamá,44,"Área colhida (Hectares), Quantidade Produzida (Toneladas) e Valor (Mil Reais) da Produção por Tipo de Lavoura Temporária - 2024 ri guama",20,"Tabela 44 - Área colhida (Hectares), Quantidade Produzida (Toneladas) e Valor (Mil Reais) da Produção por Tipo de Lavoura Temporária - 2024 ri guama","..\..\Desktop\tabelas-powerBI\6 Guamá\Tabela 44 - Área colhida (Hectares), Quantidade Produzida (Toneladas) e Valor (Mil Reais) da Produção por Tipo de Lavoura Temporária - 2024 ri guama.xlsx",Guamá,3966227,14796.0
Santa Izabel do Pará,-,-,-,-,-,-,-,-,-,-,-,-,-,-,-,-,-,-,6 Guamá,44,"Área colhida (Hectares), Quantidade Produzida (Toneladas) e Valor (Mil Reais) da Produção por Tipo de Lavoura Temporária - 2024 ri guama",20,"Tabela 44 - Área colhida (Hectares), Quantidade Produzida (Toneladas) e Valor (Mil Reais) da Produção por Tipo de Lavoura Temporária - 2024 ri guama","..\..\Desktop\tabelas-powerBI\6 Guamá\Tabela 44 - Área colhida (Hectares), Quantidade Produzida (Toneladas) e Valor (Mil Reais) da Produção por Tipo de Lavoura Temporária - 2024 ri guama.xlsx",Guamá,3966227,2200.0
Santa Maria do Pará,20,600,1297,-,-,-,-,-,-,-,-,-,-,-,-,-,-,-,6 Guamá,44,"Área colhida (Hectares), Quantidade Produzida (Toneladas) e Valor (Mil Reais) da Produção por Tipo de Lavoura Temporária - 2024 ri guama",20,"Tabela 44 - Área colhida (Hectares), Quantidade Produzida (Toneladas) e Valor (Mil Reais) da Produção por Tipo de Lavoura Temporária - 2024 ri guama","..\..\Desktop\tabelas-powerBI\6 Guamá\Tabela 44 - Área colhida (Hectares), Quantidade Produzida (Toneladas) e Valor (Mil Reais) da Produção por Tipo de Lavoura Temporária - 2024 ri guama.xlsx",Guamá,3966227,75000.0
Santo Antônio do Tauá,20,360,900,-,-,-,-,-,-,-,-,-,-,-,-,-,-,-,6 Guamá,44,"Área colhida (Hectares), Quantidade Produzida (Toneladas) e Valor (Mil Reais) da Produção por Tipo de Lavoura Temporária - 2024 ri guama",20,"Tabela 44 - Área colhida (Hectares), Quantidade Produzida (Toneladas) e Valor (Mil Reais) da Produção por Tipo de Lavoura Temporária - 2024 ri guama","..\..\Desktop\tabelas-powerBI\6 Guamá\Tabela 44 - Área colhida (Hectares), Quantidade Produzida (Toneladas) e Valor (Mil Reais) da Produção por Tipo de Lavoura Temporária - 2024 ri guama.xlsx",Guamá,3966227,4500.0
São Caetano de Odivelas,30,660,1320,50,45,90,10,500,150,30,450,675,-,-,-,-,-,-,6 Guamá,44,"Área colhida (Hectares), Quantidade Produzida (Toneladas) e Valor (Mil Reais) da Produção por Tipo de Lavoura Temporária - 2024 ri guama",20,"Tabela 44 - Área colhida (Hectares), Quantidade Produzida (Toneladas) e Valor (Mil Reais) da Produção por Tipo de Lavoura Temporária - 2024 ri guama","..\..\Desktop\tabelas-powerBI\6 Guamá\Tabela 44 - Área colhida (Hectares), Quantidade Produzida (Toneladas) e Valor (Mil Reais) da Produção por Tipo de Lavoura Temporária - 2024 ri guama.xlsx",Guamá,3966227,15400.0
São Domingos do Capim,-,-,-,50,52,105,-,-,-,-,-,-,-,-,-,-,-,-,6 Guamá,44,"Área colhida (Hectares), Quantidade Produzida (Toneladas) e Valor (Mil Reais) da Produção por Tipo de Lavoura Temporária - 2024 ri guama",20,"Tabela 44 - Área colhida (Hectares), Quantidade Produzida (Toneladas) e Valor (Mil Reais) da Produção por Tipo de Lavoura Temporária - 2024 ri guama","..\..\Desktop\tabelas-powerBI\6 Guamá\Tabela 44 - Área colhida (Hectares), Quantidade Produzida (Toneladas) e Valor (Mil Reais) da Produção por Tipo de Lavoura Temporária - 2024 ri guama.xlsx",Guamá,3966227,144000.0
São Francisco do Pará,15,325,685,-,-,-,100,6000,2591,20,440,593,-,-,-,-,-,-,6 Guamá,44,"Área colhida (Hectares), Quantidade Produzida (Toneladas) e Valor (Mil Reais) da Produção por Tipo de Lavoura Temporária - 2024 ri guama",20,"Tabela 44 - Área colhida (Hectares), Quantidade Produzida (Toneladas) e Valor (Mil Reais) da Produção por Tipo de Lavoura Temporária - 2024 ri guama","..\..\Desktop\tabelas-powerBI\6 Guamá\Tabela 44 - Área colhida (Hectares), Quantidade Produzida (Toneladas) e Valor (Mil Reais) da Produção por Tipo de Lavoura Temporária - 2024 ri guama.xlsx",Guamá,3966227,54800.0
São João da Ponta,80,2400,6036,12,6,18,-,-,-,-,-,-,-,-,-,-,-,-,6 Guamá,44,"Área colhida (Hectares), Quantidade Produzida (Toneladas) e Valor (Mil Reais) da Produção por Tipo de Lavoura Temporária - 2024 ri guama",20,"Tabela 44 - Área colhida (Hectares), Quantidade Produzida (Toneladas) e Valor (Mil Reais) da Produção por Tipo de Lavoura Temporária - 2024 ri guama","..\..\Desktop\tabelas-powerBI\6 Guamá\Tabela 44 - Área colhida (Hectares), Quantidade Produzida (Toneladas) e Valor (Mil Reais) da Produção por Tipo de Lavoura Temporária - 2024 ri guama.xlsx",Guamá,3966227,3000.0
São Miguel do Guamá,70,1890,3935,-,-,-,-,-,-,-,-,-,-,-,-,-,-,-,6 Guamá,44,"Área colhida (Hectares), Quantidade Produzida (Toneladas) e Valor (Mil Reais) da Produção por Tipo de Lavoura Temporária - 2024 ri guama",20,"Tabela 44 - Área colhida (Hectares), Quantidade Produzida (Toneladas) e Valor (Mil Reais) da Produção por Tipo de Lavoura Temporária - 2024 ri guama","..\..\Desktop\tabelas-powerBI\6 Guamá\Tabela 44 - Área colhida (Hectares), Quantidade Produzida (Toneladas) e Valor (Mil Reais) da Produção por Tipo de Lavoura Temporária - 2024 ri guama.xlsx",Guamá,3966227,58000.0
Terra Alta,10,297,705,-,-,-,-,-,-,-,-,-,-,-,-,-,-,-,6 Guamá,44,"Área colhida (Hectares), Quantidade Produzida (Toneladas) e Valor (Mil Reais) da Produção por Tipo de Lavoura Temporária - 2024 ri guama",20,"Tabela 44 - Área colhida (Hectares), Quantidade Produzida (Toneladas) e Valor (Mil Reais) da Produção por Tipo de Lavoura Temporária - 2024 ri guama","..\..\Desktop\tabelas-powerBI\6 Guamá\Tabela 44 - Área colhida (Hectares), Quantidade Produzida (Toneladas) e Valor (Mil Reais) da Produção por Tipo de Lavoura Temporária - 2024 ri guama.xlsx",Guamá,3966227,2480.0
Vigia,10,250,623,-,-,-,-,-,-,-,-,-,-,-,-,-,-,-,6 Guamá,44,"Área colhida (Hectares), Quantidade Produzida (Toneladas) e Valor (Mil Reais) da Produção por Tipo de Lavoura Temporária - 2024 ri guama",20,"Tabela 44 - Área colhida (Hectares), Quantidade Produzida (Toneladas) e Valor (Mil Reais) da Produção por Tipo de Lavoura Temporária - 2024 ri guama","..\..\Desktop\tabelas-powerBI\6 Guamá\Tabela 44 - Área colhida (Hectares), Quantidade Produzida (Toneladas) e Valor (Mil Reais) da Produção por Tipo de Lavoura Temporária - 2024 ri guama.xlsx",Guamá,3966227,6000.0
Fonte: IBGE/PAM,,,,,,,,,,,,,,,,,,,6 Guamá,44,"Área colhida (Hectares), Quantidade Produzida (Toneladas) e Valor (Mil Reais) da Produção por Tipo de Lavoura Temporária - 2024 ri guama",20,"Tabela 44 - Área colhida (Hectares), Quantidade Produzida (Toneladas) e Valor (Mil Reais) da Produção por Tipo de Lavoura Temporária - 2024 ri guama","..\..\Desktop\tabelas-powerBI\6 Guamá\Tabela 44 - Área colhida (Hectares), Quantidade Produzida (Toneladas) e Valor (Mil Reais) da Produção por Tipo de Lavoura Temporária - 2024 ri guama.xlsx",Guamá,3966227,
Elaboração: FAPESPA,,,,,,,,,,,,,,,,,,,6 Guamá,44,"Área colhida (Hectares), Quantidade Produzida (Toneladas) e Valor (Mil Reais) da Produção por Tipo de Lavoura Temporária - 2024 ri guama",20,"Tabela 44 - Área colhida (Hectares), Quantidade Produzida (Toneladas) e Valor (Mil Reais) da Produção por Tipo de Lavoura Temporária - 2024 ri guama","..\..\Desktop\tabelas-powerBI\6 Guamá\Tabela 44 - Área colhida (Hectares), Quantidade Produzida (Toneladas) e Valor (Mil Reais) da Produção por Tipo de Lavoura Temporária - 2024 ri guama.xlsx",Guamá,3966227,
Nota: A quantidade produzida de abacaxi é expressa em mil frutos,,,,,,,,,,,,,,,,,,,6 Guamá,44,"Área colhida (Hectares), Quantidade Produzida (Toneladas) e Valor (Mil Reais) da Produção por Tipo de Lavoura Temporária - 2024 ri guama",20,"Tabela 44 - Área colhida (Hectares), Quantidade Produzida (Toneladas) e Valor (Mil Reais) da Produção por Tipo de Lavoura Temporária - 2024 ri guama","..\..\Desktop\tabelas-powerBI\6 Guamá\Tabela 44 - Área colhida (Hectares), Quantidade Produzida (Toneladas) e Valor (Mil Reais) da Produção por Tipo de Lavoura Temporária - 2024 ri guama.xlsx",Guamá,3966227,
RI Guamá,398,10574,23592,187,156,317,125,7400,3169,255,5400,9877,0,0,0,0,0,0,6 Guamá,44,"Área colhida (Hectares), Quantidade Produzida (Toneladas) e Valor (Mil Reais) da Produção por Tipo de Lavoura Temporária - 2024 ri guama",20,"Tabela 44 - Área colhida (Hectares), Quantidade Produzida (Toneladas) e Valor (Mil Reais) da Produção por Tipo de Lavoura Temporária - 2024 ri guama","..\..\Desktop\tabelas-powerBI\6 Guamá\Tabela 44 - Área colhida (Hectares), Quantidade Produzida (Toneladas) e Valor (Mil Reais) da Produção por Tipo de Lavoura Temporária - 2024 ri guama.xlsx",Guamá,4640906,671820.0
Castanhal,30,900,1800,-,-,-,-,-,-,-,-,-,-,-,-,-,-,-,6 Guamá,44,"Área colhida (Hectares), Quantidade Produzida (Toneladas) e Valor (Mil Reais) da Produção por Tipo de Lavoura Temporária - 2024 ri guama",20,"Tabela 44 - Área colhida (Hectares), Quantidade Produzida (Toneladas) e Valor (Mil Reais) da Produção por Tipo de Lavoura Temporária - 2024 ri guama","..\..\Desktop\tabelas-powerBI\6 Guamá\Tabela 44 - Área colhida (Hectares), Quantidade Produzida (Toneladas) e Valor (Mil Reais) da Produção por Tipo de Lavoura Temporária - 2024 ri guama.xlsx",Guamá,4640906,176672.0
Colares,-,-,-,-,-,-,-,-,-,-,-,-,-,-,-,-,-,-,6 Guamá,44,"Área colhida (Hectares), Quantidade Produzida (Toneladas) e Valor (Mil Reais) da Produção por Tipo de Lavoura Temporária - 2024 ri guama",20,"Tabela 44 - Área colhida (Hectares), Quantidade Produzida (Toneladas) e Valor (Mil Reais) da Produção por Tipo de Lavoura Temporária - 2024 ri guama","..\..\Desktop\tabelas-powerBI\6 Guamá\Tabela 44 - Área colhida (Hectares), Quantidade Produzida (Toneladas) e Valor (Mil Reais) da Produção por Tipo de Lavoura Temporária - 2024 ri guama.xlsx",Guamá,4640906,3040.0
Curuçá,45,1089,2472,-,-,-,-,-,-,35,770,1463,-,-,-,-,-,-,6 Guamá,44,"Área colhida (Hectares), Quantidade Produzida (Toneladas) e Valor (Mil Reais) da Produção por Tipo de Lavoura Temporária - 2024 ri guama",20,"Tabela 44 - Área colhida (Hectares), Quantidade Produzida (Toneladas) e Valor (Mil Reais) da Produção por Tipo de Lavoura Temporária - 2024 ri guama","..\..\Desktop\tabelas-powerBI\6 Guamá\Tabela 44 - Área colhida (Hectares), Quantidade Produzida (Toneladas) e Valor (Mil Reais) da Produção por Tipo de Lavoura Temporária - 2024 ri guama.xlsx",Guamá,4640906,13784.0
Igarapé-Açu,5,125,276,-,-,-,15,900,428,80,1760,3485,-,-,-,-,-,-,6 Guamá,44,"Área colhida (Hectares), Quantidade Produzida (Toneladas) e Valor (Mil Reais) da Produção por Tipo de Lavoura Temporária - 2024 ri guama",20,"Tabela 44 - Área colhida (Hectares), Quantidade Produzida (Toneladas) e Valor (Mil Reais) da Produção por Tipo de Lavoura Temporária - 2024 ri guama","..\..\Desktop\tabelas-powerBI\6 Guamá\Tabela 44 - Área colhida (Hectares), Quantidade Produzida (Toneladas) e Valor (Mil Reais) da Produção por Tipo de Lavoura Temporária - 2024 ri guama.xlsx",Guamá,4640906,20123.0
Inhangapi,30,920,1892,5,10,20,-,-,-,-,-,-,-,-,-,-,-,-,6 Guamá,44,"Área colhida (Hectares), Quantidade Produzida (Toneladas) e Valor (Mil Reais) da Produção por Tipo de Lavoura Temporária - 2024 ri guama",20,"Tabela 44 - Área colhida (Hectares), Quantidade Produzida (Toneladas) e Valor (Mil Reais) da Produção por Tipo de Lavoura Temporária - 2024 ri guama","..\..\Desktop\tabelas-powerBI\6 Guamá\Tabela 44 - Área colhida (Hectares), Quantidade Produzida (Toneladas) e Valor (Mil Reais) da Produção por Tipo de Lavoura Temporária - 2024 ri guama.xlsx",Guamá,4640906,24255.0
Magalhães Barata,-,-,-,10,6,13,-,-,-,-,-,-,-,-,-,-,-,-,6 Guamá,44,"Área colhida (Hectares), Quantidade Produzida (Toneladas) e Valor (Mil Reais) da Produção por Tipo de Lavoura Temporária - 2024 ri guama",20,"Tabela 44 - Área colhida (Hectares), Quantidade Produzida (Toneladas) e Valor (Mil Reais) da Produção por Tipo de Lavoura Temporária - 2024 ri guama","..\..\Desktop\tabelas-powerBI\6 Guamá\Tabela 44 - Área colhida (Hectares), Quantidade Produzida (Toneladas) e Valor (Mil Reais) da Produção por Tipo de Lavoura Temporária - 2024 ri guama.xlsx",Guamá,4640906,12526.0
Maracanã,20,433,878,40,20,39,-,-,-,30,660,894,-,-,-,-,-,-,6 Guamá,44,"Área colhida (Hectares), Quantidade Produzida (Toneladas) e Valor (Mil Reais) da Produção por Tipo de Lavoura Temporária - 2024 ri guama",20,"Tabela 44 - Área colhida (Hectares), Quantidade Produzida (Toneladas) e Valor (Mil Reais) da Produção por Tipo de Lavoura Temporária - 2024 ri guama","..\..\Desktop\tabelas-powerBI\6 Guamá\Tabela 44 - Área colhida (Hectares), Quantidade Produzida (Toneladas) e Valor (Mil Reais) da Produção por Tipo de Lavoura Temporária - 2024 ri guama.xlsx",Guamá,4640906,10849.0
Marapanim,13,325,773,20,17,32,-,-,-,60,1320,2767,-,-,-,-,-,-,6 Guamá,44,"Área colhida (Hectares), Quantidade Produzida (Toneladas) e Valor (Mil Reais) da Produção por Tipo de Lavoura Temporária - 2024 ri guama",20,"Tabela 44 - Área colhida (Hectares), Quantidade Produzida (Toneladas) e Valor (Mil Reais) da Produção por Tipo de Lavoura Temporária - 2024 ri guama","..\..\Desktop\tabelas-powerBI\6 Guamá\Tabela 44 - Área colhida (Hectares), Quantidade Produzida (Toneladas) e Valor (Mil Reais) da Produção por Tipo de Lavoura Temporária - 2024 ri guama.xlsx",Guamá,4640906,15617.0
Santa Izabel do Pará,-,-,-,-,-,-,-,-,-,-,-,-,-,-,-,-,-,-,6 Guamá,44,"Área colhida (Hectares), Quantidade Produzida (Toneladas) e Valor (Mil Reais) da Produção por Tipo de Lavoura Temporária - 2024 ri guama",20,"Tabela 44 - Área colhida (Hectares), Quantidade Produzida (Toneladas) e Valor (Mil Reais) da Produção por Tipo de Lavoura Temporária - 2024 ri guama","..\..\Desktop\tabelas-powerBI\6 Guamá\Tabela 44 - Área colhida (Hectares), Quantidade Produzida (Toneladas) e Valor (Mil Reais) da Produção por Tipo de Lavoura Temporária - 2024 ri guama.xlsx",Guamá,4640906,3300.0
Santa Maria do Pará,20,600,1297,-,-,-,-,-,-,-,-,-,-,-,-,-,-,-,6 Guamá,44,"Área colhida (Hectares), Quantidade Produzida (Toneladas) e Valor (Mil Reais) da Produção por Tipo de Lavoura Temporária - 2024 ri guama",20,"Tabela 44 - Área colhida (Hectares), Quantidade Produzida (Toneladas) e Valor (Mil Reais) da Produção por Tipo de Lavoura Temporária - 2024 ri guama","..\..\Desktop\tabelas-powerBI\6 Guamá\Tabela 44 - Área colhida (Hectares), Quantidade Produzida (Toneladas) e Valor (Mil Reais) da Produção por Tipo de Lavoura Temporária - 2024 ri guama.xlsx",Guamá,4640906,74927.0
Santo Antônio do Tauá,20,360,900,-,-,-,-,-,-,-,-,-,-,-,-,-,-,-,6 Guamá,44,"Área colhida (Hectares), Quantidade Produzida (Toneladas) e Valor (Mil Reais) da Produção por Tipo de Lavoura Temporária - 2024 ri guama",20,"Tabela 44 - Área colhida (Hectares), Quantidade Produzida (Toneladas) e Valor (Mil Reais) da Produção por Tipo de Lavoura Temporária - 2024 ri guama","..\..\Desktop\tabelas-powerBI\6 Guamá\Tabela 44 - Área colhida (Hectares), Quantidade Produzida (Toneladas) e Valor (Mil Reais) da Produção por Tipo de Lavoura Temporária - 2024 ri guama.xlsx",Guamá,4640906,9000.0
São Caetano de Odivelas,30,660,1320,50,45,90,10,500,150,30,450,675,-,-,-,-,-,-,6 Guamá,44,"Área colhida (Hectares), Quantidade Produzida (Toneladas) e Valor (Mil Reais) da Produção por Tipo de Lavoura Temporária - 2024 ri guama",20,"Tabela 44 - Área colhida (Hectares), Quantidade Produzida (Toneladas) e Valor (Mil Reais) da Produção por Tipo de Lavoura Temporária - 2024 ri guama","..\..\Desktop\tabelas-powerBI\6 Guamá\Tabela 44 - Área colhida (Hectares), Quantidade Produzida (Toneladas) e Valor (Mil Reais) da Produção por Tipo de Lavoura Temporária - 2024 ri guama.xlsx",Guamá,4640906,26690.0
São Domingos do Capim,-,-,-,50,52,105,-,-,-,-,-,-,-,-,-,-,-,-,6 Guamá,44,"Área colhida (Hectares), Quantidade Produzida (Toneladas) e Valor (Mil Reais) da Produção por Tipo de Lavoura Temporária - 2024 ri guama",20,"Tabela 44 - Área colhida (Hectares), Quantidade Produzida (Toneladas) e Valor (Mil Reais) da Produção por Tipo de Lavoura Temporária - 2024 ri guama","..\..\Desktop\tabelas-powerBI\6 Guamá\Tabela 44 - Área colhida (Hectares), Quantidade Produzida (Toneladas) e Valor (Mil Reais) da Produção por Tipo de Lavoura Temporária - 2024 ri guama.xlsx",Guamá,4640906,142835.0
São Francisco do Pará,15,325,685,-,-,-,100,6000,2591,20,440,593,-,-,-,-,-,-,6 Guamá,44,"Área colhida (Hectares), Quantidade Produzida (Toneladas) e Valor (Mil Reais) da Produção por Tipo de Lavoura Temporária - 2024 ri guama",20,"Tabela 44 - Área colhida (Hectares), Quantidade Produzida (Toneladas) e Valor (Mil Reais) da Produção por Tipo de Lavoura Temporária - 2024 ri guama","..\..\Desktop\tabelas-powerBI\6 Guamá\Tabela 44 - Área colhida (Hectares), Quantidade Produzida (Toneladas) e Valor (Mil Reais) da Produção por Tipo de Lavoura Temporária - 2024 ri guama.xlsx",Guamá,4640906,64560.0
São João da Ponta,80,2400,6036,12,6,18,-,-,-,-,-,-,-,-,-,-,-,-,6 Guamá,44,"Área colhida (Hectares), Quantidade Produzida (Toneladas) e Valor (Mil Reais) da Produção por Tipo de Lavoura Temporária - 2024 ri guama",20,"Tabela 44 - Área colhida (Hectares), Quantidade Produzida (Toneladas) e Valor (Mil Reais) da Produção por Tipo de Lavoura Temporária - 2024 ri guama","..\..\Desktop\tabelas-powerBI\6 Guamá\Tabela 44 - Área colhida (Hectares), Quantidade Produzida (Toneladas) e Valor (Mil Reais) da Produção por Tipo de Lavoura Temporária - 2024 ri guama.xlsx",Guamá,4640906,3972.0
São Miguel do Guamá,70,1890,3935,-,-,-,-,-,-,-,-,-,-,-,-,-,-,-,6 Guamá,44,"Área colhida (Hectares), Quantidade Produzida (Toneladas) e Valor (Mil Reais) da Produção por Tipo de Lavoura Temporária - 2024 ri guama",20,"Tabela 44 - Área colhida (Hectares), Quantidade Produzida (Toneladas) e Valor (Mil Reais) da Produção por Tipo de Lavoura Temporária - 2024 ri guama","..\..\Desktop\tabelas-powerBI\6 Guamá\Tabela 44 - Área colhida (Hectares), Quantidade Produzida (Toneladas) e Valor (Mil Reais) da Produção por Tipo de Lavoura Temporária - 2024 ri guama.xlsx",Guamá,4640906,59828.0
Terra Alta,10,297,705,-,-,-,-,-,-,-,-,-,-,-,-,-,-,-,6 Guamá,44,"Área colhida (Hectares), Quantidade Produzida (Toneladas) e Valor (Mil Reais) da Produção por Tipo de Lavoura Temporária - 2024 ri guama",20,"Tabela 44 - Área colhida (Hectares), Quantidade Produzida (Toneladas) e Valor (Mil Reais) da Produção por Tipo de Lavoura Temporária - 2024 ri guama","..\..\Desktop\tabelas-powerBI\6 Guamá\Tabela 44 - Área colhida (Hectares), Quantidade Produzida (Toneladas) e Valor (Mil Reais) da Produção por Tipo de Lavoura Temporária - 2024 ri guama.xlsx",Guamá,4640906,3214.0
Vigia,10,250,623,-,-,-,-,-,-,-,-,-,-,-,-,-,-,-,6 Guamá,44,"Área colhida (Hectares), Quantidade Produzida (Toneladas) e Valor (Mil Reais) da Produção por Tipo de Lavoura Temporária - 2024 ri guama",20,"Tabela 44 - Área colhida (Hectares), Quantidade Produzida (Toneladas) e Valor (Mil Reais) da Produção por Tipo de Lavoura Temporária - 2024 ri guama","..\..\Desktop\tabelas-powerBI\6 Guamá\Tabela 44 - Área colhida (Hectares), Quantidade Produzida (Toneladas) e Valor (Mil Reais) da Produção por Tipo de Lavoura Temporária - 2024 ri guama.xlsx",Guamá,4640906,6628.0
Fonte: IBGE/PAM,,,,,,,,,,,,,,,,,,,6 Guamá,44,"Área colhida (Hectares), Quantidade Produzida (Toneladas) e Valor (Mil Reais) da Produção por Tipo de Lavoura Temporária - 2024 ri guama",20,"Tabela 44 - Área colhida (Hectares), Quantidade Produzida (Toneladas) e Valor (Mil Reais) da Produção por Tipo de Lavoura Temporária - 2024 ri guama","..\..\Desktop\tabelas-powerBI\6 Guamá\Tabela 44 - Área colhida (Hectares), Quantidade Produzida (Toneladas) e Valor (Mil Reais) da Produção por Tipo de Lavoura Temporária - 2024 ri guama.xlsx",Guamá,4640906,
Elaboração: FAPESPA,,,,,,,,,,,,,,,,,,,6 Guamá,44,"Área colhida (Hectares), Quantidade Produzida (Toneladas) e Valor (Mil Reais) da Produção por Tipo de Lavoura Temporária - 2024 ri guama",20,"Tabela 44 - Área colhida (Hectares), Quantidade Produzida (Toneladas) e Valor (Mil Reais) da Produção por Tipo de Lavoura Temporária - 2024 ri guama","..\..\Desktop\tabelas-powerBI\6 Guamá\Tabela 44 - Área colhida (Hectares), Quantidade Produzida (Toneladas) e Valor (Mil Reais) da Produção por Tipo de Lavoura Temporária - 2024 ri guama.xlsx",Guamá,4640906,
Nota: A quantidade produzida de abacaxi é expressa em mil frutos,,,,,,,,,,,,,,,,,,,6 Guamá,44,"Área colhida (Hectares), Quantidade Produzida (Toneladas) e Valor (Mil Reais) da Produção por Tipo de Lavoura Temporária - 2024 ri guama",20,"Tabela 44 - Área colhida (Hectares), Quantidade Produzida (Toneladas) e Valor (Mil Reais) da Produção por Tipo de Lavoura Temporária - 2024 ri guama","..\..\Desktop\tabelas-powerBI\6 Guamá\Tabela 44 - Área colhida (Hectares), Quantidade Produzida (Toneladas) e Valor (Mil Reais) da Produção por Tipo de Lavoura Temporária - 2024 ri guama.xlsx",Guamá,4640906,
RI Guamá,398,10574,23592,187,156,317,125,7400,3169,255,5400,9877,0,0,0,0,0,0,6 Guamá,44,"Área colhida (Hectares), Quantidade Produzida (Toneladas) e Valor (Mil Reais) da Produção por Tipo de Lavoura Temporária - 2024 ri guama",20,"Tabela 44 - Área colhida (Hectares), Quantidade Produzida (Toneladas) e Valor (Mil Reais) da Produção por Tipo de Lavoura Temporária - 2024 ri guama","..\..\Desktop\tabelas-powerBI\6 Guamá\Tabela 44 - Área colhida (Hectares), Quantidade Produzida (Toneladas) e Valor (Mil Reais) da Produção por Tipo de Lavoura Temporária - 2024 ri guama.xlsx",Guamá,477562,3387.0
Castanhal,30,900,1800,-,-,-,-,-,-,-,-,-,-,-,-,-,-,-,6 Guamá,44,"Área colhida (Hectares), Quantidade Produzida (Toneladas) e Valor (Mil Reais) da Produção por Tipo de Lavoura Temporária - 2024 ri guama",20,"Tabela 44 - Área colhida (Hectares), Quantidade Produzida (Toneladas) e Valor (Mil Reais) da Produção por Tipo de Lavoura Temporária - 2024 ri guama","..\..\Desktop\tabelas-powerBI\6 Guamá\Tabela 44 - Área colhida (Hectares), Quantidade Produzida (Toneladas) e Valor (Mil Reais) da Produção por Tipo de Lavoura Temporária - 2024 ri guama.xlsx",Guamá,477562,400.0
Colares,-,-,-,-,-,-,-,-,-,-,-,-,-,-,-,-,-,-,6 Guamá,44,"Área colhida (Hectares), Quantidade Produzida (Toneladas) e Valor (Mil Reais) da Produção por Tipo de Lavoura Temporária - 2024 ri guama",20,"Tabela 44 - Área colhida (Hectares), Quantidade Produzida (Toneladas) e Valor (Mil Reais) da Produção por Tipo de Lavoura Temporária - 2024 ri guama","..\..\Desktop\tabelas-powerBI\6 Guamá\Tabela 44 - Área colhida (Hectares), Quantidade Produzida (Toneladas) e Valor (Mil Reais) da Produção por Tipo de Lavoura Temporária - 2024 ri guama.xlsx",Guamá,477562,10.0
Curuçá,45,1089,2472,-,-,-,-,-,-,35,770,1463,-,-,-,-,-,-,6 Guamá,44,"Área colhida (Hectares), Quantidade Produzida (Toneladas) e Valor (Mil Reais) da Produção por Tipo de Lavoura Temporária - 2024 ri guama",20,"Tabela 44 - Área colhida (Hectares), Quantidade Produzida (Toneladas) e Valor (Mil Reais) da Produção por Tipo de Lavoura Temporária - 2024 ri guama","..\..\Desktop\tabelas-powerBI\6 Guamá\Tabela 44 - Área colhida (Hectares), Quantidade Produzida (Toneladas) e Valor (Mil Reais) da Produção por Tipo de Lavoura Temporária - 2024 ri guama.xlsx",Guamá,477562,20.0
Igarapé-Açu,5,125,276,-,-,-,15,900,428,80,1760,3485,-,-,-,-,-,-,6 Guamá,44,"Área colhida (Hectares), Quantidade Produzida (Toneladas) e Valor (Mil Reais) da Produção por Tipo de Lavoura Temporária - 2024 ri guama",20,"Tabela 44 - Área colhida (Hectares), Quantidade Produzida (Toneladas) e Valor (Mil Reais) da Produção por Tipo de Lavoura Temporária - 2024 ri guama","..\..\Desktop\tabelas-powerBI\6 Guamá\Tabela 44 - Área colhida (Hectares), Quantidade Produzida (Toneladas) e Valor (Mil Reais) da Produção por Tipo de Lavoura Temporária - 2024 ri guama.xlsx",Guamá,477562,130.0
Inhangapi,30,920,1892,5,10,20,-,-,-,-,-,-,-,-,-,-,-,-,6 Guamá,44,"Área colhida (Hectares), Quantidade Produzida (Toneladas) e Valor (Mil Reais) da Produção por Tipo de Lavoura Temporária - 2024 ri guama",20,"Tabela 44 - Área colhida (Hectares), Quantidade Produzida (Toneladas) e Valor (Mil Reais) da Produção por Tipo de Lavoura Temporária - 2024 ri guama","..\..\Desktop\tabelas-powerBI\6 Guamá\Tabela 44 - Área colhida (Hectares), Quantidade Produzida (Toneladas) e Valor (Mil Reais) da Produção por Tipo de Lavoura Temporária - 2024 ri guama.xlsx",Guamá,477562,10.0
Magalhães Barata,-,-,-,10,6,13,-,-,-,-,-,-,-,-,-,-,-,-,6 Guamá,44,"Área colhida (Hectares), Quantidade Produzida (Toneladas) e Valor (Mil Reais) da Produção por Tipo de Lavoura Temporária - 2024 ri guama",20,"Tabela 44 - Área colhida (Hectares), Quantidade Produzida (Toneladas) e Valor (Mil Reais) da Produção por Tipo de Lavoura Temporária - 2024 ri guama","..\..\Desktop\tabelas-powerBI\6 Guamá\Tabela 44 - Área colhida (Hectares), Quantidade Produzida (Toneladas) e Valor (Mil Reais) da Produção por Tipo de Lavoura Temporária - 2024 ri guama.xlsx",Guamá,477562,30.0
Maracanã,20,433,878,40,20,39,-,-,-,30,660,894,-,-,-,-,-,-,6 Guamá,44,"Área colhida (Hectares), Quantidade Produzida (Toneladas) e Valor (Mil Reais) da Produção por Tipo de Lavoura Temporária - 2024 ri guama",20,"Tabela 44 - Área colhida (Hectares), Quantidade Produzida (Toneladas) e Valor (Mil Reais) da Produção por Tipo de Lavoura Temporária - 2024 ri guama","..\..\Desktop\tabelas-powerBI\6 Guamá\Tabela 44 - Área colhida (Hectares), Quantidade Produzida (Toneladas) e Valor (Mil Reais) da Produção por Tipo de Lavoura Temporária - 2024 ri guama.xlsx",Guamá,477562,250.0
Marapanim,13,325,773,20,17,32,-,-,-,60,1320,2767,-,-,-,-,-,-,6 Guamá,44,"Área colhida (Hectares), Quantidade Produzida (Toneladas) e Valor (Mil Reais) da Produção por Tipo de Lavoura Temporária - 2024 ri guama",20,"Tabela 44 - Área colhida (Hectares), Quantidade Produzida (Toneladas) e Valor (Mil Reais) da Produção por Tipo de Lavoura Temporária - 2024 ri guama","..\..\Desktop\tabelas-powerBI\6 Guamá\Tabela 44 - Área colhida (Hectares), Quantidade Produzida (Toneladas) e Valor (Mil Reais) da Produção por Tipo de Lavoura Temporária - 2024 ri guama.xlsx",Guamá,477562,40.0
Santa Izabel do Pará,-,-,-,-,-,-,-,-,-,-,-,-,-,-,-,-,-,-,6 Guamá,44,"Área colhida (Hectares), Quantidade Produzida (Toneladas) e Valor (Mil Reais) da Produção por Tipo de Lavoura Temporária - 2024 ri guama",20,"Tabela 44 - Área colhida (Hectares), Quantidade Produzida (Toneladas) e Valor (Mil Reais) da Produção por Tipo de Lavoura Temporária - 2024 ri guama","..\..\Desktop\tabelas-powerBI\6 Guamá\Tabela 44 - Área colhida (Hectares), Quantidade Produzida (Toneladas) e Valor (Mil Reais) da Produção por Tipo de Lavoura Temporária - 2024 ri guama.xlsx",Guamá,477562,
Santa Maria do Pará,20,600,1297,-,-,-,-,-,-,-,-,-,-,-,-,-,-,-,6 Guamá,44,"Área colhida (Hectares), Quantidade Produzida (Toneladas) e Valor (Mil Reais) da Produção por Tipo de Lavoura Temporária - 2024 ri guama",20,"Tabela 44 - Área colhida (Hectares), Quantidade Produzida (Toneladas) e Valor (Mil Reais) da Produção por Tipo de Lavoura Temporária - 2024 ri guama","..\..\Desktop\tabelas-powerBI\6 Guamá\Tabela 44 - Área colhida (Hectares), Quantidade Produzida (Toneladas) e Valor (Mil Reais) da Produção por Tipo de Lavoura Temporária - 2024 ri guama.xlsx",Guamá,477562,700.0
Santo Antônio do Tauá,20,360,900,-,-,-,-,-,-,-,-,-,-,-,-,-,-,-,6 Guamá,44,"Área colhida (Hectares), Quantidade Produzida (Toneladas) e Valor (Mil Reais) da Produção por Tipo de Lavoura Temporária - 2024 ri guama",20,"Tabela 44 - Área colhida (Hectares), Quantidade Produzida (Toneladas) e Valor (Mil Reais) da Produção por Tipo de Lavoura Temporária - 2024 ri guama","..\..\Desktop\tabelas-powerBI\6 Guamá\Tabela 44 - Área colhida (Hectares), Quantidade Produzida (Toneladas) e Valor (Mil Reais) da Produção por Tipo de Lavoura Temporária - 2024 ri guama.xlsx",Guamá,477562,60.0
São Caetano de Odivelas,30,660,1320,50,45,90,10,500,150,30,450,675,-,-,-,-,-,-,6 Guamá,44,"Área colhida (Hectares), Quantidade Produzida (Toneladas) e Valor (Mil Reais) da Produção por Tipo de Lavoura Temporária - 2024 ri guama",20,"Tabela 44 - Área colhida (Hectares), Quantidade Produzida (Toneladas) e Valor (Mil Reais) da Produção por Tipo de Lavoura Temporária - 2024 ri guama","..\..\Desktop\tabelas-powerBI\6 Guamá\Tabela 44 - Área colhida (Hectares), Quantidade Produzida (Toneladas) e Valor (Mil Reais) da Produção por Tipo de Lavoura Temporária - 2024 ri guama.xlsx",Guamá,477562,60.0
São Domingos do Capim,-,-,-,50,52,105,-,-,-,-,-,-,-,-,-,-,-,-,6 Guamá,44,"Área colhida (Hectares), Quantidade Produzida (Toneladas) e Valor (Mil Reais) da Produção por Tipo de Lavoura Temporária - 2024 ri guama",20,"Tabela 44 - Área colhida (Hectares), Quantidade Produzida (Toneladas) e Valor (Mil Reais) da Produção por Tipo de Lavoura Temporária - 2024 ri guama","..\..\Desktop\tabelas-powerBI\6 Guamá\Tabela 44 - Área colhida (Hectares), Quantidade Produzida (Toneladas) e Valor (Mil Reais) da Produção por Tipo de Lavoura Temporária - 2024 ri guama.xlsx",Guamá,477562,350.0
São Francisco do Pará,15,325,685,-,-,-,100,6000,2591,20,440,593,-,-,-,-,-,-,6 Guamá,44,"Área colhida (Hectares), Quantidade Produzida (Toneladas) e Valor (Mil Reais) da Produção por Tipo de Lavoura Temporária - 2024 ri guama",20,"Tabela 44 - Área colhida (Hectares), Quantidade Produzida (Toneladas) e Valor (Mil Reais) da Produção por Tipo de Lavoura Temporária - 2024 ri guama","..\..\Desktop\tabelas-powerBI\6 Guamá\Tabela 44 - Área colhida (Hectares), Quantidade Produzida (Toneladas) e Valor (Mil Reais) da Produção por Tipo de Lavoura Temporária - 2024 ri guama.xlsx",Guamá,477562,300.0
São João da Ponta,80,2400,6036,12,6,18,-,-,-,-,-,-,-,-,-,-,-,-,6 Guamá,44,"Área colhida (Hectares), Quantidade Produzida (Toneladas) e Valor (Mil Reais) da Produção por Tipo de Lavoura Temporária - 2024 ri guama",20,"Tabela 44 - Área colhida (Hectares), Quantidade Produzida (Toneladas) e Valor (Mil Reais) da Produção por Tipo de Lavoura Temporária - 2024 ri guama","..\..\Desktop\tabelas-powerBI\6 Guamá\Tabela 44 - Área colhida (Hectares), Quantidade Produzida (Toneladas) e Valor (Mil Reais) da Produção por Tipo de Lavoura Temporária - 2024 ri guama.xlsx",Guamá,477562,22.0
São Miguel do Guamá,70,1890,3935,-,-,-,-,-,-,-,-,-,-,-,-,-,-,-,6 Guamá,44,"Área colhida (Hectares), Quantidade Produzida (Toneladas) e Valor (Mil Reais) da Produção por Tipo de Lavoura Temporária - 2024 ri guama",20,"Tabela 44 - Área colhida (Hectares), Quantidade Produzida (Toneladas) e Valor (Mil Reais) da Produção por Tipo de Lavoura Temporária - 2024 ri guama","..\..\Desktop\tabelas-powerBI\6 Guamá\Tabela 44 - Área colhida (Hectares), Quantidade Produzida (Toneladas) e Valor (Mil Reais) da Produção por Tipo de Lavoura Temporária - 2024 ri guama.xlsx",Guamá,477562,1000.0
Terra Alta,10,297,705,-,-,-,-,-,-,-,-,-,-,-,-,-,-,-,6 Guamá,44,"Área colhida (Hectares), Quantidade Produzida (Toneladas) e Valor (Mil Reais) da Produção por Tipo de Lavoura Temporária - 2024 ri guama",20,"Tabela 44 - Área colhida (Hectares), Quantidade Produzida (Toneladas) e Valor (Mil Reais) da Produção por Tipo de Lavoura Temporária - 2024 ri guama","..\..\Desktop\tabelas-powerBI\6 Guamá\Tabela 44 - Área colhida (Hectares), Quantidade Produzida (Toneladas) e Valor (Mil Reais) da Produção por Tipo de Lavoura Temporária - 2024 ri guama.xlsx",Guamá,477562,5.0
Vigia,10,250,623,-,-,-,-,-,-,-,-,-,-,-,-,-,-,-,6 Guamá,44,"Área colhida (Hectares), Quantidade Produzida (Toneladas) e Valor (Mil Reais) da Produção por Tipo de Lavoura Temporária - 2024 ri guama",20,"Tabela 44 - Área colhida (Hectares), Quantidade Produzida (Toneladas) e Valor (Mil Reais) da Produção por Tipo de Lavoura Temporária - 2024 ri guama","..\..\Desktop\tabelas-powerBI\6 Guamá\Tabela 44 - Área colhida (Hectares), Quantidade Produzida (Toneladas) e Valor (Mil Reais) da Produção por Tipo de Lavoura Temporária - 2024 ri guama.xlsx",Guamá,477562,
Fonte: IBGE/PAM,,,,,,,,,,,,,,,,,,,6 Guamá,44,"Área colhida (Hectares), Quantidade Produzida (Toneladas) e Valor (Mil Reais) da Produção por Tipo de Lavoura Temporária - 2024 ri guama",20,"Tabela 44 - Área colhida (Hectares), Quantidade Produzida (Toneladas) e Valor (Mil Reais) da Produção por Tipo de Lavoura Temporária - 2024 ri guama","..\..\Desktop\tabelas-powerBI\6 Guamá\Tabela 44 - Área colhida (Hectares), Quantidade Produzida (Toneladas) e Valor (Mil Reais) da Produção por Tipo de Lavoura Temporária - 2024 ri guama.xlsx",Guamá,477562,
Elaboração: FAPESPA,,,,,,,,,,,,,,,,,,,6 Guamá,44,"Área colhida (Hectares), Quantidade Produzida (Toneladas) e Valor (Mil Reais) da Produção por Tipo de Lavoura Temporária - 2024 ri guama",20,"Tabela 44 - Área colhida (Hectares), Quantidade Produzida (Toneladas) e Valor (Mil Reais) da Produção por Tipo de Lavoura Temporária - 2024 ri guama","..\..\Desktop\tabelas-powerBI\6 Guamá\Tabela 44 - Área colhida (Hectares), Quantidade Produzida (Toneladas) e Valor (Mil Reais) da Produção por Tipo de Lavoura Temporária - 2024 ri guama.xlsx",Guamá,477562,
Nota: A quantidade produzida de abacaxi é expressa em mil frutos,,,,,,,,,,,,,,,,,,,6 Guamá,44,"Área colhida (Hectares), Quantidade Produzida (Toneladas) e Valor (Mil Reais) da Produção por Tipo de Lavoura Temporária - 2024 ri guama",20,"Tabela 44 - Área colhida (Hectares), Quantidade Produzida (Toneladas) e Valor (Mil Reais) da Produção por Tipo de Lavoura Temporária - 2024 ri guama","..\..\Desktop\tabelas-powerBI\6 Guamá\Tabela 44 - Área colhida (Hectares), Quantidade Produzida (Toneladas) e Valor (Mil Reais) da Produção por Tipo de Lavoura Temporária - 2024 ri guama.xlsx",Guamá,477562,
RI Guamá,398,10574,23592,187,156,317,125,7400,3169,255,5400,9877,0,0,0,0,0,0,6 Guamá,44,"Área colhida (Hectares), Quantidade Produzida (Toneladas) e Valor (Mil Reais) da Produção por Tipo de Lavoura Temporária - 2024 ri guama",20,"Tabela 44 - Área colhida (Hectares), Quantidade Produzida (Toneladas) e Valor (Mil Reais) da Produção por Tipo de Lavoura Temporária - 2024 ri guama","..\..\Desktop\tabelas-powerBI\6 Guamá\Tabela 44 - Área colhida (Hectares), Quantidade Produzida (Toneladas) e Valor (Mil Reais) da Produção por Tipo de Lavoura Temporária - 2024 ri guama.xlsx",Guamá,1759249,2446.0
Castanhal,30,900,1800,-,-,-,-,-,-,-,-,-,-,-,-,-,-,-,6 Guamá,44,"Área colhida (Hectares), Quantidade Produzida (Toneladas) e Valor (Mil Reais) da Produção por Tipo de Lavoura Temporária - 2024 ri guama",20,"Tabela 44 - Área colhida (Hectares), Quantidade Produzida (Toneladas) e Valor (Mil Reais) da Produção por Tipo de Lavoura Temporária - 2024 ri guama","..\..\Desktop\tabelas-powerBI\6 Guamá\Tabela 44 - Área colhida (Hectares), Quantidade Produzida (Toneladas) e Valor (Mil Reais) da Produção por Tipo de Lavoura Temporária - 2024 ri guama.xlsx",Guamá,1759249,322.0
Colares,-,-,-,-,-,-,-,-,-,-,-,-,-,-,-,-,-,-,6 Guamá,44,"Área colhida (Hectares), Quantidade Produzida (Toneladas) e Valor (Mil Reais) da Produção por Tipo de Lavoura Temporária - 2024 ri guama",20,"Tabela 44 - Área colhida (Hectares), Quantidade Produzida (Toneladas) e Valor (Mil Reais) da Produção por Tipo de Lavoura Temporária - 2024 ri guama","..\..\Desktop\tabelas-powerBI\6 Guamá\Tabela 44 - Área colhida (Hectares), Quantidade Produzida (Toneladas) e Valor (Mil Reais) da Produção por Tipo de Lavoura Temporária - 2024 ri guama.xlsx",Guamá,1759249,7.0
Curuçá,45,1089,2472,-,-,-,-,-,-,35,770,1463,-,-,-,-,-,-,6 Guamá,44,"Área colhida (Hectares), Quantidade Produzida (Toneladas) e Valor (Mil Reais) da Produção por Tipo de Lavoura Temporária - 2024 ri guama",20,"Tabela 44 - Área colhida (Hectares), Quantidade Produzida (Toneladas) e Valor (Mil Reais) da Produção por Tipo de Lavoura Temporária - 2024 ri guama","..\..\Desktop\tabelas-powerBI\6 Guamá\Tabela 44 - Área colhida (Hectares), Quantidade Produzida (Toneladas) e Valor (Mil Reais) da Produção por Tipo de Lavoura Temporária - 2024 ri guama.xlsx",Guamá,1759249,12.0
Igarapé-Açu,5,125,276,-,-,-,15,900,428,80,1760,3485,-,-,-,-,-,-,6 Guamá,44,"Área colhida (Hectares), Quantidade Produzida (Toneladas) e Valor (Mil Reais) da Produção por Tipo de Lavoura Temporária - 2024 ri guama",20,"Tabela 44 - Área colhida (Hectares), Quantidade Produzida (Toneladas) e Valor (Mil Reais) da Produção por Tipo de Lavoura Temporária - 2024 ri guama","..\..\Desktop\tabelas-powerBI\6 Guamá\Tabela 44 - Área colhida (Hectares), Quantidade Produzida (Toneladas) e Valor (Mil Reais) da Produção por Tipo de Lavoura Temporária - 2024 ri guama.xlsx",Guamá,1759249,143.0
Inhangapi,30,920,1892,5,10,20,-,-,-,-,-,-,-,-,-,-,-,-,6 Guamá,44,"Área colhida (Hectares), Quantidade Produzida (Toneladas) e Valor (Mil Reais) da Produção por Tipo de Lavoura Temporária - 2024 ri guama",20,"Tabela 44 - Área colhida (Hectares), Quantidade Produzida (Toneladas) e Valor (Mil Reais) da Produção por Tipo de Lavoura Temporária - 2024 ri guama","..\..\Desktop\tabelas-powerBI\6 Guamá\Tabela 44 - Área colhida (Hectares), Quantidade Produzida (Toneladas) e Valor (Mil Reais) da Produção por Tipo de Lavoura Temporária - 2024 ri guama.xlsx",Guamá,1759249,25.0
Magalhães Barata,-,-,-,10,6,13,-,-,-,-,-,-,-,-,-,-,-,-,6 Guamá,44,"Área colhida (Hectares), Quantidade Produzida (Toneladas) e Valor (Mil Reais) da Produção por Tipo de Lavoura Temporária - 2024 ri guama",20,"Tabela 44 - Área colhida (Hectares), Quantidade Produzida (Toneladas) e Valor (Mil Reais) da Produção por Tipo de Lavoura Temporária - 2024 ri guama","..\..\Desktop\tabelas-powerBI\6 Guamá\Tabela 44 - Área colhida (Hectares), Quantidade Produzida (Toneladas) e Valor (Mil Reais) da Produção por Tipo de Lavoura Temporária - 2024 ri guama.xlsx",Guamá,1759249,27.0
Maracanã,20,433,878,40,20,39,-,-,-,30,660,894,-,-,-,-,-,-,6 Guamá,44,"Área colhida (Hectares), Quantidade Produzida (Toneladas) e Valor (Mil Reais) da Produção por Tipo de Lavoura Temporária - 2024 ri guama",20,"Tabela 44 - Área colhida (Hectares), Quantidade Produzida (Toneladas) e Valor (Mil Reais) da Produção por Tipo de Lavoura Temporária - 2024 ri guama","..\..\Desktop\tabelas-powerBI\6 Guamá\Tabela 44 - Área colhida (Hectares), Quantidade Produzida (Toneladas) e Valor (Mil Reais) da Produção por Tipo de Lavoura Temporária - 2024 ri guama.xlsx",Guamá,1759249,150.0
Marapanim,13,325,773,20,17,32,-,-,-,60,1320,2767,-,-,-,-,-,-,6 Guamá,44,"Área colhida (Hectares), Quantidade Produzida (Toneladas) e Valor (Mil Reais) da Produção por Tipo de Lavoura Temporária - 2024 ri guama",20,"Tabela 44 - Área colhida (Hectares), Quantidade Produzida (Toneladas) e Valor (Mil Reais) da Produção por Tipo de Lavoura Temporária - 2024 ri guama","..\..\Desktop\tabelas-powerBI\6 Guamá\Tabela 44 - Área colhida (Hectares), Quantidade Produzida (Toneladas) e Valor (Mil Reais) da Produção por Tipo de Lavoura Temporária - 2024 ri guama.xlsx",Guamá,1759249,42.0
Santa Izabel do Pará,-,-,-,-,-,-,-,-,-,-,-,-,-,-,-,-,-,-,6 Guamá,44,"Área colhida (Hectares), Quantidade Produzida (Toneladas) e Valor (Mil Reais) da Produção por Tipo de Lavoura Temporária - 2024 ri guama",20,"Tabela 44 - Área colhida (Hectares), Quantidade Produzida (Toneladas) e Valor (Mil Reais) da Produção por Tipo de Lavoura Temporária - 2024 ri guama","..\..\Desktop\tabelas-powerBI\6 Guamá\Tabela 44 - Área colhida (Hectares), Quantidade Produzida (Toneladas) e Valor (Mil Reais) da Produção por Tipo de Lavoura Temporária - 2024 ri guama.xlsx",Guamá,1759249,
Santa Maria do Pará,20,600,1297,-,-,-,-,-,-,-,-,-,-,-,-,-,-,-,6 Guamá,44,"Área colhida (Hectares), Quantidade Produzida (Toneladas) e Valor (Mil Reais) da Produção por Tipo de Lavoura Temporária - 2024 ri guama",20,"Tabela 44 - Área colhida (Hectares), Quantidade Produzida (Toneladas) e Valor (Mil Reais) da Produção por Tipo de Lavoura Temporária - 2024 ri guama","..\..\Desktop\tabelas-powerBI\6 Guamá\Tabela 44 - Área colhida (Hectares), Quantidade Produzida (Toneladas) e Valor (Mil Reais) da Produção por Tipo de Lavoura Temporária - 2024 ri guama.xlsx",Guamá,1759249,490.0
Santo Antônio do Tauá,20,360,900,-,-,-,-,-,-,-,-,-,-,-,-,-,-,-,6 Guamá,44,"Área colhida (Hectares), Quantidade Produzida (Toneladas) e Valor (Mil Reais) da Produção por Tipo de Lavoura Temporária - 2024 ri guama",20,"Tabela 44 - Área colhida (Hectares), Quantidade Produzida (Toneladas) e Valor (Mil Reais) da Produção por Tipo de Lavoura Temporária - 2024 ri guama","..\..\Desktop\tabelas-powerBI\6 Guamá\Tabela 44 - Área colhida (Hectares), Quantidade Produzida (Toneladas) e Valor (Mil Reais) da Produção por Tipo de Lavoura Temporária - 2024 ri guama.xlsx",Guamá,1759249,42.0
São Caetano de Odivelas,30,660,1320,50,45,90,10,500,150,30,450,675,-,-,-,-,-,-,6 Guamá,44,"Área colhida (Hectares), Quantidade Produzida (Toneladas) e Valor (Mil Reais) da Produção por Tipo de Lavoura Temporária - 2024 ri guama",20,"Tabela 44 - Área colhida (Hectares), Quantidade Produzida (Toneladas) e Valor (Mil Reais) da Produção por Tipo de Lavoura Temporária - 2024 ri guama","..\..\Desktop\tabelas-powerBI\6 Guamá\Tabela 44 - Área colhida (Hectares), Quantidade Produzida (Toneladas) e Valor (Mil Reais) da Produção por Tipo de Lavoura Temporária - 2024 ri guama.xlsx",Guamá,1759249,108.0
São Domingos do Capim,-,-,-,50,52,105,-,-,-,-,-,-,-,-,-,-,-,-,6 Guamá,44,"Área colhida (Hectares), Quantidade Produzida (Toneladas) e Valor (Mil Reais) da Produção por Tipo de Lavoura Temporária - 2024 ri guama",20,"Tabela 44 - Área colhida (Hectares), Quantidade Produzida (Toneladas) e Valor (Mil Reais) da Produção por Tipo de Lavoura Temporária - 2024 ri guama","..\..\Desktop\tabelas-powerBI\6 Guamá\Tabela 44 - Área colhida (Hectares), Quantidade Produzida (Toneladas) e Valor (Mil Reais) da Produção por Tipo de Lavoura Temporária - 2024 ri guama.xlsx",Guamá,1759249,280.0
São Francisco do Pará,15,325,685,-,-,-,100,6000,2591,20,440,593,-,-,-,-,-,-,6 Guamá,44,"Área colhida (Hectares), Quantidade Produzida (Toneladas) e Valor (Mil Reais) da Produção por Tipo de Lavoura Temporária - 2024 ri guama",20,"Tabela 44 - Área colhida (Hectares), Quantidade Produzida (Toneladas) e Valor (Mil Reais) da Produção por Tipo de Lavoura Temporária - 2024 ri guama","..\..\Desktop\tabelas-powerBI\6 Guamá\Tabela 44 - Área colhida (Hectares), Quantidade Produzida (Toneladas) e Valor (Mil Reais) da Produção por Tipo de Lavoura Temporária - 2024 ri guama.xlsx",Guamá,1759249,180.0
São João da Ponta,80,2400,6036,12,6,18,-,-,-,-,-,-,-,-,-,-,-,-,6 Guamá,44,"Área colhida (Hectares), Quantidade Produzida (Toneladas) e Valor (Mil Reais) da Produção por Tipo de Lavoura Temporária - 2024 ri guama",20,"Tabela 44 - Área colhida (Hectares), Quantidade Produzida (Toneladas) e Valor (Mil Reais) da Produção por Tipo de Lavoura Temporária - 2024 ri guama","..\..\Desktop\tabelas-powerBI\6 Guamá\Tabela 44 - Área colhida (Hectares), Quantidade Produzida (Toneladas) e Valor (Mil Reais) da Produção por Tipo de Lavoura Temporária - 2024 ri guama.xlsx",Guamá,1759249,14.0
São Miguel do Guamá,70,1890,3935,-,-,-,-,-,-,-,-,-,-,-,-,-,-,-,6 Guamá,44,"Área colhida (Hectares), Quantidade Produzida (Toneladas) e Valor (Mil Reais) da Produção por Tipo de Lavoura Temporária - 2024 ri guama",20,"Tabela 44 - Área colhida (Hectares), Quantidade Produzida (Toneladas) e Valor (Mil Reais) da Produção por Tipo de Lavoura Temporária - 2024 ri guama","..\..\Desktop\tabelas-powerBI\6 Guamá\Tabela 44 - Área colhida (Hectares), Quantidade Produzida (Toneladas) e Valor (Mil Reais) da Produção por Tipo de Lavoura Temporária - 2024 ri guama.xlsx",Guamá,1759249,600.0
Terra Alta,10,297,705,-,-,-,-,-,-,-,-,-,-,-,-,-,-,-,6 Guamá,44,"Área colhida (Hectares), Quantidade Produzida (Toneladas) e Valor (Mil Reais) da Produção por Tipo de Lavoura Temporária - 2024 ri guama",20,"Tabela 44 - Área colhida (Hectares), Quantidade Produzida (Toneladas) e Valor (Mil Reais) da Produção por Tipo de Lavoura Temporária - 2024 ri guama","..\..\Desktop\tabelas-powerBI\6 Guamá\Tabela 44 - Área colhida (Hectares), Quantidade Produzida (Toneladas) e Valor (Mil Reais) da Produção por Tipo de Lavoura Temporária - 2024 ri guama.xlsx",Guamá,1759249,4.0
Vigia,10,250,623,-,-,-,-,-,-,-,-,-,-,-,-,-,-,-,6 Guamá,44,"Área colhida (Hectares), Quantidade Produzida (Toneladas) e Valor (Mil Reais) da Produção por Tipo de Lavoura Temporária - 2024 ri guama",20,"Tabela 44 - Área colhida (Hectares), Quantidade Produzida (Toneladas) e Valor (Mil Reais) da Produção por Tipo de Lavoura Temporária - 2024 ri guama","..\..\Desktop\tabelas-powerBI\6 Guamá\Tabela 44 - Área colhida (Hectares), Quantidade Produzida (Toneladas) e Valor (Mil Reais) da Produção por Tipo de Lavoura Temporária - 2024 ri guama.xlsx",Guamá,1759249,
Fonte: IBGE/PAM,,,,,,,,,,,,,,,,,,,6 Guamá,44,"Área colhida (Hectares), Quantidade Produzida (Toneladas) e Valor (Mil Reais) da Produção por Tipo de Lavoura Temporária - 2024 ri guama",20,"Tabela 44 - Área colhida (Hectares), Quantidade Produzida (Toneladas) e Valor (Mil Reais) da Produção por Tipo de Lavoura Temporária - 2024 ri guama","..\..\Desktop\tabelas-powerBI\6 Guamá\Tabela 44 - Área colhida (Hectares), Quantidade Produzida (Toneladas) e Valor (Mil Reais) da Produção por Tipo de Lavoura Temporária - 2024 ri guama.xlsx",Guamá,1759249,
Elaboração: FAPESPA,,,,,,,,,,,,,,,,,,,6 Guamá,44,"Área colhida (Hectares), Quantidade Produzida (Toneladas) e Valor (Mil Reais) da Produção por Tipo de Lavoura Temporária - 2024 ri guama",20,"Tabela 44 - Área colhida (Hectares), Quantidade Produzida (Toneladas) e Valor (Mil Reais) da Produção por Tipo de Lavoura Temporária - 2024 ri guama","..\..\Desktop\tabelas-powerBI\6 Guamá\Tabela 44 - Área colhida (Hectares), Quantidade Produzida (Toneladas) e Valor (Mil Reais) da Produção por Tipo de Lavoura Temporária - 2024 ri guama.xlsx",Guamá,1759249,
Nota: A quantidade produzida de abacaxi é expressa em mil frutos,,,,,,,,,,,,,,,,,,,6 Guamá,44,"Área colhida (Hectares), Quantidade Produzida (Toneladas) e Valor (Mil Reais) da Produção por Tipo de Lavoura Temporária - 2024 ri guama",20,"Tabela 44 - Área colhida (Hectares), Quantidade Produzida (Toneladas) e Valor (Mil Reais) da Produção por Tipo de Lavoura Temporária - 2024 ri guama","..\..\Desktop\tabelas-powerBI\6 Guamá\Tabela 44 - Área colhida (Hectares), Quantidade Produzida (Toneladas) e Valor (Mil Reais) da Produção por Tipo de Lavoura Temporária - 2024 ri guama.xlsx",Guamá,1759249,
RI Guamá,398,10574,23592,187,156,317,125,7400,3169,255,5400,9877,0,0,0,0,0,0,6 Guamá,44,"Área colhida (Hectares), Quantidade Produzida (Toneladas) e Valor (Mil Reais) da Produção por Tipo de Lavoura Temporária - 2024 ri guama",20,"Tabela 44 - Área colhida (Hectares), Quantidade Produzida (Toneladas) e Valor (Mil Reais) da Produção por Tipo de Lavoura Temporária - 2024 ri guama","..\..\Desktop\tabelas-powerBI\6 Guamá\Tabela 44 - Área colhida (Hectares), Quantidade Produzida (Toneladas) e Valor (Mil Reais) da Produção por Tipo de Lavoura Temporária - 2024 ri guama.xlsx",Guamá,1562172,3709.0
Castanhal,30,900,1800,-,-,-,-,-,-,-,-,-,-,-,-,-,-,-,6 Guamá,44,"Área colhida (Hectares), Quantidade Produzida (Toneladas) e Valor (Mil Reais) da Produção por Tipo de Lavoura Temporária - 2024 ri guama",20,"Tabela 44 - Área colhida (Hectares), Quantidade Produzida (Toneladas) e Valor (Mil Reais) da Produção por Tipo de Lavoura Temporária - 2024 ri guama","..\..\Desktop\tabelas-powerBI\6 Guamá\Tabela 44 - Área colhida (Hectares), Quantidade Produzida (Toneladas) e Valor (Mil Reais) da Produção por Tipo de Lavoura Temporária - 2024 ri guama.xlsx",Guamá,1562172,503.0
Colares,-,-,-,-,-,-,-,-,-,-,-,-,-,-,-,-,-,-,6 Guamá,44,"Área colhida (Hectares), Quantidade Produzida (Toneladas) e Valor (Mil Reais) da Produção por Tipo de Lavoura Temporária - 2024 ri guama",20,"Tabela 44 - Área colhida (Hectares), Quantidade Produzida (Toneladas) e Valor (Mil Reais) da Produção por Tipo de Lavoura Temporária - 2024 ri guama","..\..\Desktop\tabelas-powerBI\6 Guamá\Tabela 44 - Área colhida (Hectares), Quantidade Produzida (Toneladas) e Valor (Mil Reais) da Produção por Tipo de Lavoura Temporária - 2024 ri guama.xlsx",Guamá,1562172,11.0
Curuçá,45,1089,2472,-,-,-,-,-,-,35,770,1463,-,-,-,-,-,-,6 Guamá,44,"Área colhida (Hectares), Quantidade Produzida (Toneladas) e Valor (Mil Reais) da Produção por Tipo de Lavoura Temporária - 2024 ri guama",20,"Tabela 44 - Área colhida (Hectares), Quantidade Produzida (Toneladas) e Valor (Mil Reais) da Produção por Tipo de Lavoura Temporária - 2024 ri guama","..\..\Desktop\tabelas-powerBI\6 Guamá\Tabela 44 - Área colhida (Hectares), Quantidade Produzida (Toneladas) e Valor (Mil Reais) da Produção por Tipo de Lavoura Temporária - 2024 ri guama.xlsx",Guamá,1562172,17.0
Igarapé-Açu,5,125,276,-,-,-,15,900,428,80,1760,3485,-,-,-,-,-,-,6 Guamá,44,"Área colhida (Hectares), Quantidade Produzida (Toneladas) e Valor (Mil Reais) da Produção por Tipo de Lavoura Temporária - 2024 ri guama",20,"Tabela 44 - Área colhida (Hectares), Quantidade Produzida (Toneladas) e Valor (Mil Reais) da Produção por Tipo de Lavoura Temporária - 2024 ri guama","..\..\Desktop\tabelas-powerBI\6 Guamá\Tabela 44 - Área colhida (Hectares), Quantidade Produzida (Toneladas) e Valor (Mil Reais) da Produção por Tipo de Lavoura Temporária - 2024 ri guama.xlsx",Guamá,1562172,229.0
Inhangapi,30,920,1892,5,10,20,-,-,-,-,-,-,-,-,-,-,-,-,6 Guamá,44,"Área colhida (Hectares), Quantidade Produzida (Toneladas) e Valor (Mil Reais) da Produção por Tipo de Lavoura Temporária - 2024 ri guama",20,"Tabela 44 - Área colhida (Hectares), Quantidade Produzida (Toneladas) e Valor (Mil Reais) da Produção por Tipo de Lavoura Temporária - 2024 ri guama","..\..\Desktop\tabelas-powerBI\6 Guamá\Tabela 44 - Área colhida (Hectares), Quantidade Produzida (Toneladas) e Valor (Mil Reais) da Produção por Tipo de Lavoura Temporária - 2024 ri guama.xlsx",Guamá,1562172,38.0
Magalhães Barata,-,-,-,10,6,13,-,-,-,-,-,-,-,-,-,-,-,-,6 Guamá,44,"Área colhida (Hectares), Quantidade Produzida (Toneladas) e Valor (Mil Reais) da Produção por Tipo de Lavoura Temporária - 2024 ri guama",20,"Tabela 44 - Área colhida (Hectares), Quantidade Produzida (Toneladas) e Valor (Mil Reais) da Produção por Tipo de Lavoura Temporária - 2024 ri guama","..\..\Desktop\tabelas-powerBI\6 Guamá\Tabela 44 - Área colhida (Hectares), Quantidade Produzida (Toneladas) e Valor (Mil Reais) da Produção por Tipo de Lavoura Temporária - 2024 ri guama.xlsx",Guamá,1562172,39.0
Maracanã,20,433,878,40,20,39,-,-,-,30,660,894,-,-,-,-,-,-,6 Guamá,44,"Área colhida (Hectares), Quantidade Produzida (Toneladas) e Valor (Mil Reais) da Produção por Tipo de Lavoura Temporária - 2024 ri guama",20,"Tabela 44 - Área colhida (Hectares), Quantidade Produzida (Toneladas) e Valor (Mil Reais) da Produção por Tipo de Lavoura Temporária - 2024 ri guama","..\..\Desktop\tabelas-powerBI\6 Guamá\Tabela 44 - Área colhida (Hectares), Quantidade Produzida (Toneladas) e Valor (Mil Reais) da Produção por Tipo de Lavoura Temporária - 2024 ri guama.xlsx",Guamá,1562172,221.0
Marapanim,13,325,773,20,17,32,-,-,-,60,1320,2767,-,-,-,-,-,-,6 Guamá,44,"Área colhida (Hectares), Quantidade Produzida (Toneladas) e Valor (Mil Reais) da Produção por Tipo de Lavoura Temporária - 2024 ri guama",20,"Tabela 44 - Área colhida (Hectares), Quantidade Produzida (Toneladas) e Valor (Mil Reais) da Produção por Tipo de Lavoura Temporária - 2024 ri guama","..\..\Desktop\tabelas-powerBI\6 Guamá\Tabela 44 - Área colhida (Hectares), Quantidade Produzida (Toneladas) e Valor (Mil Reais) da Produção por Tipo de Lavoura Temporária - 2024 ri guama.xlsx",Guamá,1562172,66.0
Santa Izabel do Pará,-,-,-,-,-,-,-,-,-,-,-,-,-,-,-,-,-,-,6 Guamá,44,"Área colhida (Hectares), Quantidade Produzida (Toneladas) e Valor (Mil Reais) da Produção por Tipo de Lavoura Temporária - 2024 ri guama",20,"Tabela 44 - Área colhida (Hectares), Quantidade Produzida (Toneladas) e Valor (Mil Reais) da Produção por Tipo de Lavoura Temporária - 2024 ri guama","..\..\Desktop\tabelas-powerBI\6 Guamá\Tabela 44 - Área colhida (Hectares), Quantidade Produzida (Toneladas) e Valor (Mil Reais) da Produção por Tipo de Lavoura Temporária - 2024 ri guama.xlsx",Guamá,1562172,
Santa Maria do Pará,20,600,1297,-,-,-,-,-,-,-,-,-,-,-,-,-,-,-,6 Guamá,44,"Área colhida (Hectares), Quantidade Produzida (Toneladas) e Valor (Mil Reais) da Produção por Tipo de Lavoura Temporária - 2024 ri guama",20,"Tabela 44 - Área colhida (Hectares), Quantidade Produzida (Toneladas) e Valor (Mil Reais) da Produção por Tipo de Lavoura Temporária - 2024 ri guama","..\..\Desktop\tabelas-powerBI\6 Guamá\Tabela 44 - Área colhida (Hectares), Quantidade Produzida (Toneladas) e Valor (Mil Reais) da Produção por Tipo de Lavoura Temporária - 2024 ri guama.xlsx",Guamá,1562172,804.0
Santo Antônio do Tauá,20,360,900,-,-,-,-,-,-,-,-,-,-,-,-,-,-,-,6 Guamá,44,"Área colhida (Hectares), Quantidade Produzida (Toneladas) e Valor (Mil Reais) da Produção por Tipo de Lavoura Temporária - 2024 ri guama",20,"Tabela 44 - Área colhida (Hectares), Quantidade Produzida (Toneladas) e Valor (Mil Reais) da Produção por Tipo de Lavoura Temporária - 2024 ri guama","..\..\Desktop\tabelas-powerBI\6 Guamá\Tabela 44 - Área colhida (Hectares), Quantidade Produzida (Toneladas) e Valor (Mil Reais) da Produção por Tipo de Lavoura Temporária - 2024 ri guama.xlsx",Guamá,1562172,50.0
São Caetano de Odivelas,30,660,1320,50,45,90,10,500,150,30,450,675,-,-,-,-,-,-,6 Guamá,44,"Área colhida (Hectares), Quantidade Produzida (Toneladas) e Valor (Mil Reais) da Produção por Tipo de Lavoura Temporária - 2024 ri guama",20,"Tabela 44 - Área colhida (Hectares), Quantidade Produzida (Toneladas) e Valor (Mil Reais) da Produção por Tipo de Lavoura Temporária - 2024 ri guama","..\..\Desktop\tabelas-powerBI\6 Guamá\Tabela 44 - Área colhida (Hectares), Quantidade Produzida (Toneladas) e Valor (Mil Reais) da Produção por Tipo de Lavoura Temporária - 2024 ri guama.xlsx",Guamá,1562172,108.0
São Domingos do Capim,-,-,-,50,52,105,-,-,-,-,-,-,-,-,-,-,-,-,6 Guamá,44,"Área colhida (Hectares), Quantidade Produzida (Toneladas) e Valor (Mil Reais) da Produção por Tipo de Lavoura Temporária - 2024 ri guama",20,"Tabela 44 - Área colhida (Hectares), Quantidade Produzida (Toneladas) e Valor (Mil Reais) da Produção por Tipo de Lavoura Temporária - 2024 ri guama","..\..\Desktop\tabelas-powerBI\6 Guamá\Tabela 44 - Área colhida (Hectares), Quantidade Produzida (Toneladas) e Valor (Mil Reais) da Produção por Tipo de Lavoura Temporária - 2024 ri guama.xlsx",Guamá,1562172,415.0
São Francisco do Pará,15,325,685,-,-,-,100,6000,2591,20,440,593,-,-,-,-,-,-,6 Guamá,44,"Área colhida (Hectares), Quantidade Produzida (Toneladas) e Valor (Mil Reais) da Produção por Tipo de Lavoura Temporária - 2024 ri guama",20,"Tabela 44 - Área colhida (Hectares), Quantidade Produzida (Toneladas) e Valor (Mil Reais) da Produção por Tipo de Lavoura Temporária - 2024 ri guama","..\..\Desktop\tabelas-powerBI\6 Guamá\Tabela 44 - Área colhida (Hectares), Quantidade Produzida (Toneladas) e Valor (Mil Reais) da Produção por Tipo de Lavoura Temporária - 2024 ri guama.xlsx",Guamá,1562172,275.0
São João da Ponta,80,2400,6036,12,6,18,-,-,-,-,-,-,-,-,-,-,-,-,6 Guamá,44,"Área colhida (Hectares), Quantidade Produzida (Toneladas) e Valor (Mil Reais) da Produção por Tipo de Lavoura Temporária - 2024 ri guama",20,"Tabela 44 - Área colhida (Hectares), Quantidade Produzida (Toneladas) e Valor (Mil Reais) da Produção por Tipo de Lavoura Temporária - 2024 ri guama","..\..\Desktop\tabelas-powerBI\6 Guamá\Tabela 44 - Área colhida (Hectares), Quantidade Produzida (Toneladas) e Valor (Mil Reais) da Produção por Tipo de Lavoura Temporária - 2024 ri guama.xlsx",Guamá,1562172,24.0
São Miguel do Guamá,70,1890,3935,-,-,-,-,-,-,-,-,-,-,-,-,-,-,-,6 Guamá,44,"Área colhida (Hectares), Quantidade Produzida (Toneladas) e Valor (Mil Reais) da Produção por Tipo de Lavoura Temporária - 2024 ri guama",20,"Tabela 44 - Área colhida (Hectares), Quantidade Produzida (Toneladas) e Valor (Mil Reais) da Produção por Tipo de Lavoura Temporária - 2024 ri guama","..\..\Desktop\tabelas-powerBI\6 Guamá\Tabela 44 - Área colhida (Hectares), Quantidade Produzida (Toneladas) e Valor (Mil Reais) da Produção por Tipo de Lavoura Temporária - 2024 ri guama.xlsx",Guamá,1562172,903.0
Terra Alta,10,297,705,-,-,-,-,-,-,-,-,-,-,-,-,-,-,-,6 Guamá,44,"Área colhida (Hectares), Quantidade Produzida (Toneladas) e Valor (Mil Reais) da Produção por Tipo de Lavoura Temporária - 2024 ri guama",20,"Tabela 44 - Área colhida (Hectares), Quantidade Produzida (Toneladas) e Valor (Mil Reais) da Produção por Tipo de Lavoura Temporária - 2024 ri guama","..\..\Desktop\tabelas-powerBI\6 Guamá\Tabela 44 - Área colhida (Hectares), Quantidade Produzida (Toneladas) e Valor (Mil Reais) da Produção por Tipo de Lavoura Temporária - 2024 ri guama.xlsx",Guamá,1562172,6.0
Vigia,10,250,623,-,-,-,-,-,-,-,-,-,-,-,-,-,-,-,6 Guamá,44,"Área colhida (Hectares), Quantidade Produzida (Toneladas) e Valor (Mil Reais) da Produção por Tipo de Lavoura Temporária - 2024 ri guama",20,"Tabela 44 - Área colhida (Hectares), Quantidade Produzida (Toneladas) e Valor (Mil Reais) da Produção por Tipo de Lavoura Temporária - 2024 ri guama","..\..\Desktop\tabelas-powerBI\6 Guamá\Tabela 44 - Área colhida (Hectares), Quantidade Produzida (Toneladas) e Valor (Mil Reais) da Produção por Tipo de Lavoura Temporária - 2024 ri guama.xlsx",Guamá,1562172,
Fonte: IBGE/PAM,,,,,,,,,,,,,,,,,,,6 Guamá,44,"Área colhida (Hectares), Quantidade Produzida (Toneladas) e Valor (Mil Reais) da Produção por Tipo de Lavoura Temporária - 2024 ri guama",20,"Tabela 44 - Área colhida (Hectares), Quantidade Produzida (Toneladas) e Valor (Mil Reais) da Produção por Tipo de Lavoura Temporária - 2024 ri guama","..\..\Desktop\tabelas-powerBI\6 Guamá\Tabela 44 - Área colhida (Hectares), Quantidade Produzida (Toneladas) e Valor (Mil Reais) da Produção por Tipo de Lavoura Temporária - 2024 ri guama.xlsx",Guamá,1562172,
Elaboração: FAPESPA,,,,,,,,,,,,,,,,,,,6 Guamá,44,"Área colhida (Hectares), Quantidade Produzida (Toneladas) e Valor (Mil Reais) da Produção por Tipo de Lavoura Temporária - 2024 ri guama",20,"Tabela 44 - Área colhida (Hectares), Quantidade Produzida (Toneladas) e Valor (Mil Reais) da Produção por Tipo de Lavoura Temporária - 2024 ri guama","..\..\Desktop\tabelas-powerBI\6 Guamá\Tabela 44 - Área colhida (Hectares), Quantidade Produzida (Toneladas) e Valor (Mil Reais) da Produção por Tipo de Lavoura Temporária - 2024 ri guama.xlsx",Guamá,1562172,
Nota: A quantidade produzida de abacaxi é expressa em mil frutos,,,,,,,,,,,,,,,,,,,6 Guamá,44,"Área colhida (Hectares), Quantidade Produzida (Toneladas) e Valor (Mil Reais) da Produção por Tipo de Lavoura Temporária - 2024 ri guama",20,"Tabela 44 - Área colhida (Hectares), Quantidade Produzida (Toneladas) e Valor (Mil Reais) da Produção por Tipo de Lavoura Temporária - 2024 ri guama","..\..\Desktop\tabelas-powerBI\6 Guamá\Tabela 44 - Área colhida (Hectares), Quantidade Produzida (Toneladas) e Valor (Mil Reais) da Produção por Tipo de Lavoura Temporária - 2024 ri guama.xlsx",Guamá,1562172,
