Par,regiao,tabela_num,titulo,ano,arquivo,arquivo_path,aba,variavel,valor
Araguaia,1 Pará,22,"Tabela 22 – Caracterização Hospitalar – Equip de Manutenção da Vida, Equip de Diagnóstico e Infra - 2025 para",20,"Tabela 22 – Caracterização Hospitalar – Equip de Manutenção da Vida, Equip de Diagnóstico e Infra - 2025 para","..\..\Desktop\tabelas-powerBI\1 Pará\Tabela 22 – Caracterização Hospitalar – Equip de Manutenção da Vida, Equip de Diagnóstico e Infra - 2025 para.xlsx",RIS,1560,87.0
Baixo Amazonas,1 Pará,22,"Tabela 22 – Caracterização Hospitalar – Equip de Manutenção da Vida, Equip de Diagnóstico e Infra - 2025 para",20,"Tabela 22 – Caracterização Hospitalar – Equip de Manutenção da Vida, Equip de Diagnóstico e Infra - 2025 para","..\..\Desktop\tabelas-powerBI\1 Pará\Tabela 22 – Caracterização Hospitalar – Equip de Manutenção da Vida, Equip de Diagnóstico e Infra - 2025 para.xlsx",RIS,1560,86.0
Carajás,1 Pará,22,"Tabela 22 – Caracterização Hospitalar – Equip de Manutenção da Vida, Equip de Diagnóstico e Infra - 2025 para",20,"Tabela 22 – Caracterização Hospitalar – Equip de Manutenção da Vida, Equip de Diagnóstico e Infra - 2025 para","..\..\Desktop\tabelas-powerBI\1 Pará\Tabela 22 – Caracterização Hospitalar – Equip de Manutenção da Vida, Equip de Diagnóstico e Infra - 2025 para.xlsx",RIS,1560,164.0
Guajará,1 Pará,22,"Tabela 22 – Caracterização Hospitalar – Equip de Manutenção da Vida, Equip de Diagnóstico e Infra - 2025 para",20,"Tabela 22 – Caracterização Hospitalar – Equip de Manutenção da Vida, Equip de Diagnóstico e Infra - 2025 para","..\..\Desktop\tabelas-powerBI\1 Pará\Tabela 22 – Caracterização Hospitalar – Equip de Manutenção da Vida, Equip de Diagnóstico e Infra - 2025 para.xlsx",RIS,1560,820.0
Guamá,1 Pará,22,"Tabela 22 – Caracterização Hospitalar – Equip de Manutenção da Vida, Equip de Diagnóstico e Infra - 2025 para",20,"Tabela 22 – Caracterização Hospitalar – Equip de Manutenção da Vida, Equip de Diagnóstico e Infra - 2025 para","..\..\Desktop\tabelas-powerBI\1 Pará\Tabela 22 – Caracterização Hospitalar – Equip de Manutenção da Vida, Equip de Diagnóstico e Infra - 2025 para.xlsx",RIS,1560,59.0
Lago de Tucuruí,1 Pará,22,"Tabela 22 – Caracterização Hospitalar – Equip de Manutenção da Vida, Equip de Diagnóstico e Infra - 2025 para",20,"Tabela 22 – Caracterização Hospitalar – Equip de Manutenção da Vida, Equip de Diagnóstico e Infra - 2025 para","..\..\Desktop\tabelas-powerBI\1 Pará\Tabela 22 – Caracterização Hospitalar – Equip de Manutenção da Vida, Equip de Diagnóstico e Infra - 2025 para.xlsx",RIS,1560,31.0
Marajó,1 Pará,22,"Tabela 22 – Caracterização Hospitalar – Equip de Manutenção da Vida, Equip de Diagnóstico e Infra - 2025 para",20,"Tabela 22 – Caracterização Hospitalar – Equip de Manutenção da Vida, Equip de Diagnóstico e Infra - 2025 para","..\..\Desktop\tabelas-powerBI\1 Pará\Tabela 22 – Caracterização Hospitalar – Equip de Manutenção da Vida, Equip de Diagnóstico e Infra - 2025 para.xlsx",RIS,1560,22.0
Rio Caeté,1 Pará,22,"Tabela 22 – Caracterização Hospitalar – Equip de Manutenção da Vida, Equip de Diagnóstico e Infra - 2025 para",20,"Tabela 22 – Caracterização Hospitalar – Equip de Manutenção da Vida, Equip de Diagnóstico e Infra - 2025 para","..\..\Desktop\tabelas-powerBI\1 Pará\Tabela 22 – Caracterização Hospitalar – Equip de Manutenção da Vida, Equip de Diagnóstico e Infra - 2025 para.xlsx",RIS,1560,79.0
Rio Capim,1 Pará,22,"Tabela 22 – Caracterização Hospitalar – Equip de Manutenção da Vida, Equip de Diagnóstico e Infra - 2025 para",20,"Tabela 22 – Caracterização Hospitalar – Equip de Manutenção da Vida, Equip de Diagnóstico e Infra - 2025 para","..\..\Desktop\tabelas-powerBI\1 Pará\Tabela 22 – Caracterização Hospitalar – Equip de Manutenção da Vida, Equip de Diagnóstico e Infra - 2025 para.xlsx",RIS,1560,64.0
Tapajós,1 Pará,22,"Tabela 22 – Caracterização Hospitalar – Equip de Manutenção da Vida, Equip de Diagnóstico e Infra - 2025 para",20,"Tabela 22 – Caracterização Hospitalar – Equip de Manutenção da Vida, Equip de Diagnóstico e Infra - 2025 para","..\..\Desktop\tabelas-powerBI\1 Pará\Tabela 22 – Caracterização Hospitalar – Equip de Manutenção da Vida, Equip de Diagnóstico e Infra - 2025 para.xlsx",RIS,1560,43.0
Tocantins,1 Pará,22,"Tabela 22 – Caracterização Hospitalar – Equip de Manutenção da Vida, Equip de Diagnóstico e Infra - 2025 para",20,"Tabela 22 – Caracterização Hospitalar – Equip de Manutenção da Vida, Equip de Diagnóstico e Infra - 2025 para","..\..\Desktop\tabelas-powerBI\1 Pará\Tabela 22 – Caracterização Hospitalar – Equip de Manutenção da Vida, Equip de Diagnóstico e Infra - 2025 para.xlsx",RIS,1560,60.0
Xingu,1 Pará,22,"Tabela 22 – Caracterização Hospitalar – Equip de Manutenção da Vida, Equip de Diagnóstico e Infra - 2025 para",20,"Tabela 22 – Caracterização Hospitalar – Equip de Manutenção da Vida, Equip de Diagnóstico e Infra - 2025 para","..\..\Desktop\tabelas-powerBI\1 Pará\Tabela 22 – Caracterização Hospitalar – Equip de Manutenção da Vida, Equip de Diagnóstico e Infra - 2025 para.xlsx",RIS,1560,45.0
Fonte: DATASUS,1 Pará,22,"Tabela 22 – Caracterização Hospitalar – Equip de Manutenção da Vida, Equip de Diagnóstico e Infra - 2025 para",20,"Tabela 22 – Caracterização Hospitalar – Equip de Manutenção da Vida, Equip de Diagnóstico e Infra - 2025 para","..\..\Desktop\tabelas-powerBI\1 Pará\Tabela 22 – Caracterização Hospitalar – Equip de Manutenção da Vida, Equip de Diagnóstico e Infra - 2025 para.xlsx",RIS,1560,
Elaboração: FAPESPA,1 Pará,22,"Tabela 22 – Caracterização Hospitalar – Equip de Manutenção da Vida, Equip de Diagnóstico e Infra - 2025 para",20,"Tabela 22 – Caracterização Hospitalar – Equip de Manutenção da Vida, Equip de Diagnóstico e Infra - 2025 para","..\..\Desktop\tabelas-powerBI\1 Pará\Tabela 22 – Caracterização Hospitalar – Equip de Manutenção da Vida, Equip de Diagnóstico e Infra - 2025 para.xlsx",RIS,1560,
*Nota: Dados referentes a Outubro/2025.,1 Pará,22,"Tabela 22 – Caracterização Hospitalar – Equip de Manutenção da Vida, Equip de Diagnóstico e Infra - 2025 para",20,"Tabela 22 – Caracterização Hospitalar – Equip de Manutenção da Vida, Equip de Diagnóstico e Infra - 2025 para","..\..\Desktop\tabelas-powerBI\1 Pará\Tabela 22 – Caracterização Hospitalar – Equip de Manutenção da Vida, Equip de Diagnóstico e Infra - 2025 para.xlsx",RIS,1560,
Araguaia,1 Pará,22,"Tabela 22 – Caracterização Hospitalar – Equip de Manutenção da Vida, Equip de Diagnóstico e Infra - 2025 para",20,"Tabela 22 – Caracterização Hospitalar – Equip de Manutenção da Vida, Equip de Diagnóstico e Infra - 2025 para","..\..\Desktop\tabelas-powerBI\1 Pará\Tabela 22 – Caracterização Hospitalar – Equip de Manutenção da Vida, Equip de Diagnóstico e Infra - 2025 para.xlsx",RIS,1444,83.0
Baixo Amazonas,1 Pará,22,"Tabela 22 – Caracterização Hospitalar – Equip de Manutenção da Vida, Equip de Diagnóstico e Infra - 2025 para",20,"Tabela 22 – Caracterização Hospitalar – Equip de Manutenção da Vida, Equip de Diagnóstico e Infra - 2025 para","..\..\Desktop\tabelas-powerBI\1 Pará\Tabela 22 – Caracterização Hospitalar – Equip de Manutenção da Vida, Equip de Diagnóstico e Infra - 2025 para.xlsx",RIS,1444,82.0
Carajás,1 Pará,22,"Tabela 22 – Caracterização Hospitalar – Equip de Manutenção da Vida, Equip de Diagnóstico e Infra - 2025 para",20,"Tabela 22 – Caracterização Hospitalar – Equip de Manutenção da Vida, Equip de Diagnóstico e Infra - 2025 para","..\..\Desktop\tabelas-powerBI\1 Pará\Tabela 22 – Caracterização Hospitalar – Equip de Manutenção da Vida, Equip de Diagnóstico e Infra - 2025 para.xlsx",RIS,1444,152.0
Guajará,1 Pará,22,"Tabela 22 – Caracterização Hospitalar – Equip de Manutenção da Vida, Equip de Diagnóstico e Infra - 2025 para",20,"Tabela 22 – Caracterização Hospitalar – Equip de Manutenção da Vida, Equip de Diagnóstico e Infra - 2025 para","..\..\Desktop\tabelas-powerBI\1 Pará\Tabela 22 – Caracterização Hospitalar – Equip de Manutenção da Vida, Equip de Diagnóstico e Infra - 2025 para.xlsx",RIS,1444,746.0
Guamá,1 Pará,22,"Tabela 22 – Caracterização Hospitalar – Equip de Manutenção da Vida, Equip de Diagnóstico e Infra - 2025 para",20,"Tabela 22 – Caracterização Hospitalar – Equip de Manutenção da Vida, Equip de Diagnóstico e Infra - 2025 para","..\..\Desktop\tabelas-powerBI\1 Pará\Tabela 22 – Caracterização Hospitalar – Equip de Manutenção da Vida, Equip de Diagnóstico e Infra - 2025 para.xlsx",RIS,1444,59.0
Lago de Tucuruí,1 Pará,22,"Tabela 22 – Caracterização Hospitalar – Equip de Manutenção da Vida, Equip de Diagnóstico e Infra - 2025 para",20,"Tabela 22 – Caracterização Hospitalar – Equip de Manutenção da Vida, Equip de Diagnóstico e Infra - 2025 para","..\..\Desktop\tabelas-powerBI\1 Pará\Tabela 22 – Caracterização Hospitalar – Equip de Manutenção da Vida, Equip de Diagnóstico e Infra - 2025 para.xlsx",RIS,1444,29.0
Marajó,1 Pará,22,"Tabela 22 – Caracterização Hospitalar – Equip de Manutenção da Vida, Equip de Diagnóstico e Infra - 2025 para",20,"Tabela 22 – Caracterização Hospitalar – Equip de Manutenção da Vida, Equip de Diagnóstico e Infra - 2025 para","..\..\Desktop\tabelas-powerBI\1 Pará\Tabela 22 – Caracterização Hospitalar – Equip de Manutenção da Vida, Equip de Diagnóstico e Infra - 2025 para.xlsx",RIS,1444,19.0
Rio Caeté,1 Pará,22,"Tabela 22 – Caracterização Hospitalar – Equip de Manutenção da Vida, Equip de Diagnóstico e Infra - 2025 para",20,"Tabela 22 – Caracterização Hospitalar – Equip de Manutenção da Vida, Equip de Diagnóstico e Infra - 2025 para","..\..\Desktop\tabelas-powerBI\1 Pará\Tabela 22 – Caracterização Hospitalar – Equip de Manutenção da Vida, Equip de Diagnóstico e Infra - 2025 para.xlsx",RIS,1444,78.0
Rio Capim,1 Pará,22,"Tabela 22 – Caracterização Hospitalar – Equip de Manutenção da Vida, Equip de Diagnóstico e Infra - 2025 para",20,"Tabela 22 – Caracterização Hospitalar – Equip de Manutenção da Vida, Equip de Diagnóstico e Infra - 2025 para","..\..\Desktop\tabelas-powerBI\1 Pará\Tabela 22 – Caracterização Hospitalar – Equip de Manutenção da Vida, Equip de Diagnóstico e Infra - 2025 para.xlsx",RIS,1444,62.0
Tapajós,1 Pará,22,"Tabela 22 – Caracterização Hospitalar – Equip de Manutenção da Vida, Equip de Diagnóstico e Infra - 2025 para",20,"Tabela 22 – Caracterização Hospitalar – Equip de Manutenção da Vida, Equip de Diagnóstico e Infra - 2025 para","..\..\Desktop\tabelas-powerBI\1 Pará\Tabela 22 – Caracterização Hospitalar – Equip de Manutenção da Vida, Equip de Diagnóstico e Infra - 2025 para.xlsx",RIS,1444,32.0
Tocantins,1 Pará,22,"Tabela 22 – Caracterização Hospitalar – Equip de Manutenção da Vida, Equip de Diagnóstico e Infra - 2025 para",20,"Tabela 22 – Caracterização Hospitalar – Equip de Manutenção da Vida, Equip de Diagnóstico e Infra - 2025 para","..\..\Desktop\tabelas-powerBI\1 Pará\Tabela 22 – Caracterização Hospitalar – Equip de Manutenção da Vida, Equip de Diagnóstico e Infra - 2025 para.xlsx",RIS,1444,59.0
Xingu,1 Pará,22,"Tabela 22 – Caracterização Hospitalar – Equip de Manutenção da Vida, Equip de Diagnóstico e Infra - 2025 para",20,"Tabela 22 – Caracterização Hospitalar – Equip de Manutenção da Vida, Equip de Diagnóstico e Infra - 2025 para","..\..\Desktop\tabelas-powerBI\1 Pará\Tabela 22 – Caracterização Hospitalar – Equip de Manutenção da Vida, Equip de Diagnóstico e Infra - 2025 para.xlsx",RIS,1444,43.0
Fonte: DATASUS,1 Pará,22,"Tabela 22 – Caracterização Hospitalar – Equip de Manutenção da Vida, Equip de Diagnóstico e Infra - 2025 para",20,"Tabela 22 – Caracterização Hospitalar – Equip de Manutenção da Vida, Equip de Diagnóstico e Infra - 2025 para","..\..\Desktop\tabelas-powerBI\1 Pará\Tabela 22 – Caracterização Hospitalar – Equip de Manutenção da Vida, Equip de Diagnóstico e Infra - 2025 para.xlsx",RIS,1444,
Elaboração: FAPESPA,1 Pará,22,"Tabela 22 – Caracterização Hospitalar – Equip de Manutenção da Vida, Equip de Diagnóstico e Infra - 2025 para",20,"Tabela 22 – Caracterização Hospitalar – Equip de Manutenção da Vida, Equip de Diagnóstico e Infra - 2025 para","..\..\Desktop\tabelas-powerBI\1 Pará\Tabela 22 – Caracterização Hospitalar – Equip de Manutenção da Vida, Equip de Diagnóstico e Infra - 2025 para.xlsx",RIS,1444,
*Nota: Dados referentes a Outubro/2025.,1 Pará,22,"Tabela 22 – Caracterização Hospitalar – Equip de Manutenção da Vida, Equip de Diagnóstico e Infra - 2025 para",20,"Tabela 22 – Caracterização Hospitalar – Equip de Manutenção da Vida, Equip de Diagnóstico e Infra - 2025 para","..\..\Desktop\tabelas-powerBI\1 Pará\Tabela 22 – Caracterização Hospitalar – Equip de Manutenção da Vida, Equip de Diagnóstico e Infra - 2025 para.xlsx",RIS,1444,
Araguaia,1 Pará,22,"Tabela 22 – Caracterização Hospitalar – Equip de Manutenção da Vida, Equip de Diagnóstico e Infra - 2025 para",20,"Tabela 22 – Caracterização Hospitalar – Equip de Manutenção da Vida, Equip de Diagnóstico e Infra - 2025 para","..\..\Desktop\tabelas-powerBI\1 Pará\Tabela 22 – Caracterização Hospitalar – Equip de Manutenção da Vida, Equip de Diagnóstico e Infra - 2025 para.xlsx",RIS,2966,97.0
Baixo Amazonas,1 Pará,22,"Tabela 22 – Caracterização Hospitalar – Equip de Manutenção da Vida, Equip de Diagnóstico e Infra - 2025 para",20,"Tabela 22 – Caracterização Hospitalar – Equip de Manutenção da Vida, Equip de Diagnóstico e Infra - 2025 para","..\..\Desktop\tabelas-powerBI\1 Pará\Tabela 22 – Caracterização Hospitalar – Equip de Manutenção da Vida, Equip de Diagnóstico e Infra - 2025 para.xlsx",RIS,2966,153.0
Carajás,1 Pará,22,"Tabela 22 – Caracterização Hospitalar – Equip de Manutenção da Vida, Equip de Diagnóstico e Infra - 2025 para",20,"Tabela 22 – Caracterização Hospitalar – Equip de Manutenção da Vida, Equip de Diagnóstico e Infra - 2025 para","..\..\Desktop\tabelas-powerBI\1 Pará\Tabela 22 – Caracterização Hospitalar – Equip de Manutenção da Vida, Equip de Diagnóstico e Infra - 2025 para.xlsx",RIS,2966,261.0
Guajará,1 Pará,22,"Tabela 22 – Caracterização Hospitalar – Equip de Manutenção da Vida, Equip de Diagnóstico e Infra - 2025 para",20,"Tabela 22 – Caracterização Hospitalar – Equip de Manutenção da Vida, Equip de Diagnóstico e Infra - 2025 para","..\..\Desktop\tabelas-powerBI\1 Pará\Tabela 22 – Caracterização Hospitalar – Equip de Manutenção da Vida, Equip de Diagnóstico e Infra - 2025 para.xlsx",RIS,2966,1563.0
Guamá,1 Pará,22,"Tabela 22 – Caracterização Hospitalar – Equip de Manutenção da Vida, Equip de Diagnóstico e Infra - 2025 para",20,"Tabela 22 – Caracterização Hospitalar – Equip de Manutenção da Vida, Equip de Diagnóstico e Infra - 2025 para","..\..\Desktop\tabelas-powerBI\1 Pará\Tabela 22 – Caracterização Hospitalar – Equip de Manutenção da Vida, Equip de Diagnóstico e Infra - 2025 para.xlsx",RIS,2966,233.0
Lago de Tucuruí,1 Pará,22,"Tabela 22 – Caracterização Hospitalar – Equip de Manutenção da Vida, Equip de Diagnóstico e Infra - 2025 para",20,"Tabela 22 – Caracterização Hospitalar – Equip de Manutenção da Vida, Equip de Diagnóstico e Infra - 2025 para","..\..\Desktop\tabelas-powerBI\1 Pará\Tabela 22 – Caracterização Hospitalar – Equip de Manutenção da Vida, Equip de Diagnóstico e Infra - 2025 para.xlsx",RIS,2966,44.0
Marajó,1 Pará,22,"Tabela 22 – Caracterização Hospitalar – Equip de Manutenção da Vida, Equip de Diagnóstico e Infra - 2025 para",20,"Tabela 22 – Caracterização Hospitalar – Equip de Manutenção da Vida, Equip de Diagnóstico e Infra - 2025 para","..\..\Desktop\tabelas-powerBI\1 Pará\Tabela 22 – Caracterização Hospitalar – Equip de Manutenção da Vida, Equip de Diagnóstico e Infra - 2025 para.xlsx",RIS,2966,50.0
Rio Caeté,1 Pará,22,"Tabela 22 – Caracterização Hospitalar – Equip de Manutenção da Vida, Equip de Diagnóstico e Infra - 2025 para",20,"Tabela 22 – Caracterização Hospitalar – Equip de Manutenção da Vida, Equip de Diagnóstico e Infra - 2025 para","..\..\Desktop\tabelas-powerBI\1 Pará\Tabela 22 – Caracterização Hospitalar – Equip de Manutenção da Vida, Equip de Diagnóstico e Infra - 2025 para.xlsx",RIS,2966,160.0
Rio Capim,1 Pará,22,"Tabela 22 – Caracterização Hospitalar – Equip de Manutenção da Vida, Equip de Diagnóstico e Infra - 2025 para",20,"Tabela 22 – Caracterização Hospitalar – Equip de Manutenção da Vida, Equip de Diagnóstico e Infra - 2025 para","..\..\Desktop\tabelas-powerBI\1 Pará\Tabela 22 – Caracterização Hospitalar – Equip de Manutenção da Vida, Equip de Diagnóstico e Infra - 2025 para.xlsx",RIS,2966,58.0
Tapajós,1 Pará,22,"Tabela 22 – Caracterização Hospitalar – Equip de Manutenção da Vida, Equip de Diagnóstico e Infra - 2025 para",20,"Tabela 22 – Caracterização Hospitalar – Equip de Manutenção da Vida, Equip de Diagnóstico e Infra - 2025 para","..\..\Desktop\tabelas-powerBI\1 Pará\Tabela 22 – Caracterização Hospitalar – Equip de Manutenção da Vida, Equip de Diagnóstico e Infra - 2025 para.xlsx",RIS,2966,168.0
Tocantins,1 Pará,22,"Tabela 22 – Caracterização Hospitalar – Equip de Manutenção da Vida, Equip de Diagnóstico e Infra - 2025 para",20,"Tabela 22 – Caracterização Hospitalar – Equip de Manutenção da Vida, Equip de Diagnóstico e Infra - 2025 para","..\..\Desktop\tabelas-powerBI\1 Pará\Tabela 22 – Caracterização Hospitalar – Equip de Manutenção da Vida, Equip de Diagnóstico e Infra - 2025 para.xlsx",RIS,2966,140.0
Xingu,1 Pará,22,"Tabela 22 – Caracterização Hospitalar – Equip de Manutenção da Vida, Equip de Diagnóstico e Infra - 2025 para",20,"Tabela 22 – Caracterização Hospitalar – Equip de Manutenção da Vida, Equip de Diagnóstico e Infra - 2025 para","..\..\Desktop\tabelas-powerBI\1 Pará\Tabela 22 – Caracterização Hospitalar – Equip de Manutenção da Vida, Equip de Diagnóstico e Infra - 2025 para.xlsx",RIS,2966,39.0
Fonte: DATASUS,1 Pará,22,"Tabela 22 – Caracterização Hospitalar – Equip de Manutenção da Vida, Equip de Diagnóstico e Infra - 2025 para",20,"Tabela 22 – Caracterização Hospitalar – Equip de Manutenção da Vida, Equip de Diagnóstico e Infra - 2025 para","..\..\Desktop\tabelas-powerBI\1 Pará\Tabela 22 – Caracterização Hospitalar – Equip de Manutenção da Vida, Equip de Diagnóstico e Infra - 2025 para.xlsx",RIS,2966,
Elaboração: FAPESPA,1 Pará,22,"Tabela 22 – Caracterização Hospitalar – Equip de Manutenção da Vida, Equip de Diagnóstico e Infra - 2025 para",20,"Tabela 22 – Caracterização Hospitalar – Equip de Manutenção da Vida, Equip de Diagnóstico e Infra - 2025 para","..\..\Desktop\tabelas-powerBI\1 Pará\Tabela 22 – Caracterização Hospitalar – Equip de Manutenção da Vida, Equip de Diagnóstico e Infra - 2025 para.xlsx",RIS,2966,
*Nota: Dados referentes a Outubro/2025.,1 Pará,22,"Tabela 22 – Caracterização Hospitalar – Equip de Manutenção da Vida, Equip de Diagnóstico e Infra - 2025 para",20,"Tabela 22 – Caracterização Hospitalar – Equip de Manutenção da Vida, Equip de Diagnóstico e Infra - 2025 para","..\..\Desktop\tabelas-powerBI\1 Pará\Tabela 22 – Caracterização Hospitalar – Equip de Manutenção da Vida, Equip de Diagnóstico e Infra - 2025 para.xlsx",RIS,2966,
Araguaia,1 Pará,22,"Tabela 22 – Caracterização Hospitalar – Equip de Manutenção da Vida, Equip de Diagnóstico e Infra - 2025 para",20,"Tabela 22 – Caracterização Hospitalar – Equip de Manutenção da Vida, Equip de Diagnóstico e Infra - 2025 para","..\..\Desktop\tabelas-powerBI\1 Pará\Tabela 22 – Caracterização Hospitalar – Equip de Manutenção da Vida, Equip de Diagnóstico e Infra - 2025 para.xlsx",RIS,2860,93.0
Baixo Amazonas,1 Pará,22,"Tabela 22 – Caracterização Hospitalar – Equip de Manutenção da Vida, Equip de Diagnóstico e Infra - 2025 para",20,"Tabela 22 – Caracterização Hospitalar – Equip de Manutenção da Vida, Equip de Diagnóstico e Infra - 2025 para","..\..\Desktop\tabelas-powerBI\1 Pará\Tabela 22 – Caracterização Hospitalar – Equip de Manutenção da Vida, Equip de Diagnóstico e Infra - 2025 para.xlsx",RIS,2860,151.0
Carajás,1 Pará,22,"Tabela 22 – Caracterização Hospitalar – Equip de Manutenção da Vida, Equip de Diagnóstico e Infra - 2025 para",20,"Tabela 22 – Caracterização Hospitalar – Equip de Manutenção da Vida, Equip de Diagnóstico e Infra - 2025 para","..\..\Desktop\tabelas-powerBI\1 Pará\Tabela 22 – Caracterização Hospitalar – Equip de Manutenção da Vida, Equip de Diagnóstico e Infra - 2025 para.xlsx",RIS,2860,250.0
Guajará,1 Pará,22,"Tabela 22 – Caracterização Hospitalar – Equip de Manutenção da Vida, Equip de Diagnóstico e Infra - 2025 para",20,"Tabela 22 – Caracterização Hospitalar – Equip de Manutenção da Vida, Equip de Diagnóstico e Infra - 2025 para","..\..\Desktop\tabelas-powerBI\1 Pará\Tabela 22 – Caracterização Hospitalar – Equip de Manutenção da Vida, Equip de Diagnóstico e Infra - 2025 para.xlsx",RIS,2860,1488.0
Guamá,1 Pará,22,"Tabela 22 – Caracterização Hospitalar – Equip de Manutenção da Vida, Equip de Diagnóstico e Infra - 2025 para",20,"Tabela 22 – Caracterização Hospitalar – Equip de Manutenção da Vida, Equip de Diagnóstico e Infra - 2025 para","..\..\Desktop\tabelas-powerBI\1 Pará\Tabela 22 – Caracterização Hospitalar – Equip de Manutenção da Vida, Equip de Diagnóstico e Infra - 2025 para.xlsx",RIS,2860,233.0
Lago de Tucuruí,1 Pará,22,"Tabela 22 – Caracterização Hospitalar – Equip de Manutenção da Vida, Equip de Diagnóstico e Infra - 2025 para",20,"Tabela 22 – Caracterização Hospitalar – Equip de Manutenção da Vida, Equip de Diagnóstico e Infra - 2025 para","..\..\Desktop\tabelas-powerBI\1 Pará\Tabela 22 – Caracterização Hospitalar – Equip de Manutenção da Vida, Equip de Diagnóstico e Infra - 2025 para.xlsx",RIS,2860,42.0
Marajó,1 Pará,22,"Tabela 22 – Caracterização Hospitalar – Equip de Manutenção da Vida, Equip de Diagnóstico e Infra - 2025 para",20,"Tabela 22 – Caracterização Hospitalar – Equip de Manutenção da Vida, Equip de Diagnóstico e Infra - 2025 para","..\..\Desktop\tabelas-powerBI\1 Pará\Tabela 22 – Caracterização Hospitalar – Equip de Manutenção da Vida, Equip de Diagnóstico e Infra - 2025 para.xlsx",RIS,2860,49.0
Rio Caeté,1 Pará,22,"Tabela 22 – Caracterização Hospitalar – Equip de Manutenção da Vida, Equip de Diagnóstico e Infra - 2025 para",20,"Tabela 22 – Caracterização Hospitalar – Equip de Manutenção da Vida, Equip de Diagnóstico e Infra - 2025 para","..\..\Desktop\tabelas-powerBI\1 Pará\Tabela 22 – Caracterização Hospitalar – Equip de Manutenção da Vida, Equip de Diagnóstico e Infra - 2025 para.xlsx",RIS,2860,156.0
Rio Capim,1 Pará,22,"Tabela 22 – Caracterização Hospitalar – Equip de Manutenção da Vida, Equip de Diagnóstico e Infra - 2025 para",20,"Tabela 22 – Caracterização Hospitalar – Equip de Manutenção da Vida, Equip de Diagnóstico e Infra - 2025 para","..\..\Desktop\tabelas-powerBI\1 Pará\Tabela 22 – Caracterização Hospitalar – Equip de Manutenção da Vida, Equip de Diagnóstico e Infra - 2025 para.xlsx",RIS,2860,53.0
Tapajós,1 Pará,22,"Tabela 22 – Caracterização Hospitalar – Equip de Manutenção da Vida, Equip de Diagnóstico e Infra - 2025 para",20,"Tabela 22 – Caracterização Hospitalar – Equip de Manutenção da Vida, Equip de Diagnóstico e Infra - 2025 para","..\..\Desktop\tabelas-powerBI\1 Pará\Tabela 22 – Caracterização Hospitalar – Equip de Manutenção da Vida, Equip de Diagnóstico e Infra - 2025 para.xlsx",RIS,2860,166.0
Tocantins,1 Pará,22,"Tabela 22 – Caracterização Hospitalar – Equip de Manutenção da Vida, Equip de Diagnóstico e Infra - 2025 para",20,"Tabela 22 – Caracterização Hospitalar – Equip de Manutenção da Vida, Equip de Diagnóstico e Infra - 2025 para","..\..\Desktop\tabelas-powerBI\1 Pará\Tabela 22 – Caracterização Hospitalar – Equip de Manutenção da Vida, Equip de Diagnóstico e Infra - 2025 para.xlsx",RIS,2860,140.0
Xingu,1 Pará,22,"Tabela 22 – Caracterização Hospitalar – Equip de Manutenção da Vida, Equip de Diagnóstico e Infra - 2025 para",20,"Tabela 22 – Caracterização Hospitalar – Equip de Manutenção da Vida, Equip de Diagnóstico e Infra - 2025 para","..\..\Desktop\tabelas-powerBI\1 Pará\Tabela 22 – Caracterização Hospitalar – Equip de Manutenção da Vida, Equip de Diagnóstico e Infra - 2025 para.xlsx",RIS,2860,39.0
Fonte: DATASUS,1 Pará,22,"Tabela 22 – Caracterização Hospitalar – Equip de Manutenção da Vida, Equip de Diagnóstico e Infra - 2025 para",20,"Tabela 22 – Caracterização Hospitalar – Equip de Manutenção da Vida, Equip de Diagnóstico e Infra - 2025 para","..\..\Desktop\tabelas-powerBI\1 Pará\Tabela 22 – Caracterização Hospitalar – Equip de Manutenção da Vida, Equip de Diagnóstico e Infra - 2025 para.xlsx",RIS,2860,
Elaboração: FAPESPA,1 Pará,22,"Tabela 22 – Caracterização Hospitalar – Equip de Manutenção da Vida, Equip de Diagnóstico e Infra - 2025 para",20,"Tabela 22 – Caracterização Hospitalar – Equip de Manutenção da Vida, Equip de Diagnóstico e Infra - 2025 para","..\..\Desktop\tabelas-powerBI\1 Pará\Tabela 22 – Caracterização Hospitalar – Equip de Manutenção da Vida, Equip de Diagnóstico e Infra - 2025 para.xlsx",RIS,2860,
*Nota: Dados referentes a Outubro/2025.,1 Pará,22,"Tabela 22 – Caracterização Hospitalar – Equip de Manutenção da Vida, Equip de Diagnóstico e Infra - 2025 para",20,"Tabela 22 – Caracterização Hospitalar – Equip de Manutenção da Vida, Equip de Diagnóstico e Infra - 2025 para","..\..\Desktop\tabelas-powerBI\1 Pará\Tabela 22 – Caracterização Hospitalar – Equip de Manutenção da Vida, Equip de Diagnóstico e Infra - 2025 para.xlsx",RIS,2860,
Araguaia,1 Pará,22,"Tabela 22 – Caracterização Hospitalar – Equip de Manutenção da Vida, Equip de Diagnóstico e Infra - 2025 para",20,"Tabela 22 – Caracterização Hospitalar – Equip de Manutenção da Vida, Equip de Diagnóstico e Infra - 2025 para","..\..\Desktop\tabelas-powerBI\1 Pará\Tabela 22 – Caracterização Hospitalar – Equip de Manutenção da Vida, Equip de Diagnóstico e Infra - 2025 para.xlsx",RIS,2827,226.0
Baixo Amazonas,1 Pará,22,"Tabela 22 – Caracterização Hospitalar – Equip de Manutenção da Vida, Equip de Diagnóstico e Infra - 2025 para",20,"Tabela 22 – Caracterização Hospitalar – Equip de Manutenção da Vida, Equip de Diagnóstico e Infra - 2025 para","..\..\Desktop\tabelas-powerBI\1 Pará\Tabela 22 – Caracterização Hospitalar – Equip de Manutenção da Vida, Equip de Diagnóstico e Infra - 2025 para.xlsx",RIS,2827,132.0
Carajás,1 Pará,22,"Tabela 22 – Caracterização Hospitalar – Equip de Manutenção da Vida, Equip de Diagnóstico e Infra - 2025 para",20,"Tabela 22 – Caracterização Hospitalar – Equip de Manutenção da Vida, Equip de Diagnóstico e Infra - 2025 para","..\..\Desktop\tabelas-powerBI\1 Pará\Tabela 22 – Caracterização Hospitalar – Equip de Manutenção da Vida, Equip de Diagnóstico e Infra - 2025 para.xlsx",RIS,2827,227.0
Guajará,1 Pará,22,"Tabela 22 – Caracterização Hospitalar – Equip de Manutenção da Vida, Equip de Diagnóstico e Infra - 2025 para",20,"Tabela 22 – Caracterização Hospitalar – Equip de Manutenção da Vida, Equip de Diagnóstico e Infra - 2025 para","..\..\Desktop\tabelas-powerBI\1 Pará\Tabela 22 – Caracterização Hospitalar – Equip de Manutenção da Vida, Equip de Diagnóstico e Infra - 2025 para.xlsx",RIS,2827,1362.0
Guamá,1 Pará,22,"Tabela 22 – Caracterização Hospitalar – Equip de Manutenção da Vida, Equip de Diagnóstico e Infra - 2025 para",20,"Tabela 22 – Caracterização Hospitalar – Equip de Manutenção da Vida, Equip de Diagnóstico e Infra - 2025 para","..\..\Desktop\tabelas-powerBI\1 Pará\Tabela 22 – Caracterização Hospitalar – Equip de Manutenção da Vida, Equip de Diagnóstico e Infra - 2025 para.xlsx",RIS,2827,235.0
Lago de Tucuruí,1 Pará,22,"Tabela 22 – Caracterização Hospitalar – Equip de Manutenção da Vida, Equip de Diagnóstico e Infra - 2025 para",20,"Tabela 22 – Caracterização Hospitalar – Equip de Manutenção da Vida, Equip de Diagnóstico e Infra - 2025 para","..\..\Desktop\tabelas-powerBI\1 Pará\Tabela 22 – Caracterização Hospitalar – Equip de Manutenção da Vida, Equip de Diagnóstico e Infra - 2025 para.xlsx",RIS,2827,51.0
Marajó,1 Pará,22,"Tabela 22 – Caracterização Hospitalar – Equip de Manutenção da Vida, Equip de Diagnóstico e Infra - 2025 para",20,"Tabela 22 – Caracterização Hospitalar – Equip de Manutenção da Vida, Equip de Diagnóstico e Infra - 2025 para","..\..\Desktop\tabelas-powerBI\1 Pará\Tabela 22 – Caracterização Hospitalar – Equip de Manutenção da Vida, Equip de Diagnóstico e Infra - 2025 para.xlsx",RIS,2827,48.0
Rio Caeté,1 Pará,22,"Tabela 22 – Caracterização Hospitalar – Equip de Manutenção da Vida, Equip de Diagnóstico e Infra - 2025 para",20,"Tabela 22 – Caracterização Hospitalar – Equip de Manutenção da Vida, Equip de Diagnóstico e Infra - 2025 para","..\..\Desktop\tabelas-powerBI\1 Pará\Tabela 22 – Caracterização Hospitalar – Equip de Manutenção da Vida, Equip de Diagnóstico e Infra - 2025 para.xlsx",RIS,2827,130.0
Rio Capim,1 Pará,22,"Tabela 22 – Caracterização Hospitalar – Equip de Manutenção da Vida, Equip de Diagnóstico e Infra - 2025 para",20,"Tabela 22 – Caracterização Hospitalar – Equip de Manutenção da Vida, Equip de Diagnóstico e Infra - 2025 para","..\..\Desktop\tabelas-powerBI\1 Pará\Tabela 22 – Caracterização Hospitalar – Equip de Manutenção da Vida, Equip de Diagnóstico e Infra - 2025 para.xlsx",RIS,2827,85.0
Tapajós,1 Pará,22,"Tabela 22 – Caracterização Hospitalar – Equip de Manutenção da Vida, Equip de Diagnóstico e Infra - 2025 para",20,"Tabela 22 – Caracterização Hospitalar – Equip de Manutenção da Vida, Equip de Diagnóstico e Infra - 2025 para","..\..\Desktop\tabelas-powerBI\1 Pará\Tabela 22 – Caracterização Hospitalar – Equip de Manutenção da Vida, Equip de Diagnóstico e Infra - 2025 para.xlsx",RIS,2827,143.0
Tocantins,1 Pará,22,"Tabela 22 – Caracterização Hospitalar – Equip de Manutenção da Vida, Equip de Diagnóstico e Infra - 2025 para",20,"Tabela 22 – Caracterização Hospitalar – Equip de Manutenção da Vida, Equip de Diagnóstico e Infra - 2025 para","..\..\Desktop\tabelas-powerBI\1 Pará\Tabela 22 – Caracterização Hospitalar – Equip de Manutenção da Vida, Equip de Diagnóstico e Infra - 2025 para.xlsx",RIS,2827,113.0
Xingu,1 Pará,22,"Tabela 22 – Caracterização Hospitalar – Equip de Manutenção da Vida, Equip de Diagnóstico e Infra - 2025 para",20,"Tabela 22 – Caracterização Hospitalar – Equip de Manutenção da Vida, Equip de Diagnóstico e Infra - 2025 para","..\..\Desktop\tabelas-powerBI\1 Pará\Tabela 22 – Caracterização Hospitalar – Equip de Manutenção da Vida, Equip de Diagnóstico e Infra - 2025 para.xlsx",RIS,2827,75.0
Fonte: DATASUS,1 Pará,22,"Tabela 22 – Caracterização Hospitalar – Equip de Manutenção da Vida, Equip de Diagnóstico e Infra - 2025 para",20,"Tabela 22 – Caracterização Hospitalar – Equip de Manutenção da Vida, Equip de Diagnóstico e Infra - 2025 para","..\..\Desktop\tabelas-powerBI\1 Pará\Tabela 22 – Caracterização Hospitalar – Equip de Manutenção da Vida, Equip de Diagnóstico e Infra - 2025 para.xlsx",RIS,2827,
Elaboração: FAPESPA,1 Pará,22,"Tabela 22 – Caracterização Hospitalar – Equip de Manutenção da Vida, Equip de Diagnóstico e Infra - 2025 para",20,"Tabela 22 – Caracterização Hospitalar – Equip de Manutenção da Vida, Equip de Diagnóstico e Infra - 2025 para","..\..\Desktop\tabelas-powerBI\1 Pará\Tabela 22 – Caracterização Hospitalar – Equip de Manutenção da Vida, Equip de Diagnóstico e Infra - 2025 para.xlsx",RIS,2827,
*Nota: Dados referentes a Outubro/2025.,1 Pará,22,"Tabela 22 – Caracterização Hospitalar – Equip de Manutenção da Vida, Equip de Diagnóstico e Infra - 2025 para",20,"Tabela 22 – Caracterização Hospitalar – Equip de Manutenção da Vida, Equip de Diagnóstico e Infra - 2025 para","..\..\Desktop\tabelas-powerBI\1 Pará\Tabela 22 – Caracterização Hospitalar – Equip de Manutenção da Vida, Equip de Diagnóstico e Infra - 2025 para.xlsx",RIS,2827,
Araguaia,1 Pará,22,"Tabela 22 – Caracterização Hospitalar – Equip de Manutenção da Vida, Equip de Diagnóstico e Infra - 2025 para",20,"Tabela 22 – Caracterização Hospitalar – Equip de Manutenção da Vida, Equip de Diagnóstico e Infra - 2025 para","..\..\Desktop\tabelas-powerBI\1 Pará\Tabela 22 – Caracterização Hospitalar – Equip de Manutenção da Vida, Equip de Diagnóstico e Infra - 2025 para.xlsx",RIS,2630,209.0
Baixo Amazonas,1 Pará,22,"Tabela 22 – Caracterização Hospitalar – Equip de Manutenção da Vida, Equip de Diagnóstico e Infra - 2025 para",20,"Tabela 22 – Caracterização Hospitalar – Equip de Manutenção da Vida, Equip de Diagnóstico e Infra - 2025 para","..\..\Desktop\tabelas-powerBI\1 Pará\Tabela 22 – Caracterização Hospitalar – Equip de Manutenção da Vida, Equip de Diagnóstico e Infra - 2025 para.xlsx",RIS,2630,122.0
Carajás,1 Pará,22,"Tabela 22 – Caracterização Hospitalar – Equip de Manutenção da Vida, Equip de Diagnóstico e Infra - 2025 para",20,"Tabela 22 – Caracterização Hospitalar – Equip de Manutenção da Vida, Equip de Diagnóstico e Infra - 2025 para","..\..\Desktop\tabelas-powerBI\1 Pará\Tabela 22 – Caracterização Hospitalar – Equip de Manutenção da Vida, Equip de Diagnóstico e Infra - 2025 para.xlsx",RIS,2630,214.0
Guajará,1 Pará,22,"Tabela 22 – Caracterização Hospitalar – Equip de Manutenção da Vida, Equip de Diagnóstico e Infra - 2025 para",20,"Tabela 22 – Caracterização Hospitalar – Equip de Manutenção da Vida, Equip de Diagnóstico e Infra - 2025 para","..\..\Desktop\tabelas-powerBI\1 Pará\Tabela 22 – Caracterização Hospitalar – Equip de Manutenção da Vida, Equip de Diagnóstico e Infra - 2025 para.xlsx",RIS,2630,1228.0
Guamá,1 Pará,22,"Tabela 22 – Caracterização Hospitalar – Equip de Manutenção da Vida, Equip de Diagnóstico e Infra - 2025 para",20,"Tabela 22 – Caracterização Hospitalar – Equip de Manutenção da Vida, Equip de Diagnóstico e Infra - 2025 para","..\..\Desktop\tabelas-powerBI\1 Pará\Tabela 22 – Caracterização Hospitalar – Equip de Manutenção da Vida, Equip de Diagnóstico e Infra - 2025 para.xlsx",RIS,2630,235.0
Lago de Tucuruí,1 Pará,22,"Tabela 22 – Caracterização Hospitalar – Equip de Manutenção da Vida, Equip de Diagnóstico e Infra - 2025 para",20,"Tabela 22 – Caracterização Hospitalar – Equip de Manutenção da Vida, Equip de Diagnóstico e Infra - 2025 para","..\..\Desktop\tabelas-powerBI\1 Pará\Tabela 22 – Caracterização Hospitalar – Equip de Manutenção da Vida, Equip de Diagnóstico e Infra - 2025 para.xlsx",RIS,2630,51.0
Marajó,1 Pará,22,"Tabela 22 – Caracterização Hospitalar – Equip de Manutenção da Vida, Equip de Diagnóstico e Infra - 2025 para",20,"Tabela 22 – Caracterização Hospitalar – Equip de Manutenção da Vida, Equip de Diagnóstico e Infra - 2025 para","..\..\Desktop\tabelas-powerBI\1 Pará\Tabela 22 – Caracterização Hospitalar – Equip de Manutenção da Vida, Equip de Diagnóstico e Infra - 2025 para.xlsx",RIS,2630,48.0
Rio Caeté,1 Pará,22,"Tabela 22 – Caracterização Hospitalar – Equip de Manutenção da Vida, Equip de Diagnóstico e Infra - 2025 para",20,"Tabela 22 – Caracterização Hospitalar – Equip de Manutenção da Vida, Equip de Diagnóstico e Infra - 2025 para","..\..\Desktop\tabelas-powerBI\1 Pará\Tabela 22 – Caracterização Hospitalar – Equip de Manutenção da Vida, Equip de Diagnóstico e Infra - 2025 para.xlsx",RIS,2630,128.0
Rio Capim,1 Pará,22,"Tabela 22 – Caracterização Hospitalar – Equip de Manutenção da Vida, Equip de Diagnóstico e Infra - 2025 para",20,"Tabela 22 – Caracterização Hospitalar – Equip de Manutenção da Vida, Equip de Diagnóstico e Infra - 2025 para","..\..\Desktop\tabelas-powerBI\1 Pará\Tabela 22 – Caracterização Hospitalar – Equip de Manutenção da Vida, Equip de Diagnóstico e Infra - 2025 para.xlsx",RIS,2630,84.0
Tapajós,1 Pará,22,"Tabela 22 – Caracterização Hospitalar – Equip de Manutenção da Vida, Equip de Diagnóstico e Infra - 2025 para",20,"Tabela 22 – Caracterização Hospitalar – Equip de Manutenção da Vida, Equip de Diagnóstico e Infra - 2025 para","..\..\Desktop\tabelas-powerBI\1 Pará\Tabela 22 – Caracterização Hospitalar – Equip de Manutenção da Vida, Equip de Diagnóstico e Infra - 2025 para.xlsx",RIS,2630,134.0
Tocantins,1 Pará,22,"Tabela 22 – Caracterização Hospitalar – Equip de Manutenção da Vida, Equip de Diagnóstico e Infra - 2025 para",20,"Tabela 22 – Caracterização Hospitalar – Equip de Manutenção da Vida, Equip de Diagnóstico e Infra - 2025 para","..\..\Desktop\tabelas-powerBI\1 Pará\Tabela 22 – Caracterização Hospitalar – Equip de Manutenção da Vida, Equip de Diagnóstico e Infra - 2025 para.xlsx",RIS,2630,104.0
Xingu,1 Pará,22,"Tabela 22 – Caracterização Hospitalar – Equip de Manutenção da Vida, Equip de Diagnóstico e Infra - 2025 para",20,"Tabela 22 – Caracterização Hospitalar – Equip de Manutenção da Vida, Equip de Diagnóstico e Infra - 2025 para","..\..\Desktop\tabelas-powerBI\1 Pará\Tabela 22 – Caracterização Hospitalar – Equip de Manutenção da Vida, Equip de Diagnóstico e Infra - 2025 para.xlsx",RIS,2630,73.0
Fonte: DATASUS,1 Pará,22,"Tabela 22 – Caracterização Hospitalar – Equip de Manutenção da Vida, Equip de Diagnóstico e Infra - 2025 para",20,"Tabela 22 – Caracterização Hospitalar – Equip de Manutenção da Vida, Equip de Diagnóstico e Infra - 2025 para","..\..\Desktop\tabelas-powerBI\1 Pará\Tabela 22 – Caracterização Hospitalar – Equip de Manutenção da Vida, Equip de Diagnóstico e Infra - 2025 para.xlsx",RIS,2630,
Elaboração: FAPESPA,1 Pará,22,"Tabela 22 – Caracterização Hospitalar – Equip de Manutenção da Vida, Equip de Diagnóstico e Infra - 2025 para",20,"Tabela 22 – Caracterização Hospitalar – Equip de Manutenção da Vida, Equip de Diagnóstico e Infra - 2025 para","..\..\Desktop\tabelas-powerBI\1 Pará\Tabela 22 – Caracterização Hospitalar – Equip de Manutenção da Vida, Equip de Diagnóstico e Infra - 2025 para.xlsx",RIS,2630,
*Nota: Dados referentes a Outubro/2025.,1 Pará,22,"Tabela 22 – Caracterização Hospitalar – Equip de Manutenção da Vida, Equip de Diagnóstico e Infra - 2025 para",20,"Tabela 22 – Caracterização Hospitalar – Equip de Manutenção da Vida, Equip de Diagnóstico e Infra - 2025 para","..\..\Desktop\tabelas-powerBI\1 Pará\Tabela 22 – Caracterização Hospitalar – Equip de Manutenção da Vida, Equip de Diagnóstico e Infra - 2025 para.xlsx",RIS,2630,
Araguaia,1 Pará,22,"Tabela 22 – Caracterização Hospitalar – Equip de Manutenção da Vida, Equip de Diagnóstico e Infra - 2025 para",20,"Tabela 22 – Caracterização Hospitalar – Equip de Manutenção da Vida, Equip de Diagnóstico e Infra - 2025 para","..\..\Desktop\tabelas-powerBI\1 Pará\Tabela 22 – Caracterização Hospitalar – Equip de Manutenção da Vida, Equip de Diagnóstico e Infra - 2025 para.xlsx",RIS,138,9.0
Baixo Amazonas,1 Pará,22,"Tabela 22 – Caracterização Hospitalar – Equip de Manutenção da Vida, Equip de Diagnóstico e Infra - 2025 para",20,"Tabela 22 – Caracterização Hospitalar – Equip de Manutenção da Vida, Equip de Diagnóstico e Infra - 2025 para","..\..\Desktop\tabelas-powerBI\1 Pará\Tabela 22 – Caracterização Hospitalar – Equip de Manutenção da Vida, Equip de Diagnóstico e Infra - 2025 para.xlsx",RIS,138,8.0
Carajás,1 Pará,22,"Tabela 22 – Caracterização Hospitalar – Equip de Manutenção da Vida, Equip de Diagnóstico e Infra - 2025 para",20,"Tabela 22 – Caracterização Hospitalar – Equip de Manutenção da Vida, Equip de Diagnóstico e Infra - 2025 para","..\..\Desktop\tabelas-powerBI\1 Pará\Tabela 22 – Caracterização Hospitalar – Equip de Manutenção da Vida, Equip de Diagnóstico e Infra - 2025 para.xlsx",RIS,138,19.0
Guajará,1 Pará,22,"Tabela 22 – Caracterização Hospitalar – Equip de Manutenção da Vida, Equip de Diagnóstico e Infra - 2025 para",20,"Tabela 22 – Caracterização Hospitalar – Equip de Manutenção da Vida, Equip de Diagnóstico e Infra - 2025 para","..\..\Desktop\tabelas-powerBI\1 Pará\Tabela 22 – Caracterização Hospitalar – Equip de Manutenção da Vida, Equip de Diagnóstico e Infra - 2025 para.xlsx",RIS,138,57.0
Guamá,1 Pará,22,"Tabela 22 – Caracterização Hospitalar – Equip de Manutenção da Vida, Equip de Diagnóstico e Infra - 2025 para",20,"Tabela 22 – Caracterização Hospitalar – Equip de Manutenção da Vida, Equip de Diagnóstico e Infra - 2025 para","..\..\Desktop\tabelas-powerBI\1 Pará\Tabela 22 – Caracterização Hospitalar – Equip de Manutenção da Vida, Equip de Diagnóstico e Infra - 2025 para.xlsx",RIS,138,5.0
Lago de Tucuruí,1 Pará,22,"Tabela 22 – Caracterização Hospitalar – Equip de Manutenção da Vida, Equip de Diagnóstico e Infra - 2025 para",20,"Tabela 22 – Caracterização Hospitalar – Equip de Manutenção da Vida, Equip de Diagnóstico e Infra - 2025 para","..\..\Desktop\tabelas-powerBI\1 Pará\Tabela 22 – Caracterização Hospitalar – Equip de Manutenção da Vida, Equip de Diagnóstico e Infra - 2025 para.xlsx",RIS,138,6.0
Marajó,1 Pará,22,"Tabela 22 – Caracterização Hospitalar – Equip de Manutenção da Vida, Equip de Diagnóstico e Infra - 2025 para",20,"Tabela 22 – Caracterização Hospitalar – Equip de Manutenção da Vida, Equip de Diagnóstico e Infra - 2025 para","..\..\Desktop\tabelas-powerBI\1 Pará\Tabela 22 – Caracterização Hospitalar – Equip de Manutenção da Vida, Equip de Diagnóstico e Infra - 2025 para.xlsx",RIS,138,2.0
Rio Caeté,1 Pará,22,"Tabela 22 – Caracterização Hospitalar – Equip de Manutenção da Vida, Equip de Diagnóstico e Infra - 2025 para",20,"Tabela 22 – Caracterização Hospitalar – Equip de Manutenção da Vida, Equip de Diagnóstico e Infra - 2025 para","..\..\Desktop\tabelas-powerBI\1 Pará\Tabela 22 – Caracterização Hospitalar – Equip de Manutenção da Vida, Equip de Diagnóstico e Infra - 2025 para.xlsx",RIS,138,9.0
Rio Capim,1 Pará,22,"Tabela 22 – Caracterização Hospitalar – Equip de Manutenção da Vida, Equip de Diagnóstico e Infra - 2025 para",20,"Tabela 22 – Caracterização Hospitalar – Equip de Manutenção da Vida, Equip de Diagnóstico e Infra - 2025 para","..\..\Desktop\tabelas-powerBI\1 Pará\Tabela 22 – Caracterização Hospitalar – Equip de Manutenção da Vida, Equip de Diagnóstico e Infra - 2025 para.xlsx",RIS,138,6.0
Tapajós,1 Pará,22,"Tabela 22 – Caracterização Hospitalar – Equip de Manutenção da Vida, Equip de Diagnóstico e Infra - 2025 para",20,"Tabela 22 – Caracterização Hospitalar – Equip de Manutenção da Vida, Equip de Diagnóstico e Infra - 2025 para","..\..\Desktop\tabelas-powerBI\1 Pará\Tabela 22 – Caracterização Hospitalar – Equip de Manutenção da Vida, Equip de Diagnóstico e Infra - 2025 para.xlsx",RIS,138,5.0
Tocantins,1 Pará,22,"Tabela 22 – Caracterização Hospitalar – Equip de Manutenção da Vida, Equip de Diagnóstico e Infra - 2025 para",20,"Tabela 22 – Caracterização Hospitalar – Equip de Manutenção da Vida, Equip de Diagnóstico e Infra - 2025 para","..\..\Desktop\tabelas-powerBI\1 Pará\Tabela 22 – Caracterização Hospitalar – Equip de Manutenção da Vida, Equip de Diagnóstico e Infra - 2025 para.xlsx",RIS,138,9.0
Xingu,1 Pará,22,"Tabela 22 – Caracterização Hospitalar – Equip de Manutenção da Vida, Equip de Diagnóstico e Infra - 2025 para",20,"Tabela 22 – Caracterização Hospitalar – Equip de Manutenção da Vida, Equip de Diagnóstico e Infra - 2025 para","..\..\Desktop\tabelas-powerBI\1 Pará\Tabela 22 – Caracterização Hospitalar – Equip de Manutenção da Vida, Equip de Diagnóstico e Infra - 2025 para.xlsx",RIS,138,3.0
Fonte: DATASUS,1 Pará,22,"Tabela 22 – Caracterização Hospitalar – Equip de Manutenção da Vida, Equip de Diagnóstico e Infra - 2025 para",20,"Tabela 22 – Caracterização Hospitalar – Equip de Manutenção da Vida, Equip de Diagnóstico e Infra - 2025 para","..\..\Desktop\tabelas-powerBI\1 Pará\Tabela 22 – Caracterização Hospitalar – Equip de Manutenção da Vida, Equip de Diagnóstico e Infra - 2025 para.xlsx",RIS,138,
Elaboração: FAPESPA,1 Pará,22,"Tabela 22 – Caracterização Hospitalar – Equip de Manutenção da Vida, Equip de Diagnóstico e Infra - 2025 para",20,"Tabela 22 – Caracterização Hospitalar – Equip de Manutenção da Vida, Equip de Diagnóstico e Infra - 2025 para","..\..\Desktop\tabelas-powerBI\1 Pará\Tabela 22 – Caracterização Hospitalar – Equip de Manutenção da Vida, Equip de Diagnóstico e Infra - 2025 para.xlsx",RIS,138,
*Nota: Dados referentes a Outubro/2025.,1 Pará,22,"Tabela 22 – Caracterização Hospitalar – Equip de Manutenção da Vida, Equip de Diagnóstico e Infra - 2025 para",20,"Tabela 22 – Caracterização Hospitalar – Equip de Manutenção da Vida, Equip de Diagnóstico e Infra - 2025 para","..\..\Desktop\tabelas-powerBI\1 Pará\Tabela 22 – Caracterização Hospitalar – Equip de Manutenção da Vida, Equip de Diagnóstico e Infra - 2025 para.xlsx",RIS,138,
Araguaia,1 Pará,22,"Tabela 22 – Caracterização Hospitalar – Equip de Manutenção da Vida, Equip de Diagnóstico e Infra - 2025 para",20,"Tabela 22 – Caracterização Hospitalar – Equip de Manutenção da Vida, Equip de Diagnóstico e Infra - 2025 para","..\..\Desktop\tabelas-powerBI\1 Pará\Tabela 22 – Caracterização Hospitalar – Equip de Manutenção da Vida, Equip de Diagnóstico e Infra - 2025 para.xlsx",RIS,132,8.0
Baixo Amazonas,1 Pará,22,"Tabela 22 – Caracterização Hospitalar – Equip de Manutenção da Vida, Equip de Diagnóstico e Infra - 2025 para",20,"Tabela 22 – Caracterização Hospitalar – Equip de Manutenção da Vida, Equip de Diagnóstico e Infra - 2025 para","..\..\Desktop\tabelas-powerBI\1 Pará\Tabela 22 – Caracterização Hospitalar – Equip de Manutenção da Vida, Equip de Diagnóstico e Infra - 2025 para.xlsx",RIS,132,7.0
Carajás,1 Pará,22,"Tabela 22 – Caracterização Hospitalar – Equip de Manutenção da Vida, Equip de Diagnóstico e Infra - 2025 para",20,"Tabela 22 – Caracterização Hospitalar – Equip de Manutenção da Vida, Equip de Diagnóstico e Infra - 2025 para","..\..\Desktop\tabelas-powerBI\1 Pará\Tabela 22 – Caracterização Hospitalar – Equip de Manutenção da Vida, Equip de Diagnóstico e Infra - 2025 para.xlsx",RIS,132,18.0
Guajará,1 Pará,22,"Tabela 22 – Caracterização Hospitalar – Equip de Manutenção da Vida, Equip de Diagnóstico e Infra - 2025 para",20,"Tabela 22 – Caracterização Hospitalar – Equip de Manutenção da Vida, Equip de Diagnóstico e Infra - 2025 para","..\..\Desktop\tabelas-powerBI\1 Pará\Tabela 22 – Caracterização Hospitalar – Equip de Manutenção da Vida, Equip de Diagnóstico e Infra - 2025 para.xlsx",RIS,132,54.0
Guamá,1 Pará,22,"Tabela 22 – Caracterização Hospitalar – Equip de Manutenção da Vida, Equip de Diagnóstico e Infra - 2025 para",20,"Tabela 22 – Caracterização Hospitalar – Equip de Manutenção da Vida, Equip de Diagnóstico e Infra - 2025 para","..\..\Desktop\tabelas-powerBI\1 Pará\Tabela 22 – Caracterização Hospitalar – Equip de Manutenção da Vida, Equip de Diagnóstico e Infra - 2025 para.xlsx",RIS,132,5.0
Lago de Tucuruí,1 Pará,22,"Tabela 22 – Caracterização Hospitalar – Equip de Manutenção da Vida, Equip de Diagnóstico e Infra - 2025 para",20,"Tabela 22 – Caracterização Hospitalar – Equip de Manutenção da Vida, Equip de Diagnóstico e Infra - 2025 para","..\..\Desktop\tabelas-powerBI\1 Pará\Tabela 22 – Caracterização Hospitalar – Equip de Manutenção da Vida, Equip de Diagnóstico e Infra - 2025 para.xlsx",RIS,132,6.0
Marajó,1 Pará,22,"Tabela 22 – Caracterização Hospitalar – Equip de Manutenção da Vida, Equip de Diagnóstico e Infra - 2025 para",20,"Tabela 22 – Caracterização Hospitalar – Equip de Manutenção da Vida, Equip de Diagnóstico e Infra - 2025 para","..\..\Desktop\tabelas-powerBI\1 Pará\Tabela 22 – Caracterização Hospitalar – Equip de Manutenção da Vida, Equip de Diagnóstico e Infra - 2025 para.xlsx",RIS,132,2.0
Rio Caeté,1 Pará,22,"Tabela 22 – Caracterização Hospitalar – Equip de Manutenção da Vida, Equip de Diagnóstico e Infra - 2025 para",20,"Tabela 22 – Caracterização Hospitalar – Equip de Manutenção da Vida, Equip de Diagnóstico e Infra - 2025 para","..\..\Desktop\tabelas-powerBI\1 Pará\Tabela 22 – Caracterização Hospitalar – Equip de Manutenção da Vida, Equip de Diagnóstico e Infra - 2025 para.xlsx",RIS,132,9.0
Rio Capim,1 Pará,22,"Tabela 22 – Caracterização Hospitalar – Equip de Manutenção da Vida, Equip de Diagnóstico e Infra - 2025 para",20,"Tabela 22 – Caracterização Hospitalar – Equip de Manutenção da Vida, Equip de Diagnóstico e Infra - 2025 para","..\..\Desktop\tabelas-powerBI\1 Pará\Tabela 22 – Caracterização Hospitalar – Equip de Manutenção da Vida, Equip de Diagnóstico e Infra - 2025 para.xlsx",RIS,132,6.0
Tapajós,1 Pará,22,"Tabela 22 – Caracterização Hospitalar – Equip de Manutenção da Vida, Equip de Diagnóstico e Infra - 2025 para",20,"Tabela 22 – Caracterização Hospitalar – Equip de Manutenção da Vida, Equip de Diagnóstico e Infra - 2025 para","..\..\Desktop\tabelas-powerBI\1 Pará\Tabela 22 – Caracterização Hospitalar – Equip de Manutenção da Vida, Equip de Diagnóstico e Infra - 2025 para.xlsx",RIS,132,5.0
Tocantins,1 Pará,22,"Tabela 22 – Caracterização Hospitalar – Equip de Manutenção da Vida, Equip de Diagnóstico e Infra - 2025 para",20,"Tabela 22 – Caracterização Hospitalar – Equip de Manutenção da Vida, Equip de Diagnóstico e Infra - 2025 para","..\..\Desktop\tabelas-powerBI\1 Pará\Tabela 22 – Caracterização Hospitalar – Equip de Manutenção da Vida, Equip de Diagnóstico e Infra - 2025 para.xlsx",RIS,132,9.0
Xingu,1 Pará,22,"Tabela 22 – Caracterização Hospitalar – Equip de Manutenção da Vida, Equip de Diagnóstico e Infra - 2025 para",20,"Tabela 22 – Caracterização Hospitalar – Equip de Manutenção da Vida, Equip de Diagnóstico e Infra - 2025 para","..\..\Desktop\tabelas-powerBI\1 Pará\Tabela 22 – Caracterização Hospitalar – Equip de Manutenção da Vida, Equip de Diagnóstico e Infra - 2025 para.xlsx",RIS,132,3.0
Fonte: DATASUS,1 Pará,22,"Tabela 22 – Caracterização Hospitalar – Equip de Manutenção da Vida, Equip de Diagnóstico e Infra - 2025 para",20,"Tabela 22 – Caracterização Hospitalar – Equip de Manutenção da Vida, Equip de Diagnóstico e Infra - 2025 para","..\..\Desktop\tabelas-powerBI\1 Pará\Tabela 22 – Caracterização Hospitalar – Equip de Manutenção da Vida, Equip de Diagnóstico e Infra - 2025 para.xlsx",RIS,132,
Elaboração: FAPESPA,1 Pará,22,"Tabela 22 – Caracterização Hospitalar – Equip de Manutenção da Vida, Equip de Diagnóstico e Infra - 2025 para",20,"Tabela 22 – Caracterização Hospitalar – Equip de Manutenção da Vida, Equip de Diagnóstico e Infra - 2025 para","..\..\Desktop\tabelas-powerBI\1 Pará\Tabela 22 – Caracterização Hospitalar – Equip de Manutenção da Vida, Equip de Diagnóstico e Infra - 2025 para.xlsx",RIS,132,
*Nota: Dados referentes a Outubro/2025.,1 Pará,22,"Tabela 22 – Caracterização Hospitalar – Equip de Manutenção da Vida, Equip de Diagnóstico e Infra - 2025 para",20,"Tabela 22 – Caracterização Hospitalar – Equip de Manutenção da Vida, Equip de Diagnóstico e Infra - 2025 para","..\..\Desktop\tabelas-powerBI\1 Pará\Tabela 22 – Caracterização Hospitalar – Equip de Manutenção da Vida, Equip de Diagnóstico e Infra - 2025 para.xlsx",RIS,132,
Araguaia,1 Pará,22,"Tabela 22 – Caracterização Hospitalar – Equip de Manutenção da Vida, Equip de Diagnóstico e Infra - 2025 para",20,"Tabela 22 – Caracterização Hospitalar – Equip de Manutenção da Vida, Equip de Diagnóstico e Infra - 2025 para","..\..\Desktop\tabelas-powerBI\1 Pará\Tabela 22 – Caracterização Hospitalar – Equip de Manutenção da Vida, Equip de Diagnóstico e Infra - 2025 para.xlsx",RIS,424,40.0
Baixo Amazonas,1 Pará,22,"Tabela 22 – Caracterização Hospitalar – Equip de Manutenção da Vida, Equip de Diagnóstico e Infra - 2025 para",20,"Tabela 22 – Caracterização Hospitalar – Equip de Manutenção da Vida, Equip de Diagnóstico e Infra - 2025 para","..\..\Desktop\tabelas-powerBI\1 Pará\Tabela 22 – Caracterização Hospitalar – Equip de Manutenção da Vida, Equip de Diagnóstico e Infra - 2025 para.xlsx",RIS,424,27.0
Carajás,1 Pará,22,"Tabela 22 – Caracterização Hospitalar – Equip de Manutenção da Vida, Equip de Diagnóstico e Infra - 2025 para",20,"Tabela 22 – Caracterização Hospitalar – Equip de Manutenção da Vida, Equip de Diagnóstico e Infra - 2025 para","..\..\Desktop\tabelas-powerBI\1 Pará\Tabela 22 – Caracterização Hospitalar – Equip de Manutenção da Vida, Equip de Diagnóstico e Infra - 2025 para.xlsx",RIS,424,51.0
Guajará,1 Pará,22,"Tabela 22 – Caracterização Hospitalar – Equip de Manutenção da Vida, Equip de Diagnóstico e Infra - 2025 para",20,"Tabela 22 – Caracterização Hospitalar – Equip de Manutenção da Vida, Equip de Diagnóstico e Infra - 2025 para","..\..\Desktop\tabelas-powerBI\1 Pará\Tabela 22 – Caracterização Hospitalar – Equip de Manutenção da Vida, Equip de Diagnóstico e Infra - 2025 para.xlsx",RIS,424,128.0
Guamá,1 Pará,22,"Tabela 22 – Caracterização Hospitalar – Equip de Manutenção da Vida, Equip de Diagnóstico e Infra - 2025 para",20,"Tabela 22 – Caracterização Hospitalar – Equip de Manutenção da Vida, Equip de Diagnóstico e Infra - 2025 para","..\..\Desktop\tabelas-powerBI\1 Pará\Tabela 22 – Caracterização Hospitalar – Equip de Manutenção da Vida, Equip de Diagnóstico e Infra - 2025 para.xlsx",RIS,424,22.0
Lago de Tucuruí,1 Pará,22,"Tabela 22 – Caracterização Hospitalar – Equip de Manutenção da Vida, Equip de Diagnóstico e Infra - 2025 para",20,"Tabela 22 – Caracterização Hospitalar – Equip de Manutenção da Vida, Equip de Diagnóstico e Infra - 2025 para","..\..\Desktop\tabelas-powerBI\1 Pará\Tabela 22 – Caracterização Hospitalar – Equip de Manutenção da Vida, Equip de Diagnóstico e Infra - 2025 para.xlsx",RIS,424,20.0
Marajó,1 Pará,22,"Tabela 22 – Caracterização Hospitalar – Equip de Manutenção da Vida, Equip de Diagnóstico e Infra - 2025 para",20,"Tabela 22 – Caracterização Hospitalar – Equip de Manutenção da Vida, Equip de Diagnóstico e Infra - 2025 para","..\..\Desktop\tabelas-powerBI\1 Pará\Tabela 22 – Caracterização Hospitalar – Equip de Manutenção da Vida, Equip de Diagnóstico e Infra - 2025 para.xlsx",RIS,424,20.0
Rio Caeté,1 Pará,22,"Tabela 22 – Caracterização Hospitalar – Equip de Manutenção da Vida, Equip de Diagnóstico e Infra - 2025 para",20,"Tabela 22 – Caracterização Hospitalar – Equip de Manutenção da Vida, Equip de Diagnóstico e Infra - 2025 para","..\..\Desktop\tabelas-powerBI\1 Pará\Tabela 22 – Caracterização Hospitalar – Equip de Manutenção da Vida, Equip de Diagnóstico e Infra - 2025 para.xlsx",RIS,424,23.0
Rio Capim,1 Pará,22,"Tabela 22 – Caracterização Hospitalar – Equip de Manutenção da Vida, Equip de Diagnóstico e Infra - 2025 para",20,"Tabela 22 – Caracterização Hospitalar – Equip de Manutenção da Vida, Equip de Diagnóstico e Infra - 2025 para","..\..\Desktop\tabelas-powerBI\1 Pará\Tabela 22 – Caracterização Hospitalar – Equip de Manutenção da Vida, Equip de Diagnóstico e Infra - 2025 para.xlsx",RIS,424,34.0
Tapajós,1 Pará,22,"Tabela 22 – Caracterização Hospitalar – Equip de Manutenção da Vida, Equip de Diagnóstico e Infra - 2025 para",20,"Tabela 22 – Caracterização Hospitalar – Equip de Manutenção da Vida, Equip de Diagnóstico e Infra - 2025 para","..\..\Desktop\tabelas-powerBI\1 Pará\Tabela 22 – Caracterização Hospitalar – Equip de Manutenção da Vida, Equip de Diagnóstico e Infra - 2025 para.xlsx",RIS,424,18.0
Tocantins,1 Pará,22,"Tabela 22 – Caracterização Hospitalar – Equip de Manutenção da Vida, Equip de Diagnóstico e Infra - 2025 para",20,"Tabela 22 – Caracterização Hospitalar – Equip de Manutenção da Vida, Equip de Diagnóstico e Infra - 2025 para","..\..\Desktop\tabelas-powerBI\1 Pará\Tabela 22 – Caracterização Hospitalar – Equip de Manutenção da Vida, Equip de Diagnóstico e Infra - 2025 para.xlsx",RIS,424,26.0
Xingu,1 Pará,22,"Tabela 22 – Caracterização Hospitalar – Equip de Manutenção da Vida, Equip de Diagnóstico e Infra - 2025 para",20,"Tabela 22 – Caracterização Hospitalar – Equip de Manutenção da Vida, Equip de Diagnóstico e Infra - 2025 para","..\..\Desktop\tabelas-powerBI\1 Pará\Tabela 22 – Caracterização Hospitalar – Equip de Manutenção da Vida, Equip de Diagnóstico e Infra - 2025 para.xlsx",RIS,424,15.0
Fonte: DATASUS,1 Pará,22,"Tabela 22 – Caracterização Hospitalar – Equip de Manutenção da Vida, Equip de Diagnóstico e Infra - 2025 para",20,"Tabela 22 – Caracterização Hospitalar – Equip de Manutenção da Vida, Equip de Diagnóstico e Infra - 2025 para","..\..\Desktop\tabelas-powerBI\1 Pará\Tabela 22 – Caracterização Hospitalar – Equip de Manutenção da Vida, Equip de Diagnóstico e Infra - 2025 para.xlsx",RIS,424,
Elaboração: FAPESPA,1 Pará,22,"Tabela 22 – Caracterização Hospitalar – Equip de Manutenção da Vida, Equip de Diagnóstico e Infra - 2025 para",20,"Tabela 22 – Caracterização Hospitalar – Equip de Manutenção da Vida, Equip de Diagnóstico e Infra - 2025 para","..\..\Desktop\tabelas-powerBI\1 Pará\Tabela 22 – Caracterização Hospitalar – Equip de Manutenção da Vida, Equip de Diagnóstico e Infra - 2025 para.xlsx",RIS,424,
*Nota: Dados referentes a Outubro/2025.,1 Pará,22,"Tabela 22 – Caracterização Hospitalar – Equip de Manutenção da Vida, Equip de Diagnóstico e Infra - 2025 para",20,"Tabela 22 – Caracterização Hospitalar – Equip de Manutenção da Vida, Equip de Diagnóstico e Infra - 2025 para","..\..\Desktop\tabelas-powerBI\1 Pará\Tabela 22 – Caracterização Hospitalar – Equip de Manutenção da Vida, Equip de Diagnóstico e Infra - 2025 para.xlsx",RIS,424,
Araguaia,1 Pará,22,"Tabela 22 – Caracterização Hospitalar – Equip de Manutenção da Vida, Equip de Diagnóstico e Infra - 2025 para",20,"Tabela 22 – Caracterização Hospitalar – Equip de Manutenção da Vida, Equip de Diagnóstico e Infra - 2025 para","..\..\Desktop\tabelas-powerBI\1 Pará\Tabela 22 – Caracterização Hospitalar – Equip de Manutenção da Vida, Equip de Diagnóstico e Infra - 2025 para.xlsx",RIS,410,39.0
Baixo Amazonas,1 Pará,22,"Tabela 22 – Caracterização Hospitalar – Equip de Manutenção da Vida, Equip de Diagnóstico e Infra - 2025 para",20,"Tabela 22 – Caracterização Hospitalar – Equip de Manutenção da Vida, Equip de Diagnóstico e Infra - 2025 para","..\..\Desktop\tabelas-powerBI\1 Pará\Tabela 22 – Caracterização Hospitalar – Equip de Manutenção da Vida, Equip de Diagnóstico e Infra - 2025 para.xlsx",RIS,410,23.0
Carajás,1 Pará,22,"Tabela 22 – Caracterização Hospitalar – Equip de Manutenção da Vida, Equip de Diagnóstico e Infra - 2025 para",20,"Tabela 22 – Caracterização Hospitalar – Equip de Manutenção da Vida, Equip de Diagnóstico e Infra - 2025 para","..\..\Desktop\tabelas-powerBI\1 Pará\Tabela 22 – Caracterização Hospitalar – Equip de Manutenção da Vida, Equip de Diagnóstico e Infra - 2025 para.xlsx",RIS,410,48.0
Guajará,1 Pará,22,"Tabela 22 – Caracterização Hospitalar – Equip de Manutenção da Vida, Equip de Diagnóstico e Infra - 2025 para",20,"Tabela 22 – Caracterização Hospitalar – Equip de Manutenção da Vida, Equip de Diagnóstico e Infra - 2025 para","..\..\Desktop\tabelas-powerBI\1 Pará\Tabela 22 – Caracterização Hospitalar – Equip de Manutenção da Vida, Equip de Diagnóstico e Infra - 2025 para.xlsx",RIS,410,127.0
Guamá,1 Pará,22,"Tabela 22 – Caracterização Hospitalar – Equip de Manutenção da Vida, Equip de Diagnóstico e Infra - 2025 para",20,"Tabela 22 – Caracterização Hospitalar – Equip de Manutenção da Vida, Equip de Diagnóstico e Infra - 2025 para","..\..\Desktop\tabelas-powerBI\1 Pará\Tabela 22 – Caracterização Hospitalar – Equip de Manutenção da Vida, Equip de Diagnóstico e Infra - 2025 para.xlsx",RIS,410,22.0
Lago de Tucuruí,1 Pará,22,"Tabela 22 – Caracterização Hospitalar – Equip de Manutenção da Vida, Equip de Diagnóstico e Infra - 2025 para",20,"Tabela 22 – Caracterização Hospitalar – Equip de Manutenção da Vida, Equip de Diagnóstico e Infra - 2025 para","..\..\Desktop\tabelas-powerBI\1 Pará\Tabela 22 – Caracterização Hospitalar – Equip de Manutenção da Vida, Equip de Diagnóstico e Infra - 2025 para.xlsx",RIS,410,20.0
Marajó,1 Pará,22,"Tabela 22 – Caracterização Hospitalar – Equip de Manutenção da Vida, Equip de Diagnóstico e Infra - 2025 para",20,"Tabela 22 – Caracterização Hospitalar – Equip de Manutenção da Vida, Equip de Diagnóstico e Infra - 2025 para","..\..\Desktop\tabelas-powerBI\1 Pará\Tabela 22 – Caracterização Hospitalar – Equip de Manutenção da Vida, Equip de Diagnóstico e Infra - 2025 para.xlsx",RIS,410,19.0
Rio Caeté,1 Pará,22,"Tabela 22 – Caracterização Hospitalar – Equip de Manutenção da Vida, Equip de Diagnóstico e Infra - 2025 para",20,"Tabela 22 – Caracterização Hospitalar – Equip de Manutenção da Vida, Equip de Diagnóstico e Infra - 2025 para","..\..\Desktop\tabelas-powerBI\1 Pará\Tabela 22 – Caracterização Hospitalar – Equip de Manutenção da Vida, Equip de Diagnóstico e Infra - 2025 para.xlsx",RIS,410,22.0
Rio Capim,1 Pará,22,"Tabela 22 – Caracterização Hospitalar – Equip de Manutenção da Vida, Equip de Diagnóstico e Infra - 2025 para",20,"Tabela 22 – Caracterização Hospitalar – Equip de Manutenção da Vida, Equip de Diagnóstico e Infra - 2025 para","..\..\Desktop\tabelas-powerBI\1 Pará\Tabela 22 – Caracterização Hospitalar – Equip de Manutenção da Vida, Equip de Diagnóstico e Infra - 2025 para.xlsx",RIS,410,33.0
Tapajós,1 Pará,22,"Tabela 22 – Caracterização Hospitalar – Equip de Manutenção da Vida, Equip de Diagnóstico e Infra - 2025 para",20,"Tabela 22 – Caracterização Hospitalar – Equip de Manutenção da Vida, Equip de Diagnóstico e Infra - 2025 para","..\..\Desktop\tabelas-powerBI\1 Pará\Tabela 22 – Caracterização Hospitalar – Equip de Manutenção da Vida, Equip de Diagnóstico e Infra - 2025 para.xlsx",RIS,410,18.0
Tocantins,1 Pará,22,"Tabela 22 – Caracterização Hospitalar – Equip de Manutenção da Vida, Equip de Diagnóstico e Infra - 2025 para",20,"Tabela 22 – Caracterização Hospitalar – Equip de Manutenção da Vida, Equip de Diagnóstico e Infra - 2025 para","..\..\Desktop\tabelas-powerBI\1 Pará\Tabela 22 – Caracterização Hospitalar – Equip de Manutenção da Vida, Equip de Diagnóstico e Infra - 2025 para.xlsx",RIS,410,25.0
Xingu,1 Pará,22,"Tabela 22 – Caracterização Hospitalar – Equip de Manutenção da Vida, Equip de Diagnóstico e Infra - 2025 para",20,"Tabela 22 – Caracterização Hospitalar – Equip de Manutenção da Vida, Equip de Diagnóstico e Infra - 2025 para","..\..\Desktop\tabelas-powerBI\1 Pará\Tabela 22 – Caracterização Hospitalar – Equip de Manutenção da Vida, Equip de Diagnóstico e Infra - 2025 para.xlsx",RIS,410,14.0
Fonte: DATASUS,1 Pará,22,"Tabela 22 – Caracterização Hospitalar – Equip de Manutenção da Vida, Equip de Diagnóstico e Infra - 2025 para",20,"Tabela 22 – Caracterização Hospitalar – Equip de Manutenção da Vida, Equip de Diagnóstico e Infra - 2025 para","..\..\Desktop\tabelas-powerBI\1 Pará\Tabela 22 – Caracterização Hospitalar – Equip de Manutenção da Vida, Equip de Diagnóstico e Infra - 2025 para.xlsx",RIS,410,
Elaboração: FAPESPA,1 Pará,22,"Tabela 22 – Caracterização Hospitalar – Equip de Manutenção da Vida, Equip de Diagnóstico e Infra - 2025 para",20,"Tabela 22 – Caracterização Hospitalar – Equip de Manutenção da Vida, Equip de Diagnóstico e Infra - 2025 para","..\..\Desktop\tabelas-powerBI\1 Pará\Tabela 22 – Caracterização Hospitalar – Equip de Manutenção da Vida, Equip de Diagnóstico e Infra - 2025 para.xlsx",RIS,410,
*Nota: Dados referentes a Outubro/2025.,1 Pará,22,"Tabela 22 – Caracterização Hospitalar – Equip de Manutenção da Vida, Equip de Diagnóstico e Infra - 2025 para",20,"Tabela 22 – Caracterização Hospitalar – Equip de Manutenção da Vida, Equip de Diagnóstico e Infra - 2025 para","..\..\Desktop\tabelas-powerBI\1 Pará\Tabela 22 – Caracterização Hospitalar – Equip de Manutenção da Vida, Equip de Diagnóstico e Infra - 2025 para.xlsx",RIS,410,
Araguaia,1 Pará,22,"Tabela 22 – Caracterização Hospitalar – Equip de Manutenção da Vida, Equip de Diagnóstico e Infra - 2025 para",20,"Tabela 22 – Caracterização Hospitalar – Equip de Manutenção da Vida, Equip de Diagnóstico e Infra - 2025 para","..\..\Desktop\tabelas-powerBI\1 Pará\Tabela 22 – Caracterização Hospitalar – Equip de Manutenção da Vida, Equip de Diagnóstico e Infra - 2025 para.xlsx",RIS,239,20.0
Baixo Amazonas,1 Pará,22,"Tabela 22 – Caracterização Hospitalar – Equip de Manutenção da Vida, Equip de Diagnóstico e Infra - 2025 para",20,"Tabela 22 – Caracterização Hospitalar – Equip de Manutenção da Vida, Equip de Diagnóstico e Infra - 2025 para","..\..\Desktop\tabelas-powerBI\1 Pará\Tabela 22 – Caracterização Hospitalar – Equip de Manutenção da Vida, Equip de Diagnóstico e Infra - 2025 para.xlsx",RIS,239,20.0
Carajás,1 Pará,22,"Tabela 22 – Caracterização Hospitalar – Equip de Manutenção da Vida, Equip de Diagnóstico e Infra - 2025 para",20,"Tabela 22 – Caracterização Hospitalar – Equip de Manutenção da Vida, Equip de Diagnóstico e Infra - 2025 para","..\..\Desktop\tabelas-powerBI\1 Pará\Tabela 22 – Caracterização Hospitalar – Equip de Manutenção da Vida, Equip de Diagnóstico e Infra - 2025 para.xlsx",RIS,239,37.0
Guajará,1 Pará,22,"Tabela 22 – Caracterização Hospitalar – Equip de Manutenção da Vida, Equip de Diagnóstico e Infra - 2025 para",20,"Tabela 22 – Caracterização Hospitalar – Equip de Manutenção da Vida, Equip de Diagnóstico e Infra - 2025 para","..\..\Desktop\tabelas-powerBI\1 Pará\Tabela 22 – Caracterização Hospitalar – Equip de Manutenção da Vida, Equip de Diagnóstico e Infra - 2025 para.xlsx",RIS,239,91.0
Guamá,1 Pará,22,"Tabela 22 – Caracterização Hospitalar – Equip de Manutenção da Vida, Equip de Diagnóstico e Infra - 2025 para",20,"Tabela 22 – Caracterização Hospitalar – Equip de Manutenção da Vida, Equip de Diagnóstico e Infra - 2025 para","..\..\Desktop\tabelas-powerBI\1 Pará\Tabela 22 – Caracterização Hospitalar – Equip de Manutenção da Vida, Equip de Diagnóstico e Infra - 2025 para.xlsx",RIS,239,11.0
Lago de Tucuruí,1 Pará,22,"Tabela 22 – Caracterização Hospitalar – Equip de Manutenção da Vida, Equip de Diagnóstico e Infra - 2025 para",20,"Tabela 22 – Caracterização Hospitalar – Equip de Manutenção da Vida, Equip de Diagnóstico e Infra - 2025 para","..\..\Desktop\tabelas-powerBI\1 Pará\Tabela 22 – Caracterização Hospitalar – Equip de Manutenção da Vida, Equip de Diagnóstico e Infra - 2025 para.xlsx",RIS,239,10.0
Marajó,1 Pará,22,"Tabela 22 – Caracterização Hospitalar – Equip de Manutenção da Vida, Equip de Diagnóstico e Infra - 2025 para",20,"Tabela 22 – Caracterização Hospitalar – Equip de Manutenção da Vida, Equip de Diagnóstico e Infra - 2025 para","..\..\Desktop\tabelas-powerBI\1 Pará\Tabela 22 – Caracterização Hospitalar – Equip de Manutenção da Vida, Equip de Diagnóstico e Infra - 2025 para.xlsx",RIS,239,2.0
Rio Caeté,1 Pará,22,"Tabela 22 – Caracterização Hospitalar – Equip de Manutenção da Vida, Equip de Diagnóstico e Infra - 2025 para",20,"Tabela 22 – Caracterização Hospitalar – Equip de Manutenção da Vida, Equip de Diagnóstico e Infra - 2025 para","..\..\Desktop\tabelas-powerBI\1 Pará\Tabela 22 – Caracterização Hospitalar – Equip de Manutenção da Vida, Equip de Diagnóstico e Infra - 2025 para.xlsx",RIS,239,11.0
Rio Capim,1 Pará,22,"Tabela 22 – Caracterização Hospitalar – Equip de Manutenção da Vida, Equip de Diagnóstico e Infra - 2025 para",20,"Tabela 22 – Caracterização Hospitalar – Equip de Manutenção da Vida, Equip de Diagnóstico e Infra - 2025 para","..\..\Desktop\tabelas-powerBI\1 Pará\Tabela 22 – Caracterização Hospitalar – Equip de Manutenção da Vida, Equip de Diagnóstico e Infra - 2025 para.xlsx",RIS,239,9.0
Tapajós,1 Pará,22,"Tabela 22 – Caracterização Hospitalar – Equip de Manutenção da Vida, Equip de Diagnóstico e Infra - 2025 para",20,"Tabela 22 – Caracterização Hospitalar – Equip de Manutenção da Vida, Equip de Diagnóstico e Infra - 2025 para","..\..\Desktop\tabelas-powerBI\1 Pará\Tabela 22 – Caracterização Hospitalar – Equip de Manutenção da Vida, Equip de Diagnóstico e Infra - 2025 para.xlsx",RIS,239,7.0
Tocantins,1 Pará,22,"Tabela 22 – Caracterização Hospitalar – Equip de Manutenção da Vida, Equip de Diagnóstico e Infra - 2025 para",20,"Tabela 22 – Caracterização Hospitalar – Equip de Manutenção da Vida, Equip de Diagnóstico e Infra - 2025 para","..\..\Desktop\tabelas-powerBI\1 Pará\Tabela 22 – Caracterização Hospitalar – Equip de Manutenção da Vida, Equip de Diagnóstico e Infra - 2025 para.xlsx",RIS,239,10.0
Xingu,1 Pará,22,"Tabela 22 – Caracterização Hospitalar – Equip de Manutenção da Vida, Equip de Diagnóstico e Infra - 2025 para",20,"Tabela 22 – Caracterização Hospitalar – Equip de Manutenção da Vida, Equip de Diagnóstico e Infra - 2025 para","..\..\Desktop\tabelas-powerBI\1 Pará\Tabela 22 – Caracterização Hospitalar – Equip de Manutenção da Vida, Equip de Diagnóstico e Infra - 2025 para.xlsx",RIS,239,11.0
Fonte: DATASUS,1 Pará,22,"Tabela 22 – Caracterização Hospitalar – Equip de Manutenção da Vida, Equip de Diagnóstico e Infra - 2025 para",20,"Tabela 22 – Caracterização Hospitalar – Equip de Manutenção da Vida, Equip de Diagnóstico e Infra - 2025 para","..\..\Desktop\tabelas-powerBI\1 Pará\Tabela 22 – Caracterização Hospitalar – Equip de Manutenção da Vida, Equip de Diagnóstico e Infra - 2025 para.xlsx",RIS,239,
Elaboração: FAPESPA,1 Pará,22,"Tabela 22 – Caracterização Hospitalar – Equip de Manutenção da Vida, Equip de Diagnóstico e Infra - 2025 para",20,"Tabela 22 – Caracterização Hospitalar – Equip de Manutenção da Vida, Equip de Diagnóstico e Infra - 2025 para","..\..\Desktop\tabelas-powerBI\1 Pará\Tabela 22 – Caracterização Hospitalar – Equip de Manutenção da Vida, Equip de Diagnóstico e Infra - 2025 para.xlsx",RIS,239,
*Nota: Dados referentes a Outubro/2025.,1 Pará,22,"Tabela 22 – Caracterização Hospitalar – Equip de Manutenção da Vida, Equip de Diagnóstico e Infra - 2025 para",20,"Tabela 22 – Caracterização Hospitalar – Equip de Manutenção da Vida, Equip de Diagnóstico e Infra - 2025 para","..\..\Desktop\tabelas-powerBI\1 Pará\Tabela 22 – Caracterização Hospitalar – Equip de Manutenção da Vida, Equip de Diagnóstico e Infra - 2025 para.xlsx",RIS,239,
Araguaia,1 Pará,22,"Tabela 22 – Caracterização Hospitalar – Equip de Manutenção da Vida, Equip de Diagnóstico e Infra - 2025 para",20,"Tabela 22 – Caracterização Hospitalar – Equip de Manutenção da Vida, Equip de Diagnóstico e Infra - 2025 para","..\..\Desktop\tabelas-powerBI\1 Pará\Tabela 22 – Caracterização Hospitalar – Equip de Manutenção da Vida, Equip de Diagnóstico e Infra - 2025 para.xlsx",RIS,234,19.0
Baixo Amazonas,1 Pará,22,"Tabela 22 – Caracterização Hospitalar – Equip de Manutenção da Vida, Equip de Diagnóstico e Infra - 2025 para",20,"Tabela 22 – Caracterização Hospitalar – Equip de Manutenção da Vida, Equip de Diagnóstico e Infra - 2025 para","..\..\Desktop\tabelas-powerBI\1 Pará\Tabela 22 – Caracterização Hospitalar – Equip de Manutenção da Vida, Equip de Diagnóstico e Infra - 2025 para.xlsx",RIS,234,19.0
Carajás,1 Pará,22,"Tabela 22 – Caracterização Hospitalar – Equip de Manutenção da Vida, Equip de Diagnóstico e Infra - 2025 para",20,"Tabela 22 – Caracterização Hospitalar – Equip de Manutenção da Vida, Equip de Diagnóstico e Infra - 2025 para","..\..\Desktop\tabelas-powerBI\1 Pará\Tabela 22 – Caracterização Hospitalar – Equip de Manutenção da Vida, Equip de Diagnóstico e Infra - 2025 para.xlsx",RIS,234,36.0
Guajará,1 Pará,22,"Tabela 22 – Caracterização Hospitalar – Equip de Manutenção da Vida, Equip de Diagnóstico e Infra - 2025 para",20,"Tabela 22 – Caracterização Hospitalar – Equip de Manutenção da Vida, Equip de Diagnóstico e Infra - 2025 para","..\..\Desktop\tabelas-powerBI\1 Pará\Tabela 22 – Caracterização Hospitalar – Equip de Manutenção da Vida, Equip de Diagnóstico e Infra - 2025 para.xlsx",RIS,234,91.0
Guamá,1 Pará,22,"Tabela 22 – Caracterização Hospitalar – Equip de Manutenção da Vida, Equip de Diagnóstico e Infra - 2025 para",20,"Tabela 22 – Caracterização Hospitalar – Equip de Manutenção da Vida, Equip de Diagnóstico e Infra - 2025 para","..\..\Desktop\tabelas-powerBI\1 Pará\Tabela 22 – Caracterização Hospitalar – Equip de Manutenção da Vida, Equip de Diagnóstico e Infra - 2025 para.xlsx",RIS,234,11.0
Lago de Tucuruí,1 Pará,22,"Tabela 22 – Caracterização Hospitalar – Equip de Manutenção da Vida, Equip de Diagnóstico e Infra - 2025 para",20,"Tabela 22 – Caracterização Hospitalar – Equip de Manutenção da Vida, Equip de Diagnóstico e Infra - 2025 para","..\..\Desktop\tabelas-powerBI\1 Pará\Tabela 22 – Caracterização Hospitalar – Equip de Manutenção da Vida, Equip de Diagnóstico e Infra - 2025 para.xlsx",RIS,234,9.0
Marajó,1 Pará,22,"Tabela 22 – Caracterização Hospitalar – Equip de Manutenção da Vida, Equip de Diagnóstico e Infra - 2025 para",20,"Tabela 22 – Caracterização Hospitalar – Equip de Manutenção da Vida, Equip de Diagnóstico e Infra - 2025 para","..\..\Desktop\tabelas-powerBI\1 Pará\Tabela 22 – Caracterização Hospitalar – Equip de Manutenção da Vida, Equip de Diagnóstico e Infra - 2025 para.xlsx",RIS,234,2.0
Rio Caeté,1 Pará,22,"Tabela 22 – Caracterização Hospitalar – Equip de Manutenção da Vida, Equip de Diagnóstico e Infra - 2025 para",20,"Tabela 22 – Caracterização Hospitalar – Equip de Manutenção da Vida, Equip de Diagnóstico e Infra - 2025 para","..\..\Desktop\tabelas-powerBI\1 Pará\Tabela 22 – Caracterização Hospitalar – Equip de Manutenção da Vida, Equip de Diagnóstico e Infra - 2025 para.xlsx",RIS,234,10.0
Rio Capim,1 Pará,22,"Tabela 22 – Caracterização Hospitalar – Equip de Manutenção da Vida, Equip de Diagnóstico e Infra - 2025 para",20,"Tabela 22 – Caracterização Hospitalar – Equip de Manutenção da Vida, Equip de Diagnóstico e Infra - 2025 para","..\..\Desktop\tabelas-powerBI\1 Pará\Tabela 22 – Caracterização Hospitalar – Equip de Manutenção da Vida, Equip de Diagnóstico e Infra - 2025 para.xlsx",RIS,234,9.0
Tapajós,1 Pará,22,"Tabela 22 – Caracterização Hospitalar – Equip de Manutenção da Vida, Equip de Diagnóstico e Infra - 2025 para",20,"Tabela 22 – Caracterização Hospitalar – Equip de Manutenção da Vida, Equip de Diagnóstico e Infra - 2025 para","..\..\Desktop\tabelas-powerBI\1 Pará\Tabela 22 – Caracterização Hospitalar – Equip de Manutenção da Vida, Equip de Diagnóstico e Infra - 2025 para.xlsx",RIS,234,7.0
Tocantins,1 Pará,22,"Tabela 22 – Caracterização Hospitalar – Equip de Manutenção da Vida, Equip de Diagnóstico e Infra - 2025 para",20,"Tabela 22 – Caracterização Hospitalar – Equip de Manutenção da Vida, Equip de Diagnóstico e Infra - 2025 para","..\..\Desktop\tabelas-powerBI\1 Pará\Tabela 22 – Caracterização Hospitalar – Equip de Manutenção da Vida, Equip de Diagnóstico e Infra - 2025 para.xlsx",RIS,234,10.0
Xingu,1 Pará,22,"Tabela 22 – Caracterização Hospitalar – Equip de Manutenção da Vida, Equip de Diagnóstico e Infra - 2025 para",20,"Tabela 22 – Caracterização Hospitalar – Equip de Manutenção da Vida, Equip de Diagnóstico e Infra - 2025 para","..\..\Desktop\tabelas-powerBI\1 Pará\Tabela 22 – Caracterização Hospitalar – Equip de Manutenção da Vida, Equip de Diagnóstico e Infra - 2025 para.xlsx",RIS,234,11.0
Fonte: DATASUS,1 Pará,22,"Tabela 22 – Caracterização Hospitalar – Equip de Manutenção da Vida, Equip de Diagnóstico e Infra - 2025 para",20,"Tabela 22 – Caracterização Hospitalar – Equip de Manutenção da Vida, Equip de Diagnóstico e Infra - 2025 para","..\..\Desktop\tabelas-powerBI\1 Pará\Tabela 22 – Caracterização Hospitalar – Equip de Manutenção da Vida, Equip de Diagnóstico e Infra - 2025 para.xlsx",RIS,234,
Elaboração: FAPESPA,1 Pará,22,"Tabela 22 – Caracterização Hospitalar – Equip de Manutenção da Vida, Equip de Diagnóstico e Infra - 2025 para",20,"Tabela 22 – Caracterização Hospitalar – Equip de Manutenção da Vida, Equip de Diagnóstico e Infra - 2025 para","..\..\Desktop\tabelas-powerBI\1 Pará\Tabela 22 – Caracterização Hospitalar – Equip de Manutenção da Vida, Equip de Diagnóstico e Infra - 2025 para.xlsx",RIS,234,
*Nota: Dados referentes a Outubro/2025.,1 Pará,22,"Tabela 22 – Caracterização Hospitalar – Equip de Manutenção da Vida, Equip de Diagnóstico e Infra - 2025 para",20,"Tabela 22 – Caracterização Hospitalar – Equip de Manutenção da Vida, Equip de Diagnóstico e Infra - 2025 para","..\..\Desktop\tabelas-powerBI\1 Pará\Tabela 22 – Caracterização Hospitalar – Equip de Manutenção da Vida, Equip de Diagnóstico e Infra - 2025 para.xlsx",RIS,234,
Araguaia,1 Pará,22,"Tabela 22 – Caracterização Hospitalar – Equip de Manutenção da Vida, Equip de Diagnóstico e Infra - 2025 para",20,"Tabela 22 – Caracterização Hospitalar – Equip de Manutenção da Vida, Equip de Diagnóstico e Infra - 2025 para","..\..\Desktop\tabelas-powerBI\1 Pará\Tabela 22 – Caracterização Hospitalar – Equip de Manutenção da Vida, Equip de Diagnóstico e Infra - 2025 para.xlsx",RIS,746,61.0
Baixo Amazonas,1 Pará,22,"Tabela 22 – Caracterização Hospitalar – Equip de Manutenção da Vida, Equip de Diagnóstico e Infra - 2025 para",20,"Tabela 22 – Caracterização Hospitalar – Equip de Manutenção da Vida, Equip de Diagnóstico e Infra - 2025 para","..\..\Desktop\tabelas-powerBI\1 Pará\Tabela 22 – Caracterização Hospitalar – Equip de Manutenção da Vida, Equip de Diagnóstico e Infra - 2025 para.xlsx",RIS,746,63.0
Carajás,1 Pará,22,"Tabela 22 – Caracterização Hospitalar – Equip de Manutenção da Vida, Equip de Diagnóstico e Infra - 2025 para",20,"Tabela 22 – Caracterização Hospitalar – Equip de Manutenção da Vida, Equip de Diagnóstico e Infra - 2025 para","..\..\Desktop\tabelas-powerBI\1 Pará\Tabela 22 – Caracterização Hospitalar – Equip de Manutenção da Vida, Equip de Diagnóstico e Infra - 2025 para.xlsx",RIS,746,100.0
Guajará,1 Pará,22,"Tabela 22 – Caracterização Hospitalar – Equip de Manutenção da Vida, Equip de Diagnóstico e Infra - 2025 para",20,"Tabela 22 – Caracterização Hospitalar – Equip de Manutenção da Vida, Equip de Diagnóstico e Infra - 2025 para","..\..\Desktop\tabelas-powerBI\1 Pará\Tabela 22 – Caracterização Hospitalar – Equip de Manutenção da Vida, Equip de Diagnóstico e Infra - 2025 para.xlsx",RIS,746,230.0
Guamá,1 Pará,22,"Tabela 22 – Caracterização Hospitalar – Equip de Manutenção da Vida, Equip de Diagnóstico e Infra - 2025 para",20,"Tabela 22 – Caracterização Hospitalar – Equip de Manutenção da Vida, Equip de Diagnóstico e Infra - 2025 para","..\..\Desktop\tabelas-powerBI\1 Pará\Tabela 22 – Caracterização Hospitalar – Equip de Manutenção da Vida, Equip de Diagnóstico e Infra - 2025 para.xlsx",RIS,746,51.0
Lago de Tucuruí,1 Pará,22,"Tabela 22 – Caracterização Hospitalar – Equip de Manutenção da Vida, Equip de Diagnóstico e Infra - 2025 para",20,"Tabela 22 – Caracterização Hospitalar – Equip de Manutenção da Vida, Equip de Diagnóstico e Infra - 2025 para","..\..\Desktop\tabelas-powerBI\1 Pará\Tabela 22 – Caracterização Hospitalar – Equip de Manutenção da Vida, Equip de Diagnóstico e Infra - 2025 para.xlsx",RIS,746,21.0
Marajó,1 Pará,22,"Tabela 22 – Caracterização Hospitalar – Equip de Manutenção da Vida, Equip de Diagnóstico e Infra - 2025 para",20,"Tabela 22 – Caracterização Hospitalar – Equip de Manutenção da Vida, Equip de Diagnóstico e Infra - 2025 para","..\..\Desktop\tabelas-powerBI\1 Pará\Tabela 22 – Caracterização Hospitalar – Equip de Manutenção da Vida, Equip de Diagnóstico e Infra - 2025 para.xlsx",RIS,746,24.0
Rio Caeté,1 Pará,22,"Tabela 22 – Caracterização Hospitalar – Equip de Manutenção da Vida, Equip de Diagnóstico e Infra - 2025 para",20,"Tabela 22 – Caracterização Hospitalar – Equip de Manutenção da Vida, Equip de Diagnóstico e Infra - 2025 para","..\..\Desktop\tabelas-powerBI\1 Pará\Tabela 22 – Caracterização Hospitalar – Equip de Manutenção da Vida, Equip de Diagnóstico e Infra - 2025 para.xlsx",RIS,746,50.0
Rio Capim,1 Pará,22,"Tabela 22 – Caracterização Hospitalar – Equip de Manutenção da Vida, Equip de Diagnóstico e Infra - 2025 para",20,"Tabela 22 – Caracterização Hospitalar – Equip de Manutenção da Vida, Equip de Diagnóstico e Infra - 2025 para","..\..\Desktop\tabelas-powerBI\1 Pará\Tabela 22 – Caracterização Hospitalar – Equip de Manutenção da Vida, Equip de Diagnóstico e Infra - 2025 para.xlsx",RIS,746,53.0
Tapajós,1 Pará,22,"Tabela 22 – Caracterização Hospitalar – Equip de Manutenção da Vida, Equip de Diagnóstico e Infra - 2025 para",20,"Tabela 22 – Caracterização Hospitalar – Equip de Manutenção da Vida, Equip de Diagnóstico e Infra - 2025 para","..\..\Desktop\tabelas-powerBI\1 Pará\Tabela 22 – Caracterização Hospitalar – Equip de Manutenção da Vida, Equip de Diagnóstico e Infra - 2025 para.xlsx",RIS,746,23.0
Tocantins,1 Pará,22,"Tabela 22 – Caracterização Hospitalar – Equip de Manutenção da Vida, Equip de Diagnóstico e Infra - 2025 para",20,"Tabela 22 – Caracterização Hospitalar – Equip de Manutenção da Vida, Equip de Diagnóstico e Infra - 2025 para","..\..\Desktop\tabelas-powerBI\1 Pará\Tabela 22 – Caracterização Hospitalar – Equip de Manutenção da Vida, Equip de Diagnóstico e Infra - 2025 para.xlsx",RIS,746,42.0
Xingu,1 Pará,22,"Tabela 22 – Caracterização Hospitalar – Equip de Manutenção da Vida, Equip de Diagnóstico e Infra - 2025 para",20,"Tabela 22 – Caracterização Hospitalar – Equip de Manutenção da Vida, Equip de Diagnóstico e Infra - 2025 para","..\..\Desktop\tabelas-powerBI\1 Pará\Tabela 22 – Caracterização Hospitalar – Equip de Manutenção da Vida, Equip de Diagnóstico e Infra - 2025 para.xlsx",RIS,746,28.0
Fonte: DATASUS,1 Pará,22,"Tabela 22 – Caracterização Hospitalar – Equip de Manutenção da Vida, Equip de Diagnóstico e Infra - 2025 para",20,"Tabela 22 – Caracterização Hospitalar – Equip de Manutenção da Vida, Equip de Diagnóstico e Infra - 2025 para","..\..\Desktop\tabelas-powerBI\1 Pará\Tabela 22 – Caracterização Hospitalar – Equip de Manutenção da Vida, Equip de Diagnóstico e Infra - 2025 para.xlsx",RIS,746,
Elaboração: FAPESPA,1 Pará,22,"Tabela 22 – Caracterização Hospitalar – Equip de Manutenção da Vida, Equip de Diagnóstico e Infra - 2025 para",20,"Tabela 22 – Caracterização Hospitalar – Equip de Manutenção da Vida, Equip de Diagnóstico e Infra - 2025 para","..\..\Desktop\tabelas-powerBI\1 Pará\Tabela 22 – Caracterização Hospitalar – Equip de Manutenção da Vida, Equip de Diagnóstico e Infra - 2025 para.xlsx",RIS,746,
*Nota: Dados referentes a Outubro/2025.,1 Pará,22,"Tabela 22 – Caracterização Hospitalar – Equip de Manutenção da Vida, Equip de Diagnóstico e Infra - 2025 para",20,"Tabela 22 – Caracterização Hospitalar – Equip de Manutenção da Vida, Equip de Diagnóstico e Infra - 2025 para","..\..\Desktop\tabelas-powerBI\1 Pará\Tabela 22 – Caracterização Hospitalar – Equip de Manutenção da Vida, Equip de Diagnóstico e Infra - 2025 para.xlsx",RIS,746,
Araguaia,1 Pará,22,"Tabela 22 – Caracterização Hospitalar – Equip de Manutenção da Vida, Equip de Diagnóstico e Infra - 2025 para",20,"Tabela 22 – Caracterização Hospitalar – Equip de Manutenção da Vida, Equip de Diagnóstico e Infra - 2025 para","..\..\Desktop\tabelas-powerBI\1 Pará\Tabela 22 – Caracterização Hospitalar – Equip de Manutenção da Vida, Equip de Diagnóstico e Infra - 2025 para.xlsx",RIS,720,61.0
Baixo Amazonas,1 Pará,22,"Tabela 22 – Caracterização Hospitalar – Equip de Manutenção da Vida, Equip de Diagnóstico e Infra - 2025 para",20,"Tabela 22 – Caracterização Hospitalar – Equip de Manutenção da Vida, Equip de Diagnóstico e Infra - 2025 para","..\..\Desktop\tabelas-powerBI\1 Pará\Tabela 22 – Caracterização Hospitalar – Equip de Manutenção da Vida, Equip de Diagnóstico e Infra - 2025 para.xlsx",RIS,720,60.0
Carajás,1 Pará,22,"Tabela 22 – Caracterização Hospitalar – Equip de Manutenção da Vida, Equip de Diagnóstico e Infra - 2025 para",20,"Tabela 22 – Caracterização Hospitalar – Equip de Manutenção da Vida, Equip de Diagnóstico e Infra - 2025 para","..\..\Desktop\tabelas-powerBI\1 Pará\Tabela 22 – Caracterização Hospitalar – Equip de Manutenção da Vida, Equip de Diagnóstico e Infra - 2025 para.xlsx",RIS,720,95.0
Guajará,1 Pará,22,"Tabela 22 – Caracterização Hospitalar – Equip de Manutenção da Vida, Equip de Diagnóstico e Infra - 2025 para",20,"Tabela 22 – Caracterização Hospitalar – Equip de Manutenção da Vida, Equip de Diagnóstico e Infra - 2025 para","..\..\Desktop\tabelas-powerBI\1 Pará\Tabela 22 – Caracterização Hospitalar – Equip de Manutenção da Vida, Equip de Diagnóstico e Infra - 2025 para.xlsx",RIS,720,218.0
Guamá,1 Pará,22,"Tabela 22 – Caracterização Hospitalar – Equip de Manutenção da Vida, Equip de Diagnóstico e Infra - 2025 para",20,"Tabela 22 – Caracterização Hospitalar – Equip de Manutenção da Vida, Equip de Diagnóstico e Infra - 2025 para","..\..\Desktop\tabelas-powerBI\1 Pará\Tabela 22 – Caracterização Hospitalar – Equip de Manutenção da Vida, Equip de Diagnóstico e Infra - 2025 para.xlsx",RIS,720,48.0
Lago de Tucuruí,1 Pará,22,"Tabela 22 – Caracterização Hospitalar – Equip de Manutenção da Vida, Equip de Diagnóstico e Infra - 2025 para",20,"Tabela 22 – Caracterização Hospitalar – Equip de Manutenção da Vida, Equip de Diagnóstico e Infra - 2025 para","..\..\Desktop\tabelas-powerBI\1 Pará\Tabela 22 – Caracterização Hospitalar – Equip de Manutenção da Vida, Equip de Diagnóstico e Infra - 2025 para.xlsx",RIS,720,21.0
Marajó,1 Pará,22,"Tabela 22 – Caracterização Hospitalar – Equip de Manutenção da Vida, Equip de Diagnóstico e Infra - 2025 para",20,"Tabela 22 – Caracterização Hospitalar – Equip de Manutenção da Vida, Equip de Diagnóstico e Infra - 2025 para","..\..\Desktop\tabelas-powerBI\1 Pará\Tabela 22 – Caracterização Hospitalar – Equip de Manutenção da Vida, Equip de Diagnóstico e Infra - 2025 para.xlsx",RIS,720,24.0
Rio Caeté,1 Pará,22,"Tabela 22 – Caracterização Hospitalar – Equip de Manutenção da Vida, Equip de Diagnóstico e Infra - 2025 para",20,"Tabela 22 – Caracterização Hospitalar – Equip de Manutenção da Vida, Equip de Diagnóstico e Infra - 2025 para","..\..\Desktop\tabelas-powerBI\1 Pará\Tabela 22 – Caracterização Hospitalar – Equip de Manutenção da Vida, Equip de Diagnóstico e Infra - 2025 para.xlsx",RIS,720,49.0
Rio Capim,1 Pará,22,"Tabela 22 – Caracterização Hospitalar – Equip de Manutenção da Vida, Equip de Diagnóstico e Infra - 2025 para",20,"Tabela 22 – Caracterização Hospitalar – Equip de Manutenção da Vida, Equip de Diagnóstico e Infra - 2025 para","..\..\Desktop\tabelas-powerBI\1 Pará\Tabela 22 – Caracterização Hospitalar – Equip de Manutenção da Vida, Equip de Diagnóstico e Infra - 2025 para.xlsx",RIS,720,53.0
Tapajós,1 Pará,22,"Tabela 22 – Caracterização Hospitalar – Equip de Manutenção da Vida, Equip de Diagnóstico e Infra - 2025 para",20,"Tabela 22 – Caracterização Hospitalar – Equip de Manutenção da Vida, Equip de Diagnóstico e Infra - 2025 para","..\..\Desktop\tabelas-powerBI\1 Pará\Tabela 22 – Caracterização Hospitalar – Equip de Manutenção da Vida, Equip de Diagnóstico e Infra - 2025 para.xlsx",RIS,720,23.0
Tocantins,1 Pará,22,"Tabela 22 – Caracterização Hospitalar – Equip de Manutenção da Vida, Equip de Diagnóstico e Infra - 2025 para",20,"Tabela 22 – Caracterização Hospitalar – Equip de Manutenção da Vida, Equip de Diagnóstico e Infra - 2025 para","..\..\Desktop\tabelas-powerBI\1 Pará\Tabela 22 – Caracterização Hospitalar – Equip de Manutenção da Vida, Equip de Diagnóstico e Infra - 2025 para.xlsx",RIS,720,41.0
Xingu,1 Pará,22,"Tabela 22 – Caracterização Hospitalar – Equip de Manutenção da Vida, Equip de Diagnóstico e Infra - 2025 para",20,"Tabela 22 – Caracterização Hospitalar – Equip de Manutenção da Vida, Equip de Diagnóstico e Infra - 2025 para","..\..\Desktop\tabelas-powerBI\1 Pará\Tabela 22 – Caracterização Hospitalar – Equip de Manutenção da Vida, Equip de Diagnóstico e Infra - 2025 para.xlsx",RIS,720,27.0
Fonte: DATASUS,1 Pará,22,"Tabela 22 – Caracterização Hospitalar – Equip de Manutenção da Vida, Equip de Diagnóstico e Infra - 2025 para",20,"Tabela 22 – Caracterização Hospitalar – Equip de Manutenção da Vida, Equip de Diagnóstico e Infra - 2025 para","..\..\Desktop\tabelas-powerBI\1 Pará\Tabela 22 – Caracterização Hospitalar – Equip de Manutenção da Vida, Equip de Diagnóstico e Infra - 2025 para.xlsx",RIS,720,
Elaboração: FAPESPA,1 Pará,22,"Tabela 22 – Caracterização Hospitalar – Equip de Manutenção da Vida, Equip de Diagnóstico e Infra - 2025 para",20,"Tabela 22 – Caracterização Hospitalar – Equip de Manutenção da Vida, Equip de Diagnóstico e Infra - 2025 para","..\..\Desktop\tabelas-powerBI\1 Pará\Tabela 22 – Caracterização Hospitalar – Equip de Manutenção da Vida, Equip de Diagnóstico e Infra - 2025 para.xlsx",RIS,720,
*Nota: Dados referentes a Outubro/2025.,1 Pará,22,"Tabela 22 – Caracterização Hospitalar – Equip de Manutenção da Vida, Equip de Diagnóstico e Infra - 2025 para",20,"Tabela 22 – Caracterização Hospitalar – Equip de Manutenção da Vida, Equip de Diagnóstico e Infra - 2025 para","..\..\Desktop\tabelas-powerBI\1 Pará\Tabela 22 – Caracterização Hospitalar – Equip de Manutenção da Vida, Equip de Diagnóstico e Infra - 2025 para.xlsx",RIS,720,
Araguaia,1 Pará,22,"Tabela 22 – Caracterização Hospitalar – Equip de Manutenção da Vida, Equip de Diagnóstico e Infra - 2025 para",20,"Tabela 22 – Caracterização Hospitalar – Equip de Manutenção da Vida, Equip de Diagnóstico e Infra - 2025 para","..\..\Desktop\tabelas-powerBI\1 Pará\Tabela 22 – Caracterização Hospitalar – Equip de Manutenção da Vida, Equip de Diagnóstico e Infra - 2025 para.xlsx",RIS,1199,81.0
Baixo Amazonas,1 Pará,22,"Tabela 22 – Caracterização Hospitalar – Equip de Manutenção da Vida, Equip de Diagnóstico e Infra - 2025 para",20,"Tabela 22 – Caracterização Hospitalar – Equip de Manutenção da Vida, Equip de Diagnóstico e Infra - 2025 para","..\..\Desktop\tabelas-powerBI\1 Pará\Tabela 22 – Caracterização Hospitalar – Equip de Manutenção da Vida, Equip de Diagnóstico e Infra - 2025 para.xlsx",RIS,1199,106.0
Carajás,1 Pará,22,"Tabela 22 – Caracterização Hospitalar – Equip de Manutenção da Vida, Equip de Diagnóstico e Infra - 2025 para",20,"Tabela 22 – Caracterização Hospitalar – Equip de Manutenção da Vida, Equip de Diagnóstico e Infra - 2025 para","..\..\Desktop\tabelas-powerBI\1 Pará\Tabela 22 – Caracterização Hospitalar – Equip de Manutenção da Vida, Equip de Diagnóstico e Infra - 2025 para.xlsx",RIS,1199,161.0
Guajará,1 Pará,22,"Tabela 22 – Caracterização Hospitalar – Equip de Manutenção da Vida, Equip de Diagnóstico e Infra - 2025 para",20,"Tabela 22 – Caracterização Hospitalar – Equip de Manutenção da Vida, Equip de Diagnóstico e Infra - 2025 para","..\..\Desktop\tabelas-powerBI\1 Pará\Tabela 22 – Caracterização Hospitalar – Equip de Manutenção da Vida, Equip de Diagnóstico e Infra - 2025 para.xlsx",RIS,1199,465.0
Guamá,1 Pará,22,"Tabela 22 – Caracterização Hospitalar – Equip de Manutenção da Vida, Equip de Diagnóstico e Infra - 2025 para",20,"Tabela 22 – Caracterização Hospitalar – Equip de Manutenção da Vida, Equip de Diagnóstico e Infra - 2025 para","..\..\Desktop\tabelas-powerBI\1 Pará\Tabela 22 – Caracterização Hospitalar – Equip de Manutenção da Vida, Equip de Diagnóstico e Infra - 2025 para.xlsx",RIS,1199,74.0
Lago de Tucuruí,1 Pará,22,"Tabela 22 – Caracterização Hospitalar – Equip de Manutenção da Vida, Equip de Diagnóstico e Infra - 2025 para",20,"Tabela 22 – Caracterização Hospitalar – Equip de Manutenção da Vida, Equip de Diagnóstico e Infra - 2025 para","..\..\Desktop\tabelas-powerBI\1 Pará\Tabela 22 – Caracterização Hospitalar – Equip de Manutenção da Vida, Equip de Diagnóstico e Infra - 2025 para.xlsx",RIS,1199,29.0
Marajó,1 Pará,22,"Tabela 22 – Caracterização Hospitalar – Equip de Manutenção da Vida, Equip de Diagnóstico e Infra - 2025 para",20,"Tabela 22 – Caracterização Hospitalar – Equip de Manutenção da Vida, Equip de Diagnóstico e Infra - 2025 para","..\..\Desktop\tabelas-powerBI\1 Pará\Tabela 22 – Caracterização Hospitalar – Equip de Manutenção da Vida, Equip de Diagnóstico e Infra - 2025 para.xlsx",RIS,1199,24.0
Rio Caeté,1 Pará,22,"Tabela 22 – Caracterização Hospitalar – Equip de Manutenção da Vida, Equip de Diagnóstico e Infra - 2025 para",20,"Tabela 22 – Caracterização Hospitalar – Equip de Manutenção da Vida, Equip de Diagnóstico e Infra - 2025 para","..\..\Desktop\tabelas-powerBI\1 Pará\Tabela 22 – Caracterização Hospitalar – Equip de Manutenção da Vida, Equip de Diagnóstico e Infra - 2025 para.xlsx",RIS,1199,58.0
Rio Capim,1 Pará,22,"Tabela 22 – Caracterização Hospitalar – Equip de Manutenção da Vida, Equip de Diagnóstico e Infra - 2025 para",20,"Tabela 22 – Caracterização Hospitalar – Equip de Manutenção da Vida, Equip de Diagnóstico e Infra - 2025 para","..\..\Desktop\tabelas-powerBI\1 Pará\Tabela 22 – Caracterização Hospitalar – Equip de Manutenção da Vida, Equip de Diagnóstico e Infra - 2025 para.xlsx",RIS,1199,69.0
Tapajós,1 Pará,22,"Tabela 22 – Caracterização Hospitalar – Equip de Manutenção da Vida, Equip de Diagnóstico e Infra - 2025 para",20,"Tabela 22 – Caracterização Hospitalar – Equip de Manutenção da Vida, Equip de Diagnóstico e Infra - 2025 para","..\..\Desktop\tabelas-powerBI\1 Pará\Tabela 22 – Caracterização Hospitalar – Equip de Manutenção da Vida, Equip de Diagnóstico e Infra - 2025 para.xlsx",RIS,1199,29.0
Tocantins,1 Pará,22,"Tabela 22 – Caracterização Hospitalar – Equip de Manutenção da Vida, Equip de Diagnóstico e Infra - 2025 para",20,"Tabela 22 – Caracterização Hospitalar – Equip de Manutenção da Vida, Equip de Diagnóstico e Infra - 2025 para","..\..\Desktop\tabelas-powerBI\1 Pará\Tabela 22 – Caracterização Hospitalar – Equip de Manutenção da Vida, Equip de Diagnóstico e Infra - 2025 para.xlsx",RIS,1199,68.0
Xingu,1 Pará,22,"Tabela 22 – Caracterização Hospitalar – Equip de Manutenção da Vida, Equip de Diagnóstico e Infra - 2025 para",20,"Tabela 22 – Caracterização Hospitalar – Equip de Manutenção da Vida, Equip de Diagnóstico e Infra - 2025 para","..\..\Desktop\tabelas-powerBI\1 Pará\Tabela 22 – Caracterização Hospitalar – Equip de Manutenção da Vida, Equip de Diagnóstico e Infra - 2025 para.xlsx",RIS,1199,35.0
Fonte: DATASUS,1 Pará,22,"Tabela 22 – Caracterização Hospitalar – Equip de Manutenção da Vida, Equip de Diagnóstico e Infra - 2025 para",20,"Tabela 22 – Caracterização Hospitalar – Equip de Manutenção da Vida, Equip de Diagnóstico e Infra - 2025 para","..\..\Desktop\tabelas-powerBI\1 Pará\Tabela 22 – Caracterização Hospitalar – Equip de Manutenção da Vida, Equip de Diagnóstico e Infra - 2025 para.xlsx",RIS,1199,
Elaboração: FAPESPA,1 Pará,22,"Tabela 22 – Caracterização Hospitalar – Equip de Manutenção da Vida, Equip de Diagnóstico e Infra - 2025 para",20,"Tabela 22 – Caracterização Hospitalar – Equip de Manutenção da Vida, Equip de Diagnóstico e Infra - 2025 para","..\..\Desktop\tabelas-powerBI\1 Pará\Tabela 22 – Caracterização Hospitalar – Equip de Manutenção da Vida, Equip de Diagnóstico e Infra - 2025 para.xlsx",RIS,1199,
*Nota: Dados referentes a Outubro/2025.,1 Pará,22,"Tabela 22 – Caracterização Hospitalar – Equip de Manutenção da Vida, Equip de Diagnóstico e Infra - 2025 para",20,"Tabela 22 – Caracterização Hospitalar – Equip de Manutenção da Vida, Equip de Diagnóstico e Infra - 2025 para","..\..\Desktop\tabelas-powerBI\1 Pará\Tabela 22 – Caracterização Hospitalar – Equip de Manutenção da Vida, Equip de Diagnóstico e Infra - 2025 para.xlsx",RIS,1199,
Araguaia,1 Pará,22,"Tabela 22 – Caracterização Hospitalar – Equip de Manutenção da Vida, Equip de Diagnóstico e Infra - 2025 para",20,"Tabela 22 – Caracterização Hospitalar – Equip de Manutenção da Vida, Equip de Diagnóstico e Infra - 2025 para","..\..\Desktop\tabelas-powerBI\1 Pará\Tabela 22 – Caracterização Hospitalar – Equip de Manutenção da Vida, Equip de Diagnóstico e Infra - 2025 para.xlsx",RIS,1128,79.0
Baixo Amazonas,1 Pará,22,"Tabela 22 – Caracterização Hospitalar – Equip de Manutenção da Vida, Equip de Diagnóstico e Infra - 2025 para",20,"Tabela 22 – Caracterização Hospitalar – Equip de Manutenção da Vida, Equip de Diagnóstico e Infra - 2025 para","..\..\Desktop\tabelas-powerBI\1 Pará\Tabela 22 – Caracterização Hospitalar – Equip de Manutenção da Vida, Equip de Diagnóstico e Infra - 2025 para.xlsx",RIS,1128,100.0
Carajás,1 Pará,22,"Tabela 22 – Caracterização Hospitalar – Equip de Manutenção da Vida, Equip de Diagnóstico e Infra - 2025 para",20,"Tabela 22 – Caracterização Hospitalar – Equip de Manutenção da Vida, Equip de Diagnóstico e Infra - 2025 para","..\..\Desktop\tabelas-powerBI\1 Pará\Tabela 22 – Caracterização Hospitalar – Equip de Manutenção da Vida, Equip de Diagnóstico e Infra - 2025 para.xlsx",RIS,1128,153.0
Guajará,1 Pará,22,"Tabela 22 – Caracterização Hospitalar – Equip de Manutenção da Vida, Equip de Diagnóstico e Infra - 2025 para",20,"Tabela 22 – Caracterização Hospitalar – Equip de Manutenção da Vida, Equip de Diagnóstico e Infra - 2025 para","..\..\Desktop\tabelas-powerBI\1 Pará\Tabela 22 – Caracterização Hospitalar – Equip de Manutenção da Vida, Equip de Diagnóstico e Infra - 2025 para.xlsx",RIS,1128,418.0
Guamá,1 Pará,22,"Tabela 22 – Caracterização Hospitalar – Equip de Manutenção da Vida, Equip de Diagnóstico e Infra - 2025 para",20,"Tabela 22 – Caracterização Hospitalar – Equip de Manutenção da Vida, Equip de Diagnóstico e Infra - 2025 para","..\..\Desktop\tabelas-powerBI\1 Pará\Tabela 22 – Caracterização Hospitalar – Equip de Manutenção da Vida, Equip de Diagnóstico e Infra - 2025 para.xlsx",RIS,1128,74.0
Lago de Tucuruí,1 Pará,22,"Tabela 22 – Caracterização Hospitalar – Equip de Manutenção da Vida, Equip de Diagnóstico e Infra - 2025 para",20,"Tabela 22 – Caracterização Hospitalar – Equip de Manutenção da Vida, Equip de Diagnóstico e Infra - 2025 para","..\..\Desktop\tabelas-powerBI\1 Pará\Tabela 22 – Caracterização Hospitalar – Equip de Manutenção da Vida, Equip de Diagnóstico e Infra - 2025 para.xlsx",RIS,1128,29.0
Marajó,1 Pará,22,"Tabela 22 – Caracterização Hospitalar – Equip de Manutenção da Vida, Equip de Diagnóstico e Infra - 2025 para",20,"Tabela 22 – Caracterização Hospitalar – Equip de Manutenção da Vida, Equip de Diagnóstico e Infra - 2025 para","..\..\Desktop\tabelas-powerBI\1 Pará\Tabela 22 – Caracterização Hospitalar – Equip de Manutenção da Vida, Equip de Diagnóstico e Infra - 2025 para.xlsx",RIS,1128,23.0
Rio Caeté,1 Pará,22,"Tabela 22 – Caracterização Hospitalar – Equip de Manutenção da Vida, Equip de Diagnóstico e Infra - 2025 para",20,"Tabela 22 – Caracterização Hospitalar – Equip de Manutenção da Vida, Equip de Diagnóstico e Infra - 2025 para","..\..\Desktop\tabelas-powerBI\1 Pará\Tabela 22 – Caracterização Hospitalar – Equip de Manutenção da Vida, Equip de Diagnóstico e Infra - 2025 para.xlsx",RIS,1128,56.0
Rio Capim,1 Pará,22,"Tabela 22 – Caracterização Hospitalar – Equip de Manutenção da Vida, Equip de Diagnóstico e Infra - 2025 para",20,"Tabela 22 – Caracterização Hospitalar – Equip de Manutenção da Vida, Equip de Diagnóstico e Infra - 2025 para","..\..\Desktop\tabelas-powerBI\1 Pará\Tabela 22 – Caracterização Hospitalar – Equip de Manutenção da Vida, Equip de Diagnóstico e Infra - 2025 para.xlsx",RIS,1128,67.0
Tapajós,1 Pará,22,"Tabela 22 – Caracterização Hospitalar – Equip de Manutenção da Vida, Equip de Diagnóstico e Infra - 2025 para",20,"Tabela 22 – Caracterização Hospitalar – Equip de Manutenção da Vida, Equip de Diagnóstico e Infra - 2025 para","..\..\Desktop\tabelas-powerBI\1 Pará\Tabela 22 – Caracterização Hospitalar – Equip de Manutenção da Vida, Equip de Diagnóstico e Infra - 2025 para.xlsx",RIS,1128,27.0
Tocantins,1 Pará,22,"Tabela 22 – Caracterização Hospitalar – Equip de Manutenção da Vida, Equip de Diagnóstico e Infra - 2025 para",20,"Tabela 22 – Caracterização Hospitalar – Equip de Manutenção da Vida, Equip de Diagnóstico e Infra - 2025 para","..\..\Desktop\tabelas-powerBI\1 Pará\Tabela 22 – Caracterização Hospitalar – Equip de Manutenção da Vida, Equip de Diagnóstico e Infra - 2025 para.xlsx",RIS,1128,67.0
Xingu,1 Pará,22,"Tabela 22 – Caracterização Hospitalar – Equip de Manutenção da Vida, Equip de Diagnóstico e Infra - 2025 para",20,"Tabela 22 – Caracterização Hospitalar – Equip de Manutenção da Vida, Equip de Diagnóstico e Infra - 2025 para","..\..\Desktop\tabelas-powerBI\1 Pará\Tabela 22 – Caracterização Hospitalar – Equip de Manutenção da Vida, Equip de Diagnóstico e Infra - 2025 para.xlsx",RIS,1128,35.0
Fonte: DATASUS,1 Pará,22,"Tabela 22 – Caracterização Hospitalar – Equip de Manutenção da Vida, Equip de Diagnóstico e Infra - 2025 para",20,"Tabela 22 – Caracterização Hospitalar – Equip de Manutenção da Vida, Equip de Diagnóstico e Infra - 2025 para","..\..\Desktop\tabelas-powerBI\1 Pará\Tabela 22 – Caracterização Hospitalar – Equip de Manutenção da Vida, Equip de Diagnóstico e Infra - 2025 para.xlsx",RIS,1128,
Elaboração: FAPESPA,1 Pará,22,"Tabela 22 – Caracterização Hospitalar – Equip de Manutenção da Vida, Equip de Diagnóstico e Infra - 2025 para",20,"Tabela 22 – Caracterização Hospitalar – Equip de Manutenção da Vida, Equip de Diagnóstico e Infra - 2025 para","..\..\Desktop\tabelas-powerBI\1 Pará\Tabela 22 – Caracterização Hospitalar – Equip de Manutenção da Vida, Equip de Diagnóstico e Infra - 2025 para.xlsx",RIS,1128,
*Nota: Dados referentes a Outubro/2025.,1 Pará,22,"Tabela 22 – Caracterização Hospitalar – Equip de Manutenção da Vida, Equip de Diagnóstico e Infra - 2025 para",20,"Tabela 22 – Caracterização Hospitalar – Equip de Manutenção da Vida, Equip de Diagnóstico e Infra - 2025 para","..\..\Desktop\tabelas-powerBI\1 Pará\Tabela 22 – Caracterização Hospitalar – Equip de Manutenção da Vida, Equip de Diagnóstico e Infra - 2025 para.xlsx",RIS,1128,
Araguaia,1 Pará,22,"Tabela 22 – Caracterização Hospitalar – Equip de Manutenção da Vida, Equip de Diagnóstico e Infra - 2025 para",20,"Tabela 22 – Caracterização Hospitalar – Equip de Manutenção da Vida, Equip de Diagnóstico e Infra - 2025 para","..\..\Desktop\tabelas-powerBI\1 Pará\Tabela 22 – Caracterização Hospitalar – Equip de Manutenção da Vida, Equip de Diagnóstico e Infra - 2025 para.xlsx",RIS,215,17.0
Baixo Amazonas,1 Pará,22,"Tabela 22 – Caracterização Hospitalar – Equip de Manutenção da Vida, Equip de Diagnóstico e Infra - 2025 para",20,"Tabela 22 – Caracterização Hospitalar – Equip de Manutenção da Vida, Equip de Diagnóstico e Infra - 2025 para","..\..\Desktop\tabelas-powerBI\1 Pará\Tabela 22 – Caracterização Hospitalar – Equip de Manutenção da Vida, Equip de Diagnóstico e Infra - 2025 para.xlsx",RIS,215,21.0
Carajás,1 Pará,22,"Tabela 22 – Caracterização Hospitalar – Equip de Manutenção da Vida, Equip de Diagnóstico e Infra - 2025 para",20,"Tabela 22 – Caracterização Hospitalar – Equip de Manutenção da Vida, Equip de Diagnóstico e Infra - 2025 para","..\..\Desktop\tabelas-powerBI\1 Pará\Tabela 22 – Caracterização Hospitalar – Equip de Manutenção da Vida, Equip de Diagnóstico e Infra - 2025 para.xlsx",RIS,215,44.0
Guajará,1 Pará,22,"Tabela 22 – Caracterização Hospitalar – Equip de Manutenção da Vida, Equip de Diagnóstico e Infra - 2025 para",20,"Tabela 22 – Caracterização Hospitalar – Equip de Manutenção da Vida, Equip de Diagnóstico e Infra - 2025 para","..\..\Desktop\tabelas-powerBI\1 Pará\Tabela 22 – Caracterização Hospitalar – Equip de Manutenção da Vida, Equip de Diagnóstico e Infra - 2025 para.xlsx",RIS,215,59.0
Guamá,1 Pará,22,"Tabela 22 – Caracterização Hospitalar – Equip de Manutenção da Vida, Equip de Diagnóstico e Infra - 2025 para",20,"Tabela 22 – Caracterização Hospitalar – Equip de Manutenção da Vida, Equip de Diagnóstico e Infra - 2025 para","..\..\Desktop\tabelas-powerBI\1 Pará\Tabela 22 – Caracterização Hospitalar – Equip de Manutenção da Vida, Equip de Diagnóstico e Infra - 2025 para.xlsx",RIS,215,12.0
Lago de Tucuruí,1 Pará,22,"Tabela 22 – Caracterização Hospitalar – Equip de Manutenção da Vida, Equip de Diagnóstico e Infra - 2025 para",20,"Tabela 22 – Caracterização Hospitalar – Equip de Manutenção da Vida, Equip de Diagnóstico e Infra - 2025 para","..\..\Desktop\tabelas-powerBI\1 Pará\Tabela 22 – Caracterização Hospitalar – Equip de Manutenção da Vida, Equip de Diagnóstico e Infra - 2025 para.xlsx",RIS,215,7.0
Marajó,1 Pará,22,"Tabela 22 – Caracterização Hospitalar – Equip de Manutenção da Vida, Equip de Diagnóstico e Infra - 2025 para",20,"Tabela 22 – Caracterização Hospitalar – Equip de Manutenção da Vida, Equip de Diagnóstico e Infra - 2025 para","..\..\Desktop\tabelas-powerBI\1 Pará\Tabela 22 – Caracterização Hospitalar – Equip de Manutenção da Vida, Equip de Diagnóstico e Infra - 2025 para.xlsx",RIS,215,1.0
Rio Caeté,1 Pará,22,"Tabela 22 – Caracterização Hospitalar – Equip de Manutenção da Vida, Equip de Diagnóstico e Infra - 2025 para",20,"Tabela 22 – Caracterização Hospitalar – Equip de Manutenção da Vida, Equip de Diagnóstico e Infra - 2025 para","..\..\Desktop\tabelas-powerBI\1 Pará\Tabela 22 – Caracterização Hospitalar – Equip de Manutenção da Vida, Equip de Diagnóstico e Infra - 2025 para.xlsx",RIS,215,16.0
Rio Capim,1 Pará,22,"Tabela 22 – Caracterização Hospitalar – Equip de Manutenção da Vida, Equip de Diagnóstico e Infra - 2025 para",20,"Tabela 22 – Caracterização Hospitalar – Equip de Manutenção da Vida, Equip de Diagnóstico e Infra - 2025 para","..\..\Desktop\tabelas-powerBI\1 Pará\Tabela 22 – Caracterização Hospitalar – Equip de Manutenção da Vida, Equip de Diagnóstico e Infra - 2025 para.xlsx",RIS,215,13.0
Tapajós,1 Pará,22,"Tabela 22 – Caracterização Hospitalar – Equip de Manutenção da Vida, Equip de Diagnóstico e Infra - 2025 para",20,"Tabela 22 – Caracterização Hospitalar – Equip de Manutenção da Vida, Equip de Diagnóstico e Infra - 2025 para","..\..\Desktop\tabelas-powerBI\1 Pará\Tabela 22 – Caracterização Hospitalar – Equip de Manutenção da Vida, Equip de Diagnóstico e Infra - 2025 para.xlsx",RIS,215,9.0
Tocantins,1 Pará,22,"Tabela 22 – Caracterização Hospitalar – Equip de Manutenção da Vida, Equip de Diagnóstico e Infra - 2025 para",20,"Tabela 22 – Caracterização Hospitalar – Equip de Manutenção da Vida, Equip de Diagnóstico e Infra - 2025 para","..\..\Desktop\tabelas-powerBI\1 Pará\Tabela 22 – Caracterização Hospitalar – Equip de Manutenção da Vida, Equip de Diagnóstico e Infra - 2025 para.xlsx",RIS,215,11.0
Xingu,1 Pará,22,"Tabela 22 – Caracterização Hospitalar – Equip de Manutenção da Vida, Equip de Diagnóstico e Infra - 2025 para",20,"Tabela 22 – Caracterização Hospitalar – Equip de Manutenção da Vida, Equip de Diagnóstico e Infra - 2025 para","..\..\Desktop\tabelas-powerBI\1 Pará\Tabela 22 – Caracterização Hospitalar – Equip de Manutenção da Vida, Equip de Diagnóstico e Infra - 2025 para.xlsx",RIS,215,5.0
Fonte: DATASUS,1 Pará,22,"Tabela 22 – Caracterização Hospitalar – Equip de Manutenção da Vida, Equip de Diagnóstico e Infra - 2025 para",20,"Tabela 22 – Caracterização Hospitalar – Equip de Manutenção da Vida, Equip de Diagnóstico e Infra - 2025 para","..\..\Desktop\tabelas-powerBI\1 Pará\Tabela 22 – Caracterização Hospitalar – Equip de Manutenção da Vida, Equip de Diagnóstico e Infra - 2025 para.xlsx",RIS,215,
Elaboração: FAPESPA,1 Pará,22,"Tabela 22 – Caracterização Hospitalar – Equip de Manutenção da Vida, Equip de Diagnóstico e Infra - 2025 para",20,"Tabela 22 – Caracterização Hospitalar – Equip de Manutenção da Vida, Equip de Diagnóstico e Infra - 2025 para","..\..\Desktop\tabelas-powerBI\1 Pará\Tabela 22 – Caracterização Hospitalar – Equip de Manutenção da Vida, Equip de Diagnóstico e Infra - 2025 para.xlsx",RIS,215,
*Nota: Dados referentes a Outubro/2025.,1 Pará,22,"Tabela 22 – Caracterização Hospitalar – Equip de Manutenção da Vida, Equip de Diagnóstico e Infra - 2025 para",20,"Tabela 22 – Caracterização Hospitalar – Equip de Manutenção da Vida, Equip de Diagnóstico e Infra - 2025 para","..\..\Desktop\tabelas-powerBI\1 Pará\Tabela 22 – Caracterização Hospitalar – Equip de Manutenção da Vida, Equip de Diagnóstico e Infra - 2025 para.xlsx",RIS,215,
Araguaia,1 Pará,22,"Tabela 22 – Caracterização Hospitalar – Equip de Manutenção da Vida, Equip de Diagnóstico e Infra - 2025 para",20,"Tabela 22 – Caracterização Hospitalar – Equip de Manutenção da Vida, Equip de Diagnóstico e Infra - 2025 para","..\..\Desktop\tabelas-powerBI\1 Pará\Tabela 22 – Caracterização Hospitalar – Equip de Manutenção da Vida, Equip de Diagnóstico e Infra - 2025 para.xlsx",RIS,197,16.0
Baixo Amazonas,1 Pará,22,"Tabela 22 – Caracterização Hospitalar – Equip de Manutenção da Vida, Equip de Diagnóstico e Infra - 2025 para",20,"Tabela 22 – Caracterização Hospitalar – Equip de Manutenção da Vida, Equip de Diagnóstico e Infra - 2025 para","..\..\Desktop\tabelas-powerBI\1 Pará\Tabela 22 – Caracterização Hospitalar – Equip de Manutenção da Vida, Equip de Diagnóstico e Infra - 2025 para.xlsx",RIS,197,17.0
Carajás,1 Pará,22,"Tabela 22 – Caracterização Hospitalar – Equip de Manutenção da Vida, Equip de Diagnóstico e Infra - 2025 para",20,"Tabela 22 – Caracterização Hospitalar – Equip de Manutenção da Vida, Equip de Diagnóstico e Infra - 2025 para","..\..\Desktop\tabelas-powerBI\1 Pará\Tabela 22 – Caracterização Hospitalar – Equip de Manutenção da Vida, Equip de Diagnóstico e Infra - 2025 para.xlsx",RIS,197,40.0
Guajará,1 Pará,22,"Tabela 22 – Caracterização Hospitalar – Equip de Manutenção da Vida, Equip de Diagnóstico e Infra - 2025 para",20,"Tabela 22 – Caracterização Hospitalar – Equip de Manutenção da Vida, Equip de Diagnóstico e Infra - 2025 para","..\..\Desktop\tabelas-powerBI\1 Pará\Tabela 22 – Caracterização Hospitalar – Equip de Manutenção da Vida, Equip de Diagnóstico e Infra - 2025 para.xlsx",RIS,197,52.0
Guamá,1 Pará,22,"Tabela 22 – Caracterização Hospitalar – Equip de Manutenção da Vida, Equip de Diagnóstico e Infra - 2025 para",20,"Tabela 22 – Caracterização Hospitalar – Equip de Manutenção da Vida, Equip de Diagnóstico e Infra - 2025 para","..\..\Desktop\tabelas-powerBI\1 Pará\Tabela 22 – Caracterização Hospitalar – Equip de Manutenção da Vida, Equip de Diagnóstico e Infra - 2025 para.xlsx",RIS,197,12.0
Lago de Tucuruí,1 Pará,22,"Tabela 22 – Caracterização Hospitalar – Equip de Manutenção da Vida, Equip de Diagnóstico e Infra - 2025 para",20,"Tabela 22 – Caracterização Hospitalar – Equip de Manutenção da Vida, Equip de Diagnóstico e Infra - 2025 para","..\..\Desktop\tabelas-powerBI\1 Pará\Tabela 22 – Caracterização Hospitalar – Equip de Manutenção da Vida, Equip de Diagnóstico e Infra - 2025 para.xlsx",RIS,197,7.0
Marajó,1 Pará,22,"Tabela 22 – Caracterização Hospitalar – Equip de Manutenção da Vida, Equip de Diagnóstico e Infra - 2025 para",20,"Tabela 22 – Caracterização Hospitalar – Equip de Manutenção da Vida, Equip de Diagnóstico e Infra - 2025 para","..\..\Desktop\tabelas-powerBI\1 Pará\Tabela 22 – Caracterização Hospitalar – Equip de Manutenção da Vida, Equip de Diagnóstico e Infra - 2025 para.xlsx",RIS,197,1.0
Rio Caeté,1 Pará,22,"Tabela 22 – Caracterização Hospitalar – Equip de Manutenção da Vida, Equip de Diagnóstico e Infra - 2025 para",20,"Tabela 22 – Caracterização Hospitalar – Equip de Manutenção da Vida, Equip de Diagnóstico e Infra - 2025 para","..\..\Desktop\tabelas-powerBI\1 Pará\Tabela 22 – Caracterização Hospitalar – Equip de Manutenção da Vida, Equip de Diagnóstico e Infra - 2025 para.xlsx",RIS,197,16.0
Rio Capim,1 Pará,22,"Tabela 22 – Caracterização Hospitalar – Equip de Manutenção da Vida, Equip de Diagnóstico e Infra - 2025 para",20,"Tabela 22 – Caracterização Hospitalar – Equip de Manutenção da Vida, Equip de Diagnóstico e Infra - 2025 para","..\..\Desktop\tabelas-powerBI\1 Pará\Tabela 22 – Caracterização Hospitalar – Equip de Manutenção da Vida, Equip de Diagnóstico e Infra - 2025 para.xlsx",RIS,197,13.0
Tapajós,1 Pará,22,"Tabela 22 – Caracterização Hospitalar – Equip de Manutenção da Vida, Equip de Diagnóstico e Infra - 2025 para",20,"Tabela 22 – Caracterização Hospitalar – Equip de Manutenção da Vida, Equip de Diagnóstico e Infra - 2025 para","..\..\Desktop\tabelas-powerBI\1 Pará\Tabela 22 – Caracterização Hospitalar – Equip de Manutenção da Vida, Equip de Diagnóstico e Infra - 2025 para.xlsx",RIS,197,8.0
Tocantins,1 Pará,22,"Tabela 22 – Caracterização Hospitalar – Equip de Manutenção da Vida, Equip de Diagnóstico e Infra - 2025 para",20,"Tabela 22 – Caracterização Hospitalar – Equip de Manutenção da Vida, Equip de Diagnóstico e Infra - 2025 para","..\..\Desktop\tabelas-powerBI\1 Pará\Tabela 22 – Caracterização Hospitalar – Equip de Manutenção da Vida, Equip de Diagnóstico e Infra - 2025 para.xlsx",RIS,197,10.0
Xingu,1 Pará,22,"Tabela 22 – Caracterização Hospitalar – Equip de Manutenção da Vida, Equip de Diagnóstico e Infra - 2025 para",20,"Tabela 22 – Caracterização Hospitalar – Equip de Manutenção da Vida, Equip de Diagnóstico e Infra - 2025 para","..\..\Desktop\tabelas-powerBI\1 Pará\Tabela 22 – Caracterização Hospitalar – Equip de Manutenção da Vida, Equip de Diagnóstico e Infra - 2025 para.xlsx",RIS,197,5.0
Fonte: DATASUS,1 Pará,22,"Tabela 22 – Caracterização Hospitalar – Equip de Manutenção da Vida, Equip de Diagnóstico e Infra - 2025 para",20,"Tabela 22 – Caracterização Hospitalar – Equip de Manutenção da Vida, Equip de Diagnóstico e Infra - 2025 para","..\..\Desktop\tabelas-powerBI\1 Pará\Tabela 22 – Caracterização Hospitalar – Equip de Manutenção da Vida, Equip de Diagnóstico e Infra - 2025 para.xlsx",RIS,197,
Elaboração: FAPESPA,1 Pará,22,"Tabela 22 – Caracterização Hospitalar – Equip de Manutenção da Vida, Equip de Diagnóstico e Infra - 2025 para",20,"Tabela 22 – Caracterização Hospitalar – Equip de Manutenção da Vida, Equip de Diagnóstico e Infra - 2025 para","..\..\Desktop\tabelas-powerBI\1 Pará\Tabela 22 – Caracterização Hospitalar – Equip de Manutenção da Vida, Equip de Diagnóstico e Infra - 2025 para.xlsx",RIS,197,
*Nota: Dados referentes a Outubro/2025.,1 Pará,22,"Tabela 22 – Caracterização Hospitalar – Equip de Manutenção da Vida, Equip de Diagnóstico e Infra - 2025 para",20,"Tabela 22 – Caracterização Hospitalar – Equip de Manutenção da Vida, Equip de Diagnóstico e Infra - 2025 para","..\..\Desktop\tabelas-powerBI\1 Pará\Tabela 22 – Caracterização Hospitalar – Equip de Manutenção da Vida, Equip de Diagnóstico e Infra - 2025 para.xlsx",RIS,197,
Araguaia,1 Pará,22,"Tabela 22 – Caracterização Hospitalar – Equip de Manutenção da Vida, Equip de Diagnóstico e Infra - 2025 para",20,"Tabela 22 – Caracterização Hospitalar – Equip de Manutenção da Vida, Equip de Diagnóstico e Infra - 2025 para","..\..\Desktop\tabelas-powerBI\1 Pará\Tabela 22 – Caracterização Hospitalar – Equip de Manutenção da Vida, Equip de Diagnóstico e Infra - 2025 para.xlsx",RIS,19075,1164.0
Baixo Amazonas,1 Pará,22,"Tabela 22 – Caracterização Hospitalar – Equip de Manutenção da Vida, Equip de Diagnóstico e Infra - 2025 para",20,"Tabela 22 – Caracterização Hospitalar – Equip de Manutenção da Vida, Equip de Diagnóstico e Infra - 2025 para","..\..\Desktop\tabelas-powerBI\1 Pará\Tabela 22 – Caracterização Hospitalar – Equip de Manutenção da Vida, Equip de Diagnóstico e Infra - 2025 para.xlsx",RIS,19075,1430.0
Carajás,1 Pará,22,"Tabela 22 – Caracterização Hospitalar – Equip de Manutenção da Vida, Equip de Diagnóstico e Infra - 2025 para",20,"Tabela 22 – Caracterização Hospitalar – Equip de Manutenção da Vida, Equip de Diagnóstico e Infra - 2025 para","..\..\Desktop\tabelas-powerBI\1 Pará\Tabela 22 – Caracterização Hospitalar – Equip de Manutenção da Vida, Equip de Diagnóstico e Infra - 2025 para.xlsx",RIS,19075,2668.0
Guajará,1 Pará,22,"Tabela 22 – Caracterização Hospitalar – Equip de Manutenção da Vida, Equip de Diagnóstico e Infra - 2025 para",20,"Tabela 22 – Caracterização Hospitalar – Equip de Manutenção da Vida, Equip de Diagnóstico e Infra - 2025 para","..\..\Desktop\tabelas-powerBI\1 Pará\Tabela 22 – Caracterização Hospitalar – Equip de Manutenção da Vida, Equip de Diagnóstico e Infra - 2025 para.xlsx",RIS,19075,8898.0
Guamá,1 Pará,22,"Tabela 22 – Caracterização Hospitalar – Equip de Manutenção da Vida, Equip de Diagnóstico e Infra - 2025 para",20,"Tabela 22 – Caracterização Hospitalar – Equip de Manutenção da Vida, Equip de Diagnóstico e Infra - 2025 para","..\..\Desktop\tabelas-powerBI\1 Pará\Tabela 22 – Caracterização Hospitalar – Equip de Manutenção da Vida, Equip de Diagnóstico e Infra - 2025 para.xlsx",RIS,19075,364.0
Lago de Tucuruí,1 Pará,22,"Tabela 22 – Caracterização Hospitalar – Equip de Manutenção da Vida, Equip de Diagnóstico e Infra - 2025 para",20,"Tabela 22 – Caracterização Hospitalar – Equip de Manutenção da Vida, Equip de Diagnóstico e Infra - 2025 para","..\..\Desktop\tabelas-powerBI\1 Pará\Tabela 22 – Caracterização Hospitalar – Equip de Manutenção da Vida, Equip de Diagnóstico e Infra - 2025 para.xlsx",RIS,19075,653.0
Marajó,1 Pará,22,"Tabela 22 – Caracterização Hospitalar – Equip de Manutenção da Vida, Equip de Diagnóstico e Infra - 2025 para",20,"Tabela 22 – Caracterização Hospitalar – Equip de Manutenção da Vida, Equip de Diagnóstico e Infra - 2025 para","..\..\Desktop\tabelas-powerBI\1 Pará\Tabela 22 – Caracterização Hospitalar – Equip de Manutenção da Vida, Equip de Diagnóstico e Infra - 2025 para.xlsx",RIS,19075,187.0
Rio Caeté,1 Pará,22,"Tabela 22 – Caracterização Hospitalar – Equip de Manutenção da Vida, Equip de Diagnóstico e Infra - 2025 para",20,"Tabela 22 – Caracterização Hospitalar – Equip de Manutenção da Vida, Equip de Diagnóstico e Infra - 2025 para","..\..\Desktop\tabelas-powerBI\1 Pará\Tabela 22 – Caracterização Hospitalar – Equip de Manutenção da Vida, Equip de Diagnóstico e Infra - 2025 para.xlsx",RIS,19075,464.0
Rio Capim,1 Pará,22,"Tabela 22 – Caracterização Hospitalar – Equip de Manutenção da Vida, Equip de Diagnóstico e Infra - 2025 para",20,"Tabela 22 – Caracterização Hospitalar – Equip de Manutenção da Vida, Equip de Diagnóstico e Infra - 2025 para","..\..\Desktop\tabelas-powerBI\1 Pará\Tabela 22 – Caracterização Hospitalar – Equip de Manutenção da Vida, Equip de Diagnóstico e Infra - 2025 para.xlsx",RIS,19075,889.0
Tapajós,1 Pará,22,"Tabela 22 – Caracterização Hospitalar – Equip de Manutenção da Vida, Equip de Diagnóstico e Infra - 2025 para",20,"Tabela 22 – Caracterização Hospitalar – Equip de Manutenção da Vida, Equip de Diagnóstico e Infra - 2025 para","..\..\Desktop\tabelas-powerBI\1 Pará\Tabela 22 – Caracterização Hospitalar – Equip de Manutenção da Vida, Equip de Diagnóstico e Infra - 2025 para.xlsx",RIS,19075,786.0
Tocantins,1 Pará,22,"Tabela 22 – Caracterização Hospitalar – Equip de Manutenção da Vida, Equip de Diagnóstico e Infra - 2025 para",20,"Tabela 22 – Caracterização Hospitalar – Equip de Manutenção da Vida, Equip de Diagnóstico e Infra - 2025 para","..\..\Desktop\tabelas-powerBI\1 Pará\Tabela 22 – Caracterização Hospitalar – Equip de Manutenção da Vida, Equip de Diagnóstico e Infra - 2025 para.xlsx",RIS,19075,865.0
Xingu,1 Pará,22,"Tabela 22 – Caracterização Hospitalar – Equip de Manutenção da Vida, Equip de Diagnóstico e Infra - 2025 para",20,"Tabela 22 – Caracterização Hospitalar – Equip de Manutenção da Vida, Equip de Diagnóstico e Infra - 2025 para","..\..\Desktop\tabelas-powerBI\1 Pará\Tabela 22 – Caracterização Hospitalar – Equip de Manutenção da Vida, Equip de Diagnóstico e Infra - 2025 para.xlsx",RIS,19075,707.0
Fonte: DATASUS,1 Pará,22,"Tabela 22 – Caracterização Hospitalar – Equip de Manutenção da Vida, Equip de Diagnóstico e Infra - 2025 para",20,"Tabela 22 – Caracterização Hospitalar – Equip de Manutenção da Vida, Equip de Diagnóstico e Infra - 2025 para","..\..\Desktop\tabelas-powerBI\1 Pará\Tabela 22 – Caracterização Hospitalar – Equip de Manutenção da Vida, Equip de Diagnóstico e Infra - 2025 para.xlsx",RIS,19075,
Elaboração: FAPESPA,1 Pará,22,"Tabela 22 – Caracterização Hospitalar – Equip de Manutenção da Vida, Equip de Diagnóstico e Infra - 2025 para",20,"Tabela 22 – Caracterização Hospitalar – Equip de Manutenção da Vida, Equip de Diagnóstico e Infra - 2025 para","..\..\Desktop\tabelas-powerBI\1 Pará\Tabela 22 – Caracterização Hospitalar – Equip de Manutenção da Vida, Equip de Diagnóstico e Infra - 2025 para.xlsx",RIS,19075,
*Nota: Dados referentes a Outubro/2025.,1 Pará,22,"Tabela 22 – Caracterização Hospitalar – Equip de Manutenção da Vida, Equip de Diagnóstico e Infra - 2025 para",20,"Tabela 22 – Caracterização Hospitalar – Equip de Manutenção da Vida, Equip de Diagnóstico e Infra - 2025 para","..\..\Desktop\tabelas-powerBI\1 Pará\Tabela 22 – Caracterização Hospitalar – Equip de Manutenção da Vida, Equip de Diagnóstico e Infra - 2025 para.xlsx",RIS,19075,
Araguaia,1 Pará,22,"Tabela 22 – Caracterização Hospitalar – Equip de Manutenção da Vida, Equip de Diagnóstico e Infra - 2025 para",20,"Tabela 22 – Caracterização Hospitalar – Equip de Manutenção da Vida, Equip de Diagnóstico e Infra - 2025 para","..\..\Desktop\tabelas-powerBI\1 Pará\Tabela 22 – Caracterização Hospitalar – Equip de Manutenção da Vida, Equip de Diagnóstico e Infra - 2025 para.xlsx",RIS,18607,1150.0
Baixo Amazonas,1 Pará,22,"Tabela 22 – Caracterização Hospitalar – Equip de Manutenção da Vida, Equip de Diagnóstico e Infra - 2025 para",20,"Tabela 22 – Caracterização Hospitalar – Equip de Manutenção da Vida, Equip de Diagnóstico e Infra - 2025 para","..\..\Desktop\tabelas-powerBI\1 Pará\Tabela 22 – Caracterização Hospitalar – Equip de Manutenção da Vida, Equip de Diagnóstico e Infra - 2025 para.xlsx",RIS,18607,1388.0
Carajás,1 Pará,22,"Tabela 22 – Caracterização Hospitalar – Equip de Manutenção da Vida, Equip de Diagnóstico e Infra - 2025 para",20,"Tabela 22 – Caracterização Hospitalar – Equip de Manutenção da Vida, Equip de Diagnóstico e Infra - 2025 para","..\..\Desktop\tabelas-powerBI\1 Pará\Tabela 22 – Caracterização Hospitalar – Equip de Manutenção da Vida, Equip de Diagnóstico e Infra - 2025 para.xlsx",RIS,18607,2567.0
Guajará,1 Pará,22,"Tabela 22 – Caracterização Hospitalar – Equip de Manutenção da Vida, Equip de Diagnóstico e Infra - 2025 para",20,"Tabela 22 – Caracterização Hospitalar – Equip de Manutenção da Vida, Equip de Diagnóstico e Infra - 2025 para","..\..\Desktop\tabelas-powerBI\1 Pará\Tabela 22 – Caracterização Hospitalar – Equip de Manutenção da Vida, Equip de Diagnóstico e Infra - 2025 para.xlsx",RIS,18607,8661.0
Guamá,1 Pará,22,"Tabela 22 – Caracterização Hospitalar – Equip de Manutenção da Vida, Equip de Diagnóstico e Infra - 2025 para",20,"Tabela 22 – Caracterização Hospitalar – Equip de Manutenção da Vida, Equip de Diagnóstico e Infra - 2025 para","..\..\Desktop\tabelas-powerBI\1 Pará\Tabela 22 – Caracterização Hospitalar – Equip de Manutenção da Vida, Equip de Diagnóstico e Infra - 2025 para.xlsx",RIS,18607,363.0
Lago de Tucuruí,1 Pará,22,"Tabela 22 – Caracterização Hospitalar – Equip de Manutenção da Vida, Equip de Diagnóstico e Infra - 2025 para",20,"Tabela 22 – Caracterização Hospitalar – Equip de Manutenção da Vida, Equip de Diagnóstico e Infra - 2025 para","..\..\Desktop\tabelas-powerBI\1 Pará\Tabela 22 – Caracterização Hospitalar – Equip de Manutenção da Vida, Equip de Diagnóstico e Infra - 2025 para.xlsx",RIS,18607,648.0
Marajó,1 Pará,22,"Tabela 22 – Caracterização Hospitalar – Equip de Manutenção da Vida, Equip de Diagnóstico e Infra - 2025 para",20,"Tabela 22 – Caracterização Hospitalar – Equip de Manutenção da Vida, Equip de Diagnóstico e Infra - 2025 para","..\..\Desktop\tabelas-powerBI\1 Pará\Tabela 22 – Caracterização Hospitalar – Equip de Manutenção da Vida, Equip de Diagnóstico e Infra - 2025 para.xlsx",RIS,18607,173.0
Rio Caeté,1 Pará,22,"Tabela 22 – Caracterização Hospitalar – Equip de Manutenção da Vida, Equip de Diagnóstico e Infra - 2025 para",20,"Tabela 22 – Caracterização Hospitalar – Equip de Manutenção da Vida, Equip de Diagnóstico e Infra - 2025 para","..\..\Desktop\tabelas-powerBI\1 Pará\Tabela 22 – Caracterização Hospitalar – Equip de Manutenção da Vida, Equip de Diagnóstico e Infra - 2025 para.xlsx",RIS,18607,454.0
Rio Capim,1 Pará,22,"Tabela 22 – Caracterização Hospitalar – Equip de Manutenção da Vida, Equip de Diagnóstico e Infra - 2025 para",20,"Tabela 22 – Caracterização Hospitalar – Equip de Manutenção da Vida, Equip de Diagnóstico e Infra - 2025 para","..\..\Desktop\tabelas-powerBI\1 Pará\Tabela 22 – Caracterização Hospitalar – Equip de Manutenção da Vida, Equip de Diagnóstico e Infra - 2025 para.xlsx",RIS,18607,869.0
Tapajós,1 Pará,22,"Tabela 22 – Caracterização Hospitalar – Equip de Manutenção da Vida, Equip de Diagnóstico e Infra - 2025 para",20,"Tabela 22 – Caracterização Hospitalar – Equip de Manutenção da Vida, Equip de Diagnóstico e Infra - 2025 para","..\..\Desktop\tabelas-powerBI\1 Pará\Tabela 22 – Caracterização Hospitalar – Equip de Manutenção da Vida, Equip de Diagnóstico e Infra - 2025 para.xlsx",RIS,18607,786.0
Tocantins,1 Pará,22,"Tabela 22 – Caracterização Hospitalar – Equip de Manutenção da Vida, Equip de Diagnóstico e Infra - 2025 para",20,"Tabela 22 – Caracterização Hospitalar – Equip de Manutenção da Vida, Equip de Diagnóstico e Infra - 2025 para","..\..\Desktop\tabelas-powerBI\1 Pará\Tabela 22 – Caracterização Hospitalar – Equip de Manutenção da Vida, Equip de Diagnóstico e Infra - 2025 para.xlsx",RIS,18607,856.0
Xingu,1 Pará,22,"Tabela 22 – Caracterização Hospitalar – Equip de Manutenção da Vida, Equip de Diagnóstico e Infra - 2025 para",20,"Tabela 22 – Caracterização Hospitalar – Equip de Manutenção da Vida, Equip de Diagnóstico e Infra - 2025 para","..\..\Desktop\tabelas-powerBI\1 Pará\Tabela 22 – Caracterização Hospitalar – Equip de Manutenção da Vida, Equip de Diagnóstico e Infra - 2025 para.xlsx",RIS,18607,692.0
Fonte: DATASUS,1 Pará,22,"Tabela 22 – Caracterização Hospitalar – Equip de Manutenção da Vida, Equip de Diagnóstico e Infra - 2025 para",20,"Tabela 22 – Caracterização Hospitalar – Equip de Manutenção da Vida, Equip de Diagnóstico e Infra - 2025 para","..\..\Desktop\tabelas-powerBI\1 Pará\Tabela 22 – Caracterização Hospitalar – Equip de Manutenção da Vida, Equip de Diagnóstico e Infra - 2025 para.xlsx",RIS,18607,
Elaboração: FAPESPA,1 Pará,22,"Tabela 22 – Caracterização Hospitalar – Equip de Manutenção da Vida, Equip de Diagnóstico e Infra - 2025 para",20,"Tabela 22 – Caracterização Hospitalar – Equip de Manutenção da Vida, Equip de Diagnóstico e Infra - 2025 para","..\..\Desktop\tabelas-powerBI\1 Pará\Tabela 22 – Caracterização Hospitalar – Equip de Manutenção da Vida, Equip de Diagnóstico e Infra - 2025 para.xlsx",RIS,18607,
*Nota: Dados referentes a Outubro/2025.,1 Pará,22,"Tabela 22 – Caracterização Hospitalar – Equip de Manutenção da Vida, Equip de Diagnóstico e Infra - 2025 para",20,"Tabela 22 – Caracterização Hospitalar – Equip de Manutenção da Vida, Equip de Diagnóstico e Infra - 2025 para","..\..\Desktop\tabelas-powerBI\1 Pará\Tabela 22 – Caracterização Hospitalar – Equip de Manutenção da Vida, Equip de Diagnóstico e Infra - 2025 para.xlsx",RIS,18607,
Araguaia,1 Pará,22,"Tabela 22 – Caracterização Hospitalar – Equip de Manutenção da Vida, Equip de Diagnóstico e Infra - 2025 para",20,"Tabela 22 – Caracterização Hospitalar – Equip de Manutenção da Vida, Equip de Diagnóstico e Infra - 2025 para","..\..\Desktop\tabelas-powerBI\1 Pará\Tabela 22 – Caracterização Hospitalar – Equip de Manutenção da Vida, Equip de Diagnóstico e Infra - 2025 para.xlsx",RIS,506,48.0
Baixo Amazonas,1 Pará,22,"Tabela 22 – Caracterização Hospitalar – Equip de Manutenção da Vida, Equip de Diagnóstico e Infra - 2025 para",20,"Tabela 22 – Caracterização Hospitalar – Equip de Manutenção da Vida, Equip de Diagnóstico e Infra - 2025 para","..\..\Desktop\tabelas-powerBI\1 Pará\Tabela 22 – Caracterização Hospitalar – Equip de Manutenção da Vida, Equip de Diagnóstico e Infra - 2025 para.xlsx",RIS,506,45.0
Carajás,1 Pará,22,"Tabela 22 – Caracterização Hospitalar – Equip de Manutenção da Vida, Equip de Diagnóstico e Infra - 2025 para",20,"Tabela 22 – Caracterização Hospitalar – Equip de Manutenção da Vida, Equip de Diagnóstico e Infra - 2025 para","..\..\Desktop\tabelas-powerBI\1 Pará\Tabela 22 – Caracterização Hospitalar – Equip de Manutenção da Vida, Equip de Diagnóstico e Infra - 2025 para.xlsx",RIS,506,52.0
Guajará,1 Pará,22,"Tabela 22 – Caracterização Hospitalar – Equip de Manutenção da Vida, Equip de Diagnóstico e Infra - 2025 para",20,"Tabela 22 – Caracterização Hospitalar – Equip de Manutenção da Vida, Equip de Diagnóstico e Infra - 2025 para","..\..\Desktop\tabelas-powerBI\1 Pará\Tabela 22 – Caracterização Hospitalar – Equip de Manutenção da Vida, Equip de Diagnóstico e Infra - 2025 para.xlsx",RIS,506,166.0
Guamá,1 Pará,22,"Tabela 22 – Caracterização Hospitalar – Equip de Manutenção da Vida, Equip de Diagnóstico e Infra - 2025 para",20,"Tabela 22 – Caracterização Hospitalar – Equip de Manutenção da Vida, Equip de Diagnóstico e Infra - 2025 para","..\..\Desktop\tabelas-powerBI\1 Pará\Tabela 22 – Caracterização Hospitalar – Equip de Manutenção da Vida, Equip de Diagnóstico e Infra - 2025 para.xlsx",RIS,506,25.0
Lago de Tucuruí,1 Pará,22,"Tabela 22 – Caracterização Hospitalar – Equip de Manutenção da Vida, Equip de Diagnóstico e Infra - 2025 para",20,"Tabela 22 – Caracterização Hospitalar – Equip de Manutenção da Vida, Equip de Diagnóstico e Infra - 2025 para","..\..\Desktop\tabelas-powerBI\1 Pará\Tabela 22 – Caracterização Hospitalar – Equip de Manutenção da Vida, Equip de Diagnóstico e Infra - 2025 para.xlsx",RIS,506,25.0
Marajó,1 Pará,22,"Tabela 22 – Caracterização Hospitalar – Equip de Manutenção da Vida, Equip de Diagnóstico e Infra - 2025 para",20,"Tabela 22 – Caracterização Hospitalar – Equip de Manutenção da Vida, Equip de Diagnóstico e Infra - 2025 para","..\..\Desktop\tabelas-powerBI\1 Pará\Tabela 22 – Caracterização Hospitalar – Equip de Manutenção da Vida, Equip de Diagnóstico e Infra - 2025 para.xlsx",RIS,506,24.0
Rio Caeté,1 Pará,22,"Tabela 22 – Caracterização Hospitalar – Equip de Manutenção da Vida, Equip de Diagnóstico e Infra - 2025 para",20,"Tabela 22 – Caracterização Hospitalar – Equip de Manutenção da Vida, Equip de Diagnóstico e Infra - 2025 para","..\..\Desktop\tabelas-powerBI\1 Pará\Tabela 22 – Caracterização Hospitalar – Equip de Manutenção da Vida, Equip de Diagnóstico e Infra - 2025 para.xlsx",RIS,506,14.0
Rio Capim,1 Pará,22,"Tabela 22 – Caracterização Hospitalar – Equip de Manutenção da Vida, Equip de Diagnóstico e Infra - 2025 para",20,"Tabela 22 – Caracterização Hospitalar – Equip de Manutenção da Vida, Equip de Diagnóstico e Infra - 2025 para","..\..\Desktop\tabelas-powerBI\1 Pará\Tabela 22 – Caracterização Hospitalar – Equip de Manutenção da Vida, Equip de Diagnóstico e Infra - 2025 para.xlsx",RIS,506,34.0
Tapajós,1 Pará,22,"Tabela 22 – Caracterização Hospitalar – Equip de Manutenção da Vida, Equip de Diagnóstico e Infra - 2025 para",20,"Tabela 22 – Caracterização Hospitalar – Equip de Manutenção da Vida, Equip de Diagnóstico e Infra - 2025 para","..\..\Desktop\tabelas-powerBI\1 Pará\Tabela 22 – Caracterização Hospitalar – Equip de Manutenção da Vida, Equip de Diagnóstico e Infra - 2025 para.xlsx",RIS,506,18.0
Tocantins,1 Pará,22,"Tabela 22 – Caracterização Hospitalar – Equip de Manutenção da Vida, Equip de Diagnóstico e Infra - 2025 para",20,"Tabela 22 – Caracterização Hospitalar – Equip de Manutenção da Vida, Equip de Diagnóstico e Infra - 2025 para","..\..\Desktop\tabelas-powerBI\1 Pará\Tabela 22 – Caracterização Hospitalar – Equip de Manutenção da Vida, Equip de Diagnóstico e Infra - 2025 para.xlsx",RIS,506,37.0
Xingu,1 Pará,22,"Tabela 22 – Caracterização Hospitalar – Equip de Manutenção da Vida, Equip de Diagnóstico e Infra - 2025 para",20,"Tabela 22 – Caracterização Hospitalar – Equip de Manutenção da Vida, Equip de Diagnóstico e Infra - 2025 para","..\..\Desktop\tabelas-powerBI\1 Pará\Tabela 22 – Caracterização Hospitalar – Equip de Manutenção da Vida, Equip de Diagnóstico e Infra - 2025 para.xlsx",RIS,506,18.0
Fonte: DATASUS,1 Pará,22,"Tabela 22 – Caracterização Hospitalar – Equip de Manutenção da Vida, Equip de Diagnóstico e Infra - 2025 para",20,"Tabela 22 – Caracterização Hospitalar – Equip de Manutenção da Vida, Equip de Diagnóstico e Infra - 2025 para","..\..\Desktop\tabelas-powerBI\1 Pará\Tabela 22 – Caracterização Hospitalar – Equip de Manutenção da Vida, Equip de Diagnóstico e Infra - 2025 para.xlsx",RIS,506,
Elaboração: FAPESPA,1 Pará,22,"Tabela 22 – Caracterização Hospitalar – Equip de Manutenção da Vida, Equip de Diagnóstico e Infra - 2025 para",20,"Tabela 22 – Caracterização Hospitalar – Equip de Manutenção da Vida, Equip de Diagnóstico e Infra - 2025 para","..\..\Desktop\tabelas-powerBI\1 Pará\Tabela 22 – Caracterização Hospitalar – Equip de Manutenção da Vida, Equip de Diagnóstico e Infra - 2025 para.xlsx",RIS,506,
*Nota: Dados referentes a Outubro/2025.,1 Pará,22,"Tabela 22 – Caracterização Hospitalar – Equip de Manutenção da Vida, Equip de Diagnóstico e Infra - 2025 para",20,"Tabela 22 – Caracterização Hospitalar – Equip de Manutenção da Vida, Equip de Diagnóstico e Infra - 2025 para","..\..\Desktop\tabelas-powerBI\1 Pará\Tabela 22 – Caracterização Hospitalar – Equip de Manutenção da Vida, Equip de Diagnóstico e Infra - 2025 para.xlsx",RIS,506,
Araguaia,1 Pará,22,"Tabela 22 – Caracterização Hospitalar – Equip de Manutenção da Vida, Equip de Diagnóstico e Infra - 2025 para",20,"Tabela 22 – Caracterização Hospitalar – Equip de Manutenção da Vida, Equip de Diagnóstico e Infra - 2025 para","..\..\Desktop\tabelas-powerBI\1 Pará\Tabela 22 – Caracterização Hospitalar – Equip de Manutenção da Vida, Equip de Diagnóstico e Infra - 2025 para.xlsx",RIS,493,48.0
Baixo Amazonas,1 Pará,22,"Tabela 22 – Caracterização Hospitalar – Equip de Manutenção da Vida, Equip de Diagnóstico e Infra - 2025 para",20,"Tabela 22 – Caracterização Hospitalar – Equip de Manutenção da Vida, Equip de Diagnóstico e Infra - 2025 para","..\..\Desktop\tabelas-powerBI\1 Pará\Tabela 22 – Caracterização Hospitalar – Equip de Manutenção da Vida, Equip de Diagnóstico e Infra - 2025 para.xlsx",RIS,493,43.0
Carajás,1 Pará,22,"Tabela 22 – Caracterização Hospitalar – Equip de Manutenção da Vida, Equip de Diagnóstico e Infra - 2025 para",20,"Tabela 22 – Caracterização Hospitalar – Equip de Manutenção da Vida, Equip de Diagnóstico e Infra - 2025 para","..\..\Desktop\tabelas-powerBI\1 Pará\Tabela 22 – Caracterização Hospitalar – Equip de Manutenção da Vida, Equip de Diagnóstico e Infra - 2025 para.xlsx",RIS,493,48.0
Guajará,1 Pará,22,"Tabela 22 – Caracterização Hospitalar – Equip de Manutenção da Vida, Equip de Diagnóstico e Infra - 2025 para",20,"Tabela 22 – Caracterização Hospitalar – Equip de Manutenção da Vida, Equip de Diagnóstico e Infra - 2025 para","..\..\Desktop\tabelas-powerBI\1 Pará\Tabela 22 – Caracterização Hospitalar – Equip de Manutenção da Vida, Equip de Diagnóstico e Infra - 2025 para.xlsx",RIS,493,164.0
Guamá,1 Pará,22,"Tabela 22 – Caracterização Hospitalar – Equip de Manutenção da Vida, Equip de Diagnóstico e Infra - 2025 para",20,"Tabela 22 – Caracterização Hospitalar – Equip de Manutenção da Vida, Equip de Diagnóstico e Infra - 2025 para","..\..\Desktop\tabelas-powerBI\1 Pará\Tabela 22 – Caracterização Hospitalar – Equip de Manutenção da Vida, Equip de Diagnóstico e Infra - 2025 para.xlsx",RIS,493,25.0
Lago de Tucuruí,1 Pará,22,"Tabela 22 – Caracterização Hospitalar – Equip de Manutenção da Vida, Equip de Diagnóstico e Infra - 2025 para",20,"Tabela 22 – Caracterização Hospitalar – Equip de Manutenção da Vida, Equip de Diagnóstico e Infra - 2025 para","..\..\Desktop\tabelas-powerBI\1 Pará\Tabela 22 – Caracterização Hospitalar – Equip de Manutenção da Vida, Equip de Diagnóstico e Infra - 2025 para.xlsx",RIS,493,24.0
Marajó,1 Pará,22,"Tabela 22 – Caracterização Hospitalar – Equip de Manutenção da Vida, Equip de Diagnóstico e Infra - 2025 para",20,"Tabela 22 – Caracterização Hospitalar – Equip de Manutenção da Vida, Equip de Diagnóstico e Infra - 2025 para","..\..\Desktop\tabelas-powerBI\1 Pará\Tabela 22 – Caracterização Hospitalar – Equip de Manutenção da Vida, Equip de Diagnóstico e Infra - 2025 para.xlsx",RIS,493,21.0
Rio Caeté,1 Pará,22,"Tabela 22 – Caracterização Hospitalar – Equip de Manutenção da Vida, Equip de Diagnóstico e Infra - 2025 para",20,"Tabela 22 – Caracterização Hospitalar – Equip de Manutenção da Vida, Equip de Diagnóstico e Infra - 2025 para","..\..\Desktop\tabelas-powerBI\1 Pará\Tabela 22 – Caracterização Hospitalar – Equip de Manutenção da Vida, Equip de Diagnóstico e Infra - 2025 para.xlsx",RIS,493,14.0
Rio Capim,1 Pará,22,"Tabela 22 – Caracterização Hospitalar – Equip de Manutenção da Vida, Equip de Diagnóstico e Infra - 2025 para",20,"Tabela 22 – Caracterização Hospitalar – Equip de Manutenção da Vida, Equip de Diagnóstico e Infra - 2025 para","..\..\Desktop\tabelas-powerBI\1 Pará\Tabela 22 – Caracterização Hospitalar – Equip de Manutenção da Vida, Equip de Diagnóstico e Infra - 2025 para.xlsx",RIS,493,33.0
Tapajós,1 Pará,22,"Tabela 22 – Caracterização Hospitalar – Equip de Manutenção da Vida, Equip de Diagnóstico e Infra - 2025 para",20,"Tabela 22 – Caracterização Hospitalar – Equip de Manutenção da Vida, Equip de Diagnóstico e Infra - 2025 para","..\..\Desktop\tabelas-powerBI\1 Pará\Tabela 22 – Caracterização Hospitalar – Equip de Manutenção da Vida, Equip de Diagnóstico e Infra - 2025 para.xlsx",RIS,493,18.0
Tocantins,1 Pará,22,"Tabela 22 – Caracterização Hospitalar – Equip de Manutenção da Vida, Equip de Diagnóstico e Infra - 2025 para",20,"Tabela 22 – Caracterização Hospitalar – Equip de Manutenção da Vida, Equip de Diagnóstico e Infra - 2025 para","..\..\Desktop\tabelas-powerBI\1 Pará\Tabela 22 – Caracterização Hospitalar – Equip de Manutenção da Vida, Equip de Diagnóstico e Infra - 2025 para.xlsx",RIS,493,37.0
Xingu,1 Pará,22,"Tabela 22 – Caracterização Hospitalar – Equip de Manutenção da Vida, Equip de Diagnóstico e Infra - 2025 para",20,"Tabela 22 – Caracterização Hospitalar – Equip de Manutenção da Vida, Equip de Diagnóstico e Infra - 2025 para","..\..\Desktop\tabelas-powerBI\1 Pará\Tabela 22 – Caracterização Hospitalar – Equip de Manutenção da Vida, Equip de Diagnóstico e Infra - 2025 para.xlsx",RIS,493,18.0
Fonte: DATASUS,1 Pará,22,"Tabela 22 – Caracterização Hospitalar – Equip de Manutenção da Vida, Equip de Diagnóstico e Infra - 2025 para",20,"Tabela 22 – Caracterização Hospitalar – Equip de Manutenção da Vida, Equip de Diagnóstico e Infra - 2025 para","..\..\Desktop\tabelas-powerBI\1 Pará\Tabela 22 – Caracterização Hospitalar – Equip de Manutenção da Vida, Equip de Diagnóstico e Infra - 2025 para.xlsx",RIS,493,
Elaboração: FAPESPA,1 Pará,22,"Tabela 22 – Caracterização Hospitalar – Equip de Manutenção da Vida, Equip de Diagnóstico e Infra - 2025 para",20,"Tabela 22 – Caracterização Hospitalar – Equip de Manutenção da Vida, Equip de Diagnóstico e Infra - 2025 para","..\..\Desktop\tabelas-powerBI\1 Pará\Tabela 22 – Caracterização Hospitalar – Equip de Manutenção da Vida, Equip de Diagnóstico e Infra - 2025 para.xlsx",RIS,493,
*Nota: Dados referentes a Outubro/2025.,1 Pará,22,"Tabela 22 – Caracterização Hospitalar – Equip de Manutenção da Vida, Equip de Diagnóstico e Infra - 2025 para",20,"Tabela 22 – Caracterização Hospitalar – Equip de Manutenção da Vida, Equip de Diagnóstico e Infra - 2025 para","..\..\Desktop\tabelas-powerBI\1 Pará\Tabela 22 – Caracterização Hospitalar – Equip de Manutenção da Vida, Equip de Diagnóstico e Infra - 2025 para.xlsx",RIS,493,
Araguaia,1 Pará,22,"Tabela 22 – Caracterização Hospitalar – Equip de Manutenção da Vida, Equip de Diagnóstico e Infra - 2025 para",20,"Tabela 22 – Caracterização Hospitalar – Equip de Manutenção da Vida, Equip de Diagnóstico e Infra - 2025 para","..\..\Desktop\tabelas-powerBI\1 Pará\Tabela 22 – Caracterização Hospitalar – Equip de Manutenção da Vida, Equip de Diagnóstico e Infra - 2025 para.xlsx",RIS,172,9.0
Baixo Amazonas,1 Pará,22,"Tabela 22 – Caracterização Hospitalar – Equip de Manutenção da Vida, Equip de Diagnóstico e Infra - 2025 para",20,"Tabela 22 – Caracterização Hospitalar – Equip de Manutenção da Vida, Equip de Diagnóstico e Infra - 2025 para","..\..\Desktop\tabelas-powerBI\1 Pará\Tabela 22 – Caracterização Hospitalar – Equip de Manutenção da Vida, Equip de Diagnóstico e Infra - 2025 para.xlsx",RIS,172,10.0
Carajás,1 Pará,22,"Tabela 22 – Caracterização Hospitalar – Equip de Manutenção da Vida, Equip de Diagnóstico e Infra - 2025 para",20,"Tabela 22 – Caracterização Hospitalar – Equip de Manutenção da Vida, Equip de Diagnóstico e Infra - 2025 para","..\..\Desktop\tabelas-powerBI\1 Pará\Tabela 22 – Caracterização Hospitalar – Equip de Manutenção da Vida, Equip de Diagnóstico e Infra - 2025 para.xlsx",RIS,172,13.0
Guajará,1 Pará,22,"Tabela 22 – Caracterização Hospitalar – Equip de Manutenção da Vida, Equip de Diagnóstico e Infra - 2025 para",20,"Tabela 22 – Caracterização Hospitalar – Equip de Manutenção da Vida, Equip de Diagnóstico e Infra - 2025 para","..\..\Desktop\tabelas-powerBI\1 Pará\Tabela 22 – Caracterização Hospitalar – Equip de Manutenção da Vida, Equip de Diagnóstico e Infra - 2025 para.xlsx",RIS,172,72.0
Guamá,1 Pará,22,"Tabela 22 – Caracterização Hospitalar – Equip de Manutenção da Vida, Equip de Diagnóstico e Infra - 2025 para",20,"Tabela 22 – Caracterização Hospitalar – Equip de Manutenção da Vida, Equip de Diagnóstico e Infra - 2025 para","..\..\Desktop\tabelas-powerBI\1 Pará\Tabela 22 – Caracterização Hospitalar – Equip de Manutenção da Vida, Equip de Diagnóstico e Infra - 2025 para.xlsx",RIS,172,4.0
Lago de Tucuruí,1 Pará,22,"Tabela 22 – Caracterização Hospitalar – Equip de Manutenção da Vida, Equip de Diagnóstico e Infra - 2025 para",20,"Tabela 22 – Caracterização Hospitalar – Equip de Manutenção da Vida, Equip de Diagnóstico e Infra - 2025 para","..\..\Desktop\tabelas-powerBI\1 Pará\Tabela 22 – Caracterização Hospitalar – Equip de Manutenção da Vida, Equip de Diagnóstico e Infra - 2025 para.xlsx",RIS,172,6.0
Marajó,1 Pará,22,"Tabela 22 – Caracterização Hospitalar – Equip de Manutenção da Vida, Equip de Diagnóstico e Infra - 2025 para",20,"Tabela 22 – Caracterização Hospitalar – Equip de Manutenção da Vida, Equip de Diagnóstico e Infra - 2025 para","..\..\Desktop\tabelas-powerBI\1 Pará\Tabela 22 – Caracterização Hospitalar – Equip de Manutenção da Vida, Equip de Diagnóstico e Infra - 2025 para.xlsx",RIS,172,1.0
Rio Caeté,1 Pará,22,"Tabela 22 – Caracterização Hospitalar – Equip de Manutenção da Vida, Equip de Diagnóstico e Infra - 2025 para",20,"Tabela 22 – Caracterização Hospitalar – Equip de Manutenção da Vida, Equip de Diagnóstico e Infra - 2025 para","..\..\Desktop\tabelas-powerBI\1 Pará\Tabela 22 – Caracterização Hospitalar – Equip de Manutenção da Vida, Equip de Diagnóstico e Infra - 2025 para.xlsx",RIS,172,6.0
Rio Capim,1 Pará,22,"Tabela 22 – Caracterização Hospitalar – Equip de Manutenção da Vida, Equip de Diagnóstico e Infra - 2025 para",20,"Tabela 22 – Caracterização Hospitalar – Equip de Manutenção da Vida, Equip de Diagnóstico e Infra - 2025 para","..\..\Desktop\tabelas-powerBI\1 Pará\Tabela 22 – Caracterização Hospitalar – Equip de Manutenção da Vida, Equip de Diagnóstico e Infra - 2025 para.xlsx",RIS,172,26.0
Tapajós,1 Pará,22,"Tabela 22 – Caracterização Hospitalar – Equip de Manutenção da Vida, Equip de Diagnóstico e Infra - 2025 para",20,"Tabela 22 – Caracterização Hospitalar – Equip de Manutenção da Vida, Equip de Diagnóstico e Infra - 2025 para","..\..\Desktop\tabelas-powerBI\1 Pará\Tabela 22 – Caracterização Hospitalar – Equip de Manutenção da Vida, Equip de Diagnóstico e Infra - 2025 para.xlsx",RIS,172,3.0
Tocantins,1 Pará,22,"Tabela 22 – Caracterização Hospitalar – Equip de Manutenção da Vida, Equip de Diagnóstico e Infra - 2025 para",20,"Tabela 22 – Caracterização Hospitalar – Equip de Manutenção da Vida, Equip de Diagnóstico e Infra - 2025 para","..\..\Desktop\tabelas-powerBI\1 Pará\Tabela 22 – Caracterização Hospitalar – Equip de Manutenção da Vida, Equip de Diagnóstico e Infra - 2025 para.xlsx",RIS,172,21.0
Xingu,1 Pará,22,"Tabela 22 – Caracterização Hospitalar – Equip de Manutenção da Vida, Equip de Diagnóstico e Infra - 2025 para",20,"Tabela 22 – Caracterização Hospitalar – Equip de Manutenção da Vida, Equip de Diagnóstico e Infra - 2025 para","..\..\Desktop\tabelas-powerBI\1 Pará\Tabela 22 – Caracterização Hospitalar – Equip de Manutenção da Vida, Equip de Diagnóstico e Infra - 2025 para.xlsx",RIS,172,1.0
Fonte: DATASUS,1 Pará,22,"Tabela 22 – Caracterização Hospitalar – Equip de Manutenção da Vida, Equip de Diagnóstico e Infra - 2025 para",20,"Tabela 22 – Caracterização Hospitalar – Equip de Manutenção da Vida, Equip de Diagnóstico e Infra - 2025 para","..\..\Desktop\tabelas-powerBI\1 Pará\Tabela 22 – Caracterização Hospitalar – Equip de Manutenção da Vida, Equip de Diagnóstico e Infra - 2025 para.xlsx",RIS,172,
Elaboração: FAPESPA,1 Pará,22,"Tabela 22 – Caracterização Hospitalar – Equip de Manutenção da Vida, Equip de Diagnóstico e Infra - 2025 para",20,"Tabela 22 – Caracterização Hospitalar – Equip de Manutenção da Vida, Equip de Diagnóstico e Infra - 2025 para","..\..\Desktop\tabelas-powerBI\1 Pará\Tabela 22 – Caracterização Hospitalar – Equip de Manutenção da Vida, Equip de Diagnóstico e Infra - 2025 para.xlsx",RIS,172,
*Nota: Dados referentes a Outubro/2025.,1 Pará,22,"Tabela 22 – Caracterização Hospitalar – Equip de Manutenção da Vida, Equip de Diagnóstico e Infra - 2025 para",20,"Tabela 22 – Caracterização Hospitalar – Equip de Manutenção da Vida, Equip de Diagnóstico e Infra - 2025 para","..\..\Desktop\tabelas-powerBI\1 Pará\Tabela 22 – Caracterização Hospitalar – Equip de Manutenção da Vida, Equip de Diagnóstico e Infra - 2025 para.xlsx",RIS,172,
Araguaia,1 Pará,22,"Tabela 22 – Caracterização Hospitalar – Equip de Manutenção da Vida, Equip de Diagnóstico e Infra - 2025 para",20,"Tabela 22 – Caracterização Hospitalar – Equip de Manutenção da Vida, Equip de Diagnóstico e Infra - 2025 para","..\..\Desktop\tabelas-powerBI\1 Pará\Tabela 22 – Caracterização Hospitalar – Equip de Manutenção da Vida, Equip de Diagnóstico e Infra - 2025 para.xlsx",RIS,165,8.0
Baixo Amazonas,1 Pará,22,"Tabela 22 – Caracterização Hospitalar – Equip de Manutenção da Vida, Equip de Diagnóstico e Infra - 2025 para",20,"Tabela 22 – Caracterização Hospitalar – Equip de Manutenção da Vida, Equip de Diagnóstico e Infra - 2025 para","..\..\Desktop\tabelas-powerBI\1 Pará\Tabela 22 – Caracterização Hospitalar – Equip de Manutenção da Vida, Equip de Diagnóstico e Infra - 2025 para.xlsx",RIS,165,8.0
Carajás,1 Pará,22,"Tabela 22 – Caracterização Hospitalar – Equip de Manutenção da Vida, Equip de Diagnóstico e Infra - 2025 para",20,"Tabela 22 – Caracterização Hospitalar – Equip de Manutenção da Vida, Equip de Diagnóstico e Infra - 2025 para","..\..\Desktop\tabelas-powerBI\1 Pará\Tabela 22 – Caracterização Hospitalar – Equip de Manutenção da Vida, Equip de Diagnóstico e Infra - 2025 para.xlsx",RIS,165,11.0
Guajará,1 Pará,22,"Tabela 22 – Caracterização Hospitalar – Equip de Manutenção da Vida, Equip de Diagnóstico e Infra - 2025 para",20,"Tabela 22 – Caracterização Hospitalar – Equip de Manutenção da Vida, Equip de Diagnóstico e Infra - 2025 para","..\..\Desktop\tabelas-powerBI\1 Pará\Tabela 22 – Caracterização Hospitalar – Equip de Manutenção da Vida, Equip de Diagnóstico e Infra - 2025 para.xlsx",RIS,165,70.0
Guamá,1 Pará,22,"Tabela 22 – Caracterização Hospitalar – Equip de Manutenção da Vida, Equip de Diagnóstico e Infra - 2025 para",20,"Tabela 22 – Caracterização Hospitalar – Equip de Manutenção da Vida, Equip de Diagnóstico e Infra - 2025 para","..\..\Desktop\tabelas-powerBI\1 Pará\Tabela 22 – Caracterização Hospitalar – Equip de Manutenção da Vida, Equip de Diagnóstico e Infra - 2025 para.xlsx",RIS,165,4.0
Lago de Tucuruí,1 Pará,22,"Tabela 22 – Caracterização Hospitalar – Equip de Manutenção da Vida, Equip de Diagnóstico e Infra - 2025 para",20,"Tabela 22 – Caracterização Hospitalar – Equip de Manutenção da Vida, Equip de Diagnóstico e Infra - 2025 para","..\..\Desktop\tabelas-powerBI\1 Pará\Tabela 22 – Caracterização Hospitalar – Equip de Manutenção da Vida, Equip de Diagnóstico e Infra - 2025 para.xlsx",RIS,165,6.0
Marajó,1 Pará,22,"Tabela 22 – Caracterização Hospitalar – Equip de Manutenção da Vida, Equip de Diagnóstico e Infra - 2025 para",20,"Tabela 22 – Caracterização Hospitalar – Equip de Manutenção da Vida, Equip de Diagnóstico e Infra - 2025 para","..\..\Desktop\tabelas-powerBI\1 Pará\Tabela 22 – Caracterização Hospitalar – Equip de Manutenção da Vida, Equip de Diagnóstico e Infra - 2025 para.xlsx",RIS,165,1.0
Rio Caeté,1 Pará,22,"Tabela 22 – Caracterização Hospitalar – Equip de Manutenção da Vida, Equip de Diagnóstico e Infra - 2025 para",20,"Tabela 22 – Caracterização Hospitalar – Equip de Manutenção da Vida, Equip de Diagnóstico e Infra - 2025 para","..\..\Desktop\tabelas-powerBI\1 Pará\Tabela 22 – Caracterização Hospitalar – Equip de Manutenção da Vida, Equip de Diagnóstico e Infra - 2025 para.xlsx",RIS,165,6.0
Rio Capim,1 Pará,22,"Tabela 22 – Caracterização Hospitalar – Equip de Manutenção da Vida, Equip de Diagnóstico e Infra - 2025 para",20,"Tabela 22 – Caracterização Hospitalar – Equip de Manutenção da Vida, Equip de Diagnóstico e Infra - 2025 para","..\..\Desktop\tabelas-powerBI\1 Pará\Tabela 22 – Caracterização Hospitalar – Equip de Manutenção da Vida, Equip de Diagnóstico e Infra - 2025 para.xlsx",RIS,165,26.0
Tapajós,1 Pará,22,"Tabela 22 – Caracterização Hospitalar – Equip de Manutenção da Vida, Equip de Diagnóstico e Infra - 2025 para",20,"Tabela 22 – Caracterização Hospitalar – Equip de Manutenção da Vida, Equip de Diagnóstico e Infra - 2025 para","..\..\Desktop\tabelas-powerBI\1 Pará\Tabela 22 – Caracterização Hospitalar – Equip de Manutenção da Vida, Equip de Diagnóstico e Infra - 2025 para.xlsx",RIS,165,3.0
Tocantins,1 Pará,22,"Tabela 22 – Caracterização Hospitalar – Equip de Manutenção da Vida, Equip de Diagnóstico e Infra - 2025 para",20,"Tabela 22 – Caracterização Hospitalar – Equip de Manutenção da Vida, Equip de Diagnóstico e Infra - 2025 para","..\..\Desktop\tabelas-powerBI\1 Pará\Tabela 22 – Caracterização Hospitalar – Equip de Manutenção da Vida, Equip de Diagnóstico e Infra - 2025 para.xlsx",RIS,165,21.0
Xingu,1 Pará,22,"Tabela 22 – Caracterização Hospitalar – Equip de Manutenção da Vida, Equip de Diagnóstico e Infra - 2025 para",20,"Tabela 22 – Caracterização Hospitalar – Equip de Manutenção da Vida, Equip de Diagnóstico e Infra - 2025 para","..\..\Desktop\tabelas-powerBI\1 Pará\Tabela 22 – Caracterização Hospitalar – Equip de Manutenção da Vida, Equip de Diagnóstico e Infra - 2025 para.xlsx",RIS,165,1.0
Fonte: DATASUS,1 Pará,22,"Tabela 22 – Caracterização Hospitalar – Equip de Manutenção da Vida, Equip de Diagnóstico e Infra - 2025 para",20,"Tabela 22 – Caracterização Hospitalar – Equip de Manutenção da Vida, Equip de Diagnóstico e Infra - 2025 para","..\..\Desktop\tabelas-powerBI\1 Pará\Tabela 22 – Caracterização Hospitalar – Equip de Manutenção da Vida, Equip de Diagnóstico e Infra - 2025 para.xlsx",RIS,165,
Elaboração: FAPESPA,1 Pará,22,"Tabela 22 – Caracterização Hospitalar – Equip de Manutenção da Vida, Equip de Diagnóstico e Infra - 2025 para",20,"Tabela 22 – Caracterização Hospitalar – Equip de Manutenção da Vida, Equip de Diagnóstico e Infra - 2025 para","..\..\Desktop\tabelas-powerBI\1 Pará\Tabela 22 – Caracterização Hospitalar – Equip de Manutenção da Vida, Equip de Diagnóstico e Infra - 2025 para.xlsx",RIS,165,
*Nota: Dados referentes a Outubro/2025.,1 Pará,22,"Tabela 22 – Caracterização Hospitalar – Equip de Manutenção da Vida, Equip de Diagnóstico e Infra - 2025 para",20,"Tabela 22 – Caracterização Hospitalar – Equip de Manutenção da Vida, Equip de Diagnóstico e Infra - 2025 para","..\..\Desktop\tabelas-powerBI\1 Pará\Tabela 22 – Caracterização Hospitalar – Equip de Manutenção da Vida, Equip de Diagnóstico e Infra - 2025 para.xlsx",RIS,165,
Araguaia,1 Pará,22,"Tabela 22 – Caracterização Hospitalar – Equip de Manutenção da Vida, Equip de Diagnóstico e Infra - 2025 para",20,"Tabela 22 – Caracterização Hospitalar – Equip de Manutenção da Vida, Equip de Diagnóstico e Infra - 2025 para","..\..\Desktop\tabelas-powerBI\1 Pará\Tabela 22 – Caracterização Hospitalar – Equip de Manutenção da Vida, Equip de Diagnóstico e Infra - 2025 para.xlsx",RIS,30067,1859.0
Baixo Amazonas,1 Pará,22,"Tabela 22 – Caracterização Hospitalar – Equip de Manutenção da Vida, Equip de Diagnóstico e Infra - 2025 para",20,"Tabela 22 – Caracterização Hospitalar – Equip de Manutenção da Vida, Equip de Diagnóstico e Infra - 2025 para","..\..\Desktop\tabelas-powerBI\1 Pará\Tabela 22 – Caracterização Hospitalar – Equip de Manutenção da Vida, Equip de Diagnóstico e Infra - 2025 para.xlsx",RIS,30067,2101.0
Carajás,1 Pará,22,"Tabela 22 – Caracterização Hospitalar – Equip de Manutenção da Vida, Equip de Diagnóstico e Infra - 2025 para",20,"Tabela 22 – Caracterização Hospitalar – Equip de Manutenção da Vida, Equip de Diagnóstico e Infra - 2025 para","..\..\Desktop\tabelas-powerBI\1 Pará\Tabela 22 – Caracterização Hospitalar – Equip de Manutenção da Vida, Equip de Diagnóstico e Infra - 2025 para.xlsx",RIS,30067,3797.0
Guajará,1 Pará,22,"Tabela 22 – Caracterização Hospitalar – Equip de Manutenção da Vida, Equip de Diagnóstico e Infra - 2025 para",20,"Tabela 22 – Caracterização Hospitalar – Equip de Manutenção da Vida, Equip de Diagnóstico e Infra - 2025 para","..\..\Desktop\tabelas-powerBI\1 Pará\Tabela 22 – Caracterização Hospitalar – Equip de Manutenção da Vida, Equip de Diagnóstico e Infra - 2025 para.xlsx",RIS,30067,13911.0
Guamá,1 Pará,22,"Tabela 22 – Caracterização Hospitalar – Equip de Manutenção da Vida, Equip de Diagnóstico e Infra - 2025 para",20,"Tabela 22 – Caracterização Hospitalar – Equip de Manutenção da Vida, Equip de Diagnóstico e Infra - 2025 para","..\..\Desktop\tabelas-powerBI\1 Pará\Tabela 22 – Caracterização Hospitalar – Equip de Manutenção da Vida, Equip de Diagnóstico e Infra - 2025 para.xlsx",RIS,30067,1095.0
Lago de Tucuruí,1 Pará,22,"Tabela 22 – Caracterização Hospitalar – Equip de Manutenção da Vida, Equip de Diagnóstico e Infra - 2025 para",20,"Tabela 22 – Caracterização Hospitalar – Equip de Manutenção da Vida, Equip de Diagnóstico e Infra - 2025 para","..\..\Desktop\tabelas-powerBI\1 Pará\Tabela 22 – Caracterização Hospitalar – Equip de Manutenção da Vida, Equip de Diagnóstico e Infra - 2025 para.xlsx",RIS,30067,903.0
Marajó,1 Pará,22,"Tabela 22 – Caracterização Hospitalar – Equip de Manutenção da Vida, Equip de Diagnóstico e Infra - 2025 para",20,"Tabela 22 – Caracterização Hospitalar – Equip de Manutenção da Vida, Equip de Diagnóstico e Infra - 2025 para","..\..\Desktop\tabelas-powerBI\1 Pará\Tabela 22 – Caracterização Hospitalar – Equip de Manutenção da Vida, Equip de Diagnóstico e Infra - 2025 para.xlsx",RIS,30067,405.0
Rio Caeté,1 Pará,22,"Tabela 22 – Caracterização Hospitalar – Equip de Manutenção da Vida, Equip de Diagnóstico e Infra - 2025 para",20,"Tabela 22 – Caracterização Hospitalar – Equip de Manutenção da Vida, Equip de Diagnóstico e Infra - 2025 para","..\..\Desktop\tabelas-powerBI\1 Pará\Tabela 22 – Caracterização Hospitalar – Equip de Manutenção da Vida, Equip de Diagnóstico e Infra - 2025 para.xlsx",RIS,30067,1020.0
Rio Capim,1 Pará,22,"Tabela 22 – Caracterização Hospitalar – Equip de Manutenção da Vida, Equip de Diagnóstico e Infra - 2025 para",20,"Tabela 22 – Caracterização Hospitalar – Equip de Manutenção da Vida, Equip de Diagnóstico e Infra - 2025 para","..\..\Desktop\tabelas-powerBI\1 Pará\Tabela 22 – Caracterização Hospitalar – Equip de Manutenção da Vida, Equip de Diagnóstico e Infra - 2025 para.xlsx",RIS,30067,1340.0
Tapajós,1 Pará,22,"Tabela 22 – Caracterização Hospitalar – Equip de Manutenção da Vida, Equip de Diagnóstico e Infra - 2025 para",20,"Tabela 22 – Caracterização Hospitalar – Equip de Manutenção da Vida, Equip de Diagnóstico e Infra - 2025 para","..\..\Desktop\tabelas-powerBI\1 Pará\Tabela 22 – Caracterização Hospitalar – Equip de Manutenção da Vida, Equip de Diagnóstico e Infra - 2025 para.xlsx",RIS,30067,1252.0
Tocantins,1 Pará,22,"Tabela 22 – Caracterização Hospitalar – Equip de Manutenção da Vida, Equip de Diagnóstico e Infra - 2025 para",20,"Tabela 22 – Caracterização Hospitalar – Equip de Manutenção da Vida, Equip de Diagnóstico e Infra - 2025 para","..\..\Desktop\tabelas-powerBI\1 Pará\Tabela 22 – Caracterização Hospitalar – Equip de Manutenção da Vida, Equip de Diagnóstico e Infra - 2025 para.xlsx",RIS,30067,1402.0
Xingu,1 Pará,22,"Tabela 22 – Caracterização Hospitalar – Equip de Manutenção da Vida, Equip de Diagnóstico e Infra - 2025 para",20,"Tabela 22 – Caracterização Hospitalar – Equip de Manutenção da Vida, Equip de Diagnóstico e Infra - 2025 para","..\..\Desktop\tabelas-powerBI\1 Pará\Tabela 22 – Caracterização Hospitalar – Equip de Manutenção da Vida, Equip de Diagnóstico e Infra - 2025 para.xlsx",RIS,30067,982.0
Fonte: DATASUS,1 Pará,22,"Tabela 22 – Caracterização Hospitalar – Equip de Manutenção da Vida, Equip de Diagnóstico e Infra - 2025 para",20,"Tabela 22 – Caracterização Hospitalar – Equip de Manutenção da Vida, Equip de Diagnóstico e Infra - 2025 para","..\..\Desktop\tabelas-powerBI\1 Pará\Tabela 22 – Caracterização Hospitalar – Equip de Manutenção da Vida, Equip de Diagnóstico e Infra - 2025 para.xlsx",RIS,30067,
Elaboração: FAPESPA,1 Pará,22,"Tabela 22 – Caracterização Hospitalar – Equip de Manutenção da Vida, Equip de Diagnóstico e Infra - 2025 para",20,"Tabela 22 – Caracterização Hospitalar – Equip de Manutenção da Vida, Equip de Diagnóstico e Infra - 2025 para","..\..\Desktop\tabelas-powerBI\1 Pará\Tabela 22 – Caracterização Hospitalar – Equip de Manutenção da Vida, Equip de Diagnóstico e Infra - 2025 para.xlsx",RIS,30067,
*Nota: Dados referentes a Outubro/2025.,1 Pará,22,"Tabela 22 – Caracterização Hospitalar – Equip de Manutenção da Vida, Equip de Diagnóstico e Infra - 2025 para",20,"Tabela 22 – Caracterização Hospitalar – Equip de Manutenção da Vida, Equip de Diagnóstico e Infra - 2025 para","..\..\Desktop\tabelas-powerBI\1 Pará\Tabela 22 – Caracterização Hospitalar – Equip de Manutenção da Vida, Equip de Diagnóstico e Infra - 2025 para.xlsx",RIS,30067,
Araguaia,1 Pará,22,"Tabela 22 – Caracterização Hospitalar – Equip de Manutenção da Vida, Equip de Diagnóstico e Infra - 2025 para",20,"Tabela 22 – Caracterização Hospitalar – Equip de Manutenção da Vida, Equip de Diagnóstico e Infra - 2025 para","..\..\Desktop\tabelas-powerBI\1 Pará\Tabela 22 – Caracterização Hospitalar – Equip de Manutenção da Vida, Equip de Diagnóstico e Infra - 2025 para.xlsx",RIS,29020,1813.0
Baixo Amazonas,1 Pará,22,"Tabela 22 – Caracterização Hospitalar – Equip de Manutenção da Vida, Equip de Diagnóstico e Infra - 2025 para",20,"Tabela 22 – Caracterização Hospitalar – Equip de Manutenção da Vida, Equip de Diagnóstico e Infra - 2025 para","..\..\Desktop\tabelas-powerBI\1 Pará\Tabela 22 – Caracterização Hospitalar – Equip de Manutenção da Vida, Equip de Diagnóstico e Infra - 2025 para.xlsx",RIS,29020,2020.0
Carajás,1 Pará,22,"Tabela 22 – Caracterização Hospitalar – Equip de Manutenção da Vida, Equip de Diagnóstico e Infra - 2025 para",20,"Tabela 22 – Caracterização Hospitalar – Equip de Manutenção da Vida, Equip de Diagnóstico e Infra - 2025 para","..\..\Desktop\tabelas-powerBI\1 Pará\Tabela 22 – Caracterização Hospitalar – Equip de Manutenção da Vida, Equip de Diagnóstico e Infra - 2025 para.xlsx",RIS,29020,3632.0
Guajará,1 Pará,22,"Tabela 22 – Caracterização Hospitalar – Equip de Manutenção da Vida, Equip de Diagnóstico e Infra - 2025 para",20,"Tabela 22 – Caracterização Hospitalar – Equip de Manutenção da Vida, Equip de Diagnóstico e Infra - 2025 para","..\..\Desktop\tabelas-powerBI\1 Pará\Tabela 22 – Caracterização Hospitalar – Equip de Manutenção da Vida, Equip de Diagnóstico e Infra - 2025 para.xlsx",RIS,29020,13317.0
Guamá,1 Pará,22,"Tabela 22 – Caracterização Hospitalar – Equip de Manutenção da Vida, Equip de Diagnóstico e Infra - 2025 para",20,"Tabela 22 – Caracterização Hospitalar – Equip de Manutenção da Vida, Equip de Diagnóstico e Infra - 2025 para","..\..\Desktop\tabelas-powerBI\1 Pará\Tabela 22 – Caracterização Hospitalar – Equip de Manutenção da Vida, Equip de Diagnóstico e Infra - 2025 para.xlsx",RIS,29020,1091.0
Lago de Tucuruí,1 Pará,22,"Tabela 22 – Caracterização Hospitalar – Equip de Manutenção da Vida, Equip de Diagnóstico e Infra - 2025 para",20,"Tabela 22 – Caracterização Hospitalar – Equip de Manutenção da Vida, Equip de Diagnóstico e Infra - 2025 para","..\..\Desktop\tabelas-powerBI\1 Pará\Tabela 22 – Caracterização Hospitalar – Equip de Manutenção da Vida, Equip de Diagnóstico e Infra - 2025 para.xlsx",RIS,29020,892.0
Marajó,1 Pará,22,"Tabela 22 – Caracterização Hospitalar – Equip de Manutenção da Vida, Equip de Diagnóstico e Infra - 2025 para",20,"Tabela 22 – Caracterização Hospitalar – Equip de Manutenção da Vida, Equip de Diagnóstico e Infra - 2025 para","..\..\Desktop\tabelas-powerBI\1 Pará\Tabela 22 – Caracterização Hospitalar – Equip de Manutenção da Vida, Equip de Diagnóstico e Infra - 2025 para.xlsx",RIS,29020,382.0
Rio Caeté,1 Pará,22,"Tabela 22 – Caracterização Hospitalar – Equip de Manutenção da Vida, Equip de Diagnóstico e Infra - 2025 para",20,"Tabela 22 – Caracterização Hospitalar – Equip de Manutenção da Vida, Equip de Diagnóstico e Infra - 2025 para","..\..\Desktop\tabelas-powerBI\1 Pará\Tabela 22 – Caracterização Hospitalar – Equip de Manutenção da Vida, Equip de Diagnóstico e Infra - 2025 para.xlsx",RIS,29020,998.0
Rio Capim,1 Pará,22,"Tabela 22 – Caracterização Hospitalar – Equip de Manutenção da Vida, Equip de Diagnóstico e Infra - 2025 para",20,"Tabela 22 – Caracterização Hospitalar – Equip de Manutenção da Vida, Equip de Diagnóstico e Infra - 2025 para","..\..\Desktop\tabelas-powerBI\1 Pará\Tabela 22 – Caracterização Hospitalar – Equip de Manutenção da Vida, Equip de Diagnóstico e Infra - 2025 para.xlsx",RIS,29020,1308.0
Tapajós,1 Pará,22,"Tabela 22 – Caracterização Hospitalar – Equip de Manutenção da Vida, Equip de Diagnóstico e Infra - 2025 para",20,"Tabela 22 – Caracterização Hospitalar – Equip de Manutenção da Vida, Equip de Diagnóstico e Infra - 2025 para","..\..\Desktop\tabelas-powerBI\1 Pará\Tabela 22 – Caracterização Hospitalar – Equip de Manutenção da Vida, Equip de Diagnóstico e Infra - 2025 para.xlsx",RIS,29020,1227.0
Tocantins,1 Pará,22,"Tabela 22 – Caracterização Hospitalar – Equip de Manutenção da Vida, Equip de Diagnóstico e Infra - 2025 para",20,"Tabela 22 – Caracterização Hospitalar – Equip de Manutenção da Vida, Equip de Diagnóstico e Infra - 2025 para","..\..\Desktop\tabelas-powerBI\1 Pará\Tabela 22 – Caracterização Hospitalar – Equip de Manutenção da Vida, Equip de Diagnóstico e Infra - 2025 para.xlsx",RIS,29020,1379.0
Xingu,1 Pará,22,"Tabela 22 – Caracterização Hospitalar – Equip de Manutenção da Vida, Equip de Diagnóstico e Infra - 2025 para",20,"Tabela 22 – Caracterização Hospitalar – Equip de Manutenção da Vida, Equip de Diagnóstico e Infra - 2025 para","..\..\Desktop\tabelas-powerBI\1 Pará\Tabela 22 – Caracterização Hospitalar – Equip de Manutenção da Vida, Equip de Diagnóstico e Infra - 2025 para.xlsx",RIS,29020,961.0
Fonte: DATASUS,1 Pará,22,"Tabela 22 – Caracterização Hospitalar – Equip de Manutenção da Vida, Equip de Diagnóstico e Infra - 2025 para",20,"Tabela 22 – Caracterização Hospitalar – Equip de Manutenção da Vida, Equip de Diagnóstico e Infra - 2025 para","..\..\Desktop\tabelas-powerBI\1 Pará\Tabela 22 – Caracterização Hospitalar – Equip de Manutenção da Vida, Equip de Diagnóstico e Infra - 2025 para.xlsx",RIS,29020,
Elaboração: FAPESPA,1 Pará,22,"Tabela 22 – Caracterização Hospitalar – Equip de Manutenção da Vida, Equip de Diagnóstico e Infra - 2025 para",20,"Tabela 22 – Caracterização Hospitalar – Equip de Manutenção da Vida, Equip de Diagnóstico e Infra - 2025 para","..\..\Desktop\tabelas-powerBI\1 Pará\Tabela 22 – Caracterização Hospitalar – Equip de Manutenção da Vida, Equip de Diagnóstico e Infra - 2025 para.xlsx",RIS,29020,
*Nota: Dados referentes a Outubro/2025.,1 Pará,22,"Tabela 22 – Caracterização Hospitalar – Equip de Manutenção da Vida, Equip de Diagnóstico e Infra - 2025 para",20,"Tabela 22 – Caracterização Hospitalar – Equip de Manutenção da Vida, Equip de Diagnóstico e Infra - 2025 para","..\..\Desktop\tabelas-powerBI\1 Pará\Tabela 22 – Caracterização Hospitalar – Equip de Manutenção da Vida, Equip de Diagnóstico e Infra - 2025 para.xlsx",RIS,29020,
