Par,regiao,tabela_num,titulo,ano,arquivo,arquivo_path,aba,variavel,valor
RI Tapajós,11 Tapajós,22,"Tabela 22 – Caracterização Hospitalar – Equip de Manutenção da Vida, Equip de Diagnóstico e Infra - 2025 ri tapajos",20,"Tabela 22 – Caracterização Hospitalar – Equip de Manutenção da Vida, Equip de Diagnóstico e Infra - 2025 ri tapajos","..\..\Desktop\tabelas-powerBI\11 Tapajós\Tabela 22 – Caracterização Hospitalar – Equip de Manutenção da Vida, Equip de Diagnóstico e Infra - 2025 ri tapajos.xlsx",Tapajós,1560,43.0
Aveiro,11 Tapajós,22,"Tabela 22 – Caracterização Hospitalar – Equip de Manutenção da Vida, Equip de Diagnóstico e Infra - 2025 ri tapajos",20,"Tabela 22 – Caracterização Hospitalar – Equip de Manutenção da Vida, Equip de Diagnóstico e Infra - 2025 ri tapajos","..\..\Desktop\tabelas-powerBI\11 Tapajós\Tabela 22 – Caracterização Hospitalar – Equip de Manutenção da Vida, Equip de Diagnóstico e Infra - 2025 ri tapajos.xlsx",Tapajós,1560,4.0
Itaituba,11 Tapajós,22,"Tabela 22 – Caracterização Hospitalar – Equip de Manutenção da Vida, Equip de Diagnóstico e Infra - 2025 ri tapajos",20,"Tabela 22 – Caracterização Hospitalar – Equip de Manutenção da Vida, Equip de Diagnóstico e Infra - 2025 ri tapajos","..\..\Desktop\tabelas-powerBI\11 Tapajós\Tabela 22 – Caracterização Hospitalar – Equip de Manutenção da Vida, Equip de Diagnóstico e Infra - 2025 ri tapajos.xlsx",Tapajós,1560,22.0
Jacareacanga,11 Tapajós,22,"Tabela 22 – Caracterização Hospitalar – Equip de Manutenção da Vida, Equip de Diagnóstico e Infra - 2025 ri tapajos",20,"Tabela 22 – Caracterização Hospitalar – Equip de Manutenção da Vida, Equip de Diagnóstico e Infra - 2025 ri tapajos","..\..\Desktop\tabelas-powerBI\11 Tapajós\Tabela 22 – Caracterização Hospitalar – Equip de Manutenção da Vida, Equip de Diagnóstico e Infra - 2025 ri tapajos.xlsx",Tapajós,1560,4.0
Novo Progresso,11 Tapajós,22,"Tabela 22 – Caracterização Hospitalar – Equip de Manutenção da Vida, Equip de Diagnóstico e Infra - 2025 ri tapajos",20,"Tabela 22 – Caracterização Hospitalar – Equip de Manutenção da Vida, Equip de Diagnóstico e Infra - 2025 ri tapajos","..\..\Desktop\tabelas-powerBI\11 Tapajós\Tabela 22 – Caracterização Hospitalar – Equip de Manutenção da Vida, Equip de Diagnóstico e Infra - 2025 ri tapajos.xlsx",Tapajós,1560,4.0
Rurópolis,11 Tapajós,22,"Tabela 22 – Caracterização Hospitalar – Equip de Manutenção da Vida, Equip de Diagnóstico e Infra - 2025 ri tapajos",20,"Tabela 22 – Caracterização Hospitalar – Equip de Manutenção da Vida, Equip de Diagnóstico e Infra - 2025 ri tapajos","..\..\Desktop\tabelas-powerBI\11 Tapajós\Tabela 22 – Caracterização Hospitalar – Equip de Manutenção da Vida, Equip de Diagnóstico e Infra - 2025 ri tapajos.xlsx",Tapajós,1560,8.0
Trairão,11 Tapajós,22,"Tabela 22 – Caracterização Hospitalar – Equip de Manutenção da Vida, Equip de Diagnóstico e Infra - 2025 ri tapajos",20,"Tabela 22 – Caracterização Hospitalar – Equip de Manutenção da Vida, Equip de Diagnóstico e Infra - 2025 ri tapajos","..\..\Desktop\tabelas-powerBI\11 Tapajós\Tabela 22 – Caracterização Hospitalar – Equip de Manutenção da Vida, Equip de Diagnóstico e Infra - 2025 ri tapajos.xlsx",Tapajós,1560,1.0
Fonte: DATASUS,11 Tapajós,22,"Tabela 22 – Caracterização Hospitalar – Equip de Manutenção da Vida, Equip de Diagnóstico e Infra - 2025 ri tapajos",20,"Tabela 22 – Caracterização Hospitalar – Equip de Manutenção da Vida, Equip de Diagnóstico e Infra - 2025 ri tapajos","..\..\Desktop\tabelas-powerBI\11 Tapajós\Tabela 22 – Caracterização Hospitalar – Equip de Manutenção da Vida, Equip de Diagnóstico e Infra - 2025 ri tapajos.xlsx",Tapajós,1560,
Elaboração: FAPESPA,11 Tapajós,22,"Tabela 22 – Caracterização Hospitalar – Equip de Manutenção da Vida, Equip de Diagnóstico e Infra - 2025 ri tapajos",20,"Tabela 22 – Caracterização Hospitalar – Equip de Manutenção da Vida, Equip de Diagnóstico e Infra - 2025 ri tapajos","..\..\Desktop\tabelas-powerBI\11 Tapajós\Tabela 22 – Caracterização Hospitalar – Equip de Manutenção da Vida, Equip de Diagnóstico e Infra - 2025 ri tapajos.xlsx",Tapajós,1560,
*Nota: Dados referentes a Outubro/2025.,11 Tapajós,22,"Tabela 22 – Caracterização Hospitalar – Equip de Manutenção da Vida, Equip de Diagnóstico e Infra - 2025 ri tapajos",20,"Tabela 22 – Caracterização Hospitalar – Equip de Manutenção da Vida, Equip de Diagnóstico e Infra - 2025 ri tapajos","..\..\Desktop\tabelas-powerBI\11 Tapajós\Tabela 22 – Caracterização Hospitalar – Equip de Manutenção da Vida, Equip de Diagnóstico e Infra - 2025 ri tapajos.xlsx",Tapajós,1560,
RI Tapajós,11 Tapajós,22,"Tabela 22 – Caracterização Hospitalar – Equip de Manutenção da Vida, Equip de Diagnóstico e Infra - 2025 ri tapajos",20,"Tabela 22 – Caracterização Hospitalar – Equip de Manutenção da Vida, Equip de Diagnóstico e Infra - 2025 ri tapajos","..\..\Desktop\tabelas-powerBI\11 Tapajós\Tabela 22 – Caracterização Hospitalar – Equip de Manutenção da Vida, Equip de Diagnóstico e Infra - 2025 ri tapajos.xlsx",Tapajós,1444,32.0
Aveiro,11 Tapajós,22,"Tabela 22 – Caracterização Hospitalar – Equip de Manutenção da Vida, Equip de Diagnóstico e Infra - 2025 ri tapajos",20,"Tabela 22 – Caracterização Hospitalar – Equip de Manutenção da Vida, Equip de Diagnóstico e Infra - 2025 ri tapajos","..\..\Desktop\tabelas-powerBI\11 Tapajós\Tabela 22 – Caracterização Hospitalar – Equip de Manutenção da Vida, Equip de Diagnóstico e Infra - 2025 ri tapajos.xlsx",Tapajós,1444,4.0
Itaituba,11 Tapajós,22,"Tabela 22 – Caracterização Hospitalar – Equip de Manutenção da Vida, Equip de Diagnóstico e Infra - 2025 ri tapajos",20,"Tabela 22 – Caracterização Hospitalar – Equip de Manutenção da Vida, Equip de Diagnóstico e Infra - 2025 ri tapajos","..\..\Desktop\tabelas-powerBI\11 Tapajós\Tabela 22 – Caracterização Hospitalar – Equip de Manutenção da Vida, Equip de Diagnóstico e Infra - 2025 ri tapajos.xlsx",Tapajós,1444,13.0
Jacareacanga,11 Tapajós,22,"Tabela 22 – Caracterização Hospitalar – Equip de Manutenção da Vida, Equip de Diagnóstico e Infra - 2025 ri tapajos",20,"Tabela 22 – Caracterização Hospitalar – Equip de Manutenção da Vida, Equip de Diagnóstico e Infra - 2025 ri tapajos","..\..\Desktop\tabelas-powerBI\11 Tapajós\Tabela 22 – Caracterização Hospitalar – Equip de Manutenção da Vida, Equip de Diagnóstico e Infra - 2025 ri tapajos.xlsx",Tapajós,1444,4.0
Novo Progresso,11 Tapajós,22,"Tabela 22 – Caracterização Hospitalar – Equip de Manutenção da Vida, Equip de Diagnóstico e Infra - 2025 ri tapajos",20,"Tabela 22 – Caracterização Hospitalar – Equip de Manutenção da Vida, Equip de Diagnóstico e Infra - 2025 ri tapajos","..\..\Desktop\tabelas-powerBI\11 Tapajós\Tabela 22 – Caracterização Hospitalar – Equip de Manutenção da Vida, Equip de Diagnóstico e Infra - 2025 ri tapajos.xlsx",Tapajós,1444,3.0
Rurópolis,11 Tapajós,22,"Tabela 22 – Caracterização Hospitalar – Equip de Manutenção da Vida, Equip de Diagnóstico e Infra - 2025 ri tapajos",20,"Tabela 22 – Caracterização Hospitalar – Equip de Manutenção da Vida, Equip de Diagnóstico e Infra - 2025 ri tapajos","..\..\Desktop\tabelas-powerBI\11 Tapajós\Tabela 22 – Caracterização Hospitalar – Equip de Manutenção da Vida, Equip de Diagnóstico e Infra - 2025 ri tapajos.xlsx",Tapajós,1444,7.0
Trairão,11 Tapajós,22,"Tabela 22 – Caracterização Hospitalar – Equip de Manutenção da Vida, Equip de Diagnóstico e Infra - 2025 ri tapajos",20,"Tabela 22 – Caracterização Hospitalar – Equip de Manutenção da Vida, Equip de Diagnóstico e Infra - 2025 ri tapajos","..\..\Desktop\tabelas-powerBI\11 Tapajós\Tabela 22 – Caracterização Hospitalar – Equip de Manutenção da Vida, Equip de Diagnóstico e Infra - 2025 ri tapajos.xlsx",Tapajós,1444,1.0
Fonte: DATASUS,11 Tapajós,22,"Tabela 22 – Caracterização Hospitalar – Equip de Manutenção da Vida, Equip de Diagnóstico e Infra - 2025 ri tapajos",20,"Tabela 22 – Caracterização Hospitalar – Equip de Manutenção da Vida, Equip de Diagnóstico e Infra - 2025 ri tapajos","..\..\Desktop\tabelas-powerBI\11 Tapajós\Tabela 22 – Caracterização Hospitalar – Equip de Manutenção da Vida, Equip de Diagnóstico e Infra - 2025 ri tapajos.xlsx",Tapajós,1444,
Elaboração: FAPESPA,11 Tapajós,22,"Tabela 22 – Caracterização Hospitalar – Equip de Manutenção da Vida, Equip de Diagnóstico e Infra - 2025 ri tapajos",20,"Tabela 22 – Caracterização Hospitalar – Equip de Manutenção da Vida, Equip de Diagnóstico e Infra - 2025 ri tapajos","..\..\Desktop\tabelas-powerBI\11 Tapajós\Tabela 22 – Caracterização Hospitalar – Equip de Manutenção da Vida, Equip de Diagnóstico e Infra - 2025 ri tapajos.xlsx",Tapajós,1444,
*Nota: Dados referentes a Outubro/2025.,11 Tapajós,22,"Tabela 22 – Caracterização Hospitalar – Equip de Manutenção da Vida, Equip de Diagnóstico e Infra - 2025 ri tapajos",20,"Tabela 22 – Caracterização Hospitalar – Equip de Manutenção da Vida, Equip de Diagnóstico e Infra - 2025 ri tapajos","..\..\Desktop\tabelas-powerBI\11 Tapajós\Tabela 22 – Caracterização Hospitalar – Equip de Manutenção da Vida, Equip de Diagnóstico e Infra - 2025 ri tapajos.xlsx",Tapajós,1444,
RI Tapajós,11 Tapajós,22,"Tabela 22 – Caracterização Hospitalar – Equip de Manutenção da Vida, Equip de Diagnóstico e Infra - 2025 ri tapajos",20,"Tabela 22 – Caracterização Hospitalar – Equip de Manutenção da Vida, Equip de Diagnóstico e Infra - 2025 ri tapajos","..\..\Desktop\tabelas-powerBI\11 Tapajós\Tabela 22 – Caracterização Hospitalar – Equip de Manutenção da Vida, Equip de Diagnóstico e Infra - 2025 ri tapajos.xlsx",Tapajós,2966,168.0
Aveiro,11 Tapajós,22,"Tabela 22 – Caracterização Hospitalar – Equip de Manutenção da Vida, Equip de Diagnóstico e Infra - 2025 ri tapajos",20,"Tabela 22 – Caracterização Hospitalar – Equip de Manutenção da Vida, Equip de Diagnóstico e Infra - 2025 ri tapajos","..\..\Desktop\tabelas-powerBI\11 Tapajós\Tabela 22 – Caracterização Hospitalar – Equip de Manutenção da Vida, Equip de Diagnóstico e Infra - 2025 ri tapajos.xlsx",Tapajós,2966,0.0
Itaituba,11 Tapajós,22,"Tabela 22 – Caracterização Hospitalar – Equip de Manutenção da Vida, Equip de Diagnóstico e Infra - 2025 ri tapajos",20,"Tabela 22 – Caracterização Hospitalar – Equip de Manutenção da Vida, Equip de Diagnóstico e Infra - 2025 ri tapajos","..\..\Desktop\tabelas-powerBI\11 Tapajós\Tabela 22 – Caracterização Hospitalar – Equip de Manutenção da Vida, Equip de Diagnóstico e Infra - 2025 ri tapajos.xlsx",Tapajós,2966,161.0
Jacareacanga,11 Tapajós,22,"Tabela 22 – Caracterização Hospitalar – Equip de Manutenção da Vida, Equip de Diagnóstico e Infra - 2025 ri tapajos",20,"Tabela 22 – Caracterização Hospitalar – Equip de Manutenção da Vida, Equip de Diagnóstico e Infra - 2025 ri tapajos","..\..\Desktop\tabelas-powerBI\11 Tapajós\Tabela 22 – Caracterização Hospitalar – Equip de Manutenção da Vida, Equip de Diagnóstico e Infra - 2025 ri tapajos.xlsx",Tapajós,2966,0.0
Novo Progresso,11 Tapajós,22,"Tabela 22 – Caracterização Hospitalar – Equip de Manutenção da Vida, Equip de Diagnóstico e Infra - 2025 ri tapajos",20,"Tabela 22 – Caracterização Hospitalar – Equip de Manutenção da Vida, Equip de Diagnóstico e Infra - 2025 ri tapajos","..\..\Desktop\tabelas-powerBI\11 Tapajós\Tabela 22 – Caracterização Hospitalar – Equip de Manutenção da Vida, Equip de Diagnóstico e Infra - 2025 ri tapajos.xlsx",Tapajós,2966,4.0
Rurópolis,11 Tapajós,22,"Tabela 22 – Caracterização Hospitalar – Equip de Manutenção da Vida, Equip de Diagnóstico e Infra - 2025 ri tapajos",20,"Tabela 22 – Caracterização Hospitalar – Equip de Manutenção da Vida, Equip de Diagnóstico e Infra - 2025 ri tapajos","..\..\Desktop\tabelas-powerBI\11 Tapajós\Tabela 22 – Caracterização Hospitalar – Equip de Manutenção da Vida, Equip de Diagnóstico e Infra - 2025 ri tapajos.xlsx",Tapajós,2966,3.0
Trairão,11 Tapajós,22,"Tabela 22 – Caracterização Hospitalar – Equip de Manutenção da Vida, Equip de Diagnóstico e Infra - 2025 ri tapajos",20,"Tabela 22 – Caracterização Hospitalar – Equip de Manutenção da Vida, Equip de Diagnóstico e Infra - 2025 ri tapajos","..\..\Desktop\tabelas-powerBI\11 Tapajós\Tabela 22 – Caracterização Hospitalar – Equip de Manutenção da Vida, Equip de Diagnóstico e Infra - 2025 ri tapajos.xlsx",Tapajós,2966,0.0
Fonte: DATASUS,11 Tapajós,22,"Tabela 22 – Caracterização Hospitalar – Equip de Manutenção da Vida, Equip de Diagnóstico e Infra - 2025 ri tapajos",20,"Tabela 22 – Caracterização Hospitalar – Equip de Manutenção da Vida, Equip de Diagnóstico e Infra - 2025 ri tapajos","..\..\Desktop\tabelas-powerBI\11 Tapajós\Tabela 22 – Caracterização Hospitalar – Equip de Manutenção da Vida, Equip de Diagnóstico e Infra - 2025 ri tapajos.xlsx",Tapajós,2966,
Elaboração: FAPESPA,11 Tapajós,22,"Tabela 22 – Caracterização Hospitalar – Equip de Manutenção da Vida, Equip de Diagnóstico e Infra - 2025 ri tapajos",20,"Tabela 22 – Caracterização Hospitalar – Equip de Manutenção da Vida, Equip de Diagnóstico e Infra - 2025 ri tapajos","..\..\Desktop\tabelas-powerBI\11 Tapajós\Tabela 22 – Caracterização Hospitalar – Equip de Manutenção da Vida, Equip de Diagnóstico e Infra - 2025 ri tapajos.xlsx",Tapajós,2966,
*Nota: Dados referentes a Outubro/2025.,11 Tapajós,22,"Tabela 22 – Caracterização Hospitalar – Equip de Manutenção da Vida, Equip de Diagnóstico e Infra - 2025 ri tapajos",20,"Tabela 22 – Caracterização Hospitalar – Equip de Manutenção da Vida, Equip de Diagnóstico e Infra - 2025 ri tapajos","..\..\Desktop\tabelas-powerBI\11 Tapajós\Tabela 22 – Caracterização Hospitalar – Equip de Manutenção da Vida, Equip de Diagnóstico e Infra - 2025 ri tapajos.xlsx",Tapajós,2966,
RI Tapajós,11 Tapajós,22,"Tabela 22 – Caracterização Hospitalar – Equip de Manutenção da Vida, Equip de Diagnóstico e Infra - 2025 ri tapajos",20,"Tabela 22 – Caracterização Hospitalar – Equip de Manutenção da Vida, Equip de Diagnóstico e Infra - 2025 ri tapajos","..\..\Desktop\tabelas-powerBI\11 Tapajós\Tabela 22 – Caracterização Hospitalar – Equip de Manutenção da Vida, Equip de Diagnóstico e Infra - 2025 ri tapajos.xlsx",Tapajós,2860,166.0
Aveiro,11 Tapajós,22,"Tabela 22 – Caracterização Hospitalar – Equip de Manutenção da Vida, Equip de Diagnóstico e Infra - 2025 ri tapajos",20,"Tabela 22 – Caracterização Hospitalar – Equip de Manutenção da Vida, Equip de Diagnóstico e Infra - 2025 ri tapajos","..\..\Desktop\tabelas-powerBI\11 Tapajós\Tabela 22 – Caracterização Hospitalar – Equip de Manutenção da Vida, Equip de Diagnóstico e Infra - 2025 ri tapajos.xlsx",Tapajós,2860,0.0
Itaituba,11 Tapajós,22,"Tabela 22 – Caracterização Hospitalar – Equip de Manutenção da Vida, Equip de Diagnóstico e Infra - 2025 ri tapajos",20,"Tabela 22 – Caracterização Hospitalar – Equip de Manutenção da Vida, Equip de Diagnóstico e Infra - 2025 ri tapajos","..\..\Desktop\tabelas-powerBI\11 Tapajós\Tabela 22 – Caracterização Hospitalar – Equip de Manutenção da Vida, Equip de Diagnóstico e Infra - 2025 ri tapajos.xlsx",Tapajós,2860,159.0
Jacareacanga,11 Tapajós,22,"Tabela 22 – Caracterização Hospitalar – Equip de Manutenção da Vida, Equip de Diagnóstico e Infra - 2025 ri tapajos",20,"Tabela 22 – Caracterização Hospitalar – Equip de Manutenção da Vida, Equip de Diagnóstico e Infra - 2025 ri tapajos","..\..\Desktop\tabelas-powerBI\11 Tapajós\Tabela 22 – Caracterização Hospitalar – Equip de Manutenção da Vida, Equip de Diagnóstico e Infra - 2025 ri tapajos.xlsx",Tapajós,2860,0.0
Novo Progresso,11 Tapajós,22,"Tabela 22 – Caracterização Hospitalar – Equip de Manutenção da Vida, Equip de Diagnóstico e Infra - 2025 ri tapajos",20,"Tabela 22 – Caracterização Hospitalar – Equip de Manutenção da Vida, Equip de Diagnóstico e Infra - 2025 ri tapajos","..\..\Desktop\tabelas-powerBI\11 Tapajós\Tabela 22 – Caracterização Hospitalar – Equip de Manutenção da Vida, Equip de Diagnóstico e Infra - 2025 ri tapajos.xlsx",Tapajós,2860,4.0
Rurópolis,11 Tapajós,22,"Tabela 22 – Caracterização Hospitalar – Equip de Manutenção da Vida, Equip de Diagnóstico e Infra - 2025 ri tapajos",20,"Tabela 22 – Caracterização Hospitalar – Equip de Manutenção da Vida, Equip de Diagnóstico e Infra - 2025 ri tapajos","..\..\Desktop\tabelas-powerBI\11 Tapajós\Tabela 22 – Caracterização Hospitalar – Equip de Manutenção da Vida, Equip de Diagnóstico e Infra - 2025 ri tapajos.xlsx",Tapajós,2860,3.0
Trairão,11 Tapajós,22,"Tabela 22 – Caracterização Hospitalar – Equip de Manutenção da Vida, Equip de Diagnóstico e Infra - 2025 ri tapajos",20,"Tabela 22 – Caracterização Hospitalar – Equip de Manutenção da Vida, Equip de Diagnóstico e Infra - 2025 ri tapajos","..\..\Desktop\tabelas-powerBI\11 Tapajós\Tabela 22 – Caracterização Hospitalar – Equip de Manutenção da Vida, Equip de Diagnóstico e Infra - 2025 ri tapajos.xlsx",Tapajós,2860,0.0
Fonte: DATASUS,11 Tapajós,22,"Tabela 22 – Caracterização Hospitalar – Equip de Manutenção da Vida, Equip de Diagnóstico e Infra - 2025 ri tapajos",20,"Tabela 22 – Caracterização Hospitalar – Equip de Manutenção da Vida, Equip de Diagnóstico e Infra - 2025 ri tapajos","..\..\Desktop\tabelas-powerBI\11 Tapajós\Tabela 22 – Caracterização Hospitalar – Equip de Manutenção da Vida, Equip de Diagnóstico e Infra - 2025 ri tapajos.xlsx",Tapajós,2860,
Elaboração: FAPESPA,11 Tapajós,22,"Tabela 22 – Caracterização Hospitalar – Equip de Manutenção da Vida, Equip de Diagnóstico e Infra - 2025 ri tapajos",20,"Tabela 22 – Caracterização Hospitalar – Equip de Manutenção da Vida, Equip de Diagnóstico e Infra - 2025 ri tapajos","..\..\Desktop\tabelas-powerBI\11 Tapajós\Tabela 22 – Caracterização Hospitalar – Equip de Manutenção da Vida, Equip de Diagnóstico e Infra - 2025 ri tapajos.xlsx",Tapajós,2860,
*Nota: Dados referentes a Outubro/2025.,11 Tapajós,22,"Tabela 22 – Caracterização Hospitalar – Equip de Manutenção da Vida, Equip de Diagnóstico e Infra - 2025 ri tapajos",20,"Tabela 22 – Caracterização Hospitalar – Equip de Manutenção da Vida, Equip de Diagnóstico e Infra - 2025 ri tapajos","..\..\Desktop\tabelas-powerBI\11 Tapajós\Tabela 22 – Caracterização Hospitalar – Equip de Manutenção da Vida, Equip de Diagnóstico e Infra - 2025 ri tapajos.xlsx",Tapajós,2860,
RI Tapajós,11 Tapajós,22,"Tabela 22 – Caracterização Hospitalar – Equip de Manutenção da Vida, Equip de Diagnóstico e Infra - 2025 ri tapajos",20,"Tabela 22 – Caracterização Hospitalar – Equip de Manutenção da Vida, Equip de Diagnóstico e Infra - 2025 ri tapajos","..\..\Desktop\tabelas-powerBI\11 Tapajós\Tabela 22 – Caracterização Hospitalar – Equip de Manutenção da Vida, Equip de Diagnóstico e Infra - 2025 ri tapajos.xlsx",Tapajós,2827,143.0
Aveiro,11 Tapajós,22,"Tabela 22 – Caracterização Hospitalar – Equip de Manutenção da Vida, Equip de Diagnóstico e Infra - 2025 ri tapajos",20,"Tabela 22 – Caracterização Hospitalar – Equip de Manutenção da Vida, Equip de Diagnóstico e Infra - 2025 ri tapajos","..\..\Desktop\tabelas-powerBI\11 Tapajós\Tabela 22 – Caracterização Hospitalar – Equip de Manutenção da Vida, Equip de Diagnóstico e Infra - 2025 ri tapajos.xlsx",Tapajós,2827,2.0
Itaituba,11 Tapajós,22,"Tabela 22 – Caracterização Hospitalar – Equip de Manutenção da Vida, Equip de Diagnóstico e Infra - 2025 ri tapajos",20,"Tabela 22 – Caracterização Hospitalar – Equip de Manutenção da Vida, Equip de Diagnóstico e Infra - 2025 ri tapajos","..\..\Desktop\tabelas-powerBI\11 Tapajós\Tabela 22 – Caracterização Hospitalar – Equip de Manutenção da Vida, Equip de Diagnóstico e Infra - 2025 ri tapajos.xlsx",Tapajós,2827,127.0
Jacareacanga,11 Tapajós,22,"Tabela 22 – Caracterização Hospitalar – Equip de Manutenção da Vida, Equip de Diagnóstico e Infra - 2025 ri tapajos",20,"Tabela 22 – Caracterização Hospitalar – Equip de Manutenção da Vida, Equip de Diagnóstico e Infra - 2025 ri tapajos","..\..\Desktop\tabelas-powerBI\11 Tapajós\Tabela 22 – Caracterização Hospitalar – Equip de Manutenção da Vida, Equip de Diagnóstico e Infra - 2025 ri tapajos.xlsx",Tapajós,2827,5.0
Novo Progresso,11 Tapajós,22,"Tabela 22 – Caracterização Hospitalar – Equip de Manutenção da Vida, Equip de Diagnóstico e Infra - 2025 ri tapajos",20,"Tabela 22 – Caracterização Hospitalar – Equip de Manutenção da Vida, Equip de Diagnóstico e Infra - 2025 ri tapajos","..\..\Desktop\tabelas-powerBI\11 Tapajós\Tabela 22 – Caracterização Hospitalar – Equip de Manutenção da Vida, Equip de Diagnóstico e Infra - 2025 ri tapajos.xlsx",Tapajós,2827,4.0
Rurópolis,11 Tapajós,22,"Tabela 22 – Caracterização Hospitalar – Equip de Manutenção da Vida, Equip de Diagnóstico e Infra - 2025 ri tapajos",20,"Tabela 22 – Caracterização Hospitalar – Equip de Manutenção da Vida, Equip de Diagnóstico e Infra - 2025 ri tapajos","..\..\Desktop\tabelas-powerBI\11 Tapajós\Tabela 22 – Caracterização Hospitalar – Equip de Manutenção da Vida, Equip de Diagnóstico e Infra - 2025 ri tapajos.xlsx",Tapajós,2827,5.0
Trairão,11 Tapajós,22,"Tabela 22 – Caracterização Hospitalar – Equip de Manutenção da Vida, Equip de Diagnóstico e Infra - 2025 ri tapajos",20,"Tabela 22 – Caracterização Hospitalar – Equip de Manutenção da Vida, Equip de Diagnóstico e Infra - 2025 ri tapajos","..\..\Desktop\tabelas-powerBI\11 Tapajós\Tabela 22 – Caracterização Hospitalar – Equip de Manutenção da Vida, Equip de Diagnóstico e Infra - 2025 ri tapajos.xlsx",Tapajós,2827,0.0
Fonte: DATASUS,11 Tapajós,22,"Tabela 22 – Caracterização Hospitalar – Equip de Manutenção da Vida, Equip de Diagnóstico e Infra - 2025 ri tapajos",20,"Tabela 22 – Caracterização Hospitalar – Equip de Manutenção da Vida, Equip de Diagnóstico e Infra - 2025 ri tapajos","..\..\Desktop\tabelas-powerBI\11 Tapajós\Tabela 22 – Caracterização Hospitalar – Equip de Manutenção da Vida, Equip de Diagnóstico e Infra - 2025 ri tapajos.xlsx",Tapajós,2827,
Elaboração: FAPESPA,11 Tapajós,22,"Tabela 22 – Caracterização Hospitalar – Equip de Manutenção da Vida, Equip de Diagnóstico e Infra - 2025 ri tapajos",20,"Tabela 22 – Caracterização Hospitalar – Equip de Manutenção da Vida, Equip de Diagnóstico e Infra - 2025 ri tapajos","..\..\Desktop\tabelas-powerBI\11 Tapajós\Tabela 22 – Caracterização Hospitalar – Equip de Manutenção da Vida, Equip de Diagnóstico e Infra - 2025 ri tapajos.xlsx",Tapajós,2827,
*Nota: Dados referentes a Outubro/2025.,11 Tapajós,22,"Tabela 22 – Caracterização Hospitalar – Equip de Manutenção da Vida, Equip de Diagnóstico e Infra - 2025 ri tapajos",20,"Tabela 22 – Caracterização Hospitalar – Equip de Manutenção da Vida, Equip de Diagnóstico e Infra - 2025 ri tapajos","..\..\Desktop\tabelas-powerBI\11 Tapajós\Tabela 22 – Caracterização Hospitalar – Equip de Manutenção da Vida, Equip de Diagnóstico e Infra - 2025 ri tapajos.xlsx",Tapajós,2827,
RI Tapajós,11 Tapajós,22,"Tabela 22 – Caracterização Hospitalar – Equip de Manutenção da Vida, Equip de Diagnóstico e Infra - 2025 ri tapajos",20,"Tabela 22 – Caracterização Hospitalar – Equip de Manutenção da Vida, Equip de Diagnóstico e Infra - 2025 ri tapajos","..\..\Desktop\tabelas-powerBI\11 Tapajós\Tabela 22 – Caracterização Hospitalar – Equip de Manutenção da Vida, Equip de Diagnóstico e Infra - 2025 ri tapajos.xlsx",Tapajós,2630,134.0
Aveiro,11 Tapajós,22,"Tabela 22 – Caracterização Hospitalar – Equip de Manutenção da Vida, Equip de Diagnóstico e Infra - 2025 ri tapajos",20,"Tabela 22 – Caracterização Hospitalar – Equip de Manutenção da Vida, Equip de Diagnóstico e Infra - 2025 ri tapajos","..\..\Desktop\tabelas-powerBI\11 Tapajós\Tabela 22 – Caracterização Hospitalar – Equip de Manutenção da Vida, Equip de Diagnóstico e Infra - 2025 ri tapajos.xlsx",Tapajós,2630,2.0
Itaituba,11 Tapajós,22,"Tabela 22 – Caracterização Hospitalar – Equip de Manutenção da Vida, Equip de Diagnóstico e Infra - 2025 ri tapajos",20,"Tabela 22 – Caracterização Hospitalar – Equip de Manutenção da Vida, Equip de Diagnóstico e Infra - 2025 ri tapajos","..\..\Desktop\tabelas-powerBI\11 Tapajós\Tabela 22 – Caracterização Hospitalar – Equip de Manutenção da Vida, Equip de Diagnóstico e Infra - 2025 ri tapajos.xlsx",Tapajós,2630,118.0
Jacareacanga,11 Tapajós,22,"Tabela 22 – Caracterização Hospitalar – Equip de Manutenção da Vida, Equip de Diagnóstico e Infra - 2025 ri tapajos",20,"Tabela 22 – Caracterização Hospitalar – Equip de Manutenção da Vida, Equip de Diagnóstico e Infra - 2025 ri tapajos","..\..\Desktop\tabelas-powerBI\11 Tapajós\Tabela 22 – Caracterização Hospitalar – Equip de Manutenção da Vida, Equip de Diagnóstico e Infra - 2025 ri tapajos.xlsx",Tapajós,2630,5.0
Novo Progresso,11 Tapajós,22,"Tabela 22 – Caracterização Hospitalar – Equip de Manutenção da Vida, Equip de Diagnóstico e Infra - 2025 ri tapajos",20,"Tabela 22 – Caracterização Hospitalar – Equip de Manutenção da Vida, Equip de Diagnóstico e Infra - 2025 ri tapajos","..\..\Desktop\tabelas-powerBI\11 Tapajós\Tabela 22 – Caracterização Hospitalar – Equip de Manutenção da Vida, Equip de Diagnóstico e Infra - 2025 ri tapajos.xlsx",Tapajós,2630,4.0
Rurópolis,11 Tapajós,22,"Tabela 22 – Caracterização Hospitalar – Equip de Manutenção da Vida, Equip de Diagnóstico e Infra - 2025 ri tapajos",20,"Tabela 22 – Caracterização Hospitalar – Equip de Manutenção da Vida, Equip de Diagnóstico e Infra - 2025 ri tapajos","..\..\Desktop\tabelas-powerBI\11 Tapajós\Tabela 22 – Caracterização Hospitalar – Equip de Manutenção da Vida, Equip de Diagnóstico e Infra - 2025 ri tapajos.xlsx",Tapajós,2630,5.0
Trairão,11 Tapajós,22,"Tabela 22 – Caracterização Hospitalar – Equip de Manutenção da Vida, Equip de Diagnóstico e Infra - 2025 ri tapajos",20,"Tabela 22 – Caracterização Hospitalar – Equip de Manutenção da Vida, Equip de Diagnóstico e Infra - 2025 ri tapajos","..\..\Desktop\tabelas-powerBI\11 Tapajós\Tabela 22 – Caracterização Hospitalar – Equip de Manutenção da Vida, Equip de Diagnóstico e Infra - 2025 ri tapajos.xlsx",Tapajós,2630,0.0
Fonte: DATASUS,11 Tapajós,22,"Tabela 22 – Caracterização Hospitalar – Equip de Manutenção da Vida, Equip de Diagnóstico e Infra - 2025 ri tapajos",20,"Tabela 22 – Caracterização Hospitalar – Equip de Manutenção da Vida, Equip de Diagnóstico e Infra - 2025 ri tapajos","..\..\Desktop\tabelas-powerBI\11 Tapajós\Tabela 22 – Caracterização Hospitalar – Equip de Manutenção da Vida, Equip de Diagnóstico e Infra - 2025 ri tapajos.xlsx",Tapajós,2630,
Elaboração: FAPESPA,11 Tapajós,22,"Tabela 22 – Caracterização Hospitalar – Equip de Manutenção da Vida, Equip de Diagnóstico e Infra - 2025 ri tapajos",20,"Tabela 22 – Caracterização Hospitalar – Equip de Manutenção da Vida, Equip de Diagnóstico e Infra - 2025 ri tapajos","..\..\Desktop\tabelas-powerBI\11 Tapajós\Tabela 22 – Caracterização Hospitalar – Equip de Manutenção da Vida, Equip de Diagnóstico e Infra - 2025 ri tapajos.xlsx",Tapajós,2630,
*Nota: Dados referentes a Outubro/2025.,11 Tapajós,22,"Tabela 22 – Caracterização Hospitalar – Equip de Manutenção da Vida, Equip de Diagnóstico e Infra - 2025 ri tapajos",20,"Tabela 22 – Caracterização Hospitalar – Equip de Manutenção da Vida, Equip de Diagnóstico e Infra - 2025 ri tapajos","..\..\Desktop\tabelas-powerBI\11 Tapajós\Tabela 22 – Caracterização Hospitalar – Equip de Manutenção da Vida, Equip de Diagnóstico e Infra - 2025 ri tapajos.xlsx",Tapajós,2630,
RI Tapajós,11 Tapajós,22,"Tabela 22 – Caracterização Hospitalar – Equip de Manutenção da Vida, Equip de Diagnóstico e Infra - 2025 ri tapajos",20,"Tabela 22 – Caracterização Hospitalar – Equip de Manutenção da Vida, Equip de Diagnóstico e Infra - 2025 ri tapajos","..\..\Desktop\tabelas-powerBI\11 Tapajós\Tabela 22 – Caracterização Hospitalar – Equip de Manutenção da Vida, Equip de Diagnóstico e Infra - 2025 ri tapajos.xlsx",Tapajós,138,5.0
Aveiro,11 Tapajós,22,"Tabela 22 – Caracterização Hospitalar – Equip de Manutenção da Vida, Equip de Diagnóstico e Infra - 2025 ri tapajos",20,"Tabela 22 – Caracterização Hospitalar – Equip de Manutenção da Vida, Equip de Diagnóstico e Infra - 2025 ri tapajos","..\..\Desktop\tabelas-powerBI\11 Tapajós\Tabela 22 – Caracterização Hospitalar – Equip de Manutenção da Vida, Equip de Diagnóstico e Infra - 2025 ri tapajos.xlsx",Tapajós,138,0.0
Itaituba,11 Tapajós,22,"Tabela 22 – Caracterização Hospitalar – Equip de Manutenção da Vida, Equip de Diagnóstico e Infra - 2025 ri tapajos",20,"Tabela 22 – Caracterização Hospitalar – Equip de Manutenção da Vida, Equip de Diagnóstico e Infra - 2025 ri tapajos","..\..\Desktop\tabelas-powerBI\11 Tapajós\Tabela 22 – Caracterização Hospitalar – Equip de Manutenção da Vida, Equip de Diagnóstico e Infra - 2025 ri tapajos.xlsx",Tapajós,138,3.0
Jacareacanga,11 Tapajós,22,"Tabela 22 – Caracterização Hospitalar – Equip de Manutenção da Vida, Equip de Diagnóstico e Infra - 2025 ri tapajos",20,"Tabela 22 – Caracterização Hospitalar – Equip de Manutenção da Vida, Equip de Diagnóstico e Infra - 2025 ri tapajos","..\..\Desktop\tabelas-powerBI\11 Tapajós\Tabela 22 – Caracterização Hospitalar – Equip de Manutenção da Vida, Equip de Diagnóstico e Infra - 2025 ri tapajos.xlsx",Tapajós,138,0.0
Novo Progresso,11 Tapajós,22,"Tabela 22 – Caracterização Hospitalar – Equip de Manutenção da Vida, Equip de Diagnóstico e Infra - 2025 ri tapajos",20,"Tabela 22 – Caracterização Hospitalar – Equip de Manutenção da Vida, Equip de Diagnóstico e Infra - 2025 ri tapajos","..\..\Desktop\tabelas-powerBI\11 Tapajós\Tabela 22 – Caracterização Hospitalar – Equip de Manutenção da Vida, Equip de Diagnóstico e Infra - 2025 ri tapajos.xlsx",Tapajós,138,2.0
Rurópolis,11 Tapajós,22,"Tabela 22 – Caracterização Hospitalar – Equip de Manutenção da Vida, Equip de Diagnóstico e Infra - 2025 ri tapajos",20,"Tabela 22 – Caracterização Hospitalar – Equip de Manutenção da Vida, Equip de Diagnóstico e Infra - 2025 ri tapajos","..\..\Desktop\tabelas-powerBI\11 Tapajós\Tabela 22 – Caracterização Hospitalar – Equip de Manutenção da Vida, Equip de Diagnóstico e Infra - 2025 ri tapajos.xlsx",Tapajós,138,0.0
Trairão,11 Tapajós,22,"Tabela 22 – Caracterização Hospitalar – Equip de Manutenção da Vida, Equip de Diagnóstico e Infra - 2025 ri tapajos",20,"Tabela 22 – Caracterização Hospitalar – Equip de Manutenção da Vida, Equip de Diagnóstico e Infra - 2025 ri tapajos","..\..\Desktop\tabelas-powerBI\11 Tapajós\Tabela 22 – Caracterização Hospitalar – Equip de Manutenção da Vida, Equip de Diagnóstico e Infra - 2025 ri tapajos.xlsx",Tapajós,138,0.0
Fonte: DATASUS,11 Tapajós,22,"Tabela 22 – Caracterização Hospitalar – Equip de Manutenção da Vida, Equip de Diagnóstico e Infra - 2025 ri tapajos",20,"Tabela 22 – Caracterização Hospitalar – Equip de Manutenção da Vida, Equip de Diagnóstico e Infra - 2025 ri tapajos","..\..\Desktop\tabelas-powerBI\11 Tapajós\Tabela 22 – Caracterização Hospitalar – Equip de Manutenção da Vida, Equip de Diagnóstico e Infra - 2025 ri tapajos.xlsx",Tapajós,138,
Elaboração: FAPESPA,11 Tapajós,22,"Tabela 22 – Caracterização Hospitalar – Equip de Manutenção da Vida, Equip de Diagnóstico e Infra - 2025 ri tapajos",20,"Tabela 22 – Caracterização Hospitalar – Equip de Manutenção da Vida, Equip de Diagnóstico e Infra - 2025 ri tapajos","..\..\Desktop\tabelas-powerBI\11 Tapajós\Tabela 22 – Caracterização Hospitalar – Equip de Manutenção da Vida, Equip de Diagnóstico e Infra - 2025 ri tapajos.xlsx",Tapajós,138,
*Nota: Dados referentes a Outubro/2025.,11 Tapajós,22,"Tabela 22 – Caracterização Hospitalar – Equip de Manutenção da Vida, Equip de Diagnóstico e Infra - 2025 ri tapajos",20,"Tabela 22 – Caracterização Hospitalar – Equip de Manutenção da Vida, Equip de Diagnóstico e Infra - 2025 ri tapajos","..\..\Desktop\tabelas-powerBI\11 Tapajós\Tabela 22 – Caracterização Hospitalar – Equip de Manutenção da Vida, Equip de Diagnóstico e Infra - 2025 ri tapajos.xlsx",Tapajós,138,
RI Tapajós,11 Tapajós,22,"Tabela 22 – Caracterização Hospitalar – Equip de Manutenção da Vida, Equip de Diagnóstico e Infra - 2025 ri tapajos",20,"Tabela 22 – Caracterização Hospitalar – Equip de Manutenção da Vida, Equip de Diagnóstico e Infra - 2025 ri tapajos","..\..\Desktop\tabelas-powerBI\11 Tapajós\Tabela 22 – Caracterização Hospitalar – Equip de Manutenção da Vida, Equip de Diagnóstico e Infra - 2025 ri tapajos.xlsx",Tapajós,132,5.0
Aveiro,11 Tapajós,22,"Tabela 22 – Caracterização Hospitalar – Equip de Manutenção da Vida, Equip de Diagnóstico e Infra - 2025 ri tapajos",20,"Tabela 22 – Caracterização Hospitalar – Equip de Manutenção da Vida, Equip de Diagnóstico e Infra - 2025 ri tapajos","..\..\Desktop\tabelas-powerBI\11 Tapajós\Tabela 22 – Caracterização Hospitalar – Equip de Manutenção da Vida, Equip de Diagnóstico e Infra - 2025 ri tapajos.xlsx",Tapajós,132,0.0
Itaituba,11 Tapajós,22,"Tabela 22 – Caracterização Hospitalar – Equip de Manutenção da Vida, Equip de Diagnóstico e Infra - 2025 ri tapajos",20,"Tabela 22 – Caracterização Hospitalar – Equip de Manutenção da Vida, Equip de Diagnóstico e Infra - 2025 ri tapajos","..\..\Desktop\tabelas-powerBI\11 Tapajós\Tabela 22 – Caracterização Hospitalar – Equip de Manutenção da Vida, Equip de Diagnóstico e Infra - 2025 ri tapajos.xlsx",Tapajós,132,3.0
Jacareacanga,11 Tapajós,22,"Tabela 22 – Caracterização Hospitalar – Equip de Manutenção da Vida, Equip de Diagnóstico e Infra - 2025 ri tapajos",20,"Tabela 22 – Caracterização Hospitalar – Equip de Manutenção da Vida, Equip de Diagnóstico e Infra - 2025 ri tapajos","..\..\Desktop\tabelas-powerBI\11 Tapajós\Tabela 22 – Caracterização Hospitalar – Equip de Manutenção da Vida, Equip de Diagnóstico e Infra - 2025 ri tapajos.xlsx",Tapajós,132,0.0
Novo Progresso,11 Tapajós,22,"Tabela 22 – Caracterização Hospitalar – Equip de Manutenção da Vida, Equip de Diagnóstico e Infra - 2025 ri tapajos",20,"Tabela 22 – Caracterização Hospitalar – Equip de Manutenção da Vida, Equip de Diagnóstico e Infra - 2025 ri tapajos","..\..\Desktop\tabelas-powerBI\11 Tapajós\Tabela 22 – Caracterização Hospitalar – Equip de Manutenção da Vida, Equip de Diagnóstico e Infra - 2025 ri tapajos.xlsx",Tapajós,132,2.0
Rurópolis,11 Tapajós,22,"Tabela 22 – Caracterização Hospitalar – Equip de Manutenção da Vida, Equip de Diagnóstico e Infra - 2025 ri tapajos",20,"Tabela 22 – Caracterização Hospitalar – Equip de Manutenção da Vida, Equip de Diagnóstico e Infra - 2025 ri tapajos","..\..\Desktop\tabelas-powerBI\11 Tapajós\Tabela 22 – Caracterização Hospitalar – Equip de Manutenção da Vida, Equip de Diagnóstico e Infra - 2025 ri tapajos.xlsx",Tapajós,132,0.0
Trairão,11 Tapajós,22,"Tabela 22 – Caracterização Hospitalar – Equip de Manutenção da Vida, Equip de Diagnóstico e Infra - 2025 ri tapajos",20,"Tabela 22 – Caracterização Hospitalar – Equip de Manutenção da Vida, Equip de Diagnóstico e Infra - 2025 ri tapajos","..\..\Desktop\tabelas-powerBI\11 Tapajós\Tabela 22 – Caracterização Hospitalar – Equip de Manutenção da Vida, Equip de Diagnóstico e Infra - 2025 ri tapajos.xlsx",Tapajós,132,0.0
Fonte: DATASUS,11 Tapajós,22,"Tabela 22 – Caracterização Hospitalar – Equip de Manutenção da Vida, Equip de Diagnóstico e Infra - 2025 ri tapajos",20,"Tabela 22 – Caracterização Hospitalar – Equip de Manutenção da Vida, Equip de Diagnóstico e Infra - 2025 ri tapajos","..\..\Desktop\tabelas-powerBI\11 Tapajós\Tabela 22 – Caracterização Hospitalar – Equip de Manutenção da Vida, Equip de Diagnóstico e Infra - 2025 ri tapajos.xlsx",Tapajós,132,
Elaboração: FAPESPA,11 Tapajós,22,"Tabela 22 – Caracterização Hospitalar – Equip de Manutenção da Vida, Equip de Diagnóstico e Infra - 2025 ri tapajos",20,"Tabela 22 – Caracterização Hospitalar – Equip de Manutenção da Vida, Equip de Diagnóstico e Infra - 2025 ri tapajos","..\..\Desktop\tabelas-powerBI\11 Tapajós\Tabela 22 – Caracterização Hospitalar – Equip de Manutenção da Vida, Equip de Diagnóstico e Infra - 2025 ri tapajos.xlsx",Tapajós,132,
*Nota: Dados referentes a Outubro/2025.,11 Tapajós,22,"Tabela 22 – Caracterização Hospitalar – Equip de Manutenção da Vida, Equip de Diagnóstico e Infra - 2025 ri tapajos",20,"Tabela 22 – Caracterização Hospitalar – Equip de Manutenção da Vida, Equip de Diagnóstico e Infra - 2025 ri tapajos","..\..\Desktop\tabelas-powerBI\11 Tapajós\Tabela 22 – Caracterização Hospitalar – Equip de Manutenção da Vida, Equip de Diagnóstico e Infra - 2025 ri tapajos.xlsx",Tapajós,132,
RI Tapajós,11 Tapajós,22,"Tabela 22 – Caracterização Hospitalar – Equip de Manutenção da Vida, Equip de Diagnóstico e Infra - 2025 ri tapajos",20,"Tabela 22 – Caracterização Hospitalar – Equip de Manutenção da Vida, Equip de Diagnóstico e Infra - 2025 ri tapajos","..\..\Desktop\tabelas-powerBI\11 Tapajós\Tabela 22 – Caracterização Hospitalar – Equip de Manutenção da Vida, Equip de Diagnóstico e Infra - 2025 ri tapajos.xlsx",Tapajós,424,18.0
Aveiro,11 Tapajós,22,"Tabela 22 – Caracterização Hospitalar – Equip de Manutenção da Vida, Equip de Diagnóstico e Infra - 2025 ri tapajos",20,"Tabela 22 – Caracterização Hospitalar – Equip de Manutenção da Vida, Equip de Diagnóstico e Infra - 2025 ri tapajos","..\..\Desktop\tabelas-powerBI\11 Tapajós\Tabela 22 – Caracterização Hospitalar – Equip de Manutenção da Vida, Equip de Diagnóstico e Infra - 2025 ri tapajos.xlsx",Tapajós,424,1.0
Itaituba,11 Tapajós,22,"Tabela 22 – Caracterização Hospitalar – Equip de Manutenção da Vida, Equip de Diagnóstico e Infra - 2025 ri tapajos",20,"Tabela 22 – Caracterização Hospitalar – Equip de Manutenção da Vida, Equip de Diagnóstico e Infra - 2025 ri tapajos","..\..\Desktop\tabelas-powerBI\11 Tapajós\Tabela 22 – Caracterização Hospitalar – Equip de Manutenção da Vida, Equip de Diagnóstico e Infra - 2025 ri tapajos.xlsx",Tapajós,424,8.0
Jacareacanga,11 Tapajós,22,"Tabela 22 – Caracterização Hospitalar – Equip de Manutenção da Vida, Equip de Diagnóstico e Infra - 2025 ri tapajos",20,"Tabela 22 – Caracterização Hospitalar – Equip de Manutenção da Vida, Equip de Diagnóstico e Infra - 2025 ri tapajos","..\..\Desktop\tabelas-powerBI\11 Tapajós\Tabela 22 – Caracterização Hospitalar – Equip de Manutenção da Vida, Equip de Diagnóstico e Infra - 2025 ri tapajos.xlsx",Tapajós,424,1.0
Novo Progresso,11 Tapajós,22,"Tabela 22 – Caracterização Hospitalar – Equip de Manutenção da Vida, Equip de Diagnóstico e Infra - 2025 ri tapajos",20,"Tabela 22 – Caracterização Hospitalar – Equip de Manutenção da Vida, Equip de Diagnóstico e Infra - 2025 ri tapajos","..\..\Desktop\tabelas-powerBI\11 Tapajós\Tabela 22 – Caracterização Hospitalar – Equip de Manutenção da Vida, Equip de Diagnóstico e Infra - 2025 ri tapajos.xlsx",Tapajós,424,5.0
Rurópolis,11 Tapajós,22,"Tabela 22 – Caracterização Hospitalar – Equip de Manutenção da Vida, Equip de Diagnóstico e Infra - 2025 ri tapajos",20,"Tabela 22 – Caracterização Hospitalar – Equip de Manutenção da Vida, Equip de Diagnóstico e Infra - 2025 ri tapajos","..\..\Desktop\tabelas-powerBI\11 Tapajós\Tabela 22 – Caracterização Hospitalar – Equip de Manutenção da Vida, Equip de Diagnóstico e Infra - 2025 ri tapajos.xlsx",Tapajós,424,2.0
Trairão,11 Tapajós,22,"Tabela 22 – Caracterização Hospitalar – Equip de Manutenção da Vida, Equip de Diagnóstico e Infra - 2025 ri tapajos",20,"Tabela 22 – Caracterização Hospitalar – Equip de Manutenção da Vida, Equip de Diagnóstico e Infra - 2025 ri tapajos","..\..\Desktop\tabelas-powerBI\11 Tapajós\Tabela 22 – Caracterização Hospitalar – Equip de Manutenção da Vida, Equip de Diagnóstico e Infra - 2025 ri tapajos.xlsx",Tapajós,424,1.0
Fonte: DATASUS,11 Tapajós,22,"Tabela 22 – Caracterização Hospitalar – Equip de Manutenção da Vida, Equip de Diagnóstico e Infra - 2025 ri tapajos",20,"Tabela 22 – Caracterização Hospitalar – Equip de Manutenção da Vida, Equip de Diagnóstico e Infra - 2025 ri tapajos","..\..\Desktop\tabelas-powerBI\11 Tapajós\Tabela 22 – Caracterização Hospitalar – Equip de Manutenção da Vida, Equip de Diagnóstico e Infra - 2025 ri tapajos.xlsx",Tapajós,424,
Elaboração: FAPESPA,11 Tapajós,22,"Tabela 22 – Caracterização Hospitalar – Equip de Manutenção da Vida, Equip de Diagnóstico e Infra - 2025 ri tapajos",20,"Tabela 22 – Caracterização Hospitalar – Equip de Manutenção da Vida, Equip de Diagnóstico e Infra - 2025 ri tapajos","..\..\Desktop\tabelas-powerBI\11 Tapajós\Tabela 22 – Caracterização Hospitalar – Equip de Manutenção da Vida, Equip de Diagnóstico e Infra - 2025 ri tapajos.xlsx",Tapajós,424,
*Nota: Dados referentes a Outubro/2025.,11 Tapajós,22,"Tabela 22 – Caracterização Hospitalar – Equip de Manutenção da Vida, Equip de Diagnóstico e Infra - 2025 ri tapajos",20,"Tabela 22 – Caracterização Hospitalar – Equip de Manutenção da Vida, Equip de Diagnóstico e Infra - 2025 ri tapajos","..\..\Desktop\tabelas-powerBI\11 Tapajós\Tabela 22 – Caracterização Hospitalar – Equip de Manutenção da Vida, Equip de Diagnóstico e Infra - 2025 ri tapajos.xlsx",Tapajós,424,
RI Tapajós,11 Tapajós,22,"Tabela 22 – Caracterização Hospitalar – Equip de Manutenção da Vida, Equip de Diagnóstico e Infra - 2025 ri tapajos",20,"Tabela 22 – Caracterização Hospitalar – Equip de Manutenção da Vida, Equip de Diagnóstico e Infra - 2025 ri tapajos","..\..\Desktop\tabelas-powerBI\11 Tapajós\Tabela 22 – Caracterização Hospitalar – Equip de Manutenção da Vida, Equip de Diagnóstico e Infra - 2025 ri tapajos.xlsx",Tapajós,410,18.0
Aveiro,11 Tapajós,22,"Tabela 22 – Caracterização Hospitalar – Equip de Manutenção da Vida, Equip de Diagnóstico e Infra - 2025 ri tapajos",20,"Tabela 22 – Caracterização Hospitalar – Equip de Manutenção da Vida, Equip de Diagnóstico e Infra - 2025 ri tapajos","..\..\Desktop\tabelas-powerBI\11 Tapajós\Tabela 22 – Caracterização Hospitalar – Equip de Manutenção da Vida, Equip de Diagnóstico e Infra - 2025 ri tapajos.xlsx",Tapajós,410,1.0
Itaituba,11 Tapajós,22,"Tabela 22 – Caracterização Hospitalar – Equip de Manutenção da Vida, Equip de Diagnóstico e Infra - 2025 ri tapajos",20,"Tabela 22 – Caracterização Hospitalar – Equip de Manutenção da Vida, Equip de Diagnóstico e Infra - 2025 ri tapajos","..\..\Desktop\tabelas-powerBI\11 Tapajós\Tabela 22 – Caracterização Hospitalar – Equip de Manutenção da Vida, Equip de Diagnóstico e Infra - 2025 ri tapajos.xlsx",Tapajós,410,8.0
Jacareacanga,11 Tapajós,22,"Tabela 22 – Caracterização Hospitalar – Equip de Manutenção da Vida, Equip de Diagnóstico e Infra - 2025 ri tapajos",20,"Tabela 22 – Caracterização Hospitalar – Equip de Manutenção da Vida, Equip de Diagnóstico e Infra - 2025 ri tapajos","..\..\Desktop\tabelas-powerBI\11 Tapajós\Tabela 22 – Caracterização Hospitalar – Equip de Manutenção da Vida, Equip de Diagnóstico e Infra - 2025 ri tapajos.xlsx",Tapajós,410,1.0
Novo Progresso,11 Tapajós,22,"Tabela 22 – Caracterização Hospitalar – Equip de Manutenção da Vida, Equip de Diagnóstico e Infra - 2025 ri tapajos",20,"Tabela 22 – Caracterização Hospitalar – Equip de Manutenção da Vida, Equip de Diagnóstico e Infra - 2025 ri tapajos","..\..\Desktop\tabelas-powerBI\11 Tapajós\Tabela 22 – Caracterização Hospitalar – Equip de Manutenção da Vida, Equip de Diagnóstico e Infra - 2025 ri tapajos.xlsx",Tapajós,410,5.0
Rurópolis,11 Tapajós,22,"Tabela 22 – Caracterização Hospitalar – Equip de Manutenção da Vida, Equip de Diagnóstico e Infra - 2025 ri tapajos",20,"Tabela 22 – Caracterização Hospitalar – Equip de Manutenção da Vida, Equip de Diagnóstico e Infra - 2025 ri tapajos","..\..\Desktop\tabelas-powerBI\11 Tapajós\Tabela 22 – Caracterização Hospitalar – Equip de Manutenção da Vida, Equip de Diagnóstico e Infra - 2025 ri tapajos.xlsx",Tapajós,410,2.0
Trairão,11 Tapajós,22,"Tabela 22 – Caracterização Hospitalar – Equip de Manutenção da Vida, Equip de Diagnóstico e Infra - 2025 ri tapajos",20,"Tabela 22 – Caracterização Hospitalar – Equip de Manutenção da Vida, Equip de Diagnóstico e Infra - 2025 ri tapajos","..\..\Desktop\tabelas-powerBI\11 Tapajós\Tabela 22 – Caracterização Hospitalar – Equip de Manutenção da Vida, Equip de Diagnóstico e Infra - 2025 ri tapajos.xlsx",Tapajós,410,1.0
Fonte: DATASUS,11 Tapajós,22,"Tabela 22 – Caracterização Hospitalar – Equip de Manutenção da Vida, Equip de Diagnóstico e Infra - 2025 ri tapajos",20,"Tabela 22 – Caracterização Hospitalar – Equip de Manutenção da Vida, Equip de Diagnóstico e Infra - 2025 ri tapajos","..\..\Desktop\tabelas-powerBI\11 Tapajós\Tabela 22 – Caracterização Hospitalar – Equip de Manutenção da Vida, Equip de Diagnóstico e Infra - 2025 ri tapajos.xlsx",Tapajós,410,
Elaboração: FAPESPA,11 Tapajós,22,"Tabela 22 – Caracterização Hospitalar – Equip de Manutenção da Vida, Equip de Diagnóstico e Infra - 2025 ri tapajos",20,"Tabela 22 – Caracterização Hospitalar – Equip de Manutenção da Vida, Equip de Diagnóstico e Infra - 2025 ri tapajos","..\..\Desktop\tabelas-powerBI\11 Tapajós\Tabela 22 – Caracterização Hospitalar – Equip de Manutenção da Vida, Equip de Diagnóstico e Infra - 2025 ri tapajos.xlsx",Tapajós,410,
*Nota: Dados referentes a Outubro/2025.,11 Tapajós,22,"Tabela 22 – Caracterização Hospitalar – Equip de Manutenção da Vida, Equip de Diagnóstico e Infra - 2025 ri tapajos",20,"Tabela 22 – Caracterização Hospitalar – Equip de Manutenção da Vida, Equip de Diagnóstico e Infra - 2025 ri tapajos","..\..\Desktop\tabelas-powerBI\11 Tapajós\Tabela 22 – Caracterização Hospitalar – Equip de Manutenção da Vida, Equip de Diagnóstico e Infra - 2025 ri tapajos.xlsx",Tapajós,410,
RI Tapajós,11 Tapajós,22,"Tabela 22 – Caracterização Hospitalar – Equip de Manutenção da Vida, Equip de Diagnóstico e Infra - 2025 ri tapajos",20,"Tabela 22 – Caracterização Hospitalar – Equip de Manutenção da Vida, Equip de Diagnóstico e Infra - 2025 ri tapajos","..\..\Desktop\tabelas-powerBI\11 Tapajós\Tabela 22 – Caracterização Hospitalar – Equip de Manutenção da Vida, Equip de Diagnóstico e Infra - 2025 ri tapajos.xlsx",Tapajós,239,7.0
Aveiro,11 Tapajós,22,"Tabela 22 – Caracterização Hospitalar – Equip de Manutenção da Vida, Equip de Diagnóstico e Infra - 2025 ri tapajos",20,"Tabela 22 – Caracterização Hospitalar – Equip de Manutenção da Vida, Equip de Diagnóstico e Infra - 2025 ri tapajos","..\..\Desktop\tabelas-powerBI\11 Tapajós\Tabela 22 – Caracterização Hospitalar – Equip de Manutenção da Vida, Equip de Diagnóstico e Infra - 2025 ri tapajos.xlsx",Tapajós,239,0.0
Itaituba,11 Tapajós,22,"Tabela 22 – Caracterização Hospitalar – Equip de Manutenção da Vida, Equip de Diagnóstico e Infra - 2025 ri tapajos",20,"Tabela 22 – Caracterização Hospitalar – Equip de Manutenção da Vida, Equip de Diagnóstico e Infra - 2025 ri tapajos","..\..\Desktop\tabelas-powerBI\11 Tapajós\Tabela 22 – Caracterização Hospitalar – Equip de Manutenção da Vida, Equip de Diagnóstico e Infra - 2025 ri tapajos.xlsx",Tapajós,239,4.0
Jacareacanga,11 Tapajós,22,"Tabela 22 – Caracterização Hospitalar – Equip de Manutenção da Vida, Equip de Diagnóstico e Infra - 2025 ri tapajos",20,"Tabela 22 – Caracterização Hospitalar – Equip de Manutenção da Vida, Equip de Diagnóstico e Infra - 2025 ri tapajos","..\..\Desktop\tabelas-powerBI\11 Tapajós\Tabela 22 – Caracterização Hospitalar – Equip de Manutenção da Vida, Equip de Diagnóstico e Infra - 2025 ri tapajos.xlsx",Tapajós,239,0.0
Novo Progresso,11 Tapajós,22,"Tabela 22 – Caracterização Hospitalar – Equip de Manutenção da Vida, Equip de Diagnóstico e Infra - 2025 ri tapajos",20,"Tabela 22 – Caracterização Hospitalar – Equip de Manutenção da Vida, Equip de Diagnóstico e Infra - 2025 ri tapajos","..\..\Desktop\tabelas-powerBI\11 Tapajós\Tabela 22 – Caracterização Hospitalar – Equip de Manutenção da Vida, Equip de Diagnóstico e Infra - 2025 ri tapajos.xlsx",Tapajós,239,1.0
Rurópolis,11 Tapajós,22,"Tabela 22 – Caracterização Hospitalar – Equip de Manutenção da Vida, Equip de Diagnóstico e Infra - 2025 ri tapajos",20,"Tabela 22 – Caracterização Hospitalar – Equip de Manutenção da Vida, Equip de Diagnóstico e Infra - 2025 ri tapajos","..\..\Desktop\tabelas-powerBI\11 Tapajós\Tabela 22 – Caracterização Hospitalar – Equip de Manutenção da Vida, Equip de Diagnóstico e Infra - 2025 ri tapajos.xlsx",Tapajós,239,2.0
Trairão,11 Tapajós,22,"Tabela 22 – Caracterização Hospitalar – Equip de Manutenção da Vida, Equip de Diagnóstico e Infra - 2025 ri tapajos",20,"Tabela 22 – Caracterização Hospitalar – Equip de Manutenção da Vida, Equip de Diagnóstico e Infra - 2025 ri tapajos","..\..\Desktop\tabelas-powerBI\11 Tapajós\Tabela 22 – Caracterização Hospitalar – Equip de Manutenção da Vida, Equip de Diagnóstico e Infra - 2025 ri tapajos.xlsx",Tapajós,239,0.0
Fonte: DATASUS,11 Tapajós,22,"Tabela 22 – Caracterização Hospitalar – Equip de Manutenção da Vida, Equip de Diagnóstico e Infra - 2025 ri tapajos",20,"Tabela 22 – Caracterização Hospitalar – Equip de Manutenção da Vida, Equip de Diagnóstico e Infra - 2025 ri tapajos","..\..\Desktop\tabelas-powerBI\11 Tapajós\Tabela 22 – Caracterização Hospitalar – Equip de Manutenção da Vida, Equip de Diagnóstico e Infra - 2025 ri tapajos.xlsx",Tapajós,239,
Elaboração: FAPESPA,11 Tapajós,22,"Tabela 22 – Caracterização Hospitalar – Equip de Manutenção da Vida, Equip de Diagnóstico e Infra - 2025 ri tapajos",20,"Tabela 22 – Caracterização Hospitalar – Equip de Manutenção da Vida, Equip de Diagnóstico e Infra - 2025 ri tapajos","..\..\Desktop\tabelas-powerBI\11 Tapajós\Tabela 22 – Caracterização Hospitalar – Equip de Manutenção da Vida, Equip de Diagnóstico e Infra - 2025 ri tapajos.xlsx",Tapajós,239,
*Nota: Dados referentes a Outubro/2025.,11 Tapajós,22,"Tabela 22 – Caracterização Hospitalar – Equip de Manutenção da Vida, Equip de Diagnóstico e Infra - 2025 ri tapajos",20,"Tabela 22 – Caracterização Hospitalar – Equip de Manutenção da Vida, Equip de Diagnóstico e Infra - 2025 ri tapajos","..\..\Desktop\tabelas-powerBI\11 Tapajós\Tabela 22 – Caracterização Hospitalar – Equip de Manutenção da Vida, Equip de Diagnóstico e Infra - 2025 ri tapajos.xlsx",Tapajós,239,
RI Tapajós,11 Tapajós,22,"Tabela 22 – Caracterização Hospitalar – Equip de Manutenção da Vida, Equip de Diagnóstico e Infra - 2025 ri tapajos",20,"Tabela 22 – Caracterização Hospitalar – Equip de Manutenção da Vida, Equip de Diagnóstico e Infra - 2025 ri tapajos","..\..\Desktop\tabelas-powerBI\11 Tapajós\Tabela 22 – Caracterização Hospitalar – Equip de Manutenção da Vida, Equip de Diagnóstico e Infra - 2025 ri tapajos.xlsx",Tapajós,234,7.0
Aveiro,11 Tapajós,22,"Tabela 22 – Caracterização Hospitalar – Equip de Manutenção da Vida, Equip de Diagnóstico e Infra - 2025 ri tapajos",20,"Tabela 22 – Caracterização Hospitalar – Equip de Manutenção da Vida, Equip de Diagnóstico e Infra - 2025 ri tapajos","..\..\Desktop\tabelas-powerBI\11 Tapajós\Tabela 22 – Caracterização Hospitalar – Equip de Manutenção da Vida, Equip de Diagnóstico e Infra - 2025 ri tapajos.xlsx",Tapajós,234,0.0
Itaituba,11 Tapajós,22,"Tabela 22 – Caracterização Hospitalar – Equip de Manutenção da Vida, Equip de Diagnóstico e Infra - 2025 ri tapajos",20,"Tabela 22 – Caracterização Hospitalar – Equip de Manutenção da Vida, Equip de Diagnóstico e Infra - 2025 ri tapajos","..\..\Desktop\tabelas-powerBI\11 Tapajós\Tabela 22 – Caracterização Hospitalar – Equip de Manutenção da Vida, Equip de Diagnóstico e Infra - 2025 ri tapajos.xlsx",Tapajós,234,4.0
Jacareacanga,11 Tapajós,22,"Tabela 22 – Caracterização Hospitalar – Equip de Manutenção da Vida, Equip de Diagnóstico e Infra - 2025 ri tapajos",20,"Tabela 22 – Caracterização Hospitalar – Equip de Manutenção da Vida, Equip de Diagnóstico e Infra - 2025 ri tapajos","..\..\Desktop\tabelas-powerBI\11 Tapajós\Tabela 22 – Caracterização Hospitalar – Equip de Manutenção da Vida, Equip de Diagnóstico e Infra - 2025 ri tapajos.xlsx",Tapajós,234,0.0
Novo Progresso,11 Tapajós,22,"Tabela 22 – Caracterização Hospitalar – Equip de Manutenção da Vida, Equip de Diagnóstico e Infra - 2025 ri tapajos",20,"Tabela 22 – Caracterização Hospitalar – Equip de Manutenção da Vida, Equip de Diagnóstico e Infra - 2025 ri tapajos","..\..\Desktop\tabelas-powerBI\11 Tapajós\Tabela 22 – Caracterização Hospitalar – Equip de Manutenção da Vida, Equip de Diagnóstico e Infra - 2025 ri tapajos.xlsx",Tapajós,234,1.0
Rurópolis,11 Tapajós,22,"Tabela 22 – Caracterização Hospitalar – Equip de Manutenção da Vida, Equip de Diagnóstico e Infra - 2025 ri tapajos",20,"Tabela 22 – Caracterização Hospitalar – Equip de Manutenção da Vida, Equip de Diagnóstico e Infra - 2025 ri tapajos","..\..\Desktop\tabelas-powerBI\11 Tapajós\Tabela 22 – Caracterização Hospitalar – Equip de Manutenção da Vida, Equip de Diagnóstico e Infra - 2025 ri tapajos.xlsx",Tapajós,234,2.0
Trairão,11 Tapajós,22,"Tabela 22 – Caracterização Hospitalar – Equip de Manutenção da Vida, Equip de Diagnóstico e Infra - 2025 ri tapajos",20,"Tabela 22 – Caracterização Hospitalar – Equip de Manutenção da Vida, Equip de Diagnóstico e Infra - 2025 ri tapajos","..\..\Desktop\tabelas-powerBI\11 Tapajós\Tabela 22 – Caracterização Hospitalar – Equip de Manutenção da Vida, Equip de Diagnóstico e Infra - 2025 ri tapajos.xlsx",Tapajós,234,0.0
Fonte: DATASUS,11 Tapajós,22,"Tabela 22 – Caracterização Hospitalar – Equip de Manutenção da Vida, Equip de Diagnóstico e Infra - 2025 ri tapajos",20,"Tabela 22 – Caracterização Hospitalar – Equip de Manutenção da Vida, Equip de Diagnóstico e Infra - 2025 ri tapajos","..\..\Desktop\tabelas-powerBI\11 Tapajós\Tabela 22 – Caracterização Hospitalar – Equip de Manutenção da Vida, Equip de Diagnóstico e Infra - 2025 ri tapajos.xlsx",Tapajós,234,
Elaboração: FAPESPA,11 Tapajós,22,"Tabela 22 – Caracterização Hospitalar – Equip de Manutenção da Vida, Equip de Diagnóstico e Infra - 2025 ri tapajos",20,"Tabela 22 – Caracterização Hospitalar – Equip de Manutenção da Vida, Equip de Diagnóstico e Infra - 2025 ri tapajos","..\..\Desktop\tabelas-powerBI\11 Tapajós\Tabela 22 – Caracterização Hospitalar – Equip de Manutenção da Vida, Equip de Diagnóstico e Infra - 2025 ri tapajos.xlsx",Tapajós,234,
*Nota: Dados referentes a Outubro/2025.,11 Tapajós,22,"Tabela 22 – Caracterização Hospitalar – Equip de Manutenção da Vida, Equip de Diagnóstico e Infra - 2025 ri tapajos",20,"Tabela 22 – Caracterização Hospitalar – Equip de Manutenção da Vida, Equip de Diagnóstico e Infra - 2025 ri tapajos","..\..\Desktop\tabelas-powerBI\11 Tapajós\Tabela 22 – Caracterização Hospitalar – Equip de Manutenção da Vida, Equip de Diagnóstico e Infra - 2025 ri tapajos.xlsx",Tapajós,234,
RI Tapajós,11 Tapajós,22,"Tabela 22 – Caracterização Hospitalar – Equip de Manutenção da Vida, Equip de Diagnóstico e Infra - 2025 ri tapajos",20,"Tabela 22 – Caracterização Hospitalar – Equip de Manutenção da Vida, Equip de Diagnóstico e Infra - 2025 ri tapajos","..\..\Desktop\tabelas-powerBI\11 Tapajós\Tabela 22 – Caracterização Hospitalar – Equip de Manutenção da Vida, Equip de Diagnóstico e Infra - 2025 ri tapajos.xlsx",Tapajós,746,23.0
Aveiro,11 Tapajós,22,"Tabela 22 – Caracterização Hospitalar – Equip de Manutenção da Vida, Equip de Diagnóstico e Infra - 2025 ri tapajos",20,"Tabela 22 – Caracterização Hospitalar – Equip de Manutenção da Vida, Equip de Diagnóstico e Infra - 2025 ri tapajos","..\..\Desktop\tabelas-powerBI\11 Tapajós\Tabela 22 – Caracterização Hospitalar – Equip de Manutenção da Vida, Equip de Diagnóstico e Infra - 2025 ri tapajos.xlsx",Tapajós,746,1.0
Itaituba,11 Tapajós,22,"Tabela 22 – Caracterização Hospitalar – Equip de Manutenção da Vida, Equip de Diagnóstico e Infra - 2025 ri tapajos",20,"Tabela 22 – Caracterização Hospitalar – Equip de Manutenção da Vida, Equip de Diagnóstico e Infra - 2025 ri tapajos","..\..\Desktop\tabelas-powerBI\11 Tapajós\Tabela 22 – Caracterização Hospitalar – Equip de Manutenção da Vida, Equip de Diagnóstico e Infra - 2025 ri tapajos.xlsx",Tapajós,746,9.0
Jacareacanga,11 Tapajós,22,"Tabela 22 – Caracterização Hospitalar – Equip de Manutenção da Vida, Equip de Diagnóstico e Infra - 2025 ri tapajos",20,"Tabela 22 – Caracterização Hospitalar – Equip de Manutenção da Vida, Equip de Diagnóstico e Infra - 2025 ri tapajos","..\..\Desktop\tabelas-powerBI\11 Tapajós\Tabela 22 – Caracterização Hospitalar – Equip de Manutenção da Vida, Equip de Diagnóstico e Infra - 2025 ri tapajos.xlsx",Tapajós,746,1.0
Novo Progresso,11 Tapajós,22,"Tabela 22 – Caracterização Hospitalar – Equip de Manutenção da Vida, Equip de Diagnóstico e Infra - 2025 ri tapajos",20,"Tabela 22 – Caracterização Hospitalar – Equip de Manutenção da Vida, Equip de Diagnóstico e Infra - 2025 ri tapajos","..\..\Desktop\tabelas-powerBI\11 Tapajós\Tabela 22 – Caracterização Hospitalar – Equip de Manutenção da Vida, Equip de Diagnóstico e Infra - 2025 ri tapajos.xlsx",Tapajós,746,7.0
Rurópolis,11 Tapajós,22,"Tabela 22 – Caracterização Hospitalar – Equip de Manutenção da Vida, Equip de Diagnóstico e Infra - 2025 ri tapajos",20,"Tabela 22 – Caracterização Hospitalar – Equip de Manutenção da Vida, Equip de Diagnóstico e Infra - 2025 ri tapajos","..\..\Desktop\tabelas-powerBI\11 Tapajós\Tabela 22 – Caracterização Hospitalar – Equip de Manutenção da Vida, Equip de Diagnóstico e Infra - 2025 ri tapajos.xlsx",Tapajós,746,4.0
Trairão,11 Tapajós,22,"Tabela 22 – Caracterização Hospitalar – Equip de Manutenção da Vida, Equip de Diagnóstico e Infra - 2025 ri tapajos",20,"Tabela 22 – Caracterização Hospitalar – Equip de Manutenção da Vida, Equip de Diagnóstico e Infra - 2025 ri tapajos","..\..\Desktop\tabelas-powerBI\11 Tapajós\Tabela 22 – Caracterização Hospitalar – Equip de Manutenção da Vida, Equip de Diagnóstico e Infra - 2025 ri tapajos.xlsx",Tapajós,746,1.0
Fonte: DATASUS,11 Tapajós,22,"Tabela 22 – Caracterização Hospitalar – Equip de Manutenção da Vida, Equip de Diagnóstico e Infra - 2025 ri tapajos",20,"Tabela 22 – Caracterização Hospitalar – Equip de Manutenção da Vida, Equip de Diagnóstico e Infra - 2025 ri tapajos","..\..\Desktop\tabelas-powerBI\11 Tapajós\Tabela 22 – Caracterização Hospitalar – Equip de Manutenção da Vida, Equip de Diagnóstico e Infra - 2025 ri tapajos.xlsx",Tapajós,746,
Elaboração: FAPESPA,11 Tapajós,22,"Tabela 22 – Caracterização Hospitalar – Equip de Manutenção da Vida, Equip de Diagnóstico e Infra - 2025 ri tapajos",20,"Tabela 22 – Caracterização Hospitalar – Equip de Manutenção da Vida, Equip de Diagnóstico e Infra - 2025 ri tapajos","..\..\Desktop\tabelas-powerBI\11 Tapajós\Tabela 22 – Caracterização Hospitalar – Equip de Manutenção da Vida, Equip de Diagnóstico e Infra - 2025 ri tapajos.xlsx",Tapajós,746,
*Nota: Dados referentes a Outubro/2025.,11 Tapajós,22,"Tabela 22 – Caracterização Hospitalar – Equip de Manutenção da Vida, Equip de Diagnóstico e Infra - 2025 ri tapajos",20,"Tabela 22 – Caracterização Hospitalar – Equip de Manutenção da Vida, Equip de Diagnóstico e Infra - 2025 ri tapajos","..\..\Desktop\tabelas-powerBI\11 Tapajós\Tabela 22 – Caracterização Hospitalar – Equip de Manutenção da Vida, Equip de Diagnóstico e Infra - 2025 ri tapajos.xlsx",Tapajós,746,
RI Tapajós,11 Tapajós,22,"Tabela 22 – Caracterização Hospitalar – Equip de Manutenção da Vida, Equip de Diagnóstico e Infra - 2025 ri tapajos",20,"Tabela 22 – Caracterização Hospitalar – Equip de Manutenção da Vida, Equip de Diagnóstico e Infra - 2025 ri tapajos","..\..\Desktop\tabelas-powerBI\11 Tapajós\Tabela 22 – Caracterização Hospitalar – Equip de Manutenção da Vida, Equip de Diagnóstico e Infra - 2025 ri tapajos.xlsx",Tapajós,720,23.0
Aveiro,11 Tapajós,22,"Tabela 22 – Caracterização Hospitalar – Equip de Manutenção da Vida, Equip de Diagnóstico e Infra - 2025 ri tapajos",20,"Tabela 22 – Caracterização Hospitalar – Equip de Manutenção da Vida, Equip de Diagnóstico e Infra - 2025 ri tapajos","..\..\Desktop\tabelas-powerBI\11 Tapajós\Tabela 22 – Caracterização Hospitalar – Equip de Manutenção da Vida, Equip de Diagnóstico e Infra - 2025 ri tapajos.xlsx",Tapajós,720,1.0
Itaituba,11 Tapajós,22,"Tabela 22 – Caracterização Hospitalar – Equip de Manutenção da Vida, Equip de Diagnóstico e Infra - 2025 ri tapajos",20,"Tabela 22 – Caracterização Hospitalar – Equip de Manutenção da Vida, Equip de Diagnóstico e Infra - 2025 ri tapajos","..\..\Desktop\tabelas-powerBI\11 Tapajós\Tabela 22 – Caracterização Hospitalar – Equip de Manutenção da Vida, Equip de Diagnóstico e Infra - 2025 ri tapajos.xlsx",Tapajós,720,9.0
Jacareacanga,11 Tapajós,22,"Tabela 22 – Caracterização Hospitalar – Equip de Manutenção da Vida, Equip de Diagnóstico e Infra - 2025 ri tapajos",20,"Tabela 22 – Caracterização Hospitalar – Equip de Manutenção da Vida, Equip de Diagnóstico e Infra - 2025 ri tapajos","..\..\Desktop\tabelas-powerBI\11 Tapajós\Tabela 22 – Caracterização Hospitalar – Equip de Manutenção da Vida, Equip de Diagnóstico e Infra - 2025 ri tapajos.xlsx",Tapajós,720,1.0
Novo Progresso,11 Tapajós,22,"Tabela 22 – Caracterização Hospitalar – Equip de Manutenção da Vida, Equip de Diagnóstico e Infra - 2025 ri tapajos",20,"Tabela 22 – Caracterização Hospitalar – Equip de Manutenção da Vida, Equip de Diagnóstico e Infra - 2025 ri tapajos","..\..\Desktop\tabelas-powerBI\11 Tapajós\Tabela 22 – Caracterização Hospitalar – Equip de Manutenção da Vida, Equip de Diagnóstico e Infra - 2025 ri tapajos.xlsx",Tapajós,720,7.0
Rurópolis,11 Tapajós,22,"Tabela 22 – Caracterização Hospitalar – Equip de Manutenção da Vida, Equip de Diagnóstico e Infra - 2025 ri tapajos",20,"Tabela 22 – Caracterização Hospitalar – Equip de Manutenção da Vida, Equip de Diagnóstico e Infra - 2025 ri tapajos","..\..\Desktop\tabelas-powerBI\11 Tapajós\Tabela 22 – Caracterização Hospitalar – Equip de Manutenção da Vida, Equip de Diagnóstico e Infra - 2025 ri tapajos.xlsx",Tapajós,720,4.0
Trairão,11 Tapajós,22,"Tabela 22 – Caracterização Hospitalar – Equip de Manutenção da Vida, Equip de Diagnóstico e Infra - 2025 ri tapajos",20,"Tabela 22 – Caracterização Hospitalar – Equip de Manutenção da Vida, Equip de Diagnóstico e Infra - 2025 ri tapajos","..\..\Desktop\tabelas-powerBI\11 Tapajós\Tabela 22 – Caracterização Hospitalar – Equip de Manutenção da Vida, Equip de Diagnóstico e Infra - 2025 ri tapajos.xlsx",Tapajós,720,1.0
Fonte: DATASUS,11 Tapajós,22,"Tabela 22 – Caracterização Hospitalar – Equip de Manutenção da Vida, Equip de Diagnóstico e Infra - 2025 ri tapajos",20,"Tabela 22 – Caracterização Hospitalar – Equip de Manutenção da Vida, Equip de Diagnóstico e Infra - 2025 ri tapajos","..\..\Desktop\tabelas-powerBI\11 Tapajós\Tabela 22 – Caracterização Hospitalar – Equip de Manutenção da Vida, Equip de Diagnóstico e Infra - 2025 ri tapajos.xlsx",Tapajós,720,
Elaboração: FAPESPA,11 Tapajós,22,"Tabela 22 – Caracterização Hospitalar – Equip de Manutenção da Vida, Equip de Diagnóstico e Infra - 2025 ri tapajos",20,"Tabela 22 – Caracterização Hospitalar – Equip de Manutenção da Vida, Equip de Diagnóstico e Infra - 2025 ri tapajos","..\..\Desktop\tabelas-powerBI\11 Tapajós\Tabela 22 – Caracterização Hospitalar – Equip de Manutenção da Vida, Equip de Diagnóstico e Infra - 2025 ri tapajos.xlsx",Tapajós,720,
*Nota: Dados referentes a Outubro/2025.,11 Tapajós,22,"Tabela 22 – Caracterização Hospitalar – Equip de Manutenção da Vida, Equip de Diagnóstico e Infra - 2025 ri tapajos",20,"Tabela 22 – Caracterização Hospitalar – Equip de Manutenção da Vida, Equip de Diagnóstico e Infra - 2025 ri tapajos","..\..\Desktop\tabelas-powerBI\11 Tapajós\Tabela 22 – Caracterização Hospitalar – Equip de Manutenção da Vida, Equip de Diagnóstico e Infra - 2025 ri tapajos.xlsx",Tapajós,720,
RI Tapajós,11 Tapajós,22,"Tabela 22 – Caracterização Hospitalar – Equip de Manutenção da Vida, Equip de Diagnóstico e Infra - 2025 ri tapajos",20,"Tabela 22 – Caracterização Hospitalar – Equip de Manutenção da Vida, Equip de Diagnóstico e Infra - 2025 ri tapajos","..\..\Desktop\tabelas-powerBI\11 Tapajós\Tabela 22 – Caracterização Hospitalar – Equip de Manutenção da Vida, Equip de Diagnóstico e Infra - 2025 ri tapajos.xlsx",Tapajós,1199,29.0
Aveiro,11 Tapajós,22,"Tabela 22 – Caracterização Hospitalar – Equip de Manutenção da Vida, Equip de Diagnóstico e Infra - 2025 ri tapajos",20,"Tabela 22 – Caracterização Hospitalar – Equip de Manutenção da Vida, Equip de Diagnóstico e Infra - 2025 ri tapajos","..\..\Desktop\tabelas-powerBI\11 Tapajós\Tabela 22 – Caracterização Hospitalar – Equip de Manutenção da Vida, Equip de Diagnóstico e Infra - 2025 ri tapajos.xlsx",Tapajós,1199,1.0
Itaituba,11 Tapajós,22,"Tabela 22 – Caracterização Hospitalar – Equip de Manutenção da Vida, Equip de Diagnóstico e Infra - 2025 ri tapajos",20,"Tabela 22 – Caracterização Hospitalar – Equip de Manutenção da Vida, Equip de Diagnóstico e Infra - 2025 ri tapajos","..\..\Desktop\tabelas-powerBI\11 Tapajós\Tabela 22 – Caracterização Hospitalar – Equip de Manutenção da Vida, Equip de Diagnóstico e Infra - 2025 ri tapajos.xlsx",Tapajós,1199,13.0
Jacareacanga,11 Tapajós,22,"Tabela 22 – Caracterização Hospitalar – Equip de Manutenção da Vida, Equip de Diagnóstico e Infra - 2025 ri tapajos",20,"Tabela 22 – Caracterização Hospitalar – Equip de Manutenção da Vida, Equip de Diagnóstico e Infra - 2025 ri tapajos","..\..\Desktop\tabelas-powerBI\11 Tapajós\Tabela 22 – Caracterização Hospitalar – Equip de Manutenção da Vida, Equip de Diagnóstico e Infra - 2025 ri tapajos.xlsx",Tapajós,1199,1.0
Novo Progresso,11 Tapajós,22,"Tabela 22 – Caracterização Hospitalar – Equip de Manutenção da Vida, Equip de Diagnóstico e Infra - 2025 ri tapajos",20,"Tabela 22 – Caracterização Hospitalar – Equip de Manutenção da Vida, Equip de Diagnóstico e Infra - 2025 ri tapajos","..\..\Desktop\tabelas-powerBI\11 Tapajós\Tabela 22 – Caracterização Hospitalar – Equip de Manutenção da Vida, Equip de Diagnóstico e Infra - 2025 ri tapajos.xlsx",Tapajós,1199,4.0
Rurópolis,11 Tapajós,22,"Tabela 22 – Caracterização Hospitalar – Equip de Manutenção da Vida, Equip de Diagnóstico e Infra - 2025 ri tapajos",20,"Tabela 22 – Caracterização Hospitalar – Equip de Manutenção da Vida, Equip de Diagnóstico e Infra - 2025 ri tapajos","..\..\Desktop\tabelas-powerBI\11 Tapajós\Tabela 22 – Caracterização Hospitalar – Equip de Manutenção da Vida, Equip de Diagnóstico e Infra - 2025 ri tapajos.xlsx",Tapajós,1199,9.0
Trairão,11 Tapajós,22,"Tabela 22 – Caracterização Hospitalar – Equip de Manutenção da Vida, Equip de Diagnóstico e Infra - 2025 ri tapajos",20,"Tabela 22 – Caracterização Hospitalar – Equip de Manutenção da Vida, Equip de Diagnóstico e Infra - 2025 ri tapajos","..\..\Desktop\tabelas-powerBI\11 Tapajós\Tabela 22 – Caracterização Hospitalar – Equip de Manutenção da Vida, Equip de Diagnóstico e Infra - 2025 ri tapajos.xlsx",Tapajós,1199,1.0
Fonte: DATASUS,11 Tapajós,22,"Tabela 22 – Caracterização Hospitalar – Equip de Manutenção da Vida, Equip de Diagnóstico e Infra - 2025 ri tapajos",20,"Tabela 22 – Caracterização Hospitalar – Equip de Manutenção da Vida, Equip de Diagnóstico e Infra - 2025 ri tapajos","..\..\Desktop\tabelas-powerBI\11 Tapajós\Tabela 22 – Caracterização Hospitalar – Equip de Manutenção da Vida, Equip de Diagnóstico e Infra - 2025 ri tapajos.xlsx",Tapajós,1199,
Elaboração: FAPESPA,11 Tapajós,22,"Tabela 22 – Caracterização Hospitalar – Equip de Manutenção da Vida, Equip de Diagnóstico e Infra - 2025 ri tapajos",20,"Tabela 22 – Caracterização Hospitalar – Equip de Manutenção da Vida, Equip de Diagnóstico e Infra - 2025 ri tapajos","..\..\Desktop\tabelas-powerBI\11 Tapajós\Tabela 22 – Caracterização Hospitalar – Equip de Manutenção da Vida, Equip de Diagnóstico e Infra - 2025 ri tapajos.xlsx",Tapajós,1199,
*Nota: Dados referentes a Outubro/2025.,11 Tapajós,22,"Tabela 22 – Caracterização Hospitalar – Equip de Manutenção da Vida, Equip de Diagnóstico e Infra - 2025 ri tapajos",20,"Tabela 22 – Caracterização Hospitalar – Equip de Manutenção da Vida, Equip de Diagnóstico e Infra - 2025 ri tapajos","..\..\Desktop\tabelas-powerBI\11 Tapajós\Tabela 22 – Caracterização Hospitalar – Equip de Manutenção da Vida, Equip de Diagnóstico e Infra - 2025 ri tapajos.xlsx",Tapajós,1199,
RI Tapajós,11 Tapajós,22,"Tabela 22 – Caracterização Hospitalar – Equip de Manutenção da Vida, Equip de Diagnóstico e Infra - 2025 ri tapajos",20,"Tabela 22 – Caracterização Hospitalar – Equip de Manutenção da Vida, Equip de Diagnóstico e Infra - 2025 ri tapajos","..\..\Desktop\tabelas-powerBI\11 Tapajós\Tabela 22 – Caracterização Hospitalar – Equip de Manutenção da Vida, Equip de Diagnóstico e Infra - 2025 ri tapajos.xlsx",Tapajós,1128,27.0
Aveiro,11 Tapajós,22,"Tabela 22 – Caracterização Hospitalar – Equip de Manutenção da Vida, Equip de Diagnóstico e Infra - 2025 ri tapajos",20,"Tabela 22 – Caracterização Hospitalar – Equip de Manutenção da Vida, Equip de Diagnóstico e Infra - 2025 ri tapajos","..\..\Desktop\tabelas-powerBI\11 Tapajós\Tabela 22 – Caracterização Hospitalar – Equip de Manutenção da Vida, Equip de Diagnóstico e Infra - 2025 ri tapajos.xlsx",Tapajós,1128,1.0
Itaituba,11 Tapajós,22,"Tabela 22 – Caracterização Hospitalar – Equip de Manutenção da Vida, Equip de Diagnóstico e Infra - 2025 ri tapajos",20,"Tabela 22 – Caracterização Hospitalar – Equip de Manutenção da Vida, Equip de Diagnóstico e Infra - 2025 ri tapajos","..\..\Desktop\tabelas-powerBI\11 Tapajós\Tabela 22 – Caracterização Hospitalar – Equip de Manutenção da Vida, Equip de Diagnóstico e Infra - 2025 ri tapajos.xlsx",Tapajós,1128,12.0
Jacareacanga,11 Tapajós,22,"Tabela 22 – Caracterização Hospitalar – Equip de Manutenção da Vida, Equip de Diagnóstico e Infra - 2025 ri tapajos",20,"Tabela 22 – Caracterização Hospitalar – Equip de Manutenção da Vida, Equip de Diagnóstico e Infra - 2025 ri tapajos","..\..\Desktop\tabelas-powerBI\11 Tapajós\Tabela 22 – Caracterização Hospitalar – Equip de Manutenção da Vida, Equip de Diagnóstico e Infra - 2025 ri tapajos.xlsx",Tapajós,1128,1.0
Novo Progresso,11 Tapajós,22,"Tabela 22 – Caracterização Hospitalar – Equip de Manutenção da Vida, Equip de Diagnóstico e Infra - 2025 ri tapajos",20,"Tabela 22 – Caracterização Hospitalar – Equip de Manutenção da Vida, Equip de Diagnóstico e Infra - 2025 ri tapajos","..\..\Desktop\tabelas-powerBI\11 Tapajós\Tabela 22 – Caracterização Hospitalar – Equip de Manutenção da Vida, Equip de Diagnóstico e Infra - 2025 ri tapajos.xlsx",Tapajós,1128,4.0
Rurópolis,11 Tapajós,22,"Tabela 22 – Caracterização Hospitalar – Equip de Manutenção da Vida, Equip de Diagnóstico e Infra - 2025 ri tapajos",20,"Tabela 22 – Caracterização Hospitalar – Equip de Manutenção da Vida, Equip de Diagnóstico e Infra - 2025 ri tapajos","..\..\Desktop\tabelas-powerBI\11 Tapajós\Tabela 22 – Caracterização Hospitalar – Equip de Manutenção da Vida, Equip de Diagnóstico e Infra - 2025 ri tapajos.xlsx",Tapajós,1128,8.0
Trairão,11 Tapajós,22,"Tabela 22 – Caracterização Hospitalar – Equip de Manutenção da Vida, Equip de Diagnóstico e Infra - 2025 ri tapajos",20,"Tabela 22 – Caracterização Hospitalar – Equip de Manutenção da Vida, Equip de Diagnóstico e Infra - 2025 ri tapajos","..\..\Desktop\tabelas-powerBI\11 Tapajós\Tabela 22 – Caracterização Hospitalar – Equip de Manutenção da Vida, Equip de Diagnóstico e Infra - 2025 ri tapajos.xlsx",Tapajós,1128,1.0
Fonte: DATASUS,11 Tapajós,22,"Tabela 22 – Caracterização Hospitalar – Equip de Manutenção da Vida, Equip de Diagnóstico e Infra - 2025 ri tapajos",20,"Tabela 22 – Caracterização Hospitalar – Equip de Manutenção da Vida, Equip de Diagnóstico e Infra - 2025 ri tapajos","..\..\Desktop\tabelas-powerBI\11 Tapajós\Tabela 22 – Caracterização Hospitalar – Equip de Manutenção da Vida, Equip de Diagnóstico e Infra - 2025 ri tapajos.xlsx",Tapajós,1128,
Elaboração: FAPESPA,11 Tapajós,22,"Tabela 22 – Caracterização Hospitalar – Equip de Manutenção da Vida, Equip de Diagnóstico e Infra - 2025 ri tapajos",20,"Tabela 22 – Caracterização Hospitalar – Equip de Manutenção da Vida, Equip de Diagnóstico e Infra - 2025 ri tapajos","..\..\Desktop\tabelas-powerBI\11 Tapajós\Tabela 22 – Caracterização Hospitalar – Equip de Manutenção da Vida, Equip de Diagnóstico e Infra - 2025 ri tapajos.xlsx",Tapajós,1128,
*Nota: Dados referentes a Outubro/2025.,11 Tapajós,22,"Tabela 22 – Caracterização Hospitalar – Equip de Manutenção da Vida, Equip de Diagnóstico e Infra - 2025 ri tapajos",20,"Tabela 22 – Caracterização Hospitalar – Equip de Manutenção da Vida, Equip de Diagnóstico e Infra - 2025 ri tapajos","..\..\Desktop\tabelas-powerBI\11 Tapajós\Tabela 22 – Caracterização Hospitalar – Equip de Manutenção da Vida, Equip de Diagnóstico e Infra - 2025 ri tapajos.xlsx",Tapajós,1128,
RI Tapajós,11 Tapajós,22,"Tabela 22 – Caracterização Hospitalar – Equip de Manutenção da Vida, Equip de Diagnóstico e Infra - 2025 ri tapajos",20,"Tabela 22 – Caracterização Hospitalar – Equip de Manutenção da Vida, Equip de Diagnóstico e Infra - 2025 ri tapajos","..\..\Desktop\tabelas-powerBI\11 Tapajós\Tabela 22 – Caracterização Hospitalar – Equip de Manutenção da Vida, Equip de Diagnóstico e Infra - 2025 ri tapajos.xlsx",Tapajós,215,9.0
Aveiro,11 Tapajós,22,"Tabela 22 – Caracterização Hospitalar – Equip de Manutenção da Vida, Equip de Diagnóstico e Infra - 2025 ri tapajos",20,"Tabela 22 – Caracterização Hospitalar – Equip de Manutenção da Vida, Equip de Diagnóstico e Infra - 2025 ri tapajos","..\..\Desktop\tabelas-powerBI\11 Tapajós\Tabela 22 – Caracterização Hospitalar – Equip de Manutenção da Vida, Equip de Diagnóstico e Infra - 2025 ri tapajos.xlsx",Tapajós,215,0.0
Itaituba,11 Tapajós,22,"Tabela 22 – Caracterização Hospitalar – Equip de Manutenção da Vida, Equip de Diagnóstico e Infra - 2025 ri tapajos",20,"Tabela 22 – Caracterização Hospitalar – Equip de Manutenção da Vida, Equip de Diagnóstico e Infra - 2025 ri tapajos","..\..\Desktop\tabelas-powerBI\11 Tapajós\Tabela 22 – Caracterização Hospitalar – Equip de Manutenção da Vida, Equip de Diagnóstico e Infra - 2025 ri tapajos.xlsx",Tapajós,215,5.0
Jacareacanga,11 Tapajós,22,"Tabela 22 – Caracterização Hospitalar – Equip de Manutenção da Vida, Equip de Diagnóstico e Infra - 2025 ri tapajos",20,"Tabela 22 – Caracterização Hospitalar – Equip de Manutenção da Vida, Equip de Diagnóstico e Infra - 2025 ri tapajos","..\..\Desktop\tabelas-powerBI\11 Tapajós\Tabela 22 – Caracterização Hospitalar – Equip de Manutenção da Vida, Equip de Diagnóstico e Infra - 2025 ri tapajos.xlsx",Tapajós,215,0.0
Novo Progresso,11 Tapajós,22,"Tabela 22 – Caracterização Hospitalar – Equip de Manutenção da Vida, Equip de Diagnóstico e Infra - 2025 ri tapajos",20,"Tabela 22 – Caracterização Hospitalar – Equip de Manutenção da Vida, Equip de Diagnóstico e Infra - 2025 ri tapajos","..\..\Desktop\tabelas-powerBI\11 Tapajós\Tabela 22 – Caracterização Hospitalar – Equip de Manutenção da Vida, Equip de Diagnóstico e Infra - 2025 ri tapajos.xlsx",Tapajós,215,2.0
Rurópolis,11 Tapajós,22,"Tabela 22 – Caracterização Hospitalar – Equip de Manutenção da Vida, Equip de Diagnóstico e Infra - 2025 ri tapajos",20,"Tabela 22 – Caracterização Hospitalar – Equip de Manutenção da Vida, Equip de Diagnóstico e Infra - 2025 ri tapajos","..\..\Desktop\tabelas-powerBI\11 Tapajós\Tabela 22 – Caracterização Hospitalar – Equip de Manutenção da Vida, Equip de Diagnóstico e Infra - 2025 ri tapajos.xlsx",Tapajós,215,2.0
Trairão,11 Tapajós,22,"Tabela 22 – Caracterização Hospitalar – Equip de Manutenção da Vida, Equip de Diagnóstico e Infra - 2025 ri tapajos",20,"Tabela 22 – Caracterização Hospitalar – Equip de Manutenção da Vida, Equip de Diagnóstico e Infra - 2025 ri tapajos","..\..\Desktop\tabelas-powerBI\11 Tapajós\Tabela 22 – Caracterização Hospitalar – Equip de Manutenção da Vida, Equip de Diagnóstico e Infra - 2025 ri tapajos.xlsx",Tapajós,215,0.0
Fonte: DATASUS,11 Tapajós,22,"Tabela 22 – Caracterização Hospitalar – Equip de Manutenção da Vida, Equip de Diagnóstico e Infra - 2025 ri tapajos",20,"Tabela 22 – Caracterização Hospitalar – Equip de Manutenção da Vida, Equip de Diagnóstico e Infra - 2025 ri tapajos","..\..\Desktop\tabelas-powerBI\11 Tapajós\Tabela 22 – Caracterização Hospitalar – Equip de Manutenção da Vida, Equip de Diagnóstico e Infra - 2025 ri tapajos.xlsx",Tapajós,215,
Elaboração: FAPESPA,11 Tapajós,22,"Tabela 22 – Caracterização Hospitalar – Equip de Manutenção da Vida, Equip de Diagnóstico e Infra - 2025 ri tapajos",20,"Tabela 22 – Caracterização Hospitalar – Equip de Manutenção da Vida, Equip de Diagnóstico e Infra - 2025 ri tapajos","..\..\Desktop\tabelas-powerBI\11 Tapajós\Tabela 22 – Caracterização Hospitalar – Equip de Manutenção da Vida, Equip de Diagnóstico e Infra - 2025 ri tapajos.xlsx",Tapajós,215,
*Nota: Dados referentes a Outubro/2025.,11 Tapajós,22,"Tabela 22 – Caracterização Hospitalar – Equip de Manutenção da Vida, Equip de Diagnóstico e Infra - 2025 ri tapajos",20,"Tabela 22 – Caracterização Hospitalar – Equip de Manutenção da Vida, Equip de Diagnóstico e Infra - 2025 ri tapajos","..\..\Desktop\tabelas-powerBI\11 Tapajós\Tabela 22 – Caracterização Hospitalar – Equip de Manutenção da Vida, Equip de Diagnóstico e Infra - 2025 ri tapajos.xlsx",Tapajós,215,
RI Tapajós,11 Tapajós,22,"Tabela 22 – Caracterização Hospitalar – Equip de Manutenção da Vida, Equip de Diagnóstico e Infra - 2025 ri tapajos",20,"Tabela 22 – Caracterização Hospitalar – Equip de Manutenção da Vida, Equip de Diagnóstico e Infra - 2025 ri tapajos","..\..\Desktop\tabelas-powerBI\11 Tapajós\Tabela 22 – Caracterização Hospitalar – Equip de Manutenção da Vida, Equip de Diagnóstico e Infra - 2025 ri tapajos.xlsx",Tapajós,197,8.0
Aveiro,11 Tapajós,22,"Tabela 22 – Caracterização Hospitalar – Equip de Manutenção da Vida, Equip de Diagnóstico e Infra - 2025 ri tapajos",20,"Tabela 22 – Caracterização Hospitalar – Equip de Manutenção da Vida, Equip de Diagnóstico e Infra - 2025 ri tapajos","..\..\Desktop\tabelas-powerBI\11 Tapajós\Tabela 22 – Caracterização Hospitalar – Equip de Manutenção da Vida, Equip de Diagnóstico e Infra - 2025 ri tapajos.xlsx",Tapajós,197,0.0
Itaituba,11 Tapajós,22,"Tabela 22 – Caracterização Hospitalar – Equip de Manutenção da Vida, Equip de Diagnóstico e Infra - 2025 ri tapajos",20,"Tabela 22 – Caracterização Hospitalar – Equip de Manutenção da Vida, Equip de Diagnóstico e Infra - 2025 ri tapajos","..\..\Desktop\tabelas-powerBI\11 Tapajós\Tabela 22 – Caracterização Hospitalar – Equip de Manutenção da Vida, Equip de Diagnóstico e Infra - 2025 ri tapajos.xlsx",Tapajós,197,4.0
Jacareacanga,11 Tapajós,22,"Tabela 22 – Caracterização Hospitalar – Equip de Manutenção da Vida, Equip de Diagnóstico e Infra - 2025 ri tapajos",20,"Tabela 22 – Caracterização Hospitalar – Equip de Manutenção da Vida, Equip de Diagnóstico e Infra - 2025 ri tapajos","..\..\Desktop\tabelas-powerBI\11 Tapajós\Tabela 22 – Caracterização Hospitalar – Equip de Manutenção da Vida, Equip de Diagnóstico e Infra - 2025 ri tapajos.xlsx",Tapajós,197,0.0
Novo Progresso,11 Tapajós,22,"Tabela 22 – Caracterização Hospitalar – Equip de Manutenção da Vida, Equip de Diagnóstico e Infra - 2025 ri tapajos",20,"Tabela 22 – Caracterização Hospitalar – Equip de Manutenção da Vida, Equip de Diagnóstico e Infra - 2025 ri tapajos","..\..\Desktop\tabelas-powerBI\11 Tapajós\Tabela 22 – Caracterização Hospitalar – Equip de Manutenção da Vida, Equip de Diagnóstico e Infra - 2025 ri tapajos.xlsx",Tapajós,197,2.0
Rurópolis,11 Tapajós,22,"Tabela 22 – Caracterização Hospitalar – Equip de Manutenção da Vida, Equip de Diagnóstico e Infra - 2025 ri tapajos",20,"Tabela 22 – Caracterização Hospitalar – Equip de Manutenção da Vida, Equip de Diagnóstico e Infra - 2025 ri tapajos","..\..\Desktop\tabelas-powerBI\11 Tapajós\Tabela 22 – Caracterização Hospitalar – Equip de Manutenção da Vida, Equip de Diagnóstico e Infra - 2025 ri tapajos.xlsx",Tapajós,197,2.0
Trairão,11 Tapajós,22,"Tabela 22 – Caracterização Hospitalar – Equip de Manutenção da Vida, Equip de Diagnóstico e Infra - 2025 ri tapajos",20,"Tabela 22 – Caracterização Hospitalar – Equip de Manutenção da Vida, Equip de Diagnóstico e Infra - 2025 ri tapajos","..\..\Desktop\tabelas-powerBI\11 Tapajós\Tabela 22 – Caracterização Hospitalar – Equip de Manutenção da Vida, Equip de Diagnóstico e Infra - 2025 ri tapajos.xlsx",Tapajós,197,0.0
Fonte: DATASUS,11 Tapajós,22,"Tabela 22 – Caracterização Hospitalar – Equip de Manutenção da Vida, Equip de Diagnóstico e Infra - 2025 ri tapajos",20,"Tabela 22 – Caracterização Hospitalar – Equip de Manutenção da Vida, Equip de Diagnóstico e Infra - 2025 ri tapajos","..\..\Desktop\tabelas-powerBI\11 Tapajós\Tabela 22 – Caracterização Hospitalar – Equip de Manutenção da Vida, Equip de Diagnóstico e Infra - 2025 ri tapajos.xlsx",Tapajós,197,
Elaboração: FAPESPA,11 Tapajós,22,"Tabela 22 – Caracterização Hospitalar – Equip de Manutenção da Vida, Equip de Diagnóstico e Infra - 2025 ri tapajos",20,"Tabela 22 – Caracterização Hospitalar – Equip de Manutenção da Vida, Equip de Diagnóstico e Infra - 2025 ri tapajos","..\..\Desktop\tabelas-powerBI\11 Tapajós\Tabela 22 – Caracterização Hospitalar – Equip de Manutenção da Vida, Equip de Diagnóstico e Infra - 2025 ri tapajos.xlsx",Tapajós,197,
*Nota: Dados referentes a Outubro/2025.,11 Tapajós,22,"Tabela 22 – Caracterização Hospitalar – Equip de Manutenção da Vida, Equip de Diagnóstico e Infra - 2025 ri tapajos",20,"Tabela 22 – Caracterização Hospitalar – Equip de Manutenção da Vida, Equip de Diagnóstico e Infra - 2025 ri tapajos","..\..\Desktop\tabelas-powerBI\11 Tapajós\Tabela 22 – Caracterização Hospitalar – Equip de Manutenção da Vida, Equip de Diagnóstico e Infra - 2025 ri tapajos.xlsx",Tapajós,197,
RI Tapajós,11 Tapajós,22,"Tabela 22 – Caracterização Hospitalar – Equip de Manutenção da Vida, Equip de Diagnóstico e Infra - 2025 ri tapajos",20,"Tabela 22 – Caracterização Hospitalar – Equip de Manutenção da Vida, Equip de Diagnóstico e Infra - 2025 ri tapajos","..\..\Desktop\tabelas-powerBI\11 Tapajós\Tabela 22 – Caracterização Hospitalar – Equip de Manutenção da Vida, Equip de Diagnóstico e Infra - 2025 ri tapajos.xlsx",Tapajós,19075,786.0
Aveiro,11 Tapajós,22,"Tabela 22 – Caracterização Hospitalar – Equip de Manutenção da Vida, Equip de Diagnóstico e Infra - 2025 ri tapajos",20,"Tabela 22 – Caracterização Hospitalar – Equip de Manutenção da Vida, Equip de Diagnóstico e Infra - 2025 ri tapajos","..\..\Desktop\tabelas-powerBI\11 Tapajós\Tabela 22 – Caracterização Hospitalar – Equip de Manutenção da Vida, Equip de Diagnóstico e Infra - 2025 ri tapajos.xlsx",Tapajós,19075,0.0
Itaituba,11 Tapajós,22,"Tabela 22 – Caracterização Hospitalar – Equip de Manutenção da Vida, Equip de Diagnóstico e Infra - 2025 ri tapajos",20,"Tabela 22 – Caracterização Hospitalar – Equip de Manutenção da Vida, Equip de Diagnóstico e Infra - 2025 ri tapajos","..\..\Desktop\tabelas-powerBI\11 Tapajós\Tabela 22 – Caracterização Hospitalar – Equip de Manutenção da Vida, Equip de Diagnóstico e Infra - 2025 ri tapajos.xlsx",Tapajós,19075,556.0
Jacareacanga,11 Tapajós,22,"Tabela 22 – Caracterização Hospitalar – Equip de Manutenção da Vida, Equip de Diagnóstico e Infra - 2025 ri tapajos",20,"Tabela 22 – Caracterização Hospitalar – Equip de Manutenção da Vida, Equip de Diagnóstico e Infra - 2025 ri tapajos","..\..\Desktop\tabelas-powerBI\11 Tapajós\Tabela 22 – Caracterização Hospitalar – Equip de Manutenção da Vida, Equip de Diagnóstico e Infra - 2025 ri tapajos.xlsx",Tapajós,19075,15.0
Novo Progresso,11 Tapajós,22,"Tabela 22 – Caracterização Hospitalar – Equip de Manutenção da Vida, Equip de Diagnóstico e Infra - 2025 ri tapajos",20,"Tabela 22 – Caracterização Hospitalar – Equip de Manutenção da Vida, Equip de Diagnóstico e Infra - 2025 ri tapajos","..\..\Desktop\tabelas-powerBI\11 Tapajós\Tabela 22 – Caracterização Hospitalar – Equip de Manutenção da Vida, Equip de Diagnóstico e Infra - 2025 ri tapajos.xlsx",Tapajós,19075,61.0
Rurópolis,11 Tapajós,22,"Tabela 22 – Caracterização Hospitalar – Equip de Manutenção da Vida, Equip de Diagnóstico e Infra - 2025 ri tapajos",20,"Tabela 22 – Caracterização Hospitalar – Equip de Manutenção da Vida, Equip de Diagnóstico e Infra - 2025 ri tapajos","..\..\Desktop\tabelas-powerBI\11 Tapajós\Tabela 22 – Caracterização Hospitalar – Equip de Manutenção da Vida, Equip de Diagnóstico e Infra - 2025 ri tapajos.xlsx",Tapajós,19075,102.0
Trairão,11 Tapajós,22,"Tabela 22 – Caracterização Hospitalar – Equip de Manutenção da Vida, Equip de Diagnóstico e Infra - 2025 ri tapajos",20,"Tabela 22 – Caracterização Hospitalar – Equip de Manutenção da Vida, Equip de Diagnóstico e Infra - 2025 ri tapajos","..\..\Desktop\tabelas-powerBI\11 Tapajós\Tabela 22 – Caracterização Hospitalar – Equip de Manutenção da Vida, Equip de Diagnóstico e Infra - 2025 ri tapajos.xlsx",Tapajós,19075,52.0
Fonte: DATASUS,11 Tapajós,22,"Tabela 22 – Caracterização Hospitalar – Equip de Manutenção da Vida, Equip de Diagnóstico e Infra - 2025 ri tapajos",20,"Tabela 22 – Caracterização Hospitalar – Equip de Manutenção da Vida, Equip de Diagnóstico e Infra - 2025 ri tapajos","..\..\Desktop\tabelas-powerBI\11 Tapajós\Tabela 22 – Caracterização Hospitalar – Equip de Manutenção da Vida, Equip de Diagnóstico e Infra - 2025 ri tapajos.xlsx",Tapajós,19075,
Elaboração: FAPESPA,11 Tapajós,22,"Tabela 22 – Caracterização Hospitalar – Equip de Manutenção da Vida, Equip de Diagnóstico e Infra - 2025 ri tapajos",20,"Tabela 22 – Caracterização Hospitalar – Equip de Manutenção da Vida, Equip de Diagnóstico e Infra - 2025 ri tapajos","..\..\Desktop\tabelas-powerBI\11 Tapajós\Tabela 22 – Caracterização Hospitalar – Equip de Manutenção da Vida, Equip de Diagnóstico e Infra - 2025 ri tapajos.xlsx",Tapajós,19075,
*Nota: Dados referentes a Outubro/2025.,11 Tapajós,22,"Tabela 22 – Caracterização Hospitalar – Equip de Manutenção da Vida, Equip de Diagnóstico e Infra - 2025 ri tapajos",20,"Tabela 22 – Caracterização Hospitalar – Equip de Manutenção da Vida, Equip de Diagnóstico e Infra - 2025 ri tapajos","..\..\Desktop\tabelas-powerBI\11 Tapajós\Tabela 22 – Caracterização Hospitalar – Equip de Manutenção da Vida, Equip de Diagnóstico e Infra - 2025 ri tapajos.xlsx",Tapajós,19075,
RI Tapajós,11 Tapajós,22,"Tabela 22 – Caracterização Hospitalar – Equip de Manutenção da Vida, Equip de Diagnóstico e Infra - 2025 ri tapajos",20,"Tabela 22 – Caracterização Hospitalar – Equip de Manutenção da Vida, Equip de Diagnóstico e Infra - 2025 ri tapajos","..\..\Desktop\tabelas-powerBI\11 Tapajós\Tabela 22 – Caracterização Hospitalar – Equip de Manutenção da Vida, Equip de Diagnóstico e Infra - 2025 ri tapajos.xlsx",Tapajós,18607,786.0
Aveiro,11 Tapajós,22,"Tabela 22 – Caracterização Hospitalar – Equip de Manutenção da Vida, Equip de Diagnóstico e Infra - 2025 ri tapajos",20,"Tabela 22 – Caracterização Hospitalar – Equip de Manutenção da Vida, Equip de Diagnóstico e Infra - 2025 ri tapajos","..\..\Desktop\tabelas-powerBI\11 Tapajós\Tabela 22 – Caracterização Hospitalar – Equip de Manutenção da Vida, Equip de Diagnóstico e Infra - 2025 ri tapajos.xlsx",Tapajós,18607,0.0
Itaituba,11 Tapajós,22,"Tabela 22 – Caracterização Hospitalar – Equip de Manutenção da Vida, Equip de Diagnóstico e Infra - 2025 ri tapajos",20,"Tabela 22 – Caracterização Hospitalar – Equip de Manutenção da Vida, Equip de Diagnóstico e Infra - 2025 ri tapajos","..\..\Desktop\tabelas-powerBI\11 Tapajós\Tabela 22 – Caracterização Hospitalar – Equip de Manutenção da Vida, Equip de Diagnóstico e Infra - 2025 ri tapajos.xlsx",Tapajós,18607,556.0
Jacareacanga,11 Tapajós,22,"Tabela 22 – Caracterização Hospitalar – Equip de Manutenção da Vida, Equip de Diagnóstico e Infra - 2025 ri tapajos",20,"Tabela 22 – Caracterização Hospitalar – Equip de Manutenção da Vida, Equip de Diagnóstico e Infra - 2025 ri tapajos","..\..\Desktop\tabelas-powerBI\11 Tapajós\Tabela 22 – Caracterização Hospitalar – Equip de Manutenção da Vida, Equip de Diagnóstico e Infra - 2025 ri tapajos.xlsx",Tapajós,18607,15.0
Novo Progresso,11 Tapajós,22,"Tabela 22 – Caracterização Hospitalar – Equip de Manutenção da Vida, Equip de Diagnóstico e Infra - 2025 ri tapajos",20,"Tabela 22 – Caracterização Hospitalar – Equip de Manutenção da Vida, Equip de Diagnóstico e Infra - 2025 ri tapajos","..\..\Desktop\tabelas-powerBI\11 Tapajós\Tabela 22 – Caracterização Hospitalar – Equip de Manutenção da Vida, Equip de Diagnóstico e Infra - 2025 ri tapajos.xlsx",Tapajós,18607,61.0
Rurópolis,11 Tapajós,22,"Tabela 22 – Caracterização Hospitalar – Equip de Manutenção da Vida, Equip de Diagnóstico e Infra - 2025 ri tapajos",20,"Tabela 22 – Caracterização Hospitalar – Equip de Manutenção da Vida, Equip de Diagnóstico e Infra - 2025 ri tapajos","..\..\Desktop\tabelas-powerBI\11 Tapajós\Tabela 22 – Caracterização Hospitalar – Equip de Manutenção da Vida, Equip de Diagnóstico e Infra - 2025 ri tapajos.xlsx",Tapajós,18607,102.0
Trairão,11 Tapajós,22,"Tabela 22 – Caracterização Hospitalar – Equip de Manutenção da Vida, Equip de Diagnóstico e Infra - 2025 ri tapajos",20,"Tabela 22 – Caracterização Hospitalar – Equip de Manutenção da Vida, Equip de Diagnóstico e Infra - 2025 ri tapajos","..\..\Desktop\tabelas-powerBI\11 Tapajós\Tabela 22 – Caracterização Hospitalar – Equip de Manutenção da Vida, Equip de Diagnóstico e Infra - 2025 ri tapajos.xlsx",Tapajós,18607,52.0
Fonte: DATASUS,11 Tapajós,22,"Tabela 22 – Caracterização Hospitalar – Equip de Manutenção da Vida, Equip de Diagnóstico e Infra - 2025 ri tapajos",20,"Tabela 22 – Caracterização Hospitalar – Equip de Manutenção da Vida, Equip de Diagnóstico e Infra - 2025 ri tapajos","..\..\Desktop\tabelas-powerBI\11 Tapajós\Tabela 22 – Caracterização Hospitalar – Equip de Manutenção da Vida, Equip de Diagnóstico e Infra - 2025 ri tapajos.xlsx",Tapajós,18607,
Elaboração: FAPESPA,11 Tapajós,22,"Tabela 22 – Caracterização Hospitalar – Equip de Manutenção da Vida, Equip de Diagnóstico e Infra - 2025 ri tapajos",20,"Tabela 22 – Caracterização Hospitalar – Equip de Manutenção da Vida, Equip de Diagnóstico e Infra - 2025 ri tapajos","..\..\Desktop\tabelas-powerBI\11 Tapajós\Tabela 22 – Caracterização Hospitalar – Equip de Manutenção da Vida, Equip de Diagnóstico e Infra - 2025 ri tapajos.xlsx",Tapajós,18607,
*Nota: Dados referentes a Outubro/2025.,11 Tapajós,22,"Tabela 22 – Caracterização Hospitalar – Equip de Manutenção da Vida, Equip de Diagnóstico e Infra - 2025 ri tapajos",20,"Tabela 22 – Caracterização Hospitalar – Equip de Manutenção da Vida, Equip de Diagnóstico e Infra - 2025 ri tapajos","..\..\Desktop\tabelas-powerBI\11 Tapajós\Tabela 22 – Caracterização Hospitalar – Equip de Manutenção da Vida, Equip de Diagnóstico e Infra - 2025 ri tapajos.xlsx",Tapajós,18607,
RI Tapajós,11 Tapajós,22,"Tabela 22 – Caracterização Hospitalar – Equip de Manutenção da Vida, Equip de Diagnóstico e Infra - 2025 ri tapajos",20,"Tabela 22 – Caracterização Hospitalar – Equip de Manutenção da Vida, Equip de Diagnóstico e Infra - 2025 ri tapajos","..\..\Desktop\tabelas-powerBI\11 Tapajós\Tabela 22 – Caracterização Hospitalar – Equip de Manutenção da Vida, Equip de Diagnóstico e Infra - 2025 ri tapajos.xlsx",Tapajós,506,18.0
Aveiro,11 Tapajós,22,"Tabela 22 – Caracterização Hospitalar – Equip de Manutenção da Vida, Equip de Diagnóstico e Infra - 2025 ri tapajos",20,"Tabela 22 – Caracterização Hospitalar – Equip de Manutenção da Vida, Equip de Diagnóstico e Infra - 2025 ri tapajos","..\..\Desktop\tabelas-powerBI\11 Tapajós\Tabela 22 – Caracterização Hospitalar – Equip de Manutenção da Vida, Equip de Diagnóstico e Infra - 2025 ri tapajos.xlsx",Tapajós,506,0.0
Itaituba,11 Tapajós,22,"Tabela 22 – Caracterização Hospitalar – Equip de Manutenção da Vida, Equip de Diagnóstico e Infra - 2025 ri tapajos",20,"Tabela 22 – Caracterização Hospitalar – Equip de Manutenção da Vida, Equip de Diagnóstico e Infra - 2025 ri tapajos","..\..\Desktop\tabelas-powerBI\11 Tapajós\Tabela 22 – Caracterização Hospitalar – Equip de Manutenção da Vida, Equip de Diagnóstico e Infra - 2025 ri tapajos.xlsx",Tapajós,506,11.0
Jacareacanga,11 Tapajós,22,"Tabela 22 – Caracterização Hospitalar – Equip de Manutenção da Vida, Equip de Diagnóstico e Infra - 2025 ri tapajos",20,"Tabela 22 – Caracterização Hospitalar – Equip de Manutenção da Vida, Equip de Diagnóstico e Infra - 2025 ri tapajos","..\..\Desktop\tabelas-powerBI\11 Tapajós\Tabela 22 – Caracterização Hospitalar – Equip de Manutenção da Vida, Equip de Diagnóstico e Infra - 2025 ri tapajos.xlsx",Tapajós,506,2.0
Novo Progresso,11 Tapajós,22,"Tabela 22 – Caracterização Hospitalar – Equip de Manutenção da Vida, Equip de Diagnóstico e Infra - 2025 ri tapajos",20,"Tabela 22 – Caracterização Hospitalar – Equip de Manutenção da Vida, Equip de Diagnóstico e Infra - 2025 ri tapajos","..\..\Desktop\tabelas-powerBI\11 Tapajós\Tabela 22 – Caracterização Hospitalar – Equip de Manutenção da Vida, Equip de Diagnóstico e Infra - 2025 ri tapajos.xlsx",Tapajós,506,3.0
Rurópolis,11 Tapajós,22,"Tabela 22 – Caracterização Hospitalar – Equip de Manutenção da Vida, Equip de Diagnóstico e Infra - 2025 ri tapajos",20,"Tabela 22 – Caracterização Hospitalar – Equip de Manutenção da Vida, Equip de Diagnóstico e Infra - 2025 ri tapajos","..\..\Desktop\tabelas-powerBI\11 Tapajós\Tabela 22 – Caracterização Hospitalar – Equip de Manutenção da Vida, Equip de Diagnóstico e Infra - 2025 ri tapajos.xlsx",Tapajós,506,1.0
Trairão,11 Tapajós,22,"Tabela 22 – Caracterização Hospitalar – Equip de Manutenção da Vida, Equip de Diagnóstico e Infra - 2025 ri tapajos",20,"Tabela 22 – Caracterização Hospitalar – Equip de Manutenção da Vida, Equip de Diagnóstico e Infra - 2025 ri tapajos","..\..\Desktop\tabelas-powerBI\11 Tapajós\Tabela 22 – Caracterização Hospitalar – Equip de Manutenção da Vida, Equip de Diagnóstico e Infra - 2025 ri tapajos.xlsx",Tapajós,506,1.0
Fonte: DATASUS,11 Tapajós,22,"Tabela 22 – Caracterização Hospitalar – Equip de Manutenção da Vida, Equip de Diagnóstico e Infra - 2025 ri tapajos",20,"Tabela 22 – Caracterização Hospitalar – Equip de Manutenção da Vida, Equip de Diagnóstico e Infra - 2025 ri tapajos","..\..\Desktop\tabelas-powerBI\11 Tapajós\Tabela 22 – Caracterização Hospitalar – Equip de Manutenção da Vida, Equip de Diagnóstico e Infra - 2025 ri tapajos.xlsx",Tapajós,506,
Elaboração: FAPESPA,11 Tapajós,22,"Tabela 22 – Caracterização Hospitalar – Equip de Manutenção da Vida, Equip de Diagnóstico e Infra - 2025 ri tapajos",20,"Tabela 22 – Caracterização Hospitalar – Equip de Manutenção da Vida, Equip de Diagnóstico e Infra - 2025 ri tapajos","..\..\Desktop\tabelas-powerBI\11 Tapajós\Tabela 22 – Caracterização Hospitalar – Equip de Manutenção da Vida, Equip de Diagnóstico e Infra - 2025 ri tapajos.xlsx",Tapajós,506,
*Nota: Dados referentes a Outubro/2025.,11 Tapajós,22,"Tabela 22 – Caracterização Hospitalar – Equip de Manutenção da Vida, Equip de Diagnóstico e Infra - 2025 ri tapajos",20,"Tabela 22 – Caracterização Hospitalar – Equip de Manutenção da Vida, Equip de Diagnóstico e Infra - 2025 ri tapajos","..\..\Desktop\tabelas-powerBI\11 Tapajós\Tabela 22 – Caracterização Hospitalar – Equip de Manutenção da Vida, Equip de Diagnóstico e Infra - 2025 ri tapajos.xlsx",Tapajós,506,
RI Tapajós,11 Tapajós,22,"Tabela 22 – Caracterização Hospitalar – Equip de Manutenção da Vida, Equip de Diagnóstico e Infra - 2025 ri tapajos",20,"Tabela 22 – Caracterização Hospitalar – Equip de Manutenção da Vida, Equip de Diagnóstico e Infra - 2025 ri tapajos","..\..\Desktop\tabelas-powerBI\11 Tapajós\Tabela 22 – Caracterização Hospitalar – Equip de Manutenção da Vida, Equip de Diagnóstico e Infra - 2025 ri tapajos.xlsx",Tapajós,493,18.0
Aveiro,11 Tapajós,22,"Tabela 22 – Caracterização Hospitalar – Equip de Manutenção da Vida, Equip de Diagnóstico e Infra - 2025 ri tapajos",20,"Tabela 22 – Caracterização Hospitalar – Equip de Manutenção da Vida, Equip de Diagnóstico e Infra - 2025 ri tapajos","..\..\Desktop\tabelas-powerBI\11 Tapajós\Tabela 22 – Caracterização Hospitalar – Equip de Manutenção da Vida, Equip de Diagnóstico e Infra - 2025 ri tapajos.xlsx",Tapajós,493,0.0
Itaituba,11 Tapajós,22,"Tabela 22 – Caracterização Hospitalar – Equip de Manutenção da Vida, Equip de Diagnóstico e Infra - 2025 ri tapajos",20,"Tabela 22 – Caracterização Hospitalar – Equip de Manutenção da Vida, Equip de Diagnóstico e Infra - 2025 ri tapajos","..\..\Desktop\tabelas-powerBI\11 Tapajós\Tabela 22 – Caracterização Hospitalar – Equip de Manutenção da Vida, Equip de Diagnóstico e Infra - 2025 ri tapajos.xlsx",Tapajós,493,11.0
Jacareacanga,11 Tapajós,22,"Tabela 22 – Caracterização Hospitalar – Equip de Manutenção da Vida, Equip de Diagnóstico e Infra - 2025 ri tapajos",20,"Tabela 22 – Caracterização Hospitalar – Equip de Manutenção da Vida, Equip de Diagnóstico e Infra - 2025 ri tapajos","..\..\Desktop\tabelas-powerBI\11 Tapajós\Tabela 22 – Caracterização Hospitalar – Equip de Manutenção da Vida, Equip de Diagnóstico e Infra - 2025 ri tapajos.xlsx",Tapajós,493,2.0
Novo Progresso,11 Tapajós,22,"Tabela 22 – Caracterização Hospitalar – Equip de Manutenção da Vida, Equip de Diagnóstico e Infra - 2025 ri tapajos",20,"Tabela 22 – Caracterização Hospitalar – Equip de Manutenção da Vida, Equip de Diagnóstico e Infra - 2025 ri tapajos","..\..\Desktop\tabelas-powerBI\11 Tapajós\Tabela 22 – Caracterização Hospitalar – Equip de Manutenção da Vida, Equip de Diagnóstico e Infra - 2025 ri tapajos.xlsx",Tapajós,493,3.0
Rurópolis,11 Tapajós,22,"Tabela 22 – Caracterização Hospitalar – Equip de Manutenção da Vida, Equip de Diagnóstico e Infra - 2025 ri tapajos",20,"Tabela 22 – Caracterização Hospitalar – Equip de Manutenção da Vida, Equip de Diagnóstico e Infra - 2025 ri tapajos","..\..\Desktop\tabelas-powerBI\11 Tapajós\Tabela 22 – Caracterização Hospitalar – Equip de Manutenção da Vida, Equip de Diagnóstico e Infra - 2025 ri tapajos.xlsx",Tapajós,493,1.0
Trairão,11 Tapajós,22,"Tabela 22 – Caracterização Hospitalar – Equip de Manutenção da Vida, Equip de Diagnóstico e Infra - 2025 ri tapajos",20,"Tabela 22 – Caracterização Hospitalar – Equip de Manutenção da Vida, Equip de Diagnóstico e Infra - 2025 ri tapajos","..\..\Desktop\tabelas-powerBI\11 Tapajós\Tabela 22 – Caracterização Hospitalar – Equip de Manutenção da Vida, Equip de Diagnóstico e Infra - 2025 ri tapajos.xlsx",Tapajós,493,1.0
Fonte: DATASUS,11 Tapajós,22,"Tabela 22 – Caracterização Hospitalar – Equip de Manutenção da Vida, Equip de Diagnóstico e Infra - 2025 ri tapajos",20,"Tabela 22 – Caracterização Hospitalar – Equip de Manutenção da Vida, Equip de Diagnóstico e Infra - 2025 ri tapajos","..\..\Desktop\tabelas-powerBI\11 Tapajós\Tabela 22 – Caracterização Hospitalar – Equip de Manutenção da Vida, Equip de Diagnóstico e Infra - 2025 ri tapajos.xlsx",Tapajós,493,
Elaboração: FAPESPA,11 Tapajós,22,"Tabela 22 – Caracterização Hospitalar – Equip de Manutenção da Vida, Equip de Diagnóstico e Infra - 2025 ri tapajos",20,"Tabela 22 – Caracterização Hospitalar – Equip de Manutenção da Vida, Equip de Diagnóstico e Infra - 2025 ri tapajos","..\..\Desktop\tabelas-powerBI\11 Tapajós\Tabela 22 – Caracterização Hospitalar – Equip de Manutenção da Vida, Equip de Diagnóstico e Infra - 2025 ri tapajos.xlsx",Tapajós,493,
*Nota: Dados referentes a Outubro/2025.,11 Tapajós,22,"Tabela 22 – Caracterização Hospitalar – Equip de Manutenção da Vida, Equip de Diagnóstico e Infra - 2025 ri tapajos",20,"Tabela 22 – Caracterização Hospitalar – Equip de Manutenção da Vida, Equip de Diagnóstico e Infra - 2025 ri tapajos","..\..\Desktop\tabelas-powerBI\11 Tapajós\Tabela 22 – Caracterização Hospitalar – Equip de Manutenção da Vida, Equip de Diagnóstico e Infra - 2025 ri tapajos.xlsx",Tapajós,493,
RI Tapajós,11 Tapajós,22,"Tabela 22 – Caracterização Hospitalar – Equip de Manutenção da Vida, Equip de Diagnóstico e Infra - 2025 ri tapajos",20,"Tabela 22 – Caracterização Hospitalar – Equip de Manutenção da Vida, Equip de Diagnóstico e Infra - 2025 ri tapajos","..\..\Desktop\tabelas-powerBI\11 Tapajós\Tabela 22 – Caracterização Hospitalar – Equip de Manutenção da Vida, Equip de Diagnóstico e Infra - 2025 ri tapajos.xlsx",Tapajós,172,3.0
Aveiro,11 Tapajós,22,"Tabela 22 – Caracterização Hospitalar – Equip de Manutenção da Vida, Equip de Diagnóstico e Infra - 2025 ri tapajos",20,"Tabela 22 – Caracterização Hospitalar – Equip de Manutenção da Vida, Equip de Diagnóstico e Infra - 2025 ri tapajos","..\..\Desktop\tabelas-powerBI\11 Tapajós\Tabela 22 – Caracterização Hospitalar – Equip de Manutenção da Vida, Equip de Diagnóstico e Infra - 2025 ri tapajos.xlsx",Tapajós,172,0.0
Itaituba,11 Tapajós,22,"Tabela 22 – Caracterização Hospitalar – Equip de Manutenção da Vida, Equip de Diagnóstico e Infra - 2025 ri tapajos",20,"Tabela 22 – Caracterização Hospitalar – Equip de Manutenção da Vida, Equip de Diagnóstico e Infra - 2025 ri tapajos","..\..\Desktop\tabelas-powerBI\11 Tapajós\Tabela 22 – Caracterização Hospitalar – Equip de Manutenção da Vida, Equip de Diagnóstico e Infra - 2025 ri tapajos.xlsx",Tapajós,172,1.0
Jacareacanga,11 Tapajós,22,"Tabela 22 – Caracterização Hospitalar – Equip de Manutenção da Vida, Equip de Diagnóstico e Infra - 2025 ri tapajos",20,"Tabela 22 – Caracterização Hospitalar – Equip de Manutenção da Vida, Equip de Diagnóstico e Infra - 2025 ri tapajos","..\..\Desktop\tabelas-powerBI\11 Tapajós\Tabela 22 – Caracterização Hospitalar – Equip de Manutenção da Vida, Equip de Diagnóstico e Infra - 2025 ri tapajos.xlsx",Tapajós,172,1.0
Novo Progresso,11 Tapajós,22,"Tabela 22 – Caracterização Hospitalar – Equip de Manutenção da Vida, Equip de Diagnóstico e Infra - 2025 ri tapajos",20,"Tabela 22 – Caracterização Hospitalar – Equip de Manutenção da Vida, Equip de Diagnóstico e Infra - 2025 ri tapajos","..\..\Desktop\tabelas-powerBI\11 Tapajós\Tabela 22 – Caracterização Hospitalar – Equip de Manutenção da Vida, Equip de Diagnóstico e Infra - 2025 ri tapajos.xlsx",Tapajós,172,0.0
Rurópolis,11 Tapajós,22,"Tabela 22 – Caracterização Hospitalar – Equip de Manutenção da Vida, Equip de Diagnóstico e Infra - 2025 ri tapajos",20,"Tabela 22 – Caracterização Hospitalar – Equip de Manutenção da Vida, Equip de Diagnóstico e Infra - 2025 ri tapajos","..\..\Desktop\tabelas-powerBI\11 Tapajós\Tabela 22 – Caracterização Hospitalar – Equip de Manutenção da Vida, Equip de Diagnóstico e Infra - 2025 ri tapajos.xlsx",Tapajós,172,1.0
Trairão,11 Tapajós,22,"Tabela 22 – Caracterização Hospitalar – Equip de Manutenção da Vida, Equip de Diagnóstico e Infra - 2025 ri tapajos",20,"Tabela 22 – Caracterização Hospitalar – Equip de Manutenção da Vida, Equip de Diagnóstico e Infra - 2025 ri tapajos","..\..\Desktop\tabelas-powerBI\11 Tapajós\Tabela 22 – Caracterização Hospitalar – Equip de Manutenção da Vida, Equip de Diagnóstico e Infra - 2025 ri tapajos.xlsx",Tapajós,172,0.0
Fonte: DATASUS,11 Tapajós,22,"Tabela 22 – Caracterização Hospitalar – Equip de Manutenção da Vida, Equip de Diagnóstico e Infra - 2025 ri tapajos",20,"Tabela 22 – Caracterização Hospitalar – Equip de Manutenção da Vida, Equip de Diagnóstico e Infra - 2025 ri tapajos","..\..\Desktop\tabelas-powerBI\11 Tapajós\Tabela 22 – Caracterização Hospitalar – Equip de Manutenção da Vida, Equip de Diagnóstico e Infra - 2025 ri tapajos.xlsx",Tapajós,172,
Elaboração: FAPESPA,11 Tapajós,22,"Tabela 22 – Caracterização Hospitalar – Equip de Manutenção da Vida, Equip de Diagnóstico e Infra - 2025 ri tapajos",20,"Tabela 22 – Caracterização Hospitalar – Equip de Manutenção da Vida, Equip de Diagnóstico e Infra - 2025 ri tapajos","..\..\Desktop\tabelas-powerBI\11 Tapajós\Tabela 22 – Caracterização Hospitalar – Equip de Manutenção da Vida, Equip de Diagnóstico e Infra - 2025 ri tapajos.xlsx",Tapajós,172,
*Nota: Dados referentes a Outubro/2025.,11 Tapajós,22,"Tabela 22 – Caracterização Hospitalar – Equip de Manutenção da Vida, Equip de Diagnóstico e Infra - 2025 ri tapajos",20,"Tabela 22 – Caracterização Hospitalar – Equip de Manutenção da Vida, Equip de Diagnóstico e Infra - 2025 ri tapajos","..\..\Desktop\tabelas-powerBI\11 Tapajós\Tabela 22 – Caracterização Hospitalar – Equip de Manutenção da Vida, Equip de Diagnóstico e Infra - 2025 ri tapajos.xlsx",Tapajós,172,
RI Tapajós,11 Tapajós,22,"Tabela 22 – Caracterização Hospitalar – Equip de Manutenção da Vida, Equip de Diagnóstico e Infra - 2025 ri tapajos",20,"Tabela 22 – Caracterização Hospitalar – Equip de Manutenção da Vida, Equip de Diagnóstico e Infra - 2025 ri tapajos","..\..\Desktop\tabelas-powerBI\11 Tapajós\Tabela 22 – Caracterização Hospitalar – Equip de Manutenção da Vida, Equip de Diagnóstico e Infra - 2025 ri tapajos.xlsx",Tapajós,165,3.0
Aveiro,11 Tapajós,22,"Tabela 22 – Caracterização Hospitalar – Equip de Manutenção da Vida, Equip de Diagnóstico e Infra - 2025 ri tapajos",20,"Tabela 22 – Caracterização Hospitalar – Equip de Manutenção da Vida, Equip de Diagnóstico e Infra - 2025 ri tapajos","..\..\Desktop\tabelas-powerBI\11 Tapajós\Tabela 22 – Caracterização Hospitalar – Equip de Manutenção da Vida, Equip de Diagnóstico e Infra - 2025 ri tapajos.xlsx",Tapajós,165,0.0
Itaituba,11 Tapajós,22,"Tabela 22 – Caracterização Hospitalar – Equip de Manutenção da Vida, Equip de Diagnóstico e Infra - 2025 ri tapajos",20,"Tabela 22 – Caracterização Hospitalar – Equip de Manutenção da Vida, Equip de Diagnóstico e Infra - 2025 ri tapajos","..\..\Desktop\tabelas-powerBI\11 Tapajós\Tabela 22 – Caracterização Hospitalar – Equip de Manutenção da Vida, Equip de Diagnóstico e Infra - 2025 ri tapajos.xlsx",Tapajós,165,1.0
Jacareacanga,11 Tapajós,22,"Tabela 22 – Caracterização Hospitalar – Equip de Manutenção da Vida, Equip de Diagnóstico e Infra - 2025 ri tapajos",20,"Tabela 22 – Caracterização Hospitalar – Equip de Manutenção da Vida, Equip de Diagnóstico e Infra - 2025 ri tapajos","..\..\Desktop\tabelas-powerBI\11 Tapajós\Tabela 22 – Caracterização Hospitalar – Equip de Manutenção da Vida, Equip de Diagnóstico e Infra - 2025 ri tapajos.xlsx",Tapajós,165,1.0
Novo Progresso,11 Tapajós,22,"Tabela 22 – Caracterização Hospitalar – Equip de Manutenção da Vida, Equip de Diagnóstico e Infra - 2025 ri tapajos",20,"Tabela 22 – Caracterização Hospitalar – Equip de Manutenção da Vida, Equip de Diagnóstico e Infra - 2025 ri tapajos","..\..\Desktop\tabelas-powerBI\11 Tapajós\Tabela 22 – Caracterização Hospitalar – Equip de Manutenção da Vida, Equip de Diagnóstico e Infra - 2025 ri tapajos.xlsx",Tapajós,165,0.0
Rurópolis,11 Tapajós,22,"Tabela 22 – Caracterização Hospitalar – Equip de Manutenção da Vida, Equip de Diagnóstico e Infra - 2025 ri tapajos",20,"Tabela 22 – Caracterização Hospitalar – Equip de Manutenção da Vida, Equip de Diagnóstico e Infra - 2025 ri tapajos","..\..\Desktop\tabelas-powerBI\11 Tapajós\Tabela 22 – Caracterização Hospitalar – Equip de Manutenção da Vida, Equip de Diagnóstico e Infra - 2025 ri tapajos.xlsx",Tapajós,165,1.0
Trairão,11 Tapajós,22,"Tabela 22 – Caracterização Hospitalar – Equip de Manutenção da Vida, Equip de Diagnóstico e Infra - 2025 ri tapajos",20,"Tabela 22 – Caracterização Hospitalar – Equip de Manutenção da Vida, Equip de Diagnóstico e Infra - 2025 ri tapajos","..\..\Desktop\tabelas-powerBI\11 Tapajós\Tabela 22 – Caracterização Hospitalar – Equip de Manutenção da Vida, Equip de Diagnóstico e Infra - 2025 ri tapajos.xlsx",Tapajós,165,0.0
Fonte: DATASUS,11 Tapajós,22,"Tabela 22 – Caracterização Hospitalar – Equip de Manutenção da Vida, Equip de Diagnóstico e Infra - 2025 ri tapajos",20,"Tabela 22 – Caracterização Hospitalar – Equip de Manutenção da Vida, Equip de Diagnóstico e Infra - 2025 ri tapajos","..\..\Desktop\tabelas-powerBI\11 Tapajós\Tabela 22 – Caracterização Hospitalar – Equip de Manutenção da Vida, Equip de Diagnóstico e Infra - 2025 ri tapajos.xlsx",Tapajós,165,
Elaboração: FAPESPA,11 Tapajós,22,"Tabela 22 – Caracterização Hospitalar – Equip de Manutenção da Vida, Equip de Diagnóstico e Infra - 2025 ri tapajos",20,"Tabela 22 – Caracterização Hospitalar – Equip de Manutenção da Vida, Equip de Diagnóstico e Infra - 2025 ri tapajos","..\..\Desktop\tabelas-powerBI\11 Tapajós\Tabela 22 – Caracterização Hospitalar – Equip de Manutenção da Vida, Equip de Diagnóstico e Infra - 2025 ri tapajos.xlsx",Tapajós,165,
*Nota: Dados referentes a Outubro/2025.,11 Tapajós,22,"Tabela 22 – Caracterização Hospitalar – Equip de Manutenção da Vida, Equip de Diagnóstico e Infra - 2025 ri tapajos",20,"Tabela 22 – Caracterização Hospitalar – Equip de Manutenção da Vida, Equip de Diagnóstico e Infra - 2025 ri tapajos","..\..\Desktop\tabelas-powerBI\11 Tapajós\Tabela 22 – Caracterização Hospitalar – Equip de Manutenção da Vida, Equip de Diagnóstico e Infra - 2025 ri tapajos.xlsx",Tapajós,165,
RI Tapajós,11 Tapajós,22,"Tabela 22 – Caracterização Hospitalar – Equip de Manutenção da Vida, Equip de Diagnóstico e Infra - 2025 ri tapajos",20,"Tabela 22 – Caracterização Hospitalar – Equip de Manutenção da Vida, Equip de Diagnóstico e Infra - 2025 ri tapajos","..\..\Desktop\tabelas-powerBI\11 Tapajós\Tabela 22 – Caracterização Hospitalar – Equip de Manutenção da Vida, Equip de Diagnóstico e Infra - 2025 ri tapajos.xlsx",Tapajós,30067,1252.0
Aveiro,11 Tapajós,22,"Tabela 22 – Caracterização Hospitalar – Equip de Manutenção da Vida, Equip de Diagnóstico e Infra - 2025 ri tapajos",20,"Tabela 22 – Caracterização Hospitalar – Equip de Manutenção da Vida, Equip de Diagnóstico e Infra - 2025 ri tapajos","..\..\Desktop\tabelas-powerBI\11 Tapajós\Tabela 22 – Caracterização Hospitalar – Equip de Manutenção da Vida, Equip de Diagnóstico e Infra - 2025 ri tapajos.xlsx",Tapajós,30067,9.0
Itaituba,11 Tapajós,22,"Tabela 22 – Caracterização Hospitalar – Equip de Manutenção da Vida, Equip de Diagnóstico e Infra - 2025 ri tapajos",20,"Tabela 22 – Caracterização Hospitalar – Equip de Manutenção da Vida, Equip de Diagnóstico e Infra - 2025 ri tapajos","..\..\Desktop\tabelas-powerBI\11 Tapajós\Tabela 22 – Caracterização Hospitalar – Equip de Manutenção da Vida, Equip de Diagnóstico e Infra - 2025 ri tapajos.xlsx",Tapajós,30067,920.0
Jacareacanga,11 Tapajós,22,"Tabela 22 – Caracterização Hospitalar – Equip de Manutenção da Vida, Equip de Diagnóstico e Infra - 2025 ri tapajos",20,"Tabela 22 – Caracterização Hospitalar – Equip de Manutenção da Vida, Equip de Diagnóstico e Infra - 2025 ri tapajos","..\..\Desktop\tabelas-powerBI\11 Tapajós\Tabela 22 – Caracterização Hospitalar – Equip de Manutenção da Vida, Equip de Diagnóstico e Infra - 2025 ri tapajos.xlsx",Tapajós,30067,30.0
Novo Progresso,11 Tapajós,22,"Tabela 22 – Caracterização Hospitalar – Equip de Manutenção da Vida, Equip de Diagnóstico e Infra - 2025 ri tapajos",20,"Tabela 22 – Caracterização Hospitalar – Equip de Manutenção da Vida, Equip de Diagnóstico e Infra - 2025 ri tapajos","..\..\Desktop\tabelas-powerBI\11 Tapajós\Tabela 22 – Caracterização Hospitalar – Equip de Manutenção da Vida, Equip de Diagnóstico e Infra - 2025 ri tapajos.xlsx",Tapajós,30067,97.0
Rurópolis,11 Tapajós,22,"Tabela 22 – Caracterização Hospitalar – Equip de Manutenção da Vida, Equip de Diagnóstico e Infra - 2025 ri tapajos",20,"Tabela 22 – Caracterização Hospitalar – Equip de Manutenção da Vida, Equip de Diagnóstico e Infra - 2025 ri tapajos","..\..\Desktop\tabelas-powerBI\11 Tapajós\Tabela 22 – Caracterização Hospitalar – Equip de Manutenção da Vida, Equip de Diagnóstico e Infra - 2025 ri tapajos.xlsx",Tapajós,30067,139.0
Trairão,11 Tapajós,22,"Tabela 22 – Caracterização Hospitalar – Equip de Manutenção da Vida, Equip de Diagnóstico e Infra - 2025 ri tapajos",20,"Tabela 22 – Caracterização Hospitalar – Equip de Manutenção da Vida, Equip de Diagnóstico e Infra - 2025 ri tapajos","..\..\Desktop\tabelas-powerBI\11 Tapajós\Tabela 22 – Caracterização Hospitalar – Equip de Manutenção da Vida, Equip de Diagnóstico e Infra - 2025 ri tapajos.xlsx",Tapajós,30067,57.0
Fonte: DATASUS,11 Tapajós,22,"Tabela 22 – Caracterização Hospitalar – Equip de Manutenção da Vida, Equip de Diagnóstico e Infra - 2025 ri tapajos",20,"Tabela 22 – Caracterização Hospitalar – Equip de Manutenção da Vida, Equip de Diagnóstico e Infra - 2025 ri tapajos","..\..\Desktop\tabelas-powerBI\11 Tapajós\Tabela 22 – Caracterização Hospitalar – Equip de Manutenção da Vida, Equip de Diagnóstico e Infra - 2025 ri tapajos.xlsx",Tapajós,30067,
Elaboração: FAPESPA,11 Tapajós,22,"Tabela 22 – Caracterização Hospitalar – Equip de Manutenção da Vida, Equip de Diagnóstico e Infra - 2025 ri tapajos",20,"Tabela 22 – Caracterização Hospitalar – Equip de Manutenção da Vida, Equip de Diagnóstico e Infra - 2025 ri tapajos","..\..\Desktop\tabelas-powerBI\11 Tapajós\Tabela 22 – Caracterização Hospitalar – Equip de Manutenção da Vida, Equip de Diagnóstico e Infra - 2025 ri tapajos.xlsx",Tapajós,30067,
*Nota: Dados referentes a Outubro/2025.,11 Tapajós,22,"Tabela 22 – Caracterização Hospitalar – Equip de Manutenção da Vida, Equip de Diagnóstico e Infra - 2025 ri tapajos",20,"Tabela 22 – Caracterização Hospitalar – Equip de Manutenção da Vida, Equip de Diagnóstico e Infra - 2025 ri tapajos","..\..\Desktop\tabelas-powerBI\11 Tapajós\Tabela 22 – Caracterização Hospitalar – Equip de Manutenção da Vida, Equip de Diagnóstico e Infra - 2025 ri tapajos.xlsx",Tapajós,30067,
RI Tapajós,11 Tapajós,22,"Tabela 22 – Caracterização Hospitalar – Equip de Manutenção da Vida, Equip de Diagnóstico e Infra - 2025 ri tapajos",20,"Tabela 22 – Caracterização Hospitalar – Equip de Manutenção da Vida, Equip de Diagnóstico e Infra - 2025 ri tapajos","..\..\Desktop\tabelas-powerBI\11 Tapajós\Tabela 22 – Caracterização Hospitalar – Equip de Manutenção da Vida, Equip de Diagnóstico e Infra - 2025 ri tapajos.xlsx",Tapajós,29020,1227.0
Aveiro,11 Tapajós,22,"Tabela 22 – Caracterização Hospitalar – Equip de Manutenção da Vida, Equip de Diagnóstico e Infra - 2025 ri tapajos",20,"Tabela 22 – Caracterização Hospitalar – Equip de Manutenção da Vida, Equip de Diagnóstico e Infra - 2025 ri tapajos","..\..\Desktop\tabelas-powerBI\11 Tapajós\Tabela 22 – Caracterização Hospitalar – Equip de Manutenção da Vida, Equip de Diagnóstico e Infra - 2025 ri tapajos.xlsx",Tapajós,29020,9.0
Itaituba,11 Tapajós,22,"Tabela 22 – Caracterização Hospitalar – Equip de Manutenção da Vida, Equip de Diagnóstico e Infra - 2025 ri tapajos",20,"Tabela 22 – Caracterização Hospitalar – Equip de Manutenção da Vida, Equip de Diagnóstico e Infra - 2025 ri tapajos","..\..\Desktop\tabelas-powerBI\11 Tapajós\Tabela 22 – Caracterização Hospitalar – Equip de Manutenção da Vida, Equip de Diagnóstico e Infra - 2025 ri tapajos.xlsx",Tapajós,29020,898.0
Jacareacanga,11 Tapajós,22,"Tabela 22 – Caracterização Hospitalar – Equip de Manutenção da Vida, Equip de Diagnóstico e Infra - 2025 ri tapajos",20,"Tabela 22 – Caracterização Hospitalar – Equip de Manutenção da Vida, Equip de Diagnóstico e Infra - 2025 ri tapajos","..\..\Desktop\tabelas-powerBI\11 Tapajós\Tabela 22 – Caracterização Hospitalar – Equip de Manutenção da Vida, Equip de Diagnóstico e Infra - 2025 ri tapajos.xlsx",Tapajós,29020,30.0
Novo Progresso,11 Tapajós,22,"Tabela 22 – Caracterização Hospitalar – Equip de Manutenção da Vida, Equip de Diagnóstico e Infra - 2025 ri tapajos",20,"Tabela 22 – Caracterização Hospitalar – Equip de Manutenção da Vida, Equip de Diagnóstico e Infra - 2025 ri tapajos","..\..\Desktop\tabelas-powerBI\11 Tapajós\Tabela 22 – Caracterização Hospitalar – Equip de Manutenção da Vida, Equip de Diagnóstico e Infra - 2025 ri tapajos.xlsx",Tapajós,29020,96.0
Rurópolis,11 Tapajós,22,"Tabela 22 – Caracterização Hospitalar – Equip de Manutenção da Vida, Equip de Diagnóstico e Infra - 2025 ri tapajos",20,"Tabela 22 – Caracterização Hospitalar – Equip de Manutenção da Vida, Equip de Diagnóstico e Infra - 2025 ri tapajos","..\..\Desktop\tabelas-powerBI\11 Tapajós\Tabela 22 – Caracterização Hospitalar – Equip de Manutenção da Vida, Equip de Diagnóstico e Infra - 2025 ri tapajos.xlsx",Tapajós,29020,137.0
Trairão,11 Tapajós,22,"Tabela 22 – Caracterização Hospitalar – Equip de Manutenção da Vida, Equip de Diagnóstico e Infra - 2025 ri tapajos",20,"Tabela 22 – Caracterização Hospitalar – Equip de Manutenção da Vida, Equip de Diagnóstico e Infra - 2025 ri tapajos","..\..\Desktop\tabelas-powerBI\11 Tapajós\Tabela 22 – Caracterização Hospitalar – Equip de Manutenção da Vida, Equip de Diagnóstico e Infra - 2025 ri tapajos.xlsx",Tapajós,29020,57.0
Fonte: DATASUS,11 Tapajós,22,"Tabela 22 – Caracterização Hospitalar – Equip de Manutenção da Vida, Equip de Diagnóstico e Infra - 2025 ri tapajos",20,"Tabela 22 – Caracterização Hospitalar – Equip de Manutenção da Vida, Equip de Diagnóstico e Infra - 2025 ri tapajos","..\..\Desktop\tabelas-powerBI\11 Tapajós\Tabela 22 – Caracterização Hospitalar – Equip de Manutenção da Vida, Equip de Diagnóstico e Infra - 2025 ri tapajos.xlsx",Tapajós,29020,
Elaboração: FAPESPA,11 Tapajós,22,"Tabela 22 – Caracterização Hospitalar – Equip de Manutenção da Vida, Equip de Diagnóstico e Infra - 2025 ri tapajos",20,"Tabela 22 – Caracterização Hospitalar – Equip de Manutenção da Vida, Equip de Diagnóstico e Infra - 2025 ri tapajos","..\..\Desktop\tabelas-powerBI\11 Tapajós\Tabela 22 – Caracterização Hospitalar – Equip de Manutenção da Vida, Equip de Diagnóstico e Infra - 2025 ri tapajos.xlsx",Tapajós,29020,
*Nota: Dados referentes a Outubro/2025.,11 Tapajós,22,"Tabela 22 – Caracterização Hospitalar – Equip de Manutenção da Vida, Equip de Diagnóstico e Infra - 2025 ri tapajos",20,"Tabela 22 – Caracterização Hospitalar – Equip de Manutenção da Vida, Equip de Diagnóstico e Infra - 2025 ri tapajos","..\..\Desktop\tabelas-powerBI\11 Tapajós\Tabela 22 – Caracterização Hospitalar – Equip de Manutenção da Vida, Equip de Diagnóstico e Infra - 2025 ri tapajos.xlsx",Tapajós,29020,
