Par,regiao,tabela_num,titulo,ano,arquivo,arquivo_path,aba,variavel,valor
RI Carajás,4 Carajás,22,"Tabela 22 – Caracterização Hospitalar – Equip de Manutenção da Vida, Equip de Diagnóstico e Infra - 2025 ri carajas",20,"Tabela 22 – Caracterização Hospitalar – Equip de Manutenção da Vida, Equip de Diagnóstico e Infra - 2025 ri carajas","..\..\Desktop\tabelas-powerBI\4 Carajás\Tabela 22 – Caracterização Hospitalar – Equip de Manutenção da Vida, Equip de Diagnóstico e Infra - 2025 ri carajas.xlsx",Carajás,1560,164.0
Bom Jesus do Tocantins,4 Carajás,22,"Tabela 22 – Caracterização Hospitalar – Equip de Manutenção da Vida, Equip de Diagnóstico e Infra - 2025 ri carajas",20,"Tabela 22 – Caracterização Hospitalar – Equip de Manutenção da Vida, Equip de Diagnóstico e Infra - 2025 ri carajas","..\..\Desktop\tabelas-powerBI\4 Carajás\Tabela 22 – Caracterização Hospitalar – Equip de Manutenção da Vida, Equip de Diagnóstico e Infra - 2025 ri carajas.xlsx",Carajás,1560,0.0
Brejo Grande do Araguaia,4 Carajás,22,"Tabela 22 – Caracterização Hospitalar – Equip de Manutenção da Vida, Equip de Diagnóstico e Infra - 2025 ri carajas",20,"Tabela 22 – Caracterização Hospitalar – Equip de Manutenção da Vida, Equip de Diagnóstico e Infra - 2025 ri carajas","..\..\Desktop\tabelas-powerBI\4 Carajás\Tabela 22 – Caracterização Hospitalar – Equip de Manutenção da Vida, Equip de Diagnóstico e Infra - 2025 ri carajas.xlsx",Carajás,1560,0.0
Canaã dos Carajás,4 Carajás,22,"Tabela 22 – Caracterização Hospitalar – Equip de Manutenção da Vida, Equip de Diagnóstico e Infra - 2025 ri carajas",20,"Tabela 22 – Caracterização Hospitalar – Equip de Manutenção da Vida, Equip de Diagnóstico e Infra - 2025 ri carajas","..\..\Desktop\tabelas-powerBI\4 Carajás\Tabela 22 – Caracterização Hospitalar – Equip de Manutenção da Vida, Equip de Diagnóstico e Infra - 2025 ri carajas.xlsx",Carajás,1560,44.0
Curionópolis,4 Carajás,22,"Tabela 22 – Caracterização Hospitalar – Equip de Manutenção da Vida, Equip de Diagnóstico e Infra - 2025 ri carajas",20,"Tabela 22 – Caracterização Hospitalar – Equip de Manutenção da Vida, Equip de Diagnóstico e Infra - 2025 ri carajas","..\..\Desktop\tabelas-powerBI\4 Carajás\Tabela 22 – Caracterização Hospitalar – Equip de Manutenção da Vida, Equip de Diagnóstico e Infra - 2025 ri carajas.xlsx",Carajás,1560,1.0
Eldorado do Carajás,4 Carajás,22,"Tabela 22 – Caracterização Hospitalar – Equip de Manutenção da Vida, Equip de Diagnóstico e Infra - 2025 ri carajas",20,"Tabela 22 – Caracterização Hospitalar – Equip de Manutenção da Vida, Equip de Diagnóstico e Infra - 2025 ri carajas","..\..\Desktop\tabelas-powerBI\4 Carajás\Tabela 22 – Caracterização Hospitalar – Equip de Manutenção da Vida, Equip de Diagnóstico e Infra - 2025 ri carajas.xlsx",Carajás,1560,0.0
Marabá,4 Carajás,22,"Tabela 22 – Caracterização Hospitalar – Equip de Manutenção da Vida, Equip de Diagnóstico e Infra - 2025 ri carajas",20,"Tabela 22 – Caracterização Hospitalar – Equip de Manutenção da Vida, Equip de Diagnóstico e Infra - 2025 ri carajas","..\..\Desktop\tabelas-powerBI\4 Carajás\Tabela 22 – Caracterização Hospitalar – Equip de Manutenção da Vida, Equip de Diagnóstico e Infra - 2025 ri carajas.xlsx",Carajás,1560,47.0
Palestina do Pará,4 Carajás,22,"Tabela 22 – Caracterização Hospitalar – Equip de Manutenção da Vida, Equip de Diagnóstico e Infra - 2025 ri carajas",20,"Tabela 22 – Caracterização Hospitalar – Equip de Manutenção da Vida, Equip de Diagnóstico e Infra - 2025 ri carajas","..\..\Desktop\tabelas-powerBI\4 Carajás\Tabela 22 – Caracterização Hospitalar – Equip de Manutenção da Vida, Equip de Diagnóstico e Infra - 2025 ri carajas.xlsx",Carajás,1560,2.0
Parauapebas,4 Carajás,22,"Tabela 22 – Caracterização Hospitalar – Equip de Manutenção da Vida, Equip de Diagnóstico e Infra - 2025 ri carajas",20,"Tabela 22 – Caracterização Hospitalar – Equip de Manutenção da Vida, Equip de Diagnóstico e Infra - 2025 ri carajas","..\..\Desktop\tabelas-powerBI\4 Carajás\Tabela 22 – Caracterização Hospitalar – Equip de Manutenção da Vida, Equip de Diagnóstico e Infra - 2025 ri carajas.xlsx",Carajás,1560,65.0
Piçarra,4 Carajás,22,"Tabela 22 – Caracterização Hospitalar – Equip de Manutenção da Vida, Equip de Diagnóstico e Infra - 2025 ri carajas",20,"Tabela 22 – Caracterização Hospitalar – Equip de Manutenção da Vida, Equip de Diagnóstico e Infra - 2025 ri carajas","..\..\Desktop\tabelas-powerBI\4 Carajás\Tabela 22 – Caracterização Hospitalar – Equip de Manutenção da Vida, Equip de Diagnóstico e Infra - 2025 ri carajas.xlsx",Carajás,1560,2.0
São Domingos do Araguaia,4 Carajás,22,"Tabela 22 – Caracterização Hospitalar – Equip de Manutenção da Vida, Equip de Diagnóstico e Infra - 2025 ri carajas",20,"Tabela 22 – Caracterização Hospitalar – Equip de Manutenção da Vida, Equip de Diagnóstico e Infra - 2025 ri carajas","..\..\Desktop\tabelas-powerBI\4 Carajás\Tabela 22 – Caracterização Hospitalar – Equip de Manutenção da Vida, Equip de Diagnóstico e Infra - 2025 ri carajas.xlsx",Carajás,1560,1.0
São Geraldo do Araguaia,4 Carajás,22,"Tabela 22 – Caracterização Hospitalar – Equip de Manutenção da Vida, Equip de Diagnóstico e Infra - 2025 ri carajas",20,"Tabela 22 – Caracterização Hospitalar – Equip de Manutenção da Vida, Equip de Diagnóstico e Infra - 2025 ri carajas","..\..\Desktop\tabelas-powerBI\4 Carajás\Tabela 22 – Caracterização Hospitalar – Equip de Manutenção da Vida, Equip de Diagnóstico e Infra - 2025 ri carajas.xlsx",Carajás,1560,2.0
São João do Araguaia,4 Carajás,22,"Tabela 22 – Caracterização Hospitalar – Equip de Manutenção da Vida, Equip de Diagnóstico e Infra - 2025 ri carajas",20,"Tabela 22 – Caracterização Hospitalar – Equip de Manutenção da Vida, Equip de Diagnóstico e Infra - 2025 ri carajas","..\..\Desktop\tabelas-powerBI\4 Carajás\Tabela 22 – Caracterização Hospitalar – Equip de Manutenção da Vida, Equip de Diagnóstico e Infra - 2025 ri carajas.xlsx",Carajás,1560,0.0
Fonte: DATASUS,4 Carajás,22,"Tabela 22 – Caracterização Hospitalar – Equip de Manutenção da Vida, Equip de Diagnóstico e Infra - 2025 ri carajas",20,"Tabela 22 – Caracterização Hospitalar – Equip de Manutenção da Vida, Equip de Diagnóstico e Infra - 2025 ri carajas","..\..\Desktop\tabelas-powerBI\4 Carajás\Tabela 22 – Caracterização Hospitalar – Equip de Manutenção da Vida, Equip de Diagnóstico e Infra - 2025 ri carajas.xlsx",Carajás,1560,
Elaboração: FAPESPA,4 Carajás,22,"Tabela 22 – Caracterização Hospitalar – Equip de Manutenção da Vida, Equip de Diagnóstico e Infra - 2025 ri carajas",20,"Tabela 22 – Caracterização Hospitalar – Equip de Manutenção da Vida, Equip de Diagnóstico e Infra - 2025 ri carajas","..\..\Desktop\tabelas-powerBI\4 Carajás\Tabela 22 – Caracterização Hospitalar – Equip de Manutenção da Vida, Equip de Diagnóstico e Infra - 2025 ri carajas.xlsx",Carajás,1560,
*Nota: Dados referentes a Outubro/2025.,4 Carajás,22,"Tabela 22 – Caracterização Hospitalar – Equip de Manutenção da Vida, Equip de Diagnóstico e Infra - 2025 ri carajas",20,"Tabela 22 – Caracterização Hospitalar – Equip de Manutenção da Vida, Equip de Diagnóstico e Infra - 2025 ri carajas","..\..\Desktop\tabelas-powerBI\4 Carajás\Tabela 22 – Caracterização Hospitalar – Equip de Manutenção da Vida, Equip de Diagnóstico e Infra - 2025 ri carajas.xlsx",Carajás,1560,
RI Carajás,4 Carajás,22,"Tabela 22 – Caracterização Hospitalar – Equip de Manutenção da Vida, Equip de Diagnóstico e Infra - 2025 ri carajas",20,"Tabela 22 – Caracterização Hospitalar – Equip de Manutenção da Vida, Equip de Diagnóstico e Infra - 2025 ri carajas","..\..\Desktop\tabelas-powerBI\4 Carajás\Tabela 22 – Caracterização Hospitalar – Equip de Manutenção da Vida, Equip de Diagnóstico e Infra - 2025 ri carajas.xlsx",Carajás,1444,152.0
Bom Jesus do Tocantins,4 Carajás,22,"Tabela 22 – Caracterização Hospitalar – Equip de Manutenção da Vida, Equip de Diagnóstico e Infra - 2025 ri carajas",20,"Tabela 22 – Caracterização Hospitalar – Equip de Manutenção da Vida, Equip de Diagnóstico e Infra - 2025 ri carajas","..\..\Desktop\tabelas-powerBI\4 Carajás\Tabela 22 – Caracterização Hospitalar – Equip de Manutenção da Vida, Equip de Diagnóstico e Infra - 2025 ri carajas.xlsx",Carajás,1444,0.0
Brejo Grande do Araguaia,4 Carajás,22,"Tabela 22 – Caracterização Hospitalar – Equip de Manutenção da Vida, Equip de Diagnóstico e Infra - 2025 ri carajas",20,"Tabela 22 – Caracterização Hospitalar – Equip de Manutenção da Vida, Equip de Diagnóstico e Infra - 2025 ri carajas","..\..\Desktop\tabelas-powerBI\4 Carajás\Tabela 22 – Caracterização Hospitalar – Equip de Manutenção da Vida, Equip de Diagnóstico e Infra - 2025 ri carajas.xlsx",Carajás,1444,0.0
Canaã dos Carajás,4 Carajás,22,"Tabela 22 – Caracterização Hospitalar – Equip de Manutenção da Vida, Equip de Diagnóstico e Infra - 2025 ri carajas",20,"Tabela 22 – Caracterização Hospitalar – Equip de Manutenção da Vida, Equip de Diagnóstico e Infra - 2025 ri carajas","..\..\Desktop\tabelas-powerBI\4 Carajás\Tabela 22 – Caracterização Hospitalar – Equip de Manutenção da Vida, Equip de Diagnóstico e Infra - 2025 ri carajas.xlsx",Carajás,1444,40.0
Curionópolis,4 Carajás,22,"Tabela 22 – Caracterização Hospitalar – Equip de Manutenção da Vida, Equip de Diagnóstico e Infra - 2025 ri carajas",20,"Tabela 22 – Caracterização Hospitalar – Equip de Manutenção da Vida, Equip de Diagnóstico e Infra - 2025 ri carajas","..\..\Desktop\tabelas-powerBI\4 Carajás\Tabela 22 – Caracterização Hospitalar – Equip de Manutenção da Vida, Equip de Diagnóstico e Infra - 2025 ri carajas.xlsx",Carajás,1444,1.0
Eldorado do Carajás,4 Carajás,22,"Tabela 22 – Caracterização Hospitalar – Equip de Manutenção da Vida, Equip de Diagnóstico e Infra - 2025 ri carajas",20,"Tabela 22 – Caracterização Hospitalar – Equip de Manutenção da Vida, Equip de Diagnóstico e Infra - 2025 ri carajas","..\..\Desktop\tabelas-powerBI\4 Carajás\Tabela 22 – Caracterização Hospitalar – Equip de Manutenção da Vida, Equip de Diagnóstico e Infra - 2025 ri carajas.xlsx",Carajás,1444,0.0
Marabá,4 Carajás,22,"Tabela 22 – Caracterização Hospitalar – Equip de Manutenção da Vida, Equip de Diagnóstico e Infra - 2025 ri carajas",20,"Tabela 22 – Caracterização Hospitalar – Equip de Manutenção da Vida, Equip de Diagnóstico e Infra - 2025 ri carajas","..\..\Desktop\tabelas-powerBI\4 Carajás\Tabela 22 – Caracterização Hospitalar – Equip de Manutenção da Vida, Equip de Diagnóstico e Infra - 2025 ri carajas.xlsx",Carajás,1444,47.0
Palestina do Pará,4 Carajás,22,"Tabela 22 – Caracterização Hospitalar – Equip de Manutenção da Vida, Equip de Diagnóstico e Infra - 2025 ri carajas",20,"Tabela 22 – Caracterização Hospitalar – Equip de Manutenção da Vida, Equip de Diagnóstico e Infra - 2025 ri carajas","..\..\Desktop\tabelas-powerBI\4 Carajás\Tabela 22 – Caracterização Hospitalar – Equip de Manutenção da Vida, Equip de Diagnóstico e Infra - 2025 ri carajas.xlsx",Carajás,1444,2.0
Parauapebas,4 Carajás,22,"Tabela 22 – Caracterização Hospitalar – Equip de Manutenção da Vida, Equip de Diagnóstico e Infra - 2025 ri carajas",20,"Tabela 22 – Caracterização Hospitalar – Equip de Manutenção da Vida, Equip de Diagnóstico e Infra - 2025 ri carajas","..\..\Desktop\tabelas-powerBI\4 Carajás\Tabela 22 – Caracterização Hospitalar – Equip de Manutenção da Vida, Equip de Diagnóstico e Infra - 2025 ri carajas.xlsx",Carajás,1444,57.0
Piçarra,4 Carajás,22,"Tabela 22 – Caracterização Hospitalar – Equip de Manutenção da Vida, Equip de Diagnóstico e Infra - 2025 ri carajas",20,"Tabela 22 – Caracterização Hospitalar – Equip de Manutenção da Vida, Equip de Diagnóstico e Infra - 2025 ri carajas","..\..\Desktop\tabelas-powerBI\4 Carajás\Tabela 22 – Caracterização Hospitalar – Equip de Manutenção da Vida, Equip de Diagnóstico e Infra - 2025 ri carajas.xlsx",Carajás,1444,2.0
São Domingos do Araguaia,4 Carajás,22,"Tabela 22 – Caracterização Hospitalar – Equip de Manutenção da Vida, Equip de Diagnóstico e Infra - 2025 ri carajas",20,"Tabela 22 – Caracterização Hospitalar – Equip de Manutenção da Vida, Equip de Diagnóstico e Infra - 2025 ri carajas","..\..\Desktop\tabelas-powerBI\4 Carajás\Tabela 22 – Caracterização Hospitalar – Equip de Manutenção da Vida, Equip de Diagnóstico e Infra - 2025 ri carajas.xlsx",Carajás,1444,1.0
São Geraldo do Araguaia,4 Carajás,22,"Tabela 22 – Caracterização Hospitalar – Equip de Manutenção da Vida, Equip de Diagnóstico e Infra - 2025 ri carajas",20,"Tabela 22 – Caracterização Hospitalar – Equip de Manutenção da Vida, Equip de Diagnóstico e Infra - 2025 ri carajas","..\..\Desktop\tabelas-powerBI\4 Carajás\Tabela 22 – Caracterização Hospitalar – Equip de Manutenção da Vida, Equip de Diagnóstico e Infra - 2025 ri carajas.xlsx",Carajás,1444,2.0
São João do Araguaia,4 Carajás,22,"Tabela 22 – Caracterização Hospitalar – Equip de Manutenção da Vida, Equip de Diagnóstico e Infra - 2025 ri carajas",20,"Tabela 22 – Caracterização Hospitalar – Equip de Manutenção da Vida, Equip de Diagnóstico e Infra - 2025 ri carajas","..\..\Desktop\tabelas-powerBI\4 Carajás\Tabela 22 – Caracterização Hospitalar – Equip de Manutenção da Vida, Equip de Diagnóstico e Infra - 2025 ri carajas.xlsx",Carajás,1444,0.0
Fonte: DATASUS,4 Carajás,22,"Tabela 22 – Caracterização Hospitalar – Equip de Manutenção da Vida, Equip de Diagnóstico e Infra - 2025 ri carajas",20,"Tabela 22 – Caracterização Hospitalar – Equip de Manutenção da Vida, Equip de Diagnóstico e Infra - 2025 ri carajas","..\..\Desktop\tabelas-powerBI\4 Carajás\Tabela 22 – Caracterização Hospitalar – Equip de Manutenção da Vida, Equip de Diagnóstico e Infra - 2025 ri carajas.xlsx",Carajás,1444,
Elaboração: FAPESPA,4 Carajás,22,"Tabela 22 – Caracterização Hospitalar – Equip de Manutenção da Vida, Equip de Diagnóstico e Infra - 2025 ri carajas",20,"Tabela 22 – Caracterização Hospitalar – Equip de Manutenção da Vida, Equip de Diagnóstico e Infra - 2025 ri carajas","..\..\Desktop\tabelas-powerBI\4 Carajás\Tabela 22 – Caracterização Hospitalar – Equip de Manutenção da Vida, Equip de Diagnóstico e Infra - 2025 ri carajas.xlsx",Carajás,1444,
*Nota: Dados referentes a Outubro/2025.,4 Carajás,22,"Tabela 22 – Caracterização Hospitalar – Equip de Manutenção da Vida, Equip de Diagnóstico e Infra - 2025 ri carajas",20,"Tabela 22 – Caracterização Hospitalar – Equip de Manutenção da Vida, Equip de Diagnóstico e Infra - 2025 ri carajas","..\..\Desktop\tabelas-powerBI\4 Carajás\Tabela 22 – Caracterização Hospitalar – Equip de Manutenção da Vida, Equip de Diagnóstico e Infra - 2025 ri carajas.xlsx",Carajás,1444,
RI Carajás,4 Carajás,22,"Tabela 22 – Caracterização Hospitalar – Equip de Manutenção da Vida, Equip de Diagnóstico e Infra - 2025 ri carajas",20,"Tabela 22 – Caracterização Hospitalar – Equip de Manutenção da Vida, Equip de Diagnóstico e Infra - 2025 ri carajas","..\..\Desktop\tabelas-powerBI\4 Carajás\Tabela 22 – Caracterização Hospitalar – Equip de Manutenção da Vida, Equip de Diagnóstico e Infra - 2025 ri carajas.xlsx",Carajás,2966,261.0
Bom Jesus do Tocantins,4 Carajás,22,"Tabela 22 – Caracterização Hospitalar – Equip de Manutenção da Vida, Equip de Diagnóstico e Infra - 2025 ri carajas",20,"Tabela 22 – Caracterização Hospitalar – Equip de Manutenção da Vida, Equip de Diagnóstico e Infra - 2025 ri carajas","..\..\Desktop\tabelas-powerBI\4 Carajás\Tabela 22 – Caracterização Hospitalar – Equip de Manutenção da Vida, Equip de Diagnóstico e Infra - 2025 ri carajas.xlsx",Carajás,2966,1.0
Brejo Grande do Araguaia,4 Carajás,22,"Tabela 22 – Caracterização Hospitalar – Equip de Manutenção da Vida, Equip de Diagnóstico e Infra - 2025 ri carajas",20,"Tabela 22 – Caracterização Hospitalar – Equip de Manutenção da Vida, Equip de Diagnóstico e Infra - 2025 ri carajas","..\..\Desktop\tabelas-powerBI\4 Carajás\Tabela 22 – Caracterização Hospitalar – Equip de Manutenção da Vida, Equip de Diagnóstico e Infra - 2025 ri carajas.xlsx",Carajás,2966,0.0
Canaã dos Carajás,4 Carajás,22,"Tabela 22 – Caracterização Hospitalar – Equip de Manutenção da Vida, Equip de Diagnóstico e Infra - 2025 ri carajas",20,"Tabela 22 – Caracterização Hospitalar – Equip de Manutenção da Vida, Equip de Diagnóstico e Infra - 2025 ri carajas","..\..\Desktop\tabelas-powerBI\4 Carajás\Tabela 22 – Caracterização Hospitalar – Equip de Manutenção da Vida, Equip de Diagnóstico e Infra - 2025 ri carajas.xlsx",Carajás,2966,90.0
Curionópolis,4 Carajás,22,"Tabela 22 – Caracterização Hospitalar – Equip de Manutenção da Vida, Equip de Diagnóstico e Infra - 2025 ri carajas",20,"Tabela 22 – Caracterização Hospitalar – Equip de Manutenção da Vida, Equip de Diagnóstico e Infra - 2025 ri carajas","..\..\Desktop\tabelas-powerBI\4 Carajás\Tabela 22 – Caracterização Hospitalar – Equip de Manutenção da Vida, Equip de Diagnóstico e Infra - 2025 ri carajas.xlsx",Carajás,2966,0.0
Eldorado do Carajás,4 Carajás,22,"Tabela 22 – Caracterização Hospitalar – Equip de Manutenção da Vida, Equip de Diagnóstico e Infra - 2025 ri carajas",20,"Tabela 22 – Caracterização Hospitalar – Equip de Manutenção da Vida, Equip de Diagnóstico e Infra - 2025 ri carajas","..\..\Desktop\tabelas-powerBI\4 Carajás\Tabela 22 – Caracterização Hospitalar – Equip de Manutenção da Vida, Equip de Diagnóstico e Infra - 2025 ri carajas.xlsx",Carajás,2966,0.0
Marabá,4 Carajás,22,"Tabela 22 – Caracterização Hospitalar – Equip de Manutenção da Vida, Equip de Diagnóstico e Infra - 2025 ri carajas",20,"Tabela 22 – Caracterização Hospitalar – Equip de Manutenção da Vida, Equip de Diagnóstico e Infra - 2025 ri carajas","..\..\Desktop\tabelas-powerBI\4 Carajás\Tabela 22 – Caracterização Hospitalar – Equip de Manutenção da Vida, Equip de Diagnóstico e Infra - 2025 ri carajas.xlsx",Carajás,2966,81.0
Palestina do Pará,4 Carajás,22,"Tabela 22 – Caracterização Hospitalar – Equip de Manutenção da Vida, Equip de Diagnóstico e Infra - 2025 ri carajas",20,"Tabela 22 – Caracterização Hospitalar – Equip de Manutenção da Vida, Equip de Diagnóstico e Infra - 2025 ri carajas","..\..\Desktop\tabelas-powerBI\4 Carajás\Tabela 22 – Caracterização Hospitalar – Equip de Manutenção da Vida, Equip de Diagnóstico e Infra - 2025 ri carajas.xlsx",Carajás,2966,2.0
Parauapebas,4 Carajás,22,"Tabela 22 – Caracterização Hospitalar – Equip de Manutenção da Vida, Equip de Diagnóstico e Infra - 2025 ri carajas",20,"Tabela 22 – Caracterização Hospitalar – Equip de Manutenção da Vida, Equip de Diagnóstico e Infra - 2025 ri carajas","..\..\Desktop\tabelas-powerBI\4 Carajás\Tabela 22 – Caracterização Hospitalar – Equip de Manutenção da Vida, Equip de Diagnóstico e Infra - 2025 ri carajas.xlsx",Carajás,2966,82.0
Piçarra,4 Carajás,22,"Tabela 22 – Caracterização Hospitalar – Equip de Manutenção da Vida, Equip de Diagnóstico e Infra - 2025 ri carajas",20,"Tabela 22 – Caracterização Hospitalar – Equip de Manutenção da Vida, Equip de Diagnóstico e Infra - 2025 ri carajas","..\..\Desktop\tabelas-powerBI\4 Carajás\Tabela 22 – Caracterização Hospitalar – Equip de Manutenção da Vida, Equip de Diagnóstico e Infra - 2025 ri carajas.xlsx",Carajás,2966,1.0
São Domingos do Araguaia,4 Carajás,22,"Tabela 22 – Caracterização Hospitalar – Equip de Manutenção da Vida, Equip de Diagnóstico e Infra - 2025 ri carajas",20,"Tabela 22 – Caracterização Hospitalar – Equip de Manutenção da Vida, Equip de Diagnóstico e Infra - 2025 ri carajas","..\..\Desktop\tabelas-powerBI\4 Carajás\Tabela 22 – Caracterização Hospitalar – Equip de Manutenção da Vida, Equip de Diagnóstico e Infra - 2025 ri carajas.xlsx",Carajás,2966,2.0
São Geraldo do Araguaia,4 Carajás,22,"Tabela 22 – Caracterização Hospitalar – Equip de Manutenção da Vida, Equip de Diagnóstico e Infra - 2025 ri carajas",20,"Tabela 22 – Caracterização Hospitalar – Equip de Manutenção da Vida, Equip de Diagnóstico e Infra - 2025 ri carajas","..\..\Desktop\tabelas-powerBI\4 Carajás\Tabela 22 – Caracterização Hospitalar – Equip de Manutenção da Vida, Equip de Diagnóstico e Infra - 2025 ri carajas.xlsx",Carajás,2966,1.0
São João do Araguaia,4 Carajás,22,"Tabela 22 – Caracterização Hospitalar – Equip de Manutenção da Vida, Equip de Diagnóstico e Infra - 2025 ri carajas",20,"Tabela 22 – Caracterização Hospitalar – Equip de Manutenção da Vida, Equip de Diagnóstico e Infra - 2025 ri carajas","..\..\Desktop\tabelas-powerBI\4 Carajás\Tabela 22 – Caracterização Hospitalar – Equip de Manutenção da Vida, Equip de Diagnóstico e Infra - 2025 ri carajas.xlsx",Carajás,2966,1.0
Fonte: DATASUS,4 Carajás,22,"Tabela 22 – Caracterização Hospitalar – Equip de Manutenção da Vida, Equip de Diagnóstico e Infra - 2025 ri carajas",20,"Tabela 22 – Caracterização Hospitalar – Equip de Manutenção da Vida, Equip de Diagnóstico e Infra - 2025 ri carajas","..\..\Desktop\tabelas-powerBI\4 Carajás\Tabela 22 – Caracterização Hospitalar – Equip de Manutenção da Vida, Equip de Diagnóstico e Infra - 2025 ri carajas.xlsx",Carajás,2966,
Elaboração: FAPESPA,4 Carajás,22,"Tabela 22 – Caracterização Hospitalar – Equip de Manutenção da Vida, Equip de Diagnóstico e Infra - 2025 ri carajas",20,"Tabela 22 – Caracterização Hospitalar – Equip de Manutenção da Vida, Equip de Diagnóstico e Infra - 2025 ri carajas","..\..\Desktop\tabelas-powerBI\4 Carajás\Tabela 22 – Caracterização Hospitalar – Equip de Manutenção da Vida, Equip de Diagnóstico e Infra - 2025 ri carajas.xlsx",Carajás,2966,
*Nota: Dados referentes a Outubro/2025.,4 Carajás,22,"Tabela 22 – Caracterização Hospitalar – Equip de Manutenção da Vida, Equip de Diagnóstico e Infra - 2025 ri carajas",20,"Tabela 22 – Caracterização Hospitalar – Equip de Manutenção da Vida, Equip de Diagnóstico e Infra - 2025 ri carajas","..\..\Desktop\tabelas-powerBI\4 Carajás\Tabela 22 – Caracterização Hospitalar – Equip de Manutenção da Vida, Equip de Diagnóstico e Infra - 2025 ri carajas.xlsx",Carajás,2966,
RI Carajás,4 Carajás,22,"Tabela 22 – Caracterização Hospitalar – Equip de Manutenção da Vida, Equip de Diagnóstico e Infra - 2025 ri carajas",20,"Tabela 22 – Caracterização Hospitalar – Equip de Manutenção da Vida, Equip de Diagnóstico e Infra - 2025 ri carajas","..\..\Desktop\tabelas-powerBI\4 Carajás\Tabela 22 – Caracterização Hospitalar – Equip de Manutenção da Vida, Equip de Diagnóstico e Infra - 2025 ri carajas.xlsx",Carajás,2860,250.0
Bom Jesus do Tocantins,4 Carajás,22,"Tabela 22 – Caracterização Hospitalar – Equip de Manutenção da Vida, Equip de Diagnóstico e Infra - 2025 ri carajas",20,"Tabela 22 – Caracterização Hospitalar – Equip de Manutenção da Vida, Equip de Diagnóstico e Infra - 2025 ri carajas","..\..\Desktop\tabelas-powerBI\4 Carajás\Tabela 22 – Caracterização Hospitalar – Equip de Manutenção da Vida, Equip de Diagnóstico e Infra - 2025 ri carajas.xlsx",Carajás,2860,1.0
Brejo Grande do Araguaia,4 Carajás,22,"Tabela 22 – Caracterização Hospitalar – Equip de Manutenção da Vida, Equip de Diagnóstico e Infra - 2025 ri carajas",20,"Tabela 22 – Caracterização Hospitalar – Equip de Manutenção da Vida, Equip de Diagnóstico e Infra - 2025 ri carajas","..\..\Desktop\tabelas-powerBI\4 Carajás\Tabela 22 – Caracterização Hospitalar – Equip de Manutenção da Vida, Equip de Diagnóstico e Infra - 2025 ri carajas.xlsx",Carajás,2860,0.0
Canaã dos Carajás,4 Carajás,22,"Tabela 22 – Caracterização Hospitalar – Equip de Manutenção da Vida, Equip de Diagnóstico e Infra - 2025 ri carajas",20,"Tabela 22 – Caracterização Hospitalar – Equip de Manutenção da Vida, Equip de Diagnóstico e Infra - 2025 ri carajas","..\..\Desktop\tabelas-powerBI\4 Carajás\Tabela 22 – Caracterização Hospitalar – Equip de Manutenção da Vida, Equip de Diagnóstico e Infra - 2025 ri carajas.xlsx",Carajás,2860,90.0
Curionópolis,4 Carajás,22,"Tabela 22 – Caracterização Hospitalar – Equip de Manutenção da Vida, Equip de Diagnóstico e Infra - 2025 ri carajas",20,"Tabela 22 – Caracterização Hospitalar – Equip de Manutenção da Vida, Equip de Diagnóstico e Infra - 2025 ri carajas","..\..\Desktop\tabelas-powerBI\4 Carajás\Tabela 22 – Caracterização Hospitalar – Equip de Manutenção da Vida, Equip de Diagnóstico e Infra - 2025 ri carajas.xlsx",Carajás,2860,0.0
Eldorado do Carajás,4 Carajás,22,"Tabela 22 – Caracterização Hospitalar – Equip de Manutenção da Vida, Equip de Diagnóstico e Infra - 2025 ri carajas",20,"Tabela 22 – Caracterização Hospitalar – Equip de Manutenção da Vida, Equip de Diagnóstico e Infra - 2025 ri carajas","..\..\Desktop\tabelas-powerBI\4 Carajás\Tabela 22 – Caracterização Hospitalar – Equip de Manutenção da Vida, Equip de Diagnóstico e Infra - 2025 ri carajas.xlsx",Carajás,2860,0.0
Marabá,4 Carajás,22,"Tabela 22 – Caracterização Hospitalar – Equip de Manutenção da Vida, Equip de Diagnóstico e Infra - 2025 ri carajas",20,"Tabela 22 – Caracterização Hospitalar – Equip de Manutenção da Vida, Equip de Diagnóstico e Infra - 2025 ri carajas","..\..\Desktop\tabelas-powerBI\4 Carajás\Tabela 22 – Caracterização Hospitalar – Equip de Manutenção da Vida, Equip de Diagnóstico e Infra - 2025 ri carajas.xlsx",Carajás,2860,76.0
Palestina do Pará,4 Carajás,22,"Tabela 22 – Caracterização Hospitalar – Equip de Manutenção da Vida, Equip de Diagnóstico e Infra - 2025 ri carajas",20,"Tabela 22 – Caracterização Hospitalar – Equip de Manutenção da Vida, Equip de Diagnóstico e Infra - 2025 ri carajas","..\..\Desktop\tabelas-powerBI\4 Carajás\Tabela 22 – Caracterização Hospitalar – Equip de Manutenção da Vida, Equip de Diagnóstico e Infra - 2025 ri carajas.xlsx",Carajás,2860,2.0
Parauapebas,4 Carajás,22,"Tabela 22 – Caracterização Hospitalar – Equip de Manutenção da Vida, Equip de Diagnóstico e Infra - 2025 ri carajas",20,"Tabela 22 – Caracterização Hospitalar – Equip de Manutenção da Vida, Equip de Diagnóstico e Infra - 2025 ri carajas","..\..\Desktop\tabelas-powerBI\4 Carajás\Tabela 22 – Caracterização Hospitalar – Equip de Manutenção da Vida, Equip de Diagnóstico e Infra - 2025 ri carajas.xlsx",Carajás,2860,76.0
Piçarra,4 Carajás,22,"Tabela 22 – Caracterização Hospitalar – Equip de Manutenção da Vida, Equip de Diagnóstico e Infra - 2025 ri carajas",20,"Tabela 22 – Caracterização Hospitalar – Equip de Manutenção da Vida, Equip de Diagnóstico e Infra - 2025 ri carajas","..\..\Desktop\tabelas-powerBI\4 Carajás\Tabela 22 – Caracterização Hospitalar – Equip de Manutenção da Vida, Equip de Diagnóstico e Infra - 2025 ri carajas.xlsx",Carajás,2860,1.0
São Domingos do Araguaia,4 Carajás,22,"Tabela 22 – Caracterização Hospitalar – Equip de Manutenção da Vida, Equip de Diagnóstico e Infra - 2025 ri carajas",20,"Tabela 22 – Caracterização Hospitalar – Equip de Manutenção da Vida, Equip de Diagnóstico e Infra - 2025 ri carajas","..\..\Desktop\tabelas-powerBI\4 Carajás\Tabela 22 – Caracterização Hospitalar – Equip de Manutenção da Vida, Equip de Diagnóstico e Infra - 2025 ri carajas.xlsx",Carajás,2860,2.0
São Geraldo do Araguaia,4 Carajás,22,"Tabela 22 – Caracterização Hospitalar – Equip de Manutenção da Vida, Equip de Diagnóstico e Infra - 2025 ri carajas",20,"Tabela 22 – Caracterização Hospitalar – Equip de Manutenção da Vida, Equip de Diagnóstico e Infra - 2025 ri carajas","..\..\Desktop\tabelas-powerBI\4 Carajás\Tabela 22 – Caracterização Hospitalar – Equip de Manutenção da Vida, Equip de Diagnóstico e Infra - 2025 ri carajas.xlsx",Carajás,2860,1.0
São João do Araguaia,4 Carajás,22,"Tabela 22 – Caracterização Hospitalar – Equip de Manutenção da Vida, Equip de Diagnóstico e Infra - 2025 ri carajas",20,"Tabela 22 – Caracterização Hospitalar – Equip de Manutenção da Vida, Equip de Diagnóstico e Infra - 2025 ri carajas","..\..\Desktop\tabelas-powerBI\4 Carajás\Tabela 22 – Caracterização Hospitalar – Equip de Manutenção da Vida, Equip de Diagnóstico e Infra - 2025 ri carajas.xlsx",Carajás,2860,1.0
Fonte: DATASUS,4 Carajás,22,"Tabela 22 – Caracterização Hospitalar – Equip de Manutenção da Vida, Equip de Diagnóstico e Infra - 2025 ri carajas",20,"Tabela 22 – Caracterização Hospitalar – Equip de Manutenção da Vida, Equip de Diagnóstico e Infra - 2025 ri carajas","..\..\Desktop\tabelas-powerBI\4 Carajás\Tabela 22 – Caracterização Hospitalar – Equip de Manutenção da Vida, Equip de Diagnóstico e Infra - 2025 ri carajas.xlsx",Carajás,2860,
Elaboração: FAPESPA,4 Carajás,22,"Tabela 22 – Caracterização Hospitalar – Equip de Manutenção da Vida, Equip de Diagnóstico e Infra - 2025 ri carajas",20,"Tabela 22 – Caracterização Hospitalar – Equip de Manutenção da Vida, Equip de Diagnóstico e Infra - 2025 ri carajas","..\..\Desktop\tabelas-powerBI\4 Carajás\Tabela 22 – Caracterização Hospitalar – Equip de Manutenção da Vida, Equip de Diagnóstico e Infra - 2025 ri carajas.xlsx",Carajás,2860,
*Nota: Dados referentes a Outubro/2025.,4 Carajás,22,"Tabela 22 – Caracterização Hospitalar – Equip de Manutenção da Vida, Equip de Diagnóstico e Infra - 2025 ri carajas",20,"Tabela 22 – Caracterização Hospitalar – Equip de Manutenção da Vida, Equip de Diagnóstico e Infra - 2025 ri carajas","..\..\Desktop\tabelas-powerBI\4 Carajás\Tabela 22 – Caracterização Hospitalar – Equip de Manutenção da Vida, Equip de Diagnóstico e Infra - 2025 ri carajas.xlsx",Carajás,2860,
RI Carajás,4 Carajás,22,"Tabela 22 – Caracterização Hospitalar – Equip de Manutenção da Vida, Equip de Diagnóstico e Infra - 2025 ri carajas",20,"Tabela 22 – Caracterização Hospitalar – Equip de Manutenção da Vida, Equip de Diagnóstico e Infra - 2025 ri carajas","..\..\Desktop\tabelas-powerBI\4 Carajás\Tabela 22 – Caracterização Hospitalar – Equip de Manutenção da Vida, Equip de Diagnóstico e Infra - 2025 ri carajas.xlsx",Carajás,2827,227.0
Bom Jesus do Tocantins,4 Carajás,22,"Tabela 22 – Caracterização Hospitalar – Equip de Manutenção da Vida, Equip de Diagnóstico e Infra - 2025 ri carajas",20,"Tabela 22 – Caracterização Hospitalar – Equip de Manutenção da Vida, Equip de Diagnóstico e Infra - 2025 ri carajas","..\..\Desktop\tabelas-powerBI\4 Carajás\Tabela 22 – Caracterização Hospitalar – Equip de Manutenção da Vida, Equip de Diagnóstico e Infra - 2025 ri carajas.xlsx",Carajás,2827,7.0
Brejo Grande do Araguaia,4 Carajás,22,"Tabela 22 – Caracterização Hospitalar – Equip de Manutenção da Vida, Equip de Diagnóstico e Infra - 2025 ri carajas",20,"Tabela 22 – Caracterização Hospitalar – Equip de Manutenção da Vida, Equip de Diagnóstico e Infra - 2025 ri carajas","..\..\Desktop\tabelas-powerBI\4 Carajás\Tabela 22 – Caracterização Hospitalar – Equip de Manutenção da Vida, Equip de Diagnóstico e Infra - 2025 ri carajas.xlsx",Carajás,2827,0.0
Canaã dos Carajás,4 Carajás,22,"Tabela 22 – Caracterização Hospitalar – Equip de Manutenção da Vida, Equip de Diagnóstico e Infra - 2025 ri carajas",20,"Tabela 22 – Caracterização Hospitalar – Equip de Manutenção da Vida, Equip de Diagnóstico e Infra - 2025 ri carajas","..\..\Desktop\tabelas-powerBI\4 Carajás\Tabela 22 – Caracterização Hospitalar – Equip de Manutenção da Vida, Equip de Diagnóstico e Infra - 2025 ri carajas.xlsx",Carajás,2827,38.0
Curionópolis,4 Carajás,22,"Tabela 22 – Caracterização Hospitalar – Equip de Manutenção da Vida, Equip de Diagnóstico e Infra - 2025 ri carajas",20,"Tabela 22 – Caracterização Hospitalar – Equip de Manutenção da Vida, Equip de Diagnóstico e Infra - 2025 ri carajas","..\..\Desktop\tabelas-powerBI\4 Carajás\Tabela 22 – Caracterização Hospitalar – Equip de Manutenção da Vida, Equip de Diagnóstico e Infra - 2025 ri carajas.xlsx",Carajás,2827,1.0
Eldorado do Carajás,4 Carajás,22,"Tabela 22 – Caracterização Hospitalar – Equip de Manutenção da Vida, Equip de Diagnóstico e Infra - 2025 ri carajas",20,"Tabela 22 – Caracterização Hospitalar – Equip de Manutenção da Vida, Equip de Diagnóstico e Infra - 2025 ri carajas","..\..\Desktop\tabelas-powerBI\4 Carajás\Tabela 22 – Caracterização Hospitalar – Equip de Manutenção da Vida, Equip de Diagnóstico e Infra - 2025 ri carajas.xlsx",Carajás,2827,0.0
Marabá,4 Carajás,22,"Tabela 22 – Caracterização Hospitalar – Equip de Manutenção da Vida, Equip de Diagnóstico e Infra - 2025 ri carajas",20,"Tabela 22 – Caracterização Hospitalar – Equip de Manutenção da Vida, Equip de Diagnóstico e Infra - 2025 ri carajas","..\..\Desktop\tabelas-powerBI\4 Carajás\Tabela 22 – Caracterização Hospitalar – Equip de Manutenção da Vida, Equip de Diagnóstico e Infra - 2025 ri carajas.xlsx",Carajás,2827,83.0
Palestina do Pará,4 Carajás,22,"Tabela 22 – Caracterização Hospitalar – Equip de Manutenção da Vida, Equip de Diagnóstico e Infra - 2025 ri carajas",20,"Tabela 22 – Caracterização Hospitalar – Equip de Manutenção da Vida, Equip de Diagnóstico e Infra - 2025 ri carajas","..\..\Desktop\tabelas-powerBI\4 Carajás\Tabela 22 – Caracterização Hospitalar – Equip de Manutenção da Vida, Equip de Diagnóstico e Infra - 2025 ri carajas.xlsx",Carajás,2827,0.0
Parauapebas,4 Carajás,22,"Tabela 22 – Caracterização Hospitalar – Equip de Manutenção da Vida, Equip de Diagnóstico e Infra - 2025 ri carajas",20,"Tabela 22 – Caracterização Hospitalar – Equip de Manutenção da Vida, Equip de Diagnóstico e Infra - 2025 ri carajas","..\..\Desktop\tabelas-powerBI\4 Carajás\Tabela 22 – Caracterização Hospitalar – Equip de Manutenção da Vida, Equip de Diagnóstico e Infra - 2025 ri carajas.xlsx",Carajás,2827,96.0
Piçarra,4 Carajás,22,"Tabela 22 – Caracterização Hospitalar – Equip de Manutenção da Vida, Equip de Diagnóstico e Infra - 2025 ri carajas",20,"Tabela 22 – Caracterização Hospitalar – Equip de Manutenção da Vida, Equip de Diagnóstico e Infra - 2025 ri carajas","..\..\Desktop\tabelas-powerBI\4 Carajás\Tabela 22 – Caracterização Hospitalar – Equip de Manutenção da Vida, Equip de Diagnóstico e Infra - 2025 ri carajas.xlsx",Carajás,2827,1.0
São Domingos do Araguaia,4 Carajás,22,"Tabela 22 – Caracterização Hospitalar – Equip de Manutenção da Vida, Equip de Diagnóstico e Infra - 2025 ri carajas",20,"Tabela 22 – Caracterização Hospitalar – Equip de Manutenção da Vida, Equip de Diagnóstico e Infra - 2025 ri carajas","..\..\Desktop\tabelas-powerBI\4 Carajás\Tabela 22 – Caracterização Hospitalar – Equip de Manutenção da Vida, Equip de Diagnóstico e Infra - 2025 ri carajas.xlsx",Carajás,2827,0.0
São Geraldo do Araguaia,4 Carajás,22,"Tabela 22 – Caracterização Hospitalar – Equip de Manutenção da Vida, Equip de Diagnóstico e Infra - 2025 ri carajas",20,"Tabela 22 – Caracterização Hospitalar – Equip de Manutenção da Vida, Equip de Diagnóstico e Infra - 2025 ri carajas","..\..\Desktop\tabelas-powerBI\4 Carajás\Tabela 22 – Caracterização Hospitalar – Equip de Manutenção da Vida, Equip de Diagnóstico e Infra - 2025 ri carajas.xlsx",Carajás,2827,1.0
São João do Araguaia,4 Carajás,22,"Tabela 22 – Caracterização Hospitalar – Equip de Manutenção da Vida, Equip de Diagnóstico e Infra - 2025 ri carajas",20,"Tabela 22 – Caracterização Hospitalar – Equip de Manutenção da Vida, Equip de Diagnóstico e Infra - 2025 ri carajas","..\..\Desktop\tabelas-powerBI\4 Carajás\Tabela 22 – Caracterização Hospitalar – Equip de Manutenção da Vida, Equip de Diagnóstico e Infra - 2025 ri carajas.xlsx",Carajás,2827,0.0
Fonte: DATASUS,4 Carajás,22,"Tabela 22 – Caracterização Hospitalar – Equip de Manutenção da Vida, Equip de Diagnóstico e Infra - 2025 ri carajas",20,"Tabela 22 – Caracterização Hospitalar – Equip de Manutenção da Vida, Equip de Diagnóstico e Infra - 2025 ri carajas","..\..\Desktop\tabelas-powerBI\4 Carajás\Tabela 22 – Caracterização Hospitalar – Equip de Manutenção da Vida, Equip de Diagnóstico e Infra - 2025 ri carajas.xlsx",Carajás,2827,
Elaboração: FAPESPA,4 Carajás,22,"Tabela 22 – Caracterização Hospitalar – Equip de Manutenção da Vida, Equip de Diagnóstico e Infra - 2025 ri carajas",20,"Tabela 22 – Caracterização Hospitalar – Equip de Manutenção da Vida, Equip de Diagnóstico e Infra - 2025 ri carajas","..\..\Desktop\tabelas-powerBI\4 Carajás\Tabela 22 – Caracterização Hospitalar – Equip de Manutenção da Vida, Equip de Diagnóstico e Infra - 2025 ri carajas.xlsx",Carajás,2827,
*Nota: Dados referentes a Outubro/2025.,4 Carajás,22,"Tabela 22 – Caracterização Hospitalar – Equip de Manutenção da Vida, Equip de Diagnóstico e Infra - 2025 ri carajas",20,"Tabela 22 – Caracterização Hospitalar – Equip de Manutenção da Vida, Equip de Diagnóstico e Infra - 2025 ri carajas","..\..\Desktop\tabelas-powerBI\4 Carajás\Tabela 22 – Caracterização Hospitalar – Equip de Manutenção da Vida, Equip de Diagnóstico e Infra - 2025 ri carajas.xlsx",Carajás,2827,
RI Carajás,4 Carajás,22,"Tabela 22 – Caracterização Hospitalar – Equip de Manutenção da Vida, Equip de Diagnóstico e Infra - 2025 ri carajas",20,"Tabela 22 – Caracterização Hospitalar – Equip de Manutenção da Vida, Equip de Diagnóstico e Infra - 2025 ri carajas","..\..\Desktop\tabelas-powerBI\4 Carajás\Tabela 22 – Caracterização Hospitalar – Equip de Manutenção da Vida, Equip de Diagnóstico e Infra - 2025 ri carajas.xlsx",Carajás,2630,214.0
Bom Jesus do Tocantins,4 Carajás,22,"Tabela 22 – Caracterização Hospitalar – Equip de Manutenção da Vida, Equip de Diagnóstico e Infra - 2025 ri carajas",20,"Tabela 22 – Caracterização Hospitalar – Equip de Manutenção da Vida, Equip de Diagnóstico e Infra - 2025 ri carajas","..\..\Desktop\tabelas-powerBI\4 Carajás\Tabela 22 – Caracterização Hospitalar – Equip de Manutenção da Vida, Equip de Diagnóstico e Infra - 2025 ri carajas.xlsx",Carajás,2630,7.0
Brejo Grande do Araguaia,4 Carajás,22,"Tabela 22 – Caracterização Hospitalar – Equip de Manutenção da Vida, Equip de Diagnóstico e Infra - 2025 ri carajas",20,"Tabela 22 – Caracterização Hospitalar – Equip de Manutenção da Vida, Equip de Diagnóstico e Infra - 2025 ri carajas","..\..\Desktop\tabelas-powerBI\4 Carajás\Tabela 22 – Caracterização Hospitalar – Equip de Manutenção da Vida, Equip de Diagnóstico e Infra - 2025 ri carajas.xlsx",Carajás,2630,0.0
Canaã dos Carajás,4 Carajás,22,"Tabela 22 – Caracterização Hospitalar – Equip de Manutenção da Vida, Equip de Diagnóstico e Infra - 2025 ri carajas",20,"Tabela 22 – Caracterização Hospitalar – Equip de Manutenção da Vida, Equip de Diagnóstico e Infra - 2025 ri carajas","..\..\Desktop\tabelas-powerBI\4 Carajás\Tabela 22 – Caracterização Hospitalar – Equip de Manutenção da Vida, Equip de Diagnóstico e Infra - 2025 ri carajas.xlsx",Carajás,2630,38.0
Curionópolis,4 Carajás,22,"Tabela 22 – Caracterização Hospitalar – Equip de Manutenção da Vida, Equip de Diagnóstico e Infra - 2025 ri carajas",20,"Tabela 22 – Caracterização Hospitalar – Equip de Manutenção da Vida, Equip de Diagnóstico e Infra - 2025 ri carajas","..\..\Desktop\tabelas-powerBI\4 Carajás\Tabela 22 – Caracterização Hospitalar – Equip de Manutenção da Vida, Equip de Diagnóstico e Infra - 2025 ri carajas.xlsx",Carajás,2630,1.0
Eldorado do Carajás,4 Carajás,22,"Tabela 22 – Caracterização Hospitalar – Equip de Manutenção da Vida, Equip de Diagnóstico e Infra - 2025 ri carajas",20,"Tabela 22 – Caracterização Hospitalar – Equip de Manutenção da Vida, Equip de Diagnóstico e Infra - 2025 ri carajas","..\..\Desktop\tabelas-powerBI\4 Carajás\Tabela 22 – Caracterização Hospitalar – Equip de Manutenção da Vida, Equip de Diagnóstico e Infra - 2025 ri carajas.xlsx",Carajás,2630,0.0
Marabá,4 Carajás,22,"Tabela 22 – Caracterização Hospitalar – Equip de Manutenção da Vida, Equip de Diagnóstico e Infra - 2025 ri carajas",20,"Tabela 22 – Caracterização Hospitalar – Equip de Manutenção da Vida, Equip de Diagnóstico e Infra - 2025 ri carajas","..\..\Desktop\tabelas-powerBI\4 Carajás\Tabela 22 – Caracterização Hospitalar – Equip de Manutenção da Vida, Equip de Diagnóstico e Infra - 2025 ri carajas.xlsx",Carajás,2630,78.0
Palestina do Pará,4 Carajás,22,"Tabela 22 – Caracterização Hospitalar – Equip de Manutenção da Vida, Equip de Diagnóstico e Infra - 2025 ri carajas",20,"Tabela 22 – Caracterização Hospitalar – Equip de Manutenção da Vida, Equip de Diagnóstico e Infra - 2025 ri carajas","..\..\Desktop\tabelas-powerBI\4 Carajás\Tabela 22 – Caracterização Hospitalar – Equip de Manutenção da Vida, Equip de Diagnóstico e Infra - 2025 ri carajas.xlsx",Carajás,2630,0.0
Parauapebas,4 Carajás,22,"Tabela 22 – Caracterização Hospitalar – Equip de Manutenção da Vida, Equip de Diagnóstico e Infra - 2025 ri carajas",20,"Tabela 22 – Caracterização Hospitalar – Equip de Manutenção da Vida, Equip de Diagnóstico e Infra - 2025 ri carajas","..\..\Desktop\tabelas-powerBI\4 Carajás\Tabela 22 – Caracterização Hospitalar – Equip de Manutenção da Vida, Equip de Diagnóstico e Infra - 2025 ri carajas.xlsx",Carajás,2630,88.0
Piçarra,4 Carajás,22,"Tabela 22 – Caracterização Hospitalar – Equip de Manutenção da Vida, Equip de Diagnóstico e Infra - 2025 ri carajas",20,"Tabela 22 – Caracterização Hospitalar – Equip de Manutenção da Vida, Equip de Diagnóstico e Infra - 2025 ri carajas","..\..\Desktop\tabelas-powerBI\4 Carajás\Tabela 22 – Caracterização Hospitalar – Equip de Manutenção da Vida, Equip de Diagnóstico e Infra - 2025 ri carajas.xlsx",Carajás,2630,1.0
São Domingos do Araguaia,4 Carajás,22,"Tabela 22 – Caracterização Hospitalar – Equip de Manutenção da Vida, Equip de Diagnóstico e Infra - 2025 ri carajas",20,"Tabela 22 – Caracterização Hospitalar – Equip de Manutenção da Vida, Equip de Diagnóstico e Infra - 2025 ri carajas","..\..\Desktop\tabelas-powerBI\4 Carajás\Tabela 22 – Caracterização Hospitalar – Equip de Manutenção da Vida, Equip de Diagnóstico e Infra - 2025 ri carajas.xlsx",Carajás,2630,0.0
São Geraldo do Araguaia,4 Carajás,22,"Tabela 22 – Caracterização Hospitalar – Equip de Manutenção da Vida, Equip de Diagnóstico e Infra - 2025 ri carajas",20,"Tabela 22 – Caracterização Hospitalar – Equip de Manutenção da Vida, Equip de Diagnóstico e Infra - 2025 ri carajas","..\..\Desktop\tabelas-powerBI\4 Carajás\Tabela 22 – Caracterização Hospitalar – Equip de Manutenção da Vida, Equip de Diagnóstico e Infra - 2025 ri carajas.xlsx",Carajás,2630,1.0
São João do Araguaia,4 Carajás,22,"Tabela 22 – Caracterização Hospitalar – Equip de Manutenção da Vida, Equip de Diagnóstico e Infra - 2025 ri carajas",20,"Tabela 22 – Caracterização Hospitalar – Equip de Manutenção da Vida, Equip de Diagnóstico e Infra - 2025 ri carajas","..\..\Desktop\tabelas-powerBI\4 Carajás\Tabela 22 – Caracterização Hospitalar – Equip de Manutenção da Vida, Equip de Diagnóstico e Infra - 2025 ri carajas.xlsx",Carajás,2630,0.0
Fonte: DATASUS,4 Carajás,22,"Tabela 22 – Caracterização Hospitalar – Equip de Manutenção da Vida, Equip de Diagnóstico e Infra - 2025 ri carajas",20,"Tabela 22 – Caracterização Hospitalar – Equip de Manutenção da Vida, Equip de Diagnóstico e Infra - 2025 ri carajas","..\..\Desktop\tabelas-powerBI\4 Carajás\Tabela 22 – Caracterização Hospitalar – Equip de Manutenção da Vida, Equip de Diagnóstico e Infra - 2025 ri carajas.xlsx",Carajás,2630,
Elaboração: FAPESPA,4 Carajás,22,"Tabela 22 – Caracterização Hospitalar – Equip de Manutenção da Vida, Equip de Diagnóstico e Infra - 2025 ri carajas",20,"Tabela 22 – Caracterização Hospitalar – Equip de Manutenção da Vida, Equip de Diagnóstico e Infra - 2025 ri carajas","..\..\Desktop\tabelas-powerBI\4 Carajás\Tabela 22 – Caracterização Hospitalar – Equip de Manutenção da Vida, Equip de Diagnóstico e Infra - 2025 ri carajas.xlsx",Carajás,2630,
*Nota: Dados referentes a Outubro/2025.,4 Carajás,22,"Tabela 22 – Caracterização Hospitalar – Equip de Manutenção da Vida, Equip de Diagnóstico e Infra - 2025 ri carajas",20,"Tabela 22 – Caracterização Hospitalar – Equip de Manutenção da Vida, Equip de Diagnóstico e Infra - 2025 ri carajas","..\..\Desktop\tabelas-powerBI\4 Carajás\Tabela 22 – Caracterização Hospitalar – Equip de Manutenção da Vida, Equip de Diagnóstico e Infra - 2025 ri carajas.xlsx",Carajás,2630,
RI Carajás,4 Carajás,22,"Tabela 22 – Caracterização Hospitalar – Equip de Manutenção da Vida, Equip de Diagnóstico e Infra - 2025 ri carajas",20,"Tabela 22 – Caracterização Hospitalar – Equip de Manutenção da Vida, Equip de Diagnóstico e Infra - 2025 ri carajas","..\..\Desktop\tabelas-powerBI\4 Carajás\Tabela 22 – Caracterização Hospitalar – Equip de Manutenção da Vida, Equip de Diagnóstico e Infra - 2025 ri carajas.xlsx",Carajás,138,19.0
Bom Jesus do Tocantins,4 Carajás,22,"Tabela 22 – Caracterização Hospitalar – Equip de Manutenção da Vida, Equip de Diagnóstico e Infra - 2025 ri carajas",20,"Tabela 22 – Caracterização Hospitalar – Equip de Manutenção da Vida, Equip de Diagnóstico e Infra - 2025 ri carajas","..\..\Desktop\tabelas-powerBI\4 Carajás\Tabela 22 – Caracterização Hospitalar – Equip de Manutenção da Vida, Equip de Diagnóstico e Infra - 2025 ri carajas.xlsx",Carajás,138,0.0
Brejo Grande do Araguaia,4 Carajás,22,"Tabela 22 – Caracterização Hospitalar – Equip de Manutenção da Vida, Equip de Diagnóstico e Infra - 2025 ri carajas",20,"Tabela 22 – Caracterização Hospitalar – Equip de Manutenção da Vida, Equip de Diagnóstico e Infra - 2025 ri carajas","..\..\Desktop\tabelas-powerBI\4 Carajás\Tabela 22 – Caracterização Hospitalar – Equip de Manutenção da Vida, Equip de Diagnóstico e Infra - 2025 ri carajas.xlsx",Carajás,138,0.0
Canaã dos Carajás,4 Carajás,22,"Tabela 22 – Caracterização Hospitalar – Equip de Manutenção da Vida, Equip de Diagnóstico e Infra - 2025 ri carajas",20,"Tabela 22 – Caracterização Hospitalar – Equip de Manutenção da Vida, Equip de Diagnóstico e Infra - 2025 ri carajas","..\..\Desktop\tabelas-powerBI\4 Carajás\Tabela 22 – Caracterização Hospitalar – Equip de Manutenção da Vida, Equip de Diagnóstico e Infra - 2025 ri carajas.xlsx",Carajás,138,6.0
Curionópolis,4 Carajás,22,"Tabela 22 – Caracterização Hospitalar – Equip de Manutenção da Vida, Equip de Diagnóstico e Infra - 2025 ri carajas",20,"Tabela 22 – Caracterização Hospitalar – Equip de Manutenção da Vida, Equip de Diagnóstico e Infra - 2025 ri carajas","..\..\Desktop\tabelas-powerBI\4 Carajás\Tabela 22 – Caracterização Hospitalar – Equip de Manutenção da Vida, Equip de Diagnóstico e Infra - 2025 ri carajas.xlsx",Carajás,138,1.0
Eldorado do Carajás,4 Carajás,22,"Tabela 22 – Caracterização Hospitalar – Equip de Manutenção da Vida, Equip de Diagnóstico e Infra - 2025 ri carajas",20,"Tabela 22 – Caracterização Hospitalar – Equip de Manutenção da Vida, Equip de Diagnóstico e Infra - 2025 ri carajas","..\..\Desktop\tabelas-powerBI\4 Carajás\Tabela 22 – Caracterização Hospitalar – Equip de Manutenção da Vida, Equip de Diagnóstico e Infra - 2025 ri carajas.xlsx",Carajás,138,0.0
Marabá,4 Carajás,22,"Tabela 22 – Caracterização Hospitalar – Equip de Manutenção da Vida, Equip de Diagnóstico e Infra - 2025 ri carajas",20,"Tabela 22 – Caracterização Hospitalar – Equip de Manutenção da Vida, Equip de Diagnóstico e Infra - 2025 ri carajas","..\..\Desktop\tabelas-powerBI\4 Carajás\Tabela 22 – Caracterização Hospitalar – Equip de Manutenção da Vida, Equip de Diagnóstico e Infra - 2025 ri carajas.xlsx",Carajás,138,4.0
Palestina do Pará,4 Carajás,22,"Tabela 22 – Caracterização Hospitalar – Equip de Manutenção da Vida, Equip de Diagnóstico e Infra - 2025 ri carajas",20,"Tabela 22 – Caracterização Hospitalar – Equip de Manutenção da Vida, Equip de Diagnóstico e Infra - 2025 ri carajas","..\..\Desktop\tabelas-powerBI\4 Carajás\Tabela 22 – Caracterização Hospitalar – Equip de Manutenção da Vida, Equip de Diagnóstico e Infra - 2025 ri carajas.xlsx",Carajás,138,0.0
Parauapebas,4 Carajás,22,"Tabela 22 – Caracterização Hospitalar – Equip de Manutenção da Vida, Equip de Diagnóstico e Infra - 2025 ri carajas",20,"Tabela 22 – Caracterização Hospitalar – Equip de Manutenção da Vida, Equip de Diagnóstico e Infra - 2025 ri carajas","..\..\Desktop\tabelas-powerBI\4 Carajás\Tabela 22 – Caracterização Hospitalar – Equip de Manutenção da Vida, Equip de Diagnóstico e Infra - 2025 ri carajas.xlsx",Carajás,138,8.0
Piçarra,4 Carajás,22,"Tabela 22 – Caracterização Hospitalar – Equip de Manutenção da Vida, Equip de Diagnóstico e Infra - 2025 ri carajas",20,"Tabela 22 – Caracterização Hospitalar – Equip de Manutenção da Vida, Equip de Diagnóstico e Infra - 2025 ri carajas","..\..\Desktop\tabelas-powerBI\4 Carajás\Tabela 22 – Caracterização Hospitalar – Equip de Manutenção da Vida, Equip de Diagnóstico e Infra - 2025 ri carajas.xlsx",Carajás,138,0.0
São Domingos do Araguaia,4 Carajás,22,"Tabela 22 – Caracterização Hospitalar – Equip de Manutenção da Vida, Equip de Diagnóstico e Infra - 2025 ri carajas",20,"Tabela 22 – Caracterização Hospitalar – Equip de Manutenção da Vida, Equip de Diagnóstico e Infra - 2025 ri carajas","..\..\Desktop\tabelas-powerBI\4 Carajás\Tabela 22 – Caracterização Hospitalar – Equip de Manutenção da Vida, Equip de Diagnóstico e Infra - 2025 ri carajas.xlsx",Carajás,138,0.0
São Geraldo do Araguaia,4 Carajás,22,"Tabela 22 – Caracterização Hospitalar – Equip de Manutenção da Vida, Equip de Diagnóstico e Infra - 2025 ri carajas",20,"Tabela 22 – Caracterização Hospitalar – Equip de Manutenção da Vida, Equip de Diagnóstico e Infra - 2025 ri carajas","..\..\Desktop\tabelas-powerBI\4 Carajás\Tabela 22 – Caracterização Hospitalar – Equip de Manutenção da Vida, Equip de Diagnóstico e Infra - 2025 ri carajas.xlsx",Carajás,138,0.0
São João do Araguaia,4 Carajás,22,"Tabela 22 – Caracterização Hospitalar – Equip de Manutenção da Vida, Equip de Diagnóstico e Infra - 2025 ri carajas",20,"Tabela 22 – Caracterização Hospitalar – Equip de Manutenção da Vida, Equip de Diagnóstico e Infra - 2025 ri carajas","..\..\Desktop\tabelas-powerBI\4 Carajás\Tabela 22 – Caracterização Hospitalar – Equip de Manutenção da Vida, Equip de Diagnóstico e Infra - 2025 ri carajas.xlsx",Carajás,138,0.0
Fonte: DATASUS,4 Carajás,22,"Tabela 22 – Caracterização Hospitalar – Equip de Manutenção da Vida, Equip de Diagnóstico e Infra - 2025 ri carajas",20,"Tabela 22 – Caracterização Hospitalar – Equip de Manutenção da Vida, Equip de Diagnóstico e Infra - 2025 ri carajas","..\..\Desktop\tabelas-powerBI\4 Carajás\Tabela 22 – Caracterização Hospitalar – Equip de Manutenção da Vida, Equip de Diagnóstico e Infra - 2025 ri carajas.xlsx",Carajás,138,
Elaboração: FAPESPA,4 Carajás,22,"Tabela 22 – Caracterização Hospitalar – Equip de Manutenção da Vida, Equip de Diagnóstico e Infra - 2025 ri carajas",20,"Tabela 22 – Caracterização Hospitalar – Equip de Manutenção da Vida, Equip de Diagnóstico e Infra - 2025 ri carajas","..\..\Desktop\tabelas-powerBI\4 Carajás\Tabela 22 – Caracterização Hospitalar – Equip de Manutenção da Vida, Equip de Diagnóstico e Infra - 2025 ri carajas.xlsx",Carajás,138,
*Nota: Dados referentes a Outubro/2025.,4 Carajás,22,"Tabela 22 – Caracterização Hospitalar – Equip de Manutenção da Vida, Equip de Diagnóstico e Infra - 2025 ri carajas",20,"Tabela 22 – Caracterização Hospitalar – Equip de Manutenção da Vida, Equip de Diagnóstico e Infra - 2025 ri carajas","..\..\Desktop\tabelas-powerBI\4 Carajás\Tabela 22 – Caracterização Hospitalar – Equip de Manutenção da Vida, Equip de Diagnóstico e Infra - 2025 ri carajas.xlsx",Carajás,138,
RI Carajás,4 Carajás,22,"Tabela 22 – Caracterização Hospitalar – Equip de Manutenção da Vida, Equip de Diagnóstico e Infra - 2025 ri carajas",20,"Tabela 22 – Caracterização Hospitalar – Equip de Manutenção da Vida, Equip de Diagnóstico e Infra - 2025 ri carajas","..\..\Desktop\tabelas-powerBI\4 Carajás\Tabela 22 – Caracterização Hospitalar – Equip de Manutenção da Vida, Equip de Diagnóstico e Infra - 2025 ri carajas.xlsx",Carajás,132,18.0
Bom Jesus do Tocantins,4 Carajás,22,"Tabela 22 – Caracterização Hospitalar – Equip de Manutenção da Vida, Equip de Diagnóstico e Infra - 2025 ri carajas",20,"Tabela 22 – Caracterização Hospitalar – Equip de Manutenção da Vida, Equip de Diagnóstico e Infra - 2025 ri carajas","..\..\Desktop\tabelas-powerBI\4 Carajás\Tabela 22 – Caracterização Hospitalar – Equip de Manutenção da Vida, Equip de Diagnóstico e Infra - 2025 ri carajas.xlsx",Carajás,132,0.0
Brejo Grande do Araguaia,4 Carajás,22,"Tabela 22 – Caracterização Hospitalar – Equip de Manutenção da Vida, Equip de Diagnóstico e Infra - 2025 ri carajas",20,"Tabela 22 – Caracterização Hospitalar – Equip de Manutenção da Vida, Equip de Diagnóstico e Infra - 2025 ri carajas","..\..\Desktop\tabelas-powerBI\4 Carajás\Tabela 22 – Caracterização Hospitalar – Equip de Manutenção da Vida, Equip de Diagnóstico e Infra - 2025 ri carajas.xlsx",Carajás,132,0.0
Canaã dos Carajás,4 Carajás,22,"Tabela 22 – Caracterização Hospitalar – Equip de Manutenção da Vida, Equip de Diagnóstico e Infra - 2025 ri carajas",20,"Tabela 22 – Caracterização Hospitalar – Equip de Manutenção da Vida, Equip de Diagnóstico e Infra - 2025 ri carajas","..\..\Desktop\tabelas-powerBI\4 Carajás\Tabela 22 – Caracterização Hospitalar – Equip de Manutenção da Vida, Equip de Diagnóstico e Infra - 2025 ri carajas.xlsx",Carajás,132,6.0
Curionópolis,4 Carajás,22,"Tabela 22 – Caracterização Hospitalar – Equip de Manutenção da Vida, Equip de Diagnóstico e Infra - 2025 ri carajas",20,"Tabela 22 – Caracterização Hospitalar – Equip de Manutenção da Vida, Equip de Diagnóstico e Infra - 2025 ri carajas","..\..\Desktop\tabelas-powerBI\4 Carajás\Tabela 22 – Caracterização Hospitalar – Equip de Manutenção da Vida, Equip de Diagnóstico e Infra - 2025 ri carajas.xlsx",Carajás,132,1.0
Eldorado do Carajás,4 Carajás,22,"Tabela 22 – Caracterização Hospitalar – Equip de Manutenção da Vida, Equip de Diagnóstico e Infra - 2025 ri carajas",20,"Tabela 22 – Caracterização Hospitalar – Equip de Manutenção da Vida, Equip de Diagnóstico e Infra - 2025 ri carajas","..\..\Desktop\tabelas-powerBI\4 Carajás\Tabela 22 – Caracterização Hospitalar – Equip de Manutenção da Vida, Equip de Diagnóstico e Infra - 2025 ri carajas.xlsx",Carajás,132,0.0
Marabá,4 Carajás,22,"Tabela 22 – Caracterização Hospitalar – Equip de Manutenção da Vida, Equip de Diagnóstico e Infra - 2025 ri carajas",20,"Tabela 22 – Caracterização Hospitalar – Equip de Manutenção da Vida, Equip de Diagnóstico e Infra - 2025 ri carajas","..\..\Desktop\tabelas-powerBI\4 Carajás\Tabela 22 – Caracterização Hospitalar – Equip de Manutenção da Vida, Equip de Diagnóstico e Infra - 2025 ri carajas.xlsx",Carajás,132,4.0
Palestina do Pará,4 Carajás,22,"Tabela 22 – Caracterização Hospitalar – Equip de Manutenção da Vida, Equip de Diagnóstico e Infra - 2025 ri carajas",20,"Tabela 22 – Caracterização Hospitalar – Equip de Manutenção da Vida, Equip de Diagnóstico e Infra - 2025 ri carajas","..\..\Desktop\tabelas-powerBI\4 Carajás\Tabela 22 – Caracterização Hospitalar – Equip de Manutenção da Vida, Equip de Diagnóstico e Infra - 2025 ri carajas.xlsx",Carajás,132,0.0
Parauapebas,4 Carajás,22,"Tabela 22 – Caracterização Hospitalar – Equip de Manutenção da Vida, Equip de Diagnóstico e Infra - 2025 ri carajas",20,"Tabela 22 – Caracterização Hospitalar – Equip de Manutenção da Vida, Equip de Diagnóstico e Infra - 2025 ri carajas","..\..\Desktop\tabelas-powerBI\4 Carajás\Tabela 22 – Caracterização Hospitalar – Equip de Manutenção da Vida, Equip de Diagnóstico e Infra - 2025 ri carajas.xlsx",Carajás,132,7.0
Piçarra,4 Carajás,22,"Tabela 22 – Caracterização Hospitalar – Equip de Manutenção da Vida, Equip de Diagnóstico e Infra - 2025 ri carajas",20,"Tabela 22 – Caracterização Hospitalar – Equip de Manutenção da Vida, Equip de Diagnóstico e Infra - 2025 ri carajas","..\..\Desktop\tabelas-powerBI\4 Carajás\Tabela 22 – Caracterização Hospitalar – Equip de Manutenção da Vida, Equip de Diagnóstico e Infra - 2025 ri carajas.xlsx",Carajás,132,0.0
São Domingos do Araguaia,4 Carajás,22,"Tabela 22 – Caracterização Hospitalar – Equip de Manutenção da Vida, Equip de Diagnóstico e Infra - 2025 ri carajas",20,"Tabela 22 – Caracterização Hospitalar – Equip de Manutenção da Vida, Equip de Diagnóstico e Infra - 2025 ri carajas","..\..\Desktop\tabelas-powerBI\4 Carajás\Tabela 22 – Caracterização Hospitalar – Equip de Manutenção da Vida, Equip de Diagnóstico e Infra - 2025 ri carajas.xlsx",Carajás,132,0.0
São Geraldo do Araguaia,4 Carajás,22,"Tabela 22 – Caracterização Hospitalar – Equip de Manutenção da Vida, Equip de Diagnóstico e Infra - 2025 ri carajas",20,"Tabela 22 – Caracterização Hospitalar – Equip de Manutenção da Vida, Equip de Diagnóstico e Infra - 2025 ri carajas","..\..\Desktop\tabelas-powerBI\4 Carajás\Tabela 22 – Caracterização Hospitalar – Equip de Manutenção da Vida, Equip de Diagnóstico e Infra - 2025 ri carajas.xlsx",Carajás,132,0.0
São João do Araguaia,4 Carajás,22,"Tabela 22 – Caracterização Hospitalar – Equip de Manutenção da Vida, Equip de Diagnóstico e Infra - 2025 ri carajas",20,"Tabela 22 – Caracterização Hospitalar – Equip de Manutenção da Vida, Equip de Diagnóstico e Infra - 2025 ri carajas","..\..\Desktop\tabelas-powerBI\4 Carajás\Tabela 22 – Caracterização Hospitalar – Equip de Manutenção da Vida, Equip de Diagnóstico e Infra - 2025 ri carajas.xlsx",Carajás,132,0.0
Fonte: DATASUS,4 Carajás,22,"Tabela 22 – Caracterização Hospitalar – Equip de Manutenção da Vida, Equip de Diagnóstico e Infra - 2025 ri carajas",20,"Tabela 22 – Caracterização Hospitalar – Equip de Manutenção da Vida, Equip de Diagnóstico e Infra - 2025 ri carajas","..\..\Desktop\tabelas-powerBI\4 Carajás\Tabela 22 – Caracterização Hospitalar – Equip de Manutenção da Vida, Equip de Diagnóstico e Infra - 2025 ri carajas.xlsx",Carajás,132,
Elaboração: FAPESPA,4 Carajás,22,"Tabela 22 – Caracterização Hospitalar – Equip de Manutenção da Vida, Equip de Diagnóstico e Infra - 2025 ri carajas",20,"Tabela 22 – Caracterização Hospitalar – Equip de Manutenção da Vida, Equip de Diagnóstico e Infra - 2025 ri carajas","..\..\Desktop\tabelas-powerBI\4 Carajás\Tabela 22 – Caracterização Hospitalar – Equip de Manutenção da Vida, Equip de Diagnóstico e Infra - 2025 ri carajas.xlsx",Carajás,132,
*Nota: Dados referentes a Outubro/2025.,4 Carajás,22,"Tabela 22 – Caracterização Hospitalar – Equip de Manutenção da Vida, Equip de Diagnóstico e Infra - 2025 ri carajas",20,"Tabela 22 – Caracterização Hospitalar – Equip de Manutenção da Vida, Equip de Diagnóstico e Infra - 2025 ri carajas","..\..\Desktop\tabelas-powerBI\4 Carajás\Tabela 22 – Caracterização Hospitalar – Equip de Manutenção da Vida, Equip de Diagnóstico e Infra - 2025 ri carajas.xlsx",Carajás,132,
RI Carajás,4 Carajás,22,"Tabela 22 – Caracterização Hospitalar – Equip de Manutenção da Vida, Equip de Diagnóstico e Infra - 2025 ri carajas",20,"Tabela 22 – Caracterização Hospitalar – Equip de Manutenção da Vida, Equip de Diagnóstico e Infra - 2025 ri carajas","..\..\Desktop\tabelas-powerBI\4 Carajás\Tabela 22 – Caracterização Hospitalar – Equip de Manutenção da Vida, Equip de Diagnóstico e Infra - 2025 ri carajas.xlsx",Carajás,424,51.0
Bom Jesus do Tocantins,4 Carajás,22,"Tabela 22 – Caracterização Hospitalar – Equip de Manutenção da Vida, Equip de Diagnóstico e Infra - 2025 ri carajas",20,"Tabela 22 – Caracterização Hospitalar – Equip de Manutenção da Vida, Equip de Diagnóstico e Infra - 2025 ri carajas","..\..\Desktop\tabelas-powerBI\4 Carajás\Tabela 22 – Caracterização Hospitalar – Equip de Manutenção da Vida, Equip de Diagnóstico e Infra - 2025 ri carajas.xlsx",Carajás,424,1.0
Brejo Grande do Araguaia,4 Carajás,22,"Tabela 22 – Caracterização Hospitalar – Equip de Manutenção da Vida, Equip de Diagnóstico e Infra - 2025 ri carajas",20,"Tabela 22 – Caracterização Hospitalar – Equip de Manutenção da Vida, Equip de Diagnóstico e Infra - 2025 ri carajas","..\..\Desktop\tabelas-powerBI\4 Carajás\Tabela 22 – Caracterização Hospitalar – Equip de Manutenção da Vida, Equip de Diagnóstico e Infra - 2025 ri carajas.xlsx",Carajás,424,1.0
Canaã dos Carajás,4 Carajás,22,"Tabela 22 – Caracterização Hospitalar – Equip de Manutenção da Vida, Equip de Diagnóstico e Infra - 2025 ri carajas",20,"Tabela 22 – Caracterização Hospitalar – Equip de Manutenção da Vida, Equip de Diagnóstico e Infra - 2025 ri carajas","..\..\Desktop\tabelas-powerBI\4 Carajás\Tabela 22 – Caracterização Hospitalar – Equip de Manutenção da Vida, Equip de Diagnóstico e Infra - 2025 ri carajas.xlsx",Carajás,424,9.0
Curionópolis,4 Carajás,22,"Tabela 22 – Caracterização Hospitalar – Equip de Manutenção da Vida, Equip de Diagnóstico e Infra - 2025 ri carajas",20,"Tabela 22 – Caracterização Hospitalar – Equip de Manutenção da Vida, Equip de Diagnóstico e Infra - 2025 ri carajas","..\..\Desktop\tabelas-powerBI\4 Carajás\Tabela 22 – Caracterização Hospitalar – Equip de Manutenção da Vida, Equip de Diagnóstico e Infra - 2025 ri carajas.xlsx",Carajás,424,1.0
Eldorado do Carajás,4 Carajás,22,"Tabela 22 – Caracterização Hospitalar – Equip de Manutenção da Vida, Equip de Diagnóstico e Infra - 2025 ri carajas",20,"Tabela 22 – Caracterização Hospitalar – Equip de Manutenção da Vida, Equip de Diagnóstico e Infra - 2025 ri carajas","..\..\Desktop\tabelas-powerBI\4 Carajás\Tabela 22 – Caracterização Hospitalar – Equip de Manutenção da Vida, Equip de Diagnóstico e Infra - 2025 ri carajas.xlsx",Carajás,424,1.0
Marabá,4 Carajás,22,"Tabela 22 – Caracterização Hospitalar – Equip de Manutenção da Vida, Equip de Diagnóstico e Infra - 2025 ri carajas",20,"Tabela 22 – Caracterização Hospitalar – Equip de Manutenção da Vida, Equip de Diagnóstico e Infra - 2025 ri carajas","..\..\Desktop\tabelas-powerBI\4 Carajás\Tabela 22 – Caracterização Hospitalar – Equip de Manutenção da Vida, Equip de Diagnóstico e Infra - 2025 ri carajas.xlsx",Carajás,424,18.0
Palestina do Pará,4 Carajás,22,"Tabela 22 – Caracterização Hospitalar – Equip de Manutenção da Vida, Equip de Diagnóstico e Infra - 2025 ri carajas",20,"Tabela 22 – Caracterização Hospitalar – Equip de Manutenção da Vida, Equip de Diagnóstico e Infra - 2025 ri carajas","..\..\Desktop\tabelas-powerBI\4 Carajás\Tabela 22 – Caracterização Hospitalar – Equip de Manutenção da Vida, Equip de Diagnóstico e Infra - 2025 ri carajas.xlsx",Carajás,424,2.0
Parauapebas,4 Carajás,22,"Tabela 22 – Caracterização Hospitalar – Equip de Manutenção da Vida, Equip de Diagnóstico e Infra - 2025 ri carajas",20,"Tabela 22 – Caracterização Hospitalar – Equip de Manutenção da Vida, Equip de Diagnóstico e Infra - 2025 ri carajas","..\..\Desktop\tabelas-powerBI\4 Carajás\Tabela 22 – Caracterização Hospitalar – Equip de Manutenção da Vida, Equip de Diagnóstico e Infra - 2025 ri carajas.xlsx",Carajás,424,14.0
Piçarra,4 Carajás,22,"Tabela 22 – Caracterização Hospitalar – Equip de Manutenção da Vida, Equip de Diagnóstico e Infra - 2025 ri carajas",20,"Tabela 22 – Caracterização Hospitalar – Equip de Manutenção da Vida, Equip de Diagnóstico e Infra - 2025 ri carajas","..\..\Desktop\tabelas-powerBI\4 Carajás\Tabela 22 – Caracterização Hospitalar – Equip de Manutenção da Vida, Equip de Diagnóstico e Infra - 2025 ri carajas.xlsx",Carajás,424,1.0
São Domingos do Araguaia,4 Carajás,22,"Tabela 22 – Caracterização Hospitalar – Equip de Manutenção da Vida, Equip de Diagnóstico e Infra - 2025 ri carajas",20,"Tabela 22 – Caracterização Hospitalar – Equip de Manutenção da Vida, Equip de Diagnóstico e Infra - 2025 ri carajas","..\..\Desktop\tabelas-powerBI\4 Carajás\Tabela 22 – Caracterização Hospitalar – Equip de Manutenção da Vida, Equip de Diagnóstico e Infra - 2025 ri carajas.xlsx",Carajás,424,2.0
São Geraldo do Araguaia,4 Carajás,22,"Tabela 22 – Caracterização Hospitalar – Equip de Manutenção da Vida, Equip de Diagnóstico e Infra - 2025 ri carajas",20,"Tabela 22 – Caracterização Hospitalar – Equip de Manutenção da Vida, Equip de Diagnóstico e Infra - 2025 ri carajas","..\..\Desktop\tabelas-powerBI\4 Carajás\Tabela 22 – Caracterização Hospitalar – Equip de Manutenção da Vida, Equip de Diagnóstico e Infra - 2025 ri carajas.xlsx",Carajás,424,0.0
São João do Araguaia,4 Carajás,22,"Tabela 22 – Caracterização Hospitalar – Equip de Manutenção da Vida, Equip de Diagnóstico e Infra - 2025 ri carajas",20,"Tabela 22 – Caracterização Hospitalar – Equip de Manutenção da Vida, Equip de Diagnóstico e Infra - 2025 ri carajas","..\..\Desktop\tabelas-powerBI\4 Carajás\Tabela 22 – Caracterização Hospitalar – Equip de Manutenção da Vida, Equip de Diagnóstico e Infra - 2025 ri carajas.xlsx",Carajás,424,1.0
Fonte: DATASUS,4 Carajás,22,"Tabela 22 – Caracterização Hospitalar – Equip de Manutenção da Vida, Equip de Diagnóstico e Infra - 2025 ri carajas",20,"Tabela 22 – Caracterização Hospitalar – Equip de Manutenção da Vida, Equip de Diagnóstico e Infra - 2025 ri carajas","..\..\Desktop\tabelas-powerBI\4 Carajás\Tabela 22 – Caracterização Hospitalar – Equip de Manutenção da Vida, Equip de Diagnóstico e Infra - 2025 ri carajas.xlsx",Carajás,424,
Elaboração: FAPESPA,4 Carajás,22,"Tabela 22 – Caracterização Hospitalar – Equip de Manutenção da Vida, Equip de Diagnóstico e Infra - 2025 ri carajas",20,"Tabela 22 – Caracterização Hospitalar – Equip de Manutenção da Vida, Equip de Diagnóstico e Infra - 2025 ri carajas","..\..\Desktop\tabelas-powerBI\4 Carajás\Tabela 22 – Caracterização Hospitalar – Equip de Manutenção da Vida, Equip de Diagnóstico e Infra - 2025 ri carajas.xlsx",Carajás,424,
*Nota: Dados referentes a Outubro/2025.,4 Carajás,22,"Tabela 22 – Caracterização Hospitalar – Equip de Manutenção da Vida, Equip de Diagnóstico e Infra - 2025 ri carajas",20,"Tabela 22 – Caracterização Hospitalar – Equip de Manutenção da Vida, Equip de Diagnóstico e Infra - 2025 ri carajas","..\..\Desktop\tabelas-powerBI\4 Carajás\Tabela 22 – Caracterização Hospitalar – Equip de Manutenção da Vida, Equip de Diagnóstico e Infra - 2025 ri carajas.xlsx",Carajás,424,
RI Carajás,4 Carajás,22,"Tabela 22 – Caracterização Hospitalar – Equip de Manutenção da Vida, Equip de Diagnóstico e Infra - 2025 ri carajas",20,"Tabela 22 – Caracterização Hospitalar – Equip de Manutenção da Vida, Equip de Diagnóstico e Infra - 2025 ri carajas","..\..\Desktop\tabelas-powerBI\4 Carajás\Tabela 22 – Caracterização Hospitalar – Equip de Manutenção da Vida, Equip de Diagnóstico e Infra - 2025 ri carajas.xlsx",Carajás,410,48.0
Bom Jesus do Tocantins,4 Carajás,22,"Tabela 22 – Caracterização Hospitalar – Equip de Manutenção da Vida, Equip de Diagnóstico e Infra - 2025 ri carajas",20,"Tabela 22 – Caracterização Hospitalar – Equip de Manutenção da Vida, Equip de Diagnóstico e Infra - 2025 ri carajas","..\..\Desktop\tabelas-powerBI\4 Carajás\Tabela 22 – Caracterização Hospitalar – Equip de Manutenção da Vida, Equip de Diagnóstico e Infra - 2025 ri carajas.xlsx",Carajás,410,1.0
Brejo Grande do Araguaia,4 Carajás,22,"Tabela 22 – Caracterização Hospitalar – Equip de Manutenção da Vida, Equip de Diagnóstico e Infra - 2025 ri carajas",20,"Tabela 22 – Caracterização Hospitalar – Equip de Manutenção da Vida, Equip de Diagnóstico e Infra - 2025 ri carajas","..\..\Desktop\tabelas-powerBI\4 Carajás\Tabela 22 – Caracterização Hospitalar – Equip de Manutenção da Vida, Equip de Diagnóstico e Infra - 2025 ri carajas.xlsx",Carajás,410,1.0
Canaã dos Carajás,4 Carajás,22,"Tabela 22 – Caracterização Hospitalar – Equip de Manutenção da Vida, Equip de Diagnóstico e Infra - 2025 ri carajas",20,"Tabela 22 – Caracterização Hospitalar – Equip de Manutenção da Vida, Equip de Diagnóstico e Infra - 2025 ri carajas","..\..\Desktop\tabelas-powerBI\4 Carajás\Tabela 22 – Caracterização Hospitalar – Equip de Manutenção da Vida, Equip de Diagnóstico e Infra - 2025 ri carajas.xlsx",Carajás,410,8.0
Curionópolis,4 Carajás,22,"Tabela 22 – Caracterização Hospitalar – Equip de Manutenção da Vida, Equip de Diagnóstico e Infra - 2025 ri carajas",20,"Tabela 22 – Caracterização Hospitalar – Equip de Manutenção da Vida, Equip de Diagnóstico e Infra - 2025 ri carajas","..\..\Desktop\tabelas-powerBI\4 Carajás\Tabela 22 – Caracterização Hospitalar – Equip de Manutenção da Vida, Equip de Diagnóstico e Infra - 2025 ri carajas.xlsx",Carajás,410,1.0
Eldorado do Carajás,4 Carajás,22,"Tabela 22 – Caracterização Hospitalar – Equip de Manutenção da Vida, Equip de Diagnóstico e Infra - 2025 ri carajas",20,"Tabela 22 – Caracterização Hospitalar – Equip de Manutenção da Vida, Equip de Diagnóstico e Infra - 2025 ri carajas","..\..\Desktop\tabelas-powerBI\4 Carajás\Tabela 22 – Caracterização Hospitalar – Equip de Manutenção da Vida, Equip de Diagnóstico e Infra - 2025 ri carajas.xlsx",Carajás,410,1.0
Marabá,4 Carajás,22,"Tabela 22 – Caracterização Hospitalar – Equip de Manutenção da Vida, Equip de Diagnóstico e Infra - 2025 ri carajas",20,"Tabela 22 – Caracterização Hospitalar – Equip de Manutenção da Vida, Equip de Diagnóstico e Infra - 2025 ri carajas","..\..\Desktop\tabelas-powerBI\4 Carajás\Tabela 22 – Caracterização Hospitalar – Equip de Manutenção da Vida, Equip de Diagnóstico e Infra - 2025 ri carajas.xlsx",Carajás,410,17.0
Palestina do Pará,4 Carajás,22,"Tabela 22 – Caracterização Hospitalar – Equip de Manutenção da Vida, Equip de Diagnóstico e Infra - 2025 ri carajas",20,"Tabela 22 – Caracterização Hospitalar – Equip de Manutenção da Vida, Equip de Diagnóstico e Infra - 2025 ri carajas","..\..\Desktop\tabelas-powerBI\4 Carajás\Tabela 22 – Caracterização Hospitalar – Equip de Manutenção da Vida, Equip de Diagnóstico e Infra - 2025 ri carajas.xlsx",Carajás,410,1.0
Parauapebas,4 Carajás,22,"Tabela 22 – Caracterização Hospitalar – Equip de Manutenção da Vida, Equip de Diagnóstico e Infra - 2025 ri carajas",20,"Tabela 22 – Caracterização Hospitalar – Equip de Manutenção da Vida, Equip de Diagnóstico e Infra - 2025 ri carajas","..\..\Desktop\tabelas-powerBI\4 Carajás\Tabela 22 – Caracterização Hospitalar – Equip de Manutenção da Vida, Equip de Diagnóstico e Infra - 2025 ri carajas.xlsx",Carajás,410,14.0
Piçarra,4 Carajás,22,"Tabela 22 – Caracterização Hospitalar – Equip de Manutenção da Vida, Equip de Diagnóstico e Infra - 2025 ri carajas",20,"Tabela 22 – Caracterização Hospitalar – Equip de Manutenção da Vida, Equip de Diagnóstico e Infra - 2025 ri carajas","..\..\Desktop\tabelas-powerBI\4 Carajás\Tabela 22 – Caracterização Hospitalar – Equip de Manutenção da Vida, Equip de Diagnóstico e Infra - 2025 ri carajas.xlsx",Carajás,410,1.0
São Domingos do Araguaia,4 Carajás,22,"Tabela 22 – Caracterização Hospitalar – Equip de Manutenção da Vida, Equip de Diagnóstico e Infra - 2025 ri carajas",20,"Tabela 22 – Caracterização Hospitalar – Equip de Manutenção da Vida, Equip de Diagnóstico e Infra - 2025 ri carajas","..\..\Desktop\tabelas-powerBI\4 Carajás\Tabela 22 – Caracterização Hospitalar – Equip de Manutenção da Vida, Equip de Diagnóstico e Infra - 2025 ri carajas.xlsx",Carajás,410,2.0
São Geraldo do Araguaia,4 Carajás,22,"Tabela 22 – Caracterização Hospitalar – Equip de Manutenção da Vida, Equip de Diagnóstico e Infra - 2025 ri carajas",20,"Tabela 22 – Caracterização Hospitalar – Equip de Manutenção da Vida, Equip de Diagnóstico e Infra - 2025 ri carajas","..\..\Desktop\tabelas-powerBI\4 Carajás\Tabela 22 – Caracterização Hospitalar – Equip de Manutenção da Vida, Equip de Diagnóstico e Infra - 2025 ri carajas.xlsx",Carajás,410,0.0
São João do Araguaia,4 Carajás,22,"Tabela 22 – Caracterização Hospitalar – Equip de Manutenção da Vida, Equip de Diagnóstico e Infra - 2025 ri carajas",20,"Tabela 22 – Caracterização Hospitalar – Equip de Manutenção da Vida, Equip de Diagnóstico e Infra - 2025 ri carajas","..\..\Desktop\tabelas-powerBI\4 Carajás\Tabela 22 – Caracterização Hospitalar – Equip de Manutenção da Vida, Equip de Diagnóstico e Infra - 2025 ri carajas.xlsx",Carajás,410,1.0
Fonte: DATASUS,4 Carajás,22,"Tabela 22 – Caracterização Hospitalar – Equip de Manutenção da Vida, Equip de Diagnóstico e Infra - 2025 ri carajas",20,"Tabela 22 – Caracterização Hospitalar – Equip de Manutenção da Vida, Equip de Diagnóstico e Infra - 2025 ri carajas","..\..\Desktop\tabelas-powerBI\4 Carajás\Tabela 22 – Caracterização Hospitalar – Equip de Manutenção da Vida, Equip de Diagnóstico e Infra - 2025 ri carajas.xlsx",Carajás,410,
Elaboração: FAPESPA,4 Carajás,22,"Tabela 22 – Caracterização Hospitalar – Equip de Manutenção da Vida, Equip de Diagnóstico e Infra - 2025 ri carajas",20,"Tabela 22 – Caracterização Hospitalar – Equip de Manutenção da Vida, Equip de Diagnóstico e Infra - 2025 ri carajas","..\..\Desktop\tabelas-powerBI\4 Carajás\Tabela 22 – Caracterização Hospitalar – Equip de Manutenção da Vida, Equip de Diagnóstico e Infra - 2025 ri carajas.xlsx",Carajás,410,
*Nota: Dados referentes a Outubro/2025.,4 Carajás,22,"Tabela 22 – Caracterização Hospitalar – Equip de Manutenção da Vida, Equip de Diagnóstico e Infra - 2025 ri carajas",20,"Tabela 22 – Caracterização Hospitalar – Equip de Manutenção da Vida, Equip de Diagnóstico e Infra - 2025 ri carajas","..\..\Desktop\tabelas-powerBI\4 Carajás\Tabela 22 – Caracterização Hospitalar – Equip de Manutenção da Vida, Equip de Diagnóstico e Infra - 2025 ri carajas.xlsx",Carajás,410,
RI Carajás,4 Carajás,22,"Tabela 22 – Caracterização Hospitalar – Equip de Manutenção da Vida, Equip de Diagnóstico e Infra - 2025 ri carajas",20,"Tabela 22 – Caracterização Hospitalar – Equip de Manutenção da Vida, Equip de Diagnóstico e Infra - 2025 ri carajas","..\..\Desktop\tabelas-powerBI\4 Carajás\Tabela 22 – Caracterização Hospitalar – Equip de Manutenção da Vida, Equip de Diagnóstico e Infra - 2025 ri carajas.xlsx",Carajás,239,37.0
Bom Jesus do Tocantins,4 Carajás,22,"Tabela 22 – Caracterização Hospitalar – Equip de Manutenção da Vida, Equip de Diagnóstico e Infra - 2025 ri carajas",20,"Tabela 22 – Caracterização Hospitalar – Equip de Manutenção da Vida, Equip de Diagnóstico e Infra - 2025 ri carajas","..\..\Desktop\tabelas-powerBI\4 Carajás\Tabela 22 – Caracterização Hospitalar – Equip de Manutenção da Vida, Equip de Diagnóstico e Infra - 2025 ri carajas.xlsx",Carajás,239,0.0
Brejo Grande do Araguaia,4 Carajás,22,"Tabela 22 – Caracterização Hospitalar – Equip de Manutenção da Vida, Equip de Diagnóstico e Infra - 2025 ri carajas",20,"Tabela 22 – Caracterização Hospitalar – Equip de Manutenção da Vida, Equip de Diagnóstico e Infra - 2025 ri carajas","..\..\Desktop\tabelas-powerBI\4 Carajás\Tabela 22 – Caracterização Hospitalar – Equip de Manutenção da Vida, Equip de Diagnóstico e Infra - 2025 ri carajas.xlsx",Carajás,239,0.0
Canaã dos Carajás,4 Carajás,22,"Tabela 22 – Caracterização Hospitalar – Equip de Manutenção da Vida, Equip de Diagnóstico e Infra - 2025 ri carajas",20,"Tabela 22 – Caracterização Hospitalar – Equip de Manutenção da Vida, Equip de Diagnóstico e Infra - 2025 ri carajas","..\..\Desktop\tabelas-powerBI\4 Carajás\Tabela 22 – Caracterização Hospitalar – Equip de Manutenção da Vida, Equip de Diagnóstico e Infra - 2025 ri carajas.xlsx",Carajás,239,10.0
Curionópolis,4 Carajás,22,"Tabela 22 – Caracterização Hospitalar – Equip de Manutenção da Vida, Equip de Diagnóstico e Infra - 2025 ri carajas",20,"Tabela 22 – Caracterização Hospitalar – Equip de Manutenção da Vida, Equip de Diagnóstico e Infra - 2025 ri carajas","..\..\Desktop\tabelas-powerBI\4 Carajás\Tabela 22 – Caracterização Hospitalar – Equip de Manutenção da Vida, Equip de Diagnóstico e Infra - 2025 ri carajas.xlsx",Carajás,239,0.0
Eldorado do Carajás,4 Carajás,22,"Tabela 22 – Caracterização Hospitalar – Equip de Manutenção da Vida, Equip de Diagnóstico e Infra - 2025 ri carajas",20,"Tabela 22 – Caracterização Hospitalar – Equip de Manutenção da Vida, Equip de Diagnóstico e Infra - 2025 ri carajas","..\..\Desktop\tabelas-powerBI\4 Carajás\Tabela 22 – Caracterização Hospitalar – Equip de Manutenção da Vida, Equip de Diagnóstico e Infra - 2025 ri carajas.xlsx",Carajás,239,0.0
Marabá,4 Carajás,22,"Tabela 22 – Caracterização Hospitalar – Equip de Manutenção da Vida, Equip de Diagnóstico e Infra - 2025 ri carajas",20,"Tabela 22 – Caracterização Hospitalar – Equip de Manutenção da Vida, Equip de Diagnóstico e Infra - 2025 ri carajas","..\..\Desktop\tabelas-powerBI\4 Carajás\Tabela 22 – Caracterização Hospitalar – Equip de Manutenção da Vida, Equip de Diagnóstico e Infra - 2025 ri carajas.xlsx",Carajás,239,13.0
Palestina do Pará,4 Carajás,22,"Tabela 22 – Caracterização Hospitalar – Equip de Manutenção da Vida, Equip de Diagnóstico e Infra - 2025 ri carajas",20,"Tabela 22 – Caracterização Hospitalar – Equip de Manutenção da Vida, Equip de Diagnóstico e Infra - 2025 ri carajas","..\..\Desktop\tabelas-powerBI\4 Carajás\Tabela 22 – Caracterização Hospitalar – Equip de Manutenção da Vida, Equip de Diagnóstico e Infra - 2025 ri carajas.xlsx",Carajás,239,0.0
Parauapebas,4 Carajás,22,"Tabela 22 – Caracterização Hospitalar – Equip de Manutenção da Vida, Equip de Diagnóstico e Infra - 2025 ri carajas",20,"Tabela 22 – Caracterização Hospitalar – Equip de Manutenção da Vida, Equip de Diagnóstico e Infra - 2025 ri carajas","..\..\Desktop\tabelas-powerBI\4 Carajás\Tabela 22 – Caracterização Hospitalar – Equip de Manutenção da Vida, Equip de Diagnóstico e Infra - 2025 ri carajas.xlsx",Carajás,239,14.0
Piçarra,4 Carajás,22,"Tabela 22 – Caracterização Hospitalar – Equip de Manutenção da Vida, Equip de Diagnóstico e Infra - 2025 ri carajas",20,"Tabela 22 – Caracterização Hospitalar – Equip de Manutenção da Vida, Equip de Diagnóstico e Infra - 2025 ri carajas","..\..\Desktop\tabelas-powerBI\4 Carajás\Tabela 22 – Caracterização Hospitalar – Equip de Manutenção da Vida, Equip de Diagnóstico e Infra - 2025 ri carajas.xlsx",Carajás,239,0.0
São Domingos do Araguaia,4 Carajás,22,"Tabela 22 – Caracterização Hospitalar – Equip de Manutenção da Vida, Equip de Diagnóstico e Infra - 2025 ri carajas",20,"Tabela 22 – Caracterização Hospitalar – Equip de Manutenção da Vida, Equip de Diagnóstico e Infra - 2025 ri carajas","..\..\Desktop\tabelas-powerBI\4 Carajás\Tabela 22 – Caracterização Hospitalar – Equip de Manutenção da Vida, Equip de Diagnóstico e Infra - 2025 ri carajas.xlsx",Carajás,239,0.0
São Geraldo do Araguaia,4 Carajás,22,"Tabela 22 – Caracterização Hospitalar – Equip de Manutenção da Vida, Equip de Diagnóstico e Infra - 2025 ri carajas",20,"Tabela 22 – Caracterização Hospitalar – Equip de Manutenção da Vida, Equip de Diagnóstico e Infra - 2025 ri carajas","..\..\Desktop\tabelas-powerBI\4 Carajás\Tabela 22 – Caracterização Hospitalar – Equip de Manutenção da Vida, Equip de Diagnóstico e Infra - 2025 ri carajas.xlsx",Carajás,239,0.0
São João do Araguaia,4 Carajás,22,"Tabela 22 – Caracterização Hospitalar – Equip de Manutenção da Vida, Equip de Diagnóstico e Infra - 2025 ri carajas",20,"Tabela 22 – Caracterização Hospitalar – Equip de Manutenção da Vida, Equip de Diagnóstico e Infra - 2025 ri carajas","..\..\Desktop\tabelas-powerBI\4 Carajás\Tabela 22 – Caracterização Hospitalar – Equip de Manutenção da Vida, Equip de Diagnóstico e Infra - 2025 ri carajas.xlsx",Carajás,239,0.0
Fonte: DATASUS,4 Carajás,22,"Tabela 22 – Caracterização Hospitalar – Equip de Manutenção da Vida, Equip de Diagnóstico e Infra - 2025 ri carajas",20,"Tabela 22 – Caracterização Hospitalar – Equip de Manutenção da Vida, Equip de Diagnóstico e Infra - 2025 ri carajas","..\..\Desktop\tabelas-powerBI\4 Carajás\Tabela 22 – Caracterização Hospitalar – Equip de Manutenção da Vida, Equip de Diagnóstico e Infra - 2025 ri carajas.xlsx",Carajás,239,
Elaboração: FAPESPA,4 Carajás,22,"Tabela 22 – Caracterização Hospitalar – Equip de Manutenção da Vida, Equip de Diagnóstico e Infra - 2025 ri carajas",20,"Tabela 22 – Caracterização Hospitalar – Equip de Manutenção da Vida, Equip de Diagnóstico e Infra - 2025 ri carajas","..\..\Desktop\tabelas-powerBI\4 Carajás\Tabela 22 – Caracterização Hospitalar – Equip de Manutenção da Vida, Equip de Diagnóstico e Infra - 2025 ri carajas.xlsx",Carajás,239,
*Nota: Dados referentes a Outubro/2025.,4 Carajás,22,"Tabela 22 – Caracterização Hospitalar – Equip de Manutenção da Vida, Equip de Diagnóstico e Infra - 2025 ri carajas",20,"Tabela 22 – Caracterização Hospitalar – Equip de Manutenção da Vida, Equip de Diagnóstico e Infra - 2025 ri carajas","..\..\Desktop\tabelas-powerBI\4 Carajás\Tabela 22 – Caracterização Hospitalar – Equip de Manutenção da Vida, Equip de Diagnóstico e Infra - 2025 ri carajas.xlsx",Carajás,239,
RI Carajás,4 Carajás,22,"Tabela 22 – Caracterização Hospitalar – Equip de Manutenção da Vida, Equip de Diagnóstico e Infra - 2025 ri carajas",20,"Tabela 22 – Caracterização Hospitalar – Equip de Manutenção da Vida, Equip de Diagnóstico e Infra - 2025 ri carajas","..\..\Desktop\tabelas-powerBI\4 Carajás\Tabela 22 – Caracterização Hospitalar – Equip de Manutenção da Vida, Equip de Diagnóstico e Infra - 2025 ri carajas.xlsx",Carajás,234,36.0
Bom Jesus do Tocantins,4 Carajás,22,"Tabela 22 – Caracterização Hospitalar – Equip de Manutenção da Vida, Equip de Diagnóstico e Infra - 2025 ri carajas",20,"Tabela 22 – Caracterização Hospitalar – Equip de Manutenção da Vida, Equip de Diagnóstico e Infra - 2025 ri carajas","..\..\Desktop\tabelas-powerBI\4 Carajás\Tabela 22 – Caracterização Hospitalar – Equip de Manutenção da Vida, Equip de Diagnóstico e Infra - 2025 ri carajas.xlsx",Carajás,234,0.0
Brejo Grande do Araguaia,4 Carajás,22,"Tabela 22 – Caracterização Hospitalar – Equip de Manutenção da Vida, Equip de Diagnóstico e Infra - 2025 ri carajas",20,"Tabela 22 – Caracterização Hospitalar – Equip de Manutenção da Vida, Equip de Diagnóstico e Infra - 2025 ri carajas","..\..\Desktop\tabelas-powerBI\4 Carajás\Tabela 22 – Caracterização Hospitalar – Equip de Manutenção da Vida, Equip de Diagnóstico e Infra - 2025 ri carajas.xlsx",Carajás,234,0.0
Canaã dos Carajás,4 Carajás,22,"Tabela 22 – Caracterização Hospitalar – Equip de Manutenção da Vida, Equip de Diagnóstico e Infra - 2025 ri carajas",20,"Tabela 22 – Caracterização Hospitalar – Equip de Manutenção da Vida, Equip de Diagnóstico e Infra - 2025 ri carajas","..\..\Desktop\tabelas-powerBI\4 Carajás\Tabela 22 – Caracterização Hospitalar – Equip de Manutenção da Vida, Equip de Diagnóstico e Infra - 2025 ri carajas.xlsx",Carajás,234,10.0
Curionópolis,4 Carajás,22,"Tabela 22 – Caracterização Hospitalar – Equip de Manutenção da Vida, Equip de Diagnóstico e Infra - 2025 ri carajas",20,"Tabela 22 – Caracterização Hospitalar – Equip de Manutenção da Vida, Equip de Diagnóstico e Infra - 2025 ri carajas","..\..\Desktop\tabelas-powerBI\4 Carajás\Tabela 22 – Caracterização Hospitalar – Equip de Manutenção da Vida, Equip de Diagnóstico e Infra - 2025 ri carajas.xlsx",Carajás,234,0.0
Eldorado do Carajás,4 Carajás,22,"Tabela 22 – Caracterização Hospitalar – Equip de Manutenção da Vida, Equip de Diagnóstico e Infra - 2025 ri carajas",20,"Tabela 22 – Caracterização Hospitalar – Equip de Manutenção da Vida, Equip de Diagnóstico e Infra - 2025 ri carajas","..\..\Desktop\tabelas-powerBI\4 Carajás\Tabela 22 – Caracterização Hospitalar – Equip de Manutenção da Vida, Equip de Diagnóstico e Infra - 2025 ri carajas.xlsx",Carajás,234,0.0
Marabá,4 Carajás,22,"Tabela 22 – Caracterização Hospitalar – Equip de Manutenção da Vida, Equip de Diagnóstico e Infra - 2025 ri carajas",20,"Tabela 22 – Caracterização Hospitalar – Equip de Manutenção da Vida, Equip de Diagnóstico e Infra - 2025 ri carajas","..\..\Desktop\tabelas-powerBI\4 Carajás\Tabela 22 – Caracterização Hospitalar – Equip de Manutenção da Vida, Equip de Diagnóstico e Infra - 2025 ri carajas.xlsx",Carajás,234,13.0
Palestina do Pará,4 Carajás,22,"Tabela 22 – Caracterização Hospitalar – Equip de Manutenção da Vida, Equip de Diagnóstico e Infra - 2025 ri carajas",20,"Tabela 22 – Caracterização Hospitalar – Equip de Manutenção da Vida, Equip de Diagnóstico e Infra - 2025 ri carajas","..\..\Desktop\tabelas-powerBI\4 Carajás\Tabela 22 – Caracterização Hospitalar – Equip de Manutenção da Vida, Equip de Diagnóstico e Infra - 2025 ri carajas.xlsx",Carajás,234,0.0
Parauapebas,4 Carajás,22,"Tabela 22 – Caracterização Hospitalar – Equip de Manutenção da Vida, Equip de Diagnóstico e Infra - 2025 ri carajas",20,"Tabela 22 – Caracterização Hospitalar – Equip de Manutenção da Vida, Equip de Diagnóstico e Infra - 2025 ri carajas","..\..\Desktop\tabelas-powerBI\4 Carajás\Tabela 22 – Caracterização Hospitalar – Equip de Manutenção da Vida, Equip de Diagnóstico e Infra - 2025 ri carajas.xlsx",Carajás,234,13.0
Piçarra,4 Carajás,22,"Tabela 22 – Caracterização Hospitalar – Equip de Manutenção da Vida, Equip de Diagnóstico e Infra - 2025 ri carajas",20,"Tabela 22 – Caracterização Hospitalar – Equip de Manutenção da Vida, Equip de Diagnóstico e Infra - 2025 ri carajas","..\..\Desktop\tabelas-powerBI\4 Carajás\Tabela 22 – Caracterização Hospitalar – Equip de Manutenção da Vida, Equip de Diagnóstico e Infra - 2025 ri carajas.xlsx",Carajás,234,0.0
São Domingos do Araguaia,4 Carajás,22,"Tabela 22 – Caracterização Hospitalar – Equip de Manutenção da Vida, Equip de Diagnóstico e Infra - 2025 ri carajas",20,"Tabela 22 – Caracterização Hospitalar – Equip de Manutenção da Vida, Equip de Diagnóstico e Infra - 2025 ri carajas","..\..\Desktop\tabelas-powerBI\4 Carajás\Tabela 22 – Caracterização Hospitalar – Equip de Manutenção da Vida, Equip de Diagnóstico e Infra - 2025 ri carajas.xlsx",Carajás,234,0.0
São Geraldo do Araguaia,4 Carajás,22,"Tabela 22 – Caracterização Hospitalar – Equip de Manutenção da Vida, Equip de Diagnóstico e Infra - 2025 ri carajas",20,"Tabela 22 – Caracterização Hospitalar – Equip de Manutenção da Vida, Equip de Diagnóstico e Infra - 2025 ri carajas","..\..\Desktop\tabelas-powerBI\4 Carajás\Tabela 22 – Caracterização Hospitalar – Equip de Manutenção da Vida, Equip de Diagnóstico e Infra - 2025 ri carajas.xlsx",Carajás,234,0.0
São João do Araguaia,4 Carajás,22,"Tabela 22 – Caracterização Hospitalar – Equip de Manutenção da Vida, Equip de Diagnóstico e Infra - 2025 ri carajas",20,"Tabela 22 – Caracterização Hospitalar – Equip de Manutenção da Vida, Equip de Diagnóstico e Infra - 2025 ri carajas","..\..\Desktop\tabelas-powerBI\4 Carajás\Tabela 22 – Caracterização Hospitalar – Equip de Manutenção da Vida, Equip de Diagnóstico e Infra - 2025 ri carajas.xlsx",Carajás,234,0.0
Fonte: DATASUS,4 Carajás,22,"Tabela 22 – Caracterização Hospitalar – Equip de Manutenção da Vida, Equip de Diagnóstico e Infra - 2025 ri carajas",20,"Tabela 22 – Caracterização Hospitalar – Equip de Manutenção da Vida, Equip de Diagnóstico e Infra - 2025 ri carajas","..\..\Desktop\tabelas-powerBI\4 Carajás\Tabela 22 – Caracterização Hospitalar – Equip de Manutenção da Vida, Equip de Diagnóstico e Infra - 2025 ri carajas.xlsx",Carajás,234,
Elaboração: FAPESPA,4 Carajás,22,"Tabela 22 – Caracterização Hospitalar – Equip de Manutenção da Vida, Equip de Diagnóstico e Infra - 2025 ri carajas",20,"Tabela 22 – Caracterização Hospitalar – Equip de Manutenção da Vida, Equip de Diagnóstico e Infra - 2025 ri carajas","..\..\Desktop\tabelas-powerBI\4 Carajás\Tabela 22 – Caracterização Hospitalar – Equip de Manutenção da Vida, Equip de Diagnóstico e Infra - 2025 ri carajas.xlsx",Carajás,234,
*Nota: Dados referentes a Outubro/2025.,4 Carajás,22,"Tabela 22 – Caracterização Hospitalar – Equip de Manutenção da Vida, Equip de Diagnóstico e Infra - 2025 ri carajas",20,"Tabela 22 – Caracterização Hospitalar – Equip de Manutenção da Vida, Equip de Diagnóstico e Infra - 2025 ri carajas","..\..\Desktop\tabelas-powerBI\4 Carajás\Tabela 22 – Caracterização Hospitalar – Equip de Manutenção da Vida, Equip de Diagnóstico e Infra - 2025 ri carajas.xlsx",Carajás,234,
RI Carajás,4 Carajás,22,"Tabela 22 – Caracterização Hospitalar – Equip de Manutenção da Vida, Equip de Diagnóstico e Infra - 2025 ri carajas",20,"Tabela 22 – Caracterização Hospitalar – Equip de Manutenção da Vida, Equip de Diagnóstico e Infra - 2025 ri carajas","..\..\Desktop\tabelas-powerBI\4 Carajás\Tabela 22 – Caracterização Hospitalar – Equip de Manutenção da Vida, Equip de Diagnóstico e Infra - 2025 ri carajas.xlsx",Carajás,746,100.0
Bom Jesus do Tocantins,4 Carajás,22,"Tabela 22 – Caracterização Hospitalar – Equip de Manutenção da Vida, Equip de Diagnóstico e Infra - 2025 ri carajas",20,"Tabela 22 – Caracterização Hospitalar – Equip de Manutenção da Vida, Equip de Diagnóstico e Infra - 2025 ri carajas","..\..\Desktop\tabelas-powerBI\4 Carajás\Tabela 22 – Caracterização Hospitalar – Equip de Manutenção da Vida, Equip de Diagnóstico e Infra - 2025 ri carajas.xlsx",Carajás,746,1.0
Brejo Grande do Araguaia,4 Carajás,22,"Tabela 22 – Caracterização Hospitalar – Equip de Manutenção da Vida, Equip de Diagnóstico e Infra - 2025 ri carajas",20,"Tabela 22 – Caracterização Hospitalar – Equip de Manutenção da Vida, Equip de Diagnóstico e Infra - 2025 ri carajas","..\..\Desktop\tabelas-powerBI\4 Carajás\Tabela 22 – Caracterização Hospitalar – Equip de Manutenção da Vida, Equip de Diagnóstico e Infra - 2025 ri carajas.xlsx",Carajás,746,1.0
Canaã dos Carajás,4 Carajás,22,"Tabela 22 – Caracterização Hospitalar – Equip de Manutenção da Vida, Equip de Diagnóstico e Infra - 2025 ri carajas",20,"Tabela 22 – Caracterização Hospitalar – Equip de Manutenção da Vida, Equip de Diagnóstico e Infra - 2025 ri carajas","..\..\Desktop\tabelas-powerBI\4 Carajás\Tabela 22 – Caracterização Hospitalar – Equip de Manutenção da Vida, Equip de Diagnóstico e Infra - 2025 ri carajas.xlsx",Carajás,746,24.0
Curionópolis,4 Carajás,22,"Tabela 22 – Caracterização Hospitalar – Equip de Manutenção da Vida, Equip de Diagnóstico e Infra - 2025 ri carajas",20,"Tabela 22 – Caracterização Hospitalar – Equip de Manutenção da Vida, Equip de Diagnóstico e Infra - 2025 ri carajas","..\..\Desktop\tabelas-powerBI\4 Carajás\Tabela 22 – Caracterização Hospitalar – Equip de Manutenção da Vida, Equip de Diagnóstico e Infra - 2025 ri carajas.xlsx",Carajás,746,3.0
Eldorado do Carajás,4 Carajás,22,"Tabela 22 – Caracterização Hospitalar – Equip de Manutenção da Vida, Equip de Diagnóstico e Infra - 2025 ri carajas",20,"Tabela 22 – Caracterização Hospitalar – Equip de Manutenção da Vida, Equip de Diagnóstico e Infra - 2025 ri carajas","..\..\Desktop\tabelas-powerBI\4 Carajás\Tabela 22 – Caracterização Hospitalar – Equip de Manutenção da Vida, Equip de Diagnóstico e Infra - 2025 ri carajas.xlsx",Carajás,746,5.0
Marabá,4 Carajás,22,"Tabela 22 – Caracterização Hospitalar – Equip de Manutenção da Vida, Equip de Diagnóstico e Infra - 2025 ri carajas",20,"Tabela 22 – Caracterização Hospitalar – Equip de Manutenção da Vida, Equip de Diagnóstico e Infra - 2025 ri carajas","..\..\Desktop\tabelas-powerBI\4 Carajás\Tabela 22 – Caracterização Hospitalar – Equip de Manutenção da Vida, Equip de Diagnóstico e Infra - 2025 ri carajas.xlsx",Carajás,746,19.0
Palestina do Pará,4 Carajás,22,"Tabela 22 – Caracterização Hospitalar – Equip de Manutenção da Vida, Equip de Diagnóstico e Infra - 2025 ri carajas",20,"Tabela 22 – Caracterização Hospitalar – Equip de Manutenção da Vida, Equip de Diagnóstico e Infra - 2025 ri carajas","..\..\Desktop\tabelas-powerBI\4 Carajás\Tabela 22 – Caracterização Hospitalar – Equip de Manutenção da Vida, Equip de Diagnóstico e Infra - 2025 ri carajas.xlsx",Carajás,746,0.0
Parauapebas,4 Carajás,22,"Tabela 22 – Caracterização Hospitalar – Equip de Manutenção da Vida, Equip de Diagnóstico e Infra - 2025 ri carajas",20,"Tabela 22 – Caracterização Hospitalar – Equip de Manutenção da Vida, Equip de Diagnóstico e Infra - 2025 ri carajas","..\..\Desktop\tabelas-powerBI\4 Carajás\Tabela 22 – Caracterização Hospitalar – Equip de Manutenção da Vida, Equip de Diagnóstico e Infra - 2025 ri carajas.xlsx",Carajás,746,43.0
Piçarra,4 Carajás,22,"Tabela 22 – Caracterização Hospitalar – Equip de Manutenção da Vida, Equip de Diagnóstico e Infra - 2025 ri carajas",20,"Tabela 22 – Caracterização Hospitalar – Equip de Manutenção da Vida, Equip de Diagnóstico e Infra - 2025 ri carajas","..\..\Desktop\tabelas-powerBI\4 Carajás\Tabela 22 – Caracterização Hospitalar – Equip de Manutenção da Vida, Equip de Diagnóstico e Infra - 2025 ri carajas.xlsx",Carajás,746,1.0
São Domingos do Araguaia,4 Carajás,22,"Tabela 22 – Caracterização Hospitalar – Equip de Manutenção da Vida, Equip de Diagnóstico e Infra - 2025 ri carajas",20,"Tabela 22 – Caracterização Hospitalar – Equip de Manutenção da Vida, Equip de Diagnóstico e Infra - 2025 ri carajas","..\..\Desktop\tabelas-powerBI\4 Carajás\Tabela 22 – Caracterização Hospitalar – Equip de Manutenção da Vida, Equip de Diagnóstico e Infra - 2025 ri carajas.xlsx",Carajás,746,1.0
São Geraldo do Araguaia,4 Carajás,22,"Tabela 22 – Caracterização Hospitalar – Equip de Manutenção da Vida, Equip de Diagnóstico e Infra - 2025 ri carajas",20,"Tabela 22 – Caracterização Hospitalar – Equip de Manutenção da Vida, Equip de Diagnóstico e Infra - 2025 ri carajas","..\..\Desktop\tabelas-powerBI\4 Carajás\Tabela 22 – Caracterização Hospitalar – Equip de Manutenção da Vida, Equip de Diagnóstico e Infra - 2025 ri carajas.xlsx",Carajás,746,1.0
São João do Araguaia,4 Carajás,22,"Tabela 22 – Caracterização Hospitalar – Equip de Manutenção da Vida, Equip de Diagnóstico e Infra - 2025 ri carajas",20,"Tabela 22 – Caracterização Hospitalar – Equip de Manutenção da Vida, Equip de Diagnóstico e Infra - 2025 ri carajas","..\..\Desktop\tabelas-powerBI\4 Carajás\Tabela 22 – Caracterização Hospitalar – Equip de Manutenção da Vida, Equip de Diagnóstico e Infra - 2025 ri carajas.xlsx",Carajás,746,1.0
Fonte: DATASUS,4 Carajás,22,"Tabela 22 – Caracterização Hospitalar – Equip de Manutenção da Vida, Equip de Diagnóstico e Infra - 2025 ri carajas",20,"Tabela 22 – Caracterização Hospitalar – Equip de Manutenção da Vida, Equip de Diagnóstico e Infra - 2025 ri carajas","..\..\Desktop\tabelas-powerBI\4 Carajás\Tabela 22 – Caracterização Hospitalar – Equip de Manutenção da Vida, Equip de Diagnóstico e Infra - 2025 ri carajas.xlsx",Carajás,746,
Elaboração: FAPESPA,4 Carajás,22,"Tabela 22 – Caracterização Hospitalar – Equip de Manutenção da Vida, Equip de Diagnóstico e Infra - 2025 ri carajas",20,"Tabela 22 – Caracterização Hospitalar – Equip de Manutenção da Vida, Equip de Diagnóstico e Infra - 2025 ri carajas","..\..\Desktop\tabelas-powerBI\4 Carajás\Tabela 22 – Caracterização Hospitalar – Equip de Manutenção da Vida, Equip de Diagnóstico e Infra - 2025 ri carajas.xlsx",Carajás,746,
*Nota: Dados referentes a Outubro/2025.,4 Carajás,22,"Tabela 22 – Caracterização Hospitalar – Equip de Manutenção da Vida, Equip de Diagnóstico e Infra - 2025 ri carajas",20,"Tabela 22 – Caracterização Hospitalar – Equip de Manutenção da Vida, Equip de Diagnóstico e Infra - 2025 ri carajas","..\..\Desktop\tabelas-powerBI\4 Carajás\Tabela 22 – Caracterização Hospitalar – Equip de Manutenção da Vida, Equip de Diagnóstico e Infra - 2025 ri carajas.xlsx",Carajás,746,
RI Carajás,4 Carajás,22,"Tabela 22 – Caracterização Hospitalar – Equip de Manutenção da Vida, Equip de Diagnóstico e Infra - 2025 ri carajas",20,"Tabela 22 – Caracterização Hospitalar – Equip de Manutenção da Vida, Equip de Diagnóstico e Infra - 2025 ri carajas","..\..\Desktop\tabelas-powerBI\4 Carajás\Tabela 22 – Caracterização Hospitalar – Equip de Manutenção da Vida, Equip de Diagnóstico e Infra - 2025 ri carajas.xlsx",Carajás,720,95.0
Bom Jesus do Tocantins,4 Carajás,22,"Tabela 22 – Caracterização Hospitalar – Equip de Manutenção da Vida, Equip de Diagnóstico e Infra - 2025 ri carajas",20,"Tabela 22 – Caracterização Hospitalar – Equip de Manutenção da Vida, Equip de Diagnóstico e Infra - 2025 ri carajas","..\..\Desktop\tabelas-powerBI\4 Carajás\Tabela 22 – Caracterização Hospitalar – Equip de Manutenção da Vida, Equip de Diagnóstico e Infra - 2025 ri carajas.xlsx",Carajás,720,1.0
Brejo Grande do Araguaia,4 Carajás,22,"Tabela 22 – Caracterização Hospitalar – Equip de Manutenção da Vida, Equip de Diagnóstico e Infra - 2025 ri carajas",20,"Tabela 22 – Caracterização Hospitalar – Equip de Manutenção da Vida, Equip de Diagnóstico e Infra - 2025 ri carajas","..\..\Desktop\tabelas-powerBI\4 Carajás\Tabela 22 – Caracterização Hospitalar – Equip de Manutenção da Vida, Equip de Diagnóstico e Infra - 2025 ri carajas.xlsx",Carajás,720,1.0
Canaã dos Carajás,4 Carajás,22,"Tabela 22 – Caracterização Hospitalar – Equip de Manutenção da Vida, Equip de Diagnóstico e Infra - 2025 ri carajas",20,"Tabela 22 – Caracterização Hospitalar – Equip de Manutenção da Vida, Equip de Diagnóstico e Infra - 2025 ri carajas","..\..\Desktop\tabelas-powerBI\4 Carajás\Tabela 22 – Caracterização Hospitalar – Equip de Manutenção da Vida, Equip de Diagnóstico e Infra - 2025 ri carajas.xlsx",Carajás,720,22.0
Curionópolis,4 Carajás,22,"Tabela 22 – Caracterização Hospitalar – Equip de Manutenção da Vida, Equip de Diagnóstico e Infra - 2025 ri carajas",20,"Tabela 22 – Caracterização Hospitalar – Equip de Manutenção da Vida, Equip de Diagnóstico e Infra - 2025 ri carajas","..\..\Desktop\tabelas-powerBI\4 Carajás\Tabela 22 – Caracterização Hospitalar – Equip de Manutenção da Vida, Equip de Diagnóstico e Infra - 2025 ri carajas.xlsx",Carajás,720,3.0
Eldorado do Carajás,4 Carajás,22,"Tabela 22 – Caracterização Hospitalar – Equip de Manutenção da Vida, Equip de Diagnóstico e Infra - 2025 ri carajas",20,"Tabela 22 – Caracterização Hospitalar – Equip de Manutenção da Vida, Equip de Diagnóstico e Infra - 2025 ri carajas","..\..\Desktop\tabelas-powerBI\4 Carajás\Tabela 22 – Caracterização Hospitalar – Equip de Manutenção da Vida, Equip de Diagnóstico e Infra - 2025 ri carajas.xlsx",Carajás,720,5.0
Marabá,4 Carajás,22,"Tabela 22 – Caracterização Hospitalar – Equip de Manutenção da Vida, Equip de Diagnóstico e Infra - 2025 ri carajas",20,"Tabela 22 – Caracterização Hospitalar – Equip de Manutenção da Vida, Equip de Diagnóstico e Infra - 2025 ri carajas","..\..\Desktop\tabelas-powerBI\4 Carajás\Tabela 22 – Caracterização Hospitalar – Equip de Manutenção da Vida, Equip de Diagnóstico e Infra - 2025 ri carajas.xlsx",Carajás,720,18.0
Palestina do Pará,4 Carajás,22,"Tabela 22 – Caracterização Hospitalar – Equip de Manutenção da Vida, Equip de Diagnóstico e Infra - 2025 ri carajas",20,"Tabela 22 – Caracterização Hospitalar – Equip de Manutenção da Vida, Equip de Diagnóstico e Infra - 2025 ri carajas","..\..\Desktop\tabelas-powerBI\4 Carajás\Tabela 22 – Caracterização Hospitalar – Equip de Manutenção da Vida, Equip de Diagnóstico e Infra - 2025 ri carajas.xlsx",Carajás,720,0.0
Parauapebas,4 Carajás,22,"Tabela 22 – Caracterização Hospitalar – Equip de Manutenção da Vida, Equip de Diagnóstico e Infra - 2025 ri carajas",20,"Tabela 22 – Caracterização Hospitalar – Equip de Manutenção da Vida, Equip de Diagnóstico e Infra - 2025 ri carajas","..\..\Desktop\tabelas-powerBI\4 Carajás\Tabela 22 – Caracterização Hospitalar – Equip de Manutenção da Vida, Equip de Diagnóstico e Infra - 2025 ri carajas.xlsx",Carajás,720,41.0
Piçarra,4 Carajás,22,"Tabela 22 – Caracterização Hospitalar – Equip de Manutenção da Vida, Equip de Diagnóstico e Infra - 2025 ri carajas",20,"Tabela 22 – Caracterização Hospitalar – Equip de Manutenção da Vida, Equip de Diagnóstico e Infra - 2025 ri carajas","..\..\Desktop\tabelas-powerBI\4 Carajás\Tabela 22 – Caracterização Hospitalar – Equip de Manutenção da Vida, Equip de Diagnóstico e Infra - 2025 ri carajas.xlsx",Carajás,720,1.0
São Domingos do Araguaia,4 Carajás,22,"Tabela 22 – Caracterização Hospitalar – Equip de Manutenção da Vida, Equip de Diagnóstico e Infra - 2025 ri carajas",20,"Tabela 22 – Caracterização Hospitalar – Equip de Manutenção da Vida, Equip de Diagnóstico e Infra - 2025 ri carajas","..\..\Desktop\tabelas-powerBI\4 Carajás\Tabela 22 – Caracterização Hospitalar – Equip de Manutenção da Vida, Equip de Diagnóstico e Infra - 2025 ri carajas.xlsx",Carajás,720,1.0
São Geraldo do Araguaia,4 Carajás,22,"Tabela 22 – Caracterização Hospitalar – Equip de Manutenção da Vida, Equip de Diagnóstico e Infra - 2025 ri carajas",20,"Tabela 22 – Caracterização Hospitalar – Equip de Manutenção da Vida, Equip de Diagnóstico e Infra - 2025 ri carajas","..\..\Desktop\tabelas-powerBI\4 Carajás\Tabela 22 – Caracterização Hospitalar – Equip de Manutenção da Vida, Equip de Diagnóstico e Infra - 2025 ri carajas.xlsx",Carajás,720,1.0
São João do Araguaia,4 Carajás,22,"Tabela 22 – Caracterização Hospitalar – Equip de Manutenção da Vida, Equip de Diagnóstico e Infra - 2025 ri carajas",20,"Tabela 22 – Caracterização Hospitalar – Equip de Manutenção da Vida, Equip de Diagnóstico e Infra - 2025 ri carajas","..\..\Desktop\tabelas-powerBI\4 Carajás\Tabela 22 – Caracterização Hospitalar – Equip de Manutenção da Vida, Equip de Diagnóstico e Infra - 2025 ri carajas.xlsx",Carajás,720,1.0
Fonte: DATASUS,4 Carajás,22,"Tabela 22 – Caracterização Hospitalar – Equip de Manutenção da Vida, Equip de Diagnóstico e Infra - 2025 ri carajas",20,"Tabela 22 – Caracterização Hospitalar – Equip de Manutenção da Vida, Equip de Diagnóstico e Infra - 2025 ri carajas","..\..\Desktop\tabelas-powerBI\4 Carajás\Tabela 22 – Caracterização Hospitalar – Equip de Manutenção da Vida, Equip de Diagnóstico e Infra - 2025 ri carajas.xlsx",Carajás,720,
Elaboração: FAPESPA,4 Carajás,22,"Tabela 22 – Caracterização Hospitalar – Equip de Manutenção da Vida, Equip de Diagnóstico e Infra - 2025 ri carajas",20,"Tabela 22 – Caracterização Hospitalar – Equip de Manutenção da Vida, Equip de Diagnóstico e Infra - 2025 ri carajas","..\..\Desktop\tabelas-powerBI\4 Carajás\Tabela 22 – Caracterização Hospitalar – Equip de Manutenção da Vida, Equip de Diagnóstico e Infra - 2025 ri carajas.xlsx",Carajás,720,
*Nota: Dados referentes a Outubro/2025.,4 Carajás,22,"Tabela 22 – Caracterização Hospitalar – Equip de Manutenção da Vida, Equip de Diagnóstico e Infra - 2025 ri carajas",20,"Tabela 22 – Caracterização Hospitalar – Equip de Manutenção da Vida, Equip de Diagnóstico e Infra - 2025 ri carajas","..\..\Desktop\tabelas-powerBI\4 Carajás\Tabela 22 – Caracterização Hospitalar – Equip de Manutenção da Vida, Equip de Diagnóstico e Infra - 2025 ri carajas.xlsx",Carajás,720,
RI Carajás,4 Carajás,22,"Tabela 22 – Caracterização Hospitalar – Equip de Manutenção da Vida, Equip de Diagnóstico e Infra - 2025 ri carajas",20,"Tabela 22 – Caracterização Hospitalar – Equip de Manutenção da Vida, Equip de Diagnóstico e Infra - 2025 ri carajas","..\..\Desktop\tabelas-powerBI\4 Carajás\Tabela 22 – Caracterização Hospitalar – Equip de Manutenção da Vida, Equip de Diagnóstico e Infra - 2025 ri carajas.xlsx",Carajás,1199,161.0
Bom Jesus do Tocantins,4 Carajás,22,"Tabela 22 – Caracterização Hospitalar – Equip de Manutenção da Vida, Equip de Diagnóstico e Infra - 2025 ri carajas",20,"Tabela 22 – Caracterização Hospitalar – Equip de Manutenção da Vida, Equip de Diagnóstico e Infra - 2025 ri carajas","..\..\Desktop\tabelas-powerBI\4 Carajás\Tabela 22 – Caracterização Hospitalar – Equip de Manutenção da Vida, Equip de Diagnóstico e Infra - 2025 ri carajas.xlsx",Carajás,1199,1.0
Brejo Grande do Araguaia,4 Carajás,22,"Tabela 22 – Caracterização Hospitalar – Equip de Manutenção da Vida, Equip de Diagnóstico e Infra - 2025 ri carajas",20,"Tabela 22 – Caracterização Hospitalar – Equip de Manutenção da Vida, Equip de Diagnóstico e Infra - 2025 ri carajas","..\..\Desktop\tabelas-powerBI\4 Carajás\Tabela 22 – Caracterização Hospitalar – Equip de Manutenção da Vida, Equip de Diagnóstico e Infra - 2025 ri carajas.xlsx",Carajás,1199,0.0
Canaã dos Carajás,4 Carajás,22,"Tabela 22 – Caracterização Hospitalar – Equip de Manutenção da Vida, Equip de Diagnóstico e Infra - 2025 ri carajas",20,"Tabela 22 – Caracterização Hospitalar – Equip de Manutenção da Vida, Equip de Diagnóstico e Infra - 2025 ri carajas","..\..\Desktop\tabelas-powerBI\4 Carajás\Tabela 22 – Caracterização Hospitalar – Equip de Manutenção da Vida, Equip de Diagnóstico e Infra - 2025 ri carajas.xlsx",Carajás,1199,41.0
Curionópolis,4 Carajás,22,"Tabela 22 – Caracterização Hospitalar – Equip de Manutenção da Vida, Equip de Diagnóstico e Infra - 2025 ri carajas",20,"Tabela 22 – Caracterização Hospitalar – Equip de Manutenção da Vida, Equip de Diagnóstico e Infra - 2025 ri carajas","..\..\Desktop\tabelas-powerBI\4 Carajás\Tabela 22 – Caracterização Hospitalar – Equip de Manutenção da Vida, Equip de Diagnóstico e Infra - 2025 ri carajas.xlsx",Carajás,1199,2.0
Eldorado do Carajás,4 Carajás,22,"Tabela 22 – Caracterização Hospitalar – Equip de Manutenção da Vida, Equip de Diagnóstico e Infra - 2025 ri carajas",20,"Tabela 22 – Caracterização Hospitalar – Equip de Manutenção da Vida, Equip de Diagnóstico e Infra - 2025 ri carajas","..\..\Desktop\tabelas-powerBI\4 Carajás\Tabela 22 – Caracterização Hospitalar – Equip de Manutenção da Vida, Equip de Diagnóstico e Infra - 2025 ri carajas.xlsx",Carajás,1199,2.0
Marabá,4 Carajás,22,"Tabela 22 – Caracterização Hospitalar – Equip de Manutenção da Vida, Equip de Diagnóstico e Infra - 2025 ri carajas",20,"Tabela 22 – Caracterização Hospitalar – Equip de Manutenção da Vida, Equip de Diagnóstico e Infra - 2025 ri carajas","..\..\Desktop\tabelas-powerBI\4 Carajás\Tabela 22 – Caracterização Hospitalar – Equip de Manutenção da Vida, Equip de Diagnóstico e Infra - 2025 ri carajas.xlsx",Carajás,1199,36.0
Palestina do Pará,4 Carajás,22,"Tabela 22 – Caracterização Hospitalar – Equip de Manutenção da Vida, Equip de Diagnóstico e Infra - 2025 ri carajas",20,"Tabela 22 – Caracterização Hospitalar – Equip de Manutenção da Vida, Equip de Diagnóstico e Infra - 2025 ri carajas","..\..\Desktop\tabelas-powerBI\4 Carajás\Tabela 22 – Caracterização Hospitalar – Equip de Manutenção da Vida, Equip de Diagnóstico e Infra - 2025 ri carajas.xlsx",Carajás,1199,2.0
Parauapebas,4 Carajás,22,"Tabela 22 – Caracterização Hospitalar – Equip de Manutenção da Vida, Equip de Diagnóstico e Infra - 2025 ri carajas",20,"Tabela 22 – Caracterização Hospitalar – Equip de Manutenção da Vida, Equip de Diagnóstico e Infra - 2025 ri carajas","..\..\Desktop\tabelas-powerBI\4 Carajás\Tabela 22 – Caracterização Hospitalar – Equip de Manutenção da Vida, Equip de Diagnóstico e Infra - 2025 ri carajas.xlsx",Carajás,1199,72.0
Piçarra,4 Carajás,22,"Tabela 22 – Caracterização Hospitalar – Equip de Manutenção da Vida, Equip de Diagnóstico e Infra - 2025 ri carajas",20,"Tabela 22 – Caracterização Hospitalar – Equip de Manutenção da Vida, Equip de Diagnóstico e Infra - 2025 ri carajas","..\..\Desktop\tabelas-powerBI\4 Carajás\Tabela 22 – Caracterização Hospitalar – Equip de Manutenção da Vida, Equip de Diagnóstico e Infra - 2025 ri carajas.xlsx",Carajás,1199,1.0
São Domingos do Araguaia,4 Carajás,22,"Tabela 22 – Caracterização Hospitalar – Equip de Manutenção da Vida, Equip de Diagnóstico e Infra - 2025 ri carajas",20,"Tabela 22 – Caracterização Hospitalar – Equip de Manutenção da Vida, Equip de Diagnóstico e Infra - 2025 ri carajas","..\..\Desktop\tabelas-powerBI\4 Carajás\Tabela 22 – Caracterização Hospitalar – Equip de Manutenção da Vida, Equip de Diagnóstico e Infra - 2025 ri carajas.xlsx",Carajás,1199,1.0
São Geraldo do Araguaia,4 Carajás,22,"Tabela 22 – Caracterização Hospitalar – Equip de Manutenção da Vida, Equip de Diagnóstico e Infra - 2025 ri carajas",20,"Tabela 22 – Caracterização Hospitalar – Equip de Manutenção da Vida, Equip de Diagnóstico e Infra - 2025 ri carajas","..\..\Desktop\tabelas-powerBI\4 Carajás\Tabela 22 – Caracterização Hospitalar – Equip de Manutenção da Vida, Equip de Diagnóstico e Infra - 2025 ri carajas.xlsx",Carajás,1199,2.0
São João do Araguaia,4 Carajás,22,"Tabela 22 – Caracterização Hospitalar – Equip de Manutenção da Vida, Equip de Diagnóstico e Infra - 2025 ri carajas",20,"Tabela 22 – Caracterização Hospitalar – Equip de Manutenção da Vida, Equip de Diagnóstico e Infra - 2025 ri carajas","..\..\Desktop\tabelas-powerBI\4 Carajás\Tabela 22 – Caracterização Hospitalar – Equip de Manutenção da Vida, Equip de Diagnóstico e Infra - 2025 ri carajas.xlsx",Carajás,1199,1.0
Fonte: DATASUS,4 Carajás,22,"Tabela 22 – Caracterização Hospitalar – Equip de Manutenção da Vida, Equip de Diagnóstico e Infra - 2025 ri carajas",20,"Tabela 22 – Caracterização Hospitalar – Equip de Manutenção da Vida, Equip de Diagnóstico e Infra - 2025 ri carajas","..\..\Desktop\tabelas-powerBI\4 Carajás\Tabela 22 – Caracterização Hospitalar – Equip de Manutenção da Vida, Equip de Diagnóstico e Infra - 2025 ri carajas.xlsx",Carajás,1199,
Elaboração: FAPESPA,4 Carajás,22,"Tabela 22 – Caracterização Hospitalar – Equip de Manutenção da Vida, Equip de Diagnóstico e Infra - 2025 ri carajas",20,"Tabela 22 – Caracterização Hospitalar – Equip de Manutenção da Vida, Equip de Diagnóstico e Infra - 2025 ri carajas","..\..\Desktop\tabelas-powerBI\4 Carajás\Tabela 22 – Caracterização Hospitalar – Equip de Manutenção da Vida, Equip de Diagnóstico e Infra - 2025 ri carajas.xlsx",Carajás,1199,
*Nota: Dados referentes a Outubro/2025.,4 Carajás,22,"Tabela 22 – Caracterização Hospitalar – Equip de Manutenção da Vida, Equip de Diagnóstico e Infra - 2025 ri carajas",20,"Tabela 22 – Caracterização Hospitalar – Equip de Manutenção da Vida, Equip de Diagnóstico e Infra - 2025 ri carajas","..\..\Desktop\tabelas-powerBI\4 Carajás\Tabela 22 – Caracterização Hospitalar – Equip de Manutenção da Vida, Equip de Diagnóstico e Infra - 2025 ri carajas.xlsx",Carajás,1199,
RI Carajás,4 Carajás,22,"Tabela 22 – Caracterização Hospitalar – Equip de Manutenção da Vida, Equip de Diagnóstico e Infra - 2025 ri carajas",20,"Tabela 22 – Caracterização Hospitalar – Equip de Manutenção da Vida, Equip de Diagnóstico e Infra - 2025 ri carajas","..\..\Desktop\tabelas-powerBI\4 Carajás\Tabela 22 – Caracterização Hospitalar – Equip de Manutenção da Vida, Equip de Diagnóstico e Infra - 2025 ri carajas.xlsx",Carajás,1128,153.0
Bom Jesus do Tocantins,4 Carajás,22,"Tabela 22 – Caracterização Hospitalar – Equip de Manutenção da Vida, Equip de Diagnóstico e Infra - 2025 ri carajas",20,"Tabela 22 – Caracterização Hospitalar – Equip de Manutenção da Vida, Equip de Diagnóstico e Infra - 2025 ri carajas","..\..\Desktop\tabelas-powerBI\4 Carajás\Tabela 22 – Caracterização Hospitalar – Equip de Manutenção da Vida, Equip de Diagnóstico e Infra - 2025 ri carajas.xlsx",Carajás,1128,1.0
Brejo Grande do Araguaia,4 Carajás,22,"Tabela 22 – Caracterização Hospitalar – Equip de Manutenção da Vida, Equip de Diagnóstico e Infra - 2025 ri carajas",20,"Tabela 22 – Caracterização Hospitalar – Equip de Manutenção da Vida, Equip de Diagnóstico e Infra - 2025 ri carajas","..\..\Desktop\tabelas-powerBI\4 Carajás\Tabela 22 – Caracterização Hospitalar – Equip de Manutenção da Vida, Equip de Diagnóstico e Infra - 2025 ri carajas.xlsx",Carajás,1128,0.0
Canaã dos Carajás,4 Carajás,22,"Tabela 22 – Caracterização Hospitalar – Equip de Manutenção da Vida, Equip de Diagnóstico e Infra - 2025 ri carajas",20,"Tabela 22 – Caracterização Hospitalar – Equip de Manutenção da Vida, Equip de Diagnóstico e Infra - 2025 ri carajas","..\..\Desktop\tabelas-powerBI\4 Carajás\Tabela 22 – Caracterização Hospitalar – Equip de Manutenção da Vida, Equip de Diagnóstico e Infra - 2025 ri carajas.xlsx",Carajás,1128,39.0
Curionópolis,4 Carajás,22,"Tabela 22 – Caracterização Hospitalar – Equip de Manutenção da Vida, Equip de Diagnóstico e Infra - 2025 ri carajas",20,"Tabela 22 – Caracterização Hospitalar – Equip de Manutenção da Vida, Equip de Diagnóstico e Infra - 2025 ri carajas","..\..\Desktop\tabelas-powerBI\4 Carajás\Tabela 22 – Caracterização Hospitalar – Equip de Manutenção da Vida, Equip de Diagnóstico e Infra - 2025 ri carajas.xlsx",Carajás,1128,2.0
Eldorado do Carajás,4 Carajás,22,"Tabela 22 – Caracterização Hospitalar – Equip de Manutenção da Vida, Equip de Diagnóstico e Infra - 2025 ri carajas",20,"Tabela 22 – Caracterização Hospitalar – Equip de Manutenção da Vida, Equip de Diagnóstico e Infra - 2025 ri carajas","..\..\Desktop\tabelas-powerBI\4 Carajás\Tabela 22 – Caracterização Hospitalar – Equip de Manutenção da Vida, Equip de Diagnóstico e Infra - 2025 ri carajas.xlsx",Carajás,1128,2.0
Marabá,4 Carajás,22,"Tabela 22 – Caracterização Hospitalar – Equip de Manutenção da Vida, Equip de Diagnóstico e Infra - 2025 ri carajas",20,"Tabela 22 – Caracterização Hospitalar – Equip de Manutenção da Vida, Equip de Diagnóstico e Infra - 2025 ri carajas","..\..\Desktop\tabelas-powerBI\4 Carajás\Tabela 22 – Caracterização Hospitalar – Equip de Manutenção da Vida, Equip de Diagnóstico e Infra - 2025 ri carajas.xlsx",Carajás,1128,34.0
Palestina do Pará,4 Carajás,22,"Tabela 22 – Caracterização Hospitalar – Equip de Manutenção da Vida, Equip de Diagnóstico e Infra - 2025 ri carajas",20,"Tabela 22 – Caracterização Hospitalar – Equip de Manutenção da Vida, Equip de Diagnóstico e Infra - 2025 ri carajas","..\..\Desktop\tabelas-powerBI\4 Carajás\Tabela 22 – Caracterização Hospitalar – Equip de Manutenção da Vida, Equip de Diagnóstico e Infra - 2025 ri carajas.xlsx",Carajás,1128,2.0
Parauapebas,4 Carajás,22,"Tabela 22 – Caracterização Hospitalar – Equip de Manutenção da Vida, Equip de Diagnóstico e Infra - 2025 ri carajas",20,"Tabela 22 – Caracterização Hospitalar – Equip de Manutenção da Vida, Equip de Diagnóstico e Infra - 2025 ri carajas","..\..\Desktop\tabelas-powerBI\4 Carajás\Tabela 22 – Caracterização Hospitalar – Equip de Manutenção da Vida, Equip de Diagnóstico e Infra - 2025 ri carajas.xlsx",Carajás,1128,68.0
Piçarra,4 Carajás,22,"Tabela 22 – Caracterização Hospitalar – Equip de Manutenção da Vida, Equip de Diagnóstico e Infra - 2025 ri carajas",20,"Tabela 22 – Caracterização Hospitalar – Equip de Manutenção da Vida, Equip de Diagnóstico e Infra - 2025 ri carajas","..\..\Desktop\tabelas-powerBI\4 Carajás\Tabela 22 – Caracterização Hospitalar – Equip de Manutenção da Vida, Equip de Diagnóstico e Infra - 2025 ri carajas.xlsx",Carajás,1128,1.0
São Domingos do Araguaia,4 Carajás,22,"Tabela 22 – Caracterização Hospitalar – Equip de Manutenção da Vida, Equip de Diagnóstico e Infra - 2025 ri carajas",20,"Tabela 22 – Caracterização Hospitalar – Equip de Manutenção da Vida, Equip de Diagnóstico e Infra - 2025 ri carajas","..\..\Desktop\tabelas-powerBI\4 Carajás\Tabela 22 – Caracterização Hospitalar – Equip de Manutenção da Vida, Equip de Diagnóstico e Infra - 2025 ri carajas.xlsx",Carajás,1128,1.0
São Geraldo do Araguaia,4 Carajás,22,"Tabela 22 – Caracterização Hospitalar – Equip de Manutenção da Vida, Equip de Diagnóstico e Infra - 2025 ri carajas",20,"Tabela 22 – Caracterização Hospitalar – Equip de Manutenção da Vida, Equip de Diagnóstico e Infra - 2025 ri carajas","..\..\Desktop\tabelas-powerBI\4 Carajás\Tabela 22 – Caracterização Hospitalar – Equip de Manutenção da Vida, Equip de Diagnóstico e Infra - 2025 ri carajas.xlsx",Carajás,1128,2.0
São João do Araguaia,4 Carajás,22,"Tabela 22 – Caracterização Hospitalar – Equip de Manutenção da Vida, Equip de Diagnóstico e Infra - 2025 ri carajas",20,"Tabela 22 – Caracterização Hospitalar – Equip de Manutenção da Vida, Equip de Diagnóstico e Infra - 2025 ri carajas","..\..\Desktop\tabelas-powerBI\4 Carajás\Tabela 22 – Caracterização Hospitalar – Equip de Manutenção da Vida, Equip de Diagnóstico e Infra - 2025 ri carajas.xlsx",Carajás,1128,1.0
Fonte: DATASUS,4 Carajás,22,"Tabela 22 – Caracterização Hospitalar – Equip de Manutenção da Vida, Equip de Diagnóstico e Infra - 2025 ri carajas",20,"Tabela 22 – Caracterização Hospitalar – Equip de Manutenção da Vida, Equip de Diagnóstico e Infra - 2025 ri carajas","..\..\Desktop\tabelas-powerBI\4 Carajás\Tabela 22 – Caracterização Hospitalar – Equip de Manutenção da Vida, Equip de Diagnóstico e Infra - 2025 ri carajas.xlsx",Carajás,1128,
Elaboração: FAPESPA,4 Carajás,22,"Tabela 22 – Caracterização Hospitalar – Equip de Manutenção da Vida, Equip de Diagnóstico e Infra - 2025 ri carajas",20,"Tabela 22 – Caracterização Hospitalar – Equip de Manutenção da Vida, Equip de Diagnóstico e Infra - 2025 ri carajas","..\..\Desktop\tabelas-powerBI\4 Carajás\Tabela 22 – Caracterização Hospitalar – Equip de Manutenção da Vida, Equip de Diagnóstico e Infra - 2025 ri carajas.xlsx",Carajás,1128,
*Nota: Dados referentes a Outubro/2025.,4 Carajás,22,"Tabela 22 – Caracterização Hospitalar – Equip de Manutenção da Vida, Equip de Diagnóstico e Infra - 2025 ri carajas",20,"Tabela 22 – Caracterização Hospitalar – Equip de Manutenção da Vida, Equip de Diagnóstico e Infra - 2025 ri carajas","..\..\Desktop\tabelas-powerBI\4 Carajás\Tabela 22 – Caracterização Hospitalar – Equip de Manutenção da Vida, Equip de Diagnóstico e Infra - 2025 ri carajas.xlsx",Carajás,1128,
RI Carajás,4 Carajás,22,"Tabela 22 – Caracterização Hospitalar – Equip de Manutenção da Vida, Equip de Diagnóstico e Infra - 2025 ri carajas",20,"Tabela 22 – Caracterização Hospitalar – Equip de Manutenção da Vida, Equip de Diagnóstico e Infra - 2025 ri carajas","..\..\Desktop\tabelas-powerBI\4 Carajás\Tabela 22 – Caracterização Hospitalar – Equip de Manutenção da Vida, Equip de Diagnóstico e Infra - 2025 ri carajas.xlsx",Carajás,215,44.0
Bom Jesus do Tocantins,4 Carajás,22,"Tabela 22 – Caracterização Hospitalar – Equip de Manutenção da Vida, Equip de Diagnóstico e Infra - 2025 ri carajas",20,"Tabela 22 – Caracterização Hospitalar – Equip de Manutenção da Vida, Equip de Diagnóstico e Infra - 2025 ri carajas","..\..\Desktop\tabelas-powerBI\4 Carajás\Tabela 22 – Caracterização Hospitalar – Equip de Manutenção da Vida, Equip de Diagnóstico e Infra - 2025 ri carajas.xlsx",Carajás,215,0.0
Brejo Grande do Araguaia,4 Carajás,22,"Tabela 22 – Caracterização Hospitalar – Equip de Manutenção da Vida, Equip de Diagnóstico e Infra - 2025 ri carajas",20,"Tabela 22 – Caracterização Hospitalar – Equip de Manutenção da Vida, Equip de Diagnóstico e Infra - 2025 ri carajas","..\..\Desktop\tabelas-powerBI\4 Carajás\Tabela 22 – Caracterização Hospitalar – Equip de Manutenção da Vida, Equip de Diagnóstico e Infra - 2025 ri carajas.xlsx",Carajás,215,0.0
Canaã dos Carajás,4 Carajás,22,"Tabela 22 – Caracterização Hospitalar – Equip de Manutenção da Vida, Equip de Diagnóstico e Infra - 2025 ri carajas",20,"Tabela 22 – Caracterização Hospitalar – Equip de Manutenção da Vida, Equip de Diagnóstico e Infra - 2025 ri carajas","..\..\Desktop\tabelas-powerBI\4 Carajás\Tabela 22 – Caracterização Hospitalar – Equip de Manutenção da Vida, Equip de Diagnóstico e Infra - 2025 ri carajas.xlsx",Carajás,215,9.0
Curionópolis,4 Carajás,22,"Tabela 22 – Caracterização Hospitalar – Equip de Manutenção da Vida, Equip de Diagnóstico e Infra - 2025 ri carajas",20,"Tabela 22 – Caracterização Hospitalar – Equip de Manutenção da Vida, Equip de Diagnóstico e Infra - 2025 ri carajas","..\..\Desktop\tabelas-powerBI\4 Carajás\Tabela 22 – Caracterização Hospitalar – Equip de Manutenção da Vida, Equip de Diagnóstico e Infra - 2025 ri carajas.xlsx",Carajás,215,1.0
Eldorado do Carajás,4 Carajás,22,"Tabela 22 – Caracterização Hospitalar – Equip de Manutenção da Vida, Equip de Diagnóstico e Infra - 2025 ri carajas",20,"Tabela 22 – Caracterização Hospitalar – Equip de Manutenção da Vida, Equip de Diagnóstico e Infra - 2025 ri carajas","..\..\Desktop\tabelas-powerBI\4 Carajás\Tabela 22 – Caracterização Hospitalar – Equip de Manutenção da Vida, Equip de Diagnóstico e Infra - 2025 ri carajas.xlsx",Carajás,215,0.0
Marabá,4 Carajás,22,"Tabela 22 – Caracterização Hospitalar – Equip de Manutenção da Vida, Equip de Diagnóstico e Infra - 2025 ri carajas",20,"Tabela 22 – Caracterização Hospitalar – Equip de Manutenção da Vida, Equip de Diagnóstico e Infra - 2025 ri carajas","..\..\Desktop\tabelas-powerBI\4 Carajás\Tabela 22 – Caracterização Hospitalar – Equip de Manutenção da Vida, Equip de Diagnóstico e Infra - 2025 ri carajas.xlsx",Carajás,215,11.0
Palestina do Pará,4 Carajás,22,"Tabela 22 – Caracterização Hospitalar – Equip de Manutenção da Vida, Equip de Diagnóstico e Infra - 2025 ri carajas",20,"Tabela 22 – Caracterização Hospitalar – Equip de Manutenção da Vida, Equip de Diagnóstico e Infra - 2025 ri carajas","..\..\Desktop\tabelas-powerBI\4 Carajás\Tabela 22 – Caracterização Hospitalar – Equip de Manutenção da Vida, Equip de Diagnóstico e Infra - 2025 ri carajas.xlsx",Carajás,215,0.0
Parauapebas,4 Carajás,22,"Tabela 22 – Caracterização Hospitalar – Equip de Manutenção da Vida, Equip de Diagnóstico e Infra - 2025 ri carajas",20,"Tabela 22 – Caracterização Hospitalar – Equip de Manutenção da Vida, Equip de Diagnóstico e Infra - 2025 ri carajas","..\..\Desktop\tabelas-powerBI\4 Carajás\Tabela 22 – Caracterização Hospitalar – Equip de Manutenção da Vida, Equip de Diagnóstico e Infra - 2025 ri carajas.xlsx",Carajás,215,23.0
Piçarra,4 Carajás,22,"Tabela 22 – Caracterização Hospitalar – Equip de Manutenção da Vida, Equip de Diagnóstico e Infra - 2025 ri carajas",20,"Tabela 22 – Caracterização Hospitalar – Equip de Manutenção da Vida, Equip de Diagnóstico e Infra - 2025 ri carajas","..\..\Desktop\tabelas-powerBI\4 Carajás\Tabela 22 – Caracterização Hospitalar – Equip de Manutenção da Vida, Equip de Diagnóstico e Infra - 2025 ri carajas.xlsx",Carajás,215,0.0
São Domingos do Araguaia,4 Carajás,22,"Tabela 22 – Caracterização Hospitalar – Equip de Manutenção da Vida, Equip de Diagnóstico e Infra - 2025 ri carajas",20,"Tabela 22 – Caracterização Hospitalar – Equip de Manutenção da Vida, Equip de Diagnóstico e Infra - 2025 ri carajas","..\..\Desktop\tabelas-powerBI\4 Carajás\Tabela 22 – Caracterização Hospitalar – Equip de Manutenção da Vida, Equip de Diagnóstico e Infra - 2025 ri carajas.xlsx",Carajás,215,0.0
São Geraldo do Araguaia,4 Carajás,22,"Tabela 22 – Caracterização Hospitalar – Equip de Manutenção da Vida, Equip de Diagnóstico e Infra - 2025 ri carajas",20,"Tabela 22 – Caracterização Hospitalar – Equip de Manutenção da Vida, Equip de Diagnóstico e Infra - 2025 ri carajas","..\..\Desktop\tabelas-powerBI\4 Carajás\Tabela 22 – Caracterização Hospitalar – Equip de Manutenção da Vida, Equip de Diagnóstico e Infra - 2025 ri carajas.xlsx",Carajás,215,0.0
São João do Araguaia,4 Carajás,22,"Tabela 22 – Caracterização Hospitalar – Equip de Manutenção da Vida, Equip de Diagnóstico e Infra - 2025 ri carajas",20,"Tabela 22 – Caracterização Hospitalar – Equip de Manutenção da Vida, Equip de Diagnóstico e Infra - 2025 ri carajas","..\..\Desktop\tabelas-powerBI\4 Carajás\Tabela 22 – Caracterização Hospitalar – Equip de Manutenção da Vida, Equip de Diagnóstico e Infra - 2025 ri carajas.xlsx",Carajás,215,0.0
Fonte: DATASUS,4 Carajás,22,"Tabela 22 – Caracterização Hospitalar – Equip de Manutenção da Vida, Equip de Diagnóstico e Infra - 2025 ri carajas",20,"Tabela 22 – Caracterização Hospitalar – Equip de Manutenção da Vida, Equip de Diagnóstico e Infra - 2025 ri carajas","..\..\Desktop\tabelas-powerBI\4 Carajás\Tabela 22 – Caracterização Hospitalar – Equip de Manutenção da Vida, Equip de Diagnóstico e Infra - 2025 ri carajas.xlsx",Carajás,215,
Elaboração: FAPESPA,4 Carajás,22,"Tabela 22 – Caracterização Hospitalar – Equip de Manutenção da Vida, Equip de Diagnóstico e Infra - 2025 ri carajas",20,"Tabela 22 – Caracterização Hospitalar – Equip de Manutenção da Vida, Equip de Diagnóstico e Infra - 2025 ri carajas","..\..\Desktop\tabelas-powerBI\4 Carajás\Tabela 22 – Caracterização Hospitalar – Equip de Manutenção da Vida, Equip de Diagnóstico e Infra - 2025 ri carajas.xlsx",Carajás,215,
*Nota: Dados referentes a Outubro/2025.,4 Carajás,22,"Tabela 22 – Caracterização Hospitalar – Equip de Manutenção da Vida, Equip de Diagnóstico e Infra - 2025 ri carajas",20,"Tabela 22 – Caracterização Hospitalar – Equip de Manutenção da Vida, Equip de Diagnóstico e Infra - 2025 ri carajas","..\..\Desktop\tabelas-powerBI\4 Carajás\Tabela 22 – Caracterização Hospitalar – Equip de Manutenção da Vida, Equip de Diagnóstico e Infra - 2025 ri carajas.xlsx",Carajás,215,
RI Carajás,4 Carajás,22,"Tabela 22 – Caracterização Hospitalar – Equip de Manutenção da Vida, Equip de Diagnóstico e Infra - 2025 ri carajas",20,"Tabela 22 – Caracterização Hospitalar – Equip de Manutenção da Vida, Equip de Diagnóstico e Infra - 2025 ri carajas","..\..\Desktop\tabelas-powerBI\4 Carajás\Tabela 22 – Caracterização Hospitalar – Equip de Manutenção da Vida, Equip de Diagnóstico e Infra - 2025 ri carajas.xlsx",Carajás,197,40.0
Bom Jesus do Tocantins,4 Carajás,22,"Tabela 22 – Caracterização Hospitalar – Equip de Manutenção da Vida, Equip de Diagnóstico e Infra - 2025 ri carajas",20,"Tabela 22 – Caracterização Hospitalar – Equip de Manutenção da Vida, Equip de Diagnóstico e Infra - 2025 ri carajas","..\..\Desktop\tabelas-powerBI\4 Carajás\Tabela 22 – Caracterização Hospitalar – Equip de Manutenção da Vida, Equip de Diagnóstico e Infra - 2025 ri carajas.xlsx",Carajás,197,0.0
Brejo Grande do Araguaia,4 Carajás,22,"Tabela 22 – Caracterização Hospitalar – Equip de Manutenção da Vida, Equip de Diagnóstico e Infra - 2025 ri carajas",20,"Tabela 22 – Caracterização Hospitalar – Equip de Manutenção da Vida, Equip de Diagnóstico e Infra - 2025 ri carajas","..\..\Desktop\tabelas-powerBI\4 Carajás\Tabela 22 – Caracterização Hospitalar – Equip de Manutenção da Vida, Equip de Diagnóstico e Infra - 2025 ri carajas.xlsx",Carajás,197,0.0
Canaã dos Carajás,4 Carajás,22,"Tabela 22 – Caracterização Hospitalar – Equip de Manutenção da Vida, Equip de Diagnóstico e Infra - 2025 ri carajas",20,"Tabela 22 – Caracterização Hospitalar – Equip de Manutenção da Vida, Equip de Diagnóstico e Infra - 2025 ri carajas","..\..\Desktop\tabelas-powerBI\4 Carajás\Tabela 22 – Caracterização Hospitalar – Equip de Manutenção da Vida, Equip de Diagnóstico e Infra - 2025 ri carajas.xlsx",Carajás,197,9.0
Curionópolis,4 Carajás,22,"Tabela 22 – Caracterização Hospitalar – Equip de Manutenção da Vida, Equip de Diagnóstico e Infra - 2025 ri carajas",20,"Tabela 22 – Caracterização Hospitalar – Equip de Manutenção da Vida, Equip de Diagnóstico e Infra - 2025 ri carajas","..\..\Desktop\tabelas-powerBI\4 Carajás\Tabela 22 – Caracterização Hospitalar – Equip de Manutenção da Vida, Equip de Diagnóstico e Infra - 2025 ri carajas.xlsx",Carajás,197,0.0
Eldorado do Carajás,4 Carajás,22,"Tabela 22 – Caracterização Hospitalar – Equip de Manutenção da Vida, Equip de Diagnóstico e Infra - 2025 ri carajas",20,"Tabela 22 – Caracterização Hospitalar – Equip de Manutenção da Vida, Equip de Diagnóstico e Infra - 2025 ri carajas","..\..\Desktop\tabelas-powerBI\4 Carajás\Tabela 22 – Caracterização Hospitalar – Equip de Manutenção da Vida, Equip de Diagnóstico e Infra - 2025 ri carajas.xlsx",Carajás,197,0.0
Marabá,4 Carajás,22,"Tabela 22 – Caracterização Hospitalar – Equip de Manutenção da Vida, Equip de Diagnóstico e Infra - 2025 ri carajas",20,"Tabela 22 – Caracterização Hospitalar – Equip de Manutenção da Vida, Equip de Diagnóstico e Infra - 2025 ri carajas","..\..\Desktop\tabelas-powerBI\4 Carajás\Tabela 22 – Caracterização Hospitalar – Equip de Manutenção da Vida, Equip de Diagnóstico e Infra - 2025 ri carajas.xlsx",Carajás,197,10.0
Palestina do Pará,4 Carajás,22,"Tabela 22 – Caracterização Hospitalar – Equip de Manutenção da Vida, Equip de Diagnóstico e Infra - 2025 ri carajas",20,"Tabela 22 – Caracterização Hospitalar – Equip de Manutenção da Vida, Equip de Diagnóstico e Infra - 2025 ri carajas","..\..\Desktop\tabelas-powerBI\4 Carajás\Tabela 22 – Caracterização Hospitalar – Equip de Manutenção da Vida, Equip de Diagnóstico e Infra - 2025 ri carajas.xlsx",Carajás,197,0.0
Parauapebas,4 Carajás,22,"Tabela 22 – Caracterização Hospitalar – Equip de Manutenção da Vida, Equip de Diagnóstico e Infra - 2025 ri carajas",20,"Tabela 22 – Caracterização Hospitalar – Equip de Manutenção da Vida, Equip de Diagnóstico e Infra - 2025 ri carajas","..\..\Desktop\tabelas-powerBI\4 Carajás\Tabela 22 – Caracterização Hospitalar – Equip de Manutenção da Vida, Equip de Diagnóstico e Infra - 2025 ri carajas.xlsx",Carajás,197,21.0
Piçarra,4 Carajás,22,"Tabela 22 – Caracterização Hospitalar – Equip de Manutenção da Vida, Equip de Diagnóstico e Infra - 2025 ri carajas",20,"Tabela 22 – Caracterização Hospitalar – Equip de Manutenção da Vida, Equip de Diagnóstico e Infra - 2025 ri carajas","..\..\Desktop\tabelas-powerBI\4 Carajás\Tabela 22 – Caracterização Hospitalar – Equip de Manutenção da Vida, Equip de Diagnóstico e Infra - 2025 ri carajas.xlsx",Carajás,197,0.0
São Domingos do Araguaia,4 Carajás,22,"Tabela 22 – Caracterização Hospitalar – Equip de Manutenção da Vida, Equip de Diagnóstico e Infra - 2025 ri carajas",20,"Tabela 22 – Caracterização Hospitalar – Equip de Manutenção da Vida, Equip de Diagnóstico e Infra - 2025 ri carajas","..\..\Desktop\tabelas-powerBI\4 Carajás\Tabela 22 – Caracterização Hospitalar – Equip de Manutenção da Vida, Equip de Diagnóstico e Infra - 2025 ri carajas.xlsx",Carajás,197,0.0
São Geraldo do Araguaia,4 Carajás,22,"Tabela 22 – Caracterização Hospitalar – Equip de Manutenção da Vida, Equip de Diagnóstico e Infra - 2025 ri carajas",20,"Tabela 22 – Caracterização Hospitalar – Equip de Manutenção da Vida, Equip de Diagnóstico e Infra - 2025 ri carajas","..\..\Desktop\tabelas-powerBI\4 Carajás\Tabela 22 – Caracterização Hospitalar – Equip de Manutenção da Vida, Equip de Diagnóstico e Infra - 2025 ri carajas.xlsx",Carajás,197,0.0
São João do Araguaia,4 Carajás,22,"Tabela 22 – Caracterização Hospitalar – Equip de Manutenção da Vida, Equip de Diagnóstico e Infra - 2025 ri carajas",20,"Tabela 22 – Caracterização Hospitalar – Equip de Manutenção da Vida, Equip de Diagnóstico e Infra - 2025 ri carajas","..\..\Desktop\tabelas-powerBI\4 Carajás\Tabela 22 – Caracterização Hospitalar – Equip de Manutenção da Vida, Equip de Diagnóstico e Infra - 2025 ri carajas.xlsx",Carajás,197,0.0
Fonte: DATASUS,4 Carajás,22,"Tabela 22 – Caracterização Hospitalar – Equip de Manutenção da Vida, Equip de Diagnóstico e Infra - 2025 ri carajas",20,"Tabela 22 – Caracterização Hospitalar – Equip de Manutenção da Vida, Equip de Diagnóstico e Infra - 2025 ri carajas","..\..\Desktop\tabelas-powerBI\4 Carajás\Tabela 22 – Caracterização Hospitalar – Equip de Manutenção da Vida, Equip de Diagnóstico e Infra - 2025 ri carajas.xlsx",Carajás,197,
Elaboração: FAPESPA,4 Carajás,22,"Tabela 22 – Caracterização Hospitalar – Equip de Manutenção da Vida, Equip de Diagnóstico e Infra - 2025 ri carajas",20,"Tabela 22 – Caracterização Hospitalar – Equip de Manutenção da Vida, Equip de Diagnóstico e Infra - 2025 ri carajas","..\..\Desktop\tabelas-powerBI\4 Carajás\Tabela 22 – Caracterização Hospitalar – Equip de Manutenção da Vida, Equip de Diagnóstico e Infra - 2025 ri carajas.xlsx",Carajás,197,
*Nota: Dados referentes a Outubro/2025.,4 Carajás,22,"Tabela 22 – Caracterização Hospitalar – Equip de Manutenção da Vida, Equip de Diagnóstico e Infra - 2025 ri carajas",20,"Tabela 22 – Caracterização Hospitalar – Equip de Manutenção da Vida, Equip de Diagnóstico e Infra - 2025 ri carajas","..\..\Desktop\tabelas-powerBI\4 Carajás\Tabela 22 – Caracterização Hospitalar – Equip de Manutenção da Vida, Equip de Diagnóstico e Infra - 2025 ri carajas.xlsx",Carajás,197,
RI Carajás,4 Carajás,22,"Tabela 22 – Caracterização Hospitalar – Equip de Manutenção da Vida, Equip de Diagnóstico e Infra - 2025 ri carajas",20,"Tabela 22 – Caracterização Hospitalar – Equip de Manutenção da Vida, Equip de Diagnóstico e Infra - 2025 ri carajas","..\..\Desktop\tabelas-powerBI\4 Carajás\Tabela 22 – Caracterização Hospitalar – Equip de Manutenção da Vida, Equip de Diagnóstico e Infra - 2025 ri carajas.xlsx",Carajás,19075,2668.0
Bom Jesus do Tocantins,4 Carajás,22,"Tabela 22 – Caracterização Hospitalar – Equip de Manutenção da Vida, Equip de Diagnóstico e Infra - 2025 ri carajas",20,"Tabela 22 – Caracterização Hospitalar – Equip de Manutenção da Vida, Equip de Diagnóstico e Infra - 2025 ri carajas","..\..\Desktop\tabelas-powerBI\4 Carajás\Tabela 22 – Caracterização Hospitalar – Equip de Manutenção da Vida, Equip de Diagnóstico e Infra - 2025 ri carajas.xlsx",Carajás,19075,20.0
Brejo Grande do Araguaia,4 Carajás,22,"Tabela 22 – Caracterização Hospitalar – Equip de Manutenção da Vida, Equip de Diagnóstico e Infra - 2025 ri carajas",20,"Tabela 22 – Caracterização Hospitalar – Equip de Manutenção da Vida, Equip de Diagnóstico e Infra - 2025 ri carajas","..\..\Desktop\tabelas-powerBI\4 Carajás\Tabela 22 – Caracterização Hospitalar – Equip de Manutenção da Vida, Equip de Diagnóstico e Infra - 2025 ri carajas.xlsx",Carajás,19075,0.0
Canaã dos Carajás,4 Carajás,22,"Tabela 22 – Caracterização Hospitalar – Equip de Manutenção da Vida, Equip de Diagnóstico e Infra - 2025 ri carajas",20,"Tabela 22 – Caracterização Hospitalar – Equip de Manutenção da Vida, Equip de Diagnóstico e Infra - 2025 ri carajas","..\..\Desktop\tabelas-powerBI\4 Carajás\Tabela 22 – Caracterização Hospitalar – Equip de Manutenção da Vida, Equip de Diagnóstico e Infra - 2025 ri carajas.xlsx",Carajás,19075,766.0
Curionópolis,4 Carajás,22,"Tabela 22 – Caracterização Hospitalar – Equip de Manutenção da Vida, Equip de Diagnóstico e Infra - 2025 ri carajas",20,"Tabela 22 – Caracterização Hospitalar – Equip de Manutenção da Vida, Equip de Diagnóstico e Infra - 2025 ri carajas","..\..\Desktop\tabelas-powerBI\4 Carajás\Tabela 22 – Caracterização Hospitalar – Equip de Manutenção da Vida, Equip de Diagnóstico e Infra - 2025 ri carajas.xlsx",Carajás,19075,57.0
Eldorado do Carajás,4 Carajás,22,"Tabela 22 – Caracterização Hospitalar – Equip de Manutenção da Vida, Equip de Diagnóstico e Infra - 2025 ri carajas",20,"Tabela 22 – Caracterização Hospitalar – Equip de Manutenção da Vida, Equip de Diagnóstico e Infra - 2025 ri carajas","..\..\Desktop\tabelas-powerBI\4 Carajás\Tabela 22 – Caracterização Hospitalar – Equip de Manutenção da Vida, Equip de Diagnóstico e Infra - 2025 ri carajas.xlsx",Carajás,19075,3.0
Marabá,4 Carajás,22,"Tabela 22 – Caracterização Hospitalar – Equip de Manutenção da Vida, Equip de Diagnóstico e Infra - 2025 ri carajas",20,"Tabela 22 – Caracterização Hospitalar – Equip de Manutenção da Vida, Equip de Diagnóstico e Infra - 2025 ri carajas","..\..\Desktop\tabelas-powerBI\4 Carajás\Tabela 22 – Caracterização Hospitalar – Equip de Manutenção da Vida, Equip de Diagnóstico e Infra - 2025 ri carajas.xlsx",Carajás,19075,601.0
Palestina do Pará,4 Carajás,22,"Tabela 22 – Caracterização Hospitalar – Equip de Manutenção da Vida, Equip de Diagnóstico e Infra - 2025 ri carajas",20,"Tabela 22 – Caracterização Hospitalar – Equip de Manutenção da Vida, Equip de Diagnóstico e Infra - 2025 ri carajas","..\..\Desktop\tabelas-powerBI\4 Carajás\Tabela 22 – Caracterização Hospitalar – Equip de Manutenção da Vida, Equip de Diagnóstico e Infra - 2025 ri carajas.xlsx",Carajás,19075,46.0
Parauapebas,4 Carajás,22,"Tabela 22 – Caracterização Hospitalar – Equip de Manutenção da Vida, Equip de Diagnóstico e Infra - 2025 ri carajas",20,"Tabela 22 – Caracterização Hospitalar – Equip de Manutenção da Vida, Equip de Diagnóstico e Infra - 2025 ri carajas","..\..\Desktop\tabelas-powerBI\4 Carajás\Tabela 22 – Caracterização Hospitalar – Equip de Manutenção da Vida, Equip de Diagnóstico e Infra - 2025 ri carajas.xlsx",Carajás,19075,1171.0
Piçarra,4 Carajás,22,"Tabela 22 – Caracterização Hospitalar – Equip de Manutenção da Vida, Equip de Diagnóstico e Infra - 2025 ri carajas",20,"Tabela 22 – Caracterização Hospitalar – Equip de Manutenção da Vida, Equip de Diagnóstico e Infra - 2025 ri carajas","..\..\Desktop\tabelas-powerBI\4 Carajás\Tabela 22 – Caracterização Hospitalar – Equip de Manutenção da Vida, Equip de Diagnóstico e Infra - 2025 ri carajas.xlsx",Carajás,19075,2.0
São Domingos do Araguaia,4 Carajás,22,"Tabela 22 – Caracterização Hospitalar – Equip de Manutenção da Vida, Equip de Diagnóstico e Infra - 2025 ri carajas",20,"Tabela 22 – Caracterização Hospitalar – Equip de Manutenção da Vida, Equip de Diagnóstico e Infra - 2025 ri carajas","..\..\Desktop\tabelas-powerBI\4 Carajás\Tabela 22 – Caracterização Hospitalar – Equip de Manutenção da Vida, Equip de Diagnóstico e Infra - 2025 ri carajas.xlsx",Carajás,19075,1.0
São Geraldo do Araguaia,4 Carajás,22,"Tabela 22 – Caracterização Hospitalar – Equip de Manutenção da Vida, Equip de Diagnóstico e Infra - 2025 ri carajas",20,"Tabela 22 – Caracterização Hospitalar – Equip de Manutenção da Vida, Equip de Diagnóstico e Infra - 2025 ri carajas","..\..\Desktop\tabelas-powerBI\4 Carajás\Tabela 22 – Caracterização Hospitalar – Equip de Manutenção da Vida, Equip de Diagnóstico e Infra - 2025 ri carajas.xlsx",Carajás,19075,0.0
São João do Araguaia,4 Carajás,22,"Tabela 22 – Caracterização Hospitalar – Equip de Manutenção da Vida, Equip de Diagnóstico e Infra - 2025 ri carajas",20,"Tabela 22 – Caracterização Hospitalar – Equip de Manutenção da Vida, Equip de Diagnóstico e Infra - 2025 ri carajas","..\..\Desktop\tabelas-powerBI\4 Carajás\Tabela 22 – Caracterização Hospitalar – Equip de Manutenção da Vida, Equip de Diagnóstico e Infra - 2025 ri carajas.xlsx",Carajás,19075,1.0
Fonte: DATASUS,4 Carajás,22,"Tabela 22 – Caracterização Hospitalar – Equip de Manutenção da Vida, Equip de Diagnóstico e Infra - 2025 ri carajas",20,"Tabela 22 – Caracterização Hospitalar – Equip de Manutenção da Vida, Equip de Diagnóstico e Infra - 2025 ri carajas","..\..\Desktop\tabelas-powerBI\4 Carajás\Tabela 22 – Caracterização Hospitalar – Equip de Manutenção da Vida, Equip de Diagnóstico e Infra - 2025 ri carajas.xlsx",Carajás,19075,
Elaboração: FAPESPA,4 Carajás,22,"Tabela 22 – Caracterização Hospitalar – Equip de Manutenção da Vida, Equip de Diagnóstico e Infra - 2025 ri carajas",20,"Tabela 22 – Caracterização Hospitalar – Equip de Manutenção da Vida, Equip de Diagnóstico e Infra - 2025 ri carajas","..\..\Desktop\tabelas-powerBI\4 Carajás\Tabela 22 – Caracterização Hospitalar – Equip de Manutenção da Vida, Equip de Diagnóstico e Infra - 2025 ri carajas.xlsx",Carajás,19075,
*Nota: Dados referentes a Outubro/2025.,4 Carajás,22,"Tabela 22 – Caracterização Hospitalar – Equip de Manutenção da Vida, Equip de Diagnóstico e Infra - 2025 ri carajas",20,"Tabela 22 – Caracterização Hospitalar – Equip de Manutenção da Vida, Equip de Diagnóstico e Infra - 2025 ri carajas","..\..\Desktop\tabelas-powerBI\4 Carajás\Tabela 22 – Caracterização Hospitalar – Equip de Manutenção da Vida, Equip de Diagnóstico e Infra - 2025 ri carajas.xlsx",Carajás,19075,
RI Carajás,4 Carajás,22,"Tabela 22 – Caracterização Hospitalar – Equip de Manutenção da Vida, Equip de Diagnóstico e Infra - 2025 ri carajas",20,"Tabela 22 – Caracterização Hospitalar – Equip de Manutenção da Vida, Equip de Diagnóstico e Infra - 2025 ri carajas","..\..\Desktop\tabelas-powerBI\4 Carajás\Tabela 22 – Caracterização Hospitalar – Equip de Manutenção da Vida, Equip de Diagnóstico e Infra - 2025 ri carajas.xlsx",Carajás,18607,2567.0
Bom Jesus do Tocantins,4 Carajás,22,"Tabela 22 – Caracterização Hospitalar – Equip de Manutenção da Vida, Equip de Diagnóstico e Infra - 2025 ri carajas",20,"Tabela 22 – Caracterização Hospitalar – Equip de Manutenção da Vida, Equip de Diagnóstico e Infra - 2025 ri carajas","..\..\Desktop\tabelas-powerBI\4 Carajás\Tabela 22 – Caracterização Hospitalar – Equip de Manutenção da Vida, Equip de Diagnóstico e Infra - 2025 ri carajas.xlsx",Carajás,18607,20.0
Brejo Grande do Araguaia,4 Carajás,22,"Tabela 22 – Caracterização Hospitalar – Equip de Manutenção da Vida, Equip de Diagnóstico e Infra - 2025 ri carajas",20,"Tabela 22 – Caracterização Hospitalar – Equip de Manutenção da Vida, Equip de Diagnóstico e Infra - 2025 ri carajas","..\..\Desktop\tabelas-powerBI\4 Carajás\Tabela 22 – Caracterização Hospitalar – Equip de Manutenção da Vida, Equip de Diagnóstico e Infra - 2025 ri carajas.xlsx",Carajás,18607,0.0
Canaã dos Carajás,4 Carajás,22,"Tabela 22 – Caracterização Hospitalar – Equip de Manutenção da Vida, Equip de Diagnóstico e Infra - 2025 ri carajas",20,"Tabela 22 – Caracterização Hospitalar – Equip de Manutenção da Vida, Equip de Diagnóstico e Infra - 2025 ri carajas","..\..\Desktop\tabelas-powerBI\4 Carajás\Tabela 22 – Caracterização Hospitalar – Equip de Manutenção da Vida, Equip de Diagnóstico e Infra - 2025 ri carajas.xlsx",Carajás,18607,726.0
Curionópolis,4 Carajás,22,"Tabela 22 – Caracterização Hospitalar – Equip de Manutenção da Vida, Equip de Diagnóstico e Infra - 2025 ri carajas",20,"Tabela 22 – Caracterização Hospitalar – Equip de Manutenção da Vida, Equip de Diagnóstico e Infra - 2025 ri carajas","..\..\Desktop\tabelas-powerBI\4 Carajás\Tabela 22 – Caracterização Hospitalar – Equip de Manutenção da Vida, Equip de Diagnóstico e Infra - 2025 ri carajas.xlsx",Carajás,18607,57.0
Eldorado do Carajás,4 Carajás,22,"Tabela 22 – Caracterização Hospitalar – Equip de Manutenção da Vida, Equip de Diagnóstico e Infra - 2025 ri carajas",20,"Tabela 22 – Caracterização Hospitalar – Equip de Manutenção da Vida, Equip de Diagnóstico e Infra - 2025 ri carajas","..\..\Desktop\tabelas-powerBI\4 Carajás\Tabela 22 – Caracterização Hospitalar – Equip de Manutenção da Vida, Equip de Diagnóstico e Infra - 2025 ri carajas.xlsx",Carajás,18607,3.0
Marabá,4 Carajás,22,"Tabela 22 – Caracterização Hospitalar – Equip de Manutenção da Vida, Equip de Diagnóstico e Infra - 2025 ri carajas",20,"Tabela 22 – Caracterização Hospitalar – Equip de Manutenção da Vida, Equip de Diagnóstico e Infra - 2025 ri carajas","..\..\Desktop\tabelas-powerBI\4 Carajás\Tabela 22 – Caracterização Hospitalar – Equip de Manutenção da Vida, Equip de Diagnóstico e Infra - 2025 ri carajas.xlsx",Carajás,18607,599.0
Palestina do Pará,4 Carajás,22,"Tabela 22 – Caracterização Hospitalar – Equip de Manutenção da Vida, Equip de Diagnóstico e Infra - 2025 ri carajas",20,"Tabela 22 – Caracterização Hospitalar – Equip de Manutenção da Vida, Equip de Diagnóstico e Infra - 2025 ri carajas","..\..\Desktop\tabelas-powerBI\4 Carajás\Tabela 22 – Caracterização Hospitalar – Equip de Manutenção da Vida, Equip de Diagnóstico e Infra - 2025 ri carajas.xlsx",Carajás,18607,45.0
Parauapebas,4 Carajás,22,"Tabela 22 – Caracterização Hospitalar – Equip de Manutenção da Vida, Equip de Diagnóstico e Infra - 2025 ri carajas",20,"Tabela 22 – Caracterização Hospitalar – Equip de Manutenção da Vida, Equip de Diagnóstico e Infra - 2025 ri carajas","..\..\Desktop\tabelas-powerBI\4 Carajás\Tabela 22 – Caracterização Hospitalar – Equip de Manutenção da Vida, Equip de Diagnóstico e Infra - 2025 ri carajas.xlsx",Carajás,18607,1113.0
Piçarra,4 Carajás,22,"Tabela 22 – Caracterização Hospitalar – Equip de Manutenção da Vida, Equip de Diagnóstico e Infra - 2025 ri carajas",20,"Tabela 22 – Caracterização Hospitalar – Equip de Manutenção da Vida, Equip de Diagnóstico e Infra - 2025 ri carajas","..\..\Desktop\tabelas-powerBI\4 Carajás\Tabela 22 – Caracterização Hospitalar – Equip de Manutenção da Vida, Equip de Diagnóstico e Infra - 2025 ri carajas.xlsx",Carajás,18607,2.0
São Domingos do Araguaia,4 Carajás,22,"Tabela 22 – Caracterização Hospitalar – Equip de Manutenção da Vida, Equip de Diagnóstico e Infra - 2025 ri carajas",20,"Tabela 22 – Caracterização Hospitalar – Equip de Manutenção da Vida, Equip de Diagnóstico e Infra - 2025 ri carajas","..\..\Desktop\tabelas-powerBI\4 Carajás\Tabela 22 – Caracterização Hospitalar – Equip de Manutenção da Vida, Equip de Diagnóstico e Infra - 2025 ri carajas.xlsx",Carajás,18607,1.0
São Geraldo do Araguaia,4 Carajás,22,"Tabela 22 – Caracterização Hospitalar – Equip de Manutenção da Vida, Equip de Diagnóstico e Infra - 2025 ri carajas",20,"Tabela 22 – Caracterização Hospitalar – Equip de Manutenção da Vida, Equip de Diagnóstico e Infra - 2025 ri carajas","..\..\Desktop\tabelas-powerBI\4 Carajás\Tabela 22 – Caracterização Hospitalar – Equip de Manutenção da Vida, Equip de Diagnóstico e Infra - 2025 ri carajas.xlsx",Carajás,18607,0.0
São João do Araguaia,4 Carajás,22,"Tabela 22 – Caracterização Hospitalar – Equip de Manutenção da Vida, Equip de Diagnóstico e Infra - 2025 ri carajas",20,"Tabela 22 – Caracterização Hospitalar – Equip de Manutenção da Vida, Equip de Diagnóstico e Infra - 2025 ri carajas","..\..\Desktop\tabelas-powerBI\4 Carajás\Tabela 22 – Caracterização Hospitalar – Equip de Manutenção da Vida, Equip de Diagnóstico e Infra - 2025 ri carajas.xlsx",Carajás,18607,1.0
Fonte: DATASUS,4 Carajás,22,"Tabela 22 – Caracterização Hospitalar – Equip de Manutenção da Vida, Equip de Diagnóstico e Infra - 2025 ri carajas",20,"Tabela 22 – Caracterização Hospitalar – Equip de Manutenção da Vida, Equip de Diagnóstico e Infra - 2025 ri carajas","..\..\Desktop\tabelas-powerBI\4 Carajás\Tabela 22 – Caracterização Hospitalar – Equip de Manutenção da Vida, Equip de Diagnóstico e Infra - 2025 ri carajas.xlsx",Carajás,18607,
Elaboração: FAPESPA,4 Carajás,22,"Tabela 22 – Caracterização Hospitalar – Equip de Manutenção da Vida, Equip de Diagnóstico e Infra - 2025 ri carajas",20,"Tabela 22 – Caracterização Hospitalar – Equip de Manutenção da Vida, Equip de Diagnóstico e Infra - 2025 ri carajas","..\..\Desktop\tabelas-powerBI\4 Carajás\Tabela 22 – Caracterização Hospitalar – Equip de Manutenção da Vida, Equip de Diagnóstico e Infra - 2025 ri carajas.xlsx",Carajás,18607,
*Nota: Dados referentes a Outubro/2025.,4 Carajás,22,"Tabela 22 – Caracterização Hospitalar – Equip de Manutenção da Vida, Equip de Diagnóstico e Infra - 2025 ri carajas",20,"Tabela 22 – Caracterização Hospitalar – Equip de Manutenção da Vida, Equip de Diagnóstico e Infra - 2025 ri carajas","..\..\Desktop\tabelas-powerBI\4 Carajás\Tabela 22 – Caracterização Hospitalar – Equip de Manutenção da Vida, Equip de Diagnóstico e Infra - 2025 ri carajas.xlsx",Carajás,18607,
RI Carajás,4 Carajás,22,"Tabela 22 – Caracterização Hospitalar – Equip de Manutenção da Vida, Equip de Diagnóstico e Infra - 2025 ri carajas",20,"Tabela 22 – Caracterização Hospitalar – Equip de Manutenção da Vida, Equip de Diagnóstico e Infra - 2025 ri carajas","..\..\Desktop\tabelas-powerBI\4 Carajás\Tabela 22 – Caracterização Hospitalar – Equip de Manutenção da Vida, Equip de Diagnóstico e Infra - 2025 ri carajas.xlsx",Carajás,506,52.0
Bom Jesus do Tocantins,4 Carajás,22,"Tabela 22 – Caracterização Hospitalar – Equip de Manutenção da Vida, Equip de Diagnóstico e Infra - 2025 ri carajas",20,"Tabela 22 – Caracterização Hospitalar – Equip de Manutenção da Vida, Equip de Diagnóstico e Infra - 2025 ri carajas","..\..\Desktop\tabelas-powerBI\4 Carajás\Tabela 22 – Caracterização Hospitalar – Equip de Manutenção da Vida, Equip de Diagnóstico e Infra - 2025 ri carajas.xlsx",Carajás,506,1.0
Brejo Grande do Araguaia,4 Carajás,22,"Tabela 22 – Caracterização Hospitalar – Equip de Manutenção da Vida, Equip de Diagnóstico e Infra - 2025 ri carajas",20,"Tabela 22 – Caracterização Hospitalar – Equip de Manutenção da Vida, Equip de Diagnóstico e Infra - 2025 ri carajas","..\..\Desktop\tabelas-powerBI\4 Carajás\Tabela 22 – Caracterização Hospitalar – Equip de Manutenção da Vida, Equip de Diagnóstico e Infra - 2025 ri carajas.xlsx",Carajás,506,0.0
Canaã dos Carajás,4 Carajás,22,"Tabela 22 – Caracterização Hospitalar – Equip de Manutenção da Vida, Equip de Diagnóstico e Infra - 2025 ri carajas",20,"Tabela 22 – Caracterização Hospitalar – Equip de Manutenção da Vida, Equip de Diagnóstico e Infra - 2025 ri carajas","..\..\Desktop\tabelas-powerBI\4 Carajás\Tabela 22 – Caracterização Hospitalar – Equip de Manutenção da Vida, Equip de Diagnóstico e Infra - 2025 ri carajas.xlsx",Carajás,506,8.0
Curionópolis,4 Carajás,22,"Tabela 22 – Caracterização Hospitalar – Equip de Manutenção da Vida, Equip de Diagnóstico e Infra - 2025 ri carajas",20,"Tabela 22 – Caracterização Hospitalar – Equip de Manutenção da Vida, Equip de Diagnóstico e Infra - 2025 ri carajas","..\..\Desktop\tabelas-powerBI\4 Carajás\Tabela 22 – Caracterização Hospitalar – Equip de Manutenção da Vida, Equip de Diagnóstico e Infra - 2025 ri carajas.xlsx",Carajás,506,0.0
Eldorado do Carajás,4 Carajás,22,"Tabela 22 – Caracterização Hospitalar – Equip de Manutenção da Vida, Equip de Diagnóstico e Infra - 2025 ri carajas",20,"Tabela 22 – Caracterização Hospitalar – Equip de Manutenção da Vida, Equip de Diagnóstico e Infra - 2025 ri carajas","..\..\Desktop\tabelas-powerBI\4 Carajás\Tabela 22 – Caracterização Hospitalar – Equip de Manutenção da Vida, Equip de Diagnóstico e Infra - 2025 ri carajas.xlsx",Carajás,506,1.0
Marabá,4 Carajás,22,"Tabela 22 – Caracterização Hospitalar – Equip de Manutenção da Vida, Equip de Diagnóstico e Infra - 2025 ri carajas",20,"Tabela 22 – Caracterização Hospitalar – Equip de Manutenção da Vida, Equip de Diagnóstico e Infra - 2025 ri carajas","..\..\Desktop\tabelas-powerBI\4 Carajás\Tabela 22 – Caracterização Hospitalar – Equip de Manutenção da Vida, Equip de Diagnóstico e Infra - 2025 ri carajas.xlsx",Carajás,506,16.0
Palestina do Pará,4 Carajás,22,"Tabela 22 – Caracterização Hospitalar – Equip de Manutenção da Vida, Equip de Diagnóstico e Infra - 2025 ri carajas",20,"Tabela 22 – Caracterização Hospitalar – Equip de Manutenção da Vida, Equip de Diagnóstico e Infra - 2025 ri carajas","..\..\Desktop\tabelas-powerBI\4 Carajás\Tabela 22 – Caracterização Hospitalar – Equip de Manutenção da Vida, Equip de Diagnóstico e Infra - 2025 ri carajas.xlsx",Carajás,506,1.0
Parauapebas,4 Carajás,22,"Tabela 22 – Caracterização Hospitalar – Equip de Manutenção da Vida, Equip de Diagnóstico e Infra - 2025 ri carajas",20,"Tabela 22 – Caracterização Hospitalar – Equip de Manutenção da Vida, Equip de Diagnóstico e Infra - 2025 ri carajas","..\..\Desktop\tabelas-powerBI\4 Carajás\Tabela 22 – Caracterização Hospitalar – Equip de Manutenção da Vida, Equip de Diagnóstico e Infra - 2025 ri carajas.xlsx",Carajás,506,23.0
Piçarra,4 Carajás,22,"Tabela 22 – Caracterização Hospitalar – Equip de Manutenção da Vida, Equip de Diagnóstico e Infra - 2025 ri carajas",20,"Tabela 22 – Caracterização Hospitalar – Equip de Manutenção da Vida, Equip de Diagnóstico e Infra - 2025 ri carajas","..\..\Desktop\tabelas-powerBI\4 Carajás\Tabela 22 – Caracterização Hospitalar – Equip de Manutenção da Vida, Equip de Diagnóstico e Infra - 2025 ri carajas.xlsx",Carajás,506,1.0
São Domingos do Araguaia,4 Carajás,22,"Tabela 22 – Caracterização Hospitalar – Equip de Manutenção da Vida, Equip de Diagnóstico e Infra - 2025 ri carajas",20,"Tabela 22 – Caracterização Hospitalar – Equip de Manutenção da Vida, Equip de Diagnóstico e Infra - 2025 ri carajas","..\..\Desktop\tabelas-powerBI\4 Carajás\Tabela 22 – Caracterização Hospitalar – Equip de Manutenção da Vida, Equip de Diagnóstico e Infra - 2025 ri carajas.xlsx",Carajás,506,0.0
São Geraldo do Araguaia,4 Carajás,22,"Tabela 22 – Caracterização Hospitalar – Equip de Manutenção da Vida, Equip de Diagnóstico e Infra - 2025 ri carajas",20,"Tabela 22 – Caracterização Hospitalar – Equip de Manutenção da Vida, Equip de Diagnóstico e Infra - 2025 ri carajas","..\..\Desktop\tabelas-powerBI\4 Carajás\Tabela 22 – Caracterização Hospitalar – Equip de Manutenção da Vida, Equip de Diagnóstico e Infra - 2025 ri carajas.xlsx",Carajás,506,1.0
São João do Araguaia,4 Carajás,22,"Tabela 22 – Caracterização Hospitalar – Equip de Manutenção da Vida, Equip de Diagnóstico e Infra - 2025 ri carajas",20,"Tabela 22 – Caracterização Hospitalar – Equip de Manutenção da Vida, Equip de Diagnóstico e Infra - 2025 ri carajas","..\..\Desktop\tabelas-powerBI\4 Carajás\Tabela 22 – Caracterização Hospitalar – Equip de Manutenção da Vida, Equip de Diagnóstico e Infra - 2025 ri carajas.xlsx",Carajás,506,0.0
Fonte: DATASUS,4 Carajás,22,"Tabela 22 – Caracterização Hospitalar – Equip de Manutenção da Vida, Equip de Diagnóstico e Infra - 2025 ri carajas",20,"Tabela 22 – Caracterização Hospitalar – Equip de Manutenção da Vida, Equip de Diagnóstico e Infra - 2025 ri carajas","..\..\Desktop\tabelas-powerBI\4 Carajás\Tabela 22 – Caracterização Hospitalar – Equip de Manutenção da Vida, Equip de Diagnóstico e Infra - 2025 ri carajas.xlsx",Carajás,506,
Elaboração: FAPESPA,4 Carajás,22,"Tabela 22 – Caracterização Hospitalar – Equip de Manutenção da Vida, Equip de Diagnóstico e Infra - 2025 ri carajas",20,"Tabela 22 – Caracterização Hospitalar – Equip de Manutenção da Vida, Equip de Diagnóstico e Infra - 2025 ri carajas","..\..\Desktop\tabelas-powerBI\4 Carajás\Tabela 22 – Caracterização Hospitalar – Equip de Manutenção da Vida, Equip de Diagnóstico e Infra - 2025 ri carajas.xlsx",Carajás,506,
*Nota: Dados referentes a Outubro/2025.,4 Carajás,22,"Tabela 22 – Caracterização Hospitalar – Equip de Manutenção da Vida, Equip de Diagnóstico e Infra - 2025 ri carajas",20,"Tabela 22 – Caracterização Hospitalar – Equip de Manutenção da Vida, Equip de Diagnóstico e Infra - 2025 ri carajas","..\..\Desktop\tabelas-powerBI\4 Carajás\Tabela 22 – Caracterização Hospitalar – Equip de Manutenção da Vida, Equip de Diagnóstico e Infra - 2025 ri carajas.xlsx",Carajás,506,
RI Carajás,4 Carajás,22,"Tabela 22 – Caracterização Hospitalar – Equip de Manutenção da Vida, Equip de Diagnóstico e Infra - 2025 ri carajas",20,"Tabela 22 – Caracterização Hospitalar – Equip de Manutenção da Vida, Equip de Diagnóstico e Infra - 2025 ri carajas","..\..\Desktop\tabelas-powerBI\4 Carajás\Tabela 22 – Caracterização Hospitalar – Equip de Manutenção da Vida, Equip de Diagnóstico e Infra - 2025 ri carajas.xlsx",Carajás,493,48.0
Bom Jesus do Tocantins,4 Carajás,22,"Tabela 22 – Caracterização Hospitalar – Equip de Manutenção da Vida, Equip de Diagnóstico e Infra - 2025 ri carajas",20,"Tabela 22 – Caracterização Hospitalar – Equip de Manutenção da Vida, Equip de Diagnóstico e Infra - 2025 ri carajas","..\..\Desktop\tabelas-powerBI\4 Carajás\Tabela 22 – Caracterização Hospitalar – Equip de Manutenção da Vida, Equip de Diagnóstico e Infra - 2025 ri carajas.xlsx",Carajás,493,1.0
Brejo Grande do Araguaia,4 Carajás,22,"Tabela 22 – Caracterização Hospitalar – Equip de Manutenção da Vida, Equip de Diagnóstico e Infra - 2025 ri carajas",20,"Tabela 22 – Caracterização Hospitalar – Equip de Manutenção da Vida, Equip de Diagnóstico e Infra - 2025 ri carajas","..\..\Desktop\tabelas-powerBI\4 Carajás\Tabela 22 – Caracterização Hospitalar – Equip de Manutenção da Vida, Equip de Diagnóstico e Infra - 2025 ri carajas.xlsx",Carajás,493,0.0
Canaã dos Carajás,4 Carajás,22,"Tabela 22 – Caracterização Hospitalar – Equip de Manutenção da Vida, Equip de Diagnóstico e Infra - 2025 ri carajas",20,"Tabela 22 – Caracterização Hospitalar – Equip de Manutenção da Vida, Equip de Diagnóstico e Infra - 2025 ri carajas","..\..\Desktop\tabelas-powerBI\4 Carajás\Tabela 22 – Caracterização Hospitalar – Equip de Manutenção da Vida, Equip de Diagnóstico e Infra - 2025 ri carajas.xlsx",Carajás,493,8.0
Curionópolis,4 Carajás,22,"Tabela 22 – Caracterização Hospitalar – Equip de Manutenção da Vida, Equip de Diagnóstico e Infra - 2025 ri carajas",20,"Tabela 22 – Caracterização Hospitalar – Equip de Manutenção da Vida, Equip de Diagnóstico e Infra - 2025 ri carajas","..\..\Desktop\tabelas-powerBI\4 Carajás\Tabela 22 – Caracterização Hospitalar – Equip de Manutenção da Vida, Equip de Diagnóstico e Infra - 2025 ri carajas.xlsx",Carajás,493,0.0
Eldorado do Carajás,4 Carajás,22,"Tabela 22 – Caracterização Hospitalar – Equip de Manutenção da Vida, Equip de Diagnóstico e Infra - 2025 ri carajas",20,"Tabela 22 – Caracterização Hospitalar – Equip de Manutenção da Vida, Equip de Diagnóstico e Infra - 2025 ri carajas","..\..\Desktop\tabelas-powerBI\4 Carajás\Tabela 22 – Caracterização Hospitalar – Equip de Manutenção da Vida, Equip de Diagnóstico e Infra - 2025 ri carajas.xlsx",Carajás,493,1.0
Marabá,4 Carajás,22,"Tabela 22 – Caracterização Hospitalar – Equip de Manutenção da Vida, Equip de Diagnóstico e Infra - 2025 ri carajas",20,"Tabela 22 – Caracterização Hospitalar – Equip de Manutenção da Vida, Equip de Diagnóstico e Infra - 2025 ri carajas","..\..\Desktop\tabelas-powerBI\4 Carajás\Tabela 22 – Caracterização Hospitalar – Equip de Manutenção da Vida, Equip de Diagnóstico e Infra - 2025 ri carajas.xlsx",Carajás,493,14.0
Palestina do Pará,4 Carajás,22,"Tabela 22 – Caracterização Hospitalar – Equip de Manutenção da Vida, Equip de Diagnóstico e Infra - 2025 ri carajas",20,"Tabela 22 – Caracterização Hospitalar – Equip de Manutenção da Vida, Equip de Diagnóstico e Infra - 2025 ri carajas","..\..\Desktop\tabelas-powerBI\4 Carajás\Tabela 22 – Caracterização Hospitalar – Equip de Manutenção da Vida, Equip de Diagnóstico e Infra - 2025 ri carajas.xlsx",Carajás,493,1.0
Parauapebas,4 Carajás,22,"Tabela 22 – Caracterização Hospitalar – Equip de Manutenção da Vida, Equip de Diagnóstico e Infra - 2025 ri carajas",20,"Tabela 22 – Caracterização Hospitalar – Equip de Manutenção da Vida, Equip de Diagnóstico e Infra - 2025 ri carajas","..\..\Desktop\tabelas-powerBI\4 Carajás\Tabela 22 – Caracterização Hospitalar – Equip de Manutenção da Vida, Equip de Diagnóstico e Infra - 2025 ri carajas.xlsx",Carajás,493,21.0
Piçarra,4 Carajás,22,"Tabela 22 – Caracterização Hospitalar – Equip de Manutenção da Vida, Equip de Diagnóstico e Infra - 2025 ri carajas",20,"Tabela 22 – Caracterização Hospitalar – Equip de Manutenção da Vida, Equip de Diagnóstico e Infra - 2025 ri carajas","..\..\Desktop\tabelas-powerBI\4 Carajás\Tabela 22 – Caracterização Hospitalar – Equip de Manutenção da Vida, Equip de Diagnóstico e Infra - 2025 ri carajas.xlsx",Carajás,493,1.0
São Domingos do Araguaia,4 Carajás,22,"Tabela 22 – Caracterização Hospitalar – Equip de Manutenção da Vida, Equip de Diagnóstico e Infra - 2025 ri carajas",20,"Tabela 22 – Caracterização Hospitalar – Equip de Manutenção da Vida, Equip de Diagnóstico e Infra - 2025 ri carajas","..\..\Desktop\tabelas-powerBI\4 Carajás\Tabela 22 – Caracterização Hospitalar – Equip de Manutenção da Vida, Equip de Diagnóstico e Infra - 2025 ri carajas.xlsx",Carajás,493,0.0
São Geraldo do Araguaia,4 Carajás,22,"Tabela 22 – Caracterização Hospitalar – Equip de Manutenção da Vida, Equip de Diagnóstico e Infra - 2025 ri carajas",20,"Tabela 22 – Caracterização Hospitalar – Equip de Manutenção da Vida, Equip de Diagnóstico e Infra - 2025 ri carajas","..\..\Desktop\tabelas-powerBI\4 Carajás\Tabela 22 – Caracterização Hospitalar – Equip de Manutenção da Vida, Equip de Diagnóstico e Infra - 2025 ri carajas.xlsx",Carajás,493,1.0
São João do Araguaia,4 Carajás,22,"Tabela 22 – Caracterização Hospitalar – Equip de Manutenção da Vida, Equip de Diagnóstico e Infra - 2025 ri carajas",20,"Tabela 22 – Caracterização Hospitalar – Equip de Manutenção da Vida, Equip de Diagnóstico e Infra - 2025 ri carajas","..\..\Desktop\tabelas-powerBI\4 Carajás\Tabela 22 – Caracterização Hospitalar – Equip de Manutenção da Vida, Equip de Diagnóstico e Infra - 2025 ri carajas.xlsx",Carajás,493,0.0
Fonte: DATASUS,4 Carajás,22,"Tabela 22 – Caracterização Hospitalar – Equip de Manutenção da Vida, Equip de Diagnóstico e Infra - 2025 ri carajas",20,"Tabela 22 – Caracterização Hospitalar – Equip de Manutenção da Vida, Equip de Diagnóstico e Infra - 2025 ri carajas","..\..\Desktop\tabelas-powerBI\4 Carajás\Tabela 22 – Caracterização Hospitalar – Equip de Manutenção da Vida, Equip de Diagnóstico e Infra - 2025 ri carajas.xlsx",Carajás,493,
Elaboração: FAPESPA,4 Carajás,22,"Tabela 22 – Caracterização Hospitalar – Equip de Manutenção da Vida, Equip de Diagnóstico e Infra - 2025 ri carajas",20,"Tabela 22 – Caracterização Hospitalar – Equip de Manutenção da Vida, Equip de Diagnóstico e Infra - 2025 ri carajas","..\..\Desktop\tabelas-powerBI\4 Carajás\Tabela 22 – Caracterização Hospitalar – Equip de Manutenção da Vida, Equip de Diagnóstico e Infra - 2025 ri carajas.xlsx",Carajás,493,
*Nota: Dados referentes a Outubro/2025.,4 Carajás,22,"Tabela 22 – Caracterização Hospitalar – Equip de Manutenção da Vida, Equip de Diagnóstico e Infra - 2025 ri carajas",20,"Tabela 22 – Caracterização Hospitalar – Equip de Manutenção da Vida, Equip de Diagnóstico e Infra - 2025 ri carajas","..\..\Desktop\tabelas-powerBI\4 Carajás\Tabela 22 – Caracterização Hospitalar – Equip de Manutenção da Vida, Equip de Diagnóstico e Infra - 2025 ri carajas.xlsx",Carajás,493,
RI Carajás,4 Carajás,22,"Tabela 22 – Caracterização Hospitalar – Equip de Manutenção da Vida, Equip de Diagnóstico e Infra - 2025 ri carajas",20,"Tabela 22 – Caracterização Hospitalar – Equip de Manutenção da Vida, Equip de Diagnóstico e Infra - 2025 ri carajas","..\..\Desktop\tabelas-powerBI\4 Carajás\Tabela 22 – Caracterização Hospitalar – Equip de Manutenção da Vida, Equip de Diagnóstico e Infra - 2025 ri carajas.xlsx",Carajás,172,13.0
Bom Jesus do Tocantins,4 Carajás,22,"Tabela 22 – Caracterização Hospitalar – Equip de Manutenção da Vida, Equip de Diagnóstico e Infra - 2025 ri carajas",20,"Tabela 22 – Caracterização Hospitalar – Equip de Manutenção da Vida, Equip de Diagnóstico e Infra - 2025 ri carajas","..\..\Desktop\tabelas-powerBI\4 Carajás\Tabela 22 – Caracterização Hospitalar – Equip de Manutenção da Vida, Equip de Diagnóstico e Infra - 2025 ri carajas.xlsx",Carajás,172,2.0
Brejo Grande do Araguaia,4 Carajás,22,"Tabela 22 – Caracterização Hospitalar – Equip de Manutenção da Vida, Equip de Diagnóstico e Infra - 2025 ri carajas",20,"Tabela 22 – Caracterização Hospitalar – Equip de Manutenção da Vida, Equip de Diagnóstico e Infra - 2025 ri carajas","..\..\Desktop\tabelas-powerBI\4 Carajás\Tabela 22 – Caracterização Hospitalar – Equip de Manutenção da Vida, Equip de Diagnóstico e Infra - 2025 ri carajas.xlsx",Carajás,172,0.0
Canaã dos Carajás,4 Carajás,22,"Tabela 22 – Caracterização Hospitalar – Equip de Manutenção da Vida, Equip de Diagnóstico e Infra - 2025 ri carajas",20,"Tabela 22 – Caracterização Hospitalar – Equip de Manutenção da Vida, Equip de Diagnóstico e Infra - 2025 ri carajas","..\..\Desktop\tabelas-powerBI\4 Carajás\Tabela 22 – Caracterização Hospitalar – Equip de Manutenção da Vida, Equip de Diagnóstico e Infra - 2025 ri carajas.xlsx",Carajás,172,4.0
Curionópolis,4 Carajás,22,"Tabela 22 – Caracterização Hospitalar – Equip de Manutenção da Vida, Equip de Diagnóstico e Infra - 2025 ri carajas",20,"Tabela 22 – Caracterização Hospitalar – Equip de Manutenção da Vida, Equip de Diagnóstico e Infra - 2025 ri carajas","..\..\Desktop\tabelas-powerBI\4 Carajás\Tabela 22 – Caracterização Hospitalar – Equip de Manutenção da Vida, Equip de Diagnóstico e Infra - 2025 ri carajas.xlsx",Carajás,172,0.0
Eldorado do Carajás,4 Carajás,22,"Tabela 22 – Caracterização Hospitalar – Equip de Manutenção da Vida, Equip de Diagnóstico e Infra - 2025 ri carajas",20,"Tabela 22 – Caracterização Hospitalar – Equip de Manutenção da Vida, Equip de Diagnóstico e Infra - 2025 ri carajas","..\..\Desktop\tabelas-powerBI\4 Carajás\Tabela 22 – Caracterização Hospitalar – Equip de Manutenção da Vida, Equip de Diagnóstico e Infra - 2025 ri carajas.xlsx",Carajás,172,0.0
Marabá,4 Carajás,22,"Tabela 22 – Caracterização Hospitalar – Equip de Manutenção da Vida, Equip de Diagnóstico e Infra - 2025 ri carajas",20,"Tabela 22 – Caracterização Hospitalar – Equip de Manutenção da Vida, Equip de Diagnóstico e Infra - 2025 ri carajas","..\..\Desktop\tabelas-powerBI\4 Carajás\Tabela 22 – Caracterização Hospitalar – Equip de Manutenção da Vida, Equip de Diagnóstico e Infra - 2025 ri carajas.xlsx",Carajás,172,3.0
Palestina do Pará,4 Carajás,22,"Tabela 22 – Caracterização Hospitalar – Equip de Manutenção da Vida, Equip de Diagnóstico e Infra - 2025 ri carajas",20,"Tabela 22 – Caracterização Hospitalar – Equip de Manutenção da Vida, Equip de Diagnóstico e Infra - 2025 ri carajas","..\..\Desktop\tabelas-powerBI\4 Carajás\Tabela 22 – Caracterização Hospitalar – Equip de Manutenção da Vida, Equip de Diagnóstico e Infra - 2025 ri carajas.xlsx",Carajás,172,0.0
Parauapebas,4 Carajás,22,"Tabela 22 – Caracterização Hospitalar – Equip de Manutenção da Vida, Equip de Diagnóstico e Infra - 2025 ri carajas",20,"Tabela 22 – Caracterização Hospitalar – Equip de Manutenção da Vida, Equip de Diagnóstico e Infra - 2025 ri carajas","..\..\Desktop\tabelas-powerBI\4 Carajás\Tabela 22 – Caracterização Hospitalar – Equip de Manutenção da Vida, Equip de Diagnóstico e Infra - 2025 ri carajas.xlsx",Carajás,172,4.0
Piçarra,4 Carajás,22,"Tabela 22 – Caracterização Hospitalar – Equip de Manutenção da Vida, Equip de Diagnóstico e Infra - 2025 ri carajas",20,"Tabela 22 – Caracterização Hospitalar – Equip de Manutenção da Vida, Equip de Diagnóstico e Infra - 2025 ri carajas","..\..\Desktop\tabelas-powerBI\4 Carajás\Tabela 22 – Caracterização Hospitalar – Equip de Manutenção da Vida, Equip de Diagnóstico e Infra - 2025 ri carajas.xlsx",Carajás,172,0.0
São Domingos do Araguaia,4 Carajás,22,"Tabela 22 – Caracterização Hospitalar – Equip de Manutenção da Vida, Equip de Diagnóstico e Infra - 2025 ri carajas",20,"Tabela 22 – Caracterização Hospitalar – Equip de Manutenção da Vida, Equip de Diagnóstico e Infra - 2025 ri carajas","..\..\Desktop\tabelas-powerBI\4 Carajás\Tabela 22 – Caracterização Hospitalar – Equip de Manutenção da Vida, Equip de Diagnóstico e Infra - 2025 ri carajas.xlsx",Carajás,172,0.0
São Geraldo do Araguaia,4 Carajás,22,"Tabela 22 – Caracterização Hospitalar – Equip de Manutenção da Vida, Equip de Diagnóstico e Infra - 2025 ri carajas",20,"Tabela 22 – Caracterização Hospitalar – Equip de Manutenção da Vida, Equip de Diagnóstico e Infra - 2025 ri carajas","..\..\Desktop\tabelas-powerBI\4 Carajás\Tabela 22 – Caracterização Hospitalar – Equip de Manutenção da Vida, Equip de Diagnóstico e Infra - 2025 ri carajas.xlsx",Carajás,172,0.0
São João do Araguaia,4 Carajás,22,"Tabela 22 – Caracterização Hospitalar – Equip de Manutenção da Vida, Equip de Diagnóstico e Infra - 2025 ri carajas",20,"Tabela 22 – Caracterização Hospitalar – Equip de Manutenção da Vida, Equip de Diagnóstico e Infra - 2025 ri carajas","..\..\Desktop\tabelas-powerBI\4 Carajás\Tabela 22 – Caracterização Hospitalar – Equip de Manutenção da Vida, Equip de Diagnóstico e Infra - 2025 ri carajas.xlsx",Carajás,172,0.0
Fonte: DATASUS,4 Carajás,22,"Tabela 22 – Caracterização Hospitalar – Equip de Manutenção da Vida, Equip de Diagnóstico e Infra - 2025 ri carajas",20,"Tabela 22 – Caracterização Hospitalar – Equip de Manutenção da Vida, Equip de Diagnóstico e Infra - 2025 ri carajas","..\..\Desktop\tabelas-powerBI\4 Carajás\Tabela 22 – Caracterização Hospitalar – Equip de Manutenção da Vida, Equip de Diagnóstico e Infra - 2025 ri carajas.xlsx",Carajás,172,
Elaboração: FAPESPA,4 Carajás,22,"Tabela 22 – Caracterização Hospitalar – Equip de Manutenção da Vida, Equip de Diagnóstico e Infra - 2025 ri carajas",20,"Tabela 22 – Caracterização Hospitalar – Equip de Manutenção da Vida, Equip de Diagnóstico e Infra - 2025 ri carajas","..\..\Desktop\tabelas-powerBI\4 Carajás\Tabela 22 – Caracterização Hospitalar – Equip de Manutenção da Vida, Equip de Diagnóstico e Infra - 2025 ri carajas.xlsx",Carajás,172,
*Nota: Dados referentes a Outubro/2025.,4 Carajás,22,"Tabela 22 – Caracterização Hospitalar – Equip de Manutenção da Vida, Equip de Diagnóstico e Infra - 2025 ri carajas",20,"Tabela 22 – Caracterização Hospitalar – Equip de Manutenção da Vida, Equip de Diagnóstico e Infra - 2025 ri carajas","..\..\Desktop\tabelas-powerBI\4 Carajás\Tabela 22 – Caracterização Hospitalar – Equip de Manutenção da Vida, Equip de Diagnóstico e Infra - 2025 ri carajas.xlsx",Carajás,172,
RI Carajás,4 Carajás,22,"Tabela 22 – Caracterização Hospitalar – Equip de Manutenção da Vida, Equip de Diagnóstico e Infra - 2025 ri carajas",20,"Tabela 22 – Caracterização Hospitalar – Equip de Manutenção da Vida, Equip de Diagnóstico e Infra - 2025 ri carajas","..\..\Desktop\tabelas-powerBI\4 Carajás\Tabela 22 – Caracterização Hospitalar – Equip de Manutenção da Vida, Equip de Diagnóstico e Infra - 2025 ri carajas.xlsx",Carajás,165,11.0
Bom Jesus do Tocantins,4 Carajás,22,"Tabela 22 – Caracterização Hospitalar – Equip de Manutenção da Vida, Equip de Diagnóstico e Infra - 2025 ri carajas",20,"Tabela 22 – Caracterização Hospitalar – Equip de Manutenção da Vida, Equip de Diagnóstico e Infra - 2025 ri carajas","..\..\Desktop\tabelas-powerBI\4 Carajás\Tabela 22 – Caracterização Hospitalar – Equip de Manutenção da Vida, Equip de Diagnóstico e Infra - 2025 ri carajas.xlsx",Carajás,165,1.0
Brejo Grande do Araguaia,4 Carajás,22,"Tabela 22 – Caracterização Hospitalar – Equip de Manutenção da Vida, Equip de Diagnóstico e Infra - 2025 ri carajas",20,"Tabela 22 – Caracterização Hospitalar – Equip de Manutenção da Vida, Equip de Diagnóstico e Infra - 2025 ri carajas","..\..\Desktop\tabelas-powerBI\4 Carajás\Tabela 22 – Caracterização Hospitalar – Equip de Manutenção da Vida, Equip de Diagnóstico e Infra - 2025 ri carajas.xlsx",Carajás,165,0.0
Canaã dos Carajás,4 Carajás,22,"Tabela 22 – Caracterização Hospitalar – Equip de Manutenção da Vida, Equip de Diagnóstico e Infra - 2025 ri carajas",20,"Tabela 22 – Caracterização Hospitalar – Equip de Manutenção da Vida, Equip de Diagnóstico e Infra - 2025 ri carajas","..\..\Desktop\tabelas-powerBI\4 Carajás\Tabela 22 – Caracterização Hospitalar – Equip de Manutenção da Vida, Equip de Diagnóstico e Infra - 2025 ri carajas.xlsx",Carajás,165,4.0
Curionópolis,4 Carajás,22,"Tabela 22 – Caracterização Hospitalar – Equip de Manutenção da Vida, Equip de Diagnóstico e Infra - 2025 ri carajas",20,"Tabela 22 – Caracterização Hospitalar – Equip de Manutenção da Vida, Equip de Diagnóstico e Infra - 2025 ri carajas","..\..\Desktop\tabelas-powerBI\4 Carajás\Tabela 22 – Caracterização Hospitalar – Equip de Manutenção da Vida, Equip de Diagnóstico e Infra - 2025 ri carajas.xlsx",Carajás,165,0.0
Eldorado do Carajás,4 Carajás,22,"Tabela 22 – Caracterização Hospitalar – Equip de Manutenção da Vida, Equip de Diagnóstico e Infra - 2025 ri carajas",20,"Tabela 22 – Caracterização Hospitalar – Equip de Manutenção da Vida, Equip de Diagnóstico e Infra - 2025 ri carajas","..\..\Desktop\tabelas-powerBI\4 Carajás\Tabela 22 – Caracterização Hospitalar – Equip de Manutenção da Vida, Equip de Diagnóstico e Infra - 2025 ri carajas.xlsx",Carajás,165,0.0
Marabá,4 Carajás,22,"Tabela 22 – Caracterização Hospitalar – Equip de Manutenção da Vida, Equip de Diagnóstico e Infra - 2025 ri carajas",20,"Tabela 22 – Caracterização Hospitalar – Equip de Manutenção da Vida, Equip de Diagnóstico e Infra - 2025 ri carajas","..\..\Desktop\tabelas-powerBI\4 Carajás\Tabela 22 – Caracterização Hospitalar – Equip de Manutenção da Vida, Equip de Diagnóstico e Infra - 2025 ri carajas.xlsx",Carajás,165,2.0
Palestina do Pará,4 Carajás,22,"Tabela 22 – Caracterização Hospitalar – Equip de Manutenção da Vida, Equip de Diagnóstico e Infra - 2025 ri carajas",20,"Tabela 22 – Caracterização Hospitalar – Equip de Manutenção da Vida, Equip de Diagnóstico e Infra - 2025 ri carajas","..\..\Desktop\tabelas-powerBI\4 Carajás\Tabela 22 – Caracterização Hospitalar – Equip de Manutenção da Vida, Equip de Diagnóstico e Infra - 2025 ri carajas.xlsx",Carajás,165,0.0
Parauapebas,4 Carajás,22,"Tabela 22 – Caracterização Hospitalar – Equip de Manutenção da Vida, Equip de Diagnóstico e Infra - 2025 ri carajas",20,"Tabela 22 – Caracterização Hospitalar – Equip de Manutenção da Vida, Equip de Diagnóstico e Infra - 2025 ri carajas","..\..\Desktop\tabelas-powerBI\4 Carajás\Tabela 22 – Caracterização Hospitalar – Equip de Manutenção da Vida, Equip de Diagnóstico e Infra - 2025 ri carajas.xlsx",Carajás,165,4.0
Piçarra,4 Carajás,22,"Tabela 22 – Caracterização Hospitalar – Equip de Manutenção da Vida, Equip de Diagnóstico e Infra - 2025 ri carajas",20,"Tabela 22 – Caracterização Hospitalar – Equip de Manutenção da Vida, Equip de Diagnóstico e Infra - 2025 ri carajas","..\..\Desktop\tabelas-powerBI\4 Carajás\Tabela 22 – Caracterização Hospitalar – Equip de Manutenção da Vida, Equip de Diagnóstico e Infra - 2025 ri carajas.xlsx",Carajás,165,0.0
São Domingos do Araguaia,4 Carajás,22,"Tabela 22 – Caracterização Hospitalar – Equip de Manutenção da Vida, Equip de Diagnóstico e Infra - 2025 ri carajas",20,"Tabela 22 – Caracterização Hospitalar – Equip de Manutenção da Vida, Equip de Diagnóstico e Infra - 2025 ri carajas","..\..\Desktop\tabelas-powerBI\4 Carajás\Tabela 22 – Caracterização Hospitalar – Equip de Manutenção da Vida, Equip de Diagnóstico e Infra - 2025 ri carajas.xlsx",Carajás,165,0.0
São Geraldo do Araguaia,4 Carajás,22,"Tabela 22 – Caracterização Hospitalar – Equip de Manutenção da Vida, Equip de Diagnóstico e Infra - 2025 ri carajas",20,"Tabela 22 – Caracterização Hospitalar – Equip de Manutenção da Vida, Equip de Diagnóstico e Infra - 2025 ri carajas","..\..\Desktop\tabelas-powerBI\4 Carajás\Tabela 22 – Caracterização Hospitalar – Equip de Manutenção da Vida, Equip de Diagnóstico e Infra - 2025 ri carajas.xlsx",Carajás,165,0.0
São João do Araguaia,4 Carajás,22,"Tabela 22 – Caracterização Hospitalar – Equip de Manutenção da Vida, Equip de Diagnóstico e Infra - 2025 ri carajas",20,"Tabela 22 – Caracterização Hospitalar – Equip de Manutenção da Vida, Equip de Diagnóstico e Infra - 2025 ri carajas","..\..\Desktop\tabelas-powerBI\4 Carajás\Tabela 22 – Caracterização Hospitalar – Equip de Manutenção da Vida, Equip de Diagnóstico e Infra - 2025 ri carajas.xlsx",Carajás,165,0.0
Fonte: DATASUS,4 Carajás,22,"Tabela 22 – Caracterização Hospitalar – Equip de Manutenção da Vida, Equip de Diagnóstico e Infra - 2025 ri carajas",20,"Tabela 22 – Caracterização Hospitalar – Equip de Manutenção da Vida, Equip de Diagnóstico e Infra - 2025 ri carajas","..\..\Desktop\tabelas-powerBI\4 Carajás\Tabela 22 – Caracterização Hospitalar – Equip de Manutenção da Vida, Equip de Diagnóstico e Infra - 2025 ri carajas.xlsx",Carajás,165,
Elaboração: FAPESPA,4 Carajás,22,"Tabela 22 – Caracterização Hospitalar – Equip de Manutenção da Vida, Equip de Diagnóstico e Infra - 2025 ri carajas",20,"Tabela 22 – Caracterização Hospitalar – Equip de Manutenção da Vida, Equip de Diagnóstico e Infra - 2025 ri carajas","..\..\Desktop\tabelas-powerBI\4 Carajás\Tabela 22 – Caracterização Hospitalar – Equip de Manutenção da Vida, Equip de Diagnóstico e Infra - 2025 ri carajas.xlsx",Carajás,165,
*Nota: Dados referentes a Outubro/2025.,4 Carajás,22,"Tabela 22 – Caracterização Hospitalar – Equip de Manutenção da Vida, Equip de Diagnóstico e Infra - 2025 ri carajas",20,"Tabela 22 – Caracterização Hospitalar – Equip de Manutenção da Vida, Equip de Diagnóstico e Infra - 2025 ri carajas","..\..\Desktop\tabelas-powerBI\4 Carajás\Tabela 22 – Caracterização Hospitalar – Equip de Manutenção da Vida, Equip de Diagnóstico e Infra - 2025 ri carajas.xlsx",Carajás,165,
RI Carajás,4 Carajás,22,"Tabela 22 – Caracterização Hospitalar – Equip de Manutenção da Vida, Equip de Diagnóstico e Infra - 2025 ri carajas",20,"Tabela 22 – Caracterização Hospitalar – Equip de Manutenção da Vida, Equip de Diagnóstico e Infra - 2025 ri carajas","..\..\Desktop\tabelas-powerBI\4 Carajás\Tabela 22 – Caracterização Hospitalar – Equip de Manutenção da Vida, Equip de Diagnóstico e Infra - 2025 ri carajas.xlsx",Carajás,30067,3797.0
Bom Jesus do Tocantins,4 Carajás,22,"Tabela 22 – Caracterização Hospitalar – Equip de Manutenção da Vida, Equip de Diagnóstico e Infra - 2025 ri carajas",20,"Tabela 22 – Caracterização Hospitalar – Equip de Manutenção da Vida, Equip de Diagnóstico e Infra - 2025 ri carajas","..\..\Desktop\tabelas-powerBI\4 Carajás\Tabela 22 – Caracterização Hospitalar – Equip de Manutenção da Vida, Equip de Diagnóstico e Infra - 2025 ri carajas.xlsx",Carajás,30067,34.0
Brejo Grande do Araguaia,4 Carajás,22,"Tabela 22 – Caracterização Hospitalar – Equip de Manutenção da Vida, Equip de Diagnóstico e Infra - 2025 ri carajas",20,"Tabela 22 – Caracterização Hospitalar – Equip de Manutenção da Vida, Equip de Diagnóstico e Infra - 2025 ri carajas","..\..\Desktop\tabelas-powerBI\4 Carajás\Tabela 22 – Caracterização Hospitalar – Equip de Manutenção da Vida, Equip de Diagnóstico e Infra - 2025 ri carajas.xlsx",Carajás,30067,2.0
Canaã dos Carajás,4 Carajás,22,"Tabela 22 – Caracterização Hospitalar – Equip de Manutenção da Vida, Equip de Diagnóstico e Infra - 2025 ri carajas",20,"Tabela 22 – Caracterização Hospitalar – Equip de Manutenção da Vida, Equip de Diagnóstico e Infra - 2025 ri carajas","..\..\Desktop\tabelas-powerBI\4 Carajás\Tabela 22 – Caracterização Hospitalar – Equip de Manutenção da Vida, Equip de Diagnóstico e Infra - 2025 ri carajas.xlsx",Carajás,30067,1049.0
Curionópolis,4 Carajás,22,"Tabela 22 – Caracterização Hospitalar – Equip de Manutenção da Vida, Equip de Diagnóstico e Infra - 2025 ri carajas",20,"Tabela 22 – Caracterização Hospitalar – Equip de Manutenção da Vida, Equip de Diagnóstico e Infra - 2025 ri carajas","..\..\Desktop\tabelas-powerBI\4 Carajás\Tabela 22 – Caracterização Hospitalar – Equip de Manutenção da Vida, Equip de Diagnóstico e Infra - 2025 ri carajas.xlsx",Carajás,30067,67.0
Eldorado do Carajás,4 Carajás,22,"Tabela 22 – Caracterização Hospitalar – Equip de Manutenção da Vida, Equip de Diagnóstico e Infra - 2025 ri carajas",20,"Tabela 22 – Caracterização Hospitalar – Equip de Manutenção da Vida, Equip de Diagnóstico e Infra - 2025 ri carajas","..\..\Desktop\tabelas-powerBI\4 Carajás\Tabela 22 – Caracterização Hospitalar – Equip de Manutenção da Vida, Equip de Diagnóstico e Infra - 2025 ri carajas.xlsx",Carajás,30067,12.0
Marabá,4 Carajás,22,"Tabela 22 – Caracterização Hospitalar – Equip de Manutenção da Vida, Equip de Diagnóstico e Infra - 2025 ri carajas",20,"Tabela 22 – Caracterização Hospitalar – Equip de Manutenção da Vida, Equip de Diagnóstico e Infra - 2025 ri carajas","..\..\Desktop\tabelas-powerBI\4 Carajás\Tabela 22 – Caracterização Hospitalar – Equip de Manutenção da Vida, Equip de Diagnóstico e Infra - 2025 ri carajas.xlsx",Carajás,30067,932.0
Palestina do Pará,4 Carajás,22,"Tabela 22 – Caracterização Hospitalar – Equip de Manutenção da Vida, Equip de Diagnóstico e Infra - 2025 ri carajas",20,"Tabela 22 – Caracterização Hospitalar – Equip de Manutenção da Vida, Equip de Diagnóstico e Infra - 2025 ri carajas","..\..\Desktop\tabelas-powerBI\4 Carajás\Tabela 22 – Caracterização Hospitalar – Equip de Manutenção da Vida, Equip de Diagnóstico e Infra - 2025 ri carajas.xlsx",Carajás,30067,55.0
Parauapebas,4 Carajás,22,"Tabela 22 – Caracterização Hospitalar – Equip de Manutenção da Vida, Equip de Diagnóstico e Infra - 2025 ri carajas",20,"Tabela 22 – Caracterização Hospitalar – Equip de Manutenção da Vida, Equip de Diagnóstico e Infra - 2025 ri carajas","..\..\Desktop\tabelas-powerBI\4 Carajás\Tabela 22 – Caracterização Hospitalar – Equip de Manutenção da Vida, Equip de Diagnóstico e Infra - 2025 ri carajas.xlsx",Carajás,30067,1615.0
Piçarra,4 Carajás,22,"Tabela 22 – Caracterização Hospitalar – Equip de Manutenção da Vida, Equip de Diagnóstico e Infra - 2025 ri carajas",20,"Tabela 22 – Caracterização Hospitalar – Equip de Manutenção da Vida, Equip de Diagnóstico e Infra - 2025 ri carajas","..\..\Desktop\tabelas-powerBI\4 Carajás\Tabela 22 – Caracterização Hospitalar – Equip de Manutenção da Vida, Equip de Diagnóstico e Infra - 2025 ri carajas.xlsx",Carajás,30067,10.0
São Domingos do Araguaia,4 Carajás,22,"Tabela 22 – Caracterização Hospitalar – Equip de Manutenção da Vida, Equip de Diagnóstico e Infra - 2025 ri carajas",20,"Tabela 22 – Caracterização Hospitalar – Equip de Manutenção da Vida, Equip de Diagnóstico e Infra - 2025 ri carajas","..\..\Desktop\tabelas-powerBI\4 Carajás\Tabela 22 – Caracterização Hospitalar – Equip de Manutenção da Vida, Equip de Diagnóstico e Infra - 2025 ri carajas.xlsx",Carajás,30067,8.0
São Geraldo do Araguaia,4 Carajás,22,"Tabela 22 – Caracterização Hospitalar – Equip de Manutenção da Vida, Equip de Diagnóstico e Infra - 2025 ri carajas",20,"Tabela 22 – Caracterização Hospitalar – Equip de Manutenção da Vida, Equip de Diagnóstico e Infra - 2025 ri carajas","..\..\Desktop\tabelas-powerBI\4 Carajás\Tabela 22 – Caracterização Hospitalar – Equip de Manutenção da Vida, Equip de Diagnóstico e Infra - 2025 ri carajas.xlsx",Carajás,30067,8.0
São João do Araguaia,4 Carajás,22,"Tabela 22 – Caracterização Hospitalar – Equip de Manutenção da Vida, Equip de Diagnóstico e Infra - 2025 ri carajas",20,"Tabela 22 – Caracterização Hospitalar – Equip de Manutenção da Vida, Equip de Diagnóstico e Infra - 2025 ri carajas","..\..\Desktop\tabelas-powerBI\4 Carajás\Tabela 22 – Caracterização Hospitalar – Equip de Manutenção da Vida, Equip de Diagnóstico e Infra - 2025 ri carajas.xlsx",Carajás,30067,5.0
Fonte: DATASUS,4 Carajás,22,"Tabela 22 – Caracterização Hospitalar – Equip de Manutenção da Vida, Equip de Diagnóstico e Infra - 2025 ri carajas",20,"Tabela 22 – Caracterização Hospitalar – Equip de Manutenção da Vida, Equip de Diagnóstico e Infra - 2025 ri carajas","..\..\Desktop\tabelas-powerBI\4 Carajás\Tabela 22 – Caracterização Hospitalar – Equip de Manutenção da Vida, Equip de Diagnóstico e Infra - 2025 ri carajas.xlsx",Carajás,30067,
Elaboração: FAPESPA,4 Carajás,22,"Tabela 22 – Caracterização Hospitalar – Equip de Manutenção da Vida, Equip de Diagnóstico e Infra - 2025 ri carajas",20,"Tabela 22 – Caracterização Hospitalar – Equip de Manutenção da Vida, Equip de Diagnóstico e Infra - 2025 ri carajas","..\..\Desktop\tabelas-powerBI\4 Carajás\Tabela 22 – Caracterização Hospitalar – Equip de Manutenção da Vida, Equip de Diagnóstico e Infra - 2025 ri carajas.xlsx",Carajás,30067,
*Nota: Dados referentes a Outubro/2025.,4 Carajás,22,"Tabela 22 – Caracterização Hospitalar – Equip de Manutenção da Vida, Equip de Diagnóstico e Infra - 2025 ri carajas",20,"Tabela 22 – Caracterização Hospitalar – Equip de Manutenção da Vida, Equip de Diagnóstico e Infra - 2025 ri carajas","..\..\Desktop\tabelas-powerBI\4 Carajás\Tabela 22 – Caracterização Hospitalar – Equip de Manutenção da Vida, Equip de Diagnóstico e Infra - 2025 ri carajas.xlsx",Carajás,30067,
RI Carajás,4 Carajás,22,"Tabela 22 – Caracterização Hospitalar – Equip de Manutenção da Vida, Equip de Diagnóstico e Infra - 2025 ri carajas",20,"Tabela 22 – Caracterização Hospitalar – Equip de Manutenção da Vida, Equip de Diagnóstico e Infra - 2025 ri carajas","..\..\Desktop\tabelas-powerBI\4 Carajás\Tabela 22 – Caracterização Hospitalar – Equip de Manutenção da Vida, Equip de Diagnóstico e Infra - 2025 ri carajas.xlsx",Carajás,29020,3632.0
Bom Jesus do Tocantins,4 Carajás,22,"Tabela 22 – Caracterização Hospitalar – Equip de Manutenção da Vida, Equip de Diagnóstico e Infra - 2025 ri carajas",20,"Tabela 22 – Caracterização Hospitalar – Equip de Manutenção da Vida, Equip de Diagnóstico e Infra - 2025 ri carajas","..\..\Desktop\tabelas-powerBI\4 Carajás\Tabela 22 – Caracterização Hospitalar – Equip de Manutenção da Vida, Equip de Diagnóstico e Infra - 2025 ri carajas.xlsx",Carajás,29020,33.0
Brejo Grande do Araguaia,4 Carajás,22,"Tabela 22 – Caracterização Hospitalar – Equip de Manutenção da Vida, Equip de Diagnóstico e Infra - 2025 ri carajas",20,"Tabela 22 – Caracterização Hospitalar – Equip de Manutenção da Vida, Equip de Diagnóstico e Infra - 2025 ri carajas","..\..\Desktop\tabelas-powerBI\4 Carajás\Tabela 22 – Caracterização Hospitalar – Equip de Manutenção da Vida, Equip de Diagnóstico e Infra - 2025 ri carajas.xlsx",Carajás,29020,2.0
Canaã dos Carajás,4 Carajás,22,"Tabela 22 – Caracterização Hospitalar – Equip de Manutenção da Vida, Equip de Diagnóstico e Infra - 2025 ri carajas",20,"Tabela 22 – Caracterização Hospitalar – Equip de Manutenção da Vida, Equip de Diagnóstico e Infra - 2025 ri carajas","..\..\Desktop\tabelas-powerBI\4 Carajás\Tabela 22 – Caracterização Hospitalar – Equip de Manutenção da Vida, Equip de Diagnóstico e Infra - 2025 ri carajas.xlsx",Carajás,29020,1000.0
Curionópolis,4 Carajás,22,"Tabela 22 – Caracterização Hospitalar – Equip de Manutenção da Vida, Equip de Diagnóstico e Infra - 2025 ri carajas",20,"Tabela 22 – Caracterização Hospitalar – Equip de Manutenção da Vida, Equip de Diagnóstico e Infra - 2025 ri carajas","..\..\Desktop\tabelas-powerBI\4 Carajás\Tabela 22 – Caracterização Hospitalar – Equip de Manutenção da Vida, Equip de Diagnóstico e Infra - 2025 ri carajas.xlsx",Carajás,29020,66.0
Eldorado do Carajás,4 Carajás,22,"Tabela 22 – Caracterização Hospitalar – Equip de Manutenção da Vida, Equip de Diagnóstico e Infra - 2025 ri carajas",20,"Tabela 22 – Caracterização Hospitalar – Equip de Manutenção da Vida, Equip de Diagnóstico e Infra - 2025 ri carajas","..\..\Desktop\tabelas-powerBI\4 Carajás\Tabela 22 – Caracterização Hospitalar – Equip de Manutenção da Vida, Equip de Diagnóstico e Infra - 2025 ri carajas.xlsx",Carajás,29020,12.0
Marabá,4 Carajás,22,"Tabela 22 – Caracterização Hospitalar – Equip de Manutenção da Vida, Equip de Diagnóstico e Infra - 2025 ri carajas",20,"Tabela 22 – Caracterização Hospitalar – Equip de Manutenção da Vida, Equip de Diagnóstico e Infra - 2025 ri carajas","..\..\Desktop\tabelas-powerBI\4 Carajás\Tabela 22 – Caracterização Hospitalar – Equip de Manutenção da Vida, Equip de Diagnóstico e Infra - 2025 ri carajas.xlsx",Carajás,29020,912.0
Palestina do Pará,4 Carajás,22,"Tabela 22 – Caracterização Hospitalar – Equip de Manutenção da Vida, Equip de Diagnóstico e Infra - 2025 ri carajas",20,"Tabela 22 – Caracterização Hospitalar – Equip de Manutenção da Vida, Equip de Diagnóstico e Infra - 2025 ri carajas","..\..\Desktop\tabelas-powerBI\4 Carajás\Tabela 22 – Caracterização Hospitalar – Equip de Manutenção da Vida, Equip de Diagnóstico e Infra - 2025 ri carajas.xlsx",Carajás,29020,53.0
Parauapebas,4 Carajás,22,"Tabela 22 – Caracterização Hospitalar – Equip de Manutenção da Vida, Equip de Diagnóstico e Infra - 2025 ri carajas",20,"Tabela 22 – Caracterização Hospitalar – Equip de Manutenção da Vida, Equip de Diagnóstico e Infra - 2025 ri carajas","..\..\Desktop\tabelas-powerBI\4 Carajás\Tabela 22 – Caracterização Hospitalar – Equip de Manutenção da Vida, Equip de Diagnóstico e Infra - 2025 ri carajas.xlsx",Carajás,29020,1523.0
Piçarra,4 Carajás,22,"Tabela 22 – Caracterização Hospitalar – Equip de Manutenção da Vida, Equip de Diagnóstico e Infra - 2025 ri carajas",20,"Tabela 22 – Caracterização Hospitalar – Equip de Manutenção da Vida, Equip de Diagnóstico e Infra - 2025 ri carajas","..\..\Desktop\tabelas-powerBI\4 Carajás\Tabela 22 – Caracterização Hospitalar – Equip de Manutenção da Vida, Equip de Diagnóstico e Infra - 2025 ri carajas.xlsx",Carajás,29020,10.0
São Domingos do Araguaia,4 Carajás,22,"Tabela 22 – Caracterização Hospitalar – Equip de Manutenção da Vida, Equip de Diagnóstico e Infra - 2025 ri carajas",20,"Tabela 22 – Caracterização Hospitalar – Equip de Manutenção da Vida, Equip de Diagnóstico e Infra - 2025 ri carajas","..\..\Desktop\tabelas-powerBI\4 Carajás\Tabela 22 – Caracterização Hospitalar – Equip de Manutenção da Vida, Equip de Diagnóstico e Infra - 2025 ri carajas.xlsx",Carajás,29020,8.0
São Geraldo do Araguaia,4 Carajás,22,"Tabela 22 – Caracterização Hospitalar – Equip de Manutenção da Vida, Equip de Diagnóstico e Infra - 2025 ri carajas",20,"Tabela 22 – Caracterização Hospitalar – Equip de Manutenção da Vida, Equip de Diagnóstico e Infra - 2025 ri carajas","..\..\Desktop\tabelas-powerBI\4 Carajás\Tabela 22 – Caracterização Hospitalar – Equip de Manutenção da Vida, Equip de Diagnóstico e Infra - 2025 ri carajas.xlsx",Carajás,29020,8.0
São João do Araguaia,4 Carajás,22,"Tabela 22 – Caracterização Hospitalar – Equip de Manutenção da Vida, Equip de Diagnóstico e Infra - 2025 ri carajas",20,"Tabela 22 – Caracterização Hospitalar – Equip de Manutenção da Vida, Equip de Diagnóstico e Infra - 2025 ri carajas","..\..\Desktop\tabelas-powerBI\4 Carajás\Tabela 22 – Caracterização Hospitalar – Equip de Manutenção da Vida, Equip de Diagnóstico e Infra - 2025 ri carajas.xlsx",Carajás,29020,5.0
Fonte: DATASUS,4 Carajás,22,"Tabela 22 – Caracterização Hospitalar – Equip de Manutenção da Vida, Equip de Diagnóstico e Infra - 2025 ri carajas",20,"Tabela 22 – Caracterização Hospitalar – Equip de Manutenção da Vida, Equip de Diagnóstico e Infra - 2025 ri carajas","..\..\Desktop\tabelas-powerBI\4 Carajás\Tabela 22 – Caracterização Hospitalar – Equip de Manutenção da Vida, Equip de Diagnóstico e Infra - 2025 ri carajas.xlsx",Carajás,29020,
Elaboração: FAPESPA,4 Carajás,22,"Tabela 22 – Caracterização Hospitalar – Equip de Manutenção da Vida, Equip de Diagnóstico e Infra - 2025 ri carajas",20,"Tabela 22 – Caracterização Hospitalar – Equip de Manutenção da Vida, Equip de Diagnóstico e Infra - 2025 ri carajas","..\..\Desktop\tabelas-powerBI\4 Carajás\Tabela 22 – Caracterização Hospitalar – Equip de Manutenção da Vida, Equip de Diagnóstico e Infra - 2025 ri carajas.xlsx",Carajás,29020,
*Nota: Dados referentes a Outubro/2025.,4 Carajás,22,"Tabela 22 – Caracterização Hospitalar – Equip de Manutenção da Vida, Equip de Diagnóstico e Infra - 2025 ri carajas",20,"Tabela 22 – Caracterização Hospitalar – Equip de Manutenção da Vida, Equip de Diagnóstico e Infra - 2025 ri carajas","..\..\Desktop\tabelas-powerBI\4 Carajás\Tabela 22 – Caracterização Hospitalar – Equip de Manutenção da Vida, Equip de Diagnóstico e Infra - 2025 ri carajas.xlsx",Carajás,29020,
