Par,137,97,1871,204611,3130177,2229561,4729,74442,90615,1089,16329,43398,1646,16122,63855,regiao,tabela_num,titulo,ano,arquivo,arquivo_path,aba,variavel,valor
RI Xingu,20,19,295,0,0,0,32,344,777,47,792,3039,81,687,2365,13 Xingu,43,"Área colhida (Hectares), Quantidade Produzida (Toneladas) e Valor (Mil Reais) da Produção por Tipo de Lavoura Permanente - 2024 ri xingu",20,"Tabela 43 - Área colhida (Hectares), Quantidade Produzida (Toneladas) e Valor (Mil Reais) da Produção por Tipo de Lavoura Permanente - 2024 ri xingu","..\..\Desktop\tabelas-powerBI\13 Xingu\Tabela 43 - Área colhida (Hectares), Quantidade Produzida (Toneladas) e Valor (Mil Reais) da Produção por Tipo de Lavoura Permanente - 2024 ri xingu.xlsx",Xingu,36906,18160.0
Altamira,-,-,-,-,-,-,8,60,171,4,65,228,10,110,330,13 Xingu,43,"Área colhida (Hectares), Quantidade Produzida (Toneladas) e Valor (Mil Reais) da Produção por Tipo de Lavoura Permanente - 2024 ri xingu",20,"Tabela 43 - Área colhida (Hectares), Quantidade Produzida (Toneladas) e Valor (Mil Reais) da Produção por Tipo de Lavoura Permanente - 2024 ri xingu","..\..\Desktop\tabelas-powerBI\13 Xingu\Tabela 43 - Área colhida (Hectares), Quantidade Produzida (Toneladas) e Valor (Mil Reais) da Produção por Tipo de Lavoura Permanente - 2024 ri xingu.xlsx",Xingu,36906,1420.0
Anapu,-,-,-,-,-,-,7,90,180,-,-,-,5,50,160,13 Xingu,43,"Área colhida (Hectares), Quantidade Produzida (Toneladas) e Valor (Mil Reais) da Produção por Tipo de Lavoura Permanente - 2024 ri xingu",20,"Tabela 43 - Área colhida (Hectares), Quantidade Produzida (Toneladas) e Valor (Mil Reais) da Produção por Tipo de Lavoura Permanente - 2024 ri xingu","..\..\Desktop\tabelas-powerBI\13 Xingu\Tabela 43 - Área colhida (Hectares), Quantidade Produzida (Toneladas) e Valor (Mil Reais) da Produção por Tipo de Lavoura Permanente - 2024 ri xingu.xlsx",Xingu,36906,1000.0
Brasil Novo,-,-,-,-,-,-,-,-,-,15,225,788,1,10,30,13 Xingu,43,"Área colhida (Hectares), Quantidade Produzida (Toneladas) e Valor (Mil Reais) da Produção por Tipo de Lavoura Permanente - 2024 ri xingu",20,"Tabela 43 - Área colhida (Hectares), Quantidade Produzida (Toneladas) e Valor (Mil Reais) da Produção por Tipo de Lavoura Permanente - 2024 ri xingu","..\..\Desktop\tabelas-powerBI\13 Xingu\Tabela 43 - Área colhida (Hectares), Quantidade Produzida (Toneladas) e Valor (Mil Reais) da Produção por Tipo de Lavoura Permanente - 2024 ri xingu.xlsx",Xingu,36906,400.0
Medicilândia,-,-,-,-,-,-,-,-,-,12,240,1116,12,84,368,13 Xingu,43,"Área colhida (Hectares), Quantidade Produzida (Toneladas) e Valor (Mil Reais) da Produção por Tipo de Lavoura Permanente - 2024 ri xingu",20,"Tabela 43 - Área colhida (Hectares), Quantidade Produzida (Toneladas) e Valor (Mil Reais) da Produção por Tipo de Lavoura Permanente - 2024 ri xingu","..\..\Desktop\tabelas-powerBI\13 Xingu\Tabela 43 - Área colhida (Hectares), Quantidade Produzida (Toneladas) e Valor (Mil Reais) da Produção por Tipo de Lavoura Permanente - 2024 ri xingu.xlsx",Xingu,36906,10530.0
Pacajá,20,19,295,-,-,-,-,-,-,-,-,-,20,130,439,13 Xingu,43,"Área colhida (Hectares), Quantidade Produzida (Toneladas) e Valor (Mil Reais) da Produção por Tipo de Lavoura Permanente - 2024 ri xingu",20,"Tabela 43 - Área colhida (Hectares), Quantidade Produzida (Toneladas) e Valor (Mil Reais) da Produção por Tipo de Lavoura Permanente - 2024 ri xingu","..\..\Desktop\tabelas-powerBI\13 Xingu\Tabela 43 - Área colhida (Hectares), Quantidade Produzida (Toneladas) e Valor (Mil Reais) da Produção por Tipo de Lavoura Permanente - 2024 ri xingu.xlsx",Xingu,36906,1000.0
Placas,-,-,-,-,-,-,-,-,-,-,-,-,-,-,-,13 Xingu,43,"Área colhida (Hectares), Quantidade Produzida (Toneladas) e Valor (Mil Reais) da Produção por Tipo de Lavoura Permanente - 2024 ri xingu",20,"Tabela 43 - Área colhida (Hectares), Quantidade Produzida (Toneladas) e Valor (Mil Reais) da Produção por Tipo de Lavoura Permanente - 2024 ri xingu","..\..\Desktop\tabelas-powerBI\13 Xingu\Tabela 43 - Área colhida (Hectares), Quantidade Produzida (Toneladas) e Valor (Mil Reais) da Produção por Tipo de Lavoura Permanente - 2024 ri xingu.xlsx",Xingu,36906,1600.0
Porto de Moz,-,-,-,-,-,-,3,54,153,6,96,326,16,143,358,13 Xingu,43,"Área colhida (Hectares), Quantidade Produzida (Toneladas) e Valor (Mil Reais) da Produção por Tipo de Lavoura Permanente - 2024 ri xingu",20,"Tabela 43 - Área colhida (Hectares), Quantidade Produzida (Toneladas) e Valor (Mil Reais) da Produção por Tipo de Lavoura Permanente - 2024 ri xingu","..\..\Desktop\tabelas-powerBI\13 Xingu\Tabela 43 - Área colhida (Hectares), Quantidade Produzida (Toneladas) e Valor (Mil Reais) da Produção por Tipo de Lavoura Permanente - 2024 ri xingu.xlsx",Xingu,36906,60.0
Senador José Porfírio,-,-,-,-,-,-,-,-,-,-,-,-,-,-,-,13 Xingu,43,"Área colhida (Hectares), Quantidade Produzida (Toneladas) e Valor (Mil Reais) da Produção por Tipo de Lavoura Permanente - 2024 ri xingu",20,"Tabela 43 - Área colhida (Hectares), Quantidade Produzida (Toneladas) e Valor (Mil Reais) da Produção por Tipo de Lavoura Permanente - 2024 ri xingu","..\..\Desktop\tabelas-powerBI\13 Xingu\Tabela 43 - Área colhida (Hectares), Quantidade Produzida (Toneladas) e Valor (Mil Reais) da Produção por Tipo de Lavoura Permanente - 2024 ri xingu.xlsx",Xingu,36906,850.0
Uruará,-,-,-,-,-,-,-,-,-,-,-,-,6,40,200,13 Xingu,43,"Área colhida (Hectares), Quantidade Produzida (Toneladas) e Valor (Mil Reais) da Produção por Tipo de Lavoura Permanente - 2024 ri xingu",20,"Tabela 43 - Área colhida (Hectares), Quantidade Produzida (Toneladas) e Valor (Mil Reais) da Produção por Tipo de Lavoura Permanente - 2024 ri xingu","..\..\Desktop\tabelas-powerBI\13 Xingu\Tabela 43 - Área colhida (Hectares), Quantidade Produzida (Toneladas) e Valor (Mil Reais) da Produção por Tipo de Lavoura Permanente - 2024 ri xingu.xlsx",Xingu,36906,800.0
Vitória do Xingu,-,-,-,-,-,-,14,140,273,10,166,581,11,120,480,13 Xingu,43,"Área colhida (Hectares), Quantidade Produzida (Toneladas) e Valor (Mil Reais) da Produção por Tipo de Lavoura Permanente - 2024 ri xingu",20,"Tabela 43 - Área colhida (Hectares), Quantidade Produzida (Toneladas) e Valor (Mil Reais) da Produção por Tipo de Lavoura Permanente - 2024 ri xingu","..\..\Desktop\tabelas-powerBI\13 Xingu\Tabela 43 - Área colhida (Hectares), Quantidade Produzida (Toneladas) e Valor (Mil Reais) da Produção por Tipo de Lavoura Permanente - 2024 ri xingu.xlsx",Xingu,36906,500.0
Fonte: IBGE/PAM,,,,,,,,,,,,,,,,13 Xingu,43,"Área colhida (Hectares), Quantidade Produzida (Toneladas) e Valor (Mil Reais) da Produção por Tipo de Lavoura Permanente - 2024 ri xingu",20,"Tabela 43 - Área colhida (Hectares), Quantidade Produzida (Toneladas) e Valor (Mil Reais) da Produção por Tipo de Lavoura Permanente - 2024 ri xingu","..\..\Desktop\tabelas-powerBI\13 Xingu\Tabela 43 - Área colhida (Hectares), Quantidade Produzida (Toneladas) e Valor (Mil Reais) da Produção por Tipo de Lavoura Permanente - 2024 ri xingu.xlsx",Xingu,36906,
Elaboração: FAPESPA,,,,,,,,,,,,,,,,13 Xingu,43,"Área colhida (Hectares), Quantidade Produzida (Toneladas) e Valor (Mil Reais) da Produção por Tipo de Lavoura Permanente - 2024 ri xingu",20,"Tabela 43 - Área colhida (Hectares), Quantidade Produzida (Toneladas) e Valor (Mil Reais) da Produção por Tipo de Lavoura Permanente - 2024 ri xingu","..\..\Desktop\tabelas-powerBI\13 Xingu\Tabela 43 - Área colhida (Hectares), Quantidade Produzida (Toneladas) e Valor (Mil Reais) da Produção por Tipo de Lavoura Permanente - 2024 ri xingu.xlsx",Xingu,36906,
Nota: A quantidade produzida de coco-da-baía é expressa em mil frutos ,,,,,,,,,,,,,,,,13 Xingu,43,"Área colhida (Hectares), Quantidade Produzida (Toneladas) e Valor (Mil Reais) da Produção por Tipo de Lavoura Permanente - 2024 ri xingu",20,"Tabela 43 - Área colhida (Hectares), Quantidade Produzida (Toneladas) e Valor (Mil Reais) da Produção por Tipo de Lavoura Permanente - 2024 ri xingu","..\..\Desktop\tabelas-powerBI\13 Xingu\Tabela 43 - Área colhida (Hectares), Quantidade Produzida (Toneladas) e Valor (Mil Reais) da Produção por Tipo de Lavoura Permanente - 2024 ri xingu.xlsx",Xingu,36906,
RI Xingu,20,19,295,0,0,0,32,344,777,47,792,3039,81,687,2365,13 Xingu,43,"Área colhida (Hectares), Quantidade Produzida (Toneladas) e Valor (Mil Reais) da Produção por Tipo de Lavoura Permanente - 2024 ri xingu",20,"Tabela 43 - Área colhida (Hectares), Quantidade Produzida (Toneladas) e Valor (Mil Reais) da Produção por Tipo de Lavoura Permanente - 2024 ri xingu","..\..\Desktop\tabelas-powerBI\13 Xingu\Tabela 43 - Área colhida (Hectares), Quantidade Produzida (Toneladas) e Valor (Mil Reais) da Produção por Tipo de Lavoura Permanente - 2024 ri xingu.xlsx",Xingu,425275,245992.0
Altamira,-,-,-,-,-,-,8,60,171,4,65,228,10,110,330,13 Xingu,43,"Área colhida (Hectares), Quantidade Produzida (Toneladas) e Valor (Mil Reais) da Produção por Tipo de Lavoura Permanente - 2024 ri xingu",20,"Tabela 43 - Área colhida (Hectares), Quantidade Produzida (Toneladas) e Valor (Mil Reais) da Produção por Tipo de Lavoura Permanente - 2024 ri xingu","..\..\Desktop\tabelas-powerBI\13 Xingu\Tabela 43 - Área colhida (Hectares), Quantidade Produzida (Toneladas) e Valor (Mil Reais) da Produção por Tipo de Lavoura Permanente - 2024 ri xingu.xlsx",Xingu,425275,13822.0
Anapu,-,-,-,-,-,-,7,90,180,-,-,-,5,50,160,13 Xingu,43,"Área colhida (Hectares), Quantidade Produzida (Toneladas) e Valor (Mil Reais) da Produção por Tipo de Lavoura Permanente - 2024 ri xingu",20,"Tabela 43 - Área colhida (Hectares), Quantidade Produzida (Toneladas) e Valor (Mil Reais) da Produção por Tipo de Lavoura Permanente - 2024 ri xingu","..\..\Desktop\tabelas-powerBI\13 Xingu\Tabela 43 - Área colhida (Hectares), Quantidade Produzida (Toneladas) e Valor (Mil Reais) da Produção por Tipo de Lavoura Permanente - 2024 ri xingu.xlsx",Xingu,425275,12000.0
Brasil Novo,-,-,-,-,-,-,-,-,-,15,225,788,1,10,30,13 Xingu,43,"Área colhida (Hectares), Quantidade Produzida (Toneladas) e Valor (Mil Reais) da Produção por Tipo de Lavoura Permanente - 2024 ri xingu",20,"Tabela 43 - Área colhida (Hectares), Quantidade Produzida (Toneladas) e Valor (Mil Reais) da Produção por Tipo de Lavoura Permanente - 2024 ri xingu","..\..\Desktop\tabelas-powerBI\13 Xingu\Tabela 43 - Área colhida (Hectares), Quantidade Produzida (Toneladas) e Valor (Mil Reais) da Produção por Tipo de Lavoura Permanente - 2024 ri xingu.xlsx",Xingu,425275,5000.0
Medicilândia,-,-,-,-,-,-,-,-,-,12,240,1116,12,84,368,13 Xingu,43,"Área colhida (Hectares), Quantidade Produzida (Toneladas) e Valor (Mil Reais) da Produção por Tipo de Lavoura Permanente - 2024 ri xingu",20,"Tabela 43 - Área colhida (Hectares), Quantidade Produzida (Toneladas) e Valor (Mil Reais) da Produção por Tipo de Lavoura Permanente - 2024 ri xingu","..\..\Desktop\tabelas-powerBI\13 Xingu\Tabela 43 - Área colhida (Hectares), Quantidade Produzida (Toneladas) e Valor (Mil Reais) da Produção por Tipo de Lavoura Permanente - 2024 ri xingu.xlsx",Xingu,425275,157950.0
Pacajá,20,19,295,-,-,-,-,-,-,-,-,-,20,130,439,13 Xingu,43,"Área colhida (Hectares), Quantidade Produzida (Toneladas) e Valor (Mil Reais) da Produção por Tipo de Lavoura Permanente - 2024 ri xingu",20,"Tabela 43 - Área colhida (Hectares), Quantidade Produzida (Toneladas) e Valor (Mil Reais) da Produção por Tipo de Lavoura Permanente - 2024 ri xingu","..\..\Desktop\tabelas-powerBI\13 Xingu\Tabela 43 - Área colhida (Hectares), Quantidade Produzida (Toneladas) e Valor (Mil Reais) da Produção por Tipo de Lavoura Permanente - 2024 ri xingu.xlsx",Xingu,425275,14000.0
Placas,-,-,-,-,-,-,-,-,-,-,-,-,-,-,-,13 Xingu,43,"Área colhida (Hectares), Quantidade Produzida (Toneladas) e Valor (Mil Reais) da Produção por Tipo de Lavoura Permanente - 2024 ri xingu",20,"Tabela 43 - Área colhida (Hectares), Quantidade Produzida (Toneladas) e Valor (Mil Reais) da Produção por Tipo de Lavoura Permanente - 2024 ri xingu","..\..\Desktop\tabelas-powerBI\13 Xingu\Tabela 43 - Área colhida (Hectares), Quantidade Produzida (Toneladas) e Valor (Mil Reais) da Produção por Tipo de Lavoura Permanente - 2024 ri xingu.xlsx",Xingu,425275,14400.0
Porto de Moz,-,-,-,-,-,-,3,54,153,6,96,326,16,143,358,13 Xingu,43,"Área colhida (Hectares), Quantidade Produzida (Toneladas) e Valor (Mil Reais) da Produção por Tipo de Lavoura Permanente - 2024 ri xingu",20,"Tabela 43 - Área colhida (Hectares), Quantidade Produzida (Toneladas) e Valor (Mil Reais) da Produção por Tipo de Lavoura Permanente - 2024 ri xingu","..\..\Desktop\tabelas-powerBI\13 Xingu\Tabela 43 - Área colhida (Hectares), Quantidade Produzida (Toneladas) e Valor (Mil Reais) da Produção por Tipo de Lavoura Permanente - 2024 ri xingu.xlsx",Xingu,425275,720.0
Senador José Porfírio,-,-,-,-,-,-,-,-,-,-,-,-,-,-,-,13 Xingu,43,"Área colhida (Hectares), Quantidade Produzida (Toneladas) e Valor (Mil Reais) da Produção por Tipo de Lavoura Permanente - 2024 ri xingu",20,"Tabela 43 - Área colhida (Hectares), Quantidade Produzida (Toneladas) e Valor (Mil Reais) da Produção por Tipo de Lavoura Permanente - 2024 ri xingu","..\..\Desktop\tabelas-powerBI\13 Xingu\Tabela 43 - Área colhida (Hectares), Quantidade Produzida (Toneladas) e Valor (Mil Reais) da Produção por Tipo de Lavoura Permanente - 2024 ri xingu.xlsx",Xingu,425275,11900.0
Uruará,-,-,-,-,-,-,-,-,-,-,-,-,6,40,200,13 Xingu,43,"Área colhida (Hectares), Quantidade Produzida (Toneladas) e Valor (Mil Reais) da Produção por Tipo de Lavoura Permanente - 2024 ri xingu",20,"Tabela 43 - Área colhida (Hectares), Quantidade Produzida (Toneladas) e Valor (Mil Reais) da Produção por Tipo de Lavoura Permanente - 2024 ri xingu","..\..\Desktop\tabelas-powerBI\13 Xingu\Tabela 43 - Área colhida (Hectares), Quantidade Produzida (Toneladas) e Valor (Mil Reais) da Produção por Tipo de Lavoura Permanente - 2024 ri xingu.xlsx",Xingu,425275,9700.0
Vitória do Xingu,-,-,-,-,-,-,14,140,273,10,166,581,11,120,480,13 Xingu,43,"Área colhida (Hectares), Quantidade Produzida (Toneladas) e Valor (Mil Reais) da Produção por Tipo de Lavoura Permanente - 2024 ri xingu",20,"Tabela 43 - Área colhida (Hectares), Quantidade Produzida (Toneladas) e Valor (Mil Reais) da Produção por Tipo de Lavoura Permanente - 2024 ri xingu","..\..\Desktop\tabelas-powerBI\13 Xingu\Tabela 43 - Área colhida (Hectares), Quantidade Produzida (Toneladas) e Valor (Mil Reais) da Produção por Tipo de Lavoura Permanente - 2024 ri xingu.xlsx",Xingu,425275,6500.0
Fonte: IBGE/PAM,,,,,,,,,,,,,,,,13 Xingu,43,"Área colhida (Hectares), Quantidade Produzida (Toneladas) e Valor (Mil Reais) da Produção por Tipo de Lavoura Permanente - 2024 ri xingu",20,"Tabela 43 - Área colhida (Hectares), Quantidade Produzida (Toneladas) e Valor (Mil Reais) da Produção por Tipo de Lavoura Permanente - 2024 ri xingu","..\..\Desktop\tabelas-powerBI\13 Xingu\Tabela 43 - Área colhida (Hectares), Quantidade Produzida (Toneladas) e Valor (Mil Reais) da Produção por Tipo de Lavoura Permanente - 2024 ri xingu.xlsx",Xingu,425275,
Elaboração: FAPESPA,,,,,,,,,,,,,,,,13 Xingu,43,"Área colhida (Hectares), Quantidade Produzida (Toneladas) e Valor (Mil Reais) da Produção por Tipo de Lavoura Permanente - 2024 ri xingu",20,"Tabela 43 - Área colhida (Hectares), Quantidade Produzida (Toneladas) e Valor (Mil Reais) da Produção por Tipo de Lavoura Permanente - 2024 ri xingu","..\..\Desktop\tabelas-powerBI\13 Xingu\Tabela 43 - Área colhida (Hectares), Quantidade Produzida (Toneladas) e Valor (Mil Reais) da Produção por Tipo de Lavoura Permanente - 2024 ri xingu.xlsx",Xingu,425275,
Nota: A quantidade produzida de coco-da-baía é expressa em mil frutos ,,,,,,,,,,,,,,,,13 Xingu,43,"Área colhida (Hectares), Quantidade Produzida (Toneladas) e Valor (Mil Reais) da Produção por Tipo de Lavoura Permanente - 2024 ri xingu",20,"Tabela 43 - Área colhida (Hectares), Quantidade Produzida (Toneladas) e Valor (Mil Reais) da Produção por Tipo de Lavoura Permanente - 2024 ri xingu","..\..\Desktop\tabelas-powerBI\13 Xingu\Tabela 43 - Área colhida (Hectares), Quantidade Produzida (Toneladas) e Valor (Mil Reais) da Produção por Tipo de Lavoura Permanente - 2024 ri xingu.xlsx",Xingu,425275,
RI Xingu,20,19,295,0,0,0,32,344,777,47,792,3039,81,687,2365,13 Xingu,43,"Área colhida (Hectares), Quantidade Produzida (Toneladas) e Valor (Mil Reais) da Produção por Tipo de Lavoura Permanente - 2024 ri xingu",20,"Tabela 43 - Área colhida (Hectares), Quantidade Produzida (Toneladas) e Valor (Mil Reais) da Produção por Tipo de Lavoura Permanente - 2024 ri xingu","..\..\Desktop\tabelas-powerBI\13 Xingu\Tabela 43 - Área colhida (Hectares), Quantidade Produzida (Toneladas) e Valor (Mil Reais) da Produção por Tipo de Lavoura Permanente - 2024 ri xingu.xlsx",Xingu,1080902,535502.0
Altamira,-,-,-,-,-,-,8,60,171,4,65,228,10,110,330,13 Xingu,43,"Área colhida (Hectares), Quantidade Produzida (Toneladas) e Valor (Mil Reais) da Produção por Tipo de Lavoura Permanente - 2024 ri xingu",20,"Tabela 43 - Área colhida (Hectares), Quantidade Produzida (Toneladas) e Valor (Mil Reais) da Produção por Tipo de Lavoura Permanente - 2024 ri xingu","..\..\Desktop\tabelas-powerBI\13 Xingu\Tabela 43 - Área colhida (Hectares), Quantidade Produzida (Toneladas) e Valor (Mil Reais) da Produção por Tipo de Lavoura Permanente - 2024 ri xingu.xlsx",Xingu,1080902,27644.0
Anapu,-,-,-,-,-,-,7,90,180,-,-,-,5,50,160,13 Xingu,43,"Área colhida (Hectares), Quantidade Produzida (Toneladas) e Valor (Mil Reais) da Produção por Tipo de Lavoura Permanente - 2024 ri xingu",20,"Tabela 43 - Área colhida (Hectares), Quantidade Produzida (Toneladas) e Valor (Mil Reais) da Produção por Tipo de Lavoura Permanente - 2024 ri xingu","..\..\Desktop\tabelas-powerBI\13 Xingu\Tabela 43 - Área colhida (Hectares), Quantidade Produzida (Toneladas) e Valor (Mil Reais) da Produção por Tipo de Lavoura Permanente - 2024 ri xingu.xlsx",Xingu,1080902,29383.0
Brasil Novo,-,-,-,-,-,-,-,-,-,15,225,788,1,10,30,13 Xingu,43,"Área colhida (Hectares), Quantidade Produzida (Toneladas) e Valor (Mil Reais) da Produção por Tipo de Lavoura Permanente - 2024 ri xingu",20,"Tabela 43 - Área colhida (Hectares), Quantidade Produzida (Toneladas) e Valor (Mil Reais) da Produção por Tipo de Lavoura Permanente - 2024 ri xingu","..\..\Desktop\tabelas-powerBI\13 Xingu\Tabela 43 - Área colhida (Hectares), Quantidade Produzida (Toneladas) e Valor (Mil Reais) da Produção por Tipo de Lavoura Permanente - 2024 ri xingu.xlsx",Xingu,1080902,10000.0
Medicilândia,-,-,-,-,-,-,-,-,-,12,240,1116,12,84,368,13 Xingu,43,"Área colhida (Hectares), Quantidade Produzida (Toneladas) e Valor (Mil Reais) da Produção por Tipo de Lavoura Permanente - 2024 ri xingu",20,"Tabela 43 - Área colhida (Hectares), Quantidade Produzida (Toneladas) e Valor (Mil Reais) da Produção por Tipo de Lavoura Permanente - 2024 ri xingu","..\..\Desktop\tabelas-powerBI\13 Xingu\Tabela 43 - Área colhida (Hectares), Quantidade Produzida (Toneladas) e Valor (Mil Reais) da Produção por Tipo de Lavoura Permanente - 2024 ri xingu.xlsx",Xingu,1080902,351439.0
Pacajá,20,19,295,-,-,-,-,-,-,-,-,-,20,130,439,13 Xingu,43,"Área colhida (Hectares), Quantidade Produzida (Toneladas) e Valor (Mil Reais) da Produção por Tipo de Lavoura Permanente - 2024 ri xingu",20,"Tabela 43 - Área colhida (Hectares), Quantidade Produzida (Toneladas) e Valor (Mil Reais) da Produção por Tipo de Lavoura Permanente - 2024 ri xingu","..\..\Desktop\tabelas-powerBI\13 Xingu\Tabela 43 - Área colhida (Hectares), Quantidade Produzida (Toneladas) e Valor (Mil Reais) da Produção por Tipo de Lavoura Permanente - 2024 ri xingu.xlsx",Xingu,1080902,28000.0
Placas,-,-,-,-,-,-,-,-,-,-,-,-,-,-,-,13 Xingu,43,"Área colhida (Hectares), Quantidade Produzida (Toneladas) e Valor (Mil Reais) da Produção por Tipo de Lavoura Permanente - 2024 ri xingu",20,"Tabela 43 - Área colhida (Hectares), Quantidade Produzida (Toneladas) e Valor (Mil Reais) da Produção por Tipo de Lavoura Permanente - 2024 ri xingu","..\..\Desktop\tabelas-powerBI\13 Xingu\Tabela 43 - Área colhida (Hectares), Quantidade Produzida (Toneladas) e Valor (Mil Reais) da Produção por Tipo de Lavoura Permanente - 2024 ri xingu.xlsx",Xingu,1080902,28800.0
Porto de Moz,-,-,-,-,-,-,3,54,153,6,96,326,16,143,358,13 Xingu,43,"Área colhida (Hectares), Quantidade Produzida (Toneladas) e Valor (Mil Reais) da Produção por Tipo de Lavoura Permanente - 2024 ri xingu",20,"Tabela 43 - Área colhida (Hectares), Quantidade Produzida (Toneladas) e Valor (Mil Reais) da Produção por Tipo de Lavoura Permanente - 2024 ri xingu","..\..\Desktop\tabelas-powerBI\13 Xingu\Tabela 43 - Área colhida (Hectares), Quantidade Produzida (Toneladas) e Valor (Mil Reais) da Produção por Tipo de Lavoura Permanente - 2024 ri xingu.xlsx",Xingu,1080902,2736.0
Senador José Porfírio,-,-,-,-,-,-,-,-,-,-,-,-,-,-,-,13 Xingu,43,"Área colhida (Hectares), Quantidade Produzida (Toneladas) e Valor (Mil Reais) da Produção por Tipo de Lavoura Permanente - 2024 ri xingu",20,"Tabela 43 - Área colhida (Hectares), Quantidade Produzida (Toneladas) e Valor (Mil Reais) da Produção por Tipo de Lavoura Permanente - 2024 ri xingu","..\..\Desktop\tabelas-powerBI\13 Xingu\Tabela 43 - Área colhida (Hectares), Quantidade Produzida (Toneladas) e Valor (Mil Reais) da Produção por Tipo de Lavoura Permanente - 2024 ri xingu.xlsx",Xingu,1080902,23800.0
Uruará,-,-,-,-,-,-,-,-,-,-,-,-,6,40,200,13 Xingu,43,"Área colhida (Hectares), Quantidade Produzida (Toneladas) e Valor (Mil Reais) da Produção por Tipo de Lavoura Permanente - 2024 ri xingu",20,"Tabela 43 - Área colhida (Hectares), Quantidade Produzida (Toneladas) e Valor (Mil Reais) da Produção por Tipo de Lavoura Permanente - 2024 ri xingu","..\..\Desktop\tabelas-powerBI\13 Xingu\Tabela 43 - Área colhida (Hectares), Quantidade Produzida (Toneladas) e Valor (Mil Reais) da Produção por Tipo de Lavoura Permanente - 2024 ri xingu.xlsx",Xingu,1080902,19400.0
Vitória do Xingu,-,-,-,-,-,-,14,140,273,10,166,581,11,120,480,13 Xingu,43,"Área colhida (Hectares), Quantidade Produzida (Toneladas) e Valor (Mil Reais) da Produção por Tipo de Lavoura Permanente - 2024 ri xingu",20,"Tabela 43 - Área colhida (Hectares), Quantidade Produzida (Toneladas) e Valor (Mil Reais) da Produção por Tipo de Lavoura Permanente - 2024 ri xingu","..\..\Desktop\tabelas-powerBI\13 Xingu\Tabela 43 - Área colhida (Hectares), Quantidade Produzida (Toneladas) e Valor (Mil Reais) da Produção por Tipo de Lavoura Permanente - 2024 ri xingu.xlsx",Xingu,1080902,14300.0
Fonte: IBGE/PAM,,,,,,,,,,,,,,,,13 Xingu,43,"Área colhida (Hectares), Quantidade Produzida (Toneladas) e Valor (Mil Reais) da Produção por Tipo de Lavoura Permanente - 2024 ri xingu",20,"Tabela 43 - Área colhida (Hectares), Quantidade Produzida (Toneladas) e Valor (Mil Reais) da Produção por Tipo de Lavoura Permanente - 2024 ri xingu","..\..\Desktop\tabelas-powerBI\13 Xingu\Tabela 43 - Área colhida (Hectares), Quantidade Produzida (Toneladas) e Valor (Mil Reais) da Produção por Tipo de Lavoura Permanente - 2024 ri xingu.xlsx",Xingu,1080902,
Elaboração: FAPESPA,,,,,,,,,,,,,,,,13 Xingu,43,"Área colhida (Hectares), Quantidade Produzida (Toneladas) e Valor (Mil Reais) da Produção por Tipo de Lavoura Permanente - 2024 ri xingu",20,"Tabela 43 - Área colhida (Hectares), Quantidade Produzida (Toneladas) e Valor (Mil Reais) da Produção por Tipo de Lavoura Permanente - 2024 ri xingu","..\..\Desktop\tabelas-powerBI\13 Xingu\Tabela 43 - Área colhida (Hectares), Quantidade Produzida (Toneladas) e Valor (Mil Reais) da Produção por Tipo de Lavoura Permanente - 2024 ri xingu.xlsx",Xingu,1080902,
Nota: A quantidade produzida de coco-da-baía é expressa em mil frutos ,,,,,,,,,,,,,,,,13 Xingu,43,"Área colhida (Hectares), Quantidade Produzida (Toneladas) e Valor (Mil Reais) da Produção por Tipo de Lavoura Permanente - 2024 ri xingu",20,"Tabela 43 - Área colhida (Hectares), Quantidade Produzida (Toneladas) e Valor (Mil Reais) da Produção por Tipo de Lavoura Permanente - 2024 ri xingu","..\..\Desktop\tabelas-powerBI\13 Xingu\Tabela 43 - Área colhida (Hectares), Quantidade Produzida (Toneladas) e Valor (Mil Reais) da Produção por Tipo de Lavoura Permanente - 2024 ri xingu.xlsx",Xingu,1080902,
RI Xingu,20,19,295,0,0,0,32,344,777,47,792,3039,81,687,2365,13 Xingu,43,"Área colhida (Hectares), Quantidade Produzida (Toneladas) e Valor (Mil Reais) da Produção por Tipo de Lavoura Permanente - 2024 ri xingu",20,"Tabela 43 - Área colhida (Hectares), Quantidade Produzida (Toneladas) e Valor (Mil Reais) da Produção por Tipo de Lavoura Permanente - 2024 ri xingu","..\..\Desktop\tabelas-powerBI\13 Xingu\Tabela 43 - Área colhida (Hectares), Quantidade Produzida (Toneladas) e Valor (Mil Reais) da Produção por Tipo de Lavoura Permanente - 2024 ri xingu.xlsx",Xingu,163405,118314.0
Altamira,-,-,-,-,-,-,8,60,171,4,65,228,10,110,330,13 Xingu,43,"Área colhida (Hectares), Quantidade Produzida (Toneladas) e Valor (Mil Reais) da Produção por Tipo de Lavoura Permanente - 2024 ri xingu",20,"Tabela 43 - Área colhida (Hectares), Quantidade Produzida (Toneladas) e Valor (Mil Reais) da Produção por Tipo de Lavoura Permanente - 2024 ri xingu","..\..\Desktop\tabelas-powerBI\13 Xingu\Tabela 43 - Área colhida (Hectares), Quantidade Produzida (Toneladas) e Valor (Mil Reais) da Produção por Tipo de Lavoura Permanente - 2024 ri xingu.xlsx",Xingu,163405,5666.0
Anapu,-,-,-,-,-,-,7,90,180,-,-,-,5,50,160,13 Xingu,43,"Área colhida (Hectares), Quantidade Produzida (Toneladas) e Valor (Mil Reais) da Produção por Tipo de Lavoura Permanente - 2024 ri xingu",20,"Tabela 43 - Área colhida (Hectares), Quantidade Produzida (Toneladas) e Valor (Mil Reais) da Produção por Tipo de Lavoura Permanente - 2024 ri xingu","..\..\Desktop\tabelas-powerBI\13 Xingu\Tabela 43 - Área colhida (Hectares), Quantidade Produzida (Toneladas) e Valor (Mil Reais) da Produção por Tipo de Lavoura Permanente - 2024 ri xingu.xlsx",Xingu,163405,10113.0
Brasil Novo,-,-,-,-,-,-,-,-,-,15,225,788,1,10,30,13 Xingu,43,"Área colhida (Hectares), Quantidade Produzida (Toneladas) e Valor (Mil Reais) da Produção por Tipo de Lavoura Permanente - 2024 ri xingu",20,"Tabela 43 - Área colhida (Hectares), Quantidade Produzida (Toneladas) e Valor (Mil Reais) da Produção por Tipo de Lavoura Permanente - 2024 ri xingu","..\..\Desktop\tabelas-powerBI\13 Xingu\Tabela 43 - Área colhida (Hectares), Quantidade Produzida (Toneladas) e Valor (Mil Reais) da Produção por Tipo de Lavoura Permanente - 2024 ri xingu.xlsx",Xingu,163405,8391.0
Medicilândia,-,-,-,-,-,-,-,-,-,12,240,1116,12,84,368,13 Xingu,43,"Área colhida (Hectares), Quantidade Produzida (Toneladas) e Valor (Mil Reais) da Produção por Tipo de Lavoura Permanente - 2024 ri xingu",20,"Tabela 43 - Área colhida (Hectares), Quantidade Produzida (Toneladas) e Valor (Mil Reais) da Produção por Tipo de Lavoura Permanente - 2024 ri xingu","..\..\Desktop\tabelas-powerBI\13 Xingu\Tabela 43 - Área colhida (Hectares), Quantidade Produzida (Toneladas) e Valor (Mil Reais) da Produção por Tipo de Lavoura Permanente - 2024 ri xingu.xlsx",Xingu,163405,44540.0
Pacajá,20,19,295,-,-,-,-,-,-,-,-,-,20,130,439,13 Xingu,43,"Área colhida (Hectares), Quantidade Produzida (Toneladas) e Valor (Mil Reais) da Produção por Tipo de Lavoura Permanente - 2024 ri xingu",20,"Tabela 43 - Área colhida (Hectares), Quantidade Produzida (Toneladas) e Valor (Mil Reais) da Produção por Tipo de Lavoura Permanente - 2024 ri xingu","..\..\Desktop\tabelas-powerBI\13 Xingu\Tabela 43 - Área colhida (Hectares), Quantidade Produzida (Toneladas) e Valor (Mil Reais) da Produção por Tipo de Lavoura Permanente - 2024 ri xingu.xlsx",Xingu,163405,7141.0
Placas,-,-,-,-,-,-,-,-,-,-,-,-,-,-,-,13 Xingu,43,"Área colhida (Hectares), Quantidade Produzida (Toneladas) e Valor (Mil Reais) da Produção por Tipo de Lavoura Permanente - 2024 ri xingu",20,"Tabela 43 - Área colhida (Hectares), Quantidade Produzida (Toneladas) e Valor (Mil Reais) da Produção por Tipo de Lavoura Permanente - 2024 ri xingu","..\..\Desktop\tabelas-powerBI\13 Xingu\Tabela 43 - Área colhida (Hectares), Quantidade Produzida (Toneladas) e Valor (Mil Reais) da Produção por Tipo de Lavoura Permanente - 2024 ri xingu.xlsx",Xingu,163405,14000.0
Porto de Moz,-,-,-,-,-,-,3,54,153,6,96,326,16,143,358,13 Xingu,43,"Área colhida (Hectares), Quantidade Produzida (Toneladas) e Valor (Mil Reais) da Produção por Tipo de Lavoura Permanente - 2024 ri xingu",20,"Tabela 43 - Área colhida (Hectares), Quantidade Produzida (Toneladas) e Valor (Mil Reais) da Produção por Tipo de Lavoura Permanente - 2024 ri xingu","..\..\Desktop\tabelas-powerBI\13 Xingu\Tabela 43 - Área colhida (Hectares), Quantidade Produzida (Toneladas) e Valor (Mil Reais) da Produção por Tipo de Lavoura Permanente - 2024 ri xingu.xlsx",Xingu,163405,12.0
Senador José Porfírio,-,-,-,-,-,-,-,-,-,-,-,-,-,-,-,13 Xingu,43,"Área colhida (Hectares), Quantidade Produzida (Toneladas) e Valor (Mil Reais) da Produção por Tipo de Lavoura Permanente - 2024 ri xingu",20,"Tabela 43 - Área colhida (Hectares), Quantidade Produzida (Toneladas) e Valor (Mil Reais) da Produção por Tipo de Lavoura Permanente - 2024 ri xingu","..\..\Desktop\tabelas-powerBI\13 Xingu\Tabela 43 - Área colhida (Hectares), Quantidade Produzida (Toneladas) e Valor (Mil Reais) da Produção por Tipo de Lavoura Permanente - 2024 ri xingu.xlsx",Xingu,163405,4156.0
Uruará,-,-,-,-,-,-,-,-,-,-,-,-,6,40,200,13 Xingu,43,"Área colhida (Hectares), Quantidade Produzida (Toneladas) e Valor (Mil Reais) da Produção por Tipo de Lavoura Permanente - 2024 ri xingu",20,"Tabela 43 - Área colhida (Hectares), Quantidade Produzida (Toneladas) e Valor (Mil Reais) da Produção por Tipo de Lavoura Permanente - 2024 ri xingu","..\..\Desktop\tabelas-powerBI\13 Xingu\Tabela 43 - Área colhida (Hectares), Quantidade Produzida (Toneladas) e Valor (Mil Reais) da Produção por Tipo de Lavoura Permanente - 2024 ri xingu.xlsx",Xingu,163405,18786.0
Vitória do Xingu,-,-,-,-,-,-,14,140,273,10,166,581,11,120,480,13 Xingu,43,"Área colhida (Hectares), Quantidade Produzida (Toneladas) e Valor (Mil Reais) da Produção por Tipo de Lavoura Permanente - 2024 ri xingu",20,"Tabela 43 - Área colhida (Hectares), Quantidade Produzida (Toneladas) e Valor (Mil Reais) da Produção por Tipo de Lavoura Permanente - 2024 ri xingu","..\..\Desktop\tabelas-powerBI\13 Xingu\Tabela 43 - Área colhida (Hectares), Quantidade Produzida (Toneladas) e Valor (Mil Reais) da Produção por Tipo de Lavoura Permanente - 2024 ri xingu.xlsx",Xingu,163405,5509.0
Fonte: IBGE/PAM,,,,,,,,,,,,,,,,13 Xingu,43,"Área colhida (Hectares), Quantidade Produzida (Toneladas) e Valor (Mil Reais) da Produção por Tipo de Lavoura Permanente - 2024 ri xingu",20,"Tabela 43 - Área colhida (Hectares), Quantidade Produzida (Toneladas) e Valor (Mil Reais) da Produção por Tipo de Lavoura Permanente - 2024 ri xingu","..\..\Desktop\tabelas-powerBI\13 Xingu\Tabela 43 - Área colhida (Hectares), Quantidade Produzida (Toneladas) e Valor (Mil Reais) da Produção por Tipo de Lavoura Permanente - 2024 ri xingu.xlsx",Xingu,163405,
Elaboração: FAPESPA,,,,,,,,,,,,,,,,13 Xingu,43,"Área colhida (Hectares), Quantidade Produzida (Toneladas) e Valor (Mil Reais) da Produção por Tipo de Lavoura Permanente - 2024 ri xingu",20,"Tabela 43 - Área colhida (Hectares), Quantidade Produzida (Toneladas) e Valor (Mil Reais) da Produção por Tipo de Lavoura Permanente - 2024 ri xingu","..\..\Desktop\tabelas-powerBI\13 Xingu\Tabela 43 - Área colhida (Hectares), Quantidade Produzida (Toneladas) e Valor (Mil Reais) da Produção por Tipo de Lavoura Permanente - 2024 ri xingu.xlsx",Xingu,163405,
Nota: A quantidade produzida de coco-da-baía é expressa em mil frutos ,,,,,,,,,,,,,,,,13 Xingu,43,"Área colhida (Hectares), Quantidade Produzida (Toneladas) e Valor (Mil Reais) da Produção por Tipo de Lavoura Permanente - 2024 ri xingu",20,"Tabela 43 - Área colhida (Hectares), Quantidade Produzida (Toneladas) e Valor (Mil Reais) da Produção por Tipo de Lavoura Permanente - 2024 ri xingu","..\..\Desktop\tabelas-powerBI\13 Xingu\Tabela 43 - Área colhida (Hectares), Quantidade Produzida (Toneladas) e Valor (Mil Reais) da Produção por Tipo de Lavoura Permanente - 2024 ri xingu.xlsx",Xingu,163405,
RI Xingu,20,19,295,0,0,0,32,344,777,47,792,3039,81,687,2365,13 Xingu,43,"Área colhida (Hectares), Quantidade Produzida (Toneladas) e Valor (Mil Reais) da Produção por Tipo de Lavoura Permanente - 2024 ri xingu",20,"Tabela 43 - Área colhida (Hectares), Quantidade Produzida (Toneladas) e Valor (Mil Reais) da Produção por Tipo de Lavoura Permanente - 2024 ri xingu","..\..\Desktop\tabelas-powerBI\13 Xingu\Tabela 43 - Área colhida (Hectares), Quantidade Produzida (Toneladas) e Valor (Mil Reais) da Produção por Tipo de Lavoura Permanente - 2024 ri xingu.xlsx",Xingu,137455,105023.0
Altamira,-,-,-,-,-,-,8,60,171,4,65,228,10,110,330,13 Xingu,43,"Área colhida (Hectares), Quantidade Produzida (Toneladas) e Valor (Mil Reais) da Produção por Tipo de Lavoura Permanente - 2024 ri xingu",20,"Tabela 43 - Área colhida (Hectares), Quantidade Produzida (Toneladas) e Valor (Mil Reais) da Produção por Tipo de Lavoura Permanente - 2024 ri xingu","..\..\Desktop\tabelas-powerBI\13 Xingu\Tabela 43 - Área colhida (Hectares), Quantidade Produzida (Toneladas) e Valor (Mil Reais) da Produção por Tipo de Lavoura Permanente - 2024 ri xingu.xlsx",Xingu,137455,6517.0
Anapu,-,-,-,-,-,-,7,90,180,-,-,-,5,50,160,13 Xingu,43,"Área colhida (Hectares), Quantidade Produzida (Toneladas) e Valor (Mil Reais) da Produção por Tipo de Lavoura Permanente - 2024 ri xingu",20,"Tabela 43 - Área colhida (Hectares), Quantidade Produzida (Toneladas) e Valor (Mil Reais) da Produção por Tipo de Lavoura Permanente - 2024 ri xingu","..\..\Desktop\tabelas-powerBI\13 Xingu\Tabela 43 - Área colhida (Hectares), Quantidade Produzida (Toneladas) e Valor (Mil Reais) da Produção por Tipo de Lavoura Permanente - 2024 ri xingu.xlsx",Xingu,137455,8242.0
Brasil Novo,-,-,-,-,-,-,-,-,-,15,225,788,1,10,30,13 Xingu,43,"Área colhida (Hectares), Quantidade Produzida (Toneladas) e Valor (Mil Reais) da Produção por Tipo de Lavoura Permanente - 2024 ri xingu",20,"Tabela 43 - Área colhida (Hectares), Quantidade Produzida (Toneladas) e Valor (Mil Reais) da Produção por Tipo de Lavoura Permanente - 2024 ri xingu","..\..\Desktop\tabelas-powerBI\13 Xingu\Tabela 43 - Área colhida (Hectares), Quantidade Produzida (Toneladas) e Valor (Mil Reais) da Produção por Tipo de Lavoura Permanente - 2024 ri xingu.xlsx",Xingu,137455,5071.0
Medicilândia,-,-,-,-,-,-,-,-,-,12,240,1116,12,84,368,13 Xingu,43,"Área colhida (Hectares), Quantidade Produzida (Toneladas) e Valor (Mil Reais) da Produção por Tipo de Lavoura Permanente - 2024 ri xingu",20,"Tabela 43 - Área colhida (Hectares), Quantidade Produzida (Toneladas) e Valor (Mil Reais) da Produção por Tipo de Lavoura Permanente - 2024 ri xingu","..\..\Desktop\tabelas-powerBI\13 Xingu\Tabela 43 - Área colhida (Hectares), Quantidade Produzida (Toneladas) e Valor (Mil Reais) da Produção por Tipo de Lavoura Permanente - 2024 ri xingu.xlsx",Xingu,137455,40977.0
Pacajá,20,19,295,-,-,-,-,-,-,-,-,-,20,130,439,13 Xingu,43,"Área colhida (Hectares), Quantidade Produzida (Toneladas) e Valor (Mil Reais) da Produção por Tipo de Lavoura Permanente - 2024 ri xingu",20,"Tabela 43 - Área colhida (Hectares), Quantidade Produzida (Toneladas) e Valor (Mil Reais) da Produção por Tipo de Lavoura Permanente - 2024 ri xingu","..\..\Desktop\tabelas-powerBI\13 Xingu\Tabela 43 - Área colhida (Hectares), Quantidade Produzida (Toneladas) e Valor (Mil Reais) da Produção por Tipo de Lavoura Permanente - 2024 ri xingu.xlsx",Xingu,137455,4655.0
Placas,-,-,-,-,-,-,-,-,-,-,-,-,-,-,-,13 Xingu,43,"Área colhida (Hectares), Quantidade Produzida (Toneladas) e Valor (Mil Reais) da Produção por Tipo de Lavoura Permanente - 2024 ri xingu",20,"Tabela 43 - Área colhida (Hectares), Quantidade Produzida (Toneladas) e Valor (Mil Reais) da Produção por Tipo de Lavoura Permanente - 2024 ri xingu","..\..\Desktop\tabelas-powerBI\13 Xingu\Tabela 43 - Área colhida (Hectares), Quantidade Produzida (Toneladas) e Valor (Mil Reais) da Produção por Tipo de Lavoura Permanente - 2024 ri xingu.xlsx",Xingu,137455,12880.0
Porto de Moz,-,-,-,-,-,-,3,54,153,6,96,326,16,143,358,13 Xingu,43,"Área colhida (Hectares), Quantidade Produzida (Toneladas) e Valor (Mil Reais) da Produção por Tipo de Lavoura Permanente - 2024 ri xingu",20,"Tabela 43 - Área colhida (Hectares), Quantidade Produzida (Toneladas) e Valor (Mil Reais) da Produção por Tipo de Lavoura Permanente - 2024 ri xingu","..\..\Desktop\tabelas-powerBI\13 Xingu\Tabela 43 - Área colhida (Hectares), Quantidade Produzida (Toneladas) e Valor (Mil Reais) da Produção por Tipo de Lavoura Permanente - 2024 ri xingu.xlsx",Xingu,137455,10.0
Senador José Porfírio,-,-,-,-,-,-,-,-,-,-,-,-,-,-,-,13 Xingu,43,"Área colhida (Hectares), Quantidade Produzida (Toneladas) e Valor (Mil Reais) da Produção por Tipo de Lavoura Permanente - 2024 ri xingu",20,"Tabela 43 - Área colhida (Hectares), Quantidade Produzida (Toneladas) e Valor (Mil Reais) da Produção por Tipo de Lavoura Permanente - 2024 ri xingu","..\..\Desktop\tabelas-powerBI\13 Xingu\Tabela 43 - Área colhida (Hectares), Quantidade Produzida (Toneladas) e Valor (Mil Reais) da Produção por Tipo de Lavoura Permanente - 2024 ri xingu.xlsx",Xingu,137455,4605.0
Uruará,-,-,-,-,-,-,-,-,-,-,-,-,6,40,200,13 Xingu,43,"Área colhida (Hectares), Quantidade Produzida (Toneladas) e Valor (Mil Reais) da Produção por Tipo de Lavoura Permanente - 2024 ri xingu",20,"Tabela 43 - Área colhida (Hectares), Quantidade Produzida (Toneladas) e Valor (Mil Reais) da Produção por Tipo de Lavoura Permanente - 2024 ri xingu","..\..\Desktop\tabelas-powerBI\13 Xingu\Tabela 43 - Área colhida (Hectares), Quantidade Produzida (Toneladas) e Valor (Mil Reais) da Produção por Tipo de Lavoura Permanente - 2024 ri xingu.xlsx",Xingu,137455,19312.0
Vitória do Xingu,-,-,-,-,-,-,14,140,273,10,166,581,11,120,480,13 Xingu,43,"Área colhida (Hectares), Quantidade Produzida (Toneladas) e Valor (Mil Reais) da Produção por Tipo de Lavoura Permanente - 2024 ri xingu",20,"Tabela 43 - Área colhida (Hectares), Quantidade Produzida (Toneladas) e Valor (Mil Reais) da Produção por Tipo de Lavoura Permanente - 2024 ri xingu","..\..\Desktop\tabelas-powerBI\13 Xingu\Tabela 43 - Área colhida (Hectares), Quantidade Produzida (Toneladas) e Valor (Mil Reais) da Produção por Tipo de Lavoura Permanente - 2024 ri xingu.xlsx",Xingu,137455,2754.0
Fonte: IBGE/PAM,,,,,,,,,,,,,,,,13 Xingu,43,"Área colhida (Hectares), Quantidade Produzida (Toneladas) e Valor (Mil Reais) da Produção por Tipo de Lavoura Permanente - 2024 ri xingu",20,"Tabela 43 - Área colhida (Hectares), Quantidade Produzida (Toneladas) e Valor (Mil Reais) da Produção por Tipo de Lavoura Permanente - 2024 ri xingu","..\..\Desktop\tabelas-powerBI\13 Xingu\Tabela 43 - Área colhida (Hectares), Quantidade Produzida (Toneladas) e Valor (Mil Reais) da Produção por Tipo de Lavoura Permanente - 2024 ri xingu.xlsx",Xingu,137455,
Elaboração: FAPESPA,,,,,,,,,,,,,,,,13 Xingu,43,"Área colhida (Hectares), Quantidade Produzida (Toneladas) e Valor (Mil Reais) da Produção por Tipo de Lavoura Permanente - 2024 ri xingu",20,"Tabela 43 - Área colhida (Hectares), Quantidade Produzida (Toneladas) e Valor (Mil Reais) da Produção por Tipo de Lavoura Permanente - 2024 ri xingu","..\..\Desktop\tabelas-powerBI\13 Xingu\Tabela 43 - Área colhida (Hectares), Quantidade Produzida (Toneladas) e Valor (Mil Reais) da Produção por Tipo de Lavoura Permanente - 2024 ri xingu.xlsx",Xingu,137455,
Nota: A quantidade produzida de coco-da-baía é expressa em mil frutos ,,,,,,,,,,,,,,,,13 Xingu,43,"Área colhida (Hectares), Quantidade Produzida (Toneladas) e Valor (Mil Reais) da Produção por Tipo de Lavoura Permanente - 2024 ri xingu",20,"Tabela 43 - Área colhida (Hectares), Quantidade Produzida (Toneladas) e Valor (Mil Reais) da Produção por Tipo de Lavoura Permanente - 2024 ri xingu","..\..\Desktop\tabelas-powerBI\13 Xingu\Tabela 43 - Área colhida (Hectares), Quantidade Produzida (Toneladas) e Valor (Mil Reais) da Produção por Tipo de Lavoura Permanente - 2024 ri xingu.xlsx",Xingu,137455,
RI Xingu,20,19,295,0,0,0,32,344,777,47,792,3039,81,687,2365,13 Xingu,43,"Área colhida (Hectares), Quantidade Produzida (Toneladas) e Valor (Mil Reais) da Produção por Tipo de Lavoura Permanente - 2024 ri xingu",20,"Tabela 43 - Área colhida (Hectares), Quantidade Produzida (Toneladas) e Valor (Mil Reais) da Produção por Tipo de Lavoura Permanente - 2024 ri xingu","..\..\Desktop\tabelas-powerBI\13 Xingu\Tabela 43 - Área colhida (Hectares), Quantidade Produzida (Toneladas) e Valor (Mil Reais) da Produção por Tipo de Lavoura Permanente - 2024 ri xingu.xlsx",Xingu,7716788,6040474.0
Altamira,-,-,-,-,-,-,8,60,171,4,65,228,10,110,330,13 Xingu,43,"Área colhida (Hectares), Quantidade Produzida (Toneladas) e Valor (Mil Reais) da Produção por Tipo de Lavoura Permanente - 2024 ri xingu",20,"Tabela 43 - Área colhida (Hectares), Quantidade Produzida (Toneladas) e Valor (Mil Reais) da Produção por Tipo de Lavoura Permanente - 2024 ri xingu","..\..\Desktop\tabelas-powerBI\13 Xingu\Tabela 43 - Área colhida (Hectares), Quantidade Produzida (Toneladas) e Valor (Mil Reais) da Produção por Tipo de Lavoura Permanente - 2024 ri xingu.xlsx",Xingu,7716788,338966.0
Anapu,-,-,-,-,-,-,7,90,180,-,-,-,5,50,160,13 Xingu,43,"Área colhida (Hectares), Quantidade Produzida (Toneladas) e Valor (Mil Reais) da Produção por Tipo de Lavoura Permanente - 2024 ri xingu",20,"Tabela 43 - Área colhida (Hectares), Quantidade Produzida (Toneladas) e Valor (Mil Reais) da Produção por Tipo de Lavoura Permanente - 2024 ri xingu","..\..\Desktop\tabelas-powerBI\13 Xingu\Tabela 43 - Área colhida (Hectares), Quantidade Produzida (Toneladas) e Valor (Mil Reais) da Produção por Tipo de Lavoura Permanente - 2024 ri xingu.xlsx",Xingu,7716788,518010.0
Brasil Novo,-,-,-,-,-,-,-,-,-,15,225,788,1,10,30,13 Xingu,43,"Área colhida (Hectares), Quantidade Produzida (Toneladas) e Valor (Mil Reais) da Produção por Tipo de Lavoura Permanente - 2024 ri xingu",20,"Tabela 43 - Área colhida (Hectares), Quantidade Produzida (Toneladas) e Valor (Mil Reais) da Produção por Tipo de Lavoura Permanente - 2024 ri xingu","..\..\Desktop\tabelas-powerBI\13 Xingu\Tabela 43 - Área colhida (Hectares), Quantidade Produzida (Toneladas) e Valor (Mil Reais) da Produção por Tipo de Lavoura Permanente - 2024 ri xingu.xlsx",Xingu,7716788,291773.0
Medicilândia,-,-,-,-,-,-,-,-,-,12,240,1116,12,84,368,13 Xingu,43,"Área colhida (Hectares), Quantidade Produzida (Toneladas) e Valor (Mil Reais) da Produção por Tipo de Lavoura Permanente - 2024 ri xingu",20,"Tabela 43 - Área colhida (Hectares), Quantidade Produzida (Toneladas) e Valor (Mil Reais) da Produção por Tipo de Lavoura Permanente - 2024 ri xingu","..\..\Desktop\tabelas-powerBI\13 Xingu\Tabela 43 - Área colhida (Hectares), Quantidade Produzida (Toneladas) e Valor (Mil Reais) da Produção por Tipo de Lavoura Permanente - 2024 ri xingu.xlsx",Xingu,7716788,2401357.0
Pacajá,20,19,295,-,-,-,-,-,-,-,-,-,20,130,439,13 Xingu,43,"Área colhida (Hectares), Quantidade Produzida (Toneladas) e Valor (Mil Reais) da Produção por Tipo de Lavoura Permanente - 2024 ri xingu",20,"Tabela 43 - Área colhida (Hectares), Quantidade Produzida (Toneladas) e Valor (Mil Reais) da Produção por Tipo de Lavoura Permanente - 2024 ri xingu","..\..\Desktop\tabelas-powerBI\13 Xingu\Tabela 43 - Área colhida (Hectares), Quantidade Produzida (Toneladas) e Valor (Mil Reais) da Produção por Tipo de Lavoura Permanente - 2024 ri xingu.xlsx",Xingu,7716788,290007.0
Placas,-,-,-,-,-,-,-,-,-,-,-,-,-,-,-,13 Xingu,43,"Área colhida (Hectares), Quantidade Produzida (Toneladas) e Valor (Mil Reais) da Produção por Tipo de Lavoura Permanente - 2024 ri xingu",20,"Tabela 43 - Área colhida (Hectares), Quantidade Produzida (Toneladas) e Valor (Mil Reais) da Produção por Tipo de Lavoura Permanente - 2024 ri xingu","..\..\Desktop\tabelas-powerBI\13 Xingu\Tabela 43 - Área colhida (Hectares), Quantidade Produzida (Toneladas) e Valor (Mil Reais) da Produção por Tipo de Lavoura Permanente - 2024 ri xingu.xlsx",Xingu,7716788,665646.0
Porto de Moz,-,-,-,-,-,-,3,54,153,6,96,326,16,143,358,13 Xingu,43,"Área colhida (Hectares), Quantidade Produzida (Toneladas) e Valor (Mil Reais) da Produção por Tipo de Lavoura Permanente - 2024 ri xingu",20,"Tabela 43 - Área colhida (Hectares), Quantidade Produzida (Toneladas) e Valor (Mil Reais) da Produção por Tipo de Lavoura Permanente - 2024 ri xingu","..\..\Desktop\tabelas-powerBI\13 Xingu\Tabela 43 - Área colhida (Hectares), Quantidade Produzida (Toneladas) e Valor (Mil Reais) da Produção por Tipo de Lavoura Permanente - 2024 ri xingu.xlsx",Xingu,7716788,458.0
Senador José Porfírio,-,-,-,-,-,-,-,-,-,-,-,-,-,-,-,13 Xingu,43,"Área colhida (Hectares), Quantidade Produzida (Toneladas) e Valor (Mil Reais) da Produção por Tipo de Lavoura Permanente - 2024 ri xingu",20,"Tabela 43 - Área colhida (Hectares), Quantidade Produzida (Toneladas) e Valor (Mil Reais) da Produção por Tipo de Lavoura Permanente - 2024 ri xingu","..\..\Desktop\tabelas-powerBI\13 Xingu\Tabela 43 - Área colhida (Hectares), Quantidade Produzida (Toneladas) e Valor (Mil Reais) da Produção por Tipo de Lavoura Permanente - 2024 ri xingu.xlsx",Xingu,7716788,277221.0
Uruará,-,-,-,-,-,-,-,-,-,-,-,-,6,40,200,13 Xingu,43,"Área colhida (Hectares), Quantidade Produzida (Toneladas) e Valor (Mil Reais) da Produção por Tipo de Lavoura Permanente - 2024 ri xingu",20,"Tabela 43 - Área colhida (Hectares), Quantidade Produzida (Toneladas) e Valor (Mil Reais) da Produção por Tipo de Lavoura Permanente - 2024 ri xingu","..\..\Desktop\tabelas-powerBI\13 Xingu\Tabela 43 - Área colhida (Hectares), Quantidade Produzida (Toneladas) e Valor (Mil Reais) da Produção por Tipo de Lavoura Permanente - 2024 ri xingu.xlsx",Xingu,7716788,1095376.0
Vitória do Xingu,-,-,-,-,-,-,14,140,273,10,166,581,11,120,480,13 Xingu,43,"Área colhida (Hectares), Quantidade Produzida (Toneladas) e Valor (Mil Reais) da Produção por Tipo de Lavoura Permanente - 2024 ri xingu",20,"Tabela 43 - Área colhida (Hectares), Quantidade Produzida (Toneladas) e Valor (Mil Reais) da Produção por Tipo de Lavoura Permanente - 2024 ri xingu","..\..\Desktop\tabelas-powerBI\13 Xingu\Tabela 43 - Área colhida (Hectares), Quantidade Produzida (Toneladas) e Valor (Mil Reais) da Produção por Tipo de Lavoura Permanente - 2024 ri xingu.xlsx",Xingu,7716788,161660.0
Fonte: IBGE/PAM,,,,,,,,,,,,,,,,13 Xingu,43,"Área colhida (Hectares), Quantidade Produzida (Toneladas) e Valor (Mil Reais) da Produção por Tipo de Lavoura Permanente - 2024 ri xingu",20,"Tabela 43 - Área colhida (Hectares), Quantidade Produzida (Toneladas) e Valor (Mil Reais) da Produção por Tipo de Lavoura Permanente - 2024 ri xingu","..\..\Desktop\tabelas-powerBI\13 Xingu\Tabela 43 - Área colhida (Hectares), Quantidade Produzida (Toneladas) e Valor (Mil Reais) da Produção por Tipo de Lavoura Permanente - 2024 ri xingu.xlsx",Xingu,7716788,
Elaboração: FAPESPA,,,,,,,,,,,,,,,,13 Xingu,43,"Área colhida (Hectares), Quantidade Produzida (Toneladas) e Valor (Mil Reais) da Produção por Tipo de Lavoura Permanente - 2024 ri xingu",20,"Tabela 43 - Área colhida (Hectares), Quantidade Produzida (Toneladas) e Valor (Mil Reais) da Produção por Tipo de Lavoura Permanente - 2024 ri xingu","..\..\Desktop\tabelas-powerBI\13 Xingu\Tabela 43 - Área colhida (Hectares), Quantidade Produzida (Toneladas) e Valor (Mil Reais) da Produção por Tipo de Lavoura Permanente - 2024 ri xingu.xlsx",Xingu,7716788,
Nota: A quantidade produzida de coco-da-baía é expressa em mil frutos ,,,,,,,,,,,,,,,,13 Xingu,43,"Área colhida (Hectares), Quantidade Produzida (Toneladas) e Valor (Mil Reais) da Produção por Tipo de Lavoura Permanente - 2024 ri xingu",20,"Tabela 43 - Área colhida (Hectares), Quantidade Produzida (Toneladas) e Valor (Mil Reais) da Produção por Tipo de Lavoura Permanente - 2024 ri xingu","..\..\Desktop\tabelas-powerBI\13 Xingu\Tabela 43 - Área colhida (Hectares), Quantidade Produzida (Toneladas) e Valor (Mil Reais) da Produção por Tipo de Lavoura Permanente - 2024 ri xingu.xlsx",Xingu,7716788,
RI Xingu,20,19,295,0,0,0,32,344,777,47,792,3039,81,687,2365,13 Xingu,43,"Área colhida (Hectares), Quantidade Produzida (Toneladas) e Valor (Mil Reais) da Produção por Tipo de Lavoura Permanente - 2024 ri xingu",20,"Tabela 43 - Área colhida (Hectares), Quantidade Produzida (Toneladas) e Valor (Mil Reais) da Produção por Tipo de Lavoura Permanente - 2024 ri xingu","..\..\Desktop\tabelas-powerBI\13 Xingu\Tabela 43 - Área colhida (Hectares), Quantidade Produzida (Toneladas) e Valor (Mil Reais) da Produção por Tipo de Lavoura Permanente - 2024 ri xingu.xlsx",Xingu,16868,236.0
Altamira,-,-,-,-,-,-,8,60,171,4,65,228,10,110,330,13 Xingu,43,"Área colhida (Hectares), Quantidade Produzida (Toneladas) e Valor (Mil Reais) da Produção por Tipo de Lavoura Permanente - 2024 ri xingu",20,"Tabela 43 - Área colhida (Hectares), Quantidade Produzida (Toneladas) e Valor (Mil Reais) da Produção por Tipo de Lavoura Permanente - 2024 ri xingu","..\..\Desktop\tabelas-powerBI\13 Xingu\Tabela 43 - Área colhida (Hectares), Quantidade Produzida (Toneladas) e Valor (Mil Reais) da Produção por Tipo de Lavoura Permanente - 2024 ri xingu.xlsx",Xingu,16868,15.0
Anapu,-,-,-,-,-,-,7,90,180,-,-,-,5,50,160,13 Xingu,43,"Área colhida (Hectares), Quantidade Produzida (Toneladas) e Valor (Mil Reais) da Produção por Tipo de Lavoura Permanente - 2024 ri xingu",20,"Tabela 43 - Área colhida (Hectares), Quantidade Produzida (Toneladas) e Valor (Mil Reais) da Produção por Tipo de Lavoura Permanente - 2024 ri xingu","..\..\Desktop\tabelas-powerBI\13 Xingu\Tabela 43 - Área colhida (Hectares), Quantidade Produzida (Toneladas) e Valor (Mil Reais) da Produção por Tipo de Lavoura Permanente - 2024 ri xingu.xlsx",Xingu,16868,77.0
Brasil Novo,-,-,-,-,-,-,-,-,-,15,225,788,1,10,30,13 Xingu,43,"Área colhida (Hectares), Quantidade Produzida (Toneladas) e Valor (Mil Reais) da Produção por Tipo de Lavoura Permanente - 2024 ri xingu",20,"Tabela 43 - Área colhida (Hectares), Quantidade Produzida (Toneladas) e Valor (Mil Reais) da Produção por Tipo de Lavoura Permanente - 2024 ri xingu","..\..\Desktop\tabelas-powerBI\13 Xingu\Tabela 43 - Área colhida (Hectares), Quantidade Produzida (Toneladas) e Valor (Mil Reais) da Produção por Tipo de Lavoura Permanente - 2024 ri xingu.xlsx",Xingu,16868,5.0
Medicilândia,-,-,-,-,-,-,-,-,-,12,240,1116,12,84,368,13 Xingu,43,"Área colhida (Hectares), Quantidade Produzida (Toneladas) e Valor (Mil Reais) da Produção por Tipo de Lavoura Permanente - 2024 ri xingu",20,"Tabela 43 - Área colhida (Hectares), Quantidade Produzida (Toneladas) e Valor (Mil Reais) da Produção por Tipo de Lavoura Permanente - 2024 ri xingu","..\..\Desktop\tabelas-powerBI\13 Xingu\Tabela 43 - Área colhida (Hectares), Quantidade Produzida (Toneladas) e Valor (Mil Reais) da Produção por Tipo de Lavoura Permanente - 2024 ri xingu.xlsx",Xingu,16868,20.0
Pacajá,20,19,295,-,-,-,-,-,-,-,-,-,20,130,439,13 Xingu,43,"Área colhida (Hectares), Quantidade Produzida (Toneladas) e Valor (Mil Reais) da Produção por Tipo de Lavoura Permanente - 2024 ri xingu",20,"Tabela 43 - Área colhida (Hectares), Quantidade Produzida (Toneladas) e Valor (Mil Reais) da Produção por Tipo de Lavoura Permanente - 2024 ri xingu","..\..\Desktop\tabelas-powerBI\13 Xingu\Tabela 43 - Área colhida (Hectares), Quantidade Produzida (Toneladas) e Valor (Mil Reais) da Produção por Tipo de Lavoura Permanente - 2024 ri xingu.xlsx",Xingu,16868,15.0
Placas,-,-,-,-,-,-,-,-,-,-,-,-,-,-,-,13 Xingu,43,"Área colhida (Hectares), Quantidade Produzida (Toneladas) e Valor (Mil Reais) da Produção por Tipo de Lavoura Permanente - 2024 ri xingu",20,"Tabela 43 - Área colhida (Hectares), Quantidade Produzida (Toneladas) e Valor (Mil Reais) da Produção por Tipo de Lavoura Permanente - 2024 ri xingu","..\..\Desktop\tabelas-powerBI\13 Xingu\Tabela 43 - Área colhida (Hectares), Quantidade Produzida (Toneladas) e Valor (Mil Reais) da Produção por Tipo de Lavoura Permanente - 2024 ri xingu.xlsx",Xingu,16868,4.0
Porto de Moz,-,-,-,-,-,-,3,54,153,6,96,326,16,143,358,13 Xingu,43,"Área colhida (Hectares), Quantidade Produzida (Toneladas) e Valor (Mil Reais) da Produção por Tipo de Lavoura Permanente - 2024 ri xingu",20,"Tabela 43 - Área colhida (Hectares), Quantidade Produzida (Toneladas) e Valor (Mil Reais) da Produção por Tipo de Lavoura Permanente - 2024 ri xingu","..\..\Desktop\tabelas-powerBI\13 Xingu\Tabela 43 - Área colhida (Hectares), Quantidade Produzida (Toneladas) e Valor (Mil Reais) da Produção por Tipo de Lavoura Permanente - 2024 ri xingu.xlsx",Xingu,16868,65.0
Senador José Porfírio,-,-,-,-,-,-,-,-,-,-,-,-,-,-,-,13 Xingu,43,"Área colhida (Hectares), Quantidade Produzida (Toneladas) e Valor (Mil Reais) da Produção por Tipo de Lavoura Permanente - 2024 ri xingu",20,"Tabela 43 - Área colhida (Hectares), Quantidade Produzida (Toneladas) e Valor (Mil Reais) da Produção por Tipo de Lavoura Permanente - 2024 ri xingu","..\..\Desktop\tabelas-powerBI\13 Xingu\Tabela 43 - Área colhida (Hectares), Quantidade Produzida (Toneladas) e Valor (Mil Reais) da Produção por Tipo de Lavoura Permanente - 2024 ri xingu.xlsx",Xingu,16868,25.0
Uruará,-,-,-,-,-,-,-,-,-,-,-,-,6,40,200,13 Xingu,43,"Área colhida (Hectares), Quantidade Produzida (Toneladas) e Valor (Mil Reais) da Produção por Tipo de Lavoura Permanente - 2024 ri xingu",20,"Tabela 43 - Área colhida (Hectares), Quantidade Produzida (Toneladas) e Valor (Mil Reais) da Produção por Tipo de Lavoura Permanente - 2024 ri xingu","..\..\Desktop\tabelas-powerBI\13 Xingu\Tabela 43 - Área colhida (Hectares), Quantidade Produzida (Toneladas) e Valor (Mil Reais) da Produção por Tipo de Lavoura Permanente - 2024 ri xingu.xlsx",Xingu,16868,10.0
Vitória do Xingu,-,-,-,-,-,-,14,140,273,10,166,581,11,120,480,13 Xingu,43,"Área colhida (Hectares), Quantidade Produzida (Toneladas) e Valor (Mil Reais) da Produção por Tipo de Lavoura Permanente - 2024 ri xingu",20,"Tabela 43 - Área colhida (Hectares), Quantidade Produzida (Toneladas) e Valor (Mil Reais) da Produção por Tipo de Lavoura Permanente - 2024 ri xingu","..\..\Desktop\tabelas-powerBI\13 Xingu\Tabela 43 - Área colhida (Hectares), Quantidade Produzida (Toneladas) e Valor (Mil Reais) da Produção por Tipo de Lavoura Permanente - 2024 ri xingu.xlsx",Xingu,16868,
Fonte: IBGE/PAM,,,,,,,,,,,,,,,,13 Xingu,43,"Área colhida (Hectares), Quantidade Produzida (Toneladas) e Valor (Mil Reais) da Produção por Tipo de Lavoura Permanente - 2024 ri xingu",20,"Tabela 43 - Área colhida (Hectares), Quantidade Produzida (Toneladas) e Valor (Mil Reais) da Produção por Tipo de Lavoura Permanente - 2024 ri xingu","..\..\Desktop\tabelas-powerBI\13 Xingu\Tabela 43 - Área colhida (Hectares), Quantidade Produzida (Toneladas) e Valor (Mil Reais) da Produção por Tipo de Lavoura Permanente - 2024 ri xingu.xlsx",Xingu,16868,
Elaboração: FAPESPA,,,,,,,,,,,,,,,,13 Xingu,43,"Área colhida (Hectares), Quantidade Produzida (Toneladas) e Valor (Mil Reais) da Produção por Tipo de Lavoura Permanente - 2024 ri xingu",20,"Tabela 43 - Área colhida (Hectares), Quantidade Produzida (Toneladas) e Valor (Mil Reais) da Produção por Tipo de Lavoura Permanente - 2024 ri xingu","..\..\Desktop\tabelas-powerBI\13 Xingu\Tabela 43 - Área colhida (Hectares), Quantidade Produzida (Toneladas) e Valor (Mil Reais) da Produção por Tipo de Lavoura Permanente - 2024 ri xingu.xlsx",Xingu,16868,
Nota: A quantidade produzida de coco-da-baía é expressa em mil frutos ,,,,,,,,,,,,,,,,13 Xingu,43,"Área colhida (Hectares), Quantidade Produzida (Toneladas) e Valor (Mil Reais) da Produção por Tipo de Lavoura Permanente - 2024 ri xingu",20,"Tabela 43 - Área colhida (Hectares), Quantidade Produzida (Toneladas) e Valor (Mil Reais) da Produção por Tipo de Lavoura Permanente - 2024 ri xingu","..\..\Desktop\tabelas-powerBI\13 Xingu\Tabela 43 - Área colhida (Hectares), Quantidade Produzida (Toneladas) e Valor (Mil Reais) da Produção por Tipo de Lavoura Permanente - 2024 ri xingu.xlsx",Xingu,16868,
RI Xingu,20,19,295,0,0,0,32,344,777,47,792,3039,81,687,2365,13 Xingu,43,"Área colhida (Hectares), Quantidade Produzida (Toneladas) e Valor (Mil Reais) da Produção por Tipo de Lavoura Permanente - 2024 ri xingu",20,"Tabela 43 - Área colhida (Hectares), Quantidade Produzida (Toneladas) e Valor (Mil Reais) da Produção por Tipo de Lavoura Permanente - 2024 ri xingu","..\..\Desktop\tabelas-powerBI\13 Xingu\Tabela 43 - Área colhida (Hectares), Quantidade Produzida (Toneladas) e Valor (Mil Reais) da Produção por Tipo de Lavoura Permanente - 2024 ri xingu.xlsx",Xingu,169935,2707.0
Altamira,-,-,-,-,-,-,8,60,171,4,65,228,10,110,330,13 Xingu,43,"Área colhida (Hectares), Quantidade Produzida (Toneladas) e Valor (Mil Reais) da Produção por Tipo de Lavoura Permanente - 2024 ri xingu",20,"Tabela 43 - Área colhida (Hectares), Quantidade Produzida (Toneladas) e Valor (Mil Reais) da Produção por Tipo de Lavoura Permanente - 2024 ri xingu","..\..\Desktop\tabelas-powerBI\13 Xingu\Tabela 43 - Área colhida (Hectares), Quantidade Produzida (Toneladas) e Valor (Mil Reais) da Produção por Tipo de Lavoura Permanente - 2024 ri xingu.xlsx",Xingu,169935,180.0
Anapu,-,-,-,-,-,-,7,90,180,-,-,-,5,50,160,13 Xingu,43,"Área colhida (Hectares), Quantidade Produzida (Toneladas) e Valor (Mil Reais) da Produção por Tipo de Lavoura Permanente - 2024 ri xingu",20,"Tabela 43 - Área colhida (Hectares), Quantidade Produzida (Toneladas) e Valor (Mil Reais) da Produção por Tipo de Lavoura Permanente - 2024 ri xingu","..\..\Desktop\tabelas-powerBI\13 Xingu\Tabela 43 - Área colhida (Hectares), Quantidade Produzida (Toneladas) e Valor (Mil Reais) da Produção por Tipo de Lavoura Permanente - 2024 ri xingu.xlsx",Xingu,169935,924.0
Brasil Novo,-,-,-,-,-,-,-,-,-,15,225,788,1,10,30,13 Xingu,43,"Área colhida (Hectares), Quantidade Produzida (Toneladas) e Valor (Mil Reais) da Produção por Tipo de Lavoura Permanente - 2024 ri xingu",20,"Tabela 43 - Área colhida (Hectares), Quantidade Produzida (Toneladas) e Valor (Mil Reais) da Produção por Tipo de Lavoura Permanente - 2024 ri xingu","..\..\Desktop\tabelas-powerBI\13 Xingu\Tabela 43 - Área colhida (Hectares), Quantidade Produzida (Toneladas) e Valor (Mil Reais) da Produção por Tipo de Lavoura Permanente - 2024 ri xingu.xlsx",Xingu,169935,60.0
Medicilândia,-,-,-,-,-,-,-,-,-,12,240,1116,12,84,368,13 Xingu,43,"Área colhida (Hectares), Quantidade Produzida (Toneladas) e Valor (Mil Reais) da Produção por Tipo de Lavoura Permanente - 2024 ri xingu",20,"Tabela 43 - Área colhida (Hectares), Quantidade Produzida (Toneladas) e Valor (Mil Reais) da Produção por Tipo de Lavoura Permanente - 2024 ri xingu","..\..\Desktop\tabelas-powerBI\13 Xingu\Tabela 43 - Área colhida (Hectares), Quantidade Produzida (Toneladas) e Valor (Mil Reais) da Produção por Tipo de Lavoura Permanente - 2024 ri xingu.xlsx",Xingu,169935,300.0
Pacajá,20,19,295,-,-,-,-,-,-,-,-,-,20,130,439,13 Xingu,43,"Área colhida (Hectares), Quantidade Produzida (Toneladas) e Valor (Mil Reais) da Produção por Tipo de Lavoura Permanente - 2024 ri xingu",20,"Tabela 43 - Área colhida (Hectares), Quantidade Produzida (Toneladas) e Valor (Mil Reais) da Produção por Tipo de Lavoura Permanente - 2024 ri xingu","..\..\Desktop\tabelas-powerBI\13 Xingu\Tabela 43 - Área colhida (Hectares), Quantidade Produzida (Toneladas) e Valor (Mil Reais) da Produção por Tipo de Lavoura Permanente - 2024 ri xingu.xlsx",Xingu,169935,180.0
Placas,-,-,-,-,-,-,-,-,-,-,-,-,-,-,-,13 Xingu,43,"Área colhida (Hectares), Quantidade Produzida (Toneladas) e Valor (Mil Reais) da Produção por Tipo de Lavoura Permanente - 2024 ri xingu",20,"Tabela 43 - Área colhida (Hectares), Quantidade Produzida (Toneladas) e Valor (Mil Reais) da Produção por Tipo de Lavoura Permanente - 2024 ri xingu","..\..\Desktop\tabelas-powerBI\13 Xingu\Tabela 43 - Área colhida (Hectares), Quantidade Produzida (Toneladas) e Valor (Mil Reais) da Produção por Tipo de Lavoura Permanente - 2024 ri xingu.xlsx",Xingu,169935,28.0
Porto de Moz,-,-,-,-,-,-,3,54,153,6,96,326,16,143,358,13 Xingu,43,"Área colhida (Hectares), Quantidade Produzida (Toneladas) e Valor (Mil Reais) da Produção por Tipo de Lavoura Permanente - 2024 ri xingu",20,"Tabela 43 - Área colhida (Hectares), Quantidade Produzida (Toneladas) e Valor (Mil Reais) da Produção por Tipo de Lavoura Permanente - 2024 ri xingu","..\..\Desktop\tabelas-powerBI\13 Xingu\Tabela 43 - Área colhida (Hectares), Quantidade Produzida (Toneladas) e Valor (Mil Reais) da Produção por Tipo de Lavoura Permanente - 2024 ri xingu.xlsx",Xingu,169935,585.0
Senador José Porfírio,-,-,-,-,-,-,-,-,-,-,-,-,-,-,-,13 Xingu,43,"Área colhida (Hectares), Quantidade Produzida (Toneladas) e Valor (Mil Reais) da Produção por Tipo de Lavoura Permanente - 2024 ri xingu",20,"Tabela 43 - Área colhida (Hectares), Quantidade Produzida (Toneladas) e Valor (Mil Reais) da Produção por Tipo de Lavoura Permanente - 2024 ri xingu","..\..\Desktop\tabelas-powerBI\13 Xingu\Tabela 43 - Área colhida (Hectares), Quantidade Produzida (Toneladas) e Valor (Mil Reais) da Produção por Tipo de Lavoura Permanente - 2024 ri xingu.xlsx",Xingu,169935,300.0
Uruará,-,-,-,-,-,-,-,-,-,-,-,-,6,40,200,13 Xingu,43,"Área colhida (Hectares), Quantidade Produzida (Toneladas) e Valor (Mil Reais) da Produção por Tipo de Lavoura Permanente - 2024 ri xingu",20,"Tabela 43 - Área colhida (Hectares), Quantidade Produzida (Toneladas) e Valor (Mil Reais) da Produção por Tipo de Lavoura Permanente - 2024 ri xingu","..\..\Desktop\tabelas-powerBI\13 Xingu\Tabela 43 - Área colhida (Hectares), Quantidade Produzida (Toneladas) e Valor (Mil Reais) da Produção por Tipo de Lavoura Permanente - 2024 ri xingu.xlsx",Xingu,169935,150.0
Vitória do Xingu,-,-,-,-,-,-,14,140,273,10,166,581,11,120,480,13 Xingu,43,"Área colhida (Hectares), Quantidade Produzida (Toneladas) e Valor (Mil Reais) da Produção por Tipo de Lavoura Permanente - 2024 ri xingu",20,"Tabela 43 - Área colhida (Hectares), Quantidade Produzida (Toneladas) e Valor (Mil Reais) da Produção por Tipo de Lavoura Permanente - 2024 ri xingu","..\..\Desktop\tabelas-powerBI\13 Xingu\Tabela 43 - Área colhida (Hectares), Quantidade Produzida (Toneladas) e Valor (Mil Reais) da Produção por Tipo de Lavoura Permanente - 2024 ri xingu.xlsx",Xingu,169935,
Fonte: IBGE/PAM,,,,,,,,,,,,,,,,13 Xingu,43,"Área colhida (Hectares), Quantidade Produzida (Toneladas) e Valor (Mil Reais) da Produção por Tipo de Lavoura Permanente - 2024 ri xingu",20,"Tabela 43 - Área colhida (Hectares), Quantidade Produzida (Toneladas) e Valor (Mil Reais) da Produção por Tipo de Lavoura Permanente - 2024 ri xingu","..\..\Desktop\tabelas-powerBI\13 Xingu\Tabela 43 - Área colhida (Hectares), Quantidade Produzida (Toneladas) e Valor (Mil Reais) da Produção por Tipo de Lavoura Permanente - 2024 ri xingu.xlsx",Xingu,169935,
Elaboração: FAPESPA,,,,,,,,,,,,,,,,13 Xingu,43,"Área colhida (Hectares), Quantidade Produzida (Toneladas) e Valor (Mil Reais) da Produção por Tipo de Lavoura Permanente - 2024 ri xingu",20,"Tabela 43 - Área colhida (Hectares), Quantidade Produzida (Toneladas) e Valor (Mil Reais) da Produção por Tipo de Lavoura Permanente - 2024 ri xingu","..\..\Desktop\tabelas-powerBI\13 Xingu\Tabela 43 - Área colhida (Hectares), Quantidade Produzida (Toneladas) e Valor (Mil Reais) da Produção por Tipo de Lavoura Permanente - 2024 ri xingu.xlsx",Xingu,169935,
Nota: A quantidade produzida de coco-da-baía é expressa em mil frutos ,,,,,,,,,,,,,,,,13 Xingu,43,"Área colhida (Hectares), Quantidade Produzida (Toneladas) e Valor (Mil Reais) da Produção por Tipo de Lavoura Permanente - 2024 ri xingu",20,"Tabela 43 - Área colhida (Hectares), Quantidade Produzida (Toneladas) e Valor (Mil Reais) da Produção por Tipo de Lavoura Permanente - 2024 ri xingu","..\..\Desktop\tabelas-powerBI\13 Xingu\Tabela 43 - Área colhida (Hectares), Quantidade Produzida (Toneladas) e Valor (Mil Reais) da Produção por Tipo de Lavoura Permanente - 2024 ri xingu.xlsx",Xingu,169935,
RI Xingu,20,19,295,0,0,0,32,344,777,47,792,3039,81,687,2365,13 Xingu,43,"Área colhida (Hectares), Quantidade Produzida (Toneladas) e Valor (Mil Reais) da Produção por Tipo de Lavoura Permanente - 2024 ri xingu",20,"Tabela 43 - Área colhida (Hectares), Quantidade Produzida (Toneladas) e Valor (Mil Reais) da Produção por Tipo de Lavoura Permanente - 2024 ri xingu","..\..\Desktop\tabelas-powerBI\13 Xingu\Tabela 43 - Área colhida (Hectares), Quantidade Produzida (Toneladas) e Valor (Mil Reais) da Produção por Tipo de Lavoura Permanente - 2024 ri xingu.xlsx",Xingu,254341,3929.0
Altamira,-,-,-,-,-,-,8,60,171,4,65,228,10,110,330,13 Xingu,43,"Área colhida (Hectares), Quantidade Produzida (Toneladas) e Valor (Mil Reais) da Produção por Tipo de Lavoura Permanente - 2024 ri xingu",20,"Tabela 43 - Área colhida (Hectares), Quantidade Produzida (Toneladas) e Valor (Mil Reais) da Produção por Tipo de Lavoura Permanente - 2024 ri xingu","..\..\Desktop\tabelas-powerBI\13 Xingu\Tabela 43 - Área colhida (Hectares), Quantidade Produzida (Toneladas) e Valor (Mil Reais) da Produção por Tipo de Lavoura Permanente - 2024 ri xingu.xlsx",Xingu,254341,270.0
Anapu,-,-,-,-,-,-,7,90,180,-,-,-,5,50,160,13 Xingu,43,"Área colhida (Hectares), Quantidade Produzida (Toneladas) e Valor (Mil Reais) da Produção por Tipo de Lavoura Permanente - 2024 ri xingu",20,"Tabela 43 - Área colhida (Hectares), Quantidade Produzida (Toneladas) e Valor (Mil Reais) da Produção por Tipo de Lavoura Permanente - 2024 ri xingu","..\..\Desktop\tabelas-powerBI\13 Xingu\Tabela 43 - Área colhida (Hectares), Quantidade Produzida (Toneladas) e Valor (Mil Reais) da Produção por Tipo de Lavoura Permanente - 2024 ri xingu.xlsx",Xingu,254341,1386.0
Brasil Novo,-,-,-,-,-,-,-,-,-,15,225,788,1,10,30,13 Xingu,43,"Área colhida (Hectares), Quantidade Produzida (Toneladas) e Valor (Mil Reais) da Produção por Tipo de Lavoura Permanente - 2024 ri xingu",20,"Tabela 43 - Área colhida (Hectares), Quantidade Produzida (Toneladas) e Valor (Mil Reais) da Produção por Tipo de Lavoura Permanente - 2024 ri xingu","..\..\Desktop\tabelas-powerBI\13 Xingu\Tabela 43 - Área colhida (Hectares), Quantidade Produzida (Toneladas) e Valor (Mil Reais) da Produção por Tipo de Lavoura Permanente - 2024 ri xingu.xlsx",Xingu,254341,90.0
Medicilândia,-,-,-,-,-,-,-,-,-,12,240,1116,12,84,368,13 Xingu,43,"Área colhida (Hectares), Quantidade Produzida (Toneladas) e Valor (Mil Reais) da Produção por Tipo de Lavoura Permanente - 2024 ri xingu",20,"Tabela 43 - Área colhida (Hectares), Quantidade Produzida (Toneladas) e Valor (Mil Reais) da Produção por Tipo de Lavoura Permanente - 2024 ri xingu","..\..\Desktop\tabelas-powerBI\13 Xingu\Tabela 43 - Área colhida (Hectares), Quantidade Produzida (Toneladas) e Valor (Mil Reais) da Produção por Tipo de Lavoura Permanente - 2024 ri xingu.xlsx",Xingu,254341,540.0
Pacajá,20,19,295,-,-,-,-,-,-,-,-,-,20,130,439,13 Xingu,43,"Área colhida (Hectares), Quantidade Produzida (Toneladas) e Valor (Mil Reais) da Produção por Tipo de Lavoura Permanente - 2024 ri xingu",20,"Tabela 43 - Área colhida (Hectares), Quantidade Produzida (Toneladas) e Valor (Mil Reais) da Produção por Tipo de Lavoura Permanente - 2024 ri xingu","..\..\Desktop\tabelas-powerBI\13 Xingu\Tabela 43 - Área colhida (Hectares), Quantidade Produzida (Toneladas) e Valor (Mil Reais) da Produção por Tipo de Lavoura Permanente - 2024 ri xingu.xlsx",Xingu,254341,360.0
Placas,-,-,-,-,-,-,-,-,-,-,-,-,-,-,-,13 Xingu,43,"Área colhida (Hectares), Quantidade Produzida (Toneladas) e Valor (Mil Reais) da Produção por Tipo de Lavoura Permanente - 2024 ri xingu",20,"Tabela 43 - Área colhida (Hectares), Quantidade Produzida (Toneladas) e Valor (Mil Reais) da Produção por Tipo de Lavoura Permanente - 2024 ri xingu","..\..\Desktop\tabelas-powerBI\13 Xingu\Tabela 43 - Área colhida (Hectares), Quantidade Produzida (Toneladas) e Valor (Mil Reais) da Produção por Tipo de Lavoura Permanente - 2024 ri xingu.xlsx",Xingu,254341,28.0
Porto de Moz,-,-,-,-,-,-,3,54,153,6,96,326,16,143,358,13 Xingu,43,"Área colhida (Hectares), Quantidade Produzida (Toneladas) e Valor (Mil Reais) da Produção por Tipo de Lavoura Permanente - 2024 ri xingu",20,"Tabela 43 - Área colhida (Hectares), Quantidade Produzida (Toneladas) e Valor (Mil Reais) da Produção por Tipo de Lavoura Permanente - 2024 ri xingu","..\..\Desktop\tabelas-powerBI\13 Xingu\Tabela 43 - Área colhida (Hectares), Quantidade Produzida (Toneladas) e Valor (Mil Reais) da Produção por Tipo de Lavoura Permanente - 2024 ri xingu.xlsx",Xingu,254341,655.0
Senador José Porfírio,-,-,-,-,-,-,-,-,-,-,-,-,-,-,-,13 Xingu,43,"Área colhida (Hectares), Quantidade Produzida (Toneladas) e Valor (Mil Reais) da Produção por Tipo de Lavoura Permanente - 2024 ri xingu",20,"Tabela 43 - Área colhida (Hectares), Quantidade Produzida (Toneladas) e Valor (Mil Reais) da Produção por Tipo de Lavoura Permanente - 2024 ri xingu","..\..\Desktop\tabelas-powerBI\13 Xingu\Tabela 43 - Área colhida (Hectares), Quantidade Produzida (Toneladas) e Valor (Mil Reais) da Produção por Tipo de Lavoura Permanente - 2024 ri xingu.xlsx",Xingu,254341,450.0
Uruará,-,-,-,-,-,-,-,-,-,-,-,-,6,40,200,13 Xingu,43,"Área colhida (Hectares), Quantidade Produzida (Toneladas) e Valor (Mil Reais) da Produção por Tipo de Lavoura Permanente - 2024 ri xingu",20,"Tabela 43 - Área colhida (Hectares), Quantidade Produzida (Toneladas) e Valor (Mil Reais) da Produção por Tipo de Lavoura Permanente - 2024 ri xingu","..\..\Desktop\tabelas-powerBI\13 Xingu\Tabela 43 - Área colhida (Hectares), Quantidade Produzida (Toneladas) e Valor (Mil Reais) da Produção por Tipo de Lavoura Permanente - 2024 ri xingu.xlsx",Xingu,254341,150.0
Vitória do Xingu,-,-,-,-,-,-,14,140,273,10,166,581,11,120,480,13 Xingu,43,"Área colhida (Hectares), Quantidade Produzida (Toneladas) e Valor (Mil Reais) da Produção por Tipo de Lavoura Permanente - 2024 ri xingu",20,"Tabela 43 - Área colhida (Hectares), Quantidade Produzida (Toneladas) e Valor (Mil Reais) da Produção por Tipo de Lavoura Permanente - 2024 ri xingu","..\..\Desktop\tabelas-powerBI\13 Xingu\Tabela 43 - Área colhida (Hectares), Quantidade Produzida (Toneladas) e Valor (Mil Reais) da Produção por Tipo de Lavoura Permanente - 2024 ri xingu.xlsx",Xingu,254341,
Fonte: IBGE/PAM,,,,,,,,,,,,,,,,13 Xingu,43,"Área colhida (Hectares), Quantidade Produzida (Toneladas) e Valor (Mil Reais) da Produção por Tipo de Lavoura Permanente - 2024 ri xingu",20,"Tabela 43 - Área colhida (Hectares), Quantidade Produzida (Toneladas) e Valor (Mil Reais) da Produção por Tipo de Lavoura Permanente - 2024 ri xingu","..\..\Desktop\tabelas-powerBI\13 Xingu\Tabela 43 - Área colhida (Hectares), Quantidade Produzida (Toneladas) e Valor (Mil Reais) da Produção por Tipo de Lavoura Permanente - 2024 ri xingu.xlsx",Xingu,254341,
Elaboração: FAPESPA,,,,,,,,,,,,,,,,13 Xingu,43,"Área colhida (Hectares), Quantidade Produzida (Toneladas) e Valor (Mil Reais) da Produção por Tipo de Lavoura Permanente - 2024 ri xingu",20,"Tabela 43 - Área colhida (Hectares), Quantidade Produzida (Toneladas) e Valor (Mil Reais) da Produção por Tipo de Lavoura Permanente - 2024 ri xingu","..\..\Desktop\tabelas-powerBI\13 Xingu\Tabela 43 - Área colhida (Hectares), Quantidade Produzida (Toneladas) e Valor (Mil Reais) da Produção por Tipo de Lavoura Permanente - 2024 ri xingu.xlsx",Xingu,254341,
Nota: A quantidade produzida de coco-da-baía é expressa em mil frutos ,,,,,,,,,,,,,,,,13 Xingu,43,"Área colhida (Hectares), Quantidade Produzida (Toneladas) e Valor (Mil Reais) da Produção por Tipo de Lavoura Permanente - 2024 ri xingu",20,"Tabela 43 - Área colhida (Hectares), Quantidade Produzida (Toneladas) e Valor (Mil Reais) da Produção por Tipo de Lavoura Permanente - 2024 ri xingu","..\..\Desktop\tabelas-powerBI\13 Xingu\Tabela 43 - Área colhida (Hectares), Quantidade Produzida (Toneladas) e Valor (Mil Reais) da Produção por Tipo de Lavoura Permanente - 2024 ri xingu.xlsx",Xingu,254341,
RI Xingu,20,19,295,0,0,0,32,344,777,47,792,3039,81,687,2365,13 Xingu,43,"Área colhida (Hectares), Quantidade Produzida (Toneladas) e Valor (Mil Reais) da Produção por Tipo de Lavoura Permanente - 2024 ri xingu",20,"Tabela 43 - Área colhida (Hectares), Quantidade Produzida (Toneladas) e Valor (Mil Reais) da Produção por Tipo de Lavoura Permanente - 2024 ri xingu","..\..\Desktop\tabelas-powerBI\13 Xingu\Tabela 43 - Área colhida (Hectares), Quantidade Produzida (Toneladas) e Valor (Mil Reais) da Produção por Tipo de Lavoura Permanente - 2024 ri xingu.xlsx",Xingu,15091,291.0
Altamira,-,-,-,-,-,-,8,60,171,4,65,228,10,110,330,13 Xingu,43,"Área colhida (Hectares), Quantidade Produzida (Toneladas) e Valor (Mil Reais) da Produção por Tipo de Lavoura Permanente - 2024 ri xingu",20,"Tabela 43 - Área colhida (Hectares), Quantidade Produzida (Toneladas) e Valor (Mil Reais) da Produção por Tipo de Lavoura Permanente - 2024 ri xingu","..\..\Desktop\tabelas-powerBI\13 Xingu\Tabela 43 - Área colhida (Hectares), Quantidade Produzida (Toneladas) e Valor (Mil Reais) da Produção por Tipo de Lavoura Permanente - 2024 ri xingu.xlsx",Xingu,15091,15.0
Anapu,-,-,-,-,-,-,7,90,180,-,-,-,5,50,160,13 Xingu,43,"Área colhida (Hectares), Quantidade Produzida (Toneladas) e Valor (Mil Reais) da Produção por Tipo de Lavoura Permanente - 2024 ri xingu",20,"Tabela 43 - Área colhida (Hectares), Quantidade Produzida (Toneladas) e Valor (Mil Reais) da Produção por Tipo de Lavoura Permanente - 2024 ri xingu","..\..\Desktop\tabelas-powerBI\13 Xingu\Tabela 43 - Área colhida (Hectares), Quantidade Produzida (Toneladas) e Valor (Mil Reais) da Produção por Tipo de Lavoura Permanente - 2024 ri xingu.xlsx",Xingu,15091,35.0
Brasil Novo,-,-,-,-,-,-,-,-,-,15,225,788,1,10,30,13 Xingu,43,"Área colhida (Hectares), Quantidade Produzida (Toneladas) e Valor (Mil Reais) da Produção por Tipo de Lavoura Permanente - 2024 ri xingu",20,"Tabela 43 - Área colhida (Hectares), Quantidade Produzida (Toneladas) e Valor (Mil Reais) da Produção por Tipo de Lavoura Permanente - 2024 ri xingu","..\..\Desktop\tabelas-powerBI\13 Xingu\Tabela 43 - Área colhida (Hectares), Quantidade Produzida (Toneladas) e Valor (Mil Reais) da Produção por Tipo de Lavoura Permanente - 2024 ri xingu.xlsx",Xingu,15091,10.0
Medicilândia,-,-,-,-,-,-,-,-,-,12,240,1116,12,84,368,13 Xingu,43,"Área colhida (Hectares), Quantidade Produzida (Toneladas) e Valor (Mil Reais) da Produção por Tipo de Lavoura Permanente - 2024 ri xingu",20,"Tabela 43 - Área colhida (Hectares), Quantidade Produzida (Toneladas) e Valor (Mil Reais) da Produção por Tipo de Lavoura Permanente - 2024 ri xingu","..\..\Desktop\tabelas-powerBI\13 Xingu\Tabela 43 - Área colhida (Hectares), Quantidade Produzida (Toneladas) e Valor (Mil Reais) da Produção por Tipo de Lavoura Permanente - 2024 ri xingu.xlsx",Xingu,15091,29.0
Pacajá,20,19,295,-,-,-,-,-,-,-,-,-,20,130,439,13 Xingu,43,"Área colhida (Hectares), Quantidade Produzida (Toneladas) e Valor (Mil Reais) da Produção por Tipo de Lavoura Permanente - 2024 ri xingu",20,"Tabela 43 - Área colhida (Hectares), Quantidade Produzida (Toneladas) e Valor (Mil Reais) da Produção por Tipo de Lavoura Permanente - 2024 ri xingu","..\..\Desktop\tabelas-powerBI\13 Xingu\Tabela 43 - Área colhida (Hectares), Quantidade Produzida (Toneladas) e Valor (Mil Reais) da Produção por Tipo de Lavoura Permanente - 2024 ri xingu.xlsx",Xingu,15091,12.0
Placas,-,-,-,-,-,-,-,-,-,-,-,-,-,-,-,13 Xingu,43,"Área colhida (Hectares), Quantidade Produzida (Toneladas) e Valor (Mil Reais) da Produção por Tipo de Lavoura Permanente - 2024 ri xingu",20,"Tabela 43 - Área colhida (Hectares), Quantidade Produzida (Toneladas) e Valor (Mil Reais) da Produção por Tipo de Lavoura Permanente - 2024 ri xingu","..\..\Desktop\tabelas-powerBI\13 Xingu\Tabela 43 - Área colhida (Hectares), Quantidade Produzida (Toneladas) e Valor (Mil Reais) da Produção por Tipo de Lavoura Permanente - 2024 ri xingu.xlsx",Xingu,15091,3.0
Porto de Moz,-,-,-,-,-,-,3,54,153,6,96,326,16,143,358,13 Xingu,43,"Área colhida (Hectares), Quantidade Produzida (Toneladas) e Valor (Mil Reais) da Produção por Tipo de Lavoura Permanente - 2024 ri xingu",20,"Tabela 43 - Área colhida (Hectares), Quantidade Produzida (Toneladas) e Valor (Mil Reais) da Produção por Tipo de Lavoura Permanente - 2024 ri xingu","..\..\Desktop\tabelas-powerBI\13 Xingu\Tabela 43 - Área colhida (Hectares), Quantidade Produzida (Toneladas) e Valor (Mil Reais) da Produção por Tipo de Lavoura Permanente - 2024 ri xingu.xlsx",Xingu,15091,6.0
Senador José Porfírio,-,-,-,-,-,-,-,-,-,-,-,-,-,-,-,13 Xingu,43,"Área colhida (Hectares), Quantidade Produzida (Toneladas) e Valor (Mil Reais) da Produção por Tipo de Lavoura Permanente - 2024 ri xingu",20,"Tabela 43 - Área colhida (Hectares), Quantidade Produzida (Toneladas) e Valor (Mil Reais) da Produção por Tipo de Lavoura Permanente - 2024 ri xingu","..\..\Desktop\tabelas-powerBI\13 Xingu\Tabela 43 - Área colhida (Hectares), Quantidade Produzida (Toneladas) e Valor (Mil Reais) da Produção por Tipo de Lavoura Permanente - 2024 ri xingu.xlsx",Xingu,15091,15.0
Uruará,-,-,-,-,-,-,-,-,-,-,-,-,6,40,200,13 Xingu,43,"Área colhida (Hectares), Quantidade Produzida (Toneladas) e Valor (Mil Reais) da Produção por Tipo de Lavoura Permanente - 2024 ri xingu",20,"Tabela 43 - Área colhida (Hectares), Quantidade Produzida (Toneladas) e Valor (Mil Reais) da Produção por Tipo de Lavoura Permanente - 2024 ri xingu","..\..\Desktop\tabelas-powerBI\13 Xingu\Tabela 43 - Área colhida (Hectares), Quantidade Produzida (Toneladas) e Valor (Mil Reais) da Produção por Tipo de Lavoura Permanente - 2024 ri xingu.xlsx",Xingu,15091,16.0
Vitória do Xingu,-,-,-,-,-,-,14,140,273,10,166,581,11,120,480,13 Xingu,43,"Área colhida (Hectares), Quantidade Produzida (Toneladas) e Valor (Mil Reais) da Produção por Tipo de Lavoura Permanente - 2024 ri xingu",20,"Tabela 43 - Área colhida (Hectares), Quantidade Produzida (Toneladas) e Valor (Mil Reais) da Produção por Tipo de Lavoura Permanente - 2024 ri xingu","..\..\Desktop\tabelas-powerBI\13 Xingu\Tabela 43 - Área colhida (Hectares), Quantidade Produzida (Toneladas) e Valor (Mil Reais) da Produção por Tipo de Lavoura Permanente - 2024 ri xingu.xlsx",Xingu,15091,150.0
Fonte: IBGE/PAM,,,,,,,,,,,,,,,,13 Xingu,43,"Área colhida (Hectares), Quantidade Produzida (Toneladas) e Valor (Mil Reais) da Produção por Tipo de Lavoura Permanente - 2024 ri xingu",20,"Tabela 43 - Área colhida (Hectares), Quantidade Produzida (Toneladas) e Valor (Mil Reais) da Produção por Tipo de Lavoura Permanente - 2024 ri xingu","..\..\Desktop\tabelas-powerBI\13 Xingu\Tabela 43 - Área colhida (Hectares), Quantidade Produzida (Toneladas) e Valor (Mil Reais) da Produção por Tipo de Lavoura Permanente - 2024 ri xingu.xlsx",Xingu,15091,
Elaboração: FAPESPA,,,,,,,,,,,,,,,,13 Xingu,43,"Área colhida (Hectares), Quantidade Produzida (Toneladas) e Valor (Mil Reais) da Produção por Tipo de Lavoura Permanente - 2024 ri xingu",20,"Tabela 43 - Área colhida (Hectares), Quantidade Produzida (Toneladas) e Valor (Mil Reais) da Produção por Tipo de Lavoura Permanente - 2024 ri xingu","..\..\Desktop\tabelas-powerBI\13 Xingu\Tabela 43 - Área colhida (Hectares), Quantidade Produzida (Toneladas) e Valor (Mil Reais) da Produção por Tipo de Lavoura Permanente - 2024 ri xingu.xlsx",Xingu,15091,
Nota: A quantidade produzida de coco-da-baía é expressa em mil frutos ,,,,,,,,,,,,,,,,13 Xingu,43,"Área colhida (Hectares), Quantidade Produzida (Toneladas) e Valor (Mil Reais) da Produção por Tipo de Lavoura Permanente - 2024 ri xingu",20,"Tabela 43 - Área colhida (Hectares), Quantidade Produzida (Toneladas) e Valor (Mil Reais) da Produção por Tipo de Lavoura Permanente - 2024 ri xingu","..\..\Desktop\tabelas-powerBI\13 Xingu\Tabela 43 - Área colhida (Hectares), Quantidade Produzida (Toneladas) e Valor (Mil Reais) da Produção por Tipo de Lavoura Permanente - 2024 ri xingu.xlsx",Xingu,15091,
RI Xingu,20,19,295,0,0,0,32,344,777,47,792,3039,81,687,2365,13 Xingu,43,"Área colhida (Hectares), Quantidade Produzida (Toneladas) e Valor (Mil Reais) da Produção por Tipo de Lavoura Permanente - 2024 ri xingu",20,"Tabela 43 - Área colhida (Hectares), Quantidade Produzida (Toneladas) e Valor (Mil Reais) da Produção por Tipo de Lavoura Permanente - 2024 ri xingu","..\..\Desktop\tabelas-powerBI\13 Xingu\Tabela 43 - Área colhida (Hectares), Quantidade Produzida (Toneladas) e Valor (Mil Reais) da Produção por Tipo de Lavoura Permanente - 2024 ri xingu.xlsx",Xingu,261114,5113.0
Altamira,-,-,-,-,-,-,8,60,171,4,65,228,10,110,330,13 Xingu,43,"Área colhida (Hectares), Quantidade Produzida (Toneladas) e Valor (Mil Reais) da Produção por Tipo de Lavoura Permanente - 2024 ri xingu",20,"Tabela 43 - Área colhida (Hectares), Quantidade Produzida (Toneladas) e Valor (Mil Reais) da Produção por Tipo de Lavoura Permanente - 2024 ri xingu","..\..\Desktop\tabelas-powerBI\13 Xingu\Tabela 43 - Área colhida (Hectares), Quantidade Produzida (Toneladas) e Valor (Mil Reais) da Produção por Tipo de Lavoura Permanente - 2024 ri xingu.xlsx",Xingu,261114,330.0
Anapu,-,-,-,-,-,-,7,90,180,-,-,-,5,50,160,13 Xingu,43,"Área colhida (Hectares), Quantidade Produzida (Toneladas) e Valor (Mil Reais) da Produção por Tipo de Lavoura Permanente - 2024 ri xingu",20,"Tabela 43 - Área colhida (Hectares), Quantidade Produzida (Toneladas) e Valor (Mil Reais) da Produção por Tipo de Lavoura Permanente - 2024 ri xingu","..\..\Desktop\tabelas-powerBI\13 Xingu\Tabela 43 - Área colhida (Hectares), Quantidade Produzida (Toneladas) e Valor (Mil Reais) da Produção por Tipo de Lavoura Permanente - 2024 ri xingu.xlsx",Xingu,261114,360.0
Brasil Novo,-,-,-,-,-,-,-,-,-,15,225,788,1,10,30,13 Xingu,43,"Área colhida (Hectares), Quantidade Produzida (Toneladas) e Valor (Mil Reais) da Produção por Tipo de Lavoura Permanente - 2024 ri xingu",20,"Tabela 43 - Área colhida (Hectares), Quantidade Produzida (Toneladas) e Valor (Mil Reais) da Produção por Tipo de Lavoura Permanente - 2024 ri xingu","..\..\Desktop\tabelas-powerBI\13 Xingu\Tabela 43 - Área colhida (Hectares), Quantidade Produzida (Toneladas) e Valor (Mil Reais) da Produção por Tipo de Lavoura Permanente - 2024 ri xingu.xlsx",Xingu,261114,150.0
Medicilândia,-,-,-,-,-,-,-,-,-,12,240,1116,12,84,368,13 Xingu,43,"Área colhida (Hectares), Quantidade Produzida (Toneladas) e Valor (Mil Reais) da Produção por Tipo de Lavoura Permanente - 2024 ri xingu",20,"Tabela 43 - Área colhida (Hectares), Quantidade Produzida (Toneladas) e Valor (Mil Reais) da Produção por Tipo de Lavoura Permanente - 2024 ri xingu","..\..\Desktop\tabelas-powerBI\13 Xingu\Tabela 43 - Área colhida (Hectares), Quantidade Produzida (Toneladas) e Valor (Mil Reais) da Produção por Tipo de Lavoura Permanente - 2024 ri xingu.xlsx",Xingu,261114,638.0
Pacajá,20,19,295,-,-,-,-,-,-,-,-,-,20,130,439,13 Xingu,43,"Área colhida (Hectares), Quantidade Produzida (Toneladas) e Valor (Mil Reais) da Produção por Tipo de Lavoura Permanente - 2024 ri xingu",20,"Tabela 43 - Área colhida (Hectares), Quantidade Produzida (Toneladas) e Valor (Mil Reais) da Produção por Tipo de Lavoura Permanente - 2024 ri xingu","..\..\Desktop\tabelas-powerBI\13 Xingu\Tabela 43 - Área colhida (Hectares), Quantidade Produzida (Toneladas) e Valor (Mil Reais) da Produção por Tipo de Lavoura Permanente - 2024 ri xingu.xlsx",Xingu,261114,228.0
Placas,-,-,-,-,-,-,-,-,-,-,-,-,-,-,-,13 Xingu,43,"Área colhida (Hectares), Quantidade Produzida (Toneladas) e Valor (Mil Reais) da Produção por Tipo de Lavoura Permanente - 2024 ri xingu",20,"Tabela 43 - Área colhida (Hectares), Quantidade Produzida (Toneladas) e Valor (Mil Reais) da Produção por Tipo de Lavoura Permanente - 2024 ri xingu","..\..\Desktop\tabelas-powerBI\13 Xingu\Tabela 43 - Área colhida (Hectares), Quantidade Produzida (Toneladas) e Valor (Mil Reais) da Produção por Tipo de Lavoura Permanente - 2024 ri xingu.xlsx",Xingu,261114,39.0
Porto de Moz,-,-,-,-,-,-,3,54,153,6,96,326,16,143,358,13 Xingu,43,"Área colhida (Hectares), Quantidade Produzida (Toneladas) e Valor (Mil Reais) da Produção por Tipo de Lavoura Permanente - 2024 ri xingu",20,"Tabela 43 - Área colhida (Hectares), Quantidade Produzida (Toneladas) e Valor (Mil Reais) da Produção por Tipo de Lavoura Permanente - 2024 ri xingu","..\..\Desktop\tabelas-powerBI\13 Xingu\Tabela 43 - Área colhida (Hectares), Quantidade Produzida (Toneladas) e Valor (Mil Reais) da Produção por Tipo de Lavoura Permanente - 2024 ri xingu.xlsx",Xingu,261114,90.0
Senador José Porfírio,-,-,-,-,-,-,-,-,-,-,-,-,-,-,-,13 Xingu,43,"Área colhida (Hectares), Quantidade Produzida (Toneladas) e Valor (Mil Reais) da Produção por Tipo de Lavoura Permanente - 2024 ri xingu",20,"Tabela 43 - Área colhida (Hectares), Quantidade Produzida (Toneladas) e Valor (Mil Reais) da Produção por Tipo de Lavoura Permanente - 2024 ri xingu","..\..\Desktop\tabelas-powerBI\13 Xingu\Tabela 43 - Área colhida (Hectares), Quantidade Produzida (Toneladas) e Valor (Mil Reais) da Produção por Tipo de Lavoura Permanente - 2024 ri xingu.xlsx",Xingu,261114,225.0
Uruará,-,-,-,-,-,-,-,-,-,-,-,-,6,40,200,13 Xingu,43,"Área colhida (Hectares), Quantidade Produzida (Toneladas) e Valor (Mil Reais) da Produção por Tipo de Lavoura Permanente - 2024 ri xingu",20,"Tabela 43 - Área colhida (Hectares), Quantidade Produzida (Toneladas) e Valor (Mil Reais) da Produção por Tipo de Lavoura Permanente - 2024 ri xingu","..\..\Desktop\tabelas-powerBI\13 Xingu\Tabela 43 - Área colhida (Hectares), Quantidade Produzida (Toneladas) e Valor (Mil Reais) da Produção por Tipo de Lavoura Permanente - 2024 ri xingu.xlsx",Xingu,261114,320.0
Vitória do Xingu,-,-,-,-,-,-,14,140,273,10,166,581,11,120,480,13 Xingu,43,"Área colhida (Hectares), Quantidade Produzida (Toneladas) e Valor (Mil Reais) da Produção por Tipo de Lavoura Permanente - 2024 ri xingu",20,"Tabela 43 - Área colhida (Hectares), Quantidade Produzida (Toneladas) e Valor (Mil Reais) da Produção por Tipo de Lavoura Permanente - 2024 ri xingu","..\..\Desktop\tabelas-powerBI\13 Xingu\Tabela 43 - Área colhida (Hectares), Quantidade Produzida (Toneladas) e Valor (Mil Reais) da Produção por Tipo de Lavoura Permanente - 2024 ri xingu.xlsx",Xingu,261114,2733.0
Fonte: IBGE/PAM,,,,,,,,,,,,,,,,13 Xingu,43,"Área colhida (Hectares), Quantidade Produzida (Toneladas) e Valor (Mil Reais) da Produção por Tipo de Lavoura Permanente - 2024 ri xingu",20,"Tabela 43 - Área colhida (Hectares), Quantidade Produzida (Toneladas) e Valor (Mil Reais) da Produção por Tipo de Lavoura Permanente - 2024 ri xingu","..\..\Desktop\tabelas-powerBI\13 Xingu\Tabela 43 - Área colhida (Hectares), Quantidade Produzida (Toneladas) e Valor (Mil Reais) da Produção por Tipo de Lavoura Permanente - 2024 ri xingu.xlsx",Xingu,261114,
Elaboração: FAPESPA,,,,,,,,,,,,,,,,13 Xingu,43,"Área colhida (Hectares), Quantidade Produzida (Toneladas) e Valor (Mil Reais) da Produção por Tipo de Lavoura Permanente - 2024 ri xingu",20,"Tabela 43 - Área colhida (Hectares), Quantidade Produzida (Toneladas) e Valor (Mil Reais) da Produção por Tipo de Lavoura Permanente - 2024 ri xingu","..\..\Desktop\tabelas-powerBI\13 Xingu\Tabela 43 - Área colhida (Hectares), Quantidade Produzida (Toneladas) e Valor (Mil Reais) da Produção por Tipo de Lavoura Permanente - 2024 ri xingu.xlsx",Xingu,261114,
Nota: A quantidade produzida de coco-da-baía é expressa em mil frutos ,,,,,,,,,,,,,,,,13 Xingu,43,"Área colhida (Hectares), Quantidade Produzida (Toneladas) e Valor (Mil Reais) da Produção por Tipo de Lavoura Permanente - 2024 ri xingu",20,"Tabela 43 - Área colhida (Hectares), Quantidade Produzida (Toneladas) e Valor (Mil Reais) da Produção por Tipo de Lavoura Permanente - 2024 ri xingu","..\..\Desktop\tabelas-powerBI\13 Xingu\Tabela 43 - Área colhida (Hectares), Quantidade Produzida (Toneladas) e Valor (Mil Reais) da Produção por Tipo de Lavoura Permanente - 2024 ri xingu.xlsx",Xingu,261114,
RI Xingu,20,19,295,0,0,0,32,344,777,47,792,3039,81,687,2365,13 Xingu,43,"Área colhida (Hectares), Quantidade Produzida (Toneladas) e Valor (Mil Reais) da Produção por Tipo de Lavoura Permanente - 2024 ri xingu",20,"Tabela 43 - Área colhida (Hectares), Quantidade Produzida (Toneladas) e Valor (Mil Reais) da Produção por Tipo de Lavoura Permanente - 2024 ri xingu","..\..\Desktop\tabelas-powerBI\13 Xingu\Tabela 43 - Área colhida (Hectares), Quantidade Produzida (Toneladas) e Valor (Mil Reais) da Produção por Tipo de Lavoura Permanente - 2024 ri xingu.xlsx",Xingu,426150,11761.0
Altamira,-,-,-,-,-,-,8,60,171,4,65,228,10,110,330,13 Xingu,43,"Área colhida (Hectares), Quantidade Produzida (Toneladas) e Valor (Mil Reais) da Produção por Tipo de Lavoura Permanente - 2024 ri xingu",20,"Tabela 43 - Área colhida (Hectares), Quantidade Produzida (Toneladas) e Valor (Mil Reais) da Produção por Tipo de Lavoura Permanente - 2024 ri xingu","..\..\Desktop\tabelas-powerBI\13 Xingu\Tabela 43 - Área colhida (Hectares), Quantidade Produzida (Toneladas) e Valor (Mil Reais) da Produção por Tipo de Lavoura Permanente - 2024 ri xingu.xlsx",Xingu,426150,825.0
Anapu,-,-,-,-,-,-,7,90,180,-,-,-,5,50,160,13 Xingu,43,"Área colhida (Hectares), Quantidade Produzida (Toneladas) e Valor (Mil Reais) da Produção por Tipo de Lavoura Permanente - 2024 ri xingu",20,"Tabela 43 - Área colhida (Hectares), Quantidade Produzida (Toneladas) e Valor (Mil Reais) da Produção por Tipo de Lavoura Permanente - 2024 ri xingu","..\..\Desktop\tabelas-powerBI\13 Xingu\Tabela 43 - Área colhida (Hectares), Quantidade Produzida (Toneladas) e Valor (Mil Reais) da Produção por Tipo de Lavoura Permanente - 2024 ri xingu.xlsx",Xingu,426150,1080.0
Brasil Novo,-,-,-,-,-,-,-,-,-,15,225,788,1,10,30,13 Xingu,43,"Área colhida (Hectares), Quantidade Produzida (Toneladas) e Valor (Mil Reais) da Produção por Tipo de Lavoura Permanente - 2024 ri xingu",20,"Tabela 43 - Área colhida (Hectares), Quantidade Produzida (Toneladas) e Valor (Mil Reais) da Produção por Tipo de Lavoura Permanente - 2024 ri xingu","..\..\Desktop\tabelas-powerBI\13 Xingu\Tabela 43 - Área colhida (Hectares), Quantidade Produzida (Toneladas) e Valor (Mil Reais) da Produção por Tipo de Lavoura Permanente - 2024 ri xingu.xlsx",Xingu,426150,405.0
Medicilândia,-,-,-,-,-,-,-,-,-,12,240,1116,12,84,368,13 Xingu,43,"Área colhida (Hectares), Quantidade Produzida (Toneladas) e Valor (Mil Reais) da Produção por Tipo de Lavoura Permanente - 2024 ri xingu",20,"Tabela 43 - Área colhida (Hectares), Quantidade Produzida (Toneladas) e Valor (Mil Reais) da Produção por Tipo de Lavoura Permanente - 2024 ri xingu","..\..\Desktop\tabelas-powerBI\13 Xingu\Tabela 43 - Área colhida (Hectares), Quantidade Produzida (Toneladas) e Valor (Mil Reais) da Produção por Tipo de Lavoura Permanente - 2024 ri xingu.xlsx",Xingu,426150,1786.0
Pacajá,20,19,295,-,-,-,-,-,-,-,-,-,20,130,439,13 Xingu,43,"Área colhida (Hectares), Quantidade Produzida (Toneladas) e Valor (Mil Reais) da Produção por Tipo de Lavoura Permanente - 2024 ri xingu",20,"Tabela 43 - Área colhida (Hectares), Quantidade Produzida (Toneladas) e Valor (Mil Reais) da Produção por Tipo de Lavoura Permanente - 2024 ri xingu","..\..\Desktop\tabelas-powerBI\13 Xingu\Tabela 43 - Área colhida (Hectares), Quantidade Produzida (Toneladas) e Valor (Mil Reais) da Produção por Tipo de Lavoura Permanente - 2024 ri xingu.xlsx",Xingu,426150,684.0
Placas,-,-,-,-,-,-,-,-,-,-,-,-,-,-,-,13 Xingu,43,"Área colhida (Hectares), Quantidade Produzida (Toneladas) e Valor (Mil Reais) da Produção por Tipo de Lavoura Permanente - 2024 ri xingu",20,"Tabela 43 - Área colhida (Hectares), Quantidade Produzida (Toneladas) e Valor (Mil Reais) da Produção por Tipo de Lavoura Permanente - 2024 ri xingu","..\..\Desktop\tabelas-powerBI\13 Xingu\Tabela 43 - Área colhida (Hectares), Quantidade Produzida (Toneladas) e Valor (Mil Reais) da Produção por Tipo de Lavoura Permanente - 2024 ri xingu.xlsx",Xingu,426150,86.0
Porto de Moz,-,-,-,-,-,-,3,54,153,6,96,326,16,143,358,13 Xingu,43,"Área colhida (Hectares), Quantidade Produzida (Toneladas) e Valor (Mil Reais) da Produção por Tipo de Lavoura Permanente - 2024 ri xingu",20,"Tabela 43 - Área colhida (Hectares), Quantidade Produzida (Toneladas) e Valor (Mil Reais) da Produção por Tipo de Lavoura Permanente - 2024 ri xingu","..\..\Desktop\tabelas-powerBI\13 Xingu\Tabela 43 - Área colhida (Hectares), Quantidade Produzida (Toneladas) e Valor (Mil Reais) da Produção por Tipo de Lavoura Permanente - 2024 ri xingu.xlsx",Xingu,426150,114.0
Senador José Porfírio,-,-,-,-,-,-,-,-,-,-,-,-,-,-,-,13 Xingu,43,"Área colhida (Hectares), Quantidade Produzida (Toneladas) e Valor (Mil Reais) da Produção por Tipo de Lavoura Permanente - 2024 ri xingu",20,"Tabela 43 - Área colhida (Hectares), Quantidade Produzida (Toneladas) e Valor (Mil Reais) da Produção por Tipo de Lavoura Permanente - 2024 ri xingu","..\..\Desktop\tabelas-powerBI\13 Xingu\Tabela 43 - Área colhida (Hectares), Quantidade Produzida (Toneladas) e Valor (Mil Reais) da Produção por Tipo de Lavoura Permanente - 2024 ri xingu.xlsx",Xingu,426150,675.0
Uruará,-,-,-,-,-,-,-,-,-,-,-,-,6,40,200,13 Xingu,43,"Área colhida (Hectares), Quantidade Produzida (Toneladas) e Valor (Mil Reais) da Produção por Tipo de Lavoura Permanente - 2024 ri xingu",20,"Tabela 43 - Área colhida (Hectares), Quantidade Produzida (Toneladas) e Valor (Mil Reais) da Produção por Tipo de Lavoura Permanente - 2024 ri xingu","..\..\Desktop\tabelas-powerBI\13 Xingu\Tabela 43 - Área colhida (Hectares), Quantidade Produzida (Toneladas) e Valor (Mil Reais) da Produção por Tipo de Lavoura Permanente - 2024 ri xingu.xlsx",Xingu,426150,640.0
Vitória do Xingu,-,-,-,-,-,-,14,140,273,10,166,581,11,120,480,13 Xingu,43,"Área colhida (Hectares), Quantidade Produzida (Toneladas) e Valor (Mil Reais) da Produção por Tipo de Lavoura Permanente - 2024 ri xingu",20,"Tabela 43 - Área colhida (Hectares), Quantidade Produzida (Toneladas) e Valor (Mil Reais) da Produção por Tipo de Lavoura Permanente - 2024 ri xingu","..\..\Desktop\tabelas-powerBI\13 Xingu\Tabela 43 - Área colhida (Hectares), Quantidade Produzida (Toneladas) e Valor (Mil Reais) da Produção por Tipo de Lavoura Permanente - 2024 ri xingu.xlsx",Xingu,426150,5466.0
Fonte: IBGE/PAM,,,,,,,,,,,,,,,,13 Xingu,43,"Área colhida (Hectares), Quantidade Produzida (Toneladas) e Valor (Mil Reais) da Produção por Tipo de Lavoura Permanente - 2024 ri xingu",20,"Tabela 43 - Área colhida (Hectares), Quantidade Produzida (Toneladas) e Valor (Mil Reais) da Produção por Tipo de Lavoura Permanente - 2024 ri xingu","..\..\Desktop\tabelas-powerBI\13 Xingu\Tabela 43 - Área colhida (Hectares), Quantidade Produzida (Toneladas) e Valor (Mil Reais) da Produção por Tipo de Lavoura Permanente - 2024 ri xingu.xlsx",Xingu,426150,
Elaboração: FAPESPA,,,,,,,,,,,,,,,,13 Xingu,43,"Área colhida (Hectares), Quantidade Produzida (Toneladas) e Valor (Mil Reais) da Produção por Tipo de Lavoura Permanente - 2024 ri xingu",20,"Tabela 43 - Área colhida (Hectares), Quantidade Produzida (Toneladas) e Valor (Mil Reais) da Produção por Tipo de Lavoura Permanente - 2024 ri xingu","..\..\Desktop\tabelas-powerBI\13 Xingu\Tabela 43 - Área colhida (Hectares), Quantidade Produzida (Toneladas) e Valor (Mil Reais) da Produção por Tipo de Lavoura Permanente - 2024 ri xingu.xlsx",Xingu,426150,
Nota: A quantidade produzida de coco-da-baía é expressa em mil frutos ,,,,,,,,,,,,,,,,13 Xingu,43,"Área colhida (Hectares), Quantidade Produzida (Toneladas) e Valor (Mil Reais) da Produção por Tipo de Lavoura Permanente - 2024 ri xingu",20,"Tabela 43 - Área colhida (Hectares), Quantidade Produzida (Toneladas) e Valor (Mil Reais) da Produção por Tipo de Lavoura Permanente - 2024 ri xingu","..\..\Desktop\tabelas-powerBI\13 Xingu\Tabela 43 - Área colhida (Hectares), Quantidade Produzida (Toneladas) e Valor (Mil Reais) da Produção por Tipo de Lavoura Permanente - 2024 ri xingu.xlsx",Xingu,426150,
RI Xingu,20,19,295,0,0,0,32,344,777,47,792,3039,81,687,2365,13 Xingu,43,"Área colhida (Hectares), Quantidade Produzida (Toneladas) e Valor (Mil Reais) da Produção por Tipo de Lavoura Permanente - 2024 ri xingu",20,"Tabela 43 - Área colhida (Hectares), Quantidade Produzida (Toneladas) e Valor (Mil Reais) da Produção por Tipo de Lavoura Permanente - 2024 ri xingu","..\..\Desktop\tabelas-powerBI\13 Xingu\Tabela 43 - Área colhida (Hectares), Quantidade Produzida (Toneladas) e Valor (Mil Reais) da Produção por Tipo de Lavoura Permanente - 2024 ri xingu.xlsx",Xingu,18515,638.0
Altamira,-,-,-,-,-,-,8,60,171,4,65,228,10,110,330,13 Xingu,43,"Área colhida (Hectares), Quantidade Produzida (Toneladas) e Valor (Mil Reais) da Produção por Tipo de Lavoura Permanente - 2024 ri xingu",20,"Tabela 43 - Área colhida (Hectares), Quantidade Produzida (Toneladas) e Valor (Mil Reais) da Produção por Tipo de Lavoura Permanente - 2024 ri xingu","..\..\Desktop\tabelas-powerBI\13 Xingu\Tabela 43 - Área colhida (Hectares), Quantidade Produzida (Toneladas) e Valor (Mil Reais) da Produção por Tipo de Lavoura Permanente - 2024 ri xingu.xlsx",Xingu,18515,5.0
Anapu,-,-,-,-,-,-,7,90,180,-,-,-,5,50,160,13 Xingu,43,"Área colhida (Hectares), Quantidade Produzida (Toneladas) e Valor (Mil Reais) da Produção por Tipo de Lavoura Permanente - 2024 ri xingu",20,"Tabela 43 - Área colhida (Hectares), Quantidade Produzida (Toneladas) e Valor (Mil Reais) da Produção por Tipo de Lavoura Permanente - 2024 ri xingu","..\..\Desktop\tabelas-powerBI\13 Xingu\Tabela 43 - Área colhida (Hectares), Quantidade Produzida (Toneladas) e Valor (Mil Reais) da Produção por Tipo de Lavoura Permanente - 2024 ri xingu.xlsx",Xingu,18515,40.0
Brasil Novo,-,-,-,-,-,-,-,-,-,15,225,788,1,10,30,13 Xingu,43,"Área colhida (Hectares), Quantidade Produzida (Toneladas) e Valor (Mil Reais) da Produção por Tipo de Lavoura Permanente - 2024 ri xingu",20,"Tabela 43 - Área colhida (Hectares), Quantidade Produzida (Toneladas) e Valor (Mil Reais) da Produção por Tipo de Lavoura Permanente - 2024 ri xingu","..\..\Desktop\tabelas-powerBI\13 Xingu\Tabela 43 - Área colhida (Hectares), Quantidade Produzida (Toneladas) e Valor (Mil Reais) da Produção por Tipo de Lavoura Permanente - 2024 ri xingu.xlsx",Xingu,18515,3.0
Medicilândia,-,-,-,-,-,-,-,-,-,12,240,1116,12,84,368,13 Xingu,43,"Área colhida (Hectares), Quantidade Produzida (Toneladas) e Valor (Mil Reais) da Produção por Tipo de Lavoura Permanente - 2024 ri xingu",20,"Tabela 43 - Área colhida (Hectares), Quantidade Produzida (Toneladas) e Valor (Mil Reais) da Produção por Tipo de Lavoura Permanente - 2024 ri xingu","..\..\Desktop\tabelas-powerBI\13 Xingu\Tabela 43 - Área colhida (Hectares), Quantidade Produzida (Toneladas) e Valor (Mil Reais) da Produção por Tipo de Lavoura Permanente - 2024 ri xingu.xlsx",Xingu,18515,18.0
Pacajá,20,19,295,-,-,-,-,-,-,-,-,-,20,130,439,13 Xingu,43,"Área colhida (Hectares), Quantidade Produzida (Toneladas) e Valor (Mil Reais) da Produção por Tipo de Lavoura Permanente - 2024 ri xingu",20,"Tabela 43 - Área colhida (Hectares), Quantidade Produzida (Toneladas) e Valor (Mil Reais) da Produção por Tipo de Lavoura Permanente - 2024 ri xingu","..\..\Desktop\tabelas-powerBI\13 Xingu\Tabela 43 - Área colhida (Hectares), Quantidade Produzida (Toneladas) e Valor (Mil Reais) da Produção por Tipo de Lavoura Permanente - 2024 ri xingu.xlsx",Xingu,18515,44.0
Placas,-,-,-,-,-,-,-,-,-,-,-,-,-,-,-,13 Xingu,43,"Área colhida (Hectares), Quantidade Produzida (Toneladas) e Valor (Mil Reais) da Produção por Tipo de Lavoura Permanente - 2024 ri xingu",20,"Tabela 43 - Área colhida (Hectares), Quantidade Produzida (Toneladas) e Valor (Mil Reais) da Produção por Tipo de Lavoura Permanente - 2024 ri xingu","..\..\Desktop\tabelas-powerBI\13 Xingu\Tabela 43 - Área colhida (Hectares), Quantidade Produzida (Toneladas) e Valor (Mil Reais) da Produção por Tipo de Lavoura Permanente - 2024 ri xingu.xlsx",Xingu,18515,430.0
Porto de Moz,-,-,-,-,-,-,3,54,153,6,96,326,16,143,358,13 Xingu,43,"Área colhida (Hectares), Quantidade Produzida (Toneladas) e Valor (Mil Reais) da Produção por Tipo de Lavoura Permanente - 2024 ri xingu",20,"Tabela 43 - Área colhida (Hectares), Quantidade Produzida (Toneladas) e Valor (Mil Reais) da Produção por Tipo de Lavoura Permanente - 2024 ri xingu","..\..\Desktop\tabelas-powerBI\13 Xingu\Tabela 43 - Área colhida (Hectares), Quantidade Produzida (Toneladas) e Valor (Mil Reais) da Produção por Tipo de Lavoura Permanente - 2024 ri xingu.xlsx",Xingu,18515,18.0
Senador José Porfírio,-,-,-,-,-,-,-,-,-,-,-,-,-,-,-,13 Xingu,43,"Área colhida (Hectares), Quantidade Produzida (Toneladas) e Valor (Mil Reais) da Produção por Tipo de Lavoura Permanente - 2024 ri xingu",20,"Tabela 43 - Área colhida (Hectares), Quantidade Produzida (Toneladas) e Valor (Mil Reais) da Produção por Tipo de Lavoura Permanente - 2024 ri xingu","..\..\Desktop\tabelas-powerBI\13 Xingu\Tabela 43 - Área colhida (Hectares), Quantidade Produzida (Toneladas) e Valor (Mil Reais) da Produção por Tipo de Lavoura Permanente - 2024 ri xingu.xlsx",Xingu,18515,20.0
Uruará,-,-,-,-,-,-,-,-,-,-,-,-,6,40,200,13 Xingu,43,"Área colhida (Hectares), Quantidade Produzida (Toneladas) e Valor (Mil Reais) da Produção por Tipo de Lavoura Permanente - 2024 ri xingu",20,"Tabela 43 - Área colhida (Hectares), Quantidade Produzida (Toneladas) e Valor (Mil Reais) da Produção por Tipo de Lavoura Permanente - 2024 ri xingu","..\..\Desktop\tabelas-powerBI\13 Xingu\Tabela 43 - Área colhida (Hectares), Quantidade Produzida (Toneladas) e Valor (Mil Reais) da Produção por Tipo de Lavoura Permanente - 2024 ri xingu.xlsx",Xingu,18515,50.0
Vitória do Xingu,-,-,-,-,-,-,14,140,273,10,166,581,11,120,480,13 Xingu,43,"Área colhida (Hectares), Quantidade Produzida (Toneladas) e Valor (Mil Reais) da Produção por Tipo de Lavoura Permanente - 2024 ri xingu",20,"Tabela 43 - Área colhida (Hectares), Quantidade Produzida (Toneladas) e Valor (Mil Reais) da Produção por Tipo de Lavoura Permanente - 2024 ri xingu","..\..\Desktop\tabelas-powerBI\13 Xingu\Tabela 43 - Área colhida (Hectares), Quantidade Produzida (Toneladas) e Valor (Mil Reais) da Produção por Tipo de Lavoura Permanente - 2024 ri xingu.xlsx",Xingu,18515,10.0
Fonte: IBGE/PAM,,,,,,,,,,,,,,,,13 Xingu,43,"Área colhida (Hectares), Quantidade Produzida (Toneladas) e Valor (Mil Reais) da Produção por Tipo de Lavoura Permanente - 2024 ri xingu",20,"Tabela 43 - Área colhida (Hectares), Quantidade Produzida (Toneladas) e Valor (Mil Reais) da Produção por Tipo de Lavoura Permanente - 2024 ri xingu","..\..\Desktop\tabelas-powerBI\13 Xingu\Tabela 43 - Área colhida (Hectares), Quantidade Produzida (Toneladas) e Valor (Mil Reais) da Produção por Tipo de Lavoura Permanente - 2024 ri xingu.xlsx",Xingu,18515,
Elaboração: FAPESPA,,,,,,,,,,,,,,,,13 Xingu,43,"Área colhida (Hectares), Quantidade Produzida (Toneladas) e Valor (Mil Reais) da Produção por Tipo de Lavoura Permanente - 2024 ri xingu",20,"Tabela 43 - Área colhida (Hectares), Quantidade Produzida (Toneladas) e Valor (Mil Reais) da Produção por Tipo de Lavoura Permanente - 2024 ri xingu","..\..\Desktop\tabelas-powerBI\13 Xingu\Tabela 43 - Área colhida (Hectares), Quantidade Produzida (Toneladas) e Valor (Mil Reais) da Produção por Tipo de Lavoura Permanente - 2024 ri xingu.xlsx",Xingu,18515,
Nota: A quantidade produzida de coco-da-baía é expressa em mil frutos ,,,,,,,,,,,,,,,,13 Xingu,43,"Área colhida (Hectares), Quantidade Produzida (Toneladas) e Valor (Mil Reais) da Produção por Tipo de Lavoura Permanente - 2024 ri xingu",20,"Tabela 43 - Área colhida (Hectares), Quantidade Produzida (Toneladas) e Valor (Mil Reais) da Produção por Tipo de Lavoura Permanente - 2024 ri xingu","..\..\Desktop\tabelas-powerBI\13 Xingu\Tabela 43 - Área colhida (Hectares), Quantidade Produzida (Toneladas) e Valor (Mil Reais) da Produção por Tipo de Lavoura Permanente - 2024 ri xingu.xlsx",Xingu,18515,
RI Xingu,20,19,295,0,0,0,32,344,777,47,792,3039,81,687,2365,13 Xingu,43,"Área colhida (Hectares), Quantidade Produzida (Toneladas) e Valor (Mil Reais) da Produção por Tipo de Lavoura Permanente - 2024 ri xingu",20,"Tabela 43 - Área colhida (Hectares), Quantidade Produzida (Toneladas) e Valor (Mil Reais) da Produção por Tipo de Lavoura Permanente - 2024 ri xingu","..\..\Desktop\tabelas-powerBI\13 Xingu\Tabela 43 - Área colhida (Hectares), Quantidade Produzida (Toneladas) e Valor (Mil Reais) da Produção por Tipo de Lavoura Permanente - 2024 ri xingu.xlsx",Xingu,41560,1710.0
Altamira,-,-,-,-,-,-,8,60,171,4,65,228,10,110,330,13 Xingu,43,"Área colhida (Hectares), Quantidade Produzida (Toneladas) e Valor (Mil Reais) da Produção por Tipo de Lavoura Permanente - 2024 ri xingu",20,"Tabela 43 - Área colhida (Hectares), Quantidade Produzida (Toneladas) e Valor (Mil Reais) da Produção por Tipo de Lavoura Permanente - 2024 ri xingu","..\..\Desktop\tabelas-powerBI\13 Xingu\Tabela 43 - Área colhida (Hectares), Quantidade Produzida (Toneladas) e Valor (Mil Reais) da Produção por Tipo de Lavoura Permanente - 2024 ri xingu.xlsx",Xingu,41560,12.0
Anapu,-,-,-,-,-,-,7,90,180,-,-,-,5,50,160,13 Xingu,43,"Área colhida (Hectares), Quantidade Produzida (Toneladas) e Valor (Mil Reais) da Produção por Tipo de Lavoura Permanente - 2024 ri xingu",20,"Tabela 43 - Área colhida (Hectares), Quantidade Produzida (Toneladas) e Valor (Mil Reais) da Produção por Tipo de Lavoura Permanente - 2024 ri xingu","..\..\Desktop\tabelas-powerBI\13 Xingu\Tabela 43 - Área colhida (Hectares), Quantidade Produzida (Toneladas) e Valor (Mil Reais) da Produção por Tipo de Lavoura Permanente - 2024 ri xingu.xlsx",Xingu,41560,80.0
Brasil Novo,-,-,-,-,-,-,-,-,-,15,225,788,1,10,30,13 Xingu,43,"Área colhida (Hectares), Quantidade Produzida (Toneladas) e Valor (Mil Reais) da Produção por Tipo de Lavoura Permanente - 2024 ri xingu",20,"Tabela 43 - Área colhida (Hectares), Quantidade Produzida (Toneladas) e Valor (Mil Reais) da Produção por Tipo de Lavoura Permanente - 2024 ri xingu","..\..\Desktop\tabelas-powerBI\13 Xingu\Tabela 43 - Área colhida (Hectares), Quantidade Produzida (Toneladas) e Valor (Mil Reais) da Produção por Tipo de Lavoura Permanente - 2024 ri xingu.xlsx",Xingu,41560,6.0
Medicilândia,-,-,-,-,-,-,-,-,-,12,240,1116,12,84,368,13 Xingu,43,"Área colhida (Hectares), Quantidade Produzida (Toneladas) e Valor (Mil Reais) da Produção por Tipo de Lavoura Permanente - 2024 ri xingu",20,"Tabela 43 - Área colhida (Hectares), Quantidade Produzida (Toneladas) e Valor (Mil Reais) da Produção por Tipo de Lavoura Permanente - 2024 ri xingu","..\..\Desktop\tabelas-powerBI\13 Xingu\Tabela 43 - Área colhida (Hectares), Quantidade Produzida (Toneladas) e Valor (Mil Reais) da Produção por Tipo de Lavoura Permanente - 2024 ri xingu.xlsx",Xingu,41560,45.0
Pacajá,20,19,295,-,-,-,-,-,-,-,-,-,20,130,439,13 Xingu,43,"Área colhida (Hectares), Quantidade Produzida (Toneladas) e Valor (Mil Reais) da Produção por Tipo de Lavoura Permanente - 2024 ri xingu",20,"Tabela 43 - Área colhida (Hectares), Quantidade Produzida (Toneladas) e Valor (Mil Reais) da Produção por Tipo de Lavoura Permanente - 2024 ri xingu","..\..\Desktop\tabelas-powerBI\13 Xingu\Tabela 43 - Área colhida (Hectares), Quantidade Produzida (Toneladas) e Valor (Mil Reais) da Produção por Tipo de Lavoura Permanente - 2024 ri xingu.xlsx",Xingu,41560,89.0
Placas,-,-,-,-,-,-,-,-,-,-,-,-,-,-,-,13 Xingu,43,"Área colhida (Hectares), Quantidade Produzida (Toneladas) e Valor (Mil Reais) da Produção por Tipo de Lavoura Permanente - 2024 ri xingu",20,"Tabela 43 - Área colhida (Hectares), Quantidade Produzida (Toneladas) e Valor (Mil Reais) da Produção por Tipo de Lavoura Permanente - 2024 ri xingu","..\..\Desktop\tabelas-powerBI\13 Xingu\Tabela 43 - Área colhida (Hectares), Quantidade Produzida (Toneladas) e Valor (Mil Reais) da Produção por Tipo de Lavoura Permanente - 2024 ri xingu.xlsx",Xingu,41560,1290.0
Porto de Moz,-,-,-,-,-,-,3,54,153,6,96,326,16,143,358,13 Xingu,43,"Área colhida (Hectares), Quantidade Produzida (Toneladas) e Valor (Mil Reais) da Produção por Tipo de Lavoura Permanente - 2024 ri xingu",20,"Tabela 43 - Área colhida (Hectares), Quantidade Produzida (Toneladas) e Valor (Mil Reais) da Produção por Tipo de Lavoura Permanente - 2024 ri xingu","..\..\Desktop\tabelas-powerBI\13 Xingu\Tabela 43 - Área colhida (Hectares), Quantidade Produzida (Toneladas) e Valor (Mil Reais) da Produção por Tipo de Lavoura Permanente - 2024 ri xingu.xlsx",Xingu,41560,36.0
Senador José Porfírio,-,-,-,-,-,-,-,-,-,-,-,-,-,-,-,13 Xingu,43,"Área colhida (Hectares), Quantidade Produzida (Toneladas) e Valor (Mil Reais) da Produção por Tipo de Lavoura Permanente - 2024 ri xingu",20,"Tabela 43 - Área colhida (Hectares), Quantidade Produzida (Toneladas) e Valor (Mil Reais) da Produção por Tipo de Lavoura Permanente - 2024 ri xingu","..\..\Desktop\tabelas-powerBI\13 Xingu\Tabela 43 - Área colhida (Hectares), Quantidade Produzida (Toneladas) e Valor (Mil Reais) da Produção por Tipo de Lavoura Permanente - 2024 ri xingu.xlsx",Xingu,41560,32.0
Uruará,-,-,-,-,-,-,-,-,-,-,-,-,6,40,200,13 Xingu,43,"Área colhida (Hectares), Quantidade Produzida (Toneladas) e Valor (Mil Reais) da Produção por Tipo de Lavoura Permanente - 2024 ri xingu",20,"Tabela 43 - Área colhida (Hectares), Quantidade Produzida (Toneladas) e Valor (Mil Reais) da Produção por Tipo de Lavoura Permanente - 2024 ri xingu","..\..\Desktop\tabelas-powerBI\13 Xingu\Tabela 43 - Área colhida (Hectares), Quantidade Produzida (Toneladas) e Valor (Mil Reais) da Produção por Tipo de Lavoura Permanente - 2024 ri xingu.xlsx",Xingu,41560,100.0
Vitória do Xingu,-,-,-,-,-,-,14,140,273,10,166,581,11,120,480,13 Xingu,43,"Área colhida (Hectares), Quantidade Produzida (Toneladas) e Valor (Mil Reais) da Produção por Tipo de Lavoura Permanente - 2024 ri xingu",20,"Tabela 43 - Área colhida (Hectares), Quantidade Produzida (Toneladas) e Valor (Mil Reais) da Produção por Tipo de Lavoura Permanente - 2024 ri xingu","..\..\Desktop\tabelas-powerBI\13 Xingu\Tabela 43 - Área colhida (Hectares), Quantidade Produzida (Toneladas) e Valor (Mil Reais) da Produção por Tipo de Lavoura Permanente - 2024 ri xingu.xlsx",Xingu,41560,20.0
Fonte: IBGE/PAM,,,,,,,,,,,,,,,,13 Xingu,43,"Área colhida (Hectares), Quantidade Produzida (Toneladas) e Valor (Mil Reais) da Produção por Tipo de Lavoura Permanente - 2024 ri xingu",20,"Tabela 43 - Área colhida (Hectares), Quantidade Produzida (Toneladas) e Valor (Mil Reais) da Produção por Tipo de Lavoura Permanente - 2024 ri xingu","..\..\Desktop\tabelas-powerBI\13 Xingu\Tabela 43 - Área colhida (Hectares), Quantidade Produzida (Toneladas) e Valor (Mil Reais) da Produção por Tipo de Lavoura Permanente - 2024 ri xingu.xlsx",Xingu,41560,
Elaboração: FAPESPA,,,,,,,,,,,,,,,,13 Xingu,43,"Área colhida (Hectares), Quantidade Produzida (Toneladas) e Valor (Mil Reais) da Produção por Tipo de Lavoura Permanente - 2024 ri xingu",20,"Tabela 43 - Área colhida (Hectares), Quantidade Produzida (Toneladas) e Valor (Mil Reais) da Produção por Tipo de Lavoura Permanente - 2024 ri xingu","..\..\Desktop\tabelas-powerBI\13 Xingu\Tabela 43 - Área colhida (Hectares), Quantidade Produzida (Toneladas) e Valor (Mil Reais) da Produção por Tipo de Lavoura Permanente - 2024 ri xingu.xlsx",Xingu,41560,
Nota: A quantidade produzida de coco-da-baía é expressa em mil frutos ,,,,,,,,,,,,,,,,13 Xingu,43,"Área colhida (Hectares), Quantidade Produzida (Toneladas) e Valor (Mil Reais) da Produção por Tipo de Lavoura Permanente - 2024 ri xingu",20,"Tabela 43 - Área colhida (Hectares), Quantidade Produzida (Toneladas) e Valor (Mil Reais) da Produção por Tipo de Lavoura Permanente - 2024 ri xingu","..\..\Desktop\tabelas-powerBI\13 Xingu\Tabela 43 - Área colhida (Hectares), Quantidade Produzida (Toneladas) e Valor (Mil Reais) da Produção por Tipo de Lavoura Permanente - 2024 ri xingu.xlsx",Xingu,41560,
RI Xingu,20,19,295,0,0,0,32,344,777,47,792,3039,81,687,2365,13 Xingu,43,"Área colhida (Hectares), Quantidade Produzida (Toneladas) e Valor (Mil Reais) da Produção por Tipo de Lavoura Permanente - 2024 ri xingu",20,"Tabela 43 - Área colhida (Hectares), Quantidade Produzida (Toneladas) e Valor (Mil Reais) da Produção por Tipo de Lavoura Permanente - 2024 ri xingu","..\..\Desktop\tabelas-powerBI\13 Xingu\Tabela 43 - Área colhida (Hectares), Quantidade Produzida (Toneladas) e Valor (Mil Reais) da Produção por Tipo de Lavoura Permanente - 2024 ri xingu.xlsx",Xingu,1248357,48964.0
Altamira,-,-,-,-,-,-,8,60,171,4,65,228,10,110,330,13 Xingu,43,"Área colhida (Hectares), Quantidade Produzida (Toneladas) e Valor (Mil Reais) da Produção por Tipo de Lavoura Permanente - 2024 ri xingu",20,"Tabela 43 - Área colhida (Hectares), Quantidade Produzida (Toneladas) e Valor (Mil Reais) da Produção por Tipo de Lavoura Permanente - 2024 ri xingu","..\..\Desktop\tabelas-powerBI\13 Xingu\Tabela 43 - Área colhida (Hectares), Quantidade Produzida (Toneladas) e Valor (Mil Reais) da Produção por Tipo de Lavoura Permanente - 2024 ri xingu.xlsx",Xingu,1248357,240.0
Anapu,-,-,-,-,-,-,7,90,180,-,-,-,5,50,160,13 Xingu,43,"Área colhida (Hectares), Quantidade Produzida (Toneladas) e Valor (Mil Reais) da Produção por Tipo de Lavoura Permanente - 2024 ri xingu",20,"Tabela 43 - Área colhida (Hectares), Quantidade Produzida (Toneladas) e Valor (Mil Reais) da Produção por Tipo de Lavoura Permanente - 2024 ri xingu","..\..\Desktop\tabelas-powerBI\13 Xingu\Tabela 43 - Área colhida (Hectares), Quantidade Produzida (Toneladas) e Valor (Mil Reais) da Produção por Tipo de Lavoura Permanente - 2024 ri xingu.xlsx",Xingu,1248357,2400.0
Brasil Novo,-,-,-,-,-,-,-,-,-,15,225,788,1,10,30,13 Xingu,43,"Área colhida (Hectares), Quantidade Produzida (Toneladas) e Valor (Mil Reais) da Produção por Tipo de Lavoura Permanente - 2024 ri xingu",20,"Tabela 43 - Área colhida (Hectares), Quantidade Produzida (Toneladas) e Valor (Mil Reais) da Produção por Tipo de Lavoura Permanente - 2024 ri xingu","..\..\Desktop\tabelas-powerBI\13 Xingu\Tabela 43 - Área colhida (Hectares), Quantidade Produzida (Toneladas) e Valor (Mil Reais) da Produção por Tipo de Lavoura Permanente - 2024 ri xingu.xlsx",Xingu,1248357,120.0
Medicilândia,-,-,-,-,-,-,-,-,-,12,240,1116,12,84,368,13 Xingu,43,"Área colhida (Hectares), Quantidade Produzida (Toneladas) e Valor (Mil Reais) da Produção por Tipo de Lavoura Permanente - 2024 ri xingu",20,"Tabela 43 - Área colhida (Hectares), Quantidade Produzida (Toneladas) e Valor (Mil Reais) da Produção por Tipo de Lavoura Permanente - 2024 ri xingu","..\..\Desktop\tabelas-powerBI\13 Xingu\Tabela 43 - Área colhida (Hectares), Quantidade Produzida (Toneladas) e Valor (Mil Reais) da Produção por Tipo de Lavoura Permanente - 2024 ri xingu.xlsx",Xingu,1248357,1305.0
Pacajá,20,19,295,-,-,-,-,-,-,-,-,-,20,130,439,13 Xingu,43,"Área colhida (Hectares), Quantidade Produzida (Toneladas) e Valor (Mil Reais) da Produção por Tipo de Lavoura Permanente - 2024 ri xingu",20,"Tabela 43 - Área colhida (Hectares), Quantidade Produzida (Toneladas) e Valor (Mil Reais) da Produção por Tipo de Lavoura Permanente - 2024 ri xingu","..\..\Desktop\tabelas-powerBI\13 Xingu\Tabela 43 - Área colhida (Hectares), Quantidade Produzida (Toneladas) e Valor (Mil Reais) da Produção por Tipo de Lavoura Permanente - 2024 ri xingu.xlsx",Xingu,1248357,2403.0
Placas,-,-,-,-,-,-,-,-,-,-,-,-,-,-,-,13 Xingu,43,"Área colhida (Hectares), Quantidade Produzida (Toneladas) e Valor (Mil Reais) da Produção por Tipo de Lavoura Permanente - 2024 ri xingu",20,"Tabela 43 - Área colhida (Hectares), Quantidade Produzida (Toneladas) e Valor (Mil Reais) da Produção por Tipo de Lavoura Permanente - 2024 ri xingu","..\..\Desktop\tabelas-powerBI\13 Xingu\Tabela 43 - Área colhida (Hectares), Quantidade Produzida (Toneladas) e Valor (Mil Reais) da Produção por Tipo de Lavoura Permanente - 2024 ri xingu.xlsx",Xingu,1248357,37410.0
Porto de Moz,-,-,-,-,-,-,3,54,153,6,96,326,16,143,358,13 Xingu,43,"Área colhida (Hectares), Quantidade Produzida (Toneladas) e Valor (Mil Reais) da Produção por Tipo de Lavoura Permanente - 2024 ri xingu",20,"Tabela 43 - Área colhida (Hectares), Quantidade Produzida (Toneladas) e Valor (Mil Reais) da Produção por Tipo de Lavoura Permanente - 2024 ri xingu","..\..\Desktop\tabelas-powerBI\13 Xingu\Tabela 43 - Área colhida (Hectares), Quantidade Produzida (Toneladas) e Valor (Mil Reais) da Produção por Tipo de Lavoura Permanente - 2024 ri xingu.xlsx",Xingu,1248357,1026.0
Senador José Porfírio,-,-,-,-,-,-,-,-,-,-,-,-,-,-,-,13 Xingu,43,"Área colhida (Hectares), Quantidade Produzida (Toneladas) e Valor (Mil Reais) da Produção por Tipo de Lavoura Permanente - 2024 ri xingu",20,"Tabela 43 - Área colhida (Hectares), Quantidade Produzida (Toneladas) e Valor (Mil Reais) da Produção por Tipo de Lavoura Permanente - 2024 ri xingu","..\..\Desktop\tabelas-powerBI\13 Xingu\Tabela 43 - Área colhida (Hectares), Quantidade Produzida (Toneladas) e Valor (Mil Reais) da Produção por Tipo de Lavoura Permanente - 2024 ri xingu.xlsx",Xingu,1248357,960.0
Uruará,-,-,-,-,-,-,-,-,-,-,-,-,6,40,200,13 Xingu,43,"Área colhida (Hectares), Quantidade Produzida (Toneladas) e Valor (Mil Reais) da Produção por Tipo de Lavoura Permanente - 2024 ri xingu",20,"Tabela 43 - Área colhida (Hectares), Quantidade Produzida (Toneladas) e Valor (Mil Reais) da Produção por Tipo de Lavoura Permanente - 2024 ri xingu","..\..\Desktop\tabelas-powerBI\13 Xingu\Tabela 43 - Área colhida (Hectares), Quantidade Produzida (Toneladas) e Valor (Mil Reais) da Produção por Tipo de Lavoura Permanente - 2024 ri xingu.xlsx",Xingu,1248357,2700.0
Vitória do Xingu,-,-,-,-,-,-,14,140,273,10,166,581,11,120,480,13 Xingu,43,"Área colhida (Hectares), Quantidade Produzida (Toneladas) e Valor (Mil Reais) da Produção por Tipo de Lavoura Permanente - 2024 ri xingu",20,"Tabela 43 - Área colhida (Hectares), Quantidade Produzida (Toneladas) e Valor (Mil Reais) da Produção por Tipo de Lavoura Permanente - 2024 ri xingu","..\..\Desktop\tabelas-powerBI\13 Xingu\Tabela 43 - Área colhida (Hectares), Quantidade Produzida (Toneladas) e Valor (Mil Reais) da Produção por Tipo de Lavoura Permanente - 2024 ri xingu.xlsx",Xingu,1248357,400.0
Fonte: IBGE/PAM,,,,,,,,,,,,,,,,13 Xingu,43,"Área colhida (Hectares), Quantidade Produzida (Toneladas) e Valor (Mil Reais) da Produção por Tipo de Lavoura Permanente - 2024 ri xingu",20,"Tabela 43 - Área colhida (Hectares), Quantidade Produzida (Toneladas) e Valor (Mil Reais) da Produção por Tipo de Lavoura Permanente - 2024 ri xingu","..\..\Desktop\tabelas-powerBI\13 Xingu\Tabela 43 - Área colhida (Hectares), Quantidade Produzida (Toneladas) e Valor (Mil Reais) da Produção por Tipo de Lavoura Permanente - 2024 ri xingu.xlsx",Xingu,1248357,
Elaboração: FAPESPA,,,,,,,,,,,,,,,,13 Xingu,43,"Área colhida (Hectares), Quantidade Produzida (Toneladas) e Valor (Mil Reais) da Produção por Tipo de Lavoura Permanente - 2024 ri xingu",20,"Tabela 43 - Área colhida (Hectares), Quantidade Produzida (Toneladas) e Valor (Mil Reais) da Produção por Tipo de Lavoura Permanente - 2024 ri xingu","..\..\Desktop\tabelas-powerBI\13 Xingu\Tabela 43 - Área colhida (Hectares), Quantidade Produzida (Toneladas) e Valor (Mil Reais) da Produção por Tipo de Lavoura Permanente - 2024 ri xingu.xlsx",Xingu,1248357,
Nota: A quantidade produzida de coco-da-baía é expressa em mil frutos ,,,,,,,,,,,,,,,,13 Xingu,43,"Área colhida (Hectares), Quantidade Produzida (Toneladas) e Valor (Mil Reais) da Produção por Tipo de Lavoura Permanente - 2024 ri xingu",20,"Tabela 43 - Área colhida (Hectares), Quantidade Produzida (Toneladas) e Valor (Mil Reais) da Produção por Tipo de Lavoura Permanente - 2024 ri xingu","..\..\Desktop\tabelas-powerBI\13 Xingu\Tabela 43 - Área colhida (Hectares), Quantidade Produzida (Toneladas) e Valor (Mil Reais) da Produção por Tipo de Lavoura Permanente - 2024 ri xingu.xlsx",Xingu,1248357,
