Par,regiao,tabela_num,titulo,ano,arquivo,arquivo_path,aba,variavel,valor
RI Lago de Tucuruí,7 Lago de Tucuruí,22,"Tabela 22 – Caracterização Hospitalar – Equip de Manutenção da Vida, Equip de Diagnóstico e Infra - 2025 ri lago de tucurui",20,"Tabela 22 – Caracterização Hospitalar – Equip de Manutenção da Vida, Equip de Diagnóstico e Infra - 2025 ri lago de tucurui","..\..\Desktop\tabelas-powerBI\7 Lago de Tucuruí\Tabela 22 – Caracterização Hospitalar – Equip de Manutenção da Vida, Equip de Diagnóstico e Infra - 2025 ri lago de tucurui.xlsx",Lago de Tucuruí,1560,31.0
Breu Branco,7 Lago de Tucuruí,22,"Tabela 22 – Caracterização Hospitalar – Equip de Manutenção da Vida, Equip de Diagnóstico e Infra - 2025 ri lago de tucurui",20,"Tabela 22 – Caracterização Hospitalar – Equip de Manutenção da Vida, Equip de Diagnóstico e Infra - 2025 ri lago de tucurui","..\..\Desktop\tabelas-powerBI\7 Lago de Tucuruí\Tabela 22 – Caracterização Hospitalar – Equip de Manutenção da Vida, Equip de Diagnóstico e Infra - 2025 ri lago de tucurui.xlsx",Lago de Tucuruí,1560,5.0
Goianésia do Pará,7 Lago de Tucuruí,22,"Tabela 22 – Caracterização Hospitalar – Equip de Manutenção da Vida, Equip de Diagnóstico e Infra - 2025 ri lago de tucurui",20,"Tabela 22 – Caracterização Hospitalar – Equip de Manutenção da Vida, Equip de Diagnóstico e Infra - 2025 ri lago de tucurui","..\..\Desktop\tabelas-powerBI\7 Lago de Tucuruí\Tabela 22 – Caracterização Hospitalar – Equip de Manutenção da Vida, Equip de Diagnóstico e Infra - 2025 ri lago de tucurui.xlsx",Lago de Tucuruí,1560,2.0
Itupiranga,7 Lago de Tucuruí,22,"Tabela 22 – Caracterização Hospitalar – Equip de Manutenção da Vida, Equip de Diagnóstico e Infra - 2025 ri lago de tucurui",20,"Tabela 22 – Caracterização Hospitalar – Equip de Manutenção da Vida, Equip de Diagnóstico e Infra - 2025 ri lago de tucurui","..\..\Desktop\tabelas-powerBI\7 Lago de Tucuruí\Tabela 22 – Caracterização Hospitalar – Equip de Manutenção da Vida, Equip de Diagnóstico e Infra - 2025 ri lago de tucurui.xlsx",Lago de Tucuruí,1560,0.0
Jacundá,7 Lago de Tucuruí,22,"Tabela 22 – Caracterização Hospitalar – Equip de Manutenção da Vida, Equip de Diagnóstico e Infra - 2025 ri lago de tucurui",20,"Tabela 22 – Caracterização Hospitalar – Equip de Manutenção da Vida, Equip de Diagnóstico e Infra - 2025 ri lago de tucurui","..\..\Desktop\tabelas-powerBI\7 Lago de Tucuruí\Tabela 22 – Caracterização Hospitalar – Equip de Manutenção da Vida, Equip de Diagnóstico e Infra - 2025 ri lago de tucurui.xlsx",Lago de Tucuruí,1560,0.0
Nova Ipixuna,7 Lago de Tucuruí,22,"Tabela 22 – Caracterização Hospitalar – Equip de Manutenção da Vida, Equip de Diagnóstico e Infra - 2025 ri lago de tucurui",20,"Tabela 22 – Caracterização Hospitalar – Equip de Manutenção da Vida, Equip de Diagnóstico e Infra - 2025 ri lago de tucurui","..\..\Desktop\tabelas-powerBI\7 Lago de Tucuruí\Tabela 22 – Caracterização Hospitalar – Equip de Manutenção da Vida, Equip de Diagnóstico e Infra - 2025 ri lago de tucurui.xlsx",Lago de Tucuruí,1560,2.0
Novo Repartimento,7 Lago de Tucuruí,22,"Tabela 22 – Caracterização Hospitalar – Equip de Manutenção da Vida, Equip de Diagnóstico e Infra - 2025 ri lago de tucurui",20,"Tabela 22 – Caracterização Hospitalar – Equip de Manutenção da Vida, Equip de Diagnóstico e Infra - 2025 ri lago de tucurui","..\..\Desktop\tabelas-powerBI\7 Lago de Tucuruí\Tabela 22 – Caracterização Hospitalar – Equip de Manutenção da Vida, Equip de Diagnóstico e Infra - 2025 ri lago de tucurui.xlsx",Lago de Tucuruí,1560,2.0
Tucuruí,7 Lago de Tucuruí,22,"Tabela 22 – Caracterização Hospitalar – Equip de Manutenção da Vida, Equip de Diagnóstico e Infra - 2025 ri lago de tucurui",20,"Tabela 22 – Caracterização Hospitalar – Equip de Manutenção da Vida, Equip de Diagnóstico e Infra - 2025 ri lago de tucurui","..\..\Desktop\tabelas-powerBI\7 Lago de Tucuruí\Tabela 22 – Caracterização Hospitalar – Equip de Manutenção da Vida, Equip de Diagnóstico e Infra - 2025 ri lago de tucurui.xlsx",Lago de Tucuruí,1560,20.0
Fonte: DATASUS,7 Lago de Tucuruí,22,"Tabela 22 – Caracterização Hospitalar – Equip de Manutenção da Vida, Equip de Diagnóstico e Infra - 2025 ri lago de tucurui",20,"Tabela 22 – Caracterização Hospitalar – Equip de Manutenção da Vida, Equip de Diagnóstico e Infra - 2025 ri lago de tucurui","..\..\Desktop\tabelas-powerBI\7 Lago de Tucuruí\Tabela 22 – Caracterização Hospitalar – Equip de Manutenção da Vida, Equip de Diagnóstico e Infra - 2025 ri lago de tucurui.xlsx",Lago de Tucuruí,1560,
Elaboração: FAPESPA,7 Lago de Tucuruí,22,"Tabela 22 – Caracterização Hospitalar – Equip de Manutenção da Vida, Equip de Diagnóstico e Infra - 2025 ri lago de tucurui",20,"Tabela 22 – Caracterização Hospitalar – Equip de Manutenção da Vida, Equip de Diagnóstico e Infra - 2025 ri lago de tucurui","..\..\Desktop\tabelas-powerBI\7 Lago de Tucuruí\Tabela 22 – Caracterização Hospitalar – Equip de Manutenção da Vida, Equip de Diagnóstico e Infra - 2025 ri lago de tucurui.xlsx",Lago de Tucuruí,1560,
*Nota: Dados referentes a Outubro/2025.,7 Lago de Tucuruí,22,"Tabela 22 – Caracterização Hospitalar – Equip de Manutenção da Vida, Equip de Diagnóstico e Infra - 2025 ri lago de tucurui",20,"Tabela 22 – Caracterização Hospitalar – Equip de Manutenção da Vida, Equip de Diagnóstico e Infra - 2025 ri lago de tucurui","..\..\Desktop\tabelas-powerBI\7 Lago de Tucuruí\Tabela 22 – Caracterização Hospitalar – Equip de Manutenção da Vida, Equip de Diagnóstico e Infra - 2025 ri lago de tucurui.xlsx",Lago de Tucuruí,1560,
RI Lago de Tucuruí,7 Lago de Tucuruí,22,"Tabela 22 – Caracterização Hospitalar – Equip de Manutenção da Vida, Equip de Diagnóstico e Infra - 2025 ri lago de tucurui",20,"Tabela 22 – Caracterização Hospitalar – Equip de Manutenção da Vida, Equip de Diagnóstico e Infra - 2025 ri lago de tucurui","..\..\Desktop\tabelas-powerBI\7 Lago de Tucuruí\Tabela 22 – Caracterização Hospitalar – Equip de Manutenção da Vida, Equip de Diagnóstico e Infra - 2025 ri lago de tucurui.xlsx",Lago de Tucuruí,1444,29.0
Breu Branco,7 Lago de Tucuruí,22,"Tabela 22 – Caracterização Hospitalar – Equip de Manutenção da Vida, Equip de Diagnóstico e Infra - 2025 ri lago de tucurui",20,"Tabela 22 – Caracterização Hospitalar – Equip de Manutenção da Vida, Equip de Diagnóstico e Infra - 2025 ri lago de tucurui","..\..\Desktop\tabelas-powerBI\7 Lago de Tucuruí\Tabela 22 – Caracterização Hospitalar – Equip de Manutenção da Vida, Equip de Diagnóstico e Infra - 2025 ri lago de tucurui.xlsx",Lago de Tucuruí,1444,5.0
Goianésia do Pará,7 Lago de Tucuruí,22,"Tabela 22 – Caracterização Hospitalar – Equip de Manutenção da Vida, Equip de Diagnóstico e Infra - 2025 ri lago de tucurui",20,"Tabela 22 – Caracterização Hospitalar – Equip de Manutenção da Vida, Equip de Diagnóstico e Infra - 2025 ri lago de tucurui","..\..\Desktop\tabelas-powerBI\7 Lago de Tucuruí\Tabela 22 – Caracterização Hospitalar – Equip de Manutenção da Vida, Equip de Diagnóstico e Infra - 2025 ri lago de tucurui.xlsx",Lago de Tucuruí,1444,1.0
Itupiranga,7 Lago de Tucuruí,22,"Tabela 22 – Caracterização Hospitalar – Equip de Manutenção da Vida, Equip de Diagnóstico e Infra - 2025 ri lago de tucurui",20,"Tabela 22 – Caracterização Hospitalar – Equip de Manutenção da Vida, Equip de Diagnóstico e Infra - 2025 ri lago de tucurui","..\..\Desktop\tabelas-powerBI\7 Lago de Tucuruí\Tabela 22 – Caracterização Hospitalar – Equip de Manutenção da Vida, Equip de Diagnóstico e Infra - 2025 ri lago de tucurui.xlsx",Lago de Tucuruí,1444,0.0
Jacundá,7 Lago de Tucuruí,22,"Tabela 22 – Caracterização Hospitalar – Equip de Manutenção da Vida, Equip de Diagnóstico e Infra - 2025 ri lago de tucurui",20,"Tabela 22 – Caracterização Hospitalar – Equip de Manutenção da Vida, Equip de Diagnóstico e Infra - 2025 ri lago de tucurui","..\..\Desktop\tabelas-powerBI\7 Lago de Tucuruí\Tabela 22 – Caracterização Hospitalar – Equip de Manutenção da Vida, Equip de Diagnóstico e Infra - 2025 ri lago de tucurui.xlsx",Lago de Tucuruí,1444,0.0
Nova Ipixuna,7 Lago de Tucuruí,22,"Tabela 22 – Caracterização Hospitalar – Equip de Manutenção da Vida, Equip de Diagnóstico e Infra - 2025 ri lago de tucurui",20,"Tabela 22 – Caracterização Hospitalar – Equip de Manutenção da Vida, Equip de Diagnóstico e Infra - 2025 ri lago de tucurui","..\..\Desktop\tabelas-powerBI\7 Lago de Tucuruí\Tabela 22 – Caracterização Hospitalar – Equip de Manutenção da Vida, Equip de Diagnóstico e Infra - 2025 ri lago de tucurui.xlsx",Lago de Tucuruí,1444,2.0
Novo Repartimento,7 Lago de Tucuruí,22,"Tabela 22 – Caracterização Hospitalar – Equip de Manutenção da Vida, Equip de Diagnóstico e Infra - 2025 ri lago de tucurui",20,"Tabela 22 – Caracterização Hospitalar – Equip de Manutenção da Vida, Equip de Diagnóstico e Infra - 2025 ri lago de tucurui","..\..\Desktop\tabelas-powerBI\7 Lago de Tucuruí\Tabela 22 – Caracterização Hospitalar – Equip de Manutenção da Vida, Equip de Diagnóstico e Infra - 2025 ri lago de tucurui.xlsx",Lago de Tucuruí,1444,2.0
Tucuruí,7 Lago de Tucuruí,22,"Tabela 22 – Caracterização Hospitalar – Equip de Manutenção da Vida, Equip de Diagnóstico e Infra - 2025 ri lago de tucurui",20,"Tabela 22 – Caracterização Hospitalar – Equip de Manutenção da Vida, Equip de Diagnóstico e Infra - 2025 ri lago de tucurui","..\..\Desktop\tabelas-powerBI\7 Lago de Tucuruí\Tabela 22 – Caracterização Hospitalar – Equip de Manutenção da Vida, Equip de Diagnóstico e Infra - 2025 ri lago de tucurui.xlsx",Lago de Tucuruí,1444,19.0
Fonte: DATASUS,7 Lago de Tucuruí,22,"Tabela 22 – Caracterização Hospitalar – Equip de Manutenção da Vida, Equip de Diagnóstico e Infra - 2025 ri lago de tucurui",20,"Tabela 22 – Caracterização Hospitalar – Equip de Manutenção da Vida, Equip de Diagnóstico e Infra - 2025 ri lago de tucurui","..\..\Desktop\tabelas-powerBI\7 Lago de Tucuruí\Tabela 22 – Caracterização Hospitalar – Equip de Manutenção da Vida, Equip de Diagnóstico e Infra - 2025 ri lago de tucurui.xlsx",Lago de Tucuruí,1444,
Elaboração: FAPESPA,7 Lago de Tucuruí,22,"Tabela 22 – Caracterização Hospitalar – Equip de Manutenção da Vida, Equip de Diagnóstico e Infra - 2025 ri lago de tucurui",20,"Tabela 22 – Caracterização Hospitalar – Equip de Manutenção da Vida, Equip de Diagnóstico e Infra - 2025 ri lago de tucurui","..\..\Desktop\tabelas-powerBI\7 Lago de Tucuruí\Tabela 22 – Caracterização Hospitalar – Equip de Manutenção da Vida, Equip de Diagnóstico e Infra - 2025 ri lago de tucurui.xlsx",Lago de Tucuruí,1444,
*Nota: Dados referentes a Outubro/2025.,7 Lago de Tucuruí,22,"Tabela 22 – Caracterização Hospitalar – Equip de Manutenção da Vida, Equip de Diagnóstico e Infra - 2025 ri lago de tucurui",20,"Tabela 22 – Caracterização Hospitalar – Equip de Manutenção da Vida, Equip de Diagnóstico e Infra - 2025 ri lago de tucurui","..\..\Desktop\tabelas-powerBI\7 Lago de Tucuruí\Tabela 22 – Caracterização Hospitalar – Equip de Manutenção da Vida, Equip de Diagnóstico e Infra - 2025 ri lago de tucurui.xlsx",Lago de Tucuruí,1444,
RI Lago de Tucuruí,7 Lago de Tucuruí,22,"Tabela 22 – Caracterização Hospitalar – Equip de Manutenção da Vida, Equip de Diagnóstico e Infra - 2025 ri lago de tucurui",20,"Tabela 22 – Caracterização Hospitalar – Equip de Manutenção da Vida, Equip de Diagnóstico e Infra - 2025 ri lago de tucurui","..\..\Desktop\tabelas-powerBI\7 Lago de Tucuruí\Tabela 22 – Caracterização Hospitalar – Equip de Manutenção da Vida, Equip de Diagnóstico e Infra - 2025 ri lago de tucurui.xlsx",Lago de Tucuruí,2966,44.0
Breu Branco,7 Lago de Tucuruí,22,"Tabela 22 – Caracterização Hospitalar – Equip de Manutenção da Vida, Equip de Diagnóstico e Infra - 2025 ri lago de tucurui",20,"Tabela 22 – Caracterização Hospitalar – Equip de Manutenção da Vida, Equip de Diagnóstico e Infra - 2025 ri lago de tucurui","..\..\Desktop\tabelas-powerBI\7 Lago de Tucuruí\Tabela 22 – Caracterização Hospitalar – Equip de Manutenção da Vida, Equip de Diagnóstico e Infra - 2025 ri lago de tucurui.xlsx",Lago de Tucuruí,2966,4.0
Goianésia do Pará,7 Lago de Tucuruí,22,"Tabela 22 – Caracterização Hospitalar – Equip de Manutenção da Vida, Equip de Diagnóstico e Infra - 2025 ri lago de tucurui",20,"Tabela 22 – Caracterização Hospitalar – Equip de Manutenção da Vida, Equip de Diagnóstico e Infra - 2025 ri lago de tucurui","..\..\Desktop\tabelas-powerBI\7 Lago de Tucuruí\Tabela 22 – Caracterização Hospitalar – Equip de Manutenção da Vida, Equip de Diagnóstico e Infra - 2025 ri lago de tucurui.xlsx",Lago de Tucuruí,2966,0.0
Itupiranga,7 Lago de Tucuruí,22,"Tabela 22 – Caracterização Hospitalar – Equip de Manutenção da Vida, Equip de Diagnóstico e Infra - 2025 ri lago de tucurui",20,"Tabela 22 – Caracterização Hospitalar – Equip de Manutenção da Vida, Equip de Diagnóstico e Infra - 2025 ri lago de tucurui","..\..\Desktop\tabelas-powerBI\7 Lago de Tucuruí\Tabela 22 – Caracterização Hospitalar – Equip de Manutenção da Vida, Equip de Diagnóstico e Infra - 2025 ri lago de tucurui.xlsx",Lago de Tucuruí,2966,1.0
Jacundá,7 Lago de Tucuruí,22,"Tabela 22 – Caracterização Hospitalar – Equip de Manutenção da Vida, Equip de Diagnóstico e Infra - 2025 ri lago de tucurui",20,"Tabela 22 – Caracterização Hospitalar – Equip de Manutenção da Vida, Equip de Diagnóstico e Infra - 2025 ri lago de tucurui","..\..\Desktop\tabelas-powerBI\7 Lago de Tucuruí\Tabela 22 – Caracterização Hospitalar – Equip de Manutenção da Vida, Equip de Diagnóstico e Infra - 2025 ri lago de tucurui.xlsx",Lago de Tucuruí,2966,0.0
Nova Ipixuna,7 Lago de Tucuruí,22,"Tabela 22 – Caracterização Hospitalar – Equip de Manutenção da Vida, Equip de Diagnóstico e Infra - 2025 ri lago de tucurui",20,"Tabela 22 – Caracterização Hospitalar – Equip de Manutenção da Vida, Equip de Diagnóstico e Infra - 2025 ri lago de tucurui","..\..\Desktop\tabelas-powerBI\7 Lago de Tucuruí\Tabela 22 – Caracterização Hospitalar – Equip de Manutenção da Vida, Equip de Diagnóstico e Infra - 2025 ri lago de tucurui.xlsx",Lago de Tucuruí,2966,1.0
Novo Repartimento,7 Lago de Tucuruí,22,"Tabela 22 – Caracterização Hospitalar – Equip de Manutenção da Vida, Equip de Diagnóstico e Infra - 2025 ri lago de tucurui",20,"Tabela 22 – Caracterização Hospitalar – Equip de Manutenção da Vida, Equip de Diagnóstico e Infra - 2025 ri lago de tucurui","..\..\Desktop\tabelas-powerBI\7 Lago de Tucuruí\Tabela 22 – Caracterização Hospitalar – Equip de Manutenção da Vida, Equip de Diagnóstico e Infra - 2025 ri lago de tucurui.xlsx",Lago de Tucuruí,2966,7.0
Tucuruí,7 Lago de Tucuruí,22,"Tabela 22 – Caracterização Hospitalar – Equip de Manutenção da Vida, Equip de Diagnóstico e Infra - 2025 ri lago de tucurui",20,"Tabela 22 – Caracterização Hospitalar – Equip de Manutenção da Vida, Equip de Diagnóstico e Infra - 2025 ri lago de tucurui","..\..\Desktop\tabelas-powerBI\7 Lago de Tucuruí\Tabela 22 – Caracterização Hospitalar – Equip de Manutenção da Vida, Equip de Diagnóstico e Infra - 2025 ri lago de tucurui.xlsx",Lago de Tucuruí,2966,31.0
Fonte: DATASUS,7 Lago de Tucuruí,22,"Tabela 22 – Caracterização Hospitalar – Equip de Manutenção da Vida, Equip de Diagnóstico e Infra - 2025 ri lago de tucurui",20,"Tabela 22 – Caracterização Hospitalar – Equip de Manutenção da Vida, Equip de Diagnóstico e Infra - 2025 ri lago de tucurui","..\..\Desktop\tabelas-powerBI\7 Lago de Tucuruí\Tabela 22 – Caracterização Hospitalar – Equip de Manutenção da Vida, Equip de Diagnóstico e Infra - 2025 ri lago de tucurui.xlsx",Lago de Tucuruí,2966,
Elaboração: FAPESPA,7 Lago de Tucuruí,22,"Tabela 22 – Caracterização Hospitalar – Equip de Manutenção da Vida, Equip de Diagnóstico e Infra - 2025 ri lago de tucurui",20,"Tabela 22 – Caracterização Hospitalar – Equip de Manutenção da Vida, Equip de Diagnóstico e Infra - 2025 ri lago de tucurui","..\..\Desktop\tabelas-powerBI\7 Lago de Tucuruí\Tabela 22 – Caracterização Hospitalar – Equip de Manutenção da Vida, Equip de Diagnóstico e Infra - 2025 ri lago de tucurui.xlsx",Lago de Tucuruí,2966,
*Nota: Dados referentes a Outubro/2025.,7 Lago de Tucuruí,22,"Tabela 22 – Caracterização Hospitalar – Equip de Manutenção da Vida, Equip de Diagnóstico e Infra - 2025 ri lago de tucurui",20,"Tabela 22 – Caracterização Hospitalar – Equip de Manutenção da Vida, Equip de Diagnóstico e Infra - 2025 ri lago de tucurui","..\..\Desktop\tabelas-powerBI\7 Lago de Tucuruí\Tabela 22 – Caracterização Hospitalar – Equip de Manutenção da Vida, Equip de Diagnóstico e Infra - 2025 ri lago de tucurui.xlsx",Lago de Tucuruí,2966,
RI Lago de Tucuruí,7 Lago de Tucuruí,22,"Tabela 22 – Caracterização Hospitalar – Equip de Manutenção da Vida, Equip de Diagnóstico e Infra - 2025 ri lago de tucurui",20,"Tabela 22 – Caracterização Hospitalar – Equip de Manutenção da Vida, Equip de Diagnóstico e Infra - 2025 ri lago de tucurui","..\..\Desktop\tabelas-powerBI\7 Lago de Tucuruí\Tabela 22 – Caracterização Hospitalar – Equip de Manutenção da Vida, Equip de Diagnóstico e Infra - 2025 ri lago de tucurui.xlsx",Lago de Tucuruí,2860,42.0
Breu Branco,7 Lago de Tucuruí,22,"Tabela 22 – Caracterização Hospitalar – Equip de Manutenção da Vida, Equip de Diagnóstico e Infra - 2025 ri lago de tucurui",20,"Tabela 22 – Caracterização Hospitalar – Equip de Manutenção da Vida, Equip de Diagnóstico e Infra - 2025 ri lago de tucurui","..\..\Desktop\tabelas-powerBI\7 Lago de Tucuruí\Tabela 22 – Caracterização Hospitalar – Equip de Manutenção da Vida, Equip de Diagnóstico e Infra - 2025 ri lago de tucurui.xlsx",Lago de Tucuruí,2860,4.0
Goianésia do Pará,7 Lago de Tucuruí,22,"Tabela 22 – Caracterização Hospitalar – Equip de Manutenção da Vida, Equip de Diagnóstico e Infra - 2025 ri lago de tucurui",20,"Tabela 22 – Caracterização Hospitalar – Equip de Manutenção da Vida, Equip de Diagnóstico e Infra - 2025 ri lago de tucurui","..\..\Desktop\tabelas-powerBI\7 Lago de Tucuruí\Tabela 22 – Caracterização Hospitalar – Equip de Manutenção da Vida, Equip de Diagnóstico e Infra - 2025 ri lago de tucurui.xlsx",Lago de Tucuruí,2860,0.0
Itupiranga,7 Lago de Tucuruí,22,"Tabela 22 – Caracterização Hospitalar – Equip de Manutenção da Vida, Equip de Diagnóstico e Infra - 2025 ri lago de tucurui",20,"Tabela 22 – Caracterização Hospitalar – Equip de Manutenção da Vida, Equip de Diagnóstico e Infra - 2025 ri lago de tucurui","..\..\Desktop\tabelas-powerBI\7 Lago de Tucuruí\Tabela 22 – Caracterização Hospitalar – Equip de Manutenção da Vida, Equip de Diagnóstico e Infra - 2025 ri lago de tucurui.xlsx",Lago de Tucuruí,2860,1.0
Jacundá,7 Lago de Tucuruí,22,"Tabela 22 – Caracterização Hospitalar – Equip de Manutenção da Vida, Equip de Diagnóstico e Infra - 2025 ri lago de tucurui",20,"Tabela 22 – Caracterização Hospitalar – Equip de Manutenção da Vida, Equip de Diagnóstico e Infra - 2025 ri lago de tucurui","..\..\Desktop\tabelas-powerBI\7 Lago de Tucuruí\Tabela 22 – Caracterização Hospitalar – Equip de Manutenção da Vida, Equip de Diagnóstico e Infra - 2025 ri lago de tucurui.xlsx",Lago de Tucuruí,2860,0.0
Nova Ipixuna,7 Lago de Tucuruí,22,"Tabela 22 – Caracterização Hospitalar – Equip de Manutenção da Vida, Equip de Diagnóstico e Infra - 2025 ri lago de tucurui",20,"Tabela 22 – Caracterização Hospitalar – Equip de Manutenção da Vida, Equip de Diagnóstico e Infra - 2025 ri lago de tucurui","..\..\Desktop\tabelas-powerBI\7 Lago de Tucuruí\Tabela 22 – Caracterização Hospitalar – Equip de Manutenção da Vida, Equip de Diagnóstico e Infra - 2025 ri lago de tucurui.xlsx",Lago de Tucuruí,2860,1.0
Novo Repartimento,7 Lago de Tucuruí,22,"Tabela 22 – Caracterização Hospitalar – Equip de Manutenção da Vida, Equip de Diagnóstico e Infra - 2025 ri lago de tucurui",20,"Tabela 22 – Caracterização Hospitalar – Equip de Manutenção da Vida, Equip de Diagnóstico e Infra - 2025 ri lago de tucurui","..\..\Desktop\tabelas-powerBI\7 Lago de Tucuruí\Tabela 22 – Caracterização Hospitalar – Equip de Manutenção da Vida, Equip de Diagnóstico e Infra - 2025 ri lago de tucurui.xlsx",Lago de Tucuruí,2860,7.0
Tucuruí,7 Lago de Tucuruí,22,"Tabela 22 – Caracterização Hospitalar – Equip de Manutenção da Vida, Equip de Diagnóstico e Infra - 2025 ri lago de tucurui",20,"Tabela 22 – Caracterização Hospitalar – Equip de Manutenção da Vida, Equip de Diagnóstico e Infra - 2025 ri lago de tucurui","..\..\Desktop\tabelas-powerBI\7 Lago de Tucuruí\Tabela 22 – Caracterização Hospitalar – Equip de Manutenção da Vida, Equip de Diagnóstico e Infra - 2025 ri lago de tucurui.xlsx",Lago de Tucuruí,2860,29.0
Fonte: DATASUS,7 Lago de Tucuruí,22,"Tabela 22 – Caracterização Hospitalar – Equip de Manutenção da Vida, Equip de Diagnóstico e Infra - 2025 ri lago de tucurui",20,"Tabela 22 – Caracterização Hospitalar – Equip de Manutenção da Vida, Equip de Diagnóstico e Infra - 2025 ri lago de tucurui","..\..\Desktop\tabelas-powerBI\7 Lago de Tucuruí\Tabela 22 – Caracterização Hospitalar – Equip de Manutenção da Vida, Equip de Diagnóstico e Infra - 2025 ri lago de tucurui.xlsx",Lago de Tucuruí,2860,
Elaboração: FAPESPA,7 Lago de Tucuruí,22,"Tabela 22 – Caracterização Hospitalar – Equip de Manutenção da Vida, Equip de Diagnóstico e Infra - 2025 ri lago de tucurui",20,"Tabela 22 – Caracterização Hospitalar – Equip de Manutenção da Vida, Equip de Diagnóstico e Infra - 2025 ri lago de tucurui","..\..\Desktop\tabelas-powerBI\7 Lago de Tucuruí\Tabela 22 – Caracterização Hospitalar – Equip de Manutenção da Vida, Equip de Diagnóstico e Infra - 2025 ri lago de tucurui.xlsx",Lago de Tucuruí,2860,
*Nota: Dados referentes a Outubro/2025.,7 Lago de Tucuruí,22,"Tabela 22 – Caracterização Hospitalar – Equip de Manutenção da Vida, Equip de Diagnóstico e Infra - 2025 ri lago de tucurui",20,"Tabela 22 – Caracterização Hospitalar – Equip de Manutenção da Vida, Equip de Diagnóstico e Infra - 2025 ri lago de tucurui","..\..\Desktop\tabelas-powerBI\7 Lago de Tucuruí\Tabela 22 – Caracterização Hospitalar – Equip de Manutenção da Vida, Equip de Diagnóstico e Infra - 2025 ri lago de tucurui.xlsx",Lago de Tucuruí,2860,
RI Lago de Tucuruí,7 Lago de Tucuruí,22,"Tabela 22 – Caracterização Hospitalar – Equip de Manutenção da Vida, Equip de Diagnóstico e Infra - 2025 ri lago de tucurui",20,"Tabela 22 – Caracterização Hospitalar – Equip de Manutenção da Vida, Equip de Diagnóstico e Infra - 2025 ri lago de tucurui","..\..\Desktop\tabelas-powerBI\7 Lago de Tucuruí\Tabela 22 – Caracterização Hospitalar – Equip de Manutenção da Vida, Equip de Diagnóstico e Infra - 2025 ri lago de tucurui.xlsx",Lago de Tucuruí,2827,51.0
Breu Branco,7 Lago de Tucuruí,22,"Tabela 22 – Caracterização Hospitalar – Equip de Manutenção da Vida, Equip de Diagnóstico e Infra - 2025 ri lago de tucurui",20,"Tabela 22 – Caracterização Hospitalar – Equip de Manutenção da Vida, Equip de Diagnóstico e Infra - 2025 ri lago de tucurui","..\..\Desktop\tabelas-powerBI\7 Lago de Tucuruí\Tabela 22 – Caracterização Hospitalar – Equip de Manutenção da Vida, Equip de Diagnóstico e Infra - 2025 ri lago de tucurui.xlsx",Lago de Tucuruí,2827,0.0
Goianésia do Pará,7 Lago de Tucuruí,22,"Tabela 22 – Caracterização Hospitalar – Equip de Manutenção da Vida, Equip de Diagnóstico e Infra - 2025 ri lago de tucurui",20,"Tabela 22 – Caracterização Hospitalar – Equip de Manutenção da Vida, Equip de Diagnóstico e Infra - 2025 ri lago de tucurui","..\..\Desktop\tabelas-powerBI\7 Lago de Tucuruí\Tabela 22 – Caracterização Hospitalar – Equip de Manutenção da Vida, Equip de Diagnóstico e Infra - 2025 ri lago de tucurui.xlsx",Lago de Tucuruí,2827,0.0
Itupiranga,7 Lago de Tucuruí,22,"Tabela 22 – Caracterização Hospitalar – Equip de Manutenção da Vida, Equip de Diagnóstico e Infra - 2025 ri lago de tucurui",20,"Tabela 22 – Caracterização Hospitalar – Equip de Manutenção da Vida, Equip de Diagnóstico e Infra - 2025 ri lago de tucurui","..\..\Desktop\tabelas-powerBI\7 Lago de Tucuruí\Tabela 22 – Caracterização Hospitalar – Equip de Manutenção da Vida, Equip de Diagnóstico e Infra - 2025 ri lago de tucurui.xlsx",Lago de Tucuruí,2827,1.0
Jacundá,7 Lago de Tucuruí,22,"Tabela 22 – Caracterização Hospitalar – Equip de Manutenção da Vida, Equip de Diagnóstico e Infra - 2025 ri lago de tucurui",20,"Tabela 22 – Caracterização Hospitalar – Equip de Manutenção da Vida, Equip de Diagnóstico e Infra - 2025 ri lago de tucurui","..\..\Desktop\tabelas-powerBI\7 Lago de Tucuruí\Tabela 22 – Caracterização Hospitalar – Equip de Manutenção da Vida, Equip de Diagnóstico e Infra - 2025 ri lago de tucurui.xlsx",Lago de Tucuruí,2827,6.0
Nova Ipixuna,7 Lago de Tucuruí,22,"Tabela 22 – Caracterização Hospitalar – Equip de Manutenção da Vida, Equip de Diagnóstico e Infra - 2025 ri lago de tucurui",20,"Tabela 22 – Caracterização Hospitalar – Equip de Manutenção da Vida, Equip de Diagnóstico e Infra - 2025 ri lago de tucurui","..\..\Desktop\tabelas-powerBI\7 Lago de Tucuruí\Tabela 22 – Caracterização Hospitalar – Equip de Manutenção da Vida, Equip de Diagnóstico e Infra - 2025 ri lago de tucurui.xlsx",Lago de Tucuruí,2827,2.0
Novo Repartimento,7 Lago de Tucuruí,22,"Tabela 22 – Caracterização Hospitalar – Equip de Manutenção da Vida, Equip de Diagnóstico e Infra - 2025 ri lago de tucurui",20,"Tabela 22 – Caracterização Hospitalar – Equip de Manutenção da Vida, Equip de Diagnóstico e Infra - 2025 ri lago de tucurui","..\..\Desktop\tabelas-powerBI\7 Lago de Tucuruí\Tabela 22 – Caracterização Hospitalar – Equip de Manutenção da Vida, Equip de Diagnóstico e Infra - 2025 ri lago de tucurui.xlsx",Lago de Tucuruí,2827,2.0
Tucuruí,7 Lago de Tucuruí,22,"Tabela 22 – Caracterização Hospitalar – Equip de Manutenção da Vida, Equip de Diagnóstico e Infra - 2025 ri lago de tucurui",20,"Tabela 22 – Caracterização Hospitalar – Equip de Manutenção da Vida, Equip de Diagnóstico e Infra - 2025 ri lago de tucurui","..\..\Desktop\tabelas-powerBI\7 Lago de Tucuruí\Tabela 22 – Caracterização Hospitalar – Equip de Manutenção da Vida, Equip de Diagnóstico e Infra - 2025 ri lago de tucurui.xlsx",Lago de Tucuruí,2827,40.0
Fonte: DATASUS,7 Lago de Tucuruí,22,"Tabela 22 – Caracterização Hospitalar – Equip de Manutenção da Vida, Equip de Diagnóstico e Infra - 2025 ri lago de tucurui",20,"Tabela 22 – Caracterização Hospitalar – Equip de Manutenção da Vida, Equip de Diagnóstico e Infra - 2025 ri lago de tucurui","..\..\Desktop\tabelas-powerBI\7 Lago de Tucuruí\Tabela 22 – Caracterização Hospitalar – Equip de Manutenção da Vida, Equip de Diagnóstico e Infra - 2025 ri lago de tucurui.xlsx",Lago de Tucuruí,2827,
Elaboração: FAPESPA,7 Lago de Tucuruí,22,"Tabela 22 – Caracterização Hospitalar – Equip de Manutenção da Vida, Equip de Diagnóstico e Infra - 2025 ri lago de tucurui",20,"Tabela 22 – Caracterização Hospitalar – Equip de Manutenção da Vida, Equip de Diagnóstico e Infra - 2025 ri lago de tucurui","..\..\Desktop\tabelas-powerBI\7 Lago de Tucuruí\Tabela 22 – Caracterização Hospitalar – Equip de Manutenção da Vida, Equip de Diagnóstico e Infra - 2025 ri lago de tucurui.xlsx",Lago de Tucuruí,2827,
*Nota: Dados referentes a Outubro/2025.,7 Lago de Tucuruí,22,"Tabela 22 – Caracterização Hospitalar – Equip de Manutenção da Vida, Equip de Diagnóstico e Infra - 2025 ri lago de tucurui",20,"Tabela 22 – Caracterização Hospitalar – Equip de Manutenção da Vida, Equip de Diagnóstico e Infra - 2025 ri lago de tucurui","..\..\Desktop\tabelas-powerBI\7 Lago de Tucuruí\Tabela 22 – Caracterização Hospitalar – Equip de Manutenção da Vida, Equip de Diagnóstico e Infra - 2025 ri lago de tucurui.xlsx",Lago de Tucuruí,2827,
RI Lago de Tucuruí,7 Lago de Tucuruí,22,"Tabela 22 – Caracterização Hospitalar – Equip de Manutenção da Vida, Equip de Diagnóstico e Infra - 2025 ri lago de tucurui",20,"Tabela 22 – Caracterização Hospitalar – Equip de Manutenção da Vida, Equip de Diagnóstico e Infra - 2025 ri lago de tucurui","..\..\Desktop\tabelas-powerBI\7 Lago de Tucuruí\Tabela 22 – Caracterização Hospitalar – Equip de Manutenção da Vida, Equip de Diagnóstico e Infra - 2025 ri lago de tucurui.xlsx",Lago de Tucuruí,2630,51.0
Breu Branco,7 Lago de Tucuruí,22,"Tabela 22 – Caracterização Hospitalar – Equip de Manutenção da Vida, Equip de Diagnóstico e Infra - 2025 ri lago de tucurui",20,"Tabela 22 – Caracterização Hospitalar – Equip de Manutenção da Vida, Equip de Diagnóstico e Infra - 2025 ri lago de tucurui","..\..\Desktop\tabelas-powerBI\7 Lago de Tucuruí\Tabela 22 – Caracterização Hospitalar – Equip de Manutenção da Vida, Equip de Diagnóstico e Infra - 2025 ri lago de tucurui.xlsx",Lago de Tucuruí,2630,0.0
Goianésia do Pará,7 Lago de Tucuruí,22,"Tabela 22 – Caracterização Hospitalar – Equip de Manutenção da Vida, Equip de Diagnóstico e Infra - 2025 ri lago de tucurui",20,"Tabela 22 – Caracterização Hospitalar – Equip de Manutenção da Vida, Equip de Diagnóstico e Infra - 2025 ri lago de tucurui","..\..\Desktop\tabelas-powerBI\7 Lago de Tucuruí\Tabela 22 – Caracterização Hospitalar – Equip de Manutenção da Vida, Equip de Diagnóstico e Infra - 2025 ri lago de tucurui.xlsx",Lago de Tucuruí,2630,0.0
Itupiranga,7 Lago de Tucuruí,22,"Tabela 22 – Caracterização Hospitalar – Equip de Manutenção da Vida, Equip de Diagnóstico e Infra - 2025 ri lago de tucurui",20,"Tabela 22 – Caracterização Hospitalar – Equip de Manutenção da Vida, Equip de Diagnóstico e Infra - 2025 ri lago de tucurui","..\..\Desktop\tabelas-powerBI\7 Lago de Tucuruí\Tabela 22 – Caracterização Hospitalar – Equip de Manutenção da Vida, Equip de Diagnóstico e Infra - 2025 ri lago de tucurui.xlsx",Lago de Tucuruí,2630,1.0
Jacundá,7 Lago de Tucuruí,22,"Tabela 22 – Caracterização Hospitalar – Equip de Manutenção da Vida, Equip de Diagnóstico e Infra - 2025 ri lago de tucurui",20,"Tabela 22 – Caracterização Hospitalar – Equip de Manutenção da Vida, Equip de Diagnóstico e Infra - 2025 ri lago de tucurui","..\..\Desktop\tabelas-powerBI\7 Lago de Tucuruí\Tabela 22 – Caracterização Hospitalar – Equip de Manutenção da Vida, Equip de Diagnóstico e Infra - 2025 ri lago de tucurui.xlsx",Lago de Tucuruí,2630,6.0
Nova Ipixuna,7 Lago de Tucuruí,22,"Tabela 22 – Caracterização Hospitalar – Equip de Manutenção da Vida, Equip de Diagnóstico e Infra - 2025 ri lago de tucurui",20,"Tabela 22 – Caracterização Hospitalar – Equip de Manutenção da Vida, Equip de Diagnóstico e Infra - 2025 ri lago de tucurui","..\..\Desktop\tabelas-powerBI\7 Lago de Tucuruí\Tabela 22 – Caracterização Hospitalar – Equip de Manutenção da Vida, Equip de Diagnóstico e Infra - 2025 ri lago de tucurui.xlsx",Lago de Tucuruí,2630,2.0
Novo Repartimento,7 Lago de Tucuruí,22,"Tabela 22 – Caracterização Hospitalar – Equip de Manutenção da Vida, Equip de Diagnóstico e Infra - 2025 ri lago de tucurui",20,"Tabela 22 – Caracterização Hospitalar – Equip de Manutenção da Vida, Equip de Diagnóstico e Infra - 2025 ri lago de tucurui","..\..\Desktop\tabelas-powerBI\7 Lago de Tucuruí\Tabela 22 – Caracterização Hospitalar – Equip de Manutenção da Vida, Equip de Diagnóstico e Infra - 2025 ri lago de tucurui.xlsx",Lago de Tucuruí,2630,2.0
Tucuruí,7 Lago de Tucuruí,22,"Tabela 22 – Caracterização Hospitalar – Equip de Manutenção da Vida, Equip de Diagnóstico e Infra - 2025 ri lago de tucurui",20,"Tabela 22 – Caracterização Hospitalar – Equip de Manutenção da Vida, Equip de Diagnóstico e Infra - 2025 ri lago de tucurui","..\..\Desktop\tabelas-powerBI\7 Lago de Tucuruí\Tabela 22 – Caracterização Hospitalar – Equip de Manutenção da Vida, Equip de Diagnóstico e Infra - 2025 ri lago de tucurui.xlsx",Lago de Tucuruí,2630,40.0
Fonte: DATASUS,7 Lago de Tucuruí,22,"Tabela 22 – Caracterização Hospitalar – Equip de Manutenção da Vida, Equip de Diagnóstico e Infra - 2025 ri lago de tucurui",20,"Tabela 22 – Caracterização Hospitalar – Equip de Manutenção da Vida, Equip de Diagnóstico e Infra - 2025 ri lago de tucurui","..\..\Desktop\tabelas-powerBI\7 Lago de Tucuruí\Tabela 22 – Caracterização Hospitalar – Equip de Manutenção da Vida, Equip de Diagnóstico e Infra - 2025 ri lago de tucurui.xlsx",Lago de Tucuruí,2630,
Elaboração: FAPESPA,7 Lago de Tucuruí,22,"Tabela 22 – Caracterização Hospitalar – Equip de Manutenção da Vida, Equip de Diagnóstico e Infra - 2025 ri lago de tucurui",20,"Tabela 22 – Caracterização Hospitalar – Equip de Manutenção da Vida, Equip de Diagnóstico e Infra - 2025 ri lago de tucurui","..\..\Desktop\tabelas-powerBI\7 Lago de Tucuruí\Tabela 22 – Caracterização Hospitalar – Equip de Manutenção da Vida, Equip de Diagnóstico e Infra - 2025 ri lago de tucurui.xlsx",Lago de Tucuruí,2630,
*Nota: Dados referentes a Outubro/2025.,7 Lago de Tucuruí,22,"Tabela 22 – Caracterização Hospitalar – Equip de Manutenção da Vida, Equip de Diagnóstico e Infra - 2025 ri lago de tucurui",20,"Tabela 22 – Caracterização Hospitalar – Equip de Manutenção da Vida, Equip de Diagnóstico e Infra - 2025 ri lago de tucurui","..\..\Desktop\tabelas-powerBI\7 Lago de Tucuruí\Tabela 22 – Caracterização Hospitalar – Equip de Manutenção da Vida, Equip de Diagnóstico e Infra - 2025 ri lago de tucurui.xlsx",Lago de Tucuruí,2630,
RI Lago de Tucuruí,7 Lago de Tucuruí,22,"Tabela 22 – Caracterização Hospitalar – Equip de Manutenção da Vida, Equip de Diagnóstico e Infra - 2025 ri lago de tucurui",20,"Tabela 22 – Caracterização Hospitalar – Equip de Manutenção da Vida, Equip de Diagnóstico e Infra - 2025 ri lago de tucurui","..\..\Desktop\tabelas-powerBI\7 Lago de Tucuruí\Tabela 22 – Caracterização Hospitalar – Equip de Manutenção da Vida, Equip de Diagnóstico e Infra - 2025 ri lago de tucurui.xlsx",Lago de Tucuruí,138,6.0
Breu Branco,7 Lago de Tucuruí,22,"Tabela 22 – Caracterização Hospitalar – Equip de Manutenção da Vida, Equip de Diagnóstico e Infra - 2025 ri lago de tucurui",20,"Tabela 22 – Caracterização Hospitalar – Equip de Manutenção da Vida, Equip de Diagnóstico e Infra - 2025 ri lago de tucurui","..\..\Desktop\tabelas-powerBI\7 Lago de Tucuruí\Tabela 22 – Caracterização Hospitalar – Equip de Manutenção da Vida, Equip de Diagnóstico e Infra - 2025 ri lago de tucurui.xlsx",Lago de Tucuruí,138,0.0
Goianésia do Pará,7 Lago de Tucuruí,22,"Tabela 22 – Caracterização Hospitalar – Equip de Manutenção da Vida, Equip de Diagnóstico e Infra - 2025 ri lago de tucurui",20,"Tabela 22 – Caracterização Hospitalar – Equip de Manutenção da Vida, Equip de Diagnóstico e Infra - 2025 ri lago de tucurui","..\..\Desktop\tabelas-powerBI\7 Lago de Tucuruí\Tabela 22 – Caracterização Hospitalar – Equip de Manutenção da Vida, Equip de Diagnóstico e Infra - 2025 ri lago de tucurui.xlsx",Lago de Tucuruí,138,0.0
Itupiranga,7 Lago de Tucuruí,22,"Tabela 22 – Caracterização Hospitalar – Equip de Manutenção da Vida, Equip de Diagnóstico e Infra - 2025 ri lago de tucurui",20,"Tabela 22 – Caracterização Hospitalar – Equip de Manutenção da Vida, Equip de Diagnóstico e Infra - 2025 ri lago de tucurui","..\..\Desktop\tabelas-powerBI\7 Lago de Tucuruí\Tabela 22 – Caracterização Hospitalar – Equip de Manutenção da Vida, Equip de Diagnóstico e Infra - 2025 ri lago de tucurui.xlsx",Lago de Tucuruí,138,0.0
Jacundá,7 Lago de Tucuruí,22,"Tabela 22 – Caracterização Hospitalar – Equip de Manutenção da Vida, Equip de Diagnóstico e Infra - 2025 ri lago de tucurui",20,"Tabela 22 – Caracterização Hospitalar – Equip de Manutenção da Vida, Equip de Diagnóstico e Infra - 2025 ri lago de tucurui","..\..\Desktop\tabelas-powerBI\7 Lago de Tucuruí\Tabela 22 – Caracterização Hospitalar – Equip de Manutenção da Vida, Equip de Diagnóstico e Infra - 2025 ri lago de tucurui.xlsx",Lago de Tucuruí,138,1.0
Nova Ipixuna,7 Lago de Tucuruí,22,"Tabela 22 – Caracterização Hospitalar – Equip de Manutenção da Vida, Equip de Diagnóstico e Infra - 2025 ri lago de tucurui",20,"Tabela 22 – Caracterização Hospitalar – Equip de Manutenção da Vida, Equip de Diagnóstico e Infra - 2025 ri lago de tucurui","..\..\Desktop\tabelas-powerBI\7 Lago de Tucuruí\Tabela 22 – Caracterização Hospitalar – Equip de Manutenção da Vida, Equip de Diagnóstico e Infra - 2025 ri lago de tucurui.xlsx",Lago de Tucuruí,138,0.0
Novo Repartimento,7 Lago de Tucuruí,22,"Tabela 22 – Caracterização Hospitalar – Equip de Manutenção da Vida, Equip de Diagnóstico e Infra - 2025 ri lago de tucurui",20,"Tabela 22 – Caracterização Hospitalar – Equip de Manutenção da Vida, Equip de Diagnóstico e Infra - 2025 ri lago de tucurui","..\..\Desktop\tabelas-powerBI\7 Lago de Tucuruí\Tabela 22 – Caracterização Hospitalar – Equip de Manutenção da Vida, Equip de Diagnóstico e Infra - 2025 ri lago de tucurui.xlsx",Lago de Tucuruí,138,0.0
Tucuruí,7 Lago de Tucuruí,22,"Tabela 22 – Caracterização Hospitalar – Equip de Manutenção da Vida, Equip de Diagnóstico e Infra - 2025 ri lago de tucurui",20,"Tabela 22 – Caracterização Hospitalar – Equip de Manutenção da Vida, Equip de Diagnóstico e Infra - 2025 ri lago de tucurui","..\..\Desktop\tabelas-powerBI\7 Lago de Tucuruí\Tabela 22 – Caracterização Hospitalar – Equip de Manutenção da Vida, Equip de Diagnóstico e Infra - 2025 ri lago de tucurui.xlsx",Lago de Tucuruí,138,5.0
Fonte: DATASUS,7 Lago de Tucuruí,22,"Tabela 22 – Caracterização Hospitalar – Equip de Manutenção da Vida, Equip de Diagnóstico e Infra - 2025 ri lago de tucurui",20,"Tabela 22 – Caracterização Hospitalar – Equip de Manutenção da Vida, Equip de Diagnóstico e Infra - 2025 ri lago de tucurui","..\..\Desktop\tabelas-powerBI\7 Lago de Tucuruí\Tabela 22 – Caracterização Hospitalar – Equip de Manutenção da Vida, Equip de Diagnóstico e Infra - 2025 ri lago de tucurui.xlsx",Lago de Tucuruí,138,
Elaboração: FAPESPA,7 Lago de Tucuruí,22,"Tabela 22 – Caracterização Hospitalar – Equip de Manutenção da Vida, Equip de Diagnóstico e Infra - 2025 ri lago de tucurui",20,"Tabela 22 – Caracterização Hospitalar – Equip de Manutenção da Vida, Equip de Diagnóstico e Infra - 2025 ri lago de tucurui","..\..\Desktop\tabelas-powerBI\7 Lago de Tucuruí\Tabela 22 – Caracterização Hospitalar – Equip de Manutenção da Vida, Equip de Diagnóstico e Infra - 2025 ri lago de tucurui.xlsx",Lago de Tucuruí,138,
*Nota: Dados referentes a Outubro/2025.,7 Lago de Tucuruí,22,"Tabela 22 – Caracterização Hospitalar – Equip de Manutenção da Vida, Equip de Diagnóstico e Infra - 2025 ri lago de tucurui",20,"Tabela 22 – Caracterização Hospitalar – Equip de Manutenção da Vida, Equip de Diagnóstico e Infra - 2025 ri lago de tucurui","..\..\Desktop\tabelas-powerBI\7 Lago de Tucuruí\Tabela 22 – Caracterização Hospitalar – Equip de Manutenção da Vida, Equip de Diagnóstico e Infra - 2025 ri lago de tucurui.xlsx",Lago de Tucuruí,138,
RI Lago de Tucuruí,7 Lago de Tucuruí,22,"Tabela 22 – Caracterização Hospitalar – Equip de Manutenção da Vida, Equip de Diagnóstico e Infra - 2025 ri lago de tucurui",20,"Tabela 22 – Caracterização Hospitalar – Equip de Manutenção da Vida, Equip de Diagnóstico e Infra - 2025 ri lago de tucurui","..\..\Desktop\tabelas-powerBI\7 Lago de Tucuruí\Tabela 22 – Caracterização Hospitalar – Equip de Manutenção da Vida, Equip de Diagnóstico e Infra - 2025 ri lago de tucurui.xlsx",Lago de Tucuruí,132,6.0
Breu Branco,7 Lago de Tucuruí,22,"Tabela 22 – Caracterização Hospitalar – Equip de Manutenção da Vida, Equip de Diagnóstico e Infra - 2025 ri lago de tucurui",20,"Tabela 22 – Caracterização Hospitalar – Equip de Manutenção da Vida, Equip de Diagnóstico e Infra - 2025 ri lago de tucurui","..\..\Desktop\tabelas-powerBI\7 Lago de Tucuruí\Tabela 22 – Caracterização Hospitalar – Equip de Manutenção da Vida, Equip de Diagnóstico e Infra - 2025 ri lago de tucurui.xlsx",Lago de Tucuruí,132,0.0
Goianésia do Pará,7 Lago de Tucuruí,22,"Tabela 22 – Caracterização Hospitalar – Equip de Manutenção da Vida, Equip de Diagnóstico e Infra - 2025 ri lago de tucurui",20,"Tabela 22 – Caracterização Hospitalar – Equip de Manutenção da Vida, Equip de Diagnóstico e Infra - 2025 ri lago de tucurui","..\..\Desktop\tabelas-powerBI\7 Lago de Tucuruí\Tabela 22 – Caracterização Hospitalar – Equip de Manutenção da Vida, Equip de Diagnóstico e Infra - 2025 ri lago de tucurui.xlsx",Lago de Tucuruí,132,0.0
Itupiranga,7 Lago de Tucuruí,22,"Tabela 22 – Caracterização Hospitalar – Equip de Manutenção da Vida, Equip de Diagnóstico e Infra - 2025 ri lago de tucurui",20,"Tabela 22 – Caracterização Hospitalar – Equip de Manutenção da Vida, Equip de Diagnóstico e Infra - 2025 ri lago de tucurui","..\..\Desktop\tabelas-powerBI\7 Lago de Tucuruí\Tabela 22 – Caracterização Hospitalar – Equip de Manutenção da Vida, Equip de Diagnóstico e Infra - 2025 ri lago de tucurui.xlsx",Lago de Tucuruí,132,0.0
Jacundá,7 Lago de Tucuruí,22,"Tabela 22 – Caracterização Hospitalar – Equip de Manutenção da Vida, Equip de Diagnóstico e Infra - 2025 ri lago de tucurui",20,"Tabela 22 – Caracterização Hospitalar – Equip de Manutenção da Vida, Equip de Diagnóstico e Infra - 2025 ri lago de tucurui","..\..\Desktop\tabelas-powerBI\7 Lago de Tucuruí\Tabela 22 – Caracterização Hospitalar – Equip de Manutenção da Vida, Equip de Diagnóstico e Infra - 2025 ri lago de tucurui.xlsx",Lago de Tucuruí,132,1.0
Nova Ipixuna,7 Lago de Tucuruí,22,"Tabela 22 – Caracterização Hospitalar – Equip de Manutenção da Vida, Equip de Diagnóstico e Infra - 2025 ri lago de tucurui",20,"Tabela 22 – Caracterização Hospitalar – Equip de Manutenção da Vida, Equip de Diagnóstico e Infra - 2025 ri lago de tucurui","..\..\Desktop\tabelas-powerBI\7 Lago de Tucuruí\Tabela 22 – Caracterização Hospitalar – Equip de Manutenção da Vida, Equip de Diagnóstico e Infra - 2025 ri lago de tucurui.xlsx",Lago de Tucuruí,132,0.0
Novo Repartimento,7 Lago de Tucuruí,22,"Tabela 22 – Caracterização Hospitalar – Equip de Manutenção da Vida, Equip de Diagnóstico e Infra - 2025 ri lago de tucurui",20,"Tabela 22 – Caracterização Hospitalar – Equip de Manutenção da Vida, Equip de Diagnóstico e Infra - 2025 ri lago de tucurui","..\..\Desktop\tabelas-powerBI\7 Lago de Tucuruí\Tabela 22 – Caracterização Hospitalar – Equip de Manutenção da Vida, Equip de Diagnóstico e Infra - 2025 ri lago de tucurui.xlsx",Lago de Tucuruí,132,0.0
Tucuruí,7 Lago de Tucuruí,22,"Tabela 22 – Caracterização Hospitalar – Equip de Manutenção da Vida, Equip de Diagnóstico e Infra - 2025 ri lago de tucurui",20,"Tabela 22 – Caracterização Hospitalar – Equip de Manutenção da Vida, Equip de Diagnóstico e Infra - 2025 ri lago de tucurui","..\..\Desktop\tabelas-powerBI\7 Lago de Tucuruí\Tabela 22 – Caracterização Hospitalar – Equip de Manutenção da Vida, Equip de Diagnóstico e Infra - 2025 ri lago de tucurui.xlsx",Lago de Tucuruí,132,5.0
Fonte: DATASUS,7 Lago de Tucuruí,22,"Tabela 22 – Caracterização Hospitalar – Equip de Manutenção da Vida, Equip de Diagnóstico e Infra - 2025 ri lago de tucurui",20,"Tabela 22 – Caracterização Hospitalar – Equip de Manutenção da Vida, Equip de Diagnóstico e Infra - 2025 ri lago de tucurui","..\..\Desktop\tabelas-powerBI\7 Lago de Tucuruí\Tabela 22 – Caracterização Hospitalar – Equip de Manutenção da Vida, Equip de Diagnóstico e Infra - 2025 ri lago de tucurui.xlsx",Lago de Tucuruí,132,
Elaboração: FAPESPA,7 Lago de Tucuruí,22,"Tabela 22 – Caracterização Hospitalar – Equip de Manutenção da Vida, Equip de Diagnóstico e Infra - 2025 ri lago de tucurui",20,"Tabela 22 – Caracterização Hospitalar – Equip de Manutenção da Vida, Equip de Diagnóstico e Infra - 2025 ri lago de tucurui","..\..\Desktop\tabelas-powerBI\7 Lago de Tucuruí\Tabela 22 – Caracterização Hospitalar – Equip de Manutenção da Vida, Equip de Diagnóstico e Infra - 2025 ri lago de tucurui.xlsx",Lago de Tucuruí,132,
*Nota: Dados referentes a Outubro/2025.,7 Lago de Tucuruí,22,"Tabela 22 – Caracterização Hospitalar – Equip de Manutenção da Vida, Equip de Diagnóstico e Infra - 2025 ri lago de tucurui",20,"Tabela 22 – Caracterização Hospitalar – Equip de Manutenção da Vida, Equip de Diagnóstico e Infra - 2025 ri lago de tucurui","..\..\Desktop\tabelas-powerBI\7 Lago de Tucuruí\Tabela 22 – Caracterização Hospitalar – Equip de Manutenção da Vida, Equip de Diagnóstico e Infra - 2025 ri lago de tucurui.xlsx",Lago de Tucuruí,132,
RI Lago de Tucuruí,7 Lago de Tucuruí,22,"Tabela 22 – Caracterização Hospitalar – Equip de Manutenção da Vida, Equip de Diagnóstico e Infra - 2025 ri lago de tucurui",20,"Tabela 22 – Caracterização Hospitalar – Equip de Manutenção da Vida, Equip de Diagnóstico e Infra - 2025 ri lago de tucurui","..\..\Desktop\tabelas-powerBI\7 Lago de Tucuruí\Tabela 22 – Caracterização Hospitalar – Equip de Manutenção da Vida, Equip de Diagnóstico e Infra - 2025 ri lago de tucurui.xlsx",Lago de Tucuruí,424,20.0
Breu Branco,7 Lago de Tucuruí,22,"Tabela 22 – Caracterização Hospitalar – Equip de Manutenção da Vida, Equip de Diagnóstico e Infra - 2025 ri lago de tucurui",20,"Tabela 22 – Caracterização Hospitalar – Equip de Manutenção da Vida, Equip de Diagnóstico e Infra - 2025 ri lago de tucurui","..\..\Desktop\tabelas-powerBI\7 Lago de Tucuruí\Tabela 22 – Caracterização Hospitalar – Equip de Manutenção da Vida, Equip de Diagnóstico e Infra - 2025 ri lago de tucurui.xlsx",Lago de Tucuruí,424,2.0
Goianésia do Pará,7 Lago de Tucuruí,22,"Tabela 22 – Caracterização Hospitalar – Equip de Manutenção da Vida, Equip de Diagnóstico e Infra - 2025 ri lago de tucurui",20,"Tabela 22 – Caracterização Hospitalar – Equip de Manutenção da Vida, Equip de Diagnóstico e Infra - 2025 ri lago de tucurui","..\..\Desktop\tabelas-powerBI\7 Lago de Tucuruí\Tabela 22 – Caracterização Hospitalar – Equip de Manutenção da Vida, Equip de Diagnóstico e Infra - 2025 ri lago de tucurui.xlsx",Lago de Tucuruí,424,1.0
Itupiranga,7 Lago de Tucuruí,22,"Tabela 22 – Caracterização Hospitalar – Equip de Manutenção da Vida, Equip de Diagnóstico e Infra - 2025 ri lago de tucurui",20,"Tabela 22 – Caracterização Hospitalar – Equip de Manutenção da Vida, Equip de Diagnóstico e Infra - 2025 ri lago de tucurui","..\..\Desktop\tabelas-powerBI\7 Lago de Tucuruí\Tabela 22 – Caracterização Hospitalar – Equip de Manutenção da Vida, Equip de Diagnóstico e Infra - 2025 ri lago de tucurui.xlsx",Lago de Tucuruí,424,1.0
Jacundá,7 Lago de Tucuruí,22,"Tabela 22 – Caracterização Hospitalar – Equip de Manutenção da Vida, Equip de Diagnóstico e Infra - 2025 ri lago de tucurui",20,"Tabela 22 – Caracterização Hospitalar – Equip de Manutenção da Vida, Equip de Diagnóstico e Infra - 2025 ri lago de tucurui","..\..\Desktop\tabelas-powerBI\7 Lago de Tucuruí\Tabela 22 – Caracterização Hospitalar – Equip de Manutenção da Vida, Equip de Diagnóstico e Infra - 2025 ri lago de tucurui.xlsx",Lago de Tucuruí,424,2.0
Nova Ipixuna,7 Lago de Tucuruí,22,"Tabela 22 – Caracterização Hospitalar – Equip de Manutenção da Vida, Equip de Diagnóstico e Infra - 2025 ri lago de tucurui",20,"Tabela 22 – Caracterização Hospitalar – Equip de Manutenção da Vida, Equip de Diagnóstico e Infra - 2025 ri lago de tucurui","..\..\Desktop\tabelas-powerBI\7 Lago de Tucuruí\Tabela 22 – Caracterização Hospitalar – Equip de Manutenção da Vida, Equip de Diagnóstico e Infra - 2025 ri lago de tucurui.xlsx",Lago de Tucuruí,424,1.0
Novo Repartimento,7 Lago de Tucuruí,22,"Tabela 22 – Caracterização Hospitalar – Equip de Manutenção da Vida, Equip de Diagnóstico e Infra - 2025 ri lago de tucurui",20,"Tabela 22 – Caracterização Hospitalar – Equip de Manutenção da Vida, Equip de Diagnóstico e Infra - 2025 ri lago de tucurui","..\..\Desktop\tabelas-powerBI\7 Lago de Tucuruí\Tabela 22 – Caracterização Hospitalar – Equip de Manutenção da Vida, Equip de Diagnóstico e Infra - 2025 ri lago de tucurui.xlsx",Lago de Tucuruí,424,4.0
Tucuruí,7 Lago de Tucuruí,22,"Tabela 22 – Caracterização Hospitalar – Equip de Manutenção da Vida, Equip de Diagnóstico e Infra - 2025 ri lago de tucurui",20,"Tabela 22 – Caracterização Hospitalar – Equip de Manutenção da Vida, Equip de Diagnóstico e Infra - 2025 ri lago de tucurui","..\..\Desktop\tabelas-powerBI\7 Lago de Tucuruí\Tabela 22 – Caracterização Hospitalar – Equip de Manutenção da Vida, Equip de Diagnóstico e Infra - 2025 ri lago de tucurui.xlsx",Lago de Tucuruí,424,9.0
Fonte: DATASUS,7 Lago de Tucuruí,22,"Tabela 22 – Caracterização Hospitalar – Equip de Manutenção da Vida, Equip de Diagnóstico e Infra - 2025 ri lago de tucurui",20,"Tabela 22 – Caracterização Hospitalar – Equip de Manutenção da Vida, Equip de Diagnóstico e Infra - 2025 ri lago de tucurui","..\..\Desktop\tabelas-powerBI\7 Lago de Tucuruí\Tabela 22 – Caracterização Hospitalar – Equip de Manutenção da Vida, Equip de Diagnóstico e Infra - 2025 ri lago de tucurui.xlsx",Lago de Tucuruí,424,
Elaboração: FAPESPA,7 Lago de Tucuruí,22,"Tabela 22 – Caracterização Hospitalar – Equip de Manutenção da Vida, Equip de Diagnóstico e Infra - 2025 ri lago de tucurui",20,"Tabela 22 – Caracterização Hospitalar – Equip de Manutenção da Vida, Equip de Diagnóstico e Infra - 2025 ri lago de tucurui","..\..\Desktop\tabelas-powerBI\7 Lago de Tucuruí\Tabela 22 – Caracterização Hospitalar – Equip de Manutenção da Vida, Equip de Diagnóstico e Infra - 2025 ri lago de tucurui.xlsx",Lago de Tucuruí,424,
*Nota: Dados referentes a Outubro/2025.,7 Lago de Tucuruí,22,"Tabela 22 – Caracterização Hospitalar – Equip de Manutenção da Vida, Equip de Diagnóstico e Infra - 2025 ri lago de tucurui",20,"Tabela 22 – Caracterização Hospitalar – Equip de Manutenção da Vida, Equip de Diagnóstico e Infra - 2025 ri lago de tucurui","..\..\Desktop\tabelas-powerBI\7 Lago de Tucuruí\Tabela 22 – Caracterização Hospitalar – Equip de Manutenção da Vida, Equip de Diagnóstico e Infra - 2025 ri lago de tucurui.xlsx",Lago de Tucuruí,424,
RI Lago de Tucuruí,7 Lago de Tucuruí,22,"Tabela 22 – Caracterização Hospitalar – Equip de Manutenção da Vida, Equip de Diagnóstico e Infra - 2025 ri lago de tucurui",20,"Tabela 22 – Caracterização Hospitalar – Equip de Manutenção da Vida, Equip de Diagnóstico e Infra - 2025 ri lago de tucurui","..\..\Desktop\tabelas-powerBI\7 Lago de Tucuruí\Tabela 22 – Caracterização Hospitalar – Equip de Manutenção da Vida, Equip de Diagnóstico e Infra - 2025 ri lago de tucurui.xlsx",Lago de Tucuruí,410,20.0
Breu Branco,7 Lago de Tucuruí,22,"Tabela 22 – Caracterização Hospitalar – Equip de Manutenção da Vida, Equip de Diagnóstico e Infra - 2025 ri lago de tucurui",20,"Tabela 22 – Caracterização Hospitalar – Equip de Manutenção da Vida, Equip de Diagnóstico e Infra - 2025 ri lago de tucurui","..\..\Desktop\tabelas-powerBI\7 Lago de Tucuruí\Tabela 22 – Caracterização Hospitalar – Equip de Manutenção da Vida, Equip de Diagnóstico e Infra - 2025 ri lago de tucurui.xlsx",Lago de Tucuruí,410,2.0
Goianésia do Pará,7 Lago de Tucuruí,22,"Tabela 22 – Caracterização Hospitalar – Equip de Manutenção da Vida, Equip de Diagnóstico e Infra - 2025 ri lago de tucurui",20,"Tabela 22 – Caracterização Hospitalar – Equip de Manutenção da Vida, Equip de Diagnóstico e Infra - 2025 ri lago de tucurui","..\..\Desktop\tabelas-powerBI\7 Lago de Tucuruí\Tabela 22 – Caracterização Hospitalar – Equip de Manutenção da Vida, Equip de Diagnóstico e Infra - 2025 ri lago de tucurui.xlsx",Lago de Tucuruí,410,1.0
Itupiranga,7 Lago de Tucuruí,22,"Tabela 22 – Caracterização Hospitalar – Equip de Manutenção da Vida, Equip de Diagnóstico e Infra - 2025 ri lago de tucurui",20,"Tabela 22 – Caracterização Hospitalar – Equip de Manutenção da Vida, Equip de Diagnóstico e Infra - 2025 ri lago de tucurui","..\..\Desktop\tabelas-powerBI\7 Lago de Tucuruí\Tabela 22 – Caracterização Hospitalar – Equip de Manutenção da Vida, Equip de Diagnóstico e Infra - 2025 ri lago de tucurui.xlsx",Lago de Tucuruí,410,1.0
Jacundá,7 Lago de Tucuruí,22,"Tabela 22 – Caracterização Hospitalar – Equip de Manutenção da Vida, Equip de Diagnóstico e Infra - 2025 ri lago de tucurui",20,"Tabela 22 – Caracterização Hospitalar – Equip de Manutenção da Vida, Equip de Diagnóstico e Infra - 2025 ri lago de tucurui","..\..\Desktop\tabelas-powerBI\7 Lago de Tucuruí\Tabela 22 – Caracterização Hospitalar – Equip de Manutenção da Vida, Equip de Diagnóstico e Infra - 2025 ri lago de tucurui.xlsx",Lago de Tucuruí,410,2.0
Nova Ipixuna,7 Lago de Tucuruí,22,"Tabela 22 – Caracterização Hospitalar – Equip de Manutenção da Vida, Equip de Diagnóstico e Infra - 2025 ri lago de tucurui",20,"Tabela 22 – Caracterização Hospitalar – Equip de Manutenção da Vida, Equip de Diagnóstico e Infra - 2025 ri lago de tucurui","..\..\Desktop\tabelas-powerBI\7 Lago de Tucuruí\Tabela 22 – Caracterização Hospitalar – Equip de Manutenção da Vida, Equip de Diagnóstico e Infra - 2025 ri lago de tucurui.xlsx",Lago de Tucuruí,410,1.0
Novo Repartimento,7 Lago de Tucuruí,22,"Tabela 22 – Caracterização Hospitalar – Equip de Manutenção da Vida, Equip de Diagnóstico e Infra - 2025 ri lago de tucurui",20,"Tabela 22 – Caracterização Hospitalar – Equip de Manutenção da Vida, Equip de Diagnóstico e Infra - 2025 ri lago de tucurui","..\..\Desktop\tabelas-powerBI\7 Lago de Tucuruí\Tabela 22 – Caracterização Hospitalar – Equip de Manutenção da Vida, Equip de Diagnóstico e Infra - 2025 ri lago de tucurui.xlsx",Lago de Tucuruí,410,4.0
Tucuruí,7 Lago de Tucuruí,22,"Tabela 22 – Caracterização Hospitalar – Equip de Manutenção da Vida, Equip de Diagnóstico e Infra - 2025 ri lago de tucurui",20,"Tabela 22 – Caracterização Hospitalar – Equip de Manutenção da Vida, Equip de Diagnóstico e Infra - 2025 ri lago de tucurui","..\..\Desktop\tabelas-powerBI\7 Lago de Tucuruí\Tabela 22 – Caracterização Hospitalar – Equip de Manutenção da Vida, Equip de Diagnóstico e Infra - 2025 ri lago de tucurui.xlsx",Lago de Tucuruí,410,9.0
Fonte: DATASUS,7 Lago de Tucuruí,22,"Tabela 22 – Caracterização Hospitalar – Equip de Manutenção da Vida, Equip de Diagnóstico e Infra - 2025 ri lago de tucurui",20,"Tabela 22 – Caracterização Hospitalar – Equip de Manutenção da Vida, Equip de Diagnóstico e Infra - 2025 ri lago de tucurui","..\..\Desktop\tabelas-powerBI\7 Lago de Tucuruí\Tabela 22 – Caracterização Hospitalar – Equip de Manutenção da Vida, Equip de Diagnóstico e Infra - 2025 ri lago de tucurui.xlsx",Lago de Tucuruí,410,
Elaboração: FAPESPA,7 Lago de Tucuruí,22,"Tabela 22 – Caracterização Hospitalar – Equip de Manutenção da Vida, Equip de Diagnóstico e Infra - 2025 ri lago de tucurui",20,"Tabela 22 – Caracterização Hospitalar – Equip de Manutenção da Vida, Equip de Diagnóstico e Infra - 2025 ri lago de tucurui","..\..\Desktop\tabelas-powerBI\7 Lago de Tucuruí\Tabela 22 – Caracterização Hospitalar – Equip de Manutenção da Vida, Equip de Diagnóstico e Infra - 2025 ri lago de tucurui.xlsx",Lago de Tucuruí,410,
*Nota: Dados referentes a Outubro/2025.,7 Lago de Tucuruí,22,"Tabela 22 – Caracterização Hospitalar – Equip de Manutenção da Vida, Equip de Diagnóstico e Infra - 2025 ri lago de tucurui",20,"Tabela 22 – Caracterização Hospitalar – Equip de Manutenção da Vida, Equip de Diagnóstico e Infra - 2025 ri lago de tucurui","..\..\Desktop\tabelas-powerBI\7 Lago de Tucuruí\Tabela 22 – Caracterização Hospitalar – Equip de Manutenção da Vida, Equip de Diagnóstico e Infra - 2025 ri lago de tucurui.xlsx",Lago de Tucuruí,410,
RI Lago de Tucuruí,7 Lago de Tucuruí,22,"Tabela 22 – Caracterização Hospitalar – Equip de Manutenção da Vida, Equip de Diagnóstico e Infra - 2025 ri lago de tucurui",20,"Tabela 22 – Caracterização Hospitalar – Equip de Manutenção da Vida, Equip de Diagnóstico e Infra - 2025 ri lago de tucurui","..\..\Desktop\tabelas-powerBI\7 Lago de Tucuruí\Tabela 22 – Caracterização Hospitalar – Equip de Manutenção da Vida, Equip de Diagnóstico e Infra - 2025 ri lago de tucurui.xlsx",Lago de Tucuruí,239,10.0
Breu Branco,7 Lago de Tucuruí,22,"Tabela 22 – Caracterização Hospitalar – Equip de Manutenção da Vida, Equip de Diagnóstico e Infra - 2025 ri lago de tucurui",20,"Tabela 22 – Caracterização Hospitalar – Equip de Manutenção da Vida, Equip de Diagnóstico e Infra - 2025 ri lago de tucurui","..\..\Desktop\tabelas-powerBI\7 Lago de Tucuruí\Tabela 22 – Caracterização Hospitalar – Equip de Manutenção da Vida, Equip de Diagnóstico e Infra - 2025 ri lago de tucurui.xlsx",Lago de Tucuruí,239,0.0
Goianésia do Pará,7 Lago de Tucuruí,22,"Tabela 22 – Caracterização Hospitalar – Equip de Manutenção da Vida, Equip de Diagnóstico e Infra - 2025 ri lago de tucurui",20,"Tabela 22 – Caracterização Hospitalar – Equip de Manutenção da Vida, Equip de Diagnóstico e Infra - 2025 ri lago de tucurui","..\..\Desktop\tabelas-powerBI\7 Lago de Tucuruí\Tabela 22 – Caracterização Hospitalar – Equip de Manutenção da Vida, Equip de Diagnóstico e Infra - 2025 ri lago de tucurui.xlsx",Lago de Tucuruí,239,1.0
Itupiranga,7 Lago de Tucuruí,22,"Tabela 22 – Caracterização Hospitalar – Equip de Manutenção da Vida, Equip de Diagnóstico e Infra - 2025 ri lago de tucurui",20,"Tabela 22 – Caracterização Hospitalar – Equip de Manutenção da Vida, Equip de Diagnóstico e Infra - 2025 ri lago de tucurui","..\..\Desktop\tabelas-powerBI\7 Lago de Tucuruí\Tabela 22 – Caracterização Hospitalar – Equip de Manutenção da Vida, Equip de Diagnóstico e Infra - 2025 ri lago de tucurui.xlsx",Lago de Tucuruí,239,0.0
Jacundá,7 Lago de Tucuruí,22,"Tabela 22 – Caracterização Hospitalar – Equip de Manutenção da Vida, Equip de Diagnóstico e Infra - 2025 ri lago de tucurui",20,"Tabela 22 – Caracterização Hospitalar – Equip de Manutenção da Vida, Equip de Diagnóstico e Infra - 2025 ri lago de tucurui","..\..\Desktop\tabelas-powerBI\7 Lago de Tucuruí\Tabela 22 – Caracterização Hospitalar – Equip de Manutenção da Vida, Equip de Diagnóstico e Infra - 2025 ri lago de tucurui.xlsx",Lago de Tucuruí,239,1.0
Nova Ipixuna,7 Lago de Tucuruí,22,"Tabela 22 – Caracterização Hospitalar – Equip de Manutenção da Vida, Equip de Diagnóstico e Infra - 2025 ri lago de tucurui",20,"Tabela 22 – Caracterização Hospitalar – Equip de Manutenção da Vida, Equip de Diagnóstico e Infra - 2025 ri lago de tucurui","..\..\Desktop\tabelas-powerBI\7 Lago de Tucuruí\Tabela 22 – Caracterização Hospitalar – Equip de Manutenção da Vida, Equip de Diagnóstico e Infra - 2025 ri lago de tucurui.xlsx",Lago de Tucuruí,239,0.0
Novo Repartimento,7 Lago de Tucuruí,22,"Tabela 22 – Caracterização Hospitalar – Equip de Manutenção da Vida, Equip de Diagnóstico e Infra - 2025 ri lago de tucurui",20,"Tabela 22 – Caracterização Hospitalar – Equip de Manutenção da Vida, Equip de Diagnóstico e Infra - 2025 ri lago de tucurui","..\..\Desktop\tabelas-powerBI\7 Lago de Tucuruí\Tabela 22 – Caracterização Hospitalar – Equip de Manutenção da Vida, Equip de Diagnóstico e Infra - 2025 ri lago de tucurui.xlsx",Lago de Tucuruí,239,2.0
Tucuruí,7 Lago de Tucuruí,22,"Tabela 22 – Caracterização Hospitalar – Equip de Manutenção da Vida, Equip de Diagnóstico e Infra - 2025 ri lago de tucurui",20,"Tabela 22 – Caracterização Hospitalar – Equip de Manutenção da Vida, Equip de Diagnóstico e Infra - 2025 ri lago de tucurui","..\..\Desktop\tabelas-powerBI\7 Lago de Tucuruí\Tabela 22 – Caracterização Hospitalar – Equip de Manutenção da Vida, Equip de Diagnóstico e Infra - 2025 ri lago de tucurui.xlsx",Lago de Tucuruí,239,6.0
Fonte: DATASUS,7 Lago de Tucuruí,22,"Tabela 22 – Caracterização Hospitalar – Equip de Manutenção da Vida, Equip de Diagnóstico e Infra - 2025 ri lago de tucurui",20,"Tabela 22 – Caracterização Hospitalar – Equip de Manutenção da Vida, Equip de Diagnóstico e Infra - 2025 ri lago de tucurui","..\..\Desktop\tabelas-powerBI\7 Lago de Tucuruí\Tabela 22 – Caracterização Hospitalar – Equip de Manutenção da Vida, Equip de Diagnóstico e Infra - 2025 ri lago de tucurui.xlsx",Lago de Tucuruí,239,
Elaboração: FAPESPA,7 Lago de Tucuruí,22,"Tabela 22 – Caracterização Hospitalar – Equip de Manutenção da Vida, Equip de Diagnóstico e Infra - 2025 ri lago de tucurui",20,"Tabela 22 – Caracterização Hospitalar – Equip de Manutenção da Vida, Equip de Diagnóstico e Infra - 2025 ri lago de tucurui","..\..\Desktop\tabelas-powerBI\7 Lago de Tucuruí\Tabela 22 – Caracterização Hospitalar – Equip de Manutenção da Vida, Equip de Diagnóstico e Infra - 2025 ri lago de tucurui.xlsx",Lago de Tucuruí,239,
*Nota: Dados referentes a Outubro/2025.,7 Lago de Tucuruí,22,"Tabela 22 – Caracterização Hospitalar – Equip de Manutenção da Vida, Equip de Diagnóstico e Infra - 2025 ri lago de tucurui",20,"Tabela 22 – Caracterização Hospitalar – Equip de Manutenção da Vida, Equip de Diagnóstico e Infra - 2025 ri lago de tucurui","..\..\Desktop\tabelas-powerBI\7 Lago de Tucuruí\Tabela 22 – Caracterização Hospitalar – Equip de Manutenção da Vida, Equip de Diagnóstico e Infra - 2025 ri lago de tucurui.xlsx",Lago de Tucuruí,239,
RI Lago de Tucuruí,7 Lago de Tucuruí,22,"Tabela 22 – Caracterização Hospitalar – Equip de Manutenção da Vida, Equip de Diagnóstico e Infra - 2025 ri lago de tucurui",20,"Tabela 22 – Caracterização Hospitalar – Equip de Manutenção da Vida, Equip de Diagnóstico e Infra - 2025 ri lago de tucurui","..\..\Desktop\tabelas-powerBI\7 Lago de Tucuruí\Tabela 22 – Caracterização Hospitalar – Equip de Manutenção da Vida, Equip de Diagnóstico e Infra - 2025 ri lago de tucurui.xlsx",Lago de Tucuruí,234,9.0
Breu Branco,7 Lago de Tucuruí,22,"Tabela 22 – Caracterização Hospitalar – Equip de Manutenção da Vida, Equip de Diagnóstico e Infra - 2025 ri lago de tucurui",20,"Tabela 22 – Caracterização Hospitalar – Equip de Manutenção da Vida, Equip de Diagnóstico e Infra - 2025 ri lago de tucurui","..\..\Desktop\tabelas-powerBI\7 Lago de Tucuruí\Tabela 22 – Caracterização Hospitalar – Equip de Manutenção da Vida, Equip de Diagnóstico e Infra - 2025 ri lago de tucurui.xlsx",Lago de Tucuruí,234,0.0
Goianésia do Pará,7 Lago de Tucuruí,22,"Tabela 22 – Caracterização Hospitalar – Equip de Manutenção da Vida, Equip de Diagnóstico e Infra - 2025 ri lago de tucurui",20,"Tabela 22 – Caracterização Hospitalar – Equip de Manutenção da Vida, Equip de Diagnóstico e Infra - 2025 ri lago de tucurui","..\..\Desktop\tabelas-powerBI\7 Lago de Tucuruí\Tabela 22 – Caracterização Hospitalar – Equip de Manutenção da Vida, Equip de Diagnóstico e Infra - 2025 ri lago de tucurui.xlsx",Lago de Tucuruí,234,1.0
Itupiranga,7 Lago de Tucuruí,22,"Tabela 22 – Caracterização Hospitalar – Equip de Manutenção da Vida, Equip de Diagnóstico e Infra - 2025 ri lago de tucurui",20,"Tabela 22 – Caracterização Hospitalar – Equip de Manutenção da Vida, Equip de Diagnóstico e Infra - 2025 ri lago de tucurui","..\..\Desktop\tabelas-powerBI\7 Lago de Tucuruí\Tabela 22 – Caracterização Hospitalar – Equip de Manutenção da Vida, Equip de Diagnóstico e Infra - 2025 ri lago de tucurui.xlsx",Lago de Tucuruí,234,0.0
Jacundá,7 Lago de Tucuruí,22,"Tabela 22 – Caracterização Hospitalar – Equip de Manutenção da Vida, Equip de Diagnóstico e Infra - 2025 ri lago de tucurui",20,"Tabela 22 – Caracterização Hospitalar – Equip de Manutenção da Vida, Equip de Diagnóstico e Infra - 2025 ri lago de tucurui","..\..\Desktop\tabelas-powerBI\7 Lago de Tucuruí\Tabela 22 – Caracterização Hospitalar – Equip de Manutenção da Vida, Equip de Diagnóstico e Infra - 2025 ri lago de tucurui.xlsx",Lago de Tucuruí,234,1.0
Nova Ipixuna,7 Lago de Tucuruí,22,"Tabela 22 – Caracterização Hospitalar – Equip de Manutenção da Vida, Equip de Diagnóstico e Infra - 2025 ri lago de tucurui",20,"Tabela 22 – Caracterização Hospitalar – Equip de Manutenção da Vida, Equip de Diagnóstico e Infra - 2025 ri lago de tucurui","..\..\Desktop\tabelas-powerBI\7 Lago de Tucuruí\Tabela 22 – Caracterização Hospitalar – Equip de Manutenção da Vida, Equip de Diagnóstico e Infra - 2025 ri lago de tucurui.xlsx",Lago de Tucuruí,234,0.0
Novo Repartimento,7 Lago de Tucuruí,22,"Tabela 22 – Caracterização Hospitalar – Equip de Manutenção da Vida, Equip de Diagnóstico e Infra - 2025 ri lago de tucurui",20,"Tabela 22 – Caracterização Hospitalar – Equip de Manutenção da Vida, Equip de Diagnóstico e Infra - 2025 ri lago de tucurui","..\..\Desktop\tabelas-powerBI\7 Lago de Tucuruí\Tabela 22 – Caracterização Hospitalar – Equip de Manutenção da Vida, Equip de Diagnóstico e Infra - 2025 ri lago de tucurui.xlsx",Lago de Tucuruí,234,2.0
Tucuruí,7 Lago de Tucuruí,22,"Tabela 22 – Caracterização Hospitalar – Equip de Manutenção da Vida, Equip de Diagnóstico e Infra - 2025 ri lago de tucurui",20,"Tabela 22 – Caracterização Hospitalar – Equip de Manutenção da Vida, Equip de Diagnóstico e Infra - 2025 ri lago de tucurui","..\..\Desktop\tabelas-powerBI\7 Lago de Tucuruí\Tabela 22 – Caracterização Hospitalar – Equip de Manutenção da Vida, Equip de Diagnóstico e Infra - 2025 ri lago de tucurui.xlsx",Lago de Tucuruí,234,5.0
Fonte: DATASUS,7 Lago de Tucuruí,22,"Tabela 22 – Caracterização Hospitalar – Equip de Manutenção da Vida, Equip de Diagnóstico e Infra - 2025 ri lago de tucurui",20,"Tabela 22 – Caracterização Hospitalar – Equip de Manutenção da Vida, Equip de Diagnóstico e Infra - 2025 ri lago de tucurui","..\..\Desktop\tabelas-powerBI\7 Lago de Tucuruí\Tabela 22 – Caracterização Hospitalar – Equip de Manutenção da Vida, Equip de Diagnóstico e Infra - 2025 ri lago de tucurui.xlsx",Lago de Tucuruí,234,
Elaboração: FAPESPA,7 Lago de Tucuruí,22,"Tabela 22 – Caracterização Hospitalar – Equip de Manutenção da Vida, Equip de Diagnóstico e Infra - 2025 ri lago de tucurui",20,"Tabela 22 – Caracterização Hospitalar – Equip de Manutenção da Vida, Equip de Diagnóstico e Infra - 2025 ri lago de tucurui","..\..\Desktop\tabelas-powerBI\7 Lago de Tucuruí\Tabela 22 – Caracterização Hospitalar – Equip de Manutenção da Vida, Equip de Diagnóstico e Infra - 2025 ri lago de tucurui.xlsx",Lago de Tucuruí,234,
*Nota: Dados referentes a Outubro/2025.,7 Lago de Tucuruí,22,"Tabela 22 – Caracterização Hospitalar – Equip de Manutenção da Vida, Equip de Diagnóstico e Infra - 2025 ri lago de tucurui",20,"Tabela 22 – Caracterização Hospitalar – Equip de Manutenção da Vida, Equip de Diagnóstico e Infra - 2025 ri lago de tucurui","..\..\Desktop\tabelas-powerBI\7 Lago de Tucuruí\Tabela 22 – Caracterização Hospitalar – Equip de Manutenção da Vida, Equip de Diagnóstico e Infra - 2025 ri lago de tucurui.xlsx",Lago de Tucuruí,234,
RI Lago de Tucuruí,7 Lago de Tucuruí,22,"Tabela 22 – Caracterização Hospitalar – Equip de Manutenção da Vida, Equip de Diagnóstico e Infra - 2025 ri lago de tucurui",20,"Tabela 22 – Caracterização Hospitalar – Equip de Manutenção da Vida, Equip de Diagnóstico e Infra - 2025 ri lago de tucurui","..\..\Desktop\tabelas-powerBI\7 Lago de Tucuruí\Tabela 22 – Caracterização Hospitalar – Equip de Manutenção da Vida, Equip de Diagnóstico e Infra - 2025 ri lago de tucurui.xlsx",Lago de Tucuruí,746,21.0
Breu Branco,7 Lago de Tucuruí,22,"Tabela 22 – Caracterização Hospitalar – Equip de Manutenção da Vida, Equip de Diagnóstico e Infra - 2025 ri lago de tucurui",20,"Tabela 22 – Caracterização Hospitalar – Equip de Manutenção da Vida, Equip de Diagnóstico e Infra - 2025 ri lago de tucurui","..\..\Desktop\tabelas-powerBI\7 Lago de Tucuruí\Tabela 22 – Caracterização Hospitalar – Equip de Manutenção da Vida, Equip de Diagnóstico e Infra - 2025 ri lago de tucurui.xlsx",Lago de Tucuruí,746,2.0
Goianésia do Pará,7 Lago de Tucuruí,22,"Tabela 22 – Caracterização Hospitalar – Equip de Manutenção da Vida, Equip de Diagnóstico e Infra - 2025 ri lago de tucurui",20,"Tabela 22 – Caracterização Hospitalar – Equip de Manutenção da Vida, Equip de Diagnóstico e Infra - 2025 ri lago de tucurui","..\..\Desktop\tabelas-powerBI\7 Lago de Tucuruí\Tabela 22 – Caracterização Hospitalar – Equip de Manutenção da Vida, Equip de Diagnóstico e Infra - 2025 ri lago de tucurui.xlsx",Lago de Tucuruí,746,0.0
Itupiranga,7 Lago de Tucuruí,22,"Tabela 22 – Caracterização Hospitalar – Equip de Manutenção da Vida, Equip de Diagnóstico e Infra - 2025 ri lago de tucurui",20,"Tabela 22 – Caracterização Hospitalar – Equip de Manutenção da Vida, Equip de Diagnóstico e Infra - 2025 ri lago de tucurui","..\..\Desktop\tabelas-powerBI\7 Lago de Tucuruí\Tabela 22 – Caracterização Hospitalar – Equip de Manutenção da Vida, Equip de Diagnóstico e Infra - 2025 ri lago de tucurui.xlsx",Lago de Tucuruí,746,3.0
Jacundá,7 Lago de Tucuruí,22,"Tabela 22 – Caracterização Hospitalar – Equip de Manutenção da Vida, Equip de Diagnóstico e Infra - 2025 ri lago de tucurui",20,"Tabela 22 – Caracterização Hospitalar – Equip de Manutenção da Vida, Equip de Diagnóstico e Infra - 2025 ri lago de tucurui","..\..\Desktop\tabelas-powerBI\7 Lago de Tucuruí\Tabela 22 – Caracterização Hospitalar – Equip de Manutenção da Vida, Equip de Diagnóstico e Infra - 2025 ri lago de tucurui.xlsx",Lago de Tucuruí,746,2.0
Nova Ipixuna,7 Lago de Tucuruí,22,"Tabela 22 – Caracterização Hospitalar – Equip de Manutenção da Vida, Equip de Diagnóstico e Infra - 2025 ri lago de tucurui",20,"Tabela 22 – Caracterização Hospitalar – Equip de Manutenção da Vida, Equip de Diagnóstico e Infra - 2025 ri lago de tucurui","..\..\Desktop\tabelas-powerBI\7 Lago de Tucuruí\Tabela 22 – Caracterização Hospitalar – Equip de Manutenção da Vida, Equip de Diagnóstico e Infra - 2025 ri lago de tucurui.xlsx",Lago de Tucuruí,746,1.0
Novo Repartimento,7 Lago de Tucuruí,22,"Tabela 22 – Caracterização Hospitalar – Equip de Manutenção da Vida, Equip de Diagnóstico e Infra - 2025 ri lago de tucurui",20,"Tabela 22 – Caracterização Hospitalar – Equip de Manutenção da Vida, Equip de Diagnóstico e Infra - 2025 ri lago de tucurui","..\..\Desktop\tabelas-powerBI\7 Lago de Tucuruí\Tabela 22 – Caracterização Hospitalar – Equip de Manutenção da Vida, Equip de Diagnóstico e Infra - 2025 ri lago de tucurui.xlsx",Lago de Tucuruí,746,3.0
Tucuruí,7 Lago de Tucuruí,22,"Tabela 22 – Caracterização Hospitalar – Equip de Manutenção da Vida, Equip de Diagnóstico e Infra - 2025 ri lago de tucurui",20,"Tabela 22 – Caracterização Hospitalar – Equip de Manutenção da Vida, Equip de Diagnóstico e Infra - 2025 ri lago de tucurui","..\..\Desktop\tabelas-powerBI\7 Lago de Tucuruí\Tabela 22 – Caracterização Hospitalar – Equip de Manutenção da Vida, Equip de Diagnóstico e Infra - 2025 ri lago de tucurui.xlsx",Lago de Tucuruí,746,10.0
Fonte: DATASUS,7 Lago de Tucuruí,22,"Tabela 22 – Caracterização Hospitalar – Equip de Manutenção da Vida, Equip de Diagnóstico e Infra - 2025 ri lago de tucurui",20,"Tabela 22 – Caracterização Hospitalar – Equip de Manutenção da Vida, Equip de Diagnóstico e Infra - 2025 ri lago de tucurui","..\..\Desktop\tabelas-powerBI\7 Lago de Tucuruí\Tabela 22 – Caracterização Hospitalar – Equip de Manutenção da Vida, Equip de Diagnóstico e Infra - 2025 ri lago de tucurui.xlsx",Lago de Tucuruí,746,
Elaboração: FAPESPA,7 Lago de Tucuruí,22,"Tabela 22 – Caracterização Hospitalar – Equip de Manutenção da Vida, Equip de Diagnóstico e Infra - 2025 ri lago de tucurui",20,"Tabela 22 – Caracterização Hospitalar – Equip de Manutenção da Vida, Equip de Diagnóstico e Infra - 2025 ri lago de tucurui","..\..\Desktop\tabelas-powerBI\7 Lago de Tucuruí\Tabela 22 – Caracterização Hospitalar – Equip de Manutenção da Vida, Equip de Diagnóstico e Infra - 2025 ri lago de tucurui.xlsx",Lago de Tucuruí,746,
*Nota: Dados referentes a Outubro/2025.,7 Lago de Tucuruí,22,"Tabela 22 – Caracterização Hospitalar – Equip de Manutenção da Vida, Equip de Diagnóstico e Infra - 2025 ri lago de tucurui",20,"Tabela 22 – Caracterização Hospitalar – Equip de Manutenção da Vida, Equip de Diagnóstico e Infra - 2025 ri lago de tucurui","..\..\Desktop\tabelas-powerBI\7 Lago de Tucuruí\Tabela 22 – Caracterização Hospitalar – Equip de Manutenção da Vida, Equip de Diagnóstico e Infra - 2025 ri lago de tucurui.xlsx",Lago de Tucuruí,746,
RI Lago de Tucuruí,7 Lago de Tucuruí,22,"Tabela 22 – Caracterização Hospitalar – Equip de Manutenção da Vida, Equip de Diagnóstico e Infra - 2025 ri lago de tucurui",20,"Tabela 22 – Caracterização Hospitalar – Equip de Manutenção da Vida, Equip de Diagnóstico e Infra - 2025 ri lago de tucurui","..\..\Desktop\tabelas-powerBI\7 Lago de Tucuruí\Tabela 22 – Caracterização Hospitalar – Equip de Manutenção da Vida, Equip de Diagnóstico e Infra - 2025 ri lago de tucurui.xlsx",Lago de Tucuruí,720,21.0
Breu Branco,7 Lago de Tucuruí,22,"Tabela 22 – Caracterização Hospitalar – Equip de Manutenção da Vida, Equip de Diagnóstico e Infra - 2025 ri lago de tucurui",20,"Tabela 22 – Caracterização Hospitalar – Equip de Manutenção da Vida, Equip de Diagnóstico e Infra - 2025 ri lago de tucurui","..\..\Desktop\tabelas-powerBI\7 Lago de Tucuruí\Tabela 22 – Caracterização Hospitalar – Equip de Manutenção da Vida, Equip de Diagnóstico e Infra - 2025 ri lago de tucurui.xlsx",Lago de Tucuruí,720,2.0
Goianésia do Pará,7 Lago de Tucuruí,22,"Tabela 22 – Caracterização Hospitalar – Equip de Manutenção da Vida, Equip de Diagnóstico e Infra - 2025 ri lago de tucurui",20,"Tabela 22 – Caracterização Hospitalar – Equip de Manutenção da Vida, Equip de Diagnóstico e Infra - 2025 ri lago de tucurui","..\..\Desktop\tabelas-powerBI\7 Lago de Tucuruí\Tabela 22 – Caracterização Hospitalar – Equip de Manutenção da Vida, Equip de Diagnóstico e Infra - 2025 ri lago de tucurui.xlsx",Lago de Tucuruí,720,0.0
Itupiranga,7 Lago de Tucuruí,22,"Tabela 22 – Caracterização Hospitalar – Equip de Manutenção da Vida, Equip de Diagnóstico e Infra - 2025 ri lago de tucurui",20,"Tabela 22 – Caracterização Hospitalar – Equip de Manutenção da Vida, Equip de Diagnóstico e Infra - 2025 ri lago de tucurui","..\..\Desktop\tabelas-powerBI\7 Lago de Tucuruí\Tabela 22 – Caracterização Hospitalar – Equip de Manutenção da Vida, Equip de Diagnóstico e Infra - 2025 ri lago de tucurui.xlsx",Lago de Tucuruí,720,3.0
Jacundá,7 Lago de Tucuruí,22,"Tabela 22 – Caracterização Hospitalar – Equip de Manutenção da Vida, Equip de Diagnóstico e Infra - 2025 ri lago de tucurui",20,"Tabela 22 – Caracterização Hospitalar – Equip de Manutenção da Vida, Equip de Diagnóstico e Infra - 2025 ri lago de tucurui","..\..\Desktop\tabelas-powerBI\7 Lago de Tucuruí\Tabela 22 – Caracterização Hospitalar – Equip de Manutenção da Vida, Equip de Diagnóstico e Infra - 2025 ri lago de tucurui.xlsx",Lago de Tucuruí,720,2.0
Nova Ipixuna,7 Lago de Tucuruí,22,"Tabela 22 – Caracterização Hospitalar – Equip de Manutenção da Vida, Equip de Diagnóstico e Infra - 2025 ri lago de tucurui",20,"Tabela 22 – Caracterização Hospitalar – Equip de Manutenção da Vida, Equip de Diagnóstico e Infra - 2025 ri lago de tucurui","..\..\Desktop\tabelas-powerBI\7 Lago de Tucuruí\Tabela 22 – Caracterização Hospitalar – Equip de Manutenção da Vida, Equip de Diagnóstico e Infra - 2025 ri lago de tucurui.xlsx",Lago de Tucuruí,720,1.0
Novo Repartimento,7 Lago de Tucuruí,22,"Tabela 22 – Caracterização Hospitalar – Equip de Manutenção da Vida, Equip de Diagnóstico e Infra - 2025 ri lago de tucurui",20,"Tabela 22 – Caracterização Hospitalar – Equip de Manutenção da Vida, Equip de Diagnóstico e Infra - 2025 ri lago de tucurui","..\..\Desktop\tabelas-powerBI\7 Lago de Tucuruí\Tabela 22 – Caracterização Hospitalar – Equip de Manutenção da Vida, Equip de Diagnóstico e Infra - 2025 ri lago de tucurui.xlsx",Lago de Tucuruí,720,3.0
Tucuruí,7 Lago de Tucuruí,22,"Tabela 22 – Caracterização Hospitalar – Equip de Manutenção da Vida, Equip de Diagnóstico e Infra - 2025 ri lago de tucurui",20,"Tabela 22 – Caracterização Hospitalar – Equip de Manutenção da Vida, Equip de Diagnóstico e Infra - 2025 ri lago de tucurui","..\..\Desktop\tabelas-powerBI\7 Lago de Tucuruí\Tabela 22 – Caracterização Hospitalar – Equip de Manutenção da Vida, Equip de Diagnóstico e Infra - 2025 ri lago de tucurui.xlsx",Lago de Tucuruí,720,10.0
Fonte: DATASUS,7 Lago de Tucuruí,22,"Tabela 22 – Caracterização Hospitalar – Equip de Manutenção da Vida, Equip de Diagnóstico e Infra - 2025 ri lago de tucurui",20,"Tabela 22 – Caracterização Hospitalar – Equip de Manutenção da Vida, Equip de Diagnóstico e Infra - 2025 ri lago de tucurui","..\..\Desktop\tabelas-powerBI\7 Lago de Tucuruí\Tabela 22 – Caracterização Hospitalar – Equip de Manutenção da Vida, Equip de Diagnóstico e Infra - 2025 ri lago de tucurui.xlsx",Lago de Tucuruí,720,
Elaboração: FAPESPA,7 Lago de Tucuruí,22,"Tabela 22 – Caracterização Hospitalar – Equip de Manutenção da Vida, Equip de Diagnóstico e Infra - 2025 ri lago de tucurui",20,"Tabela 22 – Caracterização Hospitalar – Equip de Manutenção da Vida, Equip de Diagnóstico e Infra - 2025 ri lago de tucurui","..\..\Desktop\tabelas-powerBI\7 Lago de Tucuruí\Tabela 22 – Caracterização Hospitalar – Equip de Manutenção da Vida, Equip de Diagnóstico e Infra - 2025 ri lago de tucurui.xlsx",Lago de Tucuruí,720,
*Nota: Dados referentes a Outubro/2025.,7 Lago de Tucuruí,22,"Tabela 22 – Caracterização Hospitalar – Equip de Manutenção da Vida, Equip de Diagnóstico e Infra - 2025 ri lago de tucurui",20,"Tabela 22 – Caracterização Hospitalar – Equip de Manutenção da Vida, Equip de Diagnóstico e Infra - 2025 ri lago de tucurui","..\..\Desktop\tabelas-powerBI\7 Lago de Tucuruí\Tabela 22 – Caracterização Hospitalar – Equip de Manutenção da Vida, Equip de Diagnóstico e Infra - 2025 ri lago de tucurui.xlsx",Lago de Tucuruí,720,
RI Lago de Tucuruí,7 Lago de Tucuruí,22,"Tabela 22 – Caracterização Hospitalar – Equip de Manutenção da Vida, Equip de Diagnóstico e Infra - 2025 ri lago de tucurui",20,"Tabela 22 – Caracterização Hospitalar – Equip de Manutenção da Vida, Equip de Diagnóstico e Infra - 2025 ri lago de tucurui","..\..\Desktop\tabelas-powerBI\7 Lago de Tucuruí\Tabela 22 – Caracterização Hospitalar – Equip de Manutenção da Vida, Equip de Diagnóstico e Infra - 2025 ri lago de tucurui.xlsx",Lago de Tucuruí,1199,29.0
Breu Branco,7 Lago de Tucuruí,22,"Tabela 22 – Caracterização Hospitalar – Equip de Manutenção da Vida, Equip de Diagnóstico e Infra - 2025 ri lago de tucurui",20,"Tabela 22 – Caracterização Hospitalar – Equip de Manutenção da Vida, Equip de Diagnóstico e Infra - 2025 ri lago de tucurui","..\..\Desktop\tabelas-powerBI\7 Lago de Tucuruí\Tabela 22 – Caracterização Hospitalar – Equip de Manutenção da Vida, Equip de Diagnóstico e Infra - 2025 ri lago de tucurui.xlsx",Lago de Tucuruí,1199,6.0
Goianésia do Pará,7 Lago de Tucuruí,22,"Tabela 22 – Caracterização Hospitalar – Equip de Manutenção da Vida, Equip de Diagnóstico e Infra - 2025 ri lago de tucurui",20,"Tabela 22 – Caracterização Hospitalar – Equip de Manutenção da Vida, Equip de Diagnóstico e Infra - 2025 ri lago de tucurui","..\..\Desktop\tabelas-powerBI\7 Lago de Tucuruí\Tabela 22 – Caracterização Hospitalar – Equip de Manutenção da Vida, Equip de Diagnóstico e Infra - 2025 ri lago de tucurui.xlsx",Lago de Tucuruí,1199,1.0
Itupiranga,7 Lago de Tucuruí,22,"Tabela 22 – Caracterização Hospitalar – Equip de Manutenção da Vida, Equip de Diagnóstico e Infra - 2025 ri lago de tucurui",20,"Tabela 22 – Caracterização Hospitalar – Equip de Manutenção da Vida, Equip de Diagnóstico e Infra - 2025 ri lago de tucurui","..\..\Desktop\tabelas-powerBI\7 Lago de Tucuruí\Tabela 22 – Caracterização Hospitalar – Equip de Manutenção da Vida, Equip de Diagnóstico e Infra - 2025 ri lago de tucurui.xlsx",Lago de Tucuruí,1199,1.0
Jacundá,7 Lago de Tucuruí,22,"Tabela 22 – Caracterização Hospitalar – Equip de Manutenção da Vida, Equip de Diagnóstico e Infra - 2025 ri lago de tucurui",20,"Tabela 22 – Caracterização Hospitalar – Equip de Manutenção da Vida, Equip de Diagnóstico e Infra - 2025 ri lago de tucurui","..\..\Desktop\tabelas-powerBI\7 Lago de Tucuruí\Tabela 22 – Caracterização Hospitalar – Equip de Manutenção da Vida, Equip de Diagnóstico e Infra - 2025 ri lago de tucurui.xlsx",Lago de Tucuruí,1199,3.0
Nova Ipixuna,7 Lago de Tucuruí,22,"Tabela 22 – Caracterização Hospitalar – Equip de Manutenção da Vida, Equip de Diagnóstico e Infra - 2025 ri lago de tucurui",20,"Tabela 22 – Caracterização Hospitalar – Equip de Manutenção da Vida, Equip de Diagnóstico e Infra - 2025 ri lago de tucurui","..\..\Desktop\tabelas-powerBI\7 Lago de Tucuruí\Tabela 22 – Caracterização Hospitalar – Equip de Manutenção da Vida, Equip de Diagnóstico e Infra - 2025 ri lago de tucurui.xlsx",Lago de Tucuruí,1199,3.0
Novo Repartimento,7 Lago de Tucuruí,22,"Tabela 22 – Caracterização Hospitalar – Equip de Manutenção da Vida, Equip de Diagnóstico e Infra - 2025 ri lago de tucurui",20,"Tabela 22 – Caracterização Hospitalar – Equip de Manutenção da Vida, Equip de Diagnóstico e Infra - 2025 ri lago de tucurui","..\..\Desktop\tabelas-powerBI\7 Lago de Tucuruí\Tabela 22 – Caracterização Hospitalar – Equip de Manutenção da Vida, Equip de Diagnóstico e Infra - 2025 ri lago de tucurui.xlsx",Lago de Tucuruí,1199,4.0
Tucuruí,7 Lago de Tucuruí,22,"Tabela 22 – Caracterização Hospitalar – Equip de Manutenção da Vida, Equip de Diagnóstico e Infra - 2025 ri lago de tucurui",20,"Tabela 22 – Caracterização Hospitalar – Equip de Manutenção da Vida, Equip de Diagnóstico e Infra - 2025 ri lago de tucurui","..\..\Desktop\tabelas-powerBI\7 Lago de Tucuruí\Tabela 22 – Caracterização Hospitalar – Equip de Manutenção da Vida, Equip de Diagnóstico e Infra - 2025 ri lago de tucurui.xlsx",Lago de Tucuruí,1199,11.0
Fonte: DATASUS,7 Lago de Tucuruí,22,"Tabela 22 – Caracterização Hospitalar – Equip de Manutenção da Vida, Equip de Diagnóstico e Infra - 2025 ri lago de tucurui",20,"Tabela 22 – Caracterização Hospitalar – Equip de Manutenção da Vida, Equip de Diagnóstico e Infra - 2025 ri lago de tucurui","..\..\Desktop\tabelas-powerBI\7 Lago de Tucuruí\Tabela 22 – Caracterização Hospitalar – Equip de Manutenção da Vida, Equip de Diagnóstico e Infra - 2025 ri lago de tucurui.xlsx",Lago de Tucuruí,1199,
Elaboração: FAPESPA,7 Lago de Tucuruí,22,"Tabela 22 – Caracterização Hospitalar – Equip de Manutenção da Vida, Equip de Diagnóstico e Infra - 2025 ri lago de tucurui",20,"Tabela 22 – Caracterização Hospitalar – Equip de Manutenção da Vida, Equip de Diagnóstico e Infra - 2025 ri lago de tucurui","..\..\Desktop\tabelas-powerBI\7 Lago de Tucuruí\Tabela 22 – Caracterização Hospitalar – Equip de Manutenção da Vida, Equip de Diagnóstico e Infra - 2025 ri lago de tucurui.xlsx",Lago de Tucuruí,1199,
*Nota: Dados referentes a Outubro/2025.,7 Lago de Tucuruí,22,"Tabela 22 – Caracterização Hospitalar – Equip de Manutenção da Vida, Equip de Diagnóstico e Infra - 2025 ri lago de tucurui",20,"Tabela 22 – Caracterização Hospitalar – Equip de Manutenção da Vida, Equip de Diagnóstico e Infra - 2025 ri lago de tucurui","..\..\Desktop\tabelas-powerBI\7 Lago de Tucuruí\Tabela 22 – Caracterização Hospitalar – Equip de Manutenção da Vida, Equip de Diagnóstico e Infra - 2025 ri lago de tucurui.xlsx",Lago de Tucuruí,1199,
RI Lago de Tucuruí,7 Lago de Tucuruí,22,"Tabela 22 – Caracterização Hospitalar – Equip de Manutenção da Vida, Equip de Diagnóstico e Infra - 2025 ri lago de tucurui",20,"Tabela 22 – Caracterização Hospitalar – Equip de Manutenção da Vida, Equip de Diagnóstico e Infra - 2025 ri lago de tucurui","..\..\Desktop\tabelas-powerBI\7 Lago de Tucuruí\Tabela 22 – Caracterização Hospitalar – Equip de Manutenção da Vida, Equip de Diagnóstico e Infra - 2025 ri lago de tucurui.xlsx",Lago de Tucuruí,1128,29.0
Breu Branco,7 Lago de Tucuruí,22,"Tabela 22 – Caracterização Hospitalar – Equip de Manutenção da Vida, Equip de Diagnóstico e Infra - 2025 ri lago de tucurui",20,"Tabela 22 – Caracterização Hospitalar – Equip de Manutenção da Vida, Equip de Diagnóstico e Infra - 2025 ri lago de tucurui","..\..\Desktop\tabelas-powerBI\7 Lago de Tucuruí\Tabela 22 – Caracterização Hospitalar – Equip de Manutenção da Vida, Equip de Diagnóstico e Infra - 2025 ri lago de tucurui.xlsx",Lago de Tucuruí,1128,6.0
Goianésia do Pará,7 Lago de Tucuruí,22,"Tabela 22 – Caracterização Hospitalar – Equip de Manutenção da Vida, Equip de Diagnóstico e Infra - 2025 ri lago de tucurui",20,"Tabela 22 – Caracterização Hospitalar – Equip de Manutenção da Vida, Equip de Diagnóstico e Infra - 2025 ri lago de tucurui","..\..\Desktop\tabelas-powerBI\7 Lago de Tucuruí\Tabela 22 – Caracterização Hospitalar – Equip de Manutenção da Vida, Equip de Diagnóstico e Infra - 2025 ri lago de tucurui.xlsx",Lago de Tucuruí,1128,1.0
Itupiranga,7 Lago de Tucuruí,22,"Tabela 22 – Caracterização Hospitalar – Equip de Manutenção da Vida, Equip de Diagnóstico e Infra - 2025 ri lago de tucurui",20,"Tabela 22 – Caracterização Hospitalar – Equip de Manutenção da Vida, Equip de Diagnóstico e Infra - 2025 ri lago de tucurui","..\..\Desktop\tabelas-powerBI\7 Lago de Tucuruí\Tabela 22 – Caracterização Hospitalar – Equip de Manutenção da Vida, Equip de Diagnóstico e Infra - 2025 ri lago de tucurui.xlsx",Lago de Tucuruí,1128,1.0
Jacundá,7 Lago de Tucuruí,22,"Tabela 22 – Caracterização Hospitalar – Equip de Manutenção da Vida, Equip de Diagnóstico e Infra - 2025 ri lago de tucurui",20,"Tabela 22 – Caracterização Hospitalar – Equip de Manutenção da Vida, Equip de Diagnóstico e Infra - 2025 ri lago de tucurui","..\..\Desktop\tabelas-powerBI\7 Lago de Tucuruí\Tabela 22 – Caracterização Hospitalar – Equip de Manutenção da Vida, Equip de Diagnóstico e Infra - 2025 ri lago de tucurui.xlsx",Lago de Tucuruí,1128,3.0
Nova Ipixuna,7 Lago de Tucuruí,22,"Tabela 22 – Caracterização Hospitalar – Equip de Manutenção da Vida, Equip de Diagnóstico e Infra - 2025 ri lago de tucurui",20,"Tabela 22 – Caracterização Hospitalar – Equip de Manutenção da Vida, Equip de Diagnóstico e Infra - 2025 ri lago de tucurui","..\..\Desktop\tabelas-powerBI\7 Lago de Tucuruí\Tabela 22 – Caracterização Hospitalar – Equip de Manutenção da Vida, Equip de Diagnóstico e Infra - 2025 ri lago de tucurui.xlsx",Lago de Tucuruí,1128,3.0
Novo Repartimento,7 Lago de Tucuruí,22,"Tabela 22 – Caracterização Hospitalar – Equip de Manutenção da Vida, Equip de Diagnóstico e Infra - 2025 ri lago de tucurui",20,"Tabela 22 – Caracterização Hospitalar – Equip de Manutenção da Vida, Equip de Diagnóstico e Infra - 2025 ri lago de tucurui","..\..\Desktop\tabelas-powerBI\7 Lago de Tucuruí\Tabela 22 – Caracterização Hospitalar – Equip de Manutenção da Vida, Equip de Diagnóstico e Infra - 2025 ri lago de tucurui.xlsx",Lago de Tucuruí,1128,4.0
Tucuruí,7 Lago de Tucuruí,22,"Tabela 22 – Caracterização Hospitalar – Equip de Manutenção da Vida, Equip de Diagnóstico e Infra - 2025 ri lago de tucurui",20,"Tabela 22 – Caracterização Hospitalar – Equip de Manutenção da Vida, Equip de Diagnóstico e Infra - 2025 ri lago de tucurui","..\..\Desktop\tabelas-powerBI\7 Lago de Tucuruí\Tabela 22 – Caracterização Hospitalar – Equip de Manutenção da Vida, Equip de Diagnóstico e Infra - 2025 ri lago de tucurui.xlsx",Lago de Tucuruí,1128,11.0
Fonte: DATASUS,7 Lago de Tucuruí,22,"Tabela 22 – Caracterização Hospitalar – Equip de Manutenção da Vida, Equip de Diagnóstico e Infra - 2025 ri lago de tucurui",20,"Tabela 22 – Caracterização Hospitalar – Equip de Manutenção da Vida, Equip de Diagnóstico e Infra - 2025 ri lago de tucurui","..\..\Desktop\tabelas-powerBI\7 Lago de Tucuruí\Tabela 22 – Caracterização Hospitalar – Equip de Manutenção da Vida, Equip de Diagnóstico e Infra - 2025 ri lago de tucurui.xlsx",Lago de Tucuruí,1128,
Elaboração: FAPESPA,7 Lago de Tucuruí,22,"Tabela 22 – Caracterização Hospitalar – Equip de Manutenção da Vida, Equip de Diagnóstico e Infra - 2025 ri lago de tucurui",20,"Tabela 22 – Caracterização Hospitalar – Equip de Manutenção da Vida, Equip de Diagnóstico e Infra - 2025 ri lago de tucurui","..\..\Desktop\tabelas-powerBI\7 Lago de Tucuruí\Tabela 22 – Caracterização Hospitalar – Equip de Manutenção da Vida, Equip de Diagnóstico e Infra - 2025 ri lago de tucurui.xlsx",Lago de Tucuruí,1128,
*Nota: Dados referentes a Outubro/2025.,7 Lago de Tucuruí,22,"Tabela 22 – Caracterização Hospitalar – Equip de Manutenção da Vida, Equip de Diagnóstico e Infra - 2025 ri lago de tucurui",20,"Tabela 22 – Caracterização Hospitalar – Equip de Manutenção da Vida, Equip de Diagnóstico e Infra - 2025 ri lago de tucurui","..\..\Desktop\tabelas-powerBI\7 Lago de Tucuruí\Tabela 22 – Caracterização Hospitalar – Equip de Manutenção da Vida, Equip de Diagnóstico e Infra - 2025 ri lago de tucurui.xlsx",Lago de Tucuruí,1128,
RI Lago de Tucuruí,7 Lago de Tucuruí,22,"Tabela 22 – Caracterização Hospitalar – Equip de Manutenção da Vida, Equip de Diagnóstico e Infra - 2025 ri lago de tucurui",20,"Tabela 22 – Caracterização Hospitalar – Equip de Manutenção da Vida, Equip de Diagnóstico e Infra - 2025 ri lago de tucurui","..\..\Desktop\tabelas-powerBI\7 Lago de Tucuruí\Tabela 22 – Caracterização Hospitalar – Equip de Manutenção da Vida, Equip de Diagnóstico e Infra - 2025 ri lago de tucurui.xlsx",Lago de Tucuruí,215,7.0
Breu Branco,7 Lago de Tucuruí,22,"Tabela 22 – Caracterização Hospitalar – Equip de Manutenção da Vida, Equip de Diagnóstico e Infra - 2025 ri lago de tucurui",20,"Tabela 22 – Caracterização Hospitalar – Equip de Manutenção da Vida, Equip de Diagnóstico e Infra - 2025 ri lago de tucurui","..\..\Desktop\tabelas-powerBI\7 Lago de Tucuruí\Tabela 22 – Caracterização Hospitalar – Equip de Manutenção da Vida, Equip de Diagnóstico e Infra - 2025 ri lago de tucurui.xlsx",Lago de Tucuruí,215,1.0
Goianésia do Pará,7 Lago de Tucuruí,22,"Tabela 22 – Caracterização Hospitalar – Equip de Manutenção da Vida, Equip de Diagnóstico e Infra - 2025 ri lago de tucurui",20,"Tabela 22 – Caracterização Hospitalar – Equip de Manutenção da Vida, Equip de Diagnóstico e Infra - 2025 ri lago de tucurui","..\..\Desktop\tabelas-powerBI\7 Lago de Tucuruí\Tabela 22 – Caracterização Hospitalar – Equip de Manutenção da Vida, Equip de Diagnóstico e Infra - 2025 ri lago de tucurui.xlsx",Lago de Tucuruí,215,0.0
Itupiranga,7 Lago de Tucuruí,22,"Tabela 22 – Caracterização Hospitalar – Equip de Manutenção da Vida, Equip de Diagnóstico e Infra - 2025 ri lago de tucurui",20,"Tabela 22 – Caracterização Hospitalar – Equip de Manutenção da Vida, Equip de Diagnóstico e Infra - 2025 ri lago de tucurui","..\..\Desktop\tabelas-powerBI\7 Lago de Tucuruí\Tabela 22 – Caracterização Hospitalar – Equip de Manutenção da Vida, Equip de Diagnóstico e Infra - 2025 ri lago de tucurui.xlsx",Lago de Tucuruí,215,0.0
Jacundá,7 Lago de Tucuruí,22,"Tabela 22 – Caracterização Hospitalar – Equip de Manutenção da Vida, Equip de Diagnóstico e Infra - 2025 ri lago de tucurui",20,"Tabela 22 – Caracterização Hospitalar – Equip de Manutenção da Vida, Equip de Diagnóstico e Infra - 2025 ri lago de tucurui","..\..\Desktop\tabelas-powerBI\7 Lago de Tucuruí\Tabela 22 – Caracterização Hospitalar – Equip de Manutenção da Vida, Equip de Diagnóstico e Infra - 2025 ri lago de tucurui.xlsx",Lago de Tucuruí,215,0.0
Nova Ipixuna,7 Lago de Tucuruí,22,"Tabela 22 – Caracterização Hospitalar – Equip de Manutenção da Vida, Equip de Diagnóstico e Infra - 2025 ri lago de tucurui",20,"Tabela 22 – Caracterização Hospitalar – Equip de Manutenção da Vida, Equip de Diagnóstico e Infra - 2025 ri lago de tucurui","..\..\Desktop\tabelas-powerBI\7 Lago de Tucuruí\Tabela 22 – Caracterização Hospitalar – Equip de Manutenção da Vida, Equip de Diagnóstico e Infra - 2025 ri lago de tucurui.xlsx",Lago de Tucuruí,215,0.0
Novo Repartimento,7 Lago de Tucuruí,22,"Tabela 22 – Caracterização Hospitalar – Equip de Manutenção da Vida, Equip de Diagnóstico e Infra - 2025 ri lago de tucurui",20,"Tabela 22 – Caracterização Hospitalar – Equip de Manutenção da Vida, Equip de Diagnóstico e Infra - 2025 ri lago de tucurui","..\..\Desktop\tabelas-powerBI\7 Lago de Tucuruí\Tabela 22 – Caracterização Hospitalar – Equip de Manutenção da Vida, Equip de Diagnóstico e Infra - 2025 ri lago de tucurui.xlsx",Lago de Tucuruí,215,0.0
Tucuruí,7 Lago de Tucuruí,22,"Tabela 22 – Caracterização Hospitalar – Equip de Manutenção da Vida, Equip de Diagnóstico e Infra - 2025 ri lago de tucurui",20,"Tabela 22 – Caracterização Hospitalar – Equip de Manutenção da Vida, Equip de Diagnóstico e Infra - 2025 ri lago de tucurui","..\..\Desktop\tabelas-powerBI\7 Lago de Tucuruí\Tabela 22 – Caracterização Hospitalar – Equip de Manutenção da Vida, Equip de Diagnóstico e Infra - 2025 ri lago de tucurui.xlsx",Lago de Tucuruí,215,6.0
Fonte: DATASUS,7 Lago de Tucuruí,22,"Tabela 22 – Caracterização Hospitalar – Equip de Manutenção da Vida, Equip de Diagnóstico e Infra - 2025 ri lago de tucurui",20,"Tabela 22 – Caracterização Hospitalar – Equip de Manutenção da Vida, Equip de Diagnóstico e Infra - 2025 ri lago de tucurui","..\..\Desktop\tabelas-powerBI\7 Lago de Tucuruí\Tabela 22 – Caracterização Hospitalar – Equip de Manutenção da Vida, Equip de Diagnóstico e Infra - 2025 ri lago de tucurui.xlsx",Lago de Tucuruí,215,
Elaboração: FAPESPA,7 Lago de Tucuruí,22,"Tabela 22 – Caracterização Hospitalar – Equip de Manutenção da Vida, Equip de Diagnóstico e Infra - 2025 ri lago de tucurui",20,"Tabela 22 – Caracterização Hospitalar – Equip de Manutenção da Vida, Equip de Diagnóstico e Infra - 2025 ri lago de tucurui","..\..\Desktop\tabelas-powerBI\7 Lago de Tucuruí\Tabela 22 – Caracterização Hospitalar – Equip de Manutenção da Vida, Equip de Diagnóstico e Infra - 2025 ri lago de tucurui.xlsx",Lago de Tucuruí,215,
*Nota: Dados referentes a Outubro/2025.,7 Lago de Tucuruí,22,"Tabela 22 – Caracterização Hospitalar – Equip de Manutenção da Vida, Equip de Diagnóstico e Infra - 2025 ri lago de tucurui",20,"Tabela 22 – Caracterização Hospitalar – Equip de Manutenção da Vida, Equip de Diagnóstico e Infra - 2025 ri lago de tucurui","..\..\Desktop\tabelas-powerBI\7 Lago de Tucuruí\Tabela 22 – Caracterização Hospitalar – Equip de Manutenção da Vida, Equip de Diagnóstico e Infra - 2025 ri lago de tucurui.xlsx",Lago de Tucuruí,215,
RI Lago de Tucuruí,7 Lago de Tucuruí,22,"Tabela 22 – Caracterização Hospitalar – Equip de Manutenção da Vida, Equip de Diagnóstico e Infra - 2025 ri lago de tucurui",20,"Tabela 22 – Caracterização Hospitalar – Equip de Manutenção da Vida, Equip de Diagnóstico e Infra - 2025 ri lago de tucurui","..\..\Desktop\tabelas-powerBI\7 Lago de Tucuruí\Tabela 22 – Caracterização Hospitalar – Equip de Manutenção da Vida, Equip de Diagnóstico e Infra - 2025 ri lago de tucurui.xlsx",Lago de Tucuruí,197,7.0
Breu Branco,7 Lago de Tucuruí,22,"Tabela 22 – Caracterização Hospitalar – Equip de Manutenção da Vida, Equip de Diagnóstico e Infra - 2025 ri lago de tucurui",20,"Tabela 22 – Caracterização Hospitalar – Equip de Manutenção da Vida, Equip de Diagnóstico e Infra - 2025 ri lago de tucurui","..\..\Desktop\tabelas-powerBI\7 Lago de Tucuruí\Tabela 22 – Caracterização Hospitalar – Equip de Manutenção da Vida, Equip de Diagnóstico e Infra - 2025 ri lago de tucurui.xlsx",Lago de Tucuruí,197,1.0
Goianésia do Pará,7 Lago de Tucuruí,22,"Tabela 22 – Caracterização Hospitalar – Equip de Manutenção da Vida, Equip de Diagnóstico e Infra - 2025 ri lago de tucurui",20,"Tabela 22 – Caracterização Hospitalar – Equip de Manutenção da Vida, Equip de Diagnóstico e Infra - 2025 ri lago de tucurui","..\..\Desktop\tabelas-powerBI\7 Lago de Tucuruí\Tabela 22 – Caracterização Hospitalar – Equip de Manutenção da Vida, Equip de Diagnóstico e Infra - 2025 ri lago de tucurui.xlsx",Lago de Tucuruí,197,0.0
Itupiranga,7 Lago de Tucuruí,22,"Tabela 22 – Caracterização Hospitalar – Equip de Manutenção da Vida, Equip de Diagnóstico e Infra - 2025 ri lago de tucurui",20,"Tabela 22 – Caracterização Hospitalar – Equip de Manutenção da Vida, Equip de Diagnóstico e Infra - 2025 ri lago de tucurui","..\..\Desktop\tabelas-powerBI\7 Lago de Tucuruí\Tabela 22 – Caracterização Hospitalar – Equip de Manutenção da Vida, Equip de Diagnóstico e Infra - 2025 ri lago de tucurui.xlsx",Lago de Tucuruí,197,0.0
Jacundá,7 Lago de Tucuruí,22,"Tabela 22 – Caracterização Hospitalar – Equip de Manutenção da Vida, Equip de Diagnóstico e Infra - 2025 ri lago de tucurui",20,"Tabela 22 – Caracterização Hospitalar – Equip de Manutenção da Vida, Equip de Diagnóstico e Infra - 2025 ri lago de tucurui","..\..\Desktop\tabelas-powerBI\7 Lago de Tucuruí\Tabela 22 – Caracterização Hospitalar – Equip de Manutenção da Vida, Equip de Diagnóstico e Infra - 2025 ri lago de tucurui.xlsx",Lago de Tucuruí,197,0.0
Nova Ipixuna,7 Lago de Tucuruí,22,"Tabela 22 – Caracterização Hospitalar – Equip de Manutenção da Vida, Equip de Diagnóstico e Infra - 2025 ri lago de tucurui",20,"Tabela 22 – Caracterização Hospitalar – Equip de Manutenção da Vida, Equip de Diagnóstico e Infra - 2025 ri lago de tucurui","..\..\Desktop\tabelas-powerBI\7 Lago de Tucuruí\Tabela 22 – Caracterização Hospitalar – Equip de Manutenção da Vida, Equip de Diagnóstico e Infra - 2025 ri lago de tucurui.xlsx",Lago de Tucuruí,197,0.0
Novo Repartimento,7 Lago de Tucuruí,22,"Tabela 22 – Caracterização Hospitalar – Equip de Manutenção da Vida, Equip de Diagnóstico e Infra - 2025 ri lago de tucurui",20,"Tabela 22 – Caracterização Hospitalar – Equip de Manutenção da Vida, Equip de Diagnóstico e Infra - 2025 ri lago de tucurui","..\..\Desktop\tabelas-powerBI\7 Lago de Tucuruí\Tabela 22 – Caracterização Hospitalar – Equip de Manutenção da Vida, Equip de Diagnóstico e Infra - 2025 ri lago de tucurui.xlsx",Lago de Tucuruí,197,0.0
Tucuruí,7 Lago de Tucuruí,22,"Tabela 22 – Caracterização Hospitalar – Equip de Manutenção da Vida, Equip de Diagnóstico e Infra - 2025 ri lago de tucurui",20,"Tabela 22 – Caracterização Hospitalar – Equip de Manutenção da Vida, Equip de Diagnóstico e Infra - 2025 ri lago de tucurui","..\..\Desktop\tabelas-powerBI\7 Lago de Tucuruí\Tabela 22 – Caracterização Hospitalar – Equip de Manutenção da Vida, Equip de Diagnóstico e Infra - 2025 ri lago de tucurui.xlsx",Lago de Tucuruí,197,6.0
Fonte: DATASUS,7 Lago de Tucuruí,22,"Tabela 22 – Caracterização Hospitalar – Equip de Manutenção da Vida, Equip de Diagnóstico e Infra - 2025 ri lago de tucurui",20,"Tabela 22 – Caracterização Hospitalar – Equip de Manutenção da Vida, Equip de Diagnóstico e Infra - 2025 ri lago de tucurui","..\..\Desktop\tabelas-powerBI\7 Lago de Tucuruí\Tabela 22 – Caracterização Hospitalar – Equip de Manutenção da Vida, Equip de Diagnóstico e Infra - 2025 ri lago de tucurui.xlsx",Lago de Tucuruí,197,
Elaboração: FAPESPA,7 Lago de Tucuruí,22,"Tabela 22 – Caracterização Hospitalar – Equip de Manutenção da Vida, Equip de Diagnóstico e Infra - 2025 ri lago de tucurui",20,"Tabela 22 – Caracterização Hospitalar – Equip de Manutenção da Vida, Equip de Diagnóstico e Infra - 2025 ri lago de tucurui","..\..\Desktop\tabelas-powerBI\7 Lago de Tucuruí\Tabela 22 – Caracterização Hospitalar – Equip de Manutenção da Vida, Equip de Diagnóstico e Infra - 2025 ri lago de tucurui.xlsx",Lago de Tucuruí,197,
*Nota: Dados referentes a Outubro/2025.,7 Lago de Tucuruí,22,"Tabela 22 – Caracterização Hospitalar – Equip de Manutenção da Vida, Equip de Diagnóstico e Infra - 2025 ri lago de tucurui",20,"Tabela 22 – Caracterização Hospitalar – Equip de Manutenção da Vida, Equip de Diagnóstico e Infra - 2025 ri lago de tucurui","..\..\Desktop\tabelas-powerBI\7 Lago de Tucuruí\Tabela 22 – Caracterização Hospitalar – Equip de Manutenção da Vida, Equip de Diagnóstico e Infra - 2025 ri lago de tucurui.xlsx",Lago de Tucuruí,197,
RI Lago de Tucuruí,7 Lago de Tucuruí,22,"Tabela 22 – Caracterização Hospitalar – Equip de Manutenção da Vida, Equip de Diagnóstico e Infra - 2025 ri lago de tucurui",20,"Tabela 22 – Caracterização Hospitalar – Equip de Manutenção da Vida, Equip de Diagnóstico e Infra - 2025 ri lago de tucurui","..\..\Desktop\tabelas-powerBI\7 Lago de Tucuruí\Tabela 22 – Caracterização Hospitalar – Equip de Manutenção da Vida, Equip de Diagnóstico e Infra - 2025 ri lago de tucurui.xlsx",Lago de Tucuruí,19075,653.0
Breu Branco,7 Lago de Tucuruí,22,"Tabela 22 – Caracterização Hospitalar – Equip de Manutenção da Vida, Equip de Diagnóstico e Infra - 2025 ri lago de tucurui",20,"Tabela 22 – Caracterização Hospitalar – Equip de Manutenção da Vida, Equip de Diagnóstico e Infra - 2025 ri lago de tucurui","..\..\Desktop\tabelas-powerBI\7 Lago de Tucuruí\Tabela 22 – Caracterização Hospitalar – Equip de Manutenção da Vida, Equip de Diagnóstico e Infra - 2025 ri lago de tucurui.xlsx",Lago de Tucuruí,19075,30.0
Goianésia do Pará,7 Lago de Tucuruí,22,"Tabela 22 – Caracterização Hospitalar – Equip de Manutenção da Vida, Equip de Diagnóstico e Infra - 2025 ri lago de tucurui",20,"Tabela 22 – Caracterização Hospitalar – Equip de Manutenção da Vida, Equip de Diagnóstico e Infra - 2025 ri lago de tucurui","..\..\Desktop\tabelas-powerBI\7 Lago de Tucuruí\Tabela 22 – Caracterização Hospitalar – Equip de Manutenção da Vida, Equip de Diagnóstico e Infra - 2025 ri lago de tucurui.xlsx",Lago de Tucuruí,19075,10.0
Itupiranga,7 Lago de Tucuruí,22,"Tabela 22 – Caracterização Hospitalar – Equip de Manutenção da Vida, Equip de Diagnóstico e Infra - 2025 ri lago de tucurui",20,"Tabela 22 – Caracterização Hospitalar – Equip de Manutenção da Vida, Equip de Diagnóstico e Infra - 2025 ri lago de tucurui","..\..\Desktop\tabelas-powerBI\7 Lago de Tucuruí\Tabela 22 – Caracterização Hospitalar – Equip de Manutenção da Vida, Equip de Diagnóstico e Infra - 2025 ri lago de tucurui.xlsx",Lago de Tucuruí,19075,5.0
Jacundá,7 Lago de Tucuruí,22,"Tabela 22 – Caracterização Hospitalar – Equip de Manutenção da Vida, Equip de Diagnóstico e Infra - 2025 ri lago de tucurui",20,"Tabela 22 – Caracterização Hospitalar – Equip de Manutenção da Vida, Equip de Diagnóstico e Infra - 2025 ri lago de tucurui","..\..\Desktop\tabelas-powerBI\7 Lago de Tucuruí\Tabela 22 – Caracterização Hospitalar – Equip de Manutenção da Vida, Equip de Diagnóstico e Infra - 2025 ri lago de tucurui.xlsx",Lago de Tucuruí,19075,172.0
Nova Ipixuna,7 Lago de Tucuruí,22,"Tabela 22 – Caracterização Hospitalar – Equip de Manutenção da Vida, Equip de Diagnóstico e Infra - 2025 ri lago de tucurui",20,"Tabela 22 – Caracterização Hospitalar – Equip de Manutenção da Vida, Equip de Diagnóstico e Infra - 2025 ri lago de tucurui","..\..\Desktop\tabelas-powerBI\7 Lago de Tucuruí\Tabela 22 – Caracterização Hospitalar – Equip de Manutenção da Vida, Equip de Diagnóstico e Infra - 2025 ri lago de tucurui.xlsx",Lago de Tucuruí,19075,55.0
Novo Repartimento,7 Lago de Tucuruí,22,"Tabela 22 – Caracterização Hospitalar – Equip de Manutenção da Vida, Equip de Diagnóstico e Infra - 2025 ri lago de tucurui",20,"Tabela 22 – Caracterização Hospitalar – Equip de Manutenção da Vida, Equip de Diagnóstico e Infra - 2025 ri lago de tucurui","..\..\Desktop\tabelas-powerBI\7 Lago de Tucuruí\Tabela 22 – Caracterização Hospitalar – Equip de Manutenção da Vida, Equip de Diagnóstico e Infra - 2025 ri lago de tucurui.xlsx",Lago de Tucuruí,19075,57.0
Tucuruí,7 Lago de Tucuruí,22,"Tabela 22 – Caracterização Hospitalar – Equip de Manutenção da Vida, Equip de Diagnóstico e Infra - 2025 ri lago de tucurui",20,"Tabela 22 – Caracterização Hospitalar – Equip de Manutenção da Vida, Equip de Diagnóstico e Infra - 2025 ri lago de tucurui","..\..\Desktop\tabelas-powerBI\7 Lago de Tucuruí\Tabela 22 – Caracterização Hospitalar – Equip de Manutenção da Vida, Equip de Diagnóstico e Infra - 2025 ri lago de tucurui.xlsx",Lago de Tucuruí,19075,324.0
Fonte: DATASUS,7 Lago de Tucuruí,22,"Tabela 22 – Caracterização Hospitalar – Equip de Manutenção da Vida, Equip de Diagnóstico e Infra - 2025 ri lago de tucurui",20,"Tabela 22 – Caracterização Hospitalar – Equip de Manutenção da Vida, Equip de Diagnóstico e Infra - 2025 ri lago de tucurui","..\..\Desktop\tabelas-powerBI\7 Lago de Tucuruí\Tabela 22 – Caracterização Hospitalar – Equip de Manutenção da Vida, Equip de Diagnóstico e Infra - 2025 ri lago de tucurui.xlsx",Lago de Tucuruí,19075,
Elaboração: FAPESPA,7 Lago de Tucuruí,22,"Tabela 22 – Caracterização Hospitalar – Equip de Manutenção da Vida, Equip de Diagnóstico e Infra - 2025 ri lago de tucurui",20,"Tabela 22 – Caracterização Hospitalar – Equip de Manutenção da Vida, Equip de Diagnóstico e Infra - 2025 ri lago de tucurui","..\..\Desktop\tabelas-powerBI\7 Lago de Tucuruí\Tabela 22 – Caracterização Hospitalar – Equip de Manutenção da Vida, Equip de Diagnóstico e Infra - 2025 ri lago de tucurui.xlsx",Lago de Tucuruí,19075,
*Nota: Dados referentes a Outubro/2025.,7 Lago de Tucuruí,22,"Tabela 22 – Caracterização Hospitalar – Equip de Manutenção da Vida, Equip de Diagnóstico e Infra - 2025 ri lago de tucurui",20,"Tabela 22 – Caracterização Hospitalar – Equip de Manutenção da Vida, Equip de Diagnóstico e Infra - 2025 ri lago de tucurui","..\..\Desktop\tabelas-powerBI\7 Lago de Tucuruí\Tabela 22 – Caracterização Hospitalar – Equip de Manutenção da Vida, Equip de Diagnóstico e Infra - 2025 ri lago de tucurui.xlsx",Lago de Tucuruí,19075,
RI Lago de Tucuruí,7 Lago de Tucuruí,22,"Tabela 22 – Caracterização Hospitalar – Equip de Manutenção da Vida, Equip de Diagnóstico e Infra - 2025 ri lago de tucurui",20,"Tabela 22 – Caracterização Hospitalar – Equip de Manutenção da Vida, Equip de Diagnóstico e Infra - 2025 ri lago de tucurui","..\..\Desktop\tabelas-powerBI\7 Lago de Tucuruí\Tabela 22 – Caracterização Hospitalar – Equip de Manutenção da Vida, Equip de Diagnóstico e Infra - 2025 ri lago de tucurui.xlsx",Lago de Tucuruí,18607,648.0
Breu Branco,7 Lago de Tucuruí,22,"Tabela 22 – Caracterização Hospitalar – Equip de Manutenção da Vida, Equip de Diagnóstico e Infra - 2025 ri lago de tucurui",20,"Tabela 22 – Caracterização Hospitalar – Equip de Manutenção da Vida, Equip de Diagnóstico e Infra - 2025 ri lago de tucurui","..\..\Desktop\tabelas-powerBI\7 Lago de Tucuruí\Tabela 22 – Caracterização Hospitalar – Equip de Manutenção da Vida, Equip de Diagnóstico e Infra - 2025 ri lago de tucurui.xlsx",Lago de Tucuruí,18607,30.0
Goianésia do Pará,7 Lago de Tucuruí,22,"Tabela 22 – Caracterização Hospitalar – Equip de Manutenção da Vida, Equip de Diagnóstico e Infra - 2025 ri lago de tucurui",20,"Tabela 22 – Caracterização Hospitalar – Equip de Manutenção da Vida, Equip de Diagnóstico e Infra - 2025 ri lago de tucurui","..\..\Desktop\tabelas-powerBI\7 Lago de Tucuruí\Tabela 22 – Caracterização Hospitalar – Equip de Manutenção da Vida, Equip de Diagnóstico e Infra - 2025 ri lago de tucurui.xlsx",Lago de Tucuruí,18607,8.0
Itupiranga,7 Lago de Tucuruí,22,"Tabela 22 – Caracterização Hospitalar – Equip de Manutenção da Vida, Equip de Diagnóstico e Infra - 2025 ri lago de tucurui",20,"Tabela 22 – Caracterização Hospitalar – Equip de Manutenção da Vida, Equip de Diagnóstico e Infra - 2025 ri lago de tucurui","..\..\Desktop\tabelas-powerBI\7 Lago de Tucuruí\Tabela 22 – Caracterização Hospitalar – Equip de Manutenção da Vida, Equip de Diagnóstico e Infra - 2025 ri lago de tucurui.xlsx",Lago de Tucuruí,18607,5.0
Jacundá,7 Lago de Tucuruí,22,"Tabela 22 – Caracterização Hospitalar – Equip de Manutenção da Vida, Equip de Diagnóstico e Infra - 2025 ri lago de tucurui",20,"Tabela 22 – Caracterização Hospitalar – Equip de Manutenção da Vida, Equip de Diagnóstico e Infra - 2025 ri lago de tucurui","..\..\Desktop\tabelas-powerBI\7 Lago de Tucuruí\Tabela 22 – Caracterização Hospitalar – Equip de Manutenção da Vida, Equip de Diagnóstico e Infra - 2025 ri lago de tucurui.xlsx",Lago de Tucuruí,18607,170.0
Nova Ipixuna,7 Lago de Tucuruí,22,"Tabela 22 – Caracterização Hospitalar – Equip de Manutenção da Vida, Equip de Diagnóstico e Infra - 2025 ri lago de tucurui",20,"Tabela 22 – Caracterização Hospitalar – Equip de Manutenção da Vida, Equip de Diagnóstico e Infra - 2025 ri lago de tucurui","..\..\Desktop\tabelas-powerBI\7 Lago de Tucuruí\Tabela 22 – Caracterização Hospitalar – Equip de Manutenção da Vida, Equip de Diagnóstico e Infra - 2025 ri lago de tucurui.xlsx",Lago de Tucuruí,18607,55.0
Novo Repartimento,7 Lago de Tucuruí,22,"Tabela 22 – Caracterização Hospitalar – Equip de Manutenção da Vida, Equip de Diagnóstico e Infra - 2025 ri lago de tucurui",20,"Tabela 22 – Caracterização Hospitalar – Equip de Manutenção da Vida, Equip de Diagnóstico e Infra - 2025 ri lago de tucurui","..\..\Desktop\tabelas-powerBI\7 Lago de Tucuruí\Tabela 22 – Caracterização Hospitalar – Equip de Manutenção da Vida, Equip de Diagnóstico e Infra - 2025 ri lago de tucurui.xlsx",Lago de Tucuruí,18607,57.0
Tucuruí,7 Lago de Tucuruí,22,"Tabela 22 – Caracterização Hospitalar – Equip de Manutenção da Vida, Equip de Diagnóstico e Infra - 2025 ri lago de tucurui",20,"Tabela 22 – Caracterização Hospitalar – Equip de Manutenção da Vida, Equip de Diagnóstico e Infra - 2025 ri lago de tucurui","..\..\Desktop\tabelas-powerBI\7 Lago de Tucuruí\Tabela 22 – Caracterização Hospitalar – Equip de Manutenção da Vida, Equip de Diagnóstico e Infra - 2025 ri lago de tucurui.xlsx",Lago de Tucuruí,18607,323.0
Fonte: DATASUS,7 Lago de Tucuruí,22,"Tabela 22 – Caracterização Hospitalar – Equip de Manutenção da Vida, Equip de Diagnóstico e Infra - 2025 ri lago de tucurui",20,"Tabela 22 – Caracterização Hospitalar – Equip de Manutenção da Vida, Equip de Diagnóstico e Infra - 2025 ri lago de tucurui","..\..\Desktop\tabelas-powerBI\7 Lago de Tucuruí\Tabela 22 – Caracterização Hospitalar – Equip de Manutenção da Vida, Equip de Diagnóstico e Infra - 2025 ri lago de tucurui.xlsx",Lago de Tucuruí,18607,
Elaboração: FAPESPA,7 Lago de Tucuruí,22,"Tabela 22 – Caracterização Hospitalar – Equip de Manutenção da Vida, Equip de Diagnóstico e Infra - 2025 ri lago de tucurui",20,"Tabela 22 – Caracterização Hospitalar – Equip de Manutenção da Vida, Equip de Diagnóstico e Infra - 2025 ri lago de tucurui","..\..\Desktop\tabelas-powerBI\7 Lago de Tucuruí\Tabela 22 – Caracterização Hospitalar – Equip de Manutenção da Vida, Equip de Diagnóstico e Infra - 2025 ri lago de tucurui.xlsx",Lago de Tucuruí,18607,
*Nota: Dados referentes a Outubro/2025.,7 Lago de Tucuruí,22,"Tabela 22 – Caracterização Hospitalar – Equip de Manutenção da Vida, Equip de Diagnóstico e Infra - 2025 ri lago de tucurui",20,"Tabela 22 – Caracterização Hospitalar – Equip de Manutenção da Vida, Equip de Diagnóstico e Infra - 2025 ri lago de tucurui","..\..\Desktop\tabelas-powerBI\7 Lago de Tucuruí\Tabela 22 – Caracterização Hospitalar – Equip de Manutenção da Vida, Equip de Diagnóstico e Infra - 2025 ri lago de tucurui.xlsx",Lago de Tucuruí,18607,
RI Lago de Tucuruí,7 Lago de Tucuruí,22,"Tabela 22 – Caracterização Hospitalar – Equip de Manutenção da Vida, Equip de Diagnóstico e Infra - 2025 ri lago de tucurui",20,"Tabela 22 – Caracterização Hospitalar – Equip de Manutenção da Vida, Equip de Diagnóstico e Infra - 2025 ri lago de tucurui","..\..\Desktop\tabelas-powerBI\7 Lago de Tucuruí\Tabela 22 – Caracterização Hospitalar – Equip de Manutenção da Vida, Equip de Diagnóstico e Infra - 2025 ri lago de tucurui.xlsx",Lago de Tucuruí,506,25.0
Breu Branco,7 Lago de Tucuruí,22,"Tabela 22 – Caracterização Hospitalar – Equip de Manutenção da Vida, Equip de Diagnóstico e Infra - 2025 ri lago de tucurui",20,"Tabela 22 – Caracterização Hospitalar – Equip de Manutenção da Vida, Equip de Diagnóstico e Infra - 2025 ri lago de tucurui","..\..\Desktop\tabelas-powerBI\7 Lago de Tucuruí\Tabela 22 – Caracterização Hospitalar – Equip de Manutenção da Vida, Equip de Diagnóstico e Infra - 2025 ri lago de tucurui.xlsx",Lago de Tucuruí,506,2.0
Goianésia do Pará,7 Lago de Tucuruí,22,"Tabela 22 – Caracterização Hospitalar – Equip de Manutenção da Vida, Equip de Diagnóstico e Infra - 2025 ri lago de tucurui",20,"Tabela 22 – Caracterização Hospitalar – Equip de Manutenção da Vida, Equip de Diagnóstico e Infra - 2025 ri lago de tucurui","..\..\Desktop\tabelas-powerBI\7 Lago de Tucuruí\Tabela 22 – Caracterização Hospitalar – Equip de Manutenção da Vida, Equip de Diagnóstico e Infra - 2025 ri lago de tucurui.xlsx",Lago de Tucuruí,506,2.0
Itupiranga,7 Lago de Tucuruí,22,"Tabela 22 – Caracterização Hospitalar – Equip de Manutenção da Vida, Equip de Diagnóstico e Infra - 2025 ri lago de tucurui",20,"Tabela 22 – Caracterização Hospitalar – Equip de Manutenção da Vida, Equip de Diagnóstico e Infra - 2025 ri lago de tucurui","..\..\Desktop\tabelas-powerBI\7 Lago de Tucuruí\Tabela 22 – Caracterização Hospitalar – Equip de Manutenção da Vida, Equip de Diagnóstico e Infra - 2025 ri lago de tucurui.xlsx",Lago de Tucuruí,506,0.0
Jacundá,7 Lago de Tucuruí,22,"Tabela 22 – Caracterização Hospitalar – Equip de Manutenção da Vida, Equip de Diagnóstico e Infra - 2025 ri lago de tucurui",20,"Tabela 22 – Caracterização Hospitalar – Equip de Manutenção da Vida, Equip de Diagnóstico e Infra - 2025 ri lago de tucurui","..\..\Desktop\tabelas-powerBI\7 Lago de Tucuruí\Tabela 22 – Caracterização Hospitalar – Equip de Manutenção da Vida, Equip de Diagnóstico e Infra - 2025 ri lago de tucurui.xlsx",Lago de Tucuruí,506,0.0
Nova Ipixuna,7 Lago de Tucuruí,22,"Tabela 22 – Caracterização Hospitalar – Equip de Manutenção da Vida, Equip de Diagnóstico e Infra - 2025 ri lago de tucurui",20,"Tabela 22 – Caracterização Hospitalar – Equip de Manutenção da Vida, Equip de Diagnóstico e Infra - 2025 ri lago de tucurui","..\..\Desktop\tabelas-powerBI\7 Lago de Tucuruí\Tabela 22 – Caracterização Hospitalar – Equip de Manutenção da Vida, Equip de Diagnóstico e Infra - 2025 ri lago de tucurui.xlsx",Lago de Tucuruí,506,6.0
Novo Repartimento,7 Lago de Tucuruí,22,"Tabela 22 – Caracterização Hospitalar – Equip de Manutenção da Vida, Equip de Diagnóstico e Infra - 2025 ri lago de tucurui",20,"Tabela 22 – Caracterização Hospitalar – Equip de Manutenção da Vida, Equip de Diagnóstico e Infra - 2025 ri lago de tucurui","..\..\Desktop\tabelas-powerBI\7 Lago de Tucuruí\Tabela 22 – Caracterização Hospitalar – Equip de Manutenção da Vida, Equip de Diagnóstico e Infra - 2025 ri lago de tucurui.xlsx",Lago de Tucuruí,506,3.0
Tucuruí,7 Lago de Tucuruí,22,"Tabela 22 – Caracterização Hospitalar – Equip de Manutenção da Vida, Equip de Diagnóstico e Infra - 2025 ri lago de tucurui",20,"Tabela 22 – Caracterização Hospitalar – Equip de Manutenção da Vida, Equip de Diagnóstico e Infra - 2025 ri lago de tucurui","..\..\Desktop\tabelas-powerBI\7 Lago de Tucuruí\Tabela 22 – Caracterização Hospitalar – Equip de Manutenção da Vida, Equip de Diagnóstico e Infra - 2025 ri lago de tucurui.xlsx",Lago de Tucuruí,506,12.0
Fonte: DATASUS,7 Lago de Tucuruí,22,"Tabela 22 – Caracterização Hospitalar – Equip de Manutenção da Vida, Equip de Diagnóstico e Infra - 2025 ri lago de tucurui",20,"Tabela 22 – Caracterização Hospitalar – Equip de Manutenção da Vida, Equip de Diagnóstico e Infra - 2025 ri lago de tucurui","..\..\Desktop\tabelas-powerBI\7 Lago de Tucuruí\Tabela 22 – Caracterização Hospitalar – Equip de Manutenção da Vida, Equip de Diagnóstico e Infra - 2025 ri lago de tucurui.xlsx",Lago de Tucuruí,506,
Elaboração: FAPESPA,7 Lago de Tucuruí,22,"Tabela 22 – Caracterização Hospitalar – Equip de Manutenção da Vida, Equip de Diagnóstico e Infra - 2025 ri lago de tucurui",20,"Tabela 22 – Caracterização Hospitalar – Equip de Manutenção da Vida, Equip de Diagnóstico e Infra - 2025 ri lago de tucurui","..\..\Desktop\tabelas-powerBI\7 Lago de Tucuruí\Tabela 22 – Caracterização Hospitalar – Equip de Manutenção da Vida, Equip de Diagnóstico e Infra - 2025 ri lago de tucurui.xlsx",Lago de Tucuruí,506,
*Nota: Dados referentes a Outubro/2025.,7 Lago de Tucuruí,22,"Tabela 22 – Caracterização Hospitalar – Equip de Manutenção da Vida, Equip de Diagnóstico e Infra - 2025 ri lago de tucurui",20,"Tabela 22 – Caracterização Hospitalar – Equip de Manutenção da Vida, Equip de Diagnóstico e Infra - 2025 ri lago de tucurui","..\..\Desktop\tabelas-powerBI\7 Lago de Tucuruí\Tabela 22 – Caracterização Hospitalar – Equip de Manutenção da Vida, Equip de Diagnóstico e Infra - 2025 ri lago de tucurui.xlsx",Lago de Tucuruí,506,
RI Lago de Tucuruí,7 Lago de Tucuruí,22,"Tabela 22 – Caracterização Hospitalar – Equip de Manutenção da Vida, Equip de Diagnóstico e Infra - 2025 ri lago de tucurui",20,"Tabela 22 – Caracterização Hospitalar – Equip de Manutenção da Vida, Equip de Diagnóstico e Infra - 2025 ri lago de tucurui","..\..\Desktop\tabelas-powerBI\7 Lago de Tucuruí\Tabela 22 – Caracterização Hospitalar – Equip de Manutenção da Vida, Equip de Diagnóstico e Infra - 2025 ri lago de tucurui.xlsx",Lago de Tucuruí,493,24.0
Breu Branco,7 Lago de Tucuruí,22,"Tabela 22 – Caracterização Hospitalar – Equip de Manutenção da Vida, Equip de Diagnóstico e Infra - 2025 ri lago de tucurui",20,"Tabela 22 – Caracterização Hospitalar – Equip de Manutenção da Vida, Equip de Diagnóstico e Infra - 2025 ri lago de tucurui","..\..\Desktop\tabelas-powerBI\7 Lago de Tucuruí\Tabela 22 – Caracterização Hospitalar – Equip de Manutenção da Vida, Equip de Diagnóstico e Infra - 2025 ri lago de tucurui.xlsx",Lago de Tucuruí,493,2.0
Goianésia do Pará,7 Lago de Tucuruí,22,"Tabela 22 – Caracterização Hospitalar – Equip de Manutenção da Vida, Equip de Diagnóstico e Infra - 2025 ri lago de tucurui",20,"Tabela 22 – Caracterização Hospitalar – Equip de Manutenção da Vida, Equip de Diagnóstico e Infra - 2025 ri lago de tucurui","..\..\Desktop\tabelas-powerBI\7 Lago de Tucuruí\Tabela 22 – Caracterização Hospitalar – Equip de Manutenção da Vida, Equip de Diagnóstico e Infra - 2025 ri lago de tucurui.xlsx",Lago de Tucuruí,493,1.0
Itupiranga,7 Lago de Tucuruí,22,"Tabela 22 – Caracterização Hospitalar – Equip de Manutenção da Vida, Equip de Diagnóstico e Infra - 2025 ri lago de tucurui",20,"Tabela 22 – Caracterização Hospitalar – Equip de Manutenção da Vida, Equip de Diagnóstico e Infra - 2025 ri lago de tucurui","..\..\Desktop\tabelas-powerBI\7 Lago de Tucuruí\Tabela 22 – Caracterização Hospitalar – Equip de Manutenção da Vida, Equip de Diagnóstico e Infra - 2025 ri lago de tucurui.xlsx",Lago de Tucuruí,493,0.0
Jacundá,7 Lago de Tucuruí,22,"Tabela 22 – Caracterização Hospitalar – Equip de Manutenção da Vida, Equip de Diagnóstico e Infra - 2025 ri lago de tucurui",20,"Tabela 22 – Caracterização Hospitalar – Equip de Manutenção da Vida, Equip de Diagnóstico e Infra - 2025 ri lago de tucurui","..\..\Desktop\tabelas-powerBI\7 Lago de Tucuruí\Tabela 22 – Caracterização Hospitalar – Equip de Manutenção da Vida, Equip de Diagnóstico e Infra - 2025 ri lago de tucurui.xlsx",Lago de Tucuruí,493,0.0
Nova Ipixuna,7 Lago de Tucuruí,22,"Tabela 22 – Caracterização Hospitalar – Equip de Manutenção da Vida, Equip de Diagnóstico e Infra - 2025 ri lago de tucurui",20,"Tabela 22 – Caracterização Hospitalar – Equip de Manutenção da Vida, Equip de Diagnóstico e Infra - 2025 ri lago de tucurui","..\..\Desktop\tabelas-powerBI\7 Lago de Tucuruí\Tabela 22 – Caracterização Hospitalar – Equip de Manutenção da Vida, Equip de Diagnóstico e Infra - 2025 ri lago de tucurui.xlsx",Lago de Tucuruí,493,6.0
Novo Repartimento,7 Lago de Tucuruí,22,"Tabela 22 – Caracterização Hospitalar – Equip de Manutenção da Vida, Equip de Diagnóstico e Infra - 2025 ri lago de tucurui",20,"Tabela 22 – Caracterização Hospitalar – Equip de Manutenção da Vida, Equip de Diagnóstico e Infra - 2025 ri lago de tucurui","..\..\Desktop\tabelas-powerBI\7 Lago de Tucuruí\Tabela 22 – Caracterização Hospitalar – Equip de Manutenção da Vida, Equip de Diagnóstico e Infra - 2025 ri lago de tucurui.xlsx",Lago de Tucuruí,493,3.0
Tucuruí,7 Lago de Tucuruí,22,"Tabela 22 – Caracterização Hospitalar – Equip de Manutenção da Vida, Equip de Diagnóstico e Infra - 2025 ri lago de tucurui",20,"Tabela 22 – Caracterização Hospitalar – Equip de Manutenção da Vida, Equip de Diagnóstico e Infra - 2025 ri lago de tucurui","..\..\Desktop\tabelas-powerBI\7 Lago de Tucuruí\Tabela 22 – Caracterização Hospitalar – Equip de Manutenção da Vida, Equip de Diagnóstico e Infra - 2025 ri lago de tucurui.xlsx",Lago de Tucuruí,493,12.0
Fonte: DATASUS,7 Lago de Tucuruí,22,"Tabela 22 – Caracterização Hospitalar – Equip de Manutenção da Vida, Equip de Diagnóstico e Infra - 2025 ri lago de tucurui",20,"Tabela 22 – Caracterização Hospitalar – Equip de Manutenção da Vida, Equip de Diagnóstico e Infra - 2025 ri lago de tucurui","..\..\Desktop\tabelas-powerBI\7 Lago de Tucuruí\Tabela 22 – Caracterização Hospitalar – Equip de Manutenção da Vida, Equip de Diagnóstico e Infra - 2025 ri lago de tucurui.xlsx",Lago de Tucuruí,493,
Elaboração: FAPESPA,7 Lago de Tucuruí,22,"Tabela 22 – Caracterização Hospitalar – Equip de Manutenção da Vida, Equip de Diagnóstico e Infra - 2025 ri lago de tucurui",20,"Tabela 22 – Caracterização Hospitalar – Equip de Manutenção da Vida, Equip de Diagnóstico e Infra - 2025 ri lago de tucurui","..\..\Desktop\tabelas-powerBI\7 Lago de Tucuruí\Tabela 22 – Caracterização Hospitalar – Equip de Manutenção da Vida, Equip de Diagnóstico e Infra - 2025 ri lago de tucurui.xlsx",Lago de Tucuruí,493,
*Nota: Dados referentes a Outubro/2025.,7 Lago de Tucuruí,22,"Tabela 22 – Caracterização Hospitalar – Equip de Manutenção da Vida, Equip de Diagnóstico e Infra - 2025 ri lago de tucurui",20,"Tabela 22 – Caracterização Hospitalar – Equip de Manutenção da Vida, Equip de Diagnóstico e Infra - 2025 ri lago de tucurui","..\..\Desktop\tabelas-powerBI\7 Lago de Tucuruí\Tabela 22 – Caracterização Hospitalar – Equip de Manutenção da Vida, Equip de Diagnóstico e Infra - 2025 ri lago de tucurui.xlsx",Lago de Tucuruí,493,
RI Lago de Tucuruí,7 Lago de Tucuruí,22,"Tabela 22 – Caracterização Hospitalar – Equip de Manutenção da Vida, Equip de Diagnóstico e Infra - 2025 ri lago de tucurui",20,"Tabela 22 – Caracterização Hospitalar – Equip de Manutenção da Vida, Equip de Diagnóstico e Infra - 2025 ri lago de tucurui","..\..\Desktop\tabelas-powerBI\7 Lago de Tucuruí\Tabela 22 – Caracterização Hospitalar – Equip de Manutenção da Vida, Equip de Diagnóstico e Infra - 2025 ri lago de tucurui.xlsx",Lago de Tucuruí,172,6.0
Breu Branco,7 Lago de Tucuruí,22,"Tabela 22 – Caracterização Hospitalar – Equip de Manutenção da Vida, Equip de Diagnóstico e Infra - 2025 ri lago de tucurui",20,"Tabela 22 – Caracterização Hospitalar – Equip de Manutenção da Vida, Equip de Diagnóstico e Infra - 2025 ri lago de tucurui","..\..\Desktop\tabelas-powerBI\7 Lago de Tucuruí\Tabela 22 – Caracterização Hospitalar – Equip de Manutenção da Vida, Equip de Diagnóstico e Infra - 2025 ri lago de tucurui.xlsx",Lago de Tucuruí,172,2.0
Goianésia do Pará,7 Lago de Tucuruí,22,"Tabela 22 – Caracterização Hospitalar – Equip de Manutenção da Vida, Equip de Diagnóstico e Infra - 2025 ri lago de tucurui",20,"Tabela 22 – Caracterização Hospitalar – Equip de Manutenção da Vida, Equip de Diagnóstico e Infra - 2025 ri lago de tucurui","..\..\Desktop\tabelas-powerBI\7 Lago de Tucuruí\Tabela 22 – Caracterização Hospitalar – Equip de Manutenção da Vida, Equip de Diagnóstico e Infra - 2025 ri lago de tucurui.xlsx",Lago de Tucuruí,172,0.0
Itupiranga,7 Lago de Tucuruí,22,"Tabela 22 – Caracterização Hospitalar – Equip de Manutenção da Vida, Equip de Diagnóstico e Infra - 2025 ri lago de tucurui",20,"Tabela 22 – Caracterização Hospitalar – Equip de Manutenção da Vida, Equip de Diagnóstico e Infra - 2025 ri lago de tucurui","..\..\Desktop\tabelas-powerBI\7 Lago de Tucuruí\Tabela 22 – Caracterização Hospitalar – Equip de Manutenção da Vida, Equip de Diagnóstico e Infra - 2025 ri lago de tucurui.xlsx",Lago de Tucuruí,172,0.0
Jacundá,7 Lago de Tucuruí,22,"Tabela 22 – Caracterização Hospitalar – Equip de Manutenção da Vida, Equip de Diagnóstico e Infra - 2025 ri lago de tucurui",20,"Tabela 22 – Caracterização Hospitalar – Equip de Manutenção da Vida, Equip de Diagnóstico e Infra - 2025 ri lago de tucurui","..\..\Desktop\tabelas-powerBI\7 Lago de Tucuruí\Tabela 22 – Caracterização Hospitalar – Equip de Manutenção da Vida, Equip de Diagnóstico e Infra - 2025 ri lago de tucurui.xlsx",Lago de Tucuruí,172,1.0
Nova Ipixuna,7 Lago de Tucuruí,22,"Tabela 22 – Caracterização Hospitalar – Equip de Manutenção da Vida, Equip de Diagnóstico e Infra - 2025 ri lago de tucurui",20,"Tabela 22 – Caracterização Hospitalar – Equip de Manutenção da Vida, Equip de Diagnóstico e Infra - 2025 ri lago de tucurui","..\..\Desktop\tabelas-powerBI\7 Lago de Tucuruí\Tabela 22 – Caracterização Hospitalar – Equip de Manutenção da Vida, Equip de Diagnóstico e Infra - 2025 ri lago de tucurui.xlsx",Lago de Tucuruí,172,0.0
Novo Repartimento,7 Lago de Tucuruí,22,"Tabela 22 – Caracterização Hospitalar – Equip de Manutenção da Vida, Equip de Diagnóstico e Infra - 2025 ri lago de tucurui",20,"Tabela 22 – Caracterização Hospitalar – Equip de Manutenção da Vida, Equip de Diagnóstico e Infra - 2025 ri lago de tucurui","..\..\Desktop\tabelas-powerBI\7 Lago de Tucuruí\Tabela 22 – Caracterização Hospitalar – Equip de Manutenção da Vida, Equip de Diagnóstico e Infra - 2025 ri lago de tucurui.xlsx",Lago de Tucuruí,172,1.0
Tucuruí,7 Lago de Tucuruí,22,"Tabela 22 – Caracterização Hospitalar – Equip de Manutenção da Vida, Equip de Diagnóstico e Infra - 2025 ri lago de tucurui",20,"Tabela 22 – Caracterização Hospitalar – Equip de Manutenção da Vida, Equip de Diagnóstico e Infra - 2025 ri lago de tucurui","..\..\Desktop\tabelas-powerBI\7 Lago de Tucuruí\Tabela 22 – Caracterização Hospitalar – Equip de Manutenção da Vida, Equip de Diagnóstico e Infra - 2025 ri lago de tucurui.xlsx",Lago de Tucuruí,172,2.0
Fonte: DATASUS,7 Lago de Tucuruí,22,"Tabela 22 – Caracterização Hospitalar – Equip de Manutenção da Vida, Equip de Diagnóstico e Infra - 2025 ri lago de tucurui",20,"Tabela 22 – Caracterização Hospitalar – Equip de Manutenção da Vida, Equip de Diagnóstico e Infra - 2025 ri lago de tucurui","..\..\Desktop\tabelas-powerBI\7 Lago de Tucuruí\Tabela 22 – Caracterização Hospitalar – Equip de Manutenção da Vida, Equip de Diagnóstico e Infra - 2025 ri lago de tucurui.xlsx",Lago de Tucuruí,172,
Elaboração: FAPESPA,7 Lago de Tucuruí,22,"Tabela 22 – Caracterização Hospitalar – Equip de Manutenção da Vida, Equip de Diagnóstico e Infra - 2025 ri lago de tucurui",20,"Tabela 22 – Caracterização Hospitalar – Equip de Manutenção da Vida, Equip de Diagnóstico e Infra - 2025 ri lago de tucurui","..\..\Desktop\tabelas-powerBI\7 Lago de Tucuruí\Tabela 22 – Caracterização Hospitalar – Equip de Manutenção da Vida, Equip de Diagnóstico e Infra - 2025 ri lago de tucurui.xlsx",Lago de Tucuruí,172,
*Nota: Dados referentes a Outubro/2025.,7 Lago de Tucuruí,22,"Tabela 22 – Caracterização Hospitalar – Equip de Manutenção da Vida, Equip de Diagnóstico e Infra - 2025 ri lago de tucurui",20,"Tabela 22 – Caracterização Hospitalar – Equip de Manutenção da Vida, Equip de Diagnóstico e Infra - 2025 ri lago de tucurui","..\..\Desktop\tabelas-powerBI\7 Lago de Tucuruí\Tabela 22 – Caracterização Hospitalar – Equip de Manutenção da Vida, Equip de Diagnóstico e Infra - 2025 ri lago de tucurui.xlsx",Lago de Tucuruí,172,
RI Lago de Tucuruí,7 Lago de Tucuruí,22,"Tabela 22 – Caracterização Hospitalar – Equip de Manutenção da Vida, Equip de Diagnóstico e Infra - 2025 ri lago de tucurui",20,"Tabela 22 – Caracterização Hospitalar – Equip de Manutenção da Vida, Equip de Diagnóstico e Infra - 2025 ri lago de tucurui","..\..\Desktop\tabelas-powerBI\7 Lago de Tucuruí\Tabela 22 – Caracterização Hospitalar – Equip de Manutenção da Vida, Equip de Diagnóstico e Infra - 2025 ri lago de tucurui.xlsx",Lago de Tucuruí,165,6.0
Breu Branco,7 Lago de Tucuruí,22,"Tabela 22 – Caracterização Hospitalar – Equip de Manutenção da Vida, Equip de Diagnóstico e Infra - 2025 ri lago de tucurui",20,"Tabela 22 – Caracterização Hospitalar – Equip de Manutenção da Vida, Equip de Diagnóstico e Infra - 2025 ri lago de tucurui","..\..\Desktop\tabelas-powerBI\7 Lago de Tucuruí\Tabela 22 – Caracterização Hospitalar – Equip de Manutenção da Vida, Equip de Diagnóstico e Infra - 2025 ri lago de tucurui.xlsx",Lago de Tucuruí,165,2.0
Goianésia do Pará,7 Lago de Tucuruí,22,"Tabela 22 – Caracterização Hospitalar – Equip de Manutenção da Vida, Equip de Diagnóstico e Infra - 2025 ri lago de tucurui",20,"Tabela 22 – Caracterização Hospitalar – Equip de Manutenção da Vida, Equip de Diagnóstico e Infra - 2025 ri lago de tucurui","..\..\Desktop\tabelas-powerBI\7 Lago de Tucuruí\Tabela 22 – Caracterização Hospitalar – Equip de Manutenção da Vida, Equip de Diagnóstico e Infra - 2025 ri lago de tucurui.xlsx",Lago de Tucuruí,165,0.0
Itupiranga,7 Lago de Tucuruí,22,"Tabela 22 – Caracterização Hospitalar – Equip de Manutenção da Vida, Equip de Diagnóstico e Infra - 2025 ri lago de tucurui",20,"Tabela 22 – Caracterização Hospitalar – Equip de Manutenção da Vida, Equip de Diagnóstico e Infra - 2025 ri lago de tucurui","..\..\Desktop\tabelas-powerBI\7 Lago de Tucuruí\Tabela 22 – Caracterização Hospitalar – Equip de Manutenção da Vida, Equip de Diagnóstico e Infra - 2025 ri lago de tucurui.xlsx",Lago de Tucuruí,165,0.0
Jacundá,7 Lago de Tucuruí,22,"Tabela 22 – Caracterização Hospitalar – Equip de Manutenção da Vida, Equip de Diagnóstico e Infra - 2025 ri lago de tucurui",20,"Tabela 22 – Caracterização Hospitalar – Equip de Manutenção da Vida, Equip de Diagnóstico e Infra - 2025 ri lago de tucurui","..\..\Desktop\tabelas-powerBI\7 Lago de Tucuruí\Tabela 22 – Caracterização Hospitalar – Equip de Manutenção da Vida, Equip de Diagnóstico e Infra - 2025 ri lago de tucurui.xlsx",Lago de Tucuruí,165,1.0
Nova Ipixuna,7 Lago de Tucuruí,22,"Tabela 22 – Caracterização Hospitalar – Equip de Manutenção da Vida, Equip de Diagnóstico e Infra - 2025 ri lago de tucurui",20,"Tabela 22 – Caracterização Hospitalar – Equip de Manutenção da Vida, Equip de Diagnóstico e Infra - 2025 ri lago de tucurui","..\..\Desktop\tabelas-powerBI\7 Lago de Tucuruí\Tabela 22 – Caracterização Hospitalar – Equip de Manutenção da Vida, Equip de Diagnóstico e Infra - 2025 ri lago de tucurui.xlsx",Lago de Tucuruí,165,0.0
Novo Repartimento,7 Lago de Tucuruí,22,"Tabela 22 – Caracterização Hospitalar – Equip de Manutenção da Vida, Equip de Diagnóstico e Infra - 2025 ri lago de tucurui",20,"Tabela 22 – Caracterização Hospitalar – Equip de Manutenção da Vida, Equip de Diagnóstico e Infra - 2025 ri lago de tucurui","..\..\Desktop\tabelas-powerBI\7 Lago de Tucuruí\Tabela 22 – Caracterização Hospitalar – Equip de Manutenção da Vida, Equip de Diagnóstico e Infra - 2025 ri lago de tucurui.xlsx",Lago de Tucuruí,165,1.0
Tucuruí,7 Lago de Tucuruí,22,"Tabela 22 – Caracterização Hospitalar – Equip de Manutenção da Vida, Equip de Diagnóstico e Infra - 2025 ri lago de tucurui",20,"Tabela 22 – Caracterização Hospitalar – Equip de Manutenção da Vida, Equip de Diagnóstico e Infra - 2025 ri lago de tucurui","..\..\Desktop\tabelas-powerBI\7 Lago de Tucuruí\Tabela 22 – Caracterização Hospitalar – Equip de Manutenção da Vida, Equip de Diagnóstico e Infra - 2025 ri lago de tucurui.xlsx",Lago de Tucuruí,165,2.0
Fonte: DATASUS,7 Lago de Tucuruí,22,"Tabela 22 – Caracterização Hospitalar – Equip de Manutenção da Vida, Equip de Diagnóstico e Infra - 2025 ri lago de tucurui",20,"Tabela 22 – Caracterização Hospitalar – Equip de Manutenção da Vida, Equip de Diagnóstico e Infra - 2025 ri lago de tucurui","..\..\Desktop\tabelas-powerBI\7 Lago de Tucuruí\Tabela 22 – Caracterização Hospitalar – Equip de Manutenção da Vida, Equip de Diagnóstico e Infra - 2025 ri lago de tucurui.xlsx",Lago de Tucuruí,165,
Elaboração: FAPESPA,7 Lago de Tucuruí,22,"Tabela 22 – Caracterização Hospitalar – Equip de Manutenção da Vida, Equip de Diagnóstico e Infra - 2025 ri lago de tucurui",20,"Tabela 22 – Caracterização Hospitalar – Equip de Manutenção da Vida, Equip de Diagnóstico e Infra - 2025 ri lago de tucurui","..\..\Desktop\tabelas-powerBI\7 Lago de Tucuruí\Tabela 22 – Caracterização Hospitalar – Equip de Manutenção da Vida, Equip de Diagnóstico e Infra - 2025 ri lago de tucurui.xlsx",Lago de Tucuruí,165,
*Nota: Dados referentes a Outubro/2025.,7 Lago de Tucuruí,22,"Tabela 22 – Caracterização Hospitalar – Equip de Manutenção da Vida, Equip de Diagnóstico e Infra - 2025 ri lago de tucurui",20,"Tabela 22 – Caracterização Hospitalar – Equip de Manutenção da Vida, Equip de Diagnóstico e Infra - 2025 ri lago de tucurui","..\..\Desktop\tabelas-powerBI\7 Lago de Tucuruí\Tabela 22 – Caracterização Hospitalar – Equip de Manutenção da Vida, Equip de Diagnóstico e Infra - 2025 ri lago de tucurui.xlsx",Lago de Tucuruí,165,
RI Lago de Tucuruí,7 Lago de Tucuruí,22,"Tabela 22 – Caracterização Hospitalar – Equip de Manutenção da Vida, Equip de Diagnóstico e Infra - 2025 ri lago de tucurui",20,"Tabela 22 – Caracterização Hospitalar – Equip de Manutenção da Vida, Equip de Diagnóstico e Infra - 2025 ri lago de tucurui","..\..\Desktop\tabelas-powerBI\7 Lago de Tucuruí\Tabela 22 – Caracterização Hospitalar – Equip de Manutenção da Vida, Equip de Diagnóstico e Infra - 2025 ri lago de tucurui.xlsx",Lago de Tucuruí,30067,903.0
Breu Branco,7 Lago de Tucuruí,22,"Tabela 22 – Caracterização Hospitalar – Equip de Manutenção da Vida, Equip de Diagnóstico e Infra - 2025 ri lago de tucurui",20,"Tabela 22 – Caracterização Hospitalar – Equip de Manutenção da Vida, Equip de Diagnóstico e Infra - 2025 ri lago de tucurui","..\..\Desktop\tabelas-powerBI\7 Lago de Tucuruí\Tabela 22 – Caracterização Hospitalar – Equip de Manutenção da Vida, Equip de Diagnóstico e Infra - 2025 ri lago de tucurui.xlsx",Lago de Tucuruí,30067,54.0
Goianésia do Pará,7 Lago de Tucuruí,22,"Tabela 22 – Caracterização Hospitalar – Equip de Manutenção da Vida, Equip de Diagnóstico e Infra - 2025 ri lago de tucurui",20,"Tabela 22 – Caracterização Hospitalar – Equip de Manutenção da Vida, Equip de Diagnóstico e Infra - 2025 ri lago de tucurui","..\..\Desktop\tabelas-powerBI\7 Lago de Tucuruí\Tabela 22 – Caracterização Hospitalar – Equip de Manutenção da Vida, Equip de Diagnóstico e Infra - 2025 ri lago de tucurui.xlsx",Lago de Tucuruí,30067,17.0
Itupiranga,7 Lago de Tucuruí,22,"Tabela 22 – Caracterização Hospitalar – Equip de Manutenção da Vida, Equip de Diagnóstico e Infra - 2025 ri lago de tucurui",20,"Tabela 22 – Caracterização Hospitalar – Equip de Manutenção da Vida, Equip de Diagnóstico e Infra - 2025 ri lago de tucurui","..\..\Desktop\tabelas-powerBI\7 Lago de Tucuruí\Tabela 22 – Caracterização Hospitalar – Equip de Manutenção da Vida, Equip de Diagnóstico e Infra - 2025 ri lago de tucurui.xlsx",Lago de Tucuruí,30067,12.0
Jacundá,7 Lago de Tucuruí,22,"Tabela 22 – Caracterização Hospitalar – Equip de Manutenção da Vida, Equip de Diagnóstico e Infra - 2025 ri lago de tucurui",20,"Tabela 22 – Caracterização Hospitalar – Equip de Manutenção da Vida, Equip de Diagnóstico e Infra - 2025 ri lago de tucurui","..\..\Desktop\tabelas-powerBI\7 Lago de Tucuruí\Tabela 22 – Caracterização Hospitalar – Equip de Manutenção da Vida, Equip de Diagnóstico e Infra - 2025 ri lago de tucurui.xlsx",Lago de Tucuruí,30067,188.0
Nova Ipixuna,7 Lago de Tucuruí,22,"Tabela 22 – Caracterização Hospitalar – Equip de Manutenção da Vida, Equip de Diagnóstico e Infra - 2025 ri lago de tucurui",20,"Tabela 22 – Caracterização Hospitalar – Equip de Manutenção da Vida, Equip de Diagnóstico e Infra - 2025 ri lago de tucurui","..\..\Desktop\tabelas-powerBI\7 Lago de Tucuruí\Tabela 22 – Caracterização Hospitalar – Equip de Manutenção da Vida, Equip de Diagnóstico e Infra - 2025 ri lago de tucurui.xlsx",Lago de Tucuruí,30067,71.0
Novo Repartimento,7 Lago de Tucuruí,22,"Tabela 22 – Caracterização Hospitalar – Equip de Manutenção da Vida, Equip de Diagnóstico e Infra - 2025 ri lago de tucurui",20,"Tabela 22 – Caracterização Hospitalar – Equip de Manutenção da Vida, Equip de Diagnóstico e Infra - 2025 ri lago de tucurui","..\..\Desktop\tabelas-powerBI\7 Lago de Tucuruí\Tabela 22 – Caracterização Hospitalar – Equip de Manutenção da Vida, Equip de Diagnóstico e Infra - 2025 ri lago de tucurui.xlsx",Lago de Tucuruí,30067,85.0
Tucuruí,7 Lago de Tucuruí,22,"Tabela 22 – Caracterização Hospitalar – Equip de Manutenção da Vida, Equip de Diagnóstico e Infra - 2025 ri lago de tucurui",20,"Tabela 22 – Caracterização Hospitalar – Equip de Manutenção da Vida, Equip de Diagnóstico e Infra - 2025 ri lago de tucurui","..\..\Desktop\tabelas-powerBI\7 Lago de Tucuruí\Tabela 22 – Caracterização Hospitalar – Equip de Manutenção da Vida, Equip de Diagnóstico e Infra - 2025 ri lago de tucurui.xlsx",Lago de Tucuruí,30067,476.0
Fonte: DATASUS,7 Lago de Tucuruí,22,"Tabela 22 – Caracterização Hospitalar – Equip de Manutenção da Vida, Equip de Diagnóstico e Infra - 2025 ri lago de tucurui",20,"Tabela 22 – Caracterização Hospitalar – Equip de Manutenção da Vida, Equip de Diagnóstico e Infra - 2025 ri lago de tucurui","..\..\Desktop\tabelas-powerBI\7 Lago de Tucuruí\Tabela 22 – Caracterização Hospitalar – Equip de Manutenção da Vida, Equip de Diagnóstico e Infra - 2025 ri lago de tucurui.xlsx",Lago de Tucuruí,30067,
Elaboração: FAPESPA,7 Lago de Tucuruí,22,"Tabela 22 – Caracterização Hospitalar – Equip de Manutenção da Vida, Equip de Diagnóstico e Infra - 2025 ri lago de tucurui",20,"Tabela 22 – Caracterização Hospitalar – Equip de Manutenção da Vida, Equip de Diagnóstico e Infra - 2025 ri lago de tucurui","..\..\Desktop\tabelas-powerBI\7 Lago de Tucuruí\Tabela 22 – Caracterização Hospitalar – Equip de Manutenção da Vida, Equip de Diagnóstico e Infra - 2025 ri lago de tucurui.xlsx",Lago de Tucuruí,30067,
*Nota: Dados referentes a Outubro/2025.,7 Lago de Tucuruí,22,"Tabela 22 – Caracterização Hospitalar – Equip de Manutenção da Vida, Equip de Diagnóstico e Infra - 2025 ri lago de tucurui",20,"Tabela 22 – Caracterização Hospitalar – Equip de Manutenção da Vida, Equip de Diagnóstico e Infra - 2025 ri lago de tucurui","..\..\Desktop\tabelas-powerBI\7 Lago de Tucuruí\Tabela 22 – Caracterização Hospitalar – Equip de Manutenção da Vida, Equip de Diagnóstico e Infra - 2025 ri lago de tucurui.xlsx",Lago de Tucuruí,30067,
RI Lago de Tucuruí,7 Lago de Tucuruí,22,"Tabela 22 – Caracterização Hospitalar – Equip de Manutenção da Vida, Equip de Diagnóstico e Infra - 2025 ri lago de tucurui",20,"Tabela 22 – Caracterização Hospitalar – Equip de Manutenção da Vida, Equip de Diagnóstico e Infra - 2025 ri lago de tucurui","..\..\Desktop\tabelas-powerBI\7 Lago de Tucuruí\Tabela 22 – Caracterização Hospitalar – Equip de Manutenção da Vida, Equip de Diagnóstico e Infra - 2025 ri lago de tucurui.xlsx",Lago de Tucuruí,29020,892.0
Breu Branco,7 Lago de Tucuruí,22,"Tabela 22 – Caracterização Hospitalar – Equip de Manutenção da Vida, Equip de Diagnóstico e Infra - 2025 ri lago de tucurui",20,"Tabela 22 – Caracterização Hospitalar – Equip de Manutenção da Vida, Equip de Diagnóstico e Infra - 2025 ri lago de tucurui","..\..\Desktop\tabelas-powerBI\7 Lago de Tucuruí\Tabela 22 – Caracterização Hospitalar – Equip de Manutenção da Vida, Equip de Diagnóstico e Infra - 2025 ri lago de tucurui.xlsx",Lago de Tucuruí,29020,54.0
Goianésia do Pará,7 Lago de Tucuruí,22,"Tabela 22 – Caracterização Hospitalar – Equip de Manutenção da Vida, Equip de Diagnóstico e Infra - 2025 ri lago de tucurui",20,"Tabela 22 – Caracterização Hospitalar – Equip de Manutenção da Vida, Equip de Diagnóstico e Infra - 2025 ri lago de tucurui","..\..\Desktop\tabelas-powerBI\7 Lago de Tucuruí\Tabela 22 – Caracterização Hospitalar – Equip de Manutenção da Vida, Equip de Diagnóstico e Infra - 2025 ri lago de tucurui.xlsx",Lago de Tucuruí,29020,13.0
Itupiranga,7 Lago de Tucuruí,22,"Tabela 22 – Caracterização Hospitalar – Equip de Manutenção da Vida, Equip de Diagnóstico e Infra - 2025 ri lago de tucurui",20,"Tabela 22 – Caracterização Hospitalar – Equip de Manutenção da Vida, Equip de Diagnóstico e Infra - 2025 ri lago de tucurui","..\..\Desktop\tabelas-powerBI\7 Lago de Tucuruí\Tabela 22 – Caracterização Hospitalar – Equip de Manutenção da Vida, Equip de Diagnóstico e Infra - 2025 ri lago de tucurui.xlsx",Lago de Tucuruí,29020,12.0
Jacundá,7 Lago de Tucuruí,22,"Tabela 22 – Caracterização Hospitalar – Equip de Manutenção da Vida, Equip de Diagnóstico e Infra - 2025 ri lago de tucurui",20,"Tabela 22 – Caracterização Hospitalar – Equip de Manutenção da Vida, Equip de Diagnóstico e Infra - 2025 ri lago de tucurui","..\..\Desktop\tabelas-powerBI\7 Lago de Tucuruí\Tabela 22 – Caracterização Hospitalar – Equip de Manutenção da Vida, Equip de Diagnóstico e Infra - 2025 ri lago de tucurui.xlsx",Lago de Tucuruí,29020,186.0
Nova Ipixuna,7 Lago de Tucuruí,22,"Tabela 22 – Caracterização Hospitalar – Equip de Manutenção da Vida, Equip de Diagnóstico e Infra - 2025 ri lago de tucurui",20,"Tabela 22 – Caracterização Hospitalar – Equip de Manutenção da Vida, Equip de Diagnóstico e Infra - 2025 ri lago de tucurui","..\..\Desktop\tabelas-powerBI\7 Lago de Tucuruí\Tabela 22 – Caracterização Hospitalar – Equip de Manutenção da Vida, Equip de Diagnóstico e Infra - 2025 ri lago de tucurui.xlsx",Lago de Tucuruí,29020,71.0
Novo Repartimento,7 Lago de Tucuruí,22,"Tabela 22 – Caracterização Hospitalar – Equip de Manutenção da Vida, Equip de Diagnóstico e Infra - 2025 ri lago de tucurui",20,"Tabela 22 – Caracterização Hospitalar – Equip de Manutenção da Vida, Equip de Diagnóstico e Infra - 2025 ri lago de tucurui","..\..\Desktop\tabelas-powerBI\7 Lago de Tucuruí\Tabela 22 – Caracterização Hospitalar – Equip de Manutenção da Vida, Equip de Diagnóstico e Infra - 2025 ri lago de tucurui.xlsx",Lago de Tucuruí,29020,85.0
Tucuruí,7 Lago de Tucuruí,22,"Tabela 22 – Caracterização Hospitalar – Equip de Manutenção da Vida, Equip de Diagnóstico e Infra - 2025 ri lago de tucurui",20,"Tabela 22 – Caracterização Hospitalar – Equip de Manutenção da Vida, Equip de Diagnóstico e Infra - 2025 ri lago de tucurui","..\..\Desktop\tabelas-powerBI\7 Lago de Tucuruí\Tabela 22 – Caracterização Hospitalar – Equip de Manutenção da Vida, Equip de Diagnóstico e Infra - 2025 ri lago de tucurui.xlsx",Lago de Tucuruí,29020,471.0
Fonte: DATASUS,7 Lago de Tucuruí,22,"Tabela 22 – Caracterização Hospitalar – Equip de Manutenção da Vida, Equip de Diagnóstico e Infra - 2025 ri lago de tucurui",20,"Tabela 22 – Caracterização Hospitalar – Equip de Manutenção da Vida, Equip de Diagnóstico e Infra - 2025 ri lago de tucurui","..\..\Desktop\tabelas-powerBI\7 Lago de Tucuruí\Tabela 22 – Caracterização Hospitalar – Equip de Manutenção da Vida, Equip de Diagnóstico e Infra - 2025 ri lago de tucurui.xlsx",Lago de Tucuruí,29020,
Elaboração: FAPESPA,7 Lago de Tucuruí,22,"Tabela 22 – Caracterização Hospitalar – Equip de Manutenção da Vida, Equip de Diagnóstico e Infra - 2025 ri lago de tucurui",20,"Tabela 22 – Caracterização Hospitalar – Equip de Manutenção da Vida, Equip de Diagnóstico e Infra - 2025 ri lago de tucurui","..\..\Desktop\tabelas-powerBI\7 Lago de Tucuruí\Tabela 22 – Caracterização Hospitalar – Equip de Manutenção da Vida, Equip de Diagnóstico e Infra - 2025 ri lago de tucurui.xlsx",Lago de Tucuruí,29020,
*Nota: Dados referentes a Outubro/2025.,7 Lago de Tucuruí,22,"Tabela 22 – Caracterização Hospitalar – Equip de Manutenção da Vida, Equip de Diagnóstico e Infra - 2025 ri lago de tucurui",20,"Tabela 22 – Caracterização Hospitalar – Equip de Manutenção da Vida, Equip de Diagnóstico e Infra - 2025 ri lago de tucurui","..\..\Desktop\tabelas-powerBI\7 Lago de Tucuruí\Tabela 22 – Caracterização Hospitalar – Equip de Manutenção da Vida, Equip de Diagnóstico e Infra - 2025 ri lago de tucurui.xlsx",Lago de Tucuruí,29020,
