Par,9274,290432,1084062,45449,148884,233792,17516,1213359,152720,4610,96067,161718,1192224,3751973,7307684,127,2802,12167,regiao,tabela_num,titulo,ano,arquivo,arquivo_path,aba,variavel,valor
RI Rio Capim,172,4791,22222,8812,21820,36619,17011,1190618,143109,423,9717,18401,596321,1903804,3836107,18,232,928,10 Rio Capim,44,"Área colhida (Hectares), Quantidade Produzida (Toneladas) e Valor (Mil Reais) da Produção por Tipo de Lavoura Temporária - 2024 ri rio capim",20,"Tabela 44 - Área colhida (Hectares), Quantidade Produzida (Toneladas) e Valor (Mil Reais) da Produção por Tipo de Lavoura Temporária - 2024 ri rio capim","..\..\Desktop\tabelas-powerBI\10 Rio Capim\Tabela 44 - Área colhida (Hectares), Quantidade Produzida (Toneladas) e Valor (Mil Reais) da Produção por Tipo de Lavoura Temporária - 2024 ri rio capim.xlsx",Rio Capim,21320,5007.0
Abel Figueiredo,-,-,-,-,-,-,11,618,309,2,40,56,4321,15124,32759,-,-,-,10 Rio Capim,44,"Área colhida (Hectares), Quantidade Produzida (Toneladas) e Valor (Mil Reais) da Produção por Tipo de Lavoura Temporária - 2024 ri rio capim",20,"Tabela 44 - Área colhida (Hectares), Quantidade Produzida (Toneladas) e Valor (Mil Reais) da Produção por Tipo de Lavoura Temporária - 2024 ri rio capim","..\..\Desktop\tabelas-powerBI\10 Rio Capim\Tabela 44 - Área colhida (Hectares), Quantidade Produzida (Toneladas) e Valor (Mil Reais) da Produção por Tipo de Lavoura Temporária - 2024 ri rio capim.xlsx",Rio Capim,21320,2.0
Aurora do Pará,4,107,231,35,88,181,-,-,-,30,660,886,-,-,-,-,-,-,10 Rio Capim,44,"Área colhida (Hectares), Quantidade Produzida (Toneladas) e Valor (Mil Reais) da Produção por Tipo de Lavoura Temporária - 2024 ri rio capim",20,"Tabela 44 - Área colhida (Hectares), Quantidade Produzida (Toneladas) e Valor (Mil Reais) da Produção por Tipo de Lavoura Temporária - 2024 ri rio capim","..\..\Desktop\tabelas-powerBI\10 Rio Capim\Tabela 44 - Área colhida (Hectares), Quantidade Produzida (Toneladas) e Valor (Mil Reais) da Produção por Tipo de Lavoura Temporária - 2024 ri rio capim.xlsx",Rio Capim,21320,150.0
Bujaru,-,-,-,30,25,38,-,-,-,-,-,-,-,-,-,-,-,-,10 Rio Capim,44,"Área colhida (Hectares), Quantidade Produzida (Toneladas) e Valor (Mil Reais) da Produção por Tipo de Lavoura Temporária - 2024 ri rio capim",20,"Tabela 44 - Área colhida (Hectares), Quantidade Produzida (Toneladas) e Valor (Mil Reais) da Produção por Tipo de Lavoura Temporária - 2024 ri rio capim","..\..\Desktop\tabelas-powerBI\10 Rio Capim\Tabela 44 - Área colhida (Hectares), Quantidade Produzida (Toneladas) e Valor (Mil Reais) da Produção por Tipo de Lavoura Temporária - 2024 ri rio capim.xlsx",Rio Capim,21320,140.0
Capitão Poço,-,-,-,50,49,77,-,-,-,-,-,-,-,-,-,-,-,-,10 Rio Capim,44,"Área colhida (Hectares), Quantidade Produzida (Toneladas) e Valor (Mil Reais) da Produção por Tipo de Lavoura Temporária - 2024 ri rio capim",20,"Tabela 44 - Área colhida (Hectares), Quantidade Produzida (Toneladas) e Valor (Mil Reais) da Produção por Tipo de Lavoura Temporária - 2024 ri rio capim","..\..\Desktop\tabelas-powerBI\10 Rio Capim\Tabela 44 - Área colhida (Hectares), Quantidade Produzida (Toneladas) e Valor (Mil Reais) da Produção por Tipo de Lavoura Temporária - 2024 ri rio capim.xlsx",Rio Capim,21320,1500.0
Concórdia do Pará,100,3000,18000,30,20,40,-,-,-,-,-,-,-,-,-,-,-,-,10 Rio Capim,44,"Área colhida (Hectares), Quantidade Produzida (Toneladas) e Valor (Mil Reais) da Produção por Tipo de Lavoura Temporária - 2024 ri rio capim",20,"Tabela 44 - Área colhida (Hectares), Quantidade Produzida (Toneladas) e Valor (Mil Reais) da Produção por Tipo de Lavoura Temporária - 2024 ri rio capim","..\..\Desktop\tabelas-powerBI\10 Rio Capim\Tabela 44 - Área colhida (Hectares), Quantidade Produzida (Toneladas) e Valor (Mil Reais) da Produção por Tipo de Lavoura Temporária - 2024 ri rio capim.xlsx",Rio Capim,21320,35.0
Dom Eliseu,2,50,143,1500,3879,5819,-,-,-,8,172,344,160000,500800,992135,10,130,520,10 Rio Capim,44,"Área colhida (Hectares), Quantidade Produzida (Toneladas) e Valor (Mil Reais) da Produção por Tipo de Lavoura Temporária - 2024 ri rio capim",20,"Tabela 44 - Área colhida (Hectares), Quantidade Produzida (Toneladas) e Valor (Mil Reais) da Produção por Tipo de Lavoura Temporária - 2024 ri rio capim","..\..\Desktop\tabelas-powerBI\10 Rio Capim\Tabela 44 - Área colhida (Hectares), Quantidade Produzida (Toneladas) e Valor (Mil Reais) da Produção por Tipo de Lavoura Temporária - 2024 ri rio capim.xlsx",Rio Capim,21320,45.0
Garrafão do Norte,-,-,-,12,12,14,-,-,-,-,-,-,-,-,-,-,-,-,10 Rio Capim,44,"Área colhida (Hectares), Quantidade Produzida (Toneladas) e Valor (Mil Reais) da Produção por Tipo de Lavoura Temporária - 2024 ri rio capim",20,"Tabela 44 - Área colhida (Hectares), Quantidade Produzida (Toneladas) e Valor (Mil Reais) da Produção por Tipo de Lavoura Temporária - 2024 ri rio capim","..\..\Desktop\tabelas-powerBI\10 Rio Capim\Tabela 44 - Área colhida (Hectares), Quantidade Produzida (Toneladas) e Valor (Mil Reais) da Produção por Tipo de Lavoura Temporária - 2024 ri rio capim.xlsx",Rio Capim,21320,600.0
Ipixuna do Pará,5,123,290,200,384,722,-,-,-,180,3960,7920,8000,25160,49595,-,-,-,10 Rio Capim,44,"Área colhida (Hectares), Quantidade Produzida (Toneladas) e Valor (Mil Reais) da Produção por Tipo de Lavoura Temporária - 2024 ri rio capim",20,"Tabela 44 - Área colhida (Hectares), Quantidade Produzida (Toneladas) e Valor (Mil Reais) da Produção por Tipo de Lavoura Temporária - 2024 ri rio capim","..\..\Desktop\tabelas-powerBI\10 Rio Capim\Tabela 44 - Área colhida (Hectares), Quantidade Produzida (Toneladas) e Valor (Mil Reais) da Produção por Tipo de Lavoura Temporária - 2024 ri rio capim.xlsx",Rio Capim,21320,200.0
Irituia,30,750,1585,50,26,58,-,-,-,-,-,-,-,-,-,-,-,-,10 Rio Capim,44,"Área colhida (Hectares), Quantidade Produzida (Toneladas) e Valor (Mil Reais) da Produção por Tipo de Lavoura Temporária - 2024 ri rio capim",20,"Tabela 44 - Área colhida (Hectares), Quantidade Produzida (Toneladas) e Valor (Mil Reais) da Produção por Tipo de Lavoura Temporária - 2024 ri rio capim","..\..\Desktop\tabelas-powerBI\10 Rio Capim\Tabela 44 - Área colhida (Hectares), Quantidade Produzida (Toneladas) e Valor (Mil Reais) da Produção por Tipo de Lavoura Temporária - 2024 ri rio capim.xlsx",Rio Capim,21320,250.0
Mãe do Rio,-,-,-,-,-,-,-,-,-,15,330,453,-,-,-,-,-,-,10 Rio Capim,44,"Área colhida (Hectares), Quantidade Produzida (Toneladas) e Valor (Mil Reais) da Produção por Tipo de Lavoura Temporária - 2024 ri rio capim",20,"Tabela 44 - Área colhida (Hectares), Quantidade Produzida (Toneladas) e Valor (Mil Reais) da Produção por Tipo de Lavoura Temporária - 2024 ri rio capim","..\..\Desktop\tabelas-powerBI\10 Rio Capim\Tabela 44 - Área colhida (Hectares), Quantidade Produzida (Toneladas) e Valor (Mil Reais) da Produção por Tipo de Lavoura Temporária - 2024 ri rio capim.xlsx",Rio Capim,21320,300.0
Nova Esperança do Piriá,-,-,-,5,6,7,-,-,-,-,-,-,-,-,-,-,-,-,10 Rio Capim,44,"Área colhida (Hectares), Quantidade Produzida (Toneladas) e Valor (Mil Reais) da Produção por Tipo de Lavoura Temporária - 2024 ri rio capim",20,"Tabela 44 - Área colhida (Hectares), Quantidade Produzida (Toneladas) e Valor (Mil Reais) da Produção por Tipo de Lavoura Temporária - 2024 ri rio capim","..\..\Desktop\tabelas-powerBI\10 Rio Capim\Tabela 44 - Área colhida (Hectares), Quantidade Produzida (Toneladas) e Valor (Mil Reais) da Produção por Tipo de Lavoura Temporária - 2024 ri rio capim.xlsx",Rio Capim,21320,300.0
Ourém,-,-,-,-,-,-,-,-,-,-,-,-,-,-,-,-,-,-,10 Rio Capim,44,"Área colhida (Hectares), Quantidade Produzida (Toneladas) e Valor (Mil Reais) da Produção por Tipo de Lavoura Temporária - 2024 ri rio capim",20,"Tabela 44 - Área colhida (Hectares), Quantidade Produzida (Toneladas) e Valor (Mil Reais) da Produção por Tipo de Lavoura Temporária - 2024 ri rio capim","..\..\Desktop\tabelas-powerBI\10 Rio Capim\Tabela 44 - Área colhida (Hectares), Quantidade Produzida (Toneladas) e Valor (Mil Reais) da Produção por Tipo de Lavoura Temporária - 2024 ri rio capim.xlsx",Rio Capim,21320,200.0
Paragominas,8,198,513,2900,7569,13624,-,-,-,10,214,449,270000,844560,1690133,-,-,-,10 Rio Capim,44,"Área colhida (Hectares), Quantidade Produzida (Toneladas) e Valor (Mil Reais) da Produção por Tipo de Lavoura Temporária - 2024 ri rio capim",20,"Tabela 44 - Área colhida (Hectares), Quantidade Produzida (Toneladas) e Valor (Mil Reais) da Produção por Tipo de Lavoura Temporária - 2024 ri rio capim","..\..\Desktop\tabelas-powerBI\10 Rio Capim\Tabela 44 - Área colhida (Hectares), Quantidade Produzida (Toneladas) e Valor (Mil Reais) da Produção por Tipo de Lavoura Temporária - 2024 ri rio capim.xlsx",Rio Capim,21320,400.0
Rondon do Pará,8,200,400,-,-,-,-,-,-,18,409,695,73500,264600,561746,8,102,408,10 Rio Capim,44,"Área colhida (Hectares), Quantidade Produzida (Toneladas) e Valor (Mil Reais) da Produção por Tipo de Lavoura Temporária - 2024 ri rio capim",20,"Tabela 44 - Área colhida (Hectares), Quantidade Produzida (Toneladas) e Valor (Mil Reais) da Produção por Tipo de Lavoura Temporária - 2024 ri rio capim","..\..\Desktop\tabelas-powerBI\10 Rio Capim\Tabela 44 - Área colhida (Hectares), Quantidade Produzida (Toneladas) e Valor (Mil Reais) da Produção por Tipo de Lavoura Temporária - 2024 ri rio capim.xlsx",Rio Capim,21320,85.0
Tomé-Açu,-,-,-,700,1050,2100,-,-,-,60,1332,2398,5000,18000,32400,-,-,-,10 Rio Capim,44,"Área colhida (Hectares), Quantidade Produzida (Toneladas) e Valor (Mil Reais) da Produção por Tipo de Lavoura Temporária - 2024 ri rio capim",20,"Tabela 44 - Área colhida (Hectares), Quantidade Produzida (Toneladas) e Valor (Mil Reais) da Produção por Tipo de Lavoura Temporária - 2024 ri rio capim","..\..\Desktop\tabelas-powerBI\10 Rio Capim\Tabela 44 - Área colhida (Hectares), Quantidade Produzida (Toneladas) e Valor (Mil Reais) da Produção por Tipo de Lavoura Temporária - 2024 ri rio capim.xlsx",Rio Capim,21320,150.0
Ulianópolis,15,363,1060,3300,8712,13939,17000,1190000,142800,100,2600,5200,75500,235560,477339,-,-,-,10 Rio Capim,44,"Área colhida (Hectares), Quantidade Produzida (Toneladas) e Valor (Mil Reais) da Produção por Tipo de Lavoura Temporária - 2024 ri rio capim",20,"Tabela 44 - Área colhida (Hectares), Quantidade Produzida (Toneladas) e Valor (Mil Reais) da Produção por Tipo de Lavoura Temporária - 2024 ri rio capim","..\..\Desktop\tabelas-powerBI\10 Rio Capim\Tabela 44 - Área colhida (Hectares), Quantidade Produzida (Toneladas) e Valor (Mil Reais) da Produção por Tipo de Lavoura Temporária - 2024 ri rio capim.xlsx",Rio Capim,21320,650.0
Fonte: IBGE/PAM,,,,,,,,,,,,,,,,,,,10 Rio Capim,44,"Área colhida (Hectares), Quantidade Produzida (Toneladas) e Valor (Mil Reais) da Produção por Tipo de Lavoura Temporária - 2024 ri rio capim",20,"Tabela 44 - Área colhida (Hectares), Quantidade Produzida (Toneladas) e Valor (Mil Reais) da Produção por Tipo de Lavoura Temporária - 2024 ri rio capim","..\..\Desktop\tabelas-powerBI\10 Rio Capim\Tabela 44 - Área colhida (Hectares), Quantidade Produzida (Toneladas) e Valor (Mil Reais) da Produção por Tipo de Lavoura Temporária - 2024 ri rio capim.xlsx",Rio Capim,21320,
Elaboração: FAPESPA,,,,,,,,,,,,,,,,,,,10 Rio Capim,44,"Área colhida (Hectares), Quantidade Produzida (Toneladas) e Valor (Mil Reais) da Produção por Tipo de Lavoura Temporária - 2024 ri rio capim",20,"Tabela 44 - Área colhida (Hectares), Quantidade Produzida (Toneladas) e Valor (Mil Reais) da Produção por Tipo de Lavoura Temporária - 2024 ri rio capim","..\..\Desktop\tabelas-powerBI\10 Rio Capim\Tabela 44 - Área colhida (Hectares), Quantidade Produzida (Toneladas) e Valor (Mil Reais) da Produção por Tipo de Lavoura Temporária - 2024 ri rio capim.xlsx",Rio Capim,21320,
Nota: A quantidade produzida de abacaxi é expressa em mil frutos,,,,,,,,,,,,,,,,,,,10 Rio Capim,44,"Área colhida (Hectares), Quantidade Produzida (Toneladas) e Valor (Mil Reais) da Produção por Tipo de Lavoura Temporária - 2024 ri rio capim",20,"Tabela 44 - Área colhida (Hectares), Quantidade Produzida (Toneladas) e Valor (Mil Reais) da Produção por Tipo de Lavoura Temporária - 2024 ri rio capim","..\..\Desktop\tabelas-powerBI\10 Rio Capim\Tabela 44 - Área colhida (Hectares), Quantidade Produzida (Toneladas) e Valor (Mil Reais) da Produção por Tipo de Lavoura Temporária - 2024 ri rio capim.xlsx",Rio Capim,21320,
RI Rio Capim,172,4791,22222,8812,21820,36619,17011,1190618,143109,423,9717,18401,596321,1903804,3836107,18,232,928,10 Rio Capim,44,"Área colhida (Hectares), Quantidade Produzida (Toneladas) e Valor (Mil Reais) da Produção por Tipo de Lavoura Temporária - 2024 ri rio capim",20,"Tabela 44 - Área colhida (Hectares), Quantidade Produzida (Toneladas) e Valor (Mil Reais) da Produção por Tipo de Lavoura Temporária - 2024 ri rio capim","..\..\Desktop\tabelas-powerBI\10 Rio Capim\Tabela 44 - Área colhida (Hectares), Quantidade Produzida (Toneladas) e Valor (Mil Reais) da Produção por Tipo de Lavoura Temporária - 2024 ri rio capim.xlsx",Rio Capim,15601,4076.0
Abel Figueiredo,-,-,-,-,-,-,11,618,309,2,40,56,4321,15124,32759,-,-,-,10 Rio Capim,44,"Área colhida (Hectares), Quantidade Produzida (Toneladas) e Valor (Mil Reais) da Produção por Tipo de Lavoura Temporária - 2024 ri rio capim",20,"Tabela 44 - Área colhida (Hectares), Quantidade Produzida (Toneladas) e Valor (Mil Reais) da Produção por Tipo de Lavoura Temporária - 2024 ri rio capim","..\..\Desktop\tabelas-powerBI\10 Rio Capim\Tabela 44 - Área colhida (Hectares), Quantidade Produzida (Toneladas) e Valor (Mil Reais) da Produção por Tipo de Lavoura Temporária - 2024 ri rio capim.xlsx",Rio Capim,15601,1.0
Aurora do Pará,4,107,231,35,88,181,-,-,-,30,660,886,-,-,-,-,-,-,10 Rio Capim,44,"Área colhida (Hectares), Quantidade Produzida (Toneladas) e Valor (Mil Reais) da Produção por Tipo de Lavoura Temporária - 2024 ri rio capim",20,"Tabela 44 - Área colhida (Hectares), Quantidade Produzida (Toneladas) e Valor (Mil Reais) da Produção por Tipo de Lavoura Temporária - 2024 ri rio capim","..\..\Desktop\tabelas-powerBI\10 Rio Capim\Tabela 44 - Área colhida (Hectares), Quantidade Produzida (Toneladas) e Valor (Mil Reais) da Produção por Tipo de Lavoura Temporária - 2024 ri rio capim.xlsx",Rio Capim,15601,120.0
Bujaru,-,-,-,30,25,38,-,-,-,-,-,-,-,-,-,-,-,-,10 Rio Capim,44,"Área colhida (Hectares), Quantidade Produzida (Toneladas) e Valor (Mil Reais) da Produção por Tipo de Lavoura Temporária - 2024 ri rio capim",20,"Tabela 44 - Área colhida (Hectares), Quantidade Produzida (Toneladas) e Valor (Mil Reais) da Produção por Tipo de Lavoura Temporária - 2024 ri rio capim","..\..\Desktop\tabelas-powerBI\10 Rio Capim\Tabela 44 - Área colhida (Hectares), Quantidade Produzida (Toneladas) e Valor (Mil Reais) da Produção por Tipo de Lavoura Temporária - 2024 ri rio capim.xlsx",Rio Capim,15601,96.0
Capitão Poço,-,-,-,50,49,77,-,-,-,-,-,-,-,-,-,-,-,-,10 Rio Capim,44,"Área colhida (Hectares), Quantidade Produzida (Toneladas) e Valor (Mil Reais) da Produção por Tipo de Lavoura Temporária - 2024 ri rio capim",20,"Tabela 44 - Área colhida (Hectares), Quantidade Produzida (Toneladas) e Valor (Mil Reais) da Produção por Tipo de Lavoura Temporária - 2024 ri rio capim","..\..\Desktop\tabelas-powerBI\10 Rio Capim\Tabela 44 - Área colhida (Hectares), Quantidade Produzida (Toneladas) e Valor (Mil Reais) da Produção por Tipo de Lavoura Temporária - 2024 ri rio capim.xlsx",Rio Capim,15601,1200.0
Concórdia do Pará,100,3000,18000,30,20,40,-,-,-,-,-,-,-,-,-,-,-,-,10 Rio Capim,44,"Área colhida (Hectares), Quantidade Produzida (Toneladas) e Valor (Mil Reais) da Produção por Tipo de Lavoura Temporária - 2024 ri rio capim",20,"Tabela 44 - Área colhida (Hectares), Quantidade Produzida (Toneladas) e Valor (Mil Reais) da Produção por Tipo de Lavoura Temporária - 2024 ri rio capim","..\..\Desktop\tabelas-powerBI\10 Rio Capim\Tabela 44 - Área colhida (Hectares), Quantidade Produzida (Toneladas) e Valor (Mil Reais) da Produção por Tipo de Lavoura Temporária - 2024 ri rio capim.xlsx",Rio Capim,15601,21.0
Dom Eliseu,2,50,143,1500,3879,5819,-,-,-,8,172,344,160000,500800,992135,10,130,520,10 Rio Capim,44,"Área colhida (Hectares), Quantidade Produzida (Toneladas) e Valor (Mil Reais) da Produção por Tipo de Lavoura Temporária - 2024 ri rio capim",20,"Tabela 44 - Área colhida (Hectares), Quantidade Produzida (Toneladas) e Valor (Mil Reais) da Produção por Tipo de Lavoura Temporária - 2024 ri rio capim","..\..\Desktop\tabelas-powerBI\10 Rio Capim\Tabela 44 - Área colhida (Hectares), Quantidade Produzida (Toneladas) e Valor (Mil Reais) da Produção por Tipo de Lavoura Temporária - 2024 ri rio capim.xlsx",Rio Capim,15601,43.0
Garrafão do Norte,-,-,-,12,12,14,-,-,-,-,-,-,-,-,-,-,-,-,10 Rio Capim,44,"Área colhida (Hectares), Quantidade Produzida (Toneladas) e Valor (Mil Reais) da Produção por Tipo de Lavoura Temporária - 2024 ri rio capim",20,"Tabela 44 - Área colhida (Hectares), Quantidade Produzida (Toneladas) e Valor (Mil Reais) da Produção por Tipo de Lavoura Temporária - 2024 ri rio capim","..\..\Desktop\tabelas-powerBI\10 Rio Capim\Tabela 44 - Área colhida (Hectares), Quantidade Produzida (Toneladas) e Valor (Mil Reais) da Produção por Tipo de Lavoura Temporária - 2024 ri rio capim.xlsx",Rio Capim,15601,480.0
Ipixuna do Pará,5,123,290,200,384,722,-,-,-,180,3960,7920,8000,25160,49595,-,-,-,10 Rio Capim,44,"Área colhida (Hectares), Quantidade Produzida (Toneladas) e Valor (Mil Reais) da Produção por Tipo de Lavoura Temporária - 2024 ri rio capim",20,"Tabela 44 - Área colhida (Hectares), Quantidade Produzida (Toneladas) e Valor (Mil Reais) da Produção por Tipo de Lavoura Temporária - 2024 ri rio capim","..\..\Desktop\tabelas-powerBI\10 Rio Capim\Tabela 44 - Área colhida (Hectares), Quantidade Produzida (Toneladas) e Valor (Mil Reais) da Produção por Tipo de Lavoura Temporária - 2024 ri rio capim.xlsx",Rio Capim,15601,180.0
Irituia,30,750,1585,50,26,58,-,-,-,-,-,-,-,-,-,-,-,-,10 Rio Capim,44,"Área colhida (Hectares), Quantidade Produzida (Toneladas) e Valor (Mil Reais) da Produção por Tipo de Lavoura Temporária - 2024 ri rio capim",20,"Tabela 44 - Área colhida (Hectares), Quantidade Produzida (Toneladas) e Valor (Mil Reais) da Produção por Tipo de Lavoura Temporária - 2024 ri rio capim","..\..\Desktop\tabelas-powerBI\10 Rio Capim\Tabela 44 - Área colhida (Hectares), Quantidade Produzida (Toneladas) e Valor (Mil Reais) da Produção por Tipo de Lavoura Temporária - 2024 ri rio capim.xlsx",Rio Capim,15601,196.0
Mãe do Rio,-,-,-,-,-,-,-,-,-,15,330,453,-,-,-,-,-,-,10 Rio Capim,44,"Área colhida (Hectares), Quantidade Produzida (Toneladas) e Valor (Mil Reais) da Produção por Tipo de Lavoura Temporária - 2024 ri rio capim",20,"Tabela 44 - Área colhida (Hectares), Quantidade Produzida (Toneladas) e Valor (Mil Reais) da Produção por Tipo de Lavoura Temporária - 2024 ri rio capim","..\..\Desktop\tabelas-powerBI\10 Rio Capim\Tabela 44 - Área colhida (Hectares), Quantidade Produzida (Toneladas) e Valor (Mil Reais) da Produção por Tipo de Lavoura Temporária - 2024 ri rio capim.xlsx",Rio Capim,15601,251.0
Nova Esperança do Piriá,-,-,-,5,6,7,-,-,-,-,-,-,-,-,-,-,-,-,10 Rio Capim,44,"Área colhida (Hectares), Quantidade Produzida (Toneladas) e Valor (Mil Reais) da Produção por Tipo de Lavoura Temporária - 2024 ri rio capim",20,"Tabela 44 - Área colhida (Hectares), Quantidade Produzida (Toneladas) e Valor (Mil Reais) da Produção por Tipo de Lavoura Temporária - 2024 ri rio capim","..\..\Desktop\tabelas-powerBI\10 Rio Capim\Tabela 44 - Área colhida (Hectares), Quantidade Produzida (Toneladas) e Valor (Mil Reais) da Produção por Tipo de Lavoura Temporária - 2024 ri rio capim.xlsx",Rio Capim,15601,174.0
Ourém,-,-,-,-,-,-,-,-,-,-,-,-,-,-,-,-,-,-,10 Rio Capim,44,"Área colhida (Hectares), Quantidade Produzida (Toneladas) e Valor (Mil Reais) da Produção por Tipo de Lavoura Temporária - 2024 ri rio capim",20,"Tabela 44 - Área colhida (Hectares), Quantidade Produzida (Toneladas) e Valor (Mil Reais) da Produção por Tipo de Lavoura Temporária - 2024 ri rio capim","..\..\Desktop\tabelas-powerBI\10 Rio Capim\Tabela 44 - Área colhida (Hectares), Quantidade Produzida (Toneladas) e Valor (Mil Reais) da Produção por Tipo de Lavoura Temporária - 2024 ri rio capim.xlsx",Rio Capim,15601,160.0
Paragominas,8,198,513,2900,7569,13624,-,-,-,10,214,449,270000,844560,1690133,-,-,-,10 Rio Capim,44,"Área colhida (Hectares), Quantidade Produzida (Toneladas) e Valor (Mil Reais) da Produção por Tipo de Lavoura Temporária - 2024 ri rio capim",20,"Tabela 44 - Área colhida (Hectares), Quantidade Produzida (Toneladas) e Valor (Mil Reais) da Produção por Tipo de Lavoura Temporária - 2024 ri rio capim","..\..\Desktop\tabelas-powerBI\10 Rio Capim\Tabela 44 - Área colhida (Hectares), Quantidade Produzida (Toneladas) e Valor (Mil Reais) da Produção por Tipo de Lavoura Temporária - 2024 ri rio capim.xlsx",Rio Capim,15601,380.0
Rondon do Pará,8,200,400,-,-,-,-,-,-,18,409,695,73500,264600,561746,8,102,408,10 Rio Capim,44,"Área colhida (Hectares), Quantidade Produzida (Toneladas) e Valor (Mil Reais) da Produção por Tipo de Lavoura Temporária - 2024 ri rio capim",20,"Tabela 44 - Área colhida (Hectares), Quantidade Produzida (Toneladas) e Valor (Mil Reais) da Produção por Tipo de Lavoura Temporária - 2024 ri rio capim","..\..\Desktop\tabelas-powerBI\10 Rio Capim\Tabela 44 - Área colhida (Hectares), Quantidade Produzida (Toneladas) e Valor (Mil Reais) da Produção por Tipo de Lavoura Temporária - 2024 ri rio capim.xlsx",Rio Capim,15601,76.0
Tomé-Açu,-,-,-,700,1050,2100,-,-,-,60,1332,2398,5000,18000,32400,-,-,-,10 Rio Capim,44,"Área colhida (Hectares), Quantidade Produzida (Toneladas) e Valor (Mil Reais) da Produção por Tipo de Lavoura Temporária - 2024 ri rio capim",20,"Tabela 44 - Área colhida (Hectares), Quantidade Produzida (Toneladas) e Valor (Mil Reais) da Produção por Tipo de Lavoura Temporária - 2024 ri rio capim","..\..\Desktop\tabelas-powerBI\10 Rio Capim\Tabela 44 - Área colhida (Hectares), Quantidade Produzida (Toneladas) e Valor (Mil Reais) da Produção por Tipo de Lavoura Temporária - 2024 ri rio capim.xlsx",Rio Capim,15601,113.0
Ulianópolis,15,363,1060,3300,8712,13939,17000,1190000,142800,100,2600,5200,75500,235560,477339,-,-,-,10 Rio Capim,44,"Área colhida (Hectares), Quantidade Produzida (Toneladas) e Valor (Mil Reais) da Produção por Tipo de Lavoura Temporária - 2024 ri rio capim",20,"Tabela 44 - Área colhida (Hectares), Quantidade Produzida (Toneladas) e Valor (Mil Reais) da Produção por Tipo de Lavoura Temporária - 2024 ri rio capim","..\..\Desktop\tabelas-powerBI\10 Rio Capim\Tabela 44 - Área colhida (Hectares), Quantidade Produzida (Toneladas) e Valor (Mil Reais) da Produção por Tipo de Lavoura Temporária - 2024 ri rio capim.xlsx",Rio Capim,15601,585.0
Fonte: IBGE/PAM,,,,,,,,,,,,,,,,,,,10 Rio Capim,44,"Área colhida (Hectares), Quantidade Produzida (Toneladas) e Valor (Mil Reais) da Produção por Tipo de Lavoura Temporária - 2024 ri rio capim",20,"Tabela 44 - Área colhida (Hectares), Quantidade Produzida (Toneladas) e Valor (Mil Reais) da Produção por Tipo de Lavoura Temporária - 2024 ri rio capim","..\..\Desktop\tabelas-powerBI\10 Rio Capim\Tabela 44 - Área colhida (Hectares), Quantidade Produzida (Toneladas) e Valor (Mil Reais) da Produção por Tipo de Lavoura Temporária - 2024 ri rio capim.xlsx",Rio Capim,15601,
Elaboração: FAPESPA,,,,,,,,,,,,,,,,,,,10 Rio Capim,44,"Área colhida (Hectares), Quantidade Produzida (Toneladas) e Valor (Mil Reais) da Produção por Tipo de Lavoura Temporária - 2024 ri rio capim",20,"Tabela 44 - Área colhida (Hectares), Quantidade Produzida (Toneladas) e Valor (Mil Reais) da Produção por Tipo de Lavoura Temporária - 2024 ri rio capim","..\..\Desktop\tabelas-powerBI\10 Rio Capim\Tabela 44 - Área colhida (Hectares), Quantidade Produzida (Toneladas) e Valor (Mil Reais) da Produção por Tipo de Lavoura Temporária - 2024 ri rio capim.xlsx",Rio Capim,15601,
Nota: A quantidade produzida de abacaxi é expressa em mil frutos,,,,,,,,,,,,,,,,,,,10 Rio Capim,44,"Área colhida (Hectares), Quantidade Produzida (Toneladas) e Valor (Mil Reais) da Produção por Tipo de Lavoura Temporária - 2024 ri rio capim",20,"Tabela 44 - Área colhida (Hectares), Quantidade Produzida (Toneladas) e Valor (Mil Reais) da Produção por Tipo de Lavoura Temporária - 2024 ri rio capim","..\..\Desktop\tabelas-powerBI\10 Rio Capim\Tabela 44 - Área colhida (Hectares), Quantidade Produzida (Toneladas) e Valor (Mil Reais) da Produção por Tipo de Lavoura Temporária - 2024 ri rio capim.xlsx",Rio Capim,15601,
RI Rio Capim,172,4791,22222,8812,21820,36619,17011,1190618,143109,423,9717,18401,596321,1903804,3836107,18,232,928,10 Rio Capim,44,"Área colhida (Hectares), Quantidade Produzida (Toneladas) e Valor (Mil Reais) da Produção por Tipo de Lavoura Temporária - 2024 ri rio capim",20,"Tabela 44 - Área colhida (Hectares), Quantidade Produzida (Toneladas) e Valor (Mil Reais) da Produção por Tipo de Lavoura Temporária - 2024 ri rio capim","..\..\Desktop\tabelas-powerBI\10 Rio Capim\Tabela 44 - Área colhida (Hectares), Quantidade Produzida (Toneladas) e Valor (Mil Reais) da Produção por Tipo de Lavoura Temporária - 2024 ri rio capim.xlsx",Rio Capim,70569,15703.0
Abel Figueiredo,-,-,-,-,-,-,11,618,309,2,40,56,4321,15124,32759,-,-,-,10 Rio Capim,44,"Área colhida (Hectares), Quantidade Produzida (Toneladas) e Valor (Mil Reais) da Produção por Tipo de Lavoura Temporária - 2024 ri rio capim",20,"Tabela 44 - Área colhida (Hectares), Quantidade Produzida (Toneladas) e Valor (Mil Reais) da Produção por Tipo de Lavoura Temporária - 2024 ri rio capim","..\..\Desktop\tabelas-powerBI\10 Rio Capim\Tabela 44 - Área colhida (Hectares), Quantidade Produzida (Toneladas) e Valor (Mil Reais) da Produção por Tipo de Lavoura Temporária - 2024 ri rio capim.xlsx",Rio Capim,70569,10.0
Aurora do Pará,4,107,231,35,88,181,-,-,-,30,660,886,-,-,-,-,-,-,10 Rio Capim,44,"Área colhida (Hectares), Quantidade Produzida (Toneladas) e Valor (Mil Reais) da Produção por Tipo de Lavoura Temporária - 2024 ri rio capim",20,"Tabela 44 - Área colhida (Hectares), Quantidade Produzida (Toneladas) e Valor (Mil Reais) da Produção por Tipo de Lavoura Temporária - 2024 ri rio capim","..\..\Desktop\tabelas-powerBI\10 Rio Capim\Tabela 44 - Área colhida (Hectares), Quantidade Produzida (Toneladas) e Valor (Mil Reais) da Produção por Tipo de Lavoura Temporária - 2024 ri rio capim.xlsx",Rio Capim,70569,600.0
Bujaru,-,-,-,30,25,38,-,-,-,-,-,-,-,-,-,-,-,-,10 Rio Capim,44,"Área colhida (Hectares), Quantidade Produzida (Toneladas) e Valor (Mil Reais) da Produção por Tipo de Lavoura Temporária - 2024 ri rio capim",20,"Tabela 44 - Área colhida (Hectares), Quantidade Produzida (Toneladas) e Valor (Mil Reais) da Produção por Tipo de Lavoura Temporária - 2024 ri rio capim","..\..\Desktop\tabelas-powerBI\10 Rio Capim\Tabela 44 - Área colhida (Hectares), Quantidade Produzida (Toneladas) e Valor (Mil Reais) da Produção por Tipo de Lavoura Temporária - 2024 ri rio capim.xlsx",Rio Capim,70569,384.0
Capitão Poço,-,-,-,50,49,77,-,-,-,-,-,-,-,-,-,-,-,-,10 Rio Capim,44,"Área colhida (Hectares), Quantidade Produzida (Toneladas) e Valor (Mil Reais) da Produção por Tipo de Lavoura Temporária - 2024 ri rio capim",20,"Tabela 44 - Área colhida (Hectares), Quantidade Produzida (Toneladas) e Valor (Mil Reais) da Produção por Tipo de Lavoura Temporária - 2024 ri rio capim","..\..\Desktop\tabelas-powerBI\10 Rio Capim\Tabela 44 - Área colhida (Hectares), Quantidade Produzida (Toneladas) e Valor (Mil Reais) da Produção por Tipo de Lavoura Temporária - 2024 ri rio capim.xlsx",Rio Capim,70569,4620.0
Concórdia do Pará,100,3000,18000,30,20,40,-,-,-,-,-,-,-,-,-,-,-,-,10 Rio Capim,44,"Área colhida (Hectares), Quantidade Produzida (Toneladas) e Valor (Mil Reais) da Produção por Tipo de Lavoura Temporária - 2024 ri rio capim",20,"Tabela 44 - Área colhida (Hectares), Quantidade Produzida (Toneladas) e Valor (Mil Reais) da Produção por Tipo de Lavoura Temporária - 2024 ri rio capim","..\..\Desktop\tabelas-powerBI\10 Rio Capim\Tabela 44 - Área colhida (Hectares), Quantidade Produzida (Toneladas) e Valor (Mil Reais) da Produção por Tipo de Lavoura Temporária - 2024 ri rio capim.xlsx",Rio Capim,70569,103.0
Dom Eliseu,2,50,143,1500,3879,5819,-,-,-,8,172,344,160000,500800,992135,10,130,520,10 Rio Capim,44,"Área colhida (Hectares), Quantidade Produzida (Toneladas) e Valor (Mil Reais) da Produção por Tipo de Lavoura Temporária - 2024 ri rio capim",20,"Tabela 44 - Área colhida (Hectares), Quantidade Produzida (Toneladas) e Valor (Mil Reais) da Produção por Tipo de Lavoura Temporária - 2024 ri rio capim","..\..\Desktop\tabelas-powerBI\10 Rio Capim\Tabela 44 - Área colhida (Hectares), Quantidade Produzida (Toneladas) e Valor (Mil Reais) da Produção por Tipo de Lavoura Temporária - 2024 ri rio capim.xlsx",Rio Capim,70569,142.0
Garrafão do Norte,-,-,-,12,12,14,-,-,-,-,-,-,-,-,-,-,-,-,10 Rio Capim,44,"Área colhida (Hectares), Quantidade Produzida (Toneladas) e Valor (Mil Reais) da Produção por Tipo de Lavoura Temporária - 2024 ri rio capim",20,"Tabela 44 - Área colhida (Hectares), Quantidade Produzida (Toneladas) e Valor (Mil Reais) da Produção por Tipo de Lavoura Temporária - 2024 ri rio capim","..\..\Desktop\tabelas-powerBI\10 Rio Capim\Tabela 44 - Área colhida (Hectares), Quantidade Produzida (Toneladas) e Valor (Mil Reais) da Produção por Tipo de Lavoura Temporária - 2024 ri rio capim.xlsx",Rio Capim,70569,1781.0
Ipixuna do Pará,5,123,290,200,384,722,-,-,-,180,3960,7920,8000,25160,49595,-,-,-,10 Rio Capim,44,"Área colhida (Hectares), Quantidade Produzida (Toneladas) e Valor (Mil Reais) da Produção por Tipo de Lavoura Temporária - 2024 ri rio capim",20,"Tabela 44 - Área colhida (Hectares), Quantidade Produzida (Toneladas) e Valor (Mil Reais) da Produção por Tipo de Lavoura Temporária - 2024 ri rio capim","..\..\Desktop\tabelas-powerBI\10 Rio Capim\Tabela 44 - Área colhida (Hectares), Quantidade Produzida (Toneladas) e Valor (Mil Reais) da Produção por Tipo de Lavoura Temporária - 2024 ri rio capim.xlsx",Rio Capim,70569,594.0
Irituia,30,750,1585,50,26,58,-,-,-,-,-,-,-,-,-,-,-,-,10 Rio Capim,44,"Área colhida (Hectares), Quantidade Produzida (Toneladas) e Valor (Mil Reais) da Produção por Tipo de Lavoura Temporária - 2024 ri rio capim",20,"Tabela 44 - Área colhida (Hectares), Quantidade Produzida (Toneladas) e Valor (Mil Reais) da Produção por Tipo de Lavoura Temporária - 2024 ri rio capim","..\..\Desktop\tabelas-powerBI\10 Rio Capim\Tabela 44 - Área colhida (Hectares), Quantidade Produzida (Toneladas) e Valor (Mil Reais) da Produção por Tipo de Lavoura Temporária - 2024 ri rio capim.xlsx",Rio Capim,70569,996.0
Mãe do Rio,-,-,-,-,-,-,-,-,-,15,330,453,-,-,-,-,-,-,10 Rio Capim,44,"Área colhida (Hectares), Quantidade Produzida (Toneladas) e Valor (Mil Reais) da Produção por Tipo de Lavoura Temporária - 2024 ri rio capim",20,"Tabela 44 - Área colhida (Hectares), Quantidade Produzida (Toneladas) e Valor (Mil Reais) da Produção por Tipo de Lavoura Temporária - 2024 ri rio capim","..\..\Desktop\tabelas-powerBI\10 Rio Capim\Tabela 44 - Área colhida (Hectares), Quantidade Produzida (Toneladas) e Valor (Mil Reais) da Produção por Tipo de Lavoura Temporária - 2024 ri rio capim.xlsx",Rio Capim,70569,1304.0
Nova Esperança do Piriá,-,-,-,5,6,7,-,-,-,-,-,-,-,-,-,-,-,-,10 Rio Capim,44,"Área colhida (Hectares), Quantidade Produzida (Toneladas) e Valor (Mil Reais) da Produção por Tipo de Lavoura Temporária - 2024 ri rio capim",20,"Tabela 44 - Área colhida (Hectares), Quantidade Produzida (Toneladas) e Valor (Mil Reais) da Produção por Tipo de Lavoura Temporária - 2024 ri rio capim","..\..\Desktop\tabelas-powerBI\10 Rio Capim\Tabela 44 - Área colhida (Hectares), Quantidade Produzida (Toneladas) e Valor (Mil Reais) da Produção por Tipo de Lavoura Temporária - 2024 ri rio capim.xlsx",Rio Capim,70569,548.0
Ourém,-,-,-,-,-,-,-,-,-,-,-,-,-,-,-,-,-,-,10 Rio Capim,44,"Área colhida (Hectares), Quantidade Produzida (Toneladas) e Valor (Mil Reais) da Produção por Tipo de Lavoura Temporária - 2024 ri rio capim",20,"Tabela 44 - Área colhida (Hectares), Quantidade Produzida (Toneladas) e Valor (Mil Reais) da Produção por Tipo de Lavoura Temporária - 2024 ri rio capim","..\..\Desktop\tabelas-powerBI\10 Rio Capim\Tabela 44 - Área colhida (Hectares), Quantidade Produzida (Toneladas) e Valor (Mil Reais) da Produção por Tipo de Lavoura Temporária - 2024 ri rio capim.xlsx",Rio Capim,70569,634.0
Paragominas,8,198,513,2900,7569,13624,-,-,-,10,214,449,270000,844560,1690133,-,-,-,10 Rio Capim,44,"Área colhida (Hectares), Quantidade Produzida (Toneladas) e Valor (Mil Reais) da Produção por Tipo de Lavoura Temporária - 2024 ri rio capim",20,"Tabela 44 - Área colhida (Hectares), Quantidade Produzida (Toneladas) e Valor (Mil Reais) da Produção por Tipo de Lavoura Temporária - 2024 ri rio capim","..\..\Desktop\tabelas-powerBI\10 Rio Capim\Tabela 44 - Área colhida (Hectares), Quantidade Produzida (Toneladas) e Valor (Mil Reais) da Produção por Tipo de Lavoura Temporária - 2024 ri rio capim.xlsx",Rio Capim,70569,1216.0
Rondon do Pará,8,200,400,-,-,-,-,-,-,18,409,695,73500,264600,561746,8,102,408,10 Rio Capim,44,"Área colhida (Hectares), Quantidade Produzida (Toneladas) e Valor (Mil Reais) da Produção por Tipo de Lavoura Temporária - 2024 ri rio capim",20,"Tabela 44 - Área colhida (Hectares), Quantidade Produzida (Toneladas) e Valor (Mil Reais) da Produção por Tipo de Lavoura Temporária - 2024 ri rio capim","..\..\Desktop\tabelas-powerBI\10 Rio Capim\Tabela 44 - Área colhida (Hectares), Quantidade Produzida (Toneladas) e Valor (Mil Reais) da Produção por Tipo de Lavoura Temporária - 2024 ri rio capim.xlsx",Rio Capim,70569,342.0
Tomé-Açu,-,-,-,700,1050,2100,-,-,-,60,1332,2398,5000,18000,32400,-,-,-,10 Rio Capim,44,"Área colhida (Hectares), Quantidade Produzida (Toneladas) e Valor (Mil Reais) da Produção por Tipo de Lavoura Temporária - 2024 ri rio capim",20,"Tabela 44 - Área colhida (Hectares), Quantidade Produzida (Toneladas) e Valor (Mil Reais) da Produção por Tipo de Lavoura Temporária - 2024 ri rio capim","..\..\Desktop\tabelas-powerBI\10 Rio Capim\Tabela 44 - Área colhida (Hectares), Quantidade Produzida (Toneladas) e Valor (Mil Reais) da Produção por Tipo de Lavoura Temporária - 2024 ri rio capim.xlsx",Rio Capim,70569,452.0
Ulianópolis,15,363,1060,3300,8712,13939,17000,1190000,142800,100,2600,5200,75500,235560,477339,-,-,-,10 Rio Capim,44,"Área colhida (Hectares), Quantidade Produzida (Toneladas) e Valor (Mil Reais) da Produção por Tipo de Lavoura Temporária - 2024 ri rio capim",20,"Tabela 44 - Área colhida (Hectares), Quantidade Produzida (Toneladas) e Valor (Mil Reais) da Produção por Tipo de Lavoura Temporária - 2024 ri rio capim","..\..\Desktop\tabelas-powerBI\10 Rio Capim\Tabela 44 - Área colhida (Hectares), Quantidade Produzida (Toneladas) e Valor (Mil Reais) da Produção por Tipo de Lavoura Temporária - 2024 ri rio capim.xlsx",Rio Capim,70569,1977.0
Fonte: IBGE/PAM,,,,,,,,,,,,,,,,,,,10 Rio Capim,44,"Área colhida (Hectares), Quantidade Produzida (Toneladas) e Valor (Mil Reais) da Produção por Tipo de Lavoura Temporária - 2024 ri rio capim",20,"Tabela 44 - Área colhida (Hectares), Quantidade Produzida (Toneladas) e Valor (Mil Reais) da Produção por Tipo de Lavoura Temporária - 2024 ri rio capim","..\..\Desktop\tabelas-powerBI\10 Rio Capim\Tabela 44 - Área colhida (Hectares), Quantidade Produzida (Toneladas) e Valor (Mil Reais) da Produção por Tipo de Lavoura Temporária - 2024 ri rio capim.xlsx",Rio Capim,70569,
Elaboração: FAPESPA,,,,,,,,,,,,,,,,,,,10 Rio Capim,44,"Área colhida (Hectares), Quantidade Produzida (Toneladas) e Valor (Mil Reais) da Produção por Tipo de Lavoura Temporária - 2024 ri rio capim",20,"Tabela 44 - Área colhida (Hectares), Quantidade Produzida (Toneladas) e Valor (Mil Reais) da Produção por Tipo de Lavoura Temporária - 2024 ri rio capim","..\..\Desktop\tabelas-powerBI\10 Rio Capim\Tabela 44 - Área colhida (Hectares), Quantidade Produzida (Toneladas) e Valor (Mil Reais) da Produção por Tipo de Lavoura Temporária - 2024 ri rio capim.xlsx",Rio Capim,70569,
Nota: A quantidade produzida de abacaxi é expressa em mil frutos,,,,,,,,,,,,,,,,,,,10 Rio Capim,44,"Área colhida (Hectares), Quantidade Produzida (Toneladas) e Valor (Mil Reais) da Produção por Tipo de Lavoura Temporária - 2024 ri rio capim",20,"Tabela 44 - Área colhida (Hectares), Quantidade Produzida (Toneladas) e Valor (Mil Reais) da Produção por Tipo de Lavoura Temporária - 2024 ri rio capim","..\..\Desktop\tabelas-powerBI\10 Rio Capim\Tabela 44 - Área colhida (Hectares), Quantidade Produzida (Toneladas) e Valor (Mil Reais) da Produção por Tipo de Lavoura Temporária - 2024 ri rio capim.xlsx",Rio Capim,70569,
RI Rio Capim,172,4791,22222,8812,21820,36619,17011,1190618,143109,423,9717,18401,596321,1903804,3836107,18,232,928,10 Rio Capim,44,"Área colhida (Hectares), Quantidade Produzida (Toneladas) e Valor (Mil Reais) da Produção por Tipo de Lavoura Temporária - 2024 ri rio capim",20,"Tabela 44 - Área colhida (Hectares), Quantidade Produzida (Toneladas) e Valor (Mil Reais) da Produção por Tipo de Lavoura Temporária - 2024 ri rio capim","..\..\Desktop\tabelas-powerBI\10 Rio Capim\Tabela 44 - Área colhida (Hectares), Quantidade Produzida (Toneladas) e Valor (Mil Reais) da Produção por Tipo de Lavoura Temporária - 2024 ri rio capim.xlsx",Rio Capim,266576,21955.0
Abel Figueiredo,-,-,-,-,-,-,11,618,309,2,40,56,4321,15124,32759,-,-,-,10 Rio Capim,44,"Área colhida (Hectares), Quantidade Produzida (Toneladas) e Valor (Mil Reais) da Produção por Tipo de Lavoura Temporária - 2024 ri rio capim",20,"Tabela 44 - Área colhida (Hectares), Quantidade Produzida (Toneladas) e Valor (Mil Reais) da Produção por Tipo de Lavoura Temporária - 2024 ri rio capim","..\..\Desktop\tabelas-powerBI\10 Rio Capim\Tabela 44 - Área colhida (Hectares), Quantidade Produzida (Toneladas) e Valor (Mil Reais) da Produção por Tipo de Lavoura Temporária - 2024 ri rio capim.xlsx",Rio Capim,266576,30.0
Aurora do Pará,4,107,231,35,88,181,-,-,-,30,660,886,-,-,-,-,-,-,10 Rio Capim,44,"Área colhida (Hectares), Quantidade Produzida (Toneladas) e Valor (Mil Reais) da Produção por Tipo de Lavoura Temporária - 2024 ri rio capim",20,"Tabela 44 - Área colhida (Hectares), Quantidade Produzida (Toneladas) e Valor (Mil Reais) da Produção por Tipo de Lavoura Temporária - 2024 ri rio capim","..\..\Desktop\tabelas-powerBI\10 Rio Capim\Tabela 44 - Área colhida (Hectares), Quantidade Produzida (Toneladas) e Valor (Mil Reais) da Produção por Tipo de Lavoura Temporária - 2024 ri rio capim.xlsx",Rio Capim,266576,1300.0
Bujaru,-,-,-,30,25,38,-,-,-,-,-,-,-,-,-,-,-,-,10 Rio Capim,44,"Área colhida (Hectares), Quantidade Produzida (Toneladas) e Valor (Mil Reais) da Produção por Tipo de Lavoura Temporária - 2024 ri rio capim",20,"Tabela 44 - Área colhida (Hectares), Quantidade Produzida (Toneladas) e Valor (Mil Reais) da Produção por Tipo de Lavoura Temporária - 2024 ri rio capim","..\..\Desktop\tabelas-powerBI\10 Rio Capim\Tabela 44 - Área colhida (Hectares), Quantidade Produzida (Toneladas) e Valor (Mil Reais) da Produção por Tipo de Lavoura Temporária - 2024 ri rio capim.xlsx",Rio Capim,266576,1000.0
Capitão Poço,-,-,-,50,49,77,-,-,-,-,-,-,-,-,-,-,-,-,10 Rio Capim,44,"Área colhida (Hectares), Quantidade Produzida (Toneladas) e Valor (Mil Reais) da Produção por Tipo de Lavoura Temporária - 2024 ri rio capim",20,"Tabela 44 - Área colhida (Hectares), Quantidade Produzida (Toneladas) e Valor (Mil Reais) da Produção por Tipo de Lavoura Temporária - 2024 ri rio capim","..\..\Desktop\tabelas-powerBI\10 Rio Capim\Tabela 44 - Área colhida (Hectares), Quantidade Produzida (Toneladas) e Valor (Mil Reais) da Produção por Tipo de Lavoura Temporária - 2024 ri rio capim.xlsx",Rio Capim,266576,3100.0
Concórdia do Pará,100,3000,18000,30,20,40,-,-,-,-,-,-,-,-,-,-,-,-,10 Rio Capim,44,"Área colhida (Hectares), Quantidade Produzida (Toneladas) e Valor (Mil Reais) da Produção por Tipo de Lavoura Temporária - 2024 ri rio capim",20,"Tabela 44 - Área colhida (Hectares), Quantidade Produzida (Toneladas) e Valor (Mil Reais) da Produção por Tipo de Lavoura Temporária - 2024 ri rio capim","..\..\Desktop\tabelas-powerBI\10 Rio Capim\Tabela 44 - Área colhida (Hectares), Quantidade Produzida (Toneladas) e Valor (Mil Reais) da Produção por Tipo de Lavoura Temporária - 2024 ri rio capim.xlsx",Rio Capim,266576,2600.0
Dom Eliseu,2,50,143,1500,3879,5819,-,-,-,8,172,344,160000,500800,992135,10,130,520,10 Rio Capim,44,"Área colhida (Hectares), Quantidade Produzida (Toneladas) e Valor (Mil Reais) da Produção por Tipo de Lavoura Temporária - 2024 ri rio capim",20,"Tabela 44 - Área colhida (Hectares), Quantidade Produzida (Toneladas) e Valor (Mil Reais) da Produção por Tipo de Lavoura Temporária - 2024 ri rio capim","..\..\Desktop\tabelas-powerBI\10 Rio Capim\Tabela 44 - Área colhida (Hectares), Quantidade Produzida (Toneladas) e Valor (Mil Reais) da Produção por Tipo de Lavoura Temporária - 2024 ri rio capim.xlsx",Rio Capim,266576,150.0
Garrafão do Norte,-,-,-,12,12,14,-,-,-,-,-,-,-,-,-,-,-,-,10 Rio Capim,44,"Área colhida (Hectares), Quantidade Produzida (Toneladas) e Valor (Mil Reais) da Produção por Tipo de Lavoura Temporária - 2024 ri rio capim",20,"Tabela 44 - Área colhida (Hectares), Quantidade Produzida (Toneladas) e Valor (Mil Reais) da Produção por Tipo de Lavoura Temporária - 2024 ri rio capim","..\..\Desktop\tabelas-powerBI\10 Rio Capim\Tabela 44 - Área colhida (Hectares), Quantidade Produzida (Toneladas) e Valor (Mil Reais) da Produção por Tipo de Lavoura Temporária - 2024 ri rio capim.xlsx",Rio Capim,266576,2100.0
Ipixuna do Pará,5,123,290,200,384,722,-,-,-,180,3960,7920,8000,25160,49595,-,-,-,10 Rio Capim,44,"Área colhida (Hectares), Quantidade Produzida (Toneladas) e Valor (Mil Reais) da Produção por Tipo de Lavoura Temporária - 2024 ri rio capim",20,"Tabela 44 - Área colhida (Hectares), Quantidade Produzida (Toneladas) e Valor (Mil Reais) da Produção por Tipo de Lavoura Temporária - 2024 ri rio capim","..\..\Desktop\tabelas-powerBI\10 Rio Capim\Tabela 44 - Área colhida (Hectares), Quantidade Produzida (Toneladas) e Valor (Mil Reais) da Produção por Tipo de Lavoura Temporária - 2024 ri rio capim.xlsx",Rio Capim,266576,1900.0
Irituia,30,750,1585,50,26,58,-,-,-,-,-,-,-,-,-,-,-,-,10 Rio Capim,44,"Área colhida (Hectares), Quantidade Produzida (Toneladas) e Valor (Mil Reais) da Produção por Tipo de Lavoura Temporária - 2024 ri rio capim",20,"Tabela 44 - Área colhida (Hectares), Quantidade Produzida (Toneladas) e Valor (Mil Reais) da Produção por Tipo de Lavoura Temporária - 2024 ri rio capim","..\..\Desktop\tabelas-powerBI\10 Rio Capim\Tabela 44 - Área colhida (Hectares), Quantidade Produzida (Toneladas) e Valor (Mil Reais) da Produção por Tipo de Lavoura Temporária - 2024 ri rio capim.xlsx",Rio Capim,266576,1200.0
Mãe do Rio,-,-,-,-,-,-,-,-,-,15,330,453,-,-,-,-,-,-,10 Rio Capim,44,"Área colhida (Hectares), Quantidade Produzida (Toneladas) e Valor (Mil Reais) da Produção por Tipo de Lavoura Temporária - 2024 ri rio capim",20,"Tabela 44 - Área colhida (Hectares), Quantidade Produzida (Toneladas) e Valor (Mil Reais) da Produção por Tipo de Lavoura Temporária - 2024 ri rio capim","..\..\Desktop\tabelas-powerBI\10 Rio Capim\Tabela 44 - Área colhida (Hectares), Quantidade Produzida (Toneladas) e Valor (Mil Reais) da Produção por Tipo de Lavoura Temporária - 2024 ri rio capim.xlsx",Rio Capim,266576,500.0
Nova Esperança do Piriá,-,-,-,5,6,7,-,-,-,-,-,-,-,-,-,-,-,-,10 Rio Capim,44,"Área colhida (Hectares), Quantidade Produzida (Toneladas) e Valor (Mil Reais) da Produção por Tipo de Lavoura Temporária - 2024 ri rio capim",20,"Tabela 44 - Área colhida (Hectares), Quantidade Produzida (Toneladas) e Valor (Mil Reais) da Produção por Tipo de Lavoura Temporária - 2024 ri rio capim","..\..\Desktop\tabelas-powerBI\10 Rio Capim\Tabela 44 - Área colhida (Hectares), Quantidade Produzida (Toneladas) e Valor (Mil Reais) da Produção por Tipo de Lavoura Temporária - 2024 ri rio capim.xlsx",Rio Capim,266576,3000.0
Ourém,-,-,-,-,-,-,-,-,-,-,-,-,-,-,-,-,-,-,10 Rio Capim,44,"Área colhida (Hectares), Quantidade Produzida (Toneladas) e Valor (Mil Reais) da Produção por Tipo de Lavoura Temporária - 2024 ri rio capim",20,"Tabela 44 - Área colhida (Hectares), Quantidade Produzida (Toneladas) e Valor (Mil Reais) da Produção por Tipo de Lavoura Temporária - 2024 ri rio capim","..\..\Desktop\tabelas-powerBI\10 Rio Capim\Tabela 44 - Área colhida (Hectares), Quantidade Produzida (Toneladas) e Valor (Mil Reais) da Produção por Tipo de Lavoura Temporária - 2024 ri rio capim.xlsx",Rio Capim,266576,900.0
Paragominas,8,198,513,2900,7569,13624,-,-,-,10,214,449,270000,844560,1690133,-,-,-,10 Rio Capim,44,"Área colhida (Hectares), Quantidade Produzida (Toneladas) e Valor (Mil Reais) da Produção por Tipo de Lavoura Temporária - 2024 ri rio capim",20,"Tabela 44 - Área colhida (Hectares), Quantidade Produzida (Toneladas) e Valor (Mil Reais) da Produção por Tipo de Lavoura Temporária - 2024 ri rio capim","..\..\Desktop\tabelas-powerBI\10 Rio Capim\Tabela 44 - Área colhida (Hectares), Quantidade Produzida (Toneladas) e Valor (Mil Reais) da Produção por Tipo de Lavoura Temporária - 2024 ri rio capim.xlsx",Rio Capim,266576,624.0
Rondon do Pará,8,200,400,-,-,-,-,-,-,18,409,695,73500,264600,561746,8,102,408,10 Rio Capim,44,"Área colhida (Hectares), Quantidade Produzida (Toneladas) e Valor (Mil Reais) da Produção por Tipo de Lavoura Temporária - 2024 ri rio capim",20,"Tabela 44 - Área colhida (Hectares), Quantidade Produzida (Toneladas) e Valor (Mil Reais) da Produção por Tipo de Lavoura Temporária - 2024 ri rio capim","..\..\Desktop\tabelas-powerBI\10 Rio Capim\Tabela 44 - Área colhida (Hectares), Quantidade Produzida (Toneladas) e Valor (Mil Reais) da Produção por Tipo de Lavoura Temporária - 2024 ri rio capim.xlsx",Rio Capim,266576,480.0
Tomé-Açu,-,-,-,700,1050,2100,-,-,-,60,1332,2398,5000,18000,32400,-,-,-,10 Rio Capim,44,"Área colhida (Hectares), Quantidade Produzida (Toneladas) e Valor (Mil Reais) da Produção por Tipo de Lavoura Temporária - 2024 ri rio capim",20,"Tabela 44 - Área colhida (Hectares), Quantidade Produzida (Toneladas) e Valor (Mil Reais) da Produção por Tipo de Lavoura Temporária - 2024 ri rio capim","..\..\Desktop\tabelas-powerBI\10 Rio Capim\Tabela 44 - Área colhida (Hectares), Quantidade Produzida (Toneladas) e Valor (Mil Reais) da Produção por Tipo de Lavoura Temporária - 2024 ri rio capim.xlsx",Rio Capim,266576,2630.0
Ulianópolis,15,363,1060,3300,8712,13939,17000,1190000,142800,100,2600,5200,75500,235560,477339,-,-,-,10 Rio Capim,44,"Área colhida (Hectares), Quantidade Produzida (Toneladas) e Valor (Mil Reais) da Produção por Tipo de Lavoura Temporária - 2024 ri rio capim",20,"Tabela 44 - Área colhida (Hectares), Quantidade Produzida (Toneladas) e Valor (Mil Reais) da Produção por Tipo de Lavoura Temporária - 2024 ri rio capim","..\..\Desktop\tabelas-powerBI\10 Rio Capim\Tabela 44 - Área colhida (Hectares), Quantidade Produzida (Toneladas) e Valor (Mil Reais) da Produção por Tipo de Lavoura Temporária - 2024 ri rio capim.xlsx",Rio Capim,266576,441.0
Fonte: IBGE/PAM,,,,,,,,,,,,,,,,,,,10 Rio Capim,44,"Área colhida (Hectares), Quantidade Produzida (Toneladas) e Valor (Mil Reais) da Produção por Tipo de Lavoura Temporária - 2024 ri rio capim",20,"Tabela 44 - Área colhida (Hectares), Quantidade Produzida (Toneladas) e Valor (Mil Reais) da Produção por Tipo de Lavoura Temporária - 2024 ri rio capim","..\..\Desktop\tabelas-powerBI\10 Rio Capim\Tabela 44 - Área colhida (Hectares), Quantidade Produzida (Toneladas) e Valor (Mil Reais) da Produção por Tipo de Lavoura Temporária - 2024 ri rio capim.xlsx",Rio Capim,266576,
Elaboração: FAPESPA,,,,,,,,,,,,,,,,,,,10 Rio Capim,44,"Área colhida (Hectares), Quantidade Produzida (Toneladas) e Valor (Mil Reais) da Produção por Tipo de Lavoura Temporária - 2024 ri rio capim",20,"Tabela 44 - Área colhida (Hectares), Quantidade Produzida (Toneladas) e Valor (Mil Reais) da Produção por Tipo de Lavoura Temporária - 2024 ri rio capim","..\..\Desktop\tabelas-powerBI\10 Rio Capim\Tabela 44 - Área colhida (Hectares), Quantidade Produzida (Toneladas) e Valor (Mil Reais) da Produção por Tipo de Lavoura Temporária - 2024 ri rio capim.xlsx",Rio Capim,266576,
Nota: A quantidade produzida de abacaxi é expressa em mil frutos,,,,,,,,,,,,,,,,,,,10 Rio Capim,44,"Área colhida (Hectares), Quantidade Produzida (Toneladas) e Valor (Mil Reais) da Produção por Tipo de Lavoura Temporária - 2024 ri rio capim",20,"Tabela 44 - Área colhida (Hectares), Quantidade Produzida (Toneladas) e Valor (Mil Reais) da Produção por Tipo de Lavoura Temporária - 2024 ri rio capim","..\..\Desktop\tabelas-powerBI\10 Rio Capim\Tabela 44 - Área colhida (Hectares), Quantidade Produzida (Toneladas) e Valor (Mil Reais) da Produção por Tipo de Lavoura Temporária - 2024 ri rio capim.xlsx",Rio Capim,266576,
RI Rio Capim,172,4791,22222,8812,21820,36619,17011,1190618,143109,423,9717,18401,596321,1903804,3836107,18,232,928,10 Rio Capim,44,"Área colhida (Hectares), Quantidade Produzida (Toneladas) e Valor (Mil Reais) da Produção por Tipo de Lavoura Temporária - 2024 ri rio capim",20,"Tabela 44 - Área colhida (Hectares), Quantidade Produzida (Toneladas) e Valor (Mil Reais) da Produção por Tipo de Lavoura Temporária - 2024 ri rio capim","..\..\Desktop\tabelas-powerBI\10 Rio Capim\Tabela 44 - Área colhida (Hectares), Quantidade Produzida (Toneladas) e Valor (Mil Reais) da Produção por Tipo de Lavoura Temporária - 2024 ri rio capim.xlsx",Rio Capim,3966227,313487.0
Abel Figueiredo,-,-,-,-,-,-,11,618,309,2,40,56,4321,15124,32759,-,-,-,10 Rio Capim,44,"Área colhida (Hectares), Quantidade Produzida (Toneladas) e Valor (Mil Reais) da Produção por Tipo de Lavoura Temporária - 2024 ri rio capim",20,"Tabela 44 - Área colhida (Hectares), Quantidade Produzida (Toneladas) e Valor (Mil Reais) da Produção por Tipo de Lavoura Temporária - 2024 ri rio capim","..\..\Desktop\tabelas-powerBI\10 Rio Capim\Tabela 44 - Área colhida (Hectares), Quantidade Produzida (Toneladas) e Valor (Mil Reais) da Produção por Tipo de Lavoura Temporária - 2024 ri rio capim.xlsx",Rio Capim,3966227,300.0
Aurora do Pará,4,107,231,35,88,181,-,-,-,30,660,886,-,-,-,-,-,-,10 Rio Capim,44,"Área colhida (Hectares), Quantidade Produzida (Toneladas) e Valor (Mil Reais) da Produção por Tipo de Lavoura Temporária - 2024 ri rio capim",20,"Tabela 44 - Área colhida (Hectares), Quantidade Produzida (Toneladas) e Valor (Mil Reais) da Produção por Tipo de Lavoura Temporária - 2024 ri rio capim","..\..\Desktop\tabelas-powerBI\10 Rio Capim\Tabela 44 - Área colhida (Hectares), Quantidade Produzida (Toneladas) e Valor (Mil Reais) da Produção por Tipo de Lavoura Temporária - 2024 ri rio capim.xlsx",Rio Capim,3966227,18200.0
Bujaru,-,-,-,30,25,38,-,-,-,-,-,-,-,-,-,-,-,-,10 Rio Capim,44,"Área colhida (Hectares), Quantidade Produzida (Toneladas) e Valor (Mil Reais) da Produção por Tipo de Lavoura Temporária - 2024 ri rio capim",20,"Tabela 44 - Área colhida (Hectares), Quantidade Produzida (Toneladas) e Valor (Mil Reais) da Produção por Tipo de Lavoura Temporária - 2024 ri rio capim","..\..\Desktop\tabelas-powerBI\10 Rio Capim\Tabela 44 - Área colhida (Hectares), Quantidade Produzida (Toneladas) e Valor (Mil Reais) da Produção por Tipo de Lavoura Temporária - 2024 ri rio capim.xlsx",Rio Capim,3966227,15835.0
Capitão Poço,-,-,-,50,49,77,-,-,-,-,-,-,-,-,-,-,-,-,10 Rio Capim,44,"Área colhida (Hectares), Quantidade Produzida (Toneladas) e Valor (Mil Reais) da Produção por Tipo de Lavoura Temporária - 2024 ri rio capim",20,"Tabela 44 - Área colhida (Hectares), Quantidade Produzida (Toneladas) e Valor (Mil Reais) da Produção por Tipo de Lavoura Temporária - 2024 ri rio capim","..\..\Desktop\tabelas-powerBI\10 Rio Capim\Tabela 44 - Área colhida (Hectares), Quantidade Produzida (Toneladas) e Valor (Mil Reais) da Produção por Tipo de Lavoura Temporária - 2024 ri rio capim.xlsx",Rio Capim,3966227,46500.0
Concórdia do Pará,100,3000,18000,30,20,40,-,-,-,-,-,-,-,-,-,-,-,-,10 Rio Capim,44,"Área colhida (Hectares), Quantidade Produzida (Toneladas) e Valor (Mil Reais) da Produção por Tipo de Lavoura Temporária - 2024 ri rio capim",20,"Tabela 44 - Área colhida (Hectares), Quantidade Produzida (Toneladas) e Valor (Mil Reais) da Produção por Tipo de Lavoura Temporária - 2024 ri rio capim","..\..\Desktop\tabelas-powerBI\10 Rio Capim\Tabela 44 - Área colhida (Hectares), Quantidade Produzida (Toneladas) e Valor (Mil Reais) da Produção por Tipo de Lavoura Temporária - 2024 ri rio capim.xlsx",Rio Capim,3966227,32950.0
Dom Eliseu,2,50,143,1500,3879,5819,-,-,-,8,172,344,160000,500800,992135,10,130,520,10 Rio Capim,44,"Área colhida (Hectares), Quantidade Produzida (Toneladas) e Valor (Mil Reais) da Produção por Tipo de Lavoura Temporária - 2024 ri rio capim",20,"Tabela 44 - Área colhida (Hectares), Quantidade Produzida (Toneladas) e Valor (Mil Reais) da Produção por Tipo de Lavoura Temporária - 2024 ri rio capim","..\..\Desktop\tabelas-powerBI\10 Rio Capim\Tabela 44 - Área colhida (Hectares), Quantidade Produzida (Toneladas) e Valor (Mil Reais) da Produção por Tipo de Lavoura Temporária - 2024 ri rio capim.xlsx",Rio Capim,3966227,1875.0
Garrafão do Norte,-,-,-,12,12,14,-,-,-,-,-,-,-,-,-,-,-,-,10 Rio Capim,44,"Área colhida (Hectares), Quantidade Produzida (Toneladas) e Valor (Mil Reais) da Produção por Tipo de Lavoura Temporária - 2024 ri rio capim",20,"Tabela 44 - Área colhida (Hectares), Quantidade Produzida (Toneladas) e Valor (Mil Reais) da Produção por Tipo de Lavoura Temporária - 2024 ri rio capim","..\..\Desktop\tabelas-powerBI\10 Rio Capim\Tabela 44 - Área colhida (Hectares), Quantidade Produzida (Toneladas) e Valor (Mil Reais) da Produção por Tipo de Lavoura Temporária - 2024 ri rio capim.xlsx",Rio Capim,3966227,31500.0
Ipixuna do Pará,5,123,290,200,384,722,-,-,-,180,3960,7920,8000,25160,49595,-,-,-,10 Rio Capim,44,"Área colhida (Hectares), Quantidade Produzida (Toneladas) e Valor (Mil Reais) da Produção por Tipo de Lavoura Temporária - 2024 ri rio capim",20,"Tabela 44 - Área colhida (Hectares), Quantidade Produzida (Toneladas) e Valor (Mil Reais) da Produção por Tipo de Lavoura Temporária - 2024 ri rio capim","..\..\Desktop\tabelas-powerBI\10 Rio Capim\Tabela 44 - Área colhida (Hectares), Quantidade Produzida (Toneladas) e Valor (Mil Reais) da Produção por Tipo de Lavoura Temporária - 2024 ri rio capim.xlsx",Rio Capim,3966227,25080.0
Irituia,30,750,1585,50,26,58,-,-,-,-,-,-,-,-,-,-,-,-,10 Rio Capim,44,"Área colhida (Hectares), Quantidade Produzida (Toneladas) e Valor (Mil Reais) da Produção por Tipo de Lavoura Temporária - 2024 ri rio capim",20,"Tabela 44 - Área colhida (Hectares), Quantidade Produzida (Toneladas) e Valor (Mil Reais) da Produção por Tipo de Lavoura Temporária - 2024 ri rio capim","..\..\Desktop\tabelas-powerBI\10 Rio Capim\Tabela 44 - Área colhida (Hectares), Quantidade Produzida (Toneladas) e Valor (Mil Reais) da Produção por Tipo de Lavoura Temporária - 2024 ri rio capim.xlsx",Rio Capim,3966227,13440.0
Mãe do Rio,-,-,-,-,-,-,-,-,-,15,330,453,-,-,-,-,-,-,10 Rio Capim,44,"Área colhida (Hectares), Quantidade Produzida (Toneladas) e Valor (Mil Reais) da Produção por Tipo de Lavoura Temporária - 2024 ri rio capim",20,"Tabela 44 - Área colhida (Hectares), Quantidade Produzida (Toneladas) e Valor (Mil Reais) da Produção por Tipo de Lavoura Temporária - 2024 ri rio capim","..\..\Desktop\tabelas-powerBI\10 Rio Capim\Tabela 44 - Área colhida (Hectares), Quantidade Produzida (Toneladas) e Valor (Mil Reais) da Produção por Tipo de Lavoura Temporária - 2024 ri rio capim.xlsx",Rio Capim,3966227,6850.0
Nova Esperança do Piriá,-,-,-,5,6,7,-,-,-,-,-,-,-,-,-,-,-,-,10 Rio Capim,44,"Área colhida (Hectares), Quantidade Produzida (Toneladas) e Valor (Mil Reais) da Produção por Tipo de Lavoura Temporária - 2024 ri rio capim",20,"Tabela 44 - Área colhida (Hectares), Quantidade Produzida (Toneladas) e Valor (Mil Reais) da Produção por Tipo de Lavoura Temporária - 2024 ri rio capim","..\..\Desktop\tabelas-powerBI\10 Rio Capim\Tabela 44 - Área colhida (Hectares), Quantidade Produzida (Toneladas) e Valor (Mil Reais) da Produção por Tipo de Lavoura Temporária - 2024 ri rio capim.xlsx",Rio Capim,3966227,45000.0
Ourém,-,-,-,-,-,-,-,-,-,-,-,-,-,-,-,-,-,-,10 Rio Capim,44,"Área colhida (Hectares), Quantidade Produzida (Toneladas) e Valor (Mil Reais) da Produção por Tipo de Lavoura Temporária - 2024 ri rio capim",20,"Tabela 44 - Área colhida (Hectares), Quantidade Produzida (Toneladas) e Valor (Mil Reais) da Produção por Tipo de Lavoura Temporária - 2024 ri rio capim","..\..\Desktop\tabelas-powerBI\10 Rio Capim\Tabela 44 - Área colhida (Hectares), Quantidade Produzida (Toneladas) e Valor (Mil Reais) da Produção por Tipo de Lavoura Temporária - 2024 ri rio capim.xlsx",Rio Capim,3966227,13500.0
Paragominas,8,198,513,2900,7569,13624,-,-,-,10,214,449,270000,844560,1690133,-,-,-,10 Rio Capim,44,"Área colhida (Hectares), Quantidade Produzida (Toneladas) e Valor (Mil Reais) da Produção por Tipo de Lavoura Temporária - 2024 ri rio capim",20,"Tabela 44 - Área colhida (Hectares), Quantidade Produzida (Toneladas) e Valor (Mil Reais) da Produção por Tipo de Lavoura Temporária - 2024 ri rio capim","..\..\Desktop\tabelas-powerBI\10 Rio Capim\Tabela 44 - Área colhida (Hectares), Quantidade Produzida (Toneladas) e Valor (Mil Reais) da Produção por Tipo de Lavoura Temporária - 2024 ri rio capim.xlsx",Rio Capim,3966227,7488.0
Rondon do Pará,8,200,400,-,-,-,-,-,-,18,409,695,73500,264600,561746,8,102,408,10 Rio Capim,44,"Área colhida (Hectares), Quantidade Produzida (Toneladas) e Valor (Mil Reais) da Produção por Tipo de Lavoura Temporária - 2024 ri rio capim",20,"Tabela 44 - Área colhida (Hectares), Quantidade Produzida (Toneladas) e Valor (Mil Reais) da Produção por Tipo de Lavoura Temporária - 2024 ri rio capim","..\..\Desktop\tabelas-powerBI\10 Rio Capim\Tabela 44 - Área colhida (Hectares), Quantidade Produzida (Toneladas) e Valor (Mil Reais) da Produção por Tipo de Lavoura Temporária - 2024 ri rio capim.xlsx",Rio Capim,3966227,7200.0
Tomé-Açu,-,-,-,700,1050,2100,-,-,-,60,1332,2398,5000,18000,32400,-,-,-,10 Rio Capim,44,"Área colhida (Hectares), Quantidade Produzida (Toneladas) e Valor (Mil Reais) da Produção por Tipo de Lavoura Temporária - 2024 ri rio capim",20,"Tabela 44 - Área colhida (Hectares), Quantidade Produzida (Toneladas) e Valor (Mil Reais) da Produção por Tipo de Lavoura Temporária - 2024 ri rio capim","..\..\Desktop\tabelas-powerBI\10 Rio Capim\Tabela 44 - Área colhida (Hectares), Quantidade Produzida (Toneladas) e Valor (Mil Reais) da Produção por Tipo de Lavoura Temporária - 2024 ri rio capim.xlsx",Rio Capim,3966227,42080.0
Ulianópolis,15,363,1060,3300,8712,13939,17000,1190000,142800,100,2600,5200,75500,235560,477339,-,-,-,10 Rio Capim,44,"Área colhida (Hectares), Quantidade Produzida (Toneladas) e Valor (Mil Reais) da Produção por Tipo de Lavoura Temporária - 2024 ri rio capim",20,"Tabela 44 - Área colhida (Hectares), Quantidade Produzida (Toneladas) e Valor (Mil Reais) da Produção por Tipo de Lavoura Temporária - 2024 ri rio capim","..\..\Desktop\tabelas-powerBI\10 Rio Capim\Tabela 44 - Área colhida (Hectares), Quantidade Produzida (Toneladas) e Valor (Mil Reais) da Produção por Tipo de Lavoura Temporária - 2024 ri rio capim.xlsx",Rio Capim,3966227,5689.0
Fonte: IBGE/PAM,,,,,,,,,,,,,,,,,,,10 Rio Capim,44,"Área colhida (Hectares), Quantidade Produzida (Toneladas) e Valor (Mil Reais) da Produção por Tipo de Lavoura Temporária - 2024 ri rio capim",20,"Tabela 44 - Área colhida (Hectares), Quantidade Produzida (Toneladas) e Valor (Mil Reais) da Produção por Tipo de Lavoura Temporária - 2024 ri rio capim","..\..\Desktop\tabelas-powerBI\10 Rio Capim\Tabela 44 - Área colhida (Hectares), Quantidade Produzida (Toneladas) e Valor (Mil Reais) da Produção por Tipo de Lavoura Temporária - 2024 ri rio capim.xlsx",Rio Capim,3966227,
Elaboração: FAPESPA,,,,,,,,,,,,,,,,,,,10 Rio Capim,44,"Área colhida (Hectares), Quantidade Produzida (Toneladas) e Valor (Mil Reais) da Produção por Tipo de Lavoura Temporária - 2024 ri rio capim",20,"Tabela 44 - Área colhida (Hectares), Quantidade Produzida (Toneladas) e Valor (Mil Reais) da Produção por Tipo de Lavoura Temporária - 2024 ri rio capim","..\..\Desktop\tabelas-powerBI\10 Rio Capim\Tabela 44 - Área colhida (Hectares), Quantidade Produzida (Toneladas) e Valor (Mil Reais) da Produção por Tipo de Lavoura Temporária - 2024 ri rio capim.xlsx",Rio Capim,3966227,
Nota: A quantidade produzida de abacaxi é expressa em mil frutos,,,,,,,,,,,,,,,,,,,10 Rio Capim,44,"Área colhida (Hectares), Quantidade Produzida (Toneladas) e Valor (Mil Reais) da Produção por Tipo de Lavoura Temporária - 2024 ri rio capim",20,"Tabela 44 - Área colhida (Hectares), Quantidade Produzida (Toneladas) e Valor (Mil Reais) da Produção por Tipo de Lavoura Temporária - 2024 ri rio capim","..\..\Desktop\tabelas-powerBI\10 Rio Capim\Tabela 44 - Área colhida (Hectares), Quantidade Produzida (Toneladas) e Valor (Mil Reais) da Produção por Tipo de Lavoura Temporária - 2024 ri rio capim.xlsx",Rio Capim,3966227,
RI Rio Capim,172,4791,22222,8812,21820,36619,17011,1190618,143109,423,9717,18401,596321,1903804,3836107,18,232,928,10 Rio Capim,44,"Área colhida (Hectares), Quantidade Produzida (Toneladas) e Valor (Mil Reais) da Produção por Tipo de Lavoura Temporária - 2024 ri rio capim",20,"Tabela 44 - Área colhida (Hectares), Quantidade Produzida (Toneladas) e Valor (Mil Reais) da Produção por Tipo de Lavoura Temporária - 2024 ri rio capim","..\..\Desktop\tabelas-powerBI\10 Rio Capim\Tabela 44 - Área colhida (Hectares), Quantidade Produzida (Toneladas) e Valor (Mil Reais) da Produção por Tipo de Lavoura Temporária - 2024 ri rio capim.xlsx",Rio Capim,4640906,313601.0
Abel Figueiredo,-,-,-,-,-,-,11,618,309,2,40,56,4321,15124,32759,-,-,-,10 Rio Capim,44,"Área colhida (Hectares), Quantidade Produzida (Toneladas) e Valor (Mil Reais) da Produção por Tipo de Lavoura Temporária - 2024 ri rio capim",20,"Tabela 44 - Área colhida (Hectares), Quantidade Produzida (Toneladas) e Valor (Mil Reais) da Produção por Tipo de Lavoura Temporária - 2024 ri rio capim","..\..\Desktop\tabelas-powerBI\10 Rio Capim\Tabela 44 - Área colhida (Hectares), Quantidade Produzida (Toneladas) e Valor (Mil Reais) da Produção por Tipo de Lavoura Temporária - 2024 ri rio capim.xlsx",Rio Capim,4640906,1065.0
Aurora do Pará,4,107,231,35,88,181,-,-,-,30,660,886,-,-,-,-,-,-,10 Rio Capim,44,"Área colhida (Hectares), Quantidade Produzida (Toneladas) e Valor (Mil Reais) da Produção por Tipo de Lavoura Temporária - 2024 ri rio capim",20,"Tabela 44 - Área colhida (Hectares), Quantidade Produzida (Toneladas) e Valor (Mil Reais) da Produção por Tipo de Lavoura Temporária - 2024 ri rio capim","..\..\Desktop\tabelas-powerBI\10 Rio Capim\Tabela 44 - Área colhida (Hectares), Quantidade Produzida (Toneladas) e Valor (Mil Reais) da Produção por Tipo de Lavoura Temporária - 2024 ri rio capim.xlsx",Rio Capim,4640906,17096.0
Bujaru,-,-,-,30,25,38,-,-,-,-,-,-,-,-,-,-,-,-,10 Rio Capim,44,"Área colhida (Hectares), Quantidade Produzida (Toneladas) e Valor (Mil Reais) da Produção por Tipo de Lavoura Temporária - 2024 ri rio capim",20,"Tabela 44 - Área colhida (Hectares), Quantidade Produzida (Toneladas) e Valor (Mil Reais) da Produção por Tipo de Lavoura Temporária - 2024 ri rio capim","..\..\Desktop\tabelas-powerBI\10 Rio Capim\Tabela 44 - Área colhida (Hectares), Quantidade Produzida (Toneladas) e Valor (Mil Reais) da Produção por Tipo de Lavoura Temporária - 2024 ri rio capim.xlsx",Rio Capim,4640906,23753.0
Capitão Poço,-,-,-,50,49,77,-,-,-,-,-,-,-,-,-,-,-,-,10 Rio Capim,44,"Área colhida (Hectares), Quantidade Produzida (Toneladas) e Valor (Mil Reais) da Produção por Tipo de Lavoura Temporária - 2024 ri rio capim",20,"Tabela 44 - Área colhida (Hectares), Quantidade Produzida (Toneladas) e Valor (Mil Reais) da Produção por Tipo de Lavoura Temporária - 2024 ri rio capim","..\..\Desktop\tabelas-powerBI\10 Rio Capim\Tabela 44 - Área colhida (Hectares), Quantidade Produzida (Toneladas) e Valor (Mil Reais) da Produção por Tipo de Lavoura Temporária - 2024 ri rio capim.xlsx",Rio Capim,4640906,31434.0
Concórdia do Pará,100,3000,18000,30,20,40,-,-,-,-,-,-,-,-,-,-,-,-,10 Rio Capim,44,"Área colhida (Hectares), Quantidade Produzida (Toneladas) e Valor (Mil Reais) da Produção por Tipo de Lavoura Temporária - 2024 ri rio capim",20,"Tabela 44 - Área colhida (Hectares), Quantidade Produzida (Toneladas) e Valor (Mil Reais) da Produção por Tipo de Lavoura Temporária - 2024 ri rio capim","..\..\Desktop\tabelas-powerBI\10 Rio Capim\Tabela 44 - Área colhida (Hectares), Quantidade Produzida (Toneladas) e Valor (Mil Reais) da Produção por Tipo de Lavoura Temporária - 2024 ri rio capim.xlsx",Rio Capim,4640906,66478.0
Dom Eliseu,2,50,143,1500,3879,5819,-,-,-,8,172,344,160000,500800,992135,10,130,520,10 Rio Capim,44,"Área colhida (Hectares), Quantidade Produzida (Toneladas) e Valor (Mil Reais) da Produção por Tipo de Lavoura Temporária - 2024 ri rio capim",20,"Tabela 44 - Área colhida (Hectares), Quantidade Produzida (Toneladas) e Valor (Mil Reais) da Produção por Tipo de Lavoura Temporária - 2024 ri rio capim","..\..\Desktop\tabelas-powerBI\10 Rio Capim\Tabela 44 - Área colhida (Hectares), Quantidade Produzida (Toneladas) e Valor (Mil Reais) da Produção por Tipo de Lavoura Temporária - 2024 ri rio capim.xlsx",Rio Capim,4640906,1575.0
Garrafão do Norte,-,-,-,12,12,14,-,-,-,-,-,-,-,-,-,-,-,-,10 Rio Capim,44,"Área colhida (Hectares), Quantidade Produzida (Toneladas) e Valor (Mil Reais) da Produção por Tipo de Lavoura Temporária - 2024 ri rio capim",20,"Tabela 44 - Área colhida (Hectares), Quantidade Produzida (Toneladas) e Valor (Mil Reais) da Produção por Tipo de Lavoura Temporária - 2024 ri rio capim","..\..\Desktop\tabelas-powerBI\10 Rio Capim\Tabela 44 - Área colhida (Hectares), Quantidade Produzida (Toneladas) e Valor (Mil Reais) da Produção por Tipo de Lavoura Temporária - 2024 ri rio capim.xlsx",Rio Capim,4640906,22050.0
Ipixuna do Pará,5,123,290,200,384,722,-,-,-,180,3960,7920,8000,25160,49595,-,-,-,10 Rio Capim,44,"Área colhida (Hectares), Quantidade Produzida (Toneladas) e Valor (Mil Reais) da Produção por Tipo de Lavoura Temporária - 2024 ri rio capim",20,"Tabela 44 - Área colhida (Hectares), Quantidade Produzida (Toneladas) e Valor (Mil Reais) da Produção por Tipo de Lavoura Temporária - 2024 ri rio capim","..\..\Desktop\tabelas-powerBI\10 Rio Capim\Tabela 44 - Área colhida (Hectares), Quantidade Produzida (Toneladas) e Valor (Mil Reais) da Produção por Tipo de Lavoura Temporária - 2024 ri rio capim.xlsx",Rio Capim,4640906,17556.0
Irituia,30,750,1585,50,26,58,-,-,-,-,-,-,-,-,-,-,-,-,10 Rio Capim,44,"Área colhida (Hectares), Quantidade Produzida (Toneladas) e Valor (Mil Reais) da Produção por Tipo de Lavoura Temporária - 2024 ri rio capim",20,"Tabela 44 - Área colhida (Hectares), Quantidade Produzida (Toneladas) e Valor (Mil Reais) da Produção por Tipo de Lavoura Temporária - 2024 ri rio capim","..\..\Desktop\tabelas-powerBI\10 Rio Capim\Tabela 44 - Área colhida (Hectares), Quantidade Produzida (Toneladas) e Valor (Mil Reais) da Produção por Tipo de Lavoura Temporária - 2024 ri rio capim.xlsx",Rio Capim,4640906,17953.0
Mãe do Rio,-,-,-,-,-,-,-,-,-,15,330,453,-,-,-,-,-,-,10 Rio Capim,44,"Área colhida (Hectares), Quantidade Produzida (Toneladas) e Valor (Mil Reais) da Produção por Tipo de Lavoura Temporária - 2024 ri rio capim",20,"Tabela 44 - Área colhida (Hectares), Quantidade Produzida (Toneladas) e Valor (Mil Reais) da Produção por Tipo de Lavoura Temporária - 2024 ri rio capim","..\..\Desktop\tabelas-powerBI\10 Rio Capim\Tabela 44 - Área colhida (Hectares), Quantidade Produzida (Toneladas) e Valor (Mil Reais) da Produção por Tipo de Lavoura Temporária - 2024 ri rio capim.xlsx",Rio Capim,4640906,9412.0
Nova Esperança do Piriá,-,-,-,5,6,7,-,-,-,-,-,-,-,-,-,-,-,-,10 Rio Capim,44,"Área colhida (Hectares), Quantidade Produzida (Toneladas) e Valor (Mil Reais) da Produção por Tipo de Lavoura Temporária - 2024 ri rio capim",20,"Tabela 44 - Área colhida (Hectares), Quantidade Produzida (Toneladas) e Valor (Mil Reais) da Produção por Tipo de Lavoura Temporária - 2024 ri rio capim","..\..\Desktop\tabelas-powerBI\10 Rio Capim\Tabela 44 - Área colhida (Hectares), Quantidade Produzida (Toneladas) e Valor (Mil Reais) da Produção por Tipo de Lavoura Temporária - 2024 ri rio capim.xlsx",Rio Capim,4640906,28562.0
Ourém,-,-,-,-,-,-,-,-,-,-,-,-,-,-,-,-,-,-,10 Rio Capim,44,"Área colhida (Hectares), Quantidade Produzida (Toneladas) e Valor (Mil Reais) da Produção por Tipo de Lavoura Temporária - 2024 ri rio capim",20,"Tabela 44 - Área colhida (Hectares), Quantidade Produzida (Toneladas) e Valor (Mil Reais) da Produção por Tipo de Lavoura Temporária - 2024 ri rio capim","..\..\Desktop\tabelas-powerBI\10 Rio Capim\Tabela 44 - Área colhida (Hectares), Quantidade Produzida (Toneladas) e Valor (Mil Reais) da Produção por Tipo de Lavoura Temporária - 2024 ri rio capim.xlsx",Rio Capim,4640906,8667.0
Paragominas,8,198,513,2900,7569,13624,-,-,-,10,214,449,270000,844560,1690133,-,-,-,10 Rio Capim,44,"Área colhida (Hectares), Quantidade Produzida (Toneladas) e Valor (Mil Reais) da Produção por Tipo de Lavoura Temporária - 2024 ri rio capim",20,"Tabela 44 - Área colhida (Hectares), Quantidade Produzida (Toneladas) e Valor (Mil Reais) da Produção por Tipo de Lavoura Temporária - 2024 ri rio capim","..\..\Desktop\tabelas-powerBI\10 Rio Capim\Tabela 44 - Área colhida (Hectares), Quantidade Produzida (Toneladas) e Valor (Mil Reais) da Produção por Tipo de Lavoura Temporária - 2024 ri rio capim.xlsx",Rio Capim,4640906,5242.0
Rondon do Pará,8,200,400,-,-,-,-,-,-,18,409,695,73500,264600,561746,8,102,408,10 Rio Capim,44,"Área colhida (Hectares), Quantidade Produzida (Toneladas) e Valor (Mil Reais) da Produção por Tipo de Lavoura Temporária - 2024 ri rio capim",20,"Tabela 44 - Área colhida (Hectares), Quantidade Produzida (Toneladas) e Valor (Mil Reais) da Produção por Tipo de Lavoura Temporária - 2024 ri rio capim","..\..\Desktop\tabelas-powerBI\10 Rio Capim\Tabela 44 - Área colhida (Hectares), Quantidade Produzida (Toneladas) e Valor (Mil Reais) da Produção por Tipo de Lavoura Temporária - 2024 ri rio capim.xlsx",Rio Capim,4640906,7866.0
Tomé-Açu,-,-,-,700,1050,2100,-,-,-,60,1332,2398,5000,18000,32400,-,-,-,10 Rio Capim,44,"Área colhida (Hectares), Quantidade Produzida (Toneladas) e Valor (Mil Reais) da Produção por Tipo de Lavoura Temporária - 2024 ri rio capim",20,"Tabela 44 - Área colhida (Hectares), Quantidade Produzida (Toneladas) e Valor (Mil Reais) da Produção por Tipo de Lavoura Temporária - 2024 ri rio capim","..\..\Desktop\tabelas-powerBI\10 Rio Capim\Tabela 44 - Área colhida (Hectares), Quantidade Produzida (Toneladas) e Valor (Mil Reais) da Produção por Tipo de Lavoura Temporária - 2024 ri rio capim.xlsx",Rio Capim,4640906,50910.0
Ulianópolis,15,363,1060,3300,8712,13939,17000,1190000,142800,100,2600,5200,75500,235560,477339,-,-,-,10 Rio Capim,44,"Área colhida (Hectares), Quantidade Produzida (Toneladas) e Valor (Mil Reais) da Produção por Tipo de Lavoura Temporária - 2024 ri rio capim",20,"Tabela 44 - Área colhida (Hectares), Quantidade Produzida (Toneladas) e Valor (Mil Reais) da Produção por Tipo de Lavoura Temporária - 2024 ri rio capim","..\..\Desktop\tabelas-powerBI\10 Rio Capim\Tabela 44 - Área colhida (Hectares), Quantidade Produzida (Toneladas) e Valor (Mil Reais) da Produção por Tipo de Lavoura Temporária - 2024 ri rio capim.xlsx",Rio Capim,4640906,3982.0
Fonte: IBGE/PAM,,,,,,,,,,,,,,,,,,,10 Rio Capim,44,"Área colhida (Hectares), Quantidade Produzida (Toneladas) e Valor (Mil Reais) da Produção por Tipo de Lavoura Temporária - 2024 ri rio capim",20,"Tabela 44 - Área colhida (Hectares), Quantidade Produzida (Toneladas) e Valor (Mil Reais) da Produção por Tipo de Lavoura Temporária - 2024 ri rio capim","..\..\Desktop\tabelas-powerBI\10 Rio Capim\Tabela 44 - Área colhida (Hectares), Quantidade Produzida (Toneladas) e Valor (Mil Reais) da Produção por Tipo de Lavoura Temporária - 2024 ri rio capim.xlsx",Rio Capim,4640906,
Elaboração: FAPESPA,,,,,,,,,,,,,,,,,,,10 Rio Capim,44,"Área colhida (Hectares), Quantidade Produzida (Toneladas) e Valor (Mil Reais) da Produção por Tipo de Lavoura Temporária - 2024 ri rio capim",20,"Tabela 44 - Área colhida (Hectares), Quantidade Produzida (Toneladas) e Valor (Mil Reais) da Produção por Tipo de Lavoura Temporária - 2024 ri rio capim","..\..\Desktop\tabelas-powerBI\10 Rio Capim\Tabela 44 - Área colhida (Hectares), Quantidade Produzida (Toneladas) e Valor (Mil Reais) da Produção por Tipo de Lavoura Temporária - 2024 ri rio capim.xlsx",Rio Capim,4640906,
Nota: A quantidade produzida de abacaxi é expressa em mil frutos,,,,,,,,,,,,,,,,,,,10 Rio Capim,44,"Área colhida (Hectares), Quantidade Produzida (Toneladas) e Valor (Mil Reais) da Produção por Tipo de Lavoura Temporária - 2024 ri rio capim",20,"Tabela 44 - Área colhida (Hectares), Quantidade Produzida (Toneladas) e Valor (Mil Reais) da Produção por Tipo de Lavoura Temporária - 2024 ri rio capim","..\..\Desktop\tabelas-powerBI\10 Rio Capim\Tabela 44 - Área colhida (Hectares), Quantidade Produzida (Toneladas) e Valor (Mil Reais) da Produção por Tipo de Lavoura Temporária - 2024 ri rio capim.xlsx",Rio Capim,4640906,
RI Rio Capim,172,4791,22222,8812,21820,36619,17011,1190618,143109,423,9717,18401,596321,1903804,3836107,18,232,928,10 Rio Capim,44,"Área colhida (Hectares), Quantidade Produzida (Toneladas) e Valor (Mil Reais) da Produção por Tipo de Lavoura Temporária - 2024 ri rio capim",20,"Tabela 44 - Área colhida (Hectares), Quantidade Produzida (Toneladas) e Valor (Mil Reais) da Produção por Tipo de Lavoura Temporária - 2024 ri rio capim","..\..\Desktop\tabelas-powerBI\10 Rio Capim\Tabela 44 - Área colhida (Hectares), Quantidade Produzida (Toneladas) e Valor (Mil Reais) da Produção por Tipo de Lavoura Temporária - 2024 ri rio capim.xlsx",Rio Capim,477562,128870.0
Abel Figueiredo,-,-,-,-,-,-,11,618,309,2,40,56,4321,15124,32759,-,-,-,10 Rio Capim,44,"Área colhida (Hectares), Quantidade Produzida (Toneladas) e Valor (Mil Reais) da Produção por Tipo de Lavoura Temporária - 2024 ri rio capim",20,"Tabela 44 - Área colhida (Hectares), Quantidade Produzida (Toneladas) e Valor (Mil Reais) da Produção por Tipo de Lavoura Temporária - 2024 ri rio capim","..\..\Desktop\tabelas-powerBI\10 Rio Capim\Tabela 44 - Área colhida (Hectares), Quantidade Produzida (Toneladas) e Valor (Mil Reais) da Produção por Tipo de Lavoura Temporária - 2024 ri rio capim.xlsx",Rio Capim,477562,2000.0
Aurora do Pará,4,107,231,35,88,181,-,-,-,30,660,886,-,-,-,-,-,-,10 Rio Capim,44,"Área colhida (Hectares), Quantidade Produzida (Toneladas) e Valor (Mil Reais) da Produção por Tipo de Lavoura Temporária - 2024 ri rio capim",20,"Tabela 44 - Área colhida (Hectares), Quantidade Produzida (Toneladas) e Valor (Mil Reais) da Produção por Tipo de Lavoura Temporária - 2024 ri rio capim","..\..\Desktop\tabelas-powerBI\10 Rio Capim\Tabela 44 - Área colhida (Hectares), Quantidade Produzida (Toneladas) e Valor (Mil Reais) da Produção por Tipo de Lavoura Temporária - 2024 ri rio capim.xlsx",Rio Capim,477562,850.0
Bujaru,-,-,-,30,25,38,-,-,-,-,-,-,-,-,-,-,-,-,10 Rio Capim,44,"Área colhida (Hectares), Quantidade Produzida (Toneladas) e Valor (Mil Reais) da Produção por Tipo de Lavoura Temporária - 2024 ri rio capim",20,"Tabela 44 - Área colhida (Hectares), Quantidade Produzida (Toneladas) e Valor (Mil Reais) da Produção por Tipo de Lavoura Temporária - 2024 ri rio capim","..\..\Desktop\tabelas-powerBI\10 Rio Capim\Tabela 44 - Área colhida (Hectares), Quantidade Produzida (Toneladas) e Valor (Mil Reais) da Produção por Tipo de Lavoura Temporária - 2024 ri rio capim.xlsx",Rio Capim,477562,120.0
Capitão Poço,-,-,-,50,49,77,-,-,-,-,-,-,-,-,-,-,-,-,10 Rio Capim,44,"Área colhida (Hectares), Quantidade Produzida (Toneladas) e Valor (Mil Reais) da Produção por Tipo de Lavoura Temporária - 2024 ri rio capim",20,"Tabela 44 - Área colhida (Hectares), Quantidade Produzida (Toneladas) e Valor (Mil Reais) da Produção por Tipo de Lavoura Temporária - 2024 ri rio capim","..\..\Desktop\tabelas-powerBI\10 Rio Capim\Tabela 44 - Área colhida (Hectares), Quantidade Produzida (Toneladas) e Valor (Mil Reais) da Produção por Tipo de Lavoura Temporária - 2024 ri rio capim.xlsx",Rio Capim,477562,1500.0
Concórdia do Pará,100,3000,18000,30,20,40,-,-,-,-,-,-,-,-,-,-,-,-,10 Rio Capim,44,"Área colhida (Hectares), Quantidade Produzida (Toneladas) e Valor (Mil Reais) da Produção por Tipo de Lavoura Temporária - 2024 ri rio capim",20,"Tabela 44 - Área colhida (Hectares), Quantidade Produzida (Toneladas) e Valor (Mil Reais) da Produção por Tipo de Lavoura Temporária - 2024 ri rio capim","..\..\Desktop\tabelas-powerBI\10 Rio Capim\Tabela 44 - Área colhida (Hectares), Quantidade Produzida (Toneladas) e Valor (Mil Reais) da Produção por Tipo de Lavoura Temporária - 2024 ri rio capim.xlsx",Rio Capim,477562,100.0
Dom Eliseu,2,50,143,1500,3879,5819,-,-,-,8,172,344,160000,500800,992135,10,130,520,10 Rio Capim,44,"Área colhida (Hectares), Quantidade Produzida (Toneladas) e Valor (Mil Reais) da Produção por Tipo de Lavoura Temporária - 2024 ri rio capim",20,"Tabela 44 - Área colhida (Hectares), Quantidade Produzida (Toneladas) e Valor (Mil Reais) da Produção por Tipo de Lavoura Temporária - 2024 ri rio capim","..\..\Desktop\tabelas-powerBI\10 Rio Capim\Tabela 44 - Área colhida (Hectares), Quantidade Produzida (Toneladas) e Valor (Mil Reais) da Produção por Tipo de Lavoura Temporária - 2024 ri rio capim.xlsx",Rio Capim,477562,33000.0
Garrafão do Norte,-,-,-,12,12,14,-,-,-,-,-,-,-,-,-,-,-,-,10 Rio Capim,44,"Área colhida (Hectares), Quantidade Produzida (Toneladas) e Valor (Mil Reais) da Produção por Tipo de Lavoura Temporária - 2024 ri rio capim",20,"Tabela 44 - Área colhida (Hectares), Quantidade Produzida (Toneladas) e Valor (Mil Reais) da Produção por Tipo de Lavoura Temporária - 2024 ri rio capim","..\..\Desktop\tabelas-powerBI\10 Rio Capim\Tabela 44 - Área colhida (Hectares), Quantidade Produzida (Toneladas) e Valor (Mil Reais) da Produção por Tipo de Lavoura Temporária - 2024 ri rio capim.xlsx",Rio Capim,477562,800.0
Ipixuna do Pará,5,123,290,200,384,722,-,-,-,180,3960,7920,8000,25160,49595,-,-,-,10 Rio Capim,44,"Área colhida (Hectares), Quantidade Produzida (Toneladas) e Valor (Mil Reais) da Produção por Tipo de Lavoura Temporária - 2024 ri rio capim",20,"Tabela 44 - Área colhida (Hectares), Quantidade Produzida (Toneladas) e Valor (Mil Reais) da Produção por Tipo de Lavoura Temporária - 2024 ri rio capim","..\..\Desktop\tabelas-powerBI\10 Rio Capim\Tabela 44 - Área colhida (Hectares), Quantidade Produzida (Toneladas) e Valor (Mil Reais) da Produção por Tipo de Lavoura Temporária - 2024 ri rio capim.xlsx",Rio Capim,477562,4000.0
Irituia,30,750,1585,50,26,58,-,-,-,-,-,-,-,-,-,-,-,-,10 Rio Capim,44,"Área colhida (Hectares), Quantidade Produzida (Toneladas) e Valor (Mil Reais) da Produção por Tipo de Lavoura Temporária - 2024 ri rio capim",20,"Tabela 44 - Área colhida (Hectares), Quantidade Produzida (Toneladas) e Valor (Mil Reais) da Produção por Tipo de Lavoura Temporária - 2024 ri rio capim","..\..\Desktop\tabelas-powerBI\10 Rio Capim\Tabela 44 - Área colhida (Hectares), Quantidade Produzida (Toneladas) e Valor (Mil Reais) da Produção por Tipo de Lavoura Temporária - 2024 ri rio capim.xlsx",Rio Capim,477562,500.0
Mãe do Rio,-,-,-,-,-,-,-,-,-,15,330,453,-,-,-,-,-,-,10 Rio Capim,44,"Área colhida (Hectares), Quantidade Produzida (Toneladas) e Valor (Mil Reais) da Produção por Tipo de Lavoura Temporária - 2024 ri rio capim",20,"Tabela 44 - Área colhida (Hectares), Quantidade Produzida (Toneladas) e Valor (Mil Reais) da Produção por Tipo de Lavoura Temporária - 2024 ri rio capim","..\..\Desktop\tabelas-powerBI\10 Rio Capim\Tabela 44 - Área colhida (Hectares), Quantidade Produzida (Toneladas) e Valor (Mil Reais) da Produção por Tipo de Lavoura Temporária - 2024 ri rio capim.xlsx",Rio Capim,477562,600.0
Nova Esperança do Piriá,-,-,-,5,6,7,-,-,-,-,-,-,-,-,-,-,-,-,10 Rio Capim,44,"Área colhida (Hectares), Quantidade Produzida (Toneladas) e Valor (Mil Reais) da Produção por Tipo de Lavoura Temporária - 2024 ri rio capim",20,"Tabela 44 - Área colhida (Hectares), Quantidade Produzida (Toneladas) e Valor (Mil Reais) da Produção por Tipo de Lavoura Temporária - 2024 ri rio capim","..\..\Desktop\tabelas-powerBI\10 Rio Capim\Tabela 44 - Área colhida (Hectares), Quantidade Produzida (Toneladas) e Valor (Mil Reais) da Produção por Tipo de Lavoura Temporária - 2024 ri rio capim.xlsx",Rio Capim,477562,6000.0
Ourém,-,-,-,-,-,-,-,-,-,-,-,-,-,-,-,-,-,-,10 Rio Capim,44,"Área colhida (Hectares), Quantidade Produzida (Toneladas) e Valor (Mil Reais) da Produção por Tipo de Lavoura Temporária - 2024 ri rio capim",20,"Tabela 44 - Área colhida (Hectares), Quantidade Produzida (Toneladas) e Valor (Mil Reais) da Produção por Tipo de Lavoura Temporária - 2024 ri rio capim","..\..\Desktop\tabelas-powerBI\10 Rio Capim\Tabela 44 - Área colhida (Hectares), Quantidade Produzida (Toneladas) e Valor (Mil Reais) da Produção por Tipo de Lavoura Temporária - 2024 ri rio capim.xlsx",Rio Capim,477562,200.0
Paragominas,8,198,513,2900,7569,13624,-,-,-,10,214,449,270000,844560,1690133,-,-,-,10 Rio Capim,44,"Área colhida (Hectares), Quantidade Produzida (Toneladas) e Valor (Mil Reais) da Produção por Tipo de Lavoura Temporária - 2024 ri rio capim",20,"Tabela 44 - Área colhida (Hectares), Quantidade Produzida (Toneladas) e Valor (Mil Reais) da Produção por Tipo de Lavoura Temporária - 2024 ri rio capim","..\..\Desktop\tabelas-powerBI\10 Rio Capim\Tabela 44 - Área colhida (Hectares), Quantidade Produzida (Toneladas) e Valor (Mil Reais) da Produção por Tipo de Lavoura Temporária - 2024 ri rio capim.xlsx",Rio Capim,477562,37000.0
Rondon do Pará,8,200,400,-,-,-,-,-,-,18,409,695,73500,264600,561746,8,102,408,10 Rio Capim,44,"Área colhida (Hectares), Quantidade Produzida (Toneladas) e Valor (Mil Reais) da Produção por Tipo de Lavoura Temporária - 2024 ri rio capim",20,"Tabela 44 - Área colhida (Hectares), Quantidade Produzida (Toneladas) e Valor (Mil Reais) da Produção por Tipo de Lavoura Temporária - 2024 ri rio capim","..\..\Desktop\tabelas-powerBI\10 Rio Capim\Tabela 44 - Área colhida (Hectares), Quantidade Produzida (Toneladas) e Valor (Mil Reais) da Produção por Tipo de Lavoura Temporária - 2024 ri rio capim.xlsx",Rio Capim,477562,31000.0
Tomé-Açu,-,-,-,700,1050,2100,-,-,-,60,1332,2398,5000,18000,32400,-,-,-,10 Rio Capim,44,"Área colhida (Hectares), Quantidade Produzida (Toneladas) e Valor (Mil Reais) da Produção por Tipo de Lavoura Temporária - 2024 ri rio capim",20,"Tabela 44 - Área colhida (Hectares), Quantidade Produzida (Toneladas) e Valor (Mil Reais) da Produção por Tipo de Lavoura Temporária - 2024 ri rio capim","..\..\Desktop\tabelas-powerBI\10 Rio Capim\Tabela 44 - Área colhida (Hectares), Quantidade Produzida (Toneladas) e Valor (Mil Reais) da Produção por Tipo de Lavoura Temporária - 2024 ri rio capim.xlsx",Rio Capim,477562,500.0
Ulianópolis,15,363,1060,3300,8712,13939,17000,1190000,142800,100,2600,5200,75500,235560,477339,-,-,-,10 Rio Capim,44,"Área colhida (Hectares), Quantidade Produzida (Toneladas) e Valor (Mil Reais) da Produção por Tipo de Lavoura Temporária - 2024 ri rio capim",20,"Tabela 44 - Área colhida (Hectares), Quantidade Produzida (Toneladas) e Valor (Mil Reais) da Produção por Tipo de Lavoura Temporária - 2024 ri rio capim","..\..\Desktop\tabelas-powerBI\10 Rio Capim\Tabela 44 - Área colhida (Hectares), Quantidade Produzida (Toneladas) e Valor (Mil Reais) da Produção por Tipo de Lavoura Temporária - 2024 ri rio capim.xlsx",Rio Capim,477562,10700.0
Fonte: IBGE/PAM,,,,,,,,,,,,,,,,,,,10 Rio Capim,44,"Área colhida (Hectares), Quantidade Produzida (Toneladas) e Valor (Mil Reais) da Produção por Tipo de Lavoura Temporária - 2024 ri rio capim",20,"Tabela 44 - Área colhida (Hectares), Quantidade Produzida (Toneladas) e Valor (Mil Reais) da Produção por Tipo de Lavoura Temporária - 2024 ri rio capim","..\..\Desktop\tabelas-powerBI\10 Rio Capim\Tabela 44 - Área colhida (Hectares), Quantidade Produzida (Toneladas) e Valor (Mil Reais) da Produção por Tipo de Lavoura Temporária - 2024 ri rio capim.xlsx",Rio Capim,477562,
Elaboração: FAPESPA,,,,,,,,,,,,,,,,,,,10 Rio Capim,44,"Área colhida (Hectares), Quantidade Produzida (Toneladas) e Valor (Mil Reais) da Produção por Tipo de Lavoura Temporária - 2024 ri rio capim",20,"Tabela 44 - Área colhida (Hectares), Quantidade Produzida (Toneladas) e Valor (Mil Reais) da Produção por Tipo de Lavoura Temporária - 2024 ri rio capim","..\..\Desktop\tabelas-powerBI\10 Rio Capim\Tabela 44 - Área colhida (Hectares), Quantidade Produzida (Toneladas) e Valor (Mil Reais) da Produção por Tipo de Lavoura Temporária - 2024 ri rio capim.xlsx",Rio Capim,477562,
Nota: A quantidade produzida de abacaxi é expressa em mil frutos,,,,,,,,,,,,,,,,,,,10 Rio Capim,44,"Área colhida (Hectares), Quantidade Produzida (Toneladas) e Valor (Mil Reais) da Produção por Tipo de Lavoura Temporária - 2024 ri rio capim",20,"Tabela 44 - Área colhida (Hectares), Quantidade Produzida (Toneladas) e Valor (Mil Reais) da Produção por Tipo de Lavoura Temporária - 2024 ri rio capim","..\..\Desktop\tabelas-powerBI\10 Rio Capim\Tabela 44 - Área colhida (Hectares), Quantidade Produzida (Toneladas) e Valor (Mil Reais) da Produção por Tipo de Lavoura Temporária - 2024 ri rio capim.xlsx",Rio Capim,477562,
RI Rio Capim,172,4791,22222,8812,21820,36619,17011,1190618,143109,423,9717,18401,596321,1903804,3836107,18,232,928,10 Rio Capim,44,"Área colhida (Hectares), Quantidade Produzida (Toneladas) e Valor (Mil Reais) da Produção por Tipo de Lavoura Temporária - 2024 ri rio capim",20,"Tabela 44 - Área colhida (Hectares), Quantidade Produzida (Toneladas) e Valor (Mil Reais) da Produção por Tipo de Lavoura Temporária - 2024 ri rio capim","..\..\Desktop\tabelas-powerBI\10 Rio Capim\Tabela 44 - Área colhida (Hectares), Quantidade Produzida (Toneladas) e Valor (Mil Reais) da Produção por Tipo de Lavoura Temporária - 2024 ri rio capim.xlsx",Rio Capim,1759249,477386.0
Abel Figueiredo,-,-,-,-,-,-,11,618,309,2,40,56,4321,15124,32759,-,-,-,10 Rio Capim,44,"Área colhida (Hectares), Quantidade Produzida (Toneladas) e Valor (Mil Reais) da Produção por Tipo de Lavoura Temporária - 2024 ri rio capim",20,"Tabela 44 - Área colhida (Hectares), Quantidade Produzida (Toneladas) e Valor (Mil Reais) da Produção por Tipo de Lavoura Temporária - 2024 ri rio capim","..\..\Desktop\tabelas-powerBI\10 Rio Capim\Tabela 44 - Área colhida (Hectares), Quantidade Produzida (Toneladas) e Valor (Mil Reais) da Produção por Tipo de Lavoura Temporária - 2024 ri rio capim.xlsx",Rio Capim,1759249,10800.0
Aurora do Pará,4,107,231,35,88,181,-,-,-,30,660,886,-,-,-,-,-,-,10 Rio Capim,44,"Área colhida (Hectares), Quantidade Produzida (Toneladas) e Valor (Mil Reais) da Produção por Tipo de Lavoura Temporária - 2024 ri rio capim",20,"Tabela 44 - Área colhida (Hectares), Quantidade Produzida (Toneladas) e Valor (Mil Reais) da Produção por Tipo de Lavoura Temporária - 2024 ri rio capim","..\..\Desktop\tabelas-powerBI\10 Rio Capim\Tabela 44 - Área colhida (Hectares), Quantidade Produzida (Toneladas) e Valor (Mil Reais) da Produção por Tipo de Lavoura Temporária - 2024 ri rio capim.xlsx",Rio Capim,1759249,2751.0
Bujaru,-,-,-,30,25,38,-,-,-,-,-,-,-,-,-,-,-,-,10 Rio Capim,44,"Área colhida (Hectares), Quantidade Produzida (Toneladas) e Valor (Mil Reais) da Produção por Tipo de Lavoura Temporária - 2024 ri rio capim",20,"Tabela 44 - Área colhida (Hectares), Quantidade Produzida (Toneladas) e Valor (Mil Reais) da Produção por Tipo de Lavoura Temporária - 2024 ri rio capim","..\..\Desktop\tabelas-powerBI\10 Rio Capim\Tabela 44 - Área colhida (Hectares), Quantidade Produzida (Toneladas) e Valor (Mil Reais) da Produção por Tipo de Lavoura Temporária - 2024 ri rio capim.xlsx",Rio Capim,1759249,84.0
Capitão Poço,-,-,-,50,49,77,-,-,-,-,-,-,-,-,-,-,-,-,10 Rio Capim,44,"Área colhida (Hectares), Quantidade Produzida (Toneladas) e Valor (Mil Reais) da Produção por Tipo de Lavoura Temporária - 2024 ri rio capim",20,"Tabela 44 - Área colhida (Hectares), Quantidade Produzida (Toneladas) e Valor (Mil Reais) da Produção por Tipo de Lavoura Temporária - 2024 ri rio capim","..\..\Desktop\tabelas-powerBI\10 Rio Capim\Tabela 44 - Área colhida (Hectares), Quantidade Produzida (Toneladas) e Valor (Mil Reais) da Produção por Tipo de Lavoura Temporária - 2024 ri rio capim.xlsx",Rio Capim,1759249,3201.0
Concórdia do Pará,100,3000,18000,30,20,40,-,-,-,-,-,-,-,-,-,-,-,-,10 Rio Capim,44,"Área colhida (Hectares), Quantidade Produzida (Toneladas) e Valor (Mil Reais) da Produção por Tipo de Lavoura Temporária - 2024 ri rio capim",20,"Tabela 44 - Área colhida (Hectares), Quantidade Produzida (Toneladas) e Valor (Mil Reais) da Produção por Tipo de Lavoura Temporária - 2024 ri rio capim","..\..\Desktop\tabelas-powerBI\10 Rio Capim\Tabela 44 - Área colhida (Hectares), Quantidade Produzida (Toneladas) e Valor (Mil Reais) da Produção por Tipo de Lavoura Temporária - 2024 ri rio capim.xlsx",Rio Capim,1759249,77.0
Dom Eliseu,2,50,143,1500,3879,5819,-,-,-,8,172,344,160000,500800,992135,10,130,520,10 Rio Capim,44,"Área colhida (Hectares), Quantidade Produzida (Toneladas) e Valor (Mil Reais) da Produção por Tipo de Lavoura Temporária - 2024 ri rio capim",20,"Tabela 44 - Área colhida (Hectares), Quantidade Produzida (Toneladas) e Valor (Mil Reais) da Produção por Tipo de Lavoura Temporária - 2024 ri rio capim","..\..\Desktop\tabelas-powerBI\10 Rio Capim\Tabela 44 - Área colhida (Hectares), Quantidade Produzida (Toneladas) e Valor (Mil Reais) da Produção por Tipo de Lavoura Temporária - 2024 ri rio capim.xlsx",Rio Capim,1759249,106900.0
Garrafão do Norte,-,-,-,12,12,14,-,-,-,-,-,-,-,-,-,-,-,-,10 Rio Capim,44,"Área colhida (Hectares), Quantidade Produzida (Toneladas) e Valor (Mil Reais) da Produção por Tipo de Lavoura Temporária - 2024 ri rio capim",20,"Tabela 44 - Área colhida (Hectares), Quantidade Produzida (Toneladas) e Valor (Mil Reais) da Produção por Tipo de Lavoura Temporária - 2024 ri rio capim","..\..\Desktop\tabelas-powerBI\10 Rio Capim\Tabela 44 - Área colhida (Hectares), Quantidade Produzida (Toneladas) e Valor (Mil Reais) da Produção por Tipo de Lavoura Temporária - 2024 ri rio capim.xlsx",Rio Capim,1759249,800.0
Ipixuna do Pará,5,123,290,200,384,722,-,-,-,180,3960,7920,8000,25160,49595,-,-,-,10 Rio Capim,44,"Área colhida (Hectares), Quantidade Produzida (Toneladas) e Valor (Mil Reais) da Produção por Tipo de Lavoura Temporária - 2024 ri rio capim",20,"Tabela 44 - Área colhida (Hectares), Quantidade Produzida (Toneladas) e Valor (Mil Reais) da Produção por Tipo de Lavoura Temporária - 2024 ri rio capim","..\..\Desktop\tabelas-powerBI\10 Rio Capim\Tabela 44 - Área colhida (Hectares), Quantidade Produzida (Toneladas) e Valor (Mil Reais) da Produção por Tipo de Lavoura Temporária - 2024 ri rio capim.xlsx",Rio Capim,1759249,10080.0
Irituia,30,750,1585,50,26,58,-,-,-,-,-,-,-,-,-,-,-,-,10 Rio Capim,44,"Área colhida (Hectares), Quantidade Produzida (Toneladas) e Valor (Mil Reais) da Produção por Tipo de Lavoura Temporária - 2024 ri rio capim",20,"Tabela 44 - Área colhida (Hectares), Quantidade Produzida (Toneladas) e Valor (Mil Reais) da Produção por Tipo de Lavoura Temporária - 2024 ri rio capim","..\..\Desktop\tabelas-powerBI\10 Rio Capim\Tabela 44 - Área colhida (Hectares), Quantidade Produzida (Toneladas) e Valor (Mil Reais) da Produção por Tipo de Lavoura Temporária - 2024 ri rio capim.xlsx",Rio Capim,1759249,350.0
Mãe do Rio,-,-,-,-,-,-,-,-,-,15,330,453,-,-,-,-,-,-,10 Rio Capim,44,"Área colhida (Hectares), Quantidade Produzida (Toneladas) e Valor (Mil Reais) da Produção por Tipo de Lavoura Temporária - 2024 ri rio capim",20,"Tabela 44 - Área colhida (Hectares), Quantidade Produzida (Toneladas) e Valor (Mil Reais) da Produção por Tipo de Lavoura Temporária - 2024 ri rio capim","..\..\Desktop\tabelas-powerBI\10 Rio Capim\Tabela 44 - Área colhida (Hectares), Quantidade Produzida (Toneladas) e Valor (Mil Reais) da Produção por Tipo de Lavoura Temporária - 2024 ri rio capim.xlsx",Rio Capim,1759249,1559.0
Nova Esperança do Piriá,-,-,-,5,6,7,-,-,-,-,-,-,-,-,-,-,-,-,10 Rio Capim,44,"Área colhida (Hectares), Quantidade Produzida (Toneladas) e Valor (Mil Reais) da Produção por Tipo de Lavoura Temporária - 2024 ri rio capim",20,"Tabela 44 - Área colhida (Hectares), Quantidade Produzida (Toneladas) e Valor (Mil Reais) da Produção por Tipo de Lavoura Temporária - 2024 ri rio capim","..\..\Desktop\tabelas-powerBI\10 Rio Capim\Tabela 44 - Área colhida (Hectares), Quantidade Produzida (Toneladas) e Valor (Mil Reais) da Produção por Tipo de Lavoura Temporária - 2024 ri rio capim.xlsx",Rio Capim,1759249,10482.0
Ourém,-,-,-,-,-,-,-,-,-,-,-,-,-,-,-,-,-,-,10 Rio Capim,44,"Área colhida (Hectares), Quantidade Produzida (Toneladas) e Valor (Mil Reais) da Produção por Tipo de Lavoura Temporária - 2024 ri rio capim",20,"Tabela 44 - Área colhida (Hectares), Quantidade Produzida (Toneladas) e Valor (Mil Reais) da Produção por Tipo de Lavoura Temporária - 2024 ri rio capim","..\..\Desktop\tabelas-powerBI\10 Rio Capim\Tabela 44 - Área colhida (Hectares), Quantidade Produzida (Toneladas) e Valor (Mil Reais) da Produção por Tipo de Lavoura Temporária - 2024 ri rio capim.xlsx",Rio Capim,1759249,120.0
Paragominas,8,198,513,2900,7569,13624,-,-,-,10,214,449,270000,844560,1690133,-,-,-,10 Rio Capim,44,"Área colhida (Hectares), Quantidade Produzida (Toneladas) e Valor (Mil Reais) da Produção por Tipo de Lavoura Temporária - 2024 ri rio capim",20,"Tabela 44 - Área colhida (Hectares), Quantidade Produzida (Toneladas) e Valor (Mil Reais) da Produção por Tipo de Lavoura Temporária - 2024 ri rio capim","..\..\Desktop\tabelas-powerBI\10 Rio Capim\Tabela 44 - Área colhida (Hectares), Quantidade Produzida (Toneladas) e Valor (Mil Reais) da Produção por Tipo de Lavoura Temporária - 2024 ri rio capim.xlsx",Rio Capim,1759249,108150.0
Rondon do Pará,8,200,400,-,-,-,-,-,-,18,409,695,73500,264600,561746,8,102,408,10 Rio Capim,44,"Área colhida (Hectares), Quantidade Produzida (Toneladas) e Valor (Mil Reais) da Produção por Tipo de Lavoura Temporária - 2024 ri rio capim",20,"Tabela 44 - Área colhida (Hectares), Quantidade Produzida (Toneladas) e Valor (Mil Reais) da Produção por Tipo de Lavoura Temporária - 2024 ri rio capim","..\..\Desktop\tabelas-powerBI\10 Rio Capim\Tabela 44 - Área colhida (Hectares), Quantidade Produzida (Toneladas) e Valor (Mil Reais) da Produção por Tipo de Lavoura Temporária - 2024 ri rio capim.xlsx",Rio Capim,1759249,186000.0
Tomé-Açu,-,-,-,700,1050,2100,-,-,-,60,1332,2398,5000,18000,32400,-,-,-,10 Rio Capim,44,"Área colhida (Hectares), Quantidade Produzida (Toneladas) e Valor (Mil Reais) da Produção por Tipo de Lavoura Temporária - 2024 ri rio capim",20,"Tabela 44 - Área colhida (Hectares), Quantidade Produzida (Toneladas) e Valor (Mil Reais) da Produção por Tipo de Lavoura Temporária - 2024 ri rio capim","..\..\Desktop\tabelas-powerBI\10 Rio Capim\Tabela 44 - Área colhida (Hectares), Quantidade Produzida (Toneladas) e Valor (Mil Reais) da Produção por Tipo de Lavoura Temporária - 2024 ri rio capim.xlsx",Rio Capim,1759249,1225.0
Ulianópolis,15,363,1060,3300,8712,13939,17000,1190000,142800,100,2600,5200,75500,235560,477339,-,-,-,10 Rio Capim,44,"Área colhida (Hectares), Quantidade Produzida (Toneladas) e Valor (Mil Reais) da Produção por Tipo de Lavoura Temporária - 2024 ri rio capim",20,"Tabela 44 - Área colhida (Hectares), Quantidade Produzida (Toneladas) e Valor (Mil Reais) da Produção por Tipo de Lavoura Temporária - 2024 ri rio capim","..\..\Desktop\tabelas-powerBI\10 Rio Capim\Tabela 44 - Área colhida (Hectares), Quantidade Produzida (Toneladas) e Valor (Mil Reais) da Produção por Tipo de Lavoura Temporária - 2024 ri rio capim.xlsx",Rio Capim,1759249,34807.0
Fonte: IBGE/PAM,,,,,,,,,,,,,,,,,,,10 Rio Capim,44,"Área colhida (Hectares), Quantidade Produzida (Toneladas) e Valor (Mil Reais) da Produção por Tipo de Lavoura Temporária - 2024 ri rio capim",20,"Tabela 44 - Área colhida (Hectares), Quantidade Produzida (Toneladas) e Valor (Mil Reais) da Produção por Tipo de Lavoura Temporária - 2024 ri rio capim","..\..\Desktop\tabelas-powerBI\10 Rio Capim\Tabela 44 - Área colhida (Hectares), Quantidade Produzida (Toneladas) e Valor (Mil Reais) da Produção por Tipo de Lavoura Temporária - 2024 ri rio capim.xlsx",Rio Capim,1759249,
Elaboração: FAPESPA,,,,,,,,,,,,,,,,,,,10 Rio Capim,44,"Área colhida (Hectares), Quantidade Produzida (Toneladas) e Valor (Mil Reais) da Produção por Tipo de Lavoura Temporária - 2024 ri rio capim",20,"Tabela 44 - Área colhida (Hectares), Quantidade Produzida (Toneladas) e Valor (Mil Reais) da Produção por Tipo de Lavoura Temporária - 2024 ri rio capim","..\..\Desktop\tabelas-powerBI\10 Rio Capim\Tabela 44 - Área colhida (Hectares), Quantidade Produzida (Toneladas) e Valor (Mil Reais) da Produção por Tipo de Lavoura Temporária - 2024 ri rio capim.xlsx",Rio Capim,1759249,
Nota: A quantidade produzida de abacaxi é expressa em mil frutos,,,,,,,,,,,,,,,,,,,10 Rio Capim,44,"Área colhida (Hectares), Quantidade Produzida (Toneladas) e Valor (Mil Reais) da Produção por Tipo de Lavoura Temporária - 2024 ri rio capim",20,"Tabela 44 - Área colhida (Hectares), Quantidade Produzida (Toneladas) e Valor (Mil Reais) da Produção por Tipo de Lavoura Temporária - 2024 ri rio capim","..\..\Desktop\tabelas-powerBI\10 Rio Capim\Tabela 44 - Área colhida (Hectares), Quantidade Produzida (Toneladas) e Valor (Mil Reais) da Produção por Tipo de Lavoura Temporária - 2024 ri rio capim.xlsx",Rio Capim,1759249,
RI Rio Capim,172,4791,22222,8812,21820,36619,17011,1190618,143109,423,9717,18401,596321,1903804,3836107,18,232,928,10 Rio Capim,44,"Área colhida (Hectares), Quantidade Produzida (Toneladas) e Valor (Mil Reais) da Produção por Tipo de Lavoura Temporária - 2024 ri rio capim",20,"Tabela 44 - Área colhida (Hectares), Quantidade Produzida (Toneladas) e Valor (Mil Reais) da Produção por Tipo de Lavoura Temporária - 2024 ri rio capim","..\..\Desktop\tabelas-powerBI\10 Rio Capim\Tabela 44 - Área colhida (Hectares), Quantidade Produzida (Toneladas) e Valor (Mil Reais) da Produção por Tipo de Lavoura Temporária - 2024 ri rio capim.xlsx",Rio Capim,1562172,449154.0
Abel Figueiredo,-,-,-,-,-,-,11,618,309,2,40,56,4321,15124,32759,-,-,-,10 Rio Capim,44,"Área colhida (Hectares), Quantidade Produzida (Toneladas) e Valor (Mil Reais) da Produção por Tipo de Lavoura Temporária - 2024 ri rio capim",20,"Tabela 44 - Área colhida (Hectares), Quantidade Produzida (Toneladas) e Valor (Mil Reais) da Produção por Tipo de Lavoura Temporária - 2024 ri rio capim","..\..\Desktop\tabelas-powerBI\10 Rio Capim\Tabela 44 - Área colhida (Hectares), Quantidade Produzida (Toneladas) e Valor (Mil Reais) da Produção por Tipo de Lavoura Temporária - 2024 ri rio capim.xlsx",Rio Capim,1562172,10800.0
Aurora do Pará,4,107,231,35,88,181,-,-,-,30,660,886,-,-,-,-,-,-,10 Rio Capim,44,"Área colhida (Hectares), Quantidade Produzida (Toneladas) e Valor (Mil Reais) da Produção por Tipo de Lavoura Temporária - 2024 ri rio capim",20,"Tabela 44 - Área colhida (Hectares), Quantidade Produzida (Toneladas) e Valor (Mil Reais) da Produção por Tipo de Lavoura Temporária - 2024 ri rio capim","..\..\Desktop\tabelas-powerBI\10 Rio Capim\Tabela 44 - Área colhida (Hectares), Quantidade Produzida (Toneladas) e Valor (Mil Reais) da Produção por Tipo de Lavoura Temporária - 2024 ri rio capim.xlsx",Rio Capim,1562172,4151.0
Bujaru,-,-,-,30,25,38,-,-,-,-,-,-,-,-,-,-,-,-,10 Rio Capim,44,"Área colhida (Hectares), Quantidade Produzida (Toneladas) e Valor (Mil Reais) da Produção por Tipo de Lavoura Temporária - 2024 ri rio capim",20,"Tabela 44 - Área colhida (Hectares), Quantidade Produzida (Toneladas) e Valor (Mil Reais) da Produção por Tipo de Lavoura Temporária - 2024 ri rio capim","..\..\Desktop\tabelas-powerBI\10 Rio Capim\Tabela 44 - Área colhida (Hectares), Quantidade Produzida (Toneladas) e Valor (Mil Reais) da Produção por Tipo de Lavoura Temporária - 2024 ri rio capim.xlsx",Rio Capim,1562172,84.0
Capitão Poço,-,-,-,50,49,77,-,-,-,-,-,-,-,-,-,-,-,-,10 Rio Capim,44,"Área colhida (Hectares), Quantidade Produzida (Toneladas) e Valor (Mil Reais) da Produção por Tipo de Lavoura Temporária - 2024 ri rio capim",20,"Tabela 44 - Área colhida (Hectares), Quantidade Produzida (Toneladas) e Valor (Mil Reais) da Produção por Tipo de Lavoura Temporária - 2024 ri rio capim","..\..\Desktop\tabelas-powerBI\10 Rio Capim\Tabela 44 - Área colhida (Hectares), Quantidade Produzida (Toneladas) e Valor (Mil Reais) da Produção por Tipo de Lavoura Temporária - 2024 ri rio capim.xlsx",Rio Capim,1562172,4033.0
Concórdia do Pará,100,3000,18000,30,20,40,-,-,-,-,-,-,-,-,-,-,-,-,10 Rio Capim,44,"Área colhida (Hectares), Quantidade Produzida (Toneladas) e Valor (Mil Reais) da Produção por Tipo de Lavoura Temporária - 2024 ri rio capim",20,"Tabela 44 - Área colhida (Hectares), Quantidade Produzida (Toneladas) e Valor (Mil Reais) da Produção por Tipo de Lavoura Temporária - 2024 ri rio capim","..\..\Desktop\tabelas-powerBI\10 Rio Capim\Tabela 44 - Área colhida (Hectares), Quantidade Produzida (Toneladas) e Valor (Mil Reais) da Produção por Tipo de Lavoura Temporária - 2024 ri rio capim.xlsx",Rio Capim,1562172,77.0
Dom Eliseu,2,50,143,1500,3879,5819,-,-,-,8,172,344,160000,500800,992135,10,130,520,10 Rio Capim,44,"Área colhida (Hectares), Quantidade Produzida (Toneladas) e Valor (Mil Reais) da Produção por Tipo de Lavoura Temporária - 2024 ri rio capim",20,"Tabela 44 - Área colhida (Hectares), Quantidade Produzida (Toneladas) e Valor (Mil Reais) da Produção por Tipo de Lavoura Temporária - 2024 ri rio capim","..\..\Desktop\tabelas-powerBI\10 Rio Capim\Tabela 44 - Área colhida (Hectares), Quantidade Produzida (Toneladas) e Valor (Mil Reais) da Produção por Tipo de Lavoura Temporária - 2024 ri rio capim.xlsx",Rio Capim,1562172,93911.0
Garrafão do Norte,-,-,-,12,12,14,-,-,-,-,-,-,-,-,-,-,-,-,10 Rio Capim,44,"Área colhida (Hectares), Quantidade Produzida (Toneladas) e Valor (Mil Reais) da Produção por Tipo de Lavoura Temporária - 2024 ri rio capim",20,"Tabela 44 - Área colhida (Hectares), Quantidade Produzida (Toneladas) e Valor (Mil Reais) da Produção por Tipo de Lavoura Temporária - 2024 ri rio capim","..\..\Desktop\tabelas-powerBI\10 Rio Capim\Tabela 44 - Área colhida (Hectares), Quantidade Produzida (Toneladas) e Valor (Mil Reais) da Produção por Tipo de Lavoura Temporária - 2024 ri rio capim.xlsx",Rio Capim,1562172,960.0
Ipixuna do Pará,5,123,290,200,384,722,-,-,-,180,3960,7920,8000,25160,49595,-,-,-,10 Rio Capim,44,"Área colhida (Hectares), Quantidade Produzida (Toneladas) e Valor (Mil Reais) da Produção por Tipo de Lavoura Temporária - 2024 ri rio capim",20,"Tabela 44 - Área colhida (Hectares), Quantidade Produzida (Toneladas) e Valor (Mil Reais) da Produção por Tipo de Lavoura Temporária - 2024 ri rio capim","..\..\Desktop\tabelas-powerBI\10 Rio Capim\Tabela 44 - Área colhida (Hectares), Quantidade Produzida (Toneladas) e Valor (Mil Reais) da Produção por Tipo de Lavoura Temporária - 2024 ri rio capim.xlsx",Rio Capim,1562172,8532.0
Irituia,30,750,1585,50,26,58,-,-,-,-,-,-,-,-,-,-,-,-,10 Rio Capim,44,"Área colhida (Hectares), Quantidade Produzida (Toneladas) e Valor (Mil Reais) da Produção por Tipo de Lavoura Temporária - 2024 ri rio capim",20,"Tabela 44 - Área colhida (Hectares), Quantidade Produzida (Toneladas) e Valor (Mil Reais) da Produção por Tipo de Lavoura Temporária - 2024 ri rio capim","..\..\Desktop\tabelas-powerBI\10 Rio Capim\Tabela 44 - Área colhida (Hectares), Quantidade Produzida (Toneladas) e Valor (Mil Reais) da Produção por Tipo de Lavoura Temporária - 2024 ri rio capim.xlsx",Rio Capim,1562172,531.0
Mãe do Rio,-,-,-,-,-,-,-,-,-,15,330,453,-,-,-,-,-,-,10 Rio Capim,44,"Área colhida (Hectares), Quantidade Produzida (Toneladas) e Valor (Mil Reais) da Produção por Tipo de Lavoura Temporária - 2024 ri rio capim",20,"Tabela 44 - Área colhida (Hectares), Quantidade Produzida (Toneladas) e Valor (Mil Reais) da Produção por Tipo de Lavoura Temporária - 2024 ri rio capim","..\..\Desktop\tabelas-powerBI\10 Rio Capim\Tabela 44 - Área colhida (Hectares), Quantidade Produzida (Toneladas) e Valor (Mil Reais) da Produção por Tipo de Lavoura Temporária - 2024 ri rio capim.xlsx",Rio Capim,1562172,2243.0
Nova Esperança do Piriá,-,-,-,5,6,7,-,-,-,-,-,-,-,-,-,-,-,-,10 Rio Capim,44,"Área colhida (Hectares), Quantidade Produzida (Toneladas) e Valor (Mil Reais) da Produção por Tipo de Lavoura Temporária - 2024 ri rio capim",20,"Tabela 44 - Área colhida (Hectares), Quantidade Produzida (Toneladas) e Valor (Mil Reais) da Produção por Tipo de Lavoura Temporária - 2024 ri rio capim","..\..\Desktop\tabelas-powerBI\10 Rio Capim\Tabela 44 - Área colhida (Hectares), Quantidade Produzida (Toneladas) e Valor (Mil Reais) da Produção por Tipo de Lavoura Temporária - 2024 ri rio capim.xlsx",Rio Capim,1562172,11530.0
Ourém,-,-,-,-,-,-,-,-,-,-,-,-,-,-,-,-,-,-,10 Rio Capim,44,"Área colhida (Hectares), Quantidade Produzida (Toneladas) e Valor (Mil Reais) da Produção por Tipo de Lavoura Temporária - 2024 ri rio capim",20,"Tabela 44 - Área colhida (Hectares), Quantidade Produzida (Toneladas) e Valor (Mil Reais) da Produção por Tipo de Lavoura Temporária - 2024 ri rio capim","..\..\Desktop\tabelas-powerBI\10 Rio Capim\Tabela 44 - Área colhida (Hectares), Quantidade Produzida (Toneladas) e Valor (Mil Reais) da Produção por Tipo de Lavoura Temporária - 2024 ri rio capim.xlsx",Rio Capim,1562172,211.0
Paragominas,8,198,513,2900,7569,13624,-,-,-,10,214,449,270000,844560,1690133,-,-,-,10 Rio Capim,44,"Área colhida (Hectares), Quantidade Produzida (Toneladas) e Valor (Mil Reais) da Produção por Tipo de Lavoura Temporária - 2024 ri rio capim",20,"Tabela 44 - Área colhida (Hectares), Quantidade Produzida (Toneladas) e Valor (Mil Reais) da Produção por Tipo de Lavoura Temporária - 2024 ri rio capim","..\..\Desktop\tabelas-powerBI\10 Rio Capim\Tabela 44 - Área colhida (Hectares), Quantidade Produzida (Toneladas) e Valor (Mil Reais) da Produção por Tipo de Lavoura Temporária - 2024 ri rio capim.xlsx",Rio Capim,1562172,95140.0
Rondon do Pará,8,200,400,-,-,-,-,-,-,18,409,695,73500,264600,561746,8,102,408,10 Rio Capim,44,"Área colhida (Hectares), Quantidade Produzida (Toneladas) e Valor (Mil Reais) da Produção por Tipo de Lavoura Temporária - 2024 ri rio capim",20,"Tabela 44 - Área colhida (Hectares), Quantidade Produzida (Toneladas) e Valor (Mil Reais) da Produção por Tipo de Lavoura Temporária - 2024 ri rio capim","..\..\Desktop\tabelas-powerBI\10 Rio Capim\Tabela 44 - Área colhida (Hectares), Quantidade Produzida (Toneladas) e Valor (Mil Reais) da Produção por Tipo de Lavoura Temporária - 2024 ri rio capim.xlsx",Rio Capim,1562172,186000.0
Tomé-Açu,-,-,-,700,1050,2100,-,-,-,60,1332,2398,5000,18000,32400,-,-,-,10 Rio Capim,44,"Área colhida (Hectares), Quantidade Produzida (Toneladas) e Valor (Mil Reais) da Produção por Tipo de Lavoura Temporária - 2024 ri rio capim",20,"Tabela 44 - Área colhida (Hectares), Quantidade Produzida (Toneladas) e Valor (Mil Reais) da Produção por Tipo de Lavoura Temporária - 2024 ri rio capim","..\..\Desktop\tabelas-powerBI\10 Rio Capim\Tabela 44 - Área colhida (Hectares), Quantidade Produzida (Toneladas) e Valor (Mil Reais) da Produção por Tipo de Lavoura Temporária - 2024 ri rio capim.xlsx",Rio Capim,1562172,1838.0
Ulianópolis,15,363,1060,3300,8712,13939,17000,1190000,142800,100,2600,5200,75500,235560,477339,-,-,-,10 Rio Capim,44,"Área colhida (Hectares), Quantidade Produzida (Toneladas) e Valor (Mil Reais) da Produção por Tipo de Lavoura Temporária - 2024 ri rio capim",20,"Tabela 44 - Área colhida (Hectares), Quantidade Produzida (Toneladas) e Valor (Mil Reais) da Produção por Tipo de Lavoura Temporária - 2024 ri rio capim","..\..\Desktop\tabelas-powerBI\10 Rio Capim\Tabela 44 - Área colhida (Hectares), Quantidade Produzida (Toneladas) e Valor (Mil Reais) da Produção por Tipo de Lavoura Temporária - 2024 ri rio capim.xlsx",Rio Capim,1562172,29113.0
Fonte: IBGE/PAM,,,,,,,,,,,,,,,,,,,10 Rio Capim,44,"Área colhida (Hectares), Quantidade Produzida (Toneladas) e Valor (Mil Reais) da Produção por Tipo de Lavoura Temporária - 2024 ri rio capim",20,"Tabela 44 - Área colhida (Hectares), Quantidade Produzida (Toneladas) e Valor (Mil Reais) da Produção por Tipo de Lavoura Temporária - 2024 ri rio capim","..\..\Desktop\tabelas-powerBI\10 Rio Capim\Tabela 44 - Área colhida (Hectares), Quantidade Produzida (Toneladas) e Valor (Mil Reais) da Produção por Tipo de Lavoura Temporária - 2024 ri rio capim.xlsx",Rio Capim,1562172,
Elaboração: FAPESPA,,,,,,,,,,,,,,,,,,,10 Rio Capim,44,"Área colhida (Hectares), Quantidade Produzida (Toneladas) e Valor (Mil Reais) da Produção por Tipo de Lavoura Temporária - 2024 ri rio capim",20,"Tabela 44 - Área colhida (Hectares), Quantidade Produzida (Toneladas) e Valor (Mil Reais) da Produção por Tipo de Lavoura Temporária - 2024 ri rio capim","..\..\Desktop\tabelas-powerBI\10 Rio Capim\Tabela 44 - Área colhida (Hectares), Quantidade Produzida (Toneladas) e Valor (Mil Reais) da Produção por Tipo de Lavoura Temporária - 2024 ri rio capim.xlsx",Rio Capim,1562172,
Nota: A quantidade produzida de abacaxi é expressa em mil frutos,,,,,,,,,,,,,,,,,,,10 Rio Capim,44,"Área colhida (Hectares), Quantidade Produzida (Toneladas) e Valor (Mil Reais) da Produção por Tipo de Lavoura Temporária - 2024 ri rio capim",20,"Tabela 44 - Área colhida (Hectares), Quantidade Produzida (Toneladas) e Valor (Mil Reais) da Produção por Tipo de Lavoura Temporária - 2024 ri rio capim","..\..\Desktop\tabelas-powerBI\10 Rio Capim\Tabela 44 - Área colhida (Hectares), Quantidade Produzida (Toneladas) e Valor (Mil Reais) da Produção por Tipo de Lavoura Temporária - 2024 ri rio capim.xlsx",Rio Capim,1562172,
