Par,regiao,tabela_num,titulo,ano,arquivo,arquivo_path,aba,variavel,valor
Araguaia,1 Pará,43,"Área colhida (Hectares), Quantidade Produzida (Toneladas) e Valor (Mil Reais) da Produção por Tipo de Lavoura Permanente - 2024 para",20,"Tabela 43 - Área colhida (Hectares), Quantidade Produzida (Toneladas) e Valor (Mil Reais) da Produção por Tipo de Lavoura Permanente - 2024 para","..\..\Desktop\tabelas-powerBI\1 Pará\Tabela 43 - Área colhida (Hectares), Quantidade Produzida (Toneladas) e Valor (Mil Reais) da Produção por Tipo de Lavoura Permanente - 2024 para.xlsx",RIS,36906,2591.0
Baixo Amazonas,1 Pará,43,"Área colhida (Hectares), Quantidade Produzida (Toneladas) e Valor (Mil Reais) da Produção por Tipo de Lavoura Permanente - 2024 para",20,"Tabela 43 - Área colhida (Hectares), Quantidade Produzida (Toneladas) e Valor (Mil Reais) da Produção por Tipo de Lavoura Permanente - 2024 para","..\..\Desktop\tabelas-powerBI\1 Pará\Tabela 43 - Área colhida (Hectares), Quantidade Produzida (Toneladas) e Valor (Mil Reais) da Produção por Tipo de Lavoura Permanente - 2024 para.xlsx",RIS,36906,1626.0
Carajás,1 Pará,43,"Área colhida (Hectares), Quantidade Produzida (Toneladas) e Valor (Mil Reais) da Produção por Tipo de Lavoura Permanente - 2024 para",20,"Tabela 43 - Área colhida (Hectares), Quantidade Produzida (Toneladas) e Valor (Mil Reais) da Produção por Tipo de Lavoura Permanente - 2024 para","..\..\Desktop\tabelas-powerBI\1 Pará\Tabela 43 - Área colhida (Hectares), Quantidade Produzida (Toneladas) e Valor (Mil Reais) da Produção por Tipo de Lavoura Permanente - 2024 para.xlsx",RIS,36906,3590.0
Guajará,1 Pará,43,"Área colhida (Hectares), Quantidade Produzida (Toneladas) e Valor (Mil Reais) da Produção por Tipo de Lavoura Permanente - 2024 para",20,"Tabela 43 - Área colhida (Hectares), Quantidade Produzida (Toneladas) e Valor (Mil Reais) da Produção por Tipo de Lavoura Permanente - 2024 para","..\..\Desktop\tabelas-powerBI\1 Pará\Tabela 43 - Área colhida (Hectares), Quantidade Produzida (Toneladas) e Valor (Mil Reais) da Produção por Tipo de Lavoura Permanente - 2024 para.xlsx",RIS,36906,46.0
Guamá,1 Pará,43,"Área colhida (Hectares), Quantidade Produzida (Toneladas) e Valor (Mil Reais) da Produção por Tipo de Lavoura Permanente - 2024 para",20,"Tabela 43 - Área colhida (Hectares), Quantidade Produzida (Toneladas) e Valor (Mil Reais) da Produção por Tipo de Lavoura Permanente - 2024 para","..\..\Desktop\tabelas-powerBI\1 Pará\Tabela 43 - Área colhida (Hectares), Quantidade Produzida (Toneladas) e Valor (Mil Reais) da Produção por Tipo de Lavoura Permanente - 2024 para.xlsx",RIS,36906,964.0
Lago de Tucuruí,1 Pará,43,"Área colhida (Hectares), Quantidade Produzida (Toneladas) e Valor (Mil Reais) da Produção por Tipo de Lavoura Permanente - 2024 para",20,"Tabela 43 - Área colhida (Hectares), Quantidade Produzida (Toneladas) e Valor (Mil Reais) da Produção por Tipo de Lavoura Permanente - 2024 para","..\..\Desktop\tabelas-powerBI\1 Pará\Tabela 43 - Área colhida (Hectares), Quantidade Produzida (Toneladas) e Valor (Mil Reais) da Produção por Tipo de Lavoura Permanente - 2024 para.xlsx",RIS,36906,933.0
Marajó,1 Pará,43,"Área colhida (Hectares), Quantidade Produzida (Toneladas) e Valor (Mil Reais) da Produção por Tipo de Lavoura Permanente - 2024 para",20,"Tabela 43 - Área colhida (Hectares), Quantidade Produzida (Toneladas) e Valor (Mil Reais) da Produção por Tipo de Lavoura Permanente - 2024 para","..\..\Desktop\tabelas-powerBI\1 Pará\Tabela 43 - Área colhida (Hectares), Quantidade Produzida (Toneladas) e Valor (Mil Reais) da Produção por Tipo de Lavoura Permanente - 2024 para.xlsx",RIS,36906,621.0
Rio Caeté,1 Pará,43,"Área colhida (Hectares), Quantidade Produzida (Toneladas) e Valor (Mil Reais) da Produção por Tipo de Lavoura Permanente - 2024 para",20,"Tabela 43 - Área colhida (Hectares), Quantidade Produzida (Toneladas) e Valor (Mil Reais) da Produção por Tipo de Lavoura Permanente - 2024 para","..\..\Desktop\tabelas-powerBI\1 Pará\Tabela 43 - Área colhida (Hectares), Quantidade Produzida (Toneladas) e Valor (Mil Reais) da Produção por Tipo de Lavoura Permanente - 2024 para.xlsx",RIS,36906,346.0
Rio Capim,1 Pará,43,"Área colhida (Hectares), Quantidade Produzida (Toneladas) e Valor (Mil Reais) da Produção por Tipo de Lavoura Permanente - 2024 para",20,"Tabela 43 - Área colhida (Hectares), Quantidade Produzida (Toneladas) e Valor (Mil Reais) da Produção por Tipo de Lavoura Permanente - 2024 para","..\..\Desktop\tabelas-powerBI\1 Pará\Tabela 43 - Área colhida (Hectares), Quantidade Produzida (Toneladas) e Valor (Mil Reais) da Produção por Tipo de Lavoura Permanente - 2024 para.xlsx",RIS,36906,773.0
Tapajós,1 Pará,43,"Área colhida (Hectares), Quantidade Produzida (Toneladas) e Valor (Mil Reais) da Produção por Tipo de Lavoura Permanente - 2024 para",20,"Tabela 43 - Área colhida (Hectares), Quantidade Produzida (Toneladas) e Valor (Mil Reais) da Produção por Tipo de Lavoura Permanente - 2024 para","..\..\Desktop\tabelas-powerBI\1 Pará\Tabela 43 - Área colhida (Hectares), Quantidade Produzida (Toneladas) e Valor (Mil Reais) da Produção por Tipo de Lavoura Permanente - 2024 para.xlsx",RIS,36906,5780.0
Tocantins,1 Pará,43,"Área colhida (Hectares), Quantidade Produzida (Toneladas) e Valor (Mil Reais) da Produção por Tipo de Lavoura Permanente - 2024 para",20,"Tabela 43 - Área colhida (Hectares), Quantidade Produzida (Toneladas) e Valor (Mil Reais) da Produção por Tipo de Lavoura Permanente - 2024 para","..\..\Desktop\tabelas-powerBI\1 Pará\Tabela 43 - Área colhida (Hectares), Quantidade Produzida (Toneladas) e Valor (Mil Reais) da Produção por Tipo de Lavoura Permanente - 2024 para.xlsx",RIS,36906,1476.0
Xingu,1 Pará,43,"Área colhida (Hectares), Quantidade Produzida (Toneladas) e Valor (Mil Reais) da Produção por Tipo de Lavoura Permanente - 2024 para",20,"Tabela 43 - Área colhida (Hectares), Quantidade Produzida (Toneladas) e Valor (Mil Reais) da Produção por Tipo de Lavoura Permanente - 2024 para","..\..\Desktop\tabelas-powerBI\1 Pará\Tabela 43 - Área colhida (Hectares), Quantidade Produzida (Toneladas) e Valor (Mil Reais) da Produção por Tipo de Lavoura Permanente - 2024 para.xlsx",RIS,36906,18160.0
Fonte: IBGE/PAM,1 Pará,43,"Área colhida (Hectares), Quantidade Produzida (Toneladas) e Valor (Mil Reais) da Produção por Tipo de Lavoura Permanente - 2024 para",20,"Tabela 43 - Área colhida (Hectares), Quantidade Produzida (Toneladas) e Valor (Mil Reais) da Produção por Tipo de Lavoura Permanente - 2024 para","..\..\Desktop\tabelas-powerBI\1 Pará\Tabela 43 - Área colhida (Hectares), Quantidade Produzida (Toneladas) e Valor (Mil Reais) da Produção por Tipo de Lavoura Permanente - 2024 para.xlsx",RIS,36906,
Elaboração: FAPESPA,1 Pará,43,"Área colhida (Hectares), Quantidade Produzida (Toneladas) e Valor (Mil Reais) da Produção por Tipo de Lavoura Permanente - 2024 para",20,"Tabela 43 - Área colhida (Hectares), Quantidade Produzida (Toneladas) e Valor (Mil Reais) da Produção por Tipo de Lavoura Permanente - 2024 para","..\..\Desktop\tabelas-powerBI\1 Pará\Tabela 43 - Área colhida (Hectares), Quantidade Produzida (Toneladas) e Valor (Mil Reais) da Produção por Tipo de Lavoura Permanente - 2024 para.xlsx",RIS,36906,
Nota: A quantidade produzida de coco-da-baía é expressa em mil frutos ,1 Pará,43,"Área colhida (Hectares), Quantidade Produzida (Toneladas) e Valor (Mil Reais) da Produção por Tipo de Lavoura Permanente - 2024 para",20,"Tabela 43 - Área colhida (Hectares), Quantidade Produzida (Toneladas) e Valor (Mil Reais) da Produção por Tipo de Lavoura Permanente - 2024 para","..\..\Desktop\tabelas-powerBI\1 Pará\Tabela 43 - Área colhida (Hectares), Quantidade Produzida (Toneladas) e Valor (Mil Reais) da Produção por Tipo de Lavoura Permanente - 2024 para.xlsx",RIS,36906,
Araguaia,1 Pará,43,"Área colhida (Hectares), Quantidade Produzida (Toneladas) e Valor (Mil Reais) da Produção por Tipo de Lavoura Permanente - 2024 para",20,"Tabela 43 - Área colhida (Hectares), Quantidade Produzida (Toneladas) e Valor (Mil Reais) da Produção por Tipo de Lavoura Permanente - 2024 para","..\..\Desktop\tabelas-powerBI\1 Pará\Tabela 43 - Área colhida (Hectares), Quantidade Produzida (Toneladas) e Valor (Mil Reais) da Produção por Tipo de Lavoura Permanente - 2024 para.xlsx",RIS,425275,21782.0
Baixo Amazonas,1 Pará,43,"Área colhida (Hectares), Quantidade Produzida (Toneladas) e Valor (Mil Reais) da Produção por Tipo de Lavoura Permanente - 2024 para",20,"Tabela 43 - Área colhida (Hectares), Quantidade Produzida (Toneladas) e Valor (Mil Reais) da Produção por Tipo de Lavoura Permanente - 2024 para","..\..\Desktop\tabelas-powerBI\1 Pará\Tabela 43 - Área colhida (Hectares), Quantidade Produzida (Toneladas) e Valor (Mil Reais) da Produção por Tipo de Lavoura Permanente - 2024 para.xlsx",RIS,425275,11063.0
Carajás,1 Pará,43,"Área colhida (Hectares), Quantidade Produzida (Toneladas) e Valor (Mil Reais) da Produção por Tipo de Lavoura Permanente - 2024 para",20,"Tabela 43 - Área colhida (Hectares), Quantidade Produzida (Toneladas) e Valor (Mil Reais) da Produção por Tipo de Lavoura Permanente - 2024 para","..\..\Desktop\tabelas-powerBI\1 Pará\Tabela 43 - Área colhida (Hectares), Quantidade Produzida (Toneladas) e Valor (Mil Reais) da Produção por Tipo de Lavoura Permanente - 2024 para.xlsx",RIS,425275,44533.0
Guajará,1 Pará,43,"Área colhida (Hectares), Quantidade Produzida (Toneladas) e Valor (Mil Reais) da Produção por Tipo de Lavoura Permanente - 2024 para",20,"Tabela 43 - Área colhida (Hectares), Quantidade Produzida (Toneladas) e Valor (Mil Reais) da Produção por Tipo de Lavoura Permanente - 2024 para","..\..\Desktop\tabelas-powerBI\1 Pará\Tabela 43 - Área colhida (Hectares), Quantidade Produzida (Toneladas) e Valor (Mil Reais) da Produção por Tipo de Lavoura Permanente - 2024 para.xlsx",RIS,425275,505.0
Guamá,1 Pará,43,"Área colhida (Hectares), Quantidade Produzida (Toneladas) e Valor (Mil Reais) da Produção por Tipo de Lavoura Permanente - 2024 para",20,"Tabela 43 - Área colhida (Hectares), Quantidade Produzida (Toneladas) e Valor (Mil Reais) da Produção por Tipo de Lavoura Permanente - 2024 para","..\..\Desktop\tabelas-powerBI\1 Pará\Tabela 43 - Área colhida (Hectares), Quantidade Produzida (Toneladas) e Valor (Mil Reais) da Produção por Tipo de Lavoura Permanente - 2024 para.xlsx",RIS,425275,11412.0
Lago de Tucuruí,1 Pará,43,"Área colhida (Hectares), Quantidade Produzida (Toneladas) e Valor (Mil Reais) da Produção por Tipo de Lavoura Permanente - 2024 para",20,"Tabela 43 - Área colhida (Hectares), Quantidade Produzida (Toneladas) e Valor (Mil Reais) da Produção por Tipo de Lavoura Permanente - 2024 para","..\..\Desktop\tabelas-powerBI\1 Pará\Tabela 43 - Área colhida (Hectares), Quantidade Produzida (Toneladas) e Valor (Mil Reais) da Produção por Tipo de Lavoura Permanente - 2024 para.xlsx",RIS,425275,11791.0
Marajó,1 Pará,43,"Área colhida (Hectares), Quantidade Produzida (Toneladas) e Valor (Mil Reais) da Produção por Tipo de Lavoura Permanente - 2024 para",20,"Tabela 43 - Área colhida (Hectares), Quantidade Produzida (Toneladas) e Valor (Mil Reais) da Produção por Tipo de Lavoura Permanente - 2024 para","..\..\Desktop\tabelas-powerBI\1 Pará\Tabela 43 - Área colhida (Hectares), Quantidade Produzida (Toneladas) e Valor (Mil Reais) da Produção por Tipo de Lavoura Permanente - 2024 para.xlsx",RIS,425275,6839.0
Rio Caeté,1 Pará,43,"Área colhida (Hectares), Quantidade Produzida (Toneladas) e Valor (Mil Reais) da Produção por Tipo de Lavoura Permanente - 2024 para",20,"Tabela 43 - Área colhida (Hectares), Quantidade Produzida (Toneladas) e Valor (Mil Reais) da Produção por Tipo de Lavoura Permanente - 2024 para","..\..\Desktop\tabelas-powerBI\1 Pará\Tabela 43 - Área colhida (Hectares), Quantidade Produzida (Toneladas) e Valor (Mil Reais) da Produção por Tipo de Lavoura Permanente - 2024 para.xlsx",RIS,425275,4736.0
Rio Capim,1 Pará,43,"Área colhida (Hectares), Quantidade Produzida (Toneladas) e Valor (Mil Reais) da Produção por Tipo de Lavoura Permanente - 2024 para",20,"Tabela 43 - Área colhida (Hectares), Quantidade Produzida (Toneladas) e Valor (Mil Reais) da Produção por Tipo de Lavoura Permanente - 2024 para","..\..\Desktop\tabelas-powerBI\1 Pará\Tabela 43 - Área colhida (Hectares), Quantidade Produzida (Toneladas) e Valor (Mil Reais) da Produção por Tipo de Lavoura Permanente - 2024 para.xlsx",RIS,425275,9511.0
Tapajós,1 Pará,43,"Área colhida (Hectares), Quantidade Produzida (Toneladas) e Valor (Mil Reais) da Produção por Tipo de Lavoura Permanente - 2024 para",20,"Tabela 43 - Área colhida (Hectares), Quantidade Produzida (Toneladas) e Valor (Mil Reais) da Produção por Tipo de Lavoura Permanente - 2024 para","..\..\Desktop\tabelas-powerBI\1 Pará\Tabela 43 - Área colhida (Hectares), Quantidade Produzida (Toneladas) e Valor (Mil Reais) da Produção por Tipo de Lavoura Permanente - 2024 para.xlsx",RIS,425275,38481.0
Tocantins,1 Pará,43,"Área colhida (Hectares), Quantidade Produzida (Toneladas) e Valor (Mil Reais) da Produção por Tipo de Lavoura Permanente - 2024 para",20,"Tabela 43 - Área colhida (Hectares), Quantidade Produzida (Toneladas) e Valor (Mil Reais) da Produção por Tipo de Lavoura Permanente - 2024 para","..\..\Desktop\tabelas-powerBI\1 Pará\Tabela 43 - Área colhida (Hectares), Quantidade Produzida (Toneladas) e Valor (Mil Reais) da Produção por Tipo de Lavoura Permanente - 2024 para.xlsx",RIS,425275,18630.0
Xingu,1 Pará,43,"Área colhida (Hectares), Quantidade Produzida (Toneladas) e Valor (Mil Reais) da Produção por Tipo de Lavoura Permanente - 2024 para",20,"Tabela 43 - Área colhida (Hectares), Quantidade Produzida (Toneladas) e Valor (Mil Reais) da Produção por Tipo de Lavoura Permanente - 2024 para","..\..\Desktop\tabelas-powerBI\1 Pará\Tabela 43 - Área colhida (Hectares), Quantidade Produzida (Toneladas) e Valor (Mil Reais) da Produção por Tipo de Lavoura Permanente - 2024 para.xlsx",RIS,425275,245992.0
Fonte: IBGE/PAM,1 Pará,43,"Área colhida (Hectares), Quantidade Produzida (Toneladas) e Valor (Mil Reais) da Produção por Tipo de Lavoura Permanente - 2024 para",20,"Tabela 43 - Área colhida (Hectares), Quantidade Produzida (Toneladas) e Valor (Mil Reais) da Produção por Tipo de Lavoura Permanente - 2024 para","..\..\Desktop\tabelas-powerBI\1 Pará\Tabela 43 - Área colhida (Hectares), Quantidade Produzida (Toneladas) e Valor (Mil Reais) da Produção por Tipo de Lavoura Permanente - 2024 para.xlsx",RIS,425275,
Elaboração: FAPESPA,1 Pará,43,"Área colhida (Hectares), Quantidade Produzida (Toneladas) e Valor (Mil Reais) da Produção por Tipo de Lavoura Permanente - 2024 para",20,"Tabela 43 - Área colhida (Hectares), Quantidade Produzida (Toneladas) e Valor (Mil Reais) da Produção por Tipo de Lavoura Permanente - 2024 para","..\..\Desktop\tabelas-powerBI\1 Pará\Tabela 43 - Área colhida (Hectares), Quantidade Produzida (Toneladas) e Valor (Mil Reais) da Produção por Tipo de Lavoura Permanente - 2024 para.xlsx",RIS,425275,
Nota: A quantidade produzida de coco-da-baía é expressa em mil frutos ,1 Pará,43,"Área colhida (Hectares), Quantidade Produzida (Toneladas) e Valor (Mil Reais) da Produção por Tipo de Lavoura Permanente - 2024 para",20,"Tabela 43 - Área colhida (Hectares), Quantidade Produzida (Toneladas) e Valor (Mil Reais) da Produção por Tipo de Lavoura Permanente - 2024 para","..\..\Desktop\tabelas-powerBI\1 Pará\Tabela 43 - Área colhida (Hectares), Quantidade Produzida (Toneladas) e Valor (Mil Reais) da Produção por Tipo de Lavoura Permanente - 2024 para.xlsx",RIS,425275,
Araguaia,1 Pará,43,"Área colhida (Hectares), Quantidade Produzida (Toneladas) e Valor (Mil Reais) da Produção por Tipo de Lavoura Permanente - 2024 para",20,"Tabela 43 - Área colhida (Hectares), Quantidade Produzida (Toneladas) e Valor (Mil Reais) da Produção por Tipo de Lavoura Permanente - 2024 para","..\..\Desktop\tabelas-powerBI\1 Pará\Tabela 43 - Área colhida (Hectares), Quantidade Produzida (Toneladas) e Valor (Mil Reais) da Produção por Tipo de Lavoura Permanente - 2024 para.xlsx",RIS,1080902,58801.0
Baixo Amazonas,1 Pará,43,"Área colhida (Hectares), Quantidade Produzida (Toneladas) e Valor (Mil Reais) da Produção por Tipo de Lavoura Permanente - 2024 para",20,"Tabela 43 - Área colhida (Hectares), Quantidade Produzida (Toneladas) e Valor (Mil Reais) da Produção por Tipo de Lavoura Permanente - 2024 para","..\..\Desktop\tabelas-powerBI\1 Pará\Tabela 43 - Área colhida (Hectares), Quantidade Produzida (Toneladas) e Valor (Mil Reais) da Produção por Tipo de Lavoura Permanente - 2024 para.xlsx",RIS,1080902,30583.0
Carajás,1 Pará,43,"Área colhida (Hectares), Quantidade Produzida (Toneladas) e Valor (Mil Reais) da Produção por Tipo de Lavoura Permanente - 2024 para",20,"Tabela 43 - Área colhida (Hectares), Quantidade Produzida (Toneladas) e Valor (Mil Reais) da Produção por Tipo de Lavoura Permanente - 2024 para","..\..\Desktop\tabelas-powerBI\1 Pará\Tabela 43 - Área colhida (Hectares), Quantidade Produzida (Toneladas) e Valor (Mil Reais) da Produção por Tipo de Lavoura Permanente - 2024 para.xlsx",RIS,1080902,150857.0
Guajará,1 Pará,43,"Área colhida (Hectares), Quantidade Produzida (Toneladas) e Valor (Mil Reais) da Produção por Tipo de Lavoura Permanente - 2024 para",20,"Tabela 43 - Área colhida (Hectares), Quantidade Produzida (Toneladas) e Valor (Mil Reais) da Produção por Tipo de Lavoura Permanente - 2024 para","..\..\Desktop\tabelas-powerBI\1 Pará\Tabela 43 - Área colhida (Hectares), Quantidade Produzida (Toneladas) e Valor (Mil Reais) da Produção por Tipo de Lavoura Permanente - 2024 para.xlsx",RIS,1080902,1515.0
Guamá,1 Pará,43,"Área colhida (Hectares), Quantidade Produzida (Toneladas) e Valor (Mil Reais) da Produção por Tipo de Lavoura Permanente - 2024 para",20,"Tabela 43 - Área colhida (Hectares), Quantidade Produzida (Toneladas) e Valor (Mil Reais) da Produção por Tipo de Lavoura Permanente - 2024 para","..\..\Desktop\tabelas-powerBI\1 Pará\Tabela 43 - Área colhida (Hectares), Quantidade Produzida (Toneladas) e Valor (Mil Reais) da Produção por Tipo de Lavoura Permanente - 2024 para.xlsx",RIS,1080902,34364.0
Lago de Tucuruí,1 Pará,43,"Área colhida (Hectares), Quantidade Produzida (Toneladas) e Valor (Mil Reais) da Produção por Tipo de Lavoura Permanente - 2024 para",20,"Tabela 43 - Área colhida (Hectares), Quantidade Produzida (Toneladas) e Valor (Mil Reais) da Produção por Tipo de Lavoura Permanente - 2024 para","..\..\Desktop\tabelas-powerBI\1 Pará\Tabela 43 - Área colhida (Hectares), Quantidade Produzida (Toneladas) e Valor (Mil Reais) da Produção por Tipo de Lavoura Permanente - 2024 para.xlsx",RIS,1080902,34965.0
Marajó,1 Pará,43,"Área colhida (Hectares), Quantidade Produzida (Toneladas) e Valor (Mil Reais) da Produção por Tipo de Lavoura Permanente - 2024 para",20,"Tabela 43 - Área colhida (Hectares), Quantidade Produzida (Toneladas) e Valor (Mil Reais) da Produção por Tipo de Lavoura Permanente - 2024 para","..\..\Desktop\tabelas-powerBI\1 Pará\Tabela 43 - Área colhida (Hectares), Quantidade Produzida (Toneladas) e Valor (Mil Reais) da Produção por Tipo de Lavoura Permanente - 2024 para.xlsx",RIS,1080902,17170.0
Rio Caeté,1 Pará,43,"Área colhida (Hectares), Quantidade Produzida (Toneladas) e Valor (Mil Reais) da Produção por Tipo de Lavoura Permanente - 2024 para",20,"Tabela 43 - Área colhida (Hectares), Quantidade Produzida (Toneladas) e Valor (Mil Reais) da Produção por Tipo de Lavoura Permanente - 2024 para","..\..\Desktop\tabelas-powerBI\1 Pará\Tabela 43 - Área colhida (Hectares), Quantidade Produzida (Toneladas) e Valor (Mil Reais) da Produção por Tipo de Lavoura Permanente - 2024 para.xlsx",RIS,1080902,13342.0
Rio Capim,1 Pará,43,"Área colhida (Hectares), Quantidade Produzida (Toneladas) e Valor (Mil Reais) da Produção por Tipo de Lavoura Permanente - 2024 para",20,"Tabela 43 - Área colhida (Hectares), Quantidade Produzida (Toneladas) e Valor (Mil Reais) da Produção por Tipo de Lavoura Permanente - 2024 para","..\..\Desktop\tabelas-powerBI\1 Pará\Tabela 43 - Área colhida (Hectares), Quantidade Produzida (Toneladas) e Valor (Mil Reais) da Produção por Tipo de Lavoura Permanente - 2024 para.xlsx",RIS,1080902,29822.0
Tapajós,1 Pará,43,"Área colhida (Hectares), Quantidade Produzida (Toneladas) e Valor (Mil Reais) da Produção por Tipo de Lavoura Permanente - 2024 para",20,"Tabela 43 - Área colhida (Hectares), Quantidade Produzida (Toneladas) e Valor (Mil Reais) da Produção por Tipo de Lavoura Permanente - 2024 para","..\..\Desktop\tabelas-powerBI\1 Pará\Tabela 43 - Área colhida (Hectares), Quantidade Produzida (Toneladas) e Valor (Mil Reais) da Produção por Tipo de Lavoura Permanente - 2024 para.xlsx",RIS,1080902,142320.0
Tocantins,1 Pará,43,"Área colhida (Hectares), Quantidade Produzida (Toneladas) e Valor (Mil Reais) da Produção por Tipo de Lavoura Permanente - 2024 para",20,"Tabela 43 - Área colhida (Hectares), Quantidade Produzida (Toneladas) e Valor (Mil Reais) da Produção por Tipo de Lavoura Permanente - 2024 para","..\..\Desktop\tabelas-powerBI\1 Pará\Tabela 43 - Área colhida (Hectares), Quantidade Produzida (Toneladas) e Valor (Mil Reais) da Produção por Tipo de Lavoura Permanente - 2024 para.xlsx",RIS,1080902,31668.0
Xingu,1 Pará,43,"Área colhida (Hectares), Quantidade Produzida (Toneladas) e Valor (Mil Reais) da Produção por Tipo de Lavoura Permanente - 2024 para",20,"Tabela 43 - Área colhida (Hectares), Quantidade Produzida (Toneladas) e Valor (Mil Reais) da Produção por Tipo de Lavoura Permanente - 2024 para","..\..\Desktop\tabelas-powerBI\1 Pará\Tabela 43 - Área colhida (Hectares), Quantidade Produzida (Toneladas) e Valor (Mil Reais) da Produção por Tipo de Lavoura Permanente - 2024 para.xlsx",RIS,1080902,535502.0
Fonte: IBGE/PAM,1 Pará,43,"Área colhida (Hectares), Quantidade Produzida (Toneladas) e Valor (Mil Reais) da Produção por Tipo de Lavoura Permanente - 2024 para",20,"Tabela 43 - Área colhida (Hectares), Quantidade Produzida (Toneladas) e Valor (Mil Reais) da Produção por Tipo de Lavoura Permanente - 2024 para","..\..\Desktop\tabelas-powerBI\1 Pará\Tabela 43 - Área colhida (Hectares), Quantidade Produzida (Toneladas) e Valor (Mil Reais) da Produção por Tipo de Lavoura Permanente - 2024 para.xlsx",RIS,1080902,
Elaboração: FAPESPA,1 Pará,43,"Área colhida (Hectares), Quantidade Produzida (Toneladas) e Valor (Mil Reais) da Produção por Tipo de Lavoura Permanente - 2024 para",20,"Tabela 43 - Área colhida (Hectares), Quantidade Produzida (Toneladas) e Valor (Mil Reais) da Produção por Tipo de Lavoura Permanente - 2024 para","..\..\Desktop\tabelas-powerBI\1 Pará\Tabela 43 - Área colhida (Hectares), Quantidade Produzida (Toneladas) e Valor (Mil Reais) da Produção por Tipo de Lavoura Permanente - 2024 para.xlsx",RIS,1080902,
Nota: A quantidade produzida de coco-da-baía é expressa em mil frutos ,1 Pará,43,"Área colhida (Hectares), Quantidade Produzida (Toneladas) e Valor (Mil Reais) da Produção por Tipo de Lavoura Permanente - 2024 para",20,"Tabela 43 - Área colhida (Hectares), Quantidade Produzida (Toneladas) e Valor (Mil Reais) da Produção por Tipo de Lavoura Permanente - 2024 para","..\..\Desktop\tabelas-powerBI\1 Pará\Tabela 43 - Área colhida (Hectares), Quantidade Produzida (Toneladas) e Valor (Mil Reais) da Produção por Tipo de Lavoura Permanente - 2024 para.xlsx",RIS,1080902,
Araguaia,1 Pará,43,"Área colhida (Hectares), Quantidade Produzida (Toneladas) e Valor (Mil Reais) da Produção por Tipo de Lavoura Permanente - 2024 para",20,"Tabela 43 - Área colhida (Hectares), Quantidade Produzida (Toneladas) e Valor (Mil Reais) da Produção por Tipo de Lavoura Permanente - 2024 para","..\..\Desktop\tabelas-powerBI\1 Pará\Tabela 43 - Área colhida (Hectares), Quantidade Produzida (Toneladas) e Valor (Mil Reais) da Produção por Tipo de Lavoura Permanente - 2024 para.xlsx",RIS,163405,12076.0
Baixo Amazonas,1 Pará,43,"Área colhida (Hectares), Quantidade Produzida (Toneladas) e Valor (Mil Reais) da Produção por Tipo de Lavoura Permanente - 2024 para",20,"Tabela 43 - Área colhida (Hectares), Quantidade Produzida (Toneladas) e Valor (Mil Reais) da Produção por Tipo de Lavoura Permanente - 2024 para","..\..\Desktop\tabelas-powerBI\1 Pará\Tabela 43 - Área colhida (Hectares), Quantidade Produzida (Toneladas) e Valor (Mil Reais) da Produção por Tipo de Lavoura Permanente - 2024 para.xlsx",RIS,163405,1497.0
Carajás,1 Pará,43,"Área colhida (Hectares), Quantidade Produzida (Toneladas) e Valor (Mil Reais) da Produção por Tipo de Lavoura Permanente - 2024 para",20,"Tabela 43 - Área colhida (Hectares), Quantidade Produzida (Toneladas) e Valor (Mil Reais) da Produção por Tipo de Lavoura Permanente - 2024 para","..\..\Desktop\tabelas-powerBI\1 Pará\Tabela 43 - Área colhida (Hectares), Quantidade Produzida (Toneladas) e Valor (Mil Reais) da Produção por Tipo de Lavoura Permanente - 2024 para.xlsx",RIS,163405,1425.0
Guajará,1 Pará,43,"Área colhida (Hectares), Quantidade Produzida (Toneladas) e Valor (Mil Reais) da Produção por Tipo de Lavoura Permanente - 2024 para",20,"Tabela 43 - Área colhida (Hectares), Quantidade Produzida (Toneladas) e Valor (Mil Reais) da Produção por Tipo de Lavoura Permanente - 2024 para","..\..\Desktop\tabelas-powerBI\1 Pará\Tabela 43 - Área colhida (Hectares), Quantidade Produzida (Toneladas) e Valor (Mil Reais) da Produção por Tipo de Lavoura Permanente - 2024 para.xlsx",RIS,163405,65.0
Guamá,1 Pará,43,"Área colhida (Hectares), Quantidade Produzida (Toneladas) e Valor (Mil Reais) da Produção por Tipo de Lavoura Permanente - 2024 para",20,"Tabela 43 - Área colhida (Hectares), Quantidade Produzida (Toneladas) e Valor (Mil Reais) da Produção por Tipo de Lavoura Permanente - 2024 para","..\..\Desktop\tabelas-powerBI\1 Pará\Tabela 43 - Área colhida (Hectares), Quantidade Produzida (Toneladas) e Valor (Mil Reais) da Produção por Tipo de Lavoura Permanente - 2024 para.xlsx",RIS,163405,1236.0
Lago de Tucuruí,1 Pará,43,"Área colhida (Hectares), Quantidade Produzida (Toneladas) e Valor (Mil Reais) da Produção por Tipo de Lavoura Permanente - 2024 para",20,"Tabela 43 - Área colhida (Hectares), Quantidade Produzida (Toneladas) e Valor (Mil Reais) da Produção por Tipo de Lavoura Permanente - 2024 para","..\..\Desktop\tabelas-powerBI\1 Pará\Tabela 43 - Área colhida (Hectares), Quantidade Produzida (Toneladas) e Valor (Mil Reais) da Produção por Tipo de Lavoura Permanente - 2024 para.xlsx",RIS,163405,6950.0
Marajó,1 Pará,43,"Área colhida (Hectares), Quantidade Produzida (Toneladas) e Valor (Mil Reais) da Produção por Tipo de Lavoura Permanente - 2024 para",20,"Tabela 43 - Área colhida (Hectares), Quantidade Produzida (Toneladas) e Valor (Mil Reais) da Produção por Tipo de Lavoura Permanente - 2024 para","..\..\Desktop\tabelas-powerBI\1 Pará\Tabela 43 - Área colhida (Hectares), Quantidade Produzida (Toneladas) e Valor (Mil Reais) da Produção por Tipo de Lavoura Permanente - 2024 para.xlsx",RIS,163405,264.0
Rio Caeté,1 Pará,43,"Área colhida (Hectares), Quantidade Produzida (Toneladas) e Valor (Mil Reais) da Produção por Tipo de Lavoura Permanente - 2024 para",20,"Tabela 43 - Área colhida (Hectares), Quantidade Produzida (Toneladas) e Valor (Mil Reais) da Produção por Tipo de Lavoura Permanente - 2024 para","..\..\Desktop\tabelas-powerBI\1 Pará\Tabela 43 - Área colhida (Hectares), Quantidade Produzida (Toneladas) e Valor (Mil Reais) da Produção por Tipo de Lavoura Permanente - 2024 para.xlsx",RIS,163405,30.0
Rio Capim,1 Pará,43,"Área colhida (Hectares), Quantidade Produzida (Toneladas) e Valor (Mil Reais) da Produção por Tipo de Lavoura Permanente - 2024 para",20,"Tabela 43 - Área colhida (Hectares), Quantidade Produzida (Toneladas) e Valor (Mil Reais) da Produção por Tipo de Lavoura Permanente - 2024 para","..\..\Desktop\tabelas-powerBI\1 Pará\Tabela 43 - Área colhida (Hectares), Quantidade Produzida (Toneladas) e Valor (Mil Reais) da Produção por Tipo de Lavoura Permanente - 2024 para.xlsx",RIS,163405,4626.0
Tapajós,1 Pará,43,"Área colhida (Hectares), Quantidade Produzida (Toneladas) e Valor (Mil Reais) da Produção por Tipo de Lavoura Permanente - 2024 para",20,"Tabela 43 - Área colhida (Hectares), Quantidade Produzida (Toneladas) e Valor (Mil Reais) da Produção por Tipo de Lavoura Permanente - 2024 para","..\..\Desktop\tabelas-powerBI\1 Pará\Tabela 43 - Área colhida (Hectares), Quantidade Produzida (Toneladas) e Valor (Mil Reais) da Produção por Tipo de Lavoura Permanente - 2024 para.xlsx",RIS,163405,5264.0
Tocantins,1 Pará,43,"Área colhida (Hectares), Quantidade Produzida (Toneladas) e Valor (Mil Reais) da Produção por Tipo de Lavoura Permanente - 2024 para",20,"Tabela 43 - Área colhida (Hectares), Quantidade Produzida (Toneladas) e Valor (Mil Reais) da Produção por Tipo de Lavoura Permanente - 2024 para","..\..\Desktop\tabelas-powerBI\1 Pará\Tabela 43 - Área colhida (Hectares), Quantidade Produzida (Toneladas) e Valor (Mil Reais) da Produção por Tipo de Lavoura Permanente - 2024 para.xlsx",RIS,163405,11658.0
Xingu,1 Pará,43,"Área colhida (Hectares), Quantidade Produzida (Toneladas) e Valor (Mil Reais) da Produção por Tipo de Lavoura Permanente - 2024 para",20,"Tabela 43 - Área colhida (Hectares), Quantidade Produzida (Toneladas) e Valor (Mil Reais) da Produção por Tipo de Lavoura Permanente - 2024 para","..\..\Desktop\tabelas-powerBI\1 Pará\Tabela 43 - Área colhida (Hectares), Quantidade Produzida (Toneladas) e Valor (Mil Reais) da Produção por Tipo de Lavoura Permanente - 2024 para.xlsx",RIS,163405,118314.0
Fonte: IBGE/PAM,1 Pará,43,"Área colhida (Hectares), Quantidade Produzida (Toneladas) e Valor (Mil Reais) da Produção por Tipo de Lavoura Permanente - 2024 para",20,"Tabela 43 - Área colhida (Hectares), Quantidade Produzida (Toneladas) e Valor (Mil Reais) da Produção por Tipo de Lavoura Permanente - 2024 para","..\..\Desktop\tabelas-powerBI\1 Pará\Tabela 43 - Área colhida (Hectares), Quantidade Produzida (Toneladas) e Valor (Mil Reais) da Produção por Tipo de Lavoura Permanente - 2024 para.xlsx",RIS,163405,
Elaboração: FAPESPA,1 Pará,43,"Área colhida (Hectares), Quantidade Produzida (Toneladas) e Valor (Mil Reais) da Produção por Tipo de Lavoura Permanente - 2024 para",20,"Tabela 43 - Área colhida (Hectares), Quantidade Produzida (Toneladas) e Valor (Mil Reais) da Produção por Tipo de Lavoura Permanente - 2024 para","..\..\Desktop\tabelas-powerBI\1 Pará\Tabela 43 - Área colhida (Hectares), Quantidade Produzida (Toneladas) e Valor (Mil Reais) da Produção por Tipo de Lavoura Permanente - 2024 para.xlsx",RIS,163405,
Nota: A quantidade produzida de coco-da-baía é expressa em mil frutos ,1 Pará,43,"Área colhida (Hectares), Quantidade Produzida (Toneladas) e Valor (Mil Reais) da Produção por Tipo de Lavoura Permanente - 2024 para",20,"Tabela 43 - Área colhida (Hectares), Quantidade Produzida (Toneladas) e Valor (Mil Reais) da Produção por Tipo de Lavoura Permanente - 2024 para","..\..\Desktop\tabelas-powerBI\1 Pará\Tabela 43 - Área colhida (Hectares), Quantidade Produzida (Toneladas) e Valor (Mil Reais) da Produção por Tipo de Lavoura Permanente - 2024 para.xlsx",RIS,163405,
Araguaia,1 Pará,43,"Área colhida (Hectares), Quantidade Produzida (Toneladas) e Valor (Mil Reais) da Produção por Tipo de Lavoura Permanente - 2024 para",20,"Tabela 43 - Área colhida (Hectares), Quantidade Produzida (Toneladas) e Valor (Mil Reais) da Produção por Tipo de Lavoura Permanente - 2024 para","..\..\Desktop\tabelas-powerBI\1 Pará\Tabela 43 - Área colhida (Hectares), Quantidade Produzida (Toneladas) e Valor (Mil Reais) da Produção por Tipo de Lavoura Permanente - 2024 para.xlsx",RIS,137455,10328.0
Baixo Amazonas,1 Pará,43,"Área colhida (Hectares), Quantidade Produzida (Toneladas) e Valor (Mil Reais) da Produção por Tipo de Lavoura Permanente - 2024 para",20,"Tabela 43 - Área colhida (Hectares), Quantidade Produzida (Toneladas) e Valor (Mil Reais) da Produção por Tipo de Lavoura Permanente - 2024 para","..\..\Desktop\tabelas-powerBI\1 Pará\Tabela 43 - Área colhida (Hectares), Quantidade Produzida (Toneladas) e Valor (Mil Reais) da Produção por Tipo de Lavoura Permanente - 2024 para.xlsx",RIS,137455,652.0
Carajás,1 Pará,43,"Área colhida (Hectares), Quantidade Produzida (Toneladas) e Valor (Mil Reais) da Produção por Tipo de Lavoura Permanente - 2024 para",20,"Tabela 43 - Área colhida (Hectares), Quantidade Produzida (Toneladas) e Valor (Mil Reais) da Produção por Tipo de Lavoura Permanente - 2024 para","..\..\Desktop\tabelas-powerBI\1 Pará\Tabela 43 - Área colhida (Hectares), Quantidade Produzida (Toneladas) e Valor (Mil Reais) da Produção por Tipo de Lavoura Permanente - 2024 para.xlsx",RIS,137455,1214.0
Guajará,1 Pará,43,"Área colhida (Hectares), Quantidade Produzida (Toneladas) e Valor (Mil Reais) da Produção por Tipo de Lavoura Permanente - 2024 para",20,"Tabela 43 - Área colhida (Hectares), Quantidade Produzida (Toneladas) e Valor (Mil Reais) da Produção por Tipo de Lavoura Permanente - 2024 para","..\..\Desktop\tabelas-powerBI\1 Pará\Tabela 43 - Área colhida (Hectares), Quantidade Produzida (Toneladas) e Valor (Mil Reais) da Produção por Tipo de Lavoura Permanente - 2024 para.xlsx",RIS,137455,23.0
Guamá,1 Pará,43,"Área colhida (Hectares), Quantidade Produzida (Toneladas) e Valor (Mil Reais) da Produção por Tipo de Lavoura Permanente - 2024 para",20,"Tabela 43 - Área colhida (Hectares), Quantidade Produzida (Toneladas) e Valor (Mil Reais) da Produção por Tipo de Lavoura Permanente - 2024 para","..\..\Desktop\tabelas-powerBI\1 Pará\Tabela 43 - Área colhida (Hectares), Quantidade Produzida (Toneladas) e Valor (Mil Reais) da Produção por Tipo de Lavoura Permanente - 2024 para.xlsx",RIS,137455,773.0
Lago de Tucuruí,1 Pará,43,"Área colhida (Hectares), Quantidade Produzida (Toneladas) e Valor (Mil Reais) da Produção por Tipo de Lavoura Permanente - 2024 para",20,"Tabela 43 - Área colhida (Hectares), Quantidade Produzida (Toneladas) e Valor (Mil Reais) da Produção por Tipo de Lavoura Permanente - 2024 para","..\..\Desktop\tabelas-powerBI\1 Pará\Tabela 43 - Área colhida (Hectares), Quantidade Produzida (Toneladas) e Valor (Mil Reais) da Produção por Tipo de Lavoura Permanente - 2024 para.xlsx",RIS,137455,6863.0
Marajó,1 Pará,43,"Área colhida (Hectares), Quantidade Produzida (Toneladas) e Valor (Mil Reais) da Produção por Tipo de Lavoura Permanente - 2024 para",20,"Tabela 43 - Área colhida (Hectares), Quantidade Produzida (Toneladas) e Valor (Mil Reais) da Produção por Tipo de Lavoura Permanente - 2024 para","..\..\Desktop\tabelas-powerBI\1 Pará\Tabela 43 - Área colhida (Hectares), Quantidade Produzida (Toneladas) e Valor (Mil Reais) da Produção por Tipo de Lavoura Permanente - 2024 para.xlsx",RIS,137455,195.0
Rio Caeté,1 Pará,43,"Área colhida (Hectares), Quantidade Produzida (Toneladas) e Valor (Mil Reais) da Produção por Tipo de Lavoura Permanente - 2024 para",20,"Tabela 43 - Área colhida (Hectares), Quantidade Produzida (Toneladas) e Valor (Mil Reais) da Produção por Tipo de Lavoura Permanente - 2024 para","..\..\Desktop\tabelas-powerBI\1 Pará\Tabela 43 - Área colhida (Hectares), Quantidade Produzida (Toneladas) e Valor (Mil Reais) da Produção por Tipo de Lavoura Permanente - 2024 para.xlsx",RIS,137455,10.0
Rio Capim,1 Pará,43,"Área colhida (Hectares), Quantidade Produzida (Toneladas) e Valor (Mil Reais) da Produção por Tipo de Lavoura Permanente - 2024 para",20,"Tabela 43 - Área colhida (Hectares), Quantidade Produzida (Toneladas) e Valor (Mil Reais) da Produção por Tipo de Lavoura Permanente - 2024 para","..\..\Desktop\tabelas-powerBI\1 Pará\Tabela 43 - Área colhida (Hectares), Quantidade Produzida (Toneladas) e Valor (Mil Reais) da Produção por Tipo de Lavoura Permanente - 2024 para.xlsx",RIS,137455,3416.0
Tapajós,1 Pará,43,"Área colhida (Hectares), Quantidade Produzida (Toneladas) e Valor (Mil Reais) da Produção por Tipo de Lavoura Permanente - 2024 para",20,"Tabela 43 - Área colhida (Hectares), Quantidade Produzida (Toneladas) e Valor (Mil Reais) da Produção por Tipo de Lavoura Permanente - 2024 para","..\..\Desktop\tabelas-powerBI\1 Pará\Tabela 43 - Área colhida (Hectares), Quantidade Produzida (Toneladas) e Valor (Mil Reais) da Produção por Tipo de Lavoura Permanente - 2024 para.xlsx",RIS,137455,3577.0
Tocantins,1 Pará,43,"Área colhida (Hectares), Quantidade Produzida (Toneladas) e Valor (Mil Reais) da Produção por Tipo de Lavoura Permanente - 2024 para",20,"Tabela 43 - Área colhida (Hectares), Quantidade Produzida (Toneladas) e Valor (Mil Reais) da Produção por Tipo de Lavoura Permanente - 2024 para","..\..\Desktop\tabelas-powerBI\1 Pará\Tabela 43 - Área colhida (Hectares), Quantidade Produzida (Toneladas) e Valor (Mil Reais) da Produção por Tipo de Lavoura Permanente - 2024 para.xlsx",RIS,137455,5381.0
Xingu,1 Pará,43,"Área colhida (Hectares), Quantidade Produzida (Toneladas) e Valor (Mil Reais) da Produção por Tipo de Lavoura Permanente - 2024 para",20,"Tabela 43 - Área colhida (Hectares), Quantidade Produzida (Toneladas) e Valor (Mil Reais) da Produção por Tipo de Lavoura Permanente - 2024 para","..\..\Desktop\tabelas-powerBI\1 Pará\Tabela 43 - Área colhida (Hectares), Quantidade Produzida (Toneladas) e Valor (Mil Reais) da Produção por Tipo de Lavoura Permanente - 2024 para.xlsx",RIS,137455,105023.0
Fonte: IBGE/PAM,1 Pará,43,"Área colhida (Hectares), Quantidade Produzida (Toneladas) e Valor (Mil Reais) da Produção por Tipo de Lavoura Permanente - 2024 para",20,"Tabela 43 - Área colhida (Hectares), Quantidade Produzida (Toneladas) e Valor (Mil Reais) da Produção por Tipo de Lavoura Permanente - 2024 para","..\..\Desktop\tabelas-powerBI\1 Pará\Tabela 43 - Área colhida (Hectares), Quantidade Produzida (Toneladas) e Valor (Mil Reais) da Produção por Tipo de Lavoura Permanente - 2024 para.xlsx",RIS,137455,
Elaboração: FAPESPA,1 Pará,43,"Área colhida (Hectares), Quantidade Produzida (Toneladas) e Valor (Mil Reais) da Produção por Tipo de Lavoura Permanente - 2024 para",20,"Tabela 43 - Área colhida (Hectares), Quantidade Produzida (Toneladas) e Valor (Mil Reais) da Produção por Tipo de Lavoura Permanente - 2024 para","..\..\Desktop\tabelas-powerBI\1 Pará\Tabela 43 - Área colhida (Hectares), Quantidade Produzida (Toneladas) e Valor (Mil Reais) da Produção por Tipo de Lavoura Permanente - 2024 para.xlsx",RIS,137455,
Nota: A quantidade produzida de coco-da-baía é expressa em mil frutos ,1 Pará,43,"Área colhida (Hectares), Quantidade Produzida (Toneladas) e Valor (Mil Reais) da Produção por Tipo de Lavoura Permanente - 2024 para",20,"Tabela 43 - Área colhida (Hectares), Quantidade Produzida (Toneladas) e Valor (Mil Reais) da Produção por Tipo de Lavoura Permanente - 2024 para","..\..\Desktop\tabelas-powerBI\1 Pará\Tabela 43 - Área colhida (Hectares), Quantidade Produzida (Toneladas) e Valor (Mil Reais) da Produção por Tipo de Lavoura Permanente - 2024 para.xlsx",RIS,137455,
Araguaia,1 Pará,43,"Área colhida (Hectares), Quantidade Produzida (Toneladas) e Valor (Mil Reais) da Produção por Tipo de Lavoura Permanente - 2024 para",20,"Tabela 43 - Área colhida (Hectares), Quantidade Produzida (Toneladas) e Valor (Mil Reais) da Produção por Tipo de Lavoura Permanente - 2024 para","..\..\Desktop\tabelas-powerBI\1 Pará\Tabela 43 - Área colhida (Hectares), Quantidade Produzida (Toneladas) e Valor (Mil Reais) da Produção por Tipo de Lavoura Permanente - 2024 para.xlsx",RIS,7716788,571314.0
Baixo Amazonas,1 Pará,43,"Área colhida (Hectares), Quantidade Produzida (Toneladas) e Valor (Mil Reais) da Produção por Tipo de Lavoura Permanente - 2024 para",20,"Tabela 43 - Área colhida (Hectares), Quantidade Produzida (Toneladas) e Valor (Mil Reais) da Produção por Tipo de Lavoura Permanente - 2024 para","..\..\Desktop\tabelas-powerBI\1 Pará\Tabela 43 - Área colhida (Hectares), Quantidade Produzida (Toneladas) e Valor (Mil Reais) da Produção por Tipo de Lavoura Permanente - 2024 para.xlsx",RIS,7716788,35691.0
Carajás,1 Pará,43,"Área colhida (Hectares), Quantidade Produzida (Toneladas) e Valor (Mil Reais) da Produção por Tipo de Lavoura Permanente - 2024 para",20,"Tabela 43 - Área colhida (Hectares), Quantidade Produzida (Toneladas) e Valor (Mil Reais) da Produção por Tipo de Lavoura Permanente - 2024 para","..\..\Desktop\tabelas-powerBI\1 Pará\Tabela 43 - Área colhida (Hectares), Quantidade Produzida (Toneladas) e Valor (Mil Reais) da Produção por Tipo de Lavoura Permanente - 2024 para.xlsx",RIS,7716788,58506.0
Guajará,1 Pará,43,"Área colhida (Hectares), Quantidade Produzida (Toneladas) e Valor (Mil Reais) da Produção por Tipo de Lavoura Permanente - 2024 para",20,"Tabela 43 - Área colhida (Hectares), Quantidade Produzida (Toneladas) e Valor (Mil Reais) da Produção por Tipo de Lavoura Permanente - 2024 para","..\..\Desktop\tabelas-powerBI\1 Pará\Tabela 43 - Área colhida (Hectares), Quantidade Produzida (Toneladas) e Valor (Mil Reais) da Produção por Tipo de Lavoura Permanente - 2024 para.xlsx",RIS,7716788,1265.0
Guamá,1 Pará,43,"Área colhida (Hectares), Quantidade Produzida (Toneladas) e Valor (Mil Reais) da Produção por Tipo de Lavoura Permanente - 2024 para",20,"Tabela 43 - Área colhida (Hectares), Quantidade Produzida (Toneladas) e Valor (Mil Reais) da Produção por Tipo de Lavoura Permanente - 2024 para","..\..\Desktop\tabelas-powerBI\1 Pará\Tabela 43 - Área colhida (Hectares), Quantidade Produzida (Toneladas) e Valor (Mil Reais) da Produção por Tipo de Lavoura Permanente - 2024 para.xlsx",RIS,7716788,37638.0
Lago de Tucuruí,1 Pará,43,"Área colhida (Hectares), Quantidade Produzida (Toneladas) e Valor (Mil Reais) da Produção por Tipo de Lavoura Permanente - 2024 para",20,"Tabela 43 - Área colhida (Hectares), Quantidade Produzida (Toneladas) e Valor (Mil Reais) da Produção por Tipo de Lavoura Permanente - 2024 para","..\..\Desktop\tabelas-powerBI\1 Pará\Tabela 43 - Área colhida (Hectares), Quantidade Produzida (Toneladas) e Valor (Mil Reais) da Produção por Tipo de Lavoura Permanente - 2024 para.xlsx",RIS,7716788,355277.0
Marajó,1 Pará,43,"Área colhida (Hectares), Quantidade Produzida (Toneladas) e Valor (Mil Reais) da Produção por Tipo de Lavoura Permanente - 2024 para",20,"Tabela 43 - Área colhida (Hectares), Quantidade Produzida (Toneladas) e Valor (Mil Reais) da Produção por Tipo de Lavoura Permanente - 2024 para","..\..\Desktop\tabelas-powerBI\1 Pará\Tabela 43 - Área colhida (Hectares), Quantidade Produzida (Toneladas) e Valor (Mil Reais) da Produção por Tipo de Lavoura Permanente - 2024 para.xlsx",RIS,7716788,9562.0
Rio Caeté,1 Pará,43,"Área colhida (Hectares), Quantidade Produzida (Toneladas) e Valor (Mil Reais) da Produção por Tipo de Lavoura Permanente - 2024 para",20,"Tabela 43 - Área colhida (Hectares), Quantidade Produzida (Toneladas) e Valor (Mil Reais) da Produção por Tipo de Lavoura Permanente - 2024 para","..\..\Desktop\tabelas-powerBI\1 Pará\Tabela 43 - Área colhida (Hectares), Quantidade Produzida (Toneladas) e Valor (Mil Reais) da Produção por Tipo de Lavoura Permanente - 2024 para.xlsx",RIS,7716788,359.0
Rio Capim,1 Pará,43,"Área colhida (Hectares), Quantidade Produzida (Toneladas) e Valor (Mil Reais) da Produção por Tipo de Lavoura Permanente - 2024 para",20,"Tabela 43 - Área colhida (Hectares), Quantidade Produzida (Toneladas) e Valor (Mil Reais) da Produção por Tipo de Lavoura Permanente - 2024 para","..\..\Desktop\tabelas-powerBI\1 Pará\Tabela 43 - Área colhida (Hectares), Quantidade Produzida (Toneladas) e Valor (Mil Reais) da Produção por Tipo de Lavoura Permanente - 2024 para.xlsx",RIS,7716788,172520.0
Tapajós,1 Pará,43,"Área colhida (Hectares), Quantidade Produzida (Toneladas) e Valor (Mil Reais) da Produção por Tipo de Lavoura Permanente - 2024 para",20,"Tabela 43 - Área colhida (Hectares), Quantidade Produzida (Toneladas) e Valor (Mil Reais) da Produção por Tipo de Lavoura Permanente - 2024 para","..\..\Desktop\tabelas-powerBI\1 Pará\Tabela 43 - Área colhida (Hectares), Quantidade Produzida (Toneladas) e Valor (Mil Reais) da Produção por Tipo de Lavoura Permanente - 2024 para.xlsx",RIS,7716788,178594.0
Tocantins,1 Pará,43,"Área colhida (Hectares), Quantidade Produzida (Toneladas) e Valor (Mil Reais) da Produção por Tipo de Lavoura Permanente - 2024 para",20,"Tabela 43 - Área colhida (Hectares), Quantidade Produzida (Toneladas) e Valor (Mil Reais) da Produção por Tipo de Lavoura Permanente - 2024 para","..\..\Desktop\tabelas-powerBI\1 Pará\Tabela 43 - Área colhida (Hectares), Quantidade Produzida (Toneladas) e Valor (Mil Reais) da Produção por Tipo de Lavoura Permanente - 2024 para.xlsx",RIS,7716788,255588.0
Xingu,1 Pará,43,"Área colhida (Hectares), Quantidade Produzida (Toneladas) e Valor (Mil Reais) da Produção por Tipo de Lavoura Permanente - 2024 para",20,"Tabela 43 - Área colhida (Hectares), Quantidade Produzida (Toneladas) e Valor (Mil Reais) da Produção por Tipo de Lavoura Permanente - 2024 para","..\..\Desktop\tabelas-powerBI\1 Pará\Tabela 43 - Área colhida (Hectares), Quantidade Produzida (Toneladas) e Valor (Mil Reais) da Produção por Tipo de Lavoura Permanente - 2024 para.xlsx",RIS,7716788,6040474.0
Fonte: IBGE/PAM,1 Pará,43,"Área colhida (Hectares), Quantidade Produzida (Toneladas) e Valor (Mil Reais) da Produção por Tipo de Lavoura Permanente - 2024 para",20,"Tabela 43 - Área colhida (Hectares), Quantidade Produzida (Toneladas) e Valor (Mil Reais) da Produção por Tipo de Lavoura Permanente - 2024 para","..\..\Desktop\tabelas-powerBI\1 Pará\Tabela 43 - Área colhida (Hectares), Quantidade Produzida (Toneladas) e Valor (Mil Reais) da Produção por Tipo de Lavoura Permanente - 2024 para.xlsx",RIS,7716788,
Elaboração: FAPESPA,1 Pará,43,"Área colhida (Hectares), Quantidade Produzida (Toneladas) e Valor (Mil Reais) da Produção por Tipo de Lavoura Permanente - 2024 para",20,"Tabela 43 - Área colhida (Hectares), Quantidade Produzida (Toneladas) e Valor (Mil Reais) da Produção por Tipo de Lavoura Permanente - 2024 para","..\..\Desktop\tabelas-powerBI\1 Pará\Tabela 43 - Área colhida (Hectares), Quantidade Produzida (Toneladas) e Valor (Mil Reais) da Produção por Tipo de Lavoura Permanente - 2024 para.xlsx",RIS,7716788,
Nota: A quantidade produzida de coco-da-baía é expressa em mil frutos ,1 Pará,43,"Área colhida (Hectares), Quantidade Produzida (Toneladas) e Valor (Mil Reais) da Produção por Tipo de Lavoura Permanente - 2024 para",20,"Tabela 43 - Área colhida (Hectares), Quantidade Produzida (Toneladas) e Valor (Mil Reais) da Produção por Tipo de Lavoura Permanente - 2024 para","..\..\Desktop\tabelas-powerBI\1 Pará\Tabela 43 - Área colhida (Hectares), Quantidade Produzida (Toneladas) e Valor (Mil Reais) da Produção por Tipo de Lavoura Permanente - 2024 para.xlsx",RIS,7716788,
Araguaia,1 Pará,43,"Área colhida (Hectares), Quantidade Produzida (Toneladas) e Valor (Mil Reais) da Produção por Tipo de Lavoura Permanente - 2024 para",20,"Tabela 43 - Área colhida (Hectares), Quantidade Produzida (Toneladas) e Valor (Mil Reais) da Produção por Tipo de Lavoura Permanente - 2024 para","..\..\Desktop\tabelas-powerBI\1 Pará\Tabela 43 - Área colhida (Hectares), Quantidade Produzida (Toneladas) e Valor (Mil Reais) da Produção por Tipo de Lavoura Permanente - 2024 para.xlsx",RIS,137,0.0
Baixo Amazonas,1 Pará,43,"Área colhida (Hectares), Quantidade Produzida (Toneladas) e Valor (Mil Reais) da Produção por Tipo de Lavoura Permanente - 2024 para",20,"Tabela 43 - Área colhida (Hectares), Quantidade Produzida (Toneladas) e Valor (Mil Reais) da Produção por Tipo de Lavoura Permanente - 2024 para","..\..\Desktop\tabelas-powerBI\1 Pará\Tabela 43 - Área colhida (Hectares), Quantidade Produzida (Toneladas) e Valor (Mil Reais) da Produção por Tipo de Lavoura Permanente - 2024 para.xlsx",RIS,137,40.0
Carajás,1 Pará,43,"Área colhida (Hectares), Quantidade Produzida (Toneladas) e Valor (Mil Reais) da Produção por Tipo de Lavoura Permanente - 2024 para",20,"Tabela 43 - Área colhida (Hectares), Quantidade Produzida (Toneladas) e Valor (Mil Reais) da Produção por Tipo de Lavoura Permanente - 2024 para","..\..\Desktop\tabelas-powerBI\1 Pará\Tabela 43 - Área colhida (Hectares), Quantidade Produzida (Toneladas) e Valor (Mil Reais) da Produção por Tipo de Lavoura Permanente - 2024 para.xlsx",RIS,137,0.0
Guajará,1 Pará,43,"Área colhida (Hectares), Quantidade Produzida (Toneladas) e Valor (Mil Reais) da Produção por Tipo de Lavoura Permanente - 2024 para",20,"Tabela 43 - Área colhida (Hectares), Quantidade Produzida (Toneladas) e Valor (Mil Reais) da Produção por Tipo de Lavoura Permanente - 2024 para","..\..\Desktop\tabelas-powerBI\1 Pará\Tabela 43 - Área colhida (Hectares), Quantidade Produzida (Toneladas) e Valor (Mil Reais) da Produção por Tipo de Lavoura Permanente - 2024 para.xlsx",RIS,137,0.0
Guamá,1 Pará,43,"Área colhida (Hectares), Quantidade Produzida (Toneladas) e Valor (Mil Reais) da Produção por Tipo de Lavoura Permanente - 2024 para",20,"Tabela 43 - Área colhida (Hectares), Quantidade Produzida (Toneladas) e Valor (Mil Reais) da Produção por Tipo de Lavoura Permanente - 2024 para","..\..\Desktop\tabelas-powerBI\1 Pará\Tabela 43 - Área colhida (Hectares), Quantidade Produzida (Toneladas) e Valor (Mil Reais) da Produção por Tipo de Lavoura Permanente - 2024 para.xlsx",RIS,137,0.0
Lago de Tucuruí,1 Pará,43,"Área colhida (Hectares), Quantidade Produzida (Toneladas) e Valor (Mil Reais) da Produção por Tipo de Lavoura Permanente - 2024 para",20,"Tabela 43 - Área colhida (Hectares), Quantidade Produzida (Toneladas) e Valor (Mil Reais) da Produção por Tipo de Lavoura Permanente - 2024 para","..\..\Desktop\tabelas-powerBI\1 Pará\Tabela 43 - Área colhida (Hectares), Quantidade Produzida (Toneladas) e Valor (Mil Reais) da Produção por Tipo de Lavoura Permanente - 2024 para.xlsx",RIS,137,0.0
Marajó,1 Pará,43,"Área colhida (Hectares), Quantidade Produzida (Toneladas) e Valor (Mil Reais) da Produção por Tipo de Lavoura Permanente - 2024 para",20,"Tabela 43 - Área colhida (Hectares), Quantidade Produzida (Toneladas) e Valor (Mil Reais) da Produção por Tipo de Lavoura Permanente - 2024 para","..\..\Desktop\tabelas-powerBI\1 Pará\Tabela 43 - Área colhida (Hectares), Quantidade Produzida (Toneladas) e Valor (Mil Reais) da Produção por Tipo de Lavoura Permanente - 2024 para.xlsx",RIS,137,0.0
Rio Caeté,1 Pará,43,"Área colhida (Hectares), Quantidade Produzida (Toneladas) e Valor (Mil Reais) da Produção por Tipo de Lavoura Permanente - 2024 para",20,"Tabela 43 - Área colhida (Hectares), Quantidade Produzida (Toneladas) e Valor (Mil Reais) da Produção por Tipo de Lavoura Permanente - 2024 para","..\..\Desktop\tabelas-powerBI\1 Pará\Tabela 43 - Área colhida (Hectares), Quantidade Produzida (Toneladas) e Valor (Mil Reais) da Produção por Tipo de Lavoura Permanente - 2024 para.xlsx",RIS,137,0.0
Rio Capim,1 Pará,43,"Área colhida (Hectares), Quantidade Produzida (Toneladas) e Valor (Mil Reais) da Produção por Tipo de Lavoura Permanente - 2024 para",20,"Tabela 43 - Área colhida (Hectares), Quantidade Produzida (Toneladas) e Valor (Mil Reais) da Produção por Tipo de Lavoura Permanente - 2024 para","..\..\Desktop\tabelas-powerBI\1 Pará\Tabela 43 - Área colhida (Hectares), Quantidade Produzida (Toneladas) e Valor (Mil Reais) da Produção por Tipo de Lavoura Permanente - 2024 para.xlsx",RIS,137,0.0
Tapajós,1 Pará,43,"Área colhida (Hectares), Quantidade Produzida (Toneladas) e Valor (Mil Reais) da Produção por Tipo de Lavoura Permanente - 2024 para",20,"Tabela 43 - Área colhida (Hectares), Quantidade Produzida (Toneladas) e Valor (Mil Reais) da Produção por Tipo de Lavoura Permanente - 2024 para","..\..\Desktop\tabelas-powerBI\1 Pará\Tabela 43 - Área colhida (Hectares), Quantidade Produzida (Toneladas) e Valor (Mil Reais) da Produção por Tipo de Lavoura Permanente - 2024 para.xlsx",RIS,137,6.0
Tocantins,1 Pará,43,"Área colhida (Hectares), Quantidade Produzida (Toneladas) e Valor (Mil Reais) da Produção por Tipo de Lavoura Permanente - 2024 para",20,"Tabela 43 - Área colhida (Hectares), Quantidade Produzida (Toneladas) e Valor (Mil Reais) da Produção por Tipo de Lavoura Permanente - 2024 para","..\..\Desktop\tabelas-powerBI\1 Pará\Tabela 43 - Área colhida (Hectares), Quantidade Produzida (Toneladas) e Valor (Mil Reais) da Produção por Tipo de Lavoura Permanente - 2024 para.xlsx",RIS,137,71.0
Xingu,1 Pará,43,"Área colhida (Hectares), Quantidade Produzida (Toneladas) e Valor (Mil Reais) da Produção por Tipo de Lavoura Permanente - 2024 para",20,"Tabela 43 - Área colhida (Hectares), Quantidade Produzida (Toneladas) e Valor (Mil Reais) da Produção por Tipo de Lavoura Permanente - 2024 para","..\..\Desktop\tabelas-powerBI\1 Pará\Tabela 43 - Área colhida (Hectares), Quantidade Produzida (Toneladas) e Valor (Mil Reais) da Produção por Tipo de Lavoura Permanente - 2024 para.xlsx",RIS,137,20.0
Fonte: IBGE/PAM,1 Pará,43,"Área colhida (Hectares), Quantidade Produzida (Toneladas) e Valor (Mil Reais) da Produção por Tipo de Lavoura Permanente - 2024 para",20,"Tabela 43 - Área colhida (Hectares), Quantidade Produzida (Toneladas) e Valor (Mil Reais) da Produção por Tipo de Lavoura Permanente - 2024 para","..\..\Desktop\tabelas-powerBI\1 Pará\Tabela 43 - Área colhida (Hectares), Quantidade Produzida (Toneladas) e Valor (Mil Reais) da Produção por Tipo de Lavoura Permanente - 2024 para.xlsx",RIS,137,
Elaboração: FAPESPA,1 Pará,43,"Área colhida (Hectares), Quantidade Produzida (Toneladas) e Valor (Mil Reais) da Produção por Tipo de Lavoura Permanente - 2024 para",20,"Tabela 43 - Área colhida (Hectares), Quantidade Produzida (Toneladas) e Valor (Mil Reais) da Produção por Tipo de Lavoura Permanente - 2024 para","..\..\Desktop\tabelas-powerBI\1 Pará\Tabela 43 - Área colhida (Hectares), Quantidade Produzida (Toneladas) e Valor (Mil Reais) da Produção por Tipo de Lavoura Permanente - 2024 para.xlsx",RIS,137,
Nota: A quantidade produzida de coco-da-baía é expressa em mil frutos ,1 Pará,43,"Área colhida (Hectares), Quantidade Produzida (Toneladas) e Valor (Mil Reais) da Produção por Tipo de Lavoura Permanente - 2024 para",20,"Tabela 43 - Área colhida (Hectares), Quantidade Produzida (Toneladas) e Valor (Mil Reais) da Produção por Tipo de Lavoura Permanente - 2024 para","..\..\Desktop\tabelas-powerBI\1 Pará\Tabela 43 - Área colhida (Hectares), Quantidade Produzida (Toneladas) e Valor (Mil Reais) da Produção por Tipo de Lavoura Permanente - 2024 para.xlsx",RIS,137,
Araguaia,1 Pará,43,"Área colhida (Hectares), Quantidade Produzida (Toneladas) e Valor (Mil Reais) da Produção por Tipo de Lavoura Permanente - 2024 para",20,"Tabela 43 - Área colhida (Hectares), Quantidade Produzida (Toneladas) e Valor (Mil Reais) da Produção por Tipo de Lavoura Permanente - 2024 para","..\..\Desktop\tabelas-powerBI\1 Pará\Tabela 43 - Área colhida (Hectares), Quantidade Produzida (Toneladas) e Valor (Mil Reais) da Produção por Tipo de Lavoura Permanente - 2024 para.xlsx",RIS,97,0.0
Baixo Amazonas,1 Pará,43,"Área colhida (Hectares), Quantidade Produzida (Toneladas) e Valor (Mil Reais) da Produção por Tipo de Lavoura Permanente - 2024 para",20,"Tabela 43 - Área colhida (Hectares), Quantidade Produzida (Toneladas) e Valor (Mil Reais) da Produção por Tipo de Lavoura Permanente - 2024 para","..\..\Desktop\tabelas-powerBI\1 Pará\Tabela 43 - Área colhida (Hectares), Quantidade Produzida (Toneladas) e Valor (Mil Reais) da Produção por Tipo de Lavoura Permanente - 2024 para.xlsx",RIS,97,28.0
Carajás,1 Pará,43,"Área colhida (Hectares), Quantidade Produzida (Toneladas) e Valor (Mil Reais) da Produção por Tipo de Lavoura Permanente - 2024 para",20,"Tabela 43 - Área colhida (Hectares), Quantidade Produzida (Toneladas) e Valor (Mil Reais) da Produção por Tipo de Lavoura Permanente - 2024 para","..\..\Desktop\tabelas-powerBI\1 Pará\Tabela 43 - Área colhida (Hectares), Quantidade Produzida (Toneladas) e Valor (Mil Reais) da Produção por Tipo de Lavoura Permanente - 2024 para.xlsx",RIS,97,0.0
Guajará,1 Pará,43,"Área colhida (Hectares), Quantidade Produzida (Toneladas) e Valor (Mil Reais) da Produção por Tipo de Lavoura Permanente - 2024 para",20,"Tabela 43 - Área colhida (Hectares), Quantidade Produzida (Toneladas) e Valor (Mil Reais) da Produção por Tipo de Lavoura Permanente - 2024 para","..\..\Desktop\tabelas-powerBI\1 Pará\Tabela 43 - Área colhida (Hectares), Quantidade Produzida (Toneladas) e Valor (Mil Reais) da Produção por Tipo de Lavoura Permanente - 2024 para.xlsx",RIS,97,0.0
Guamá,1 Pará,43,"Área colhida (Hectares), Quantidade Produzida (Toneladas) e Valor (Mil Reais) da Produção por Tipo de Lavoura Permanente - 2024 para",20,"Tabela 43 - Área colhida (Hectares), Quantidade Produzida (Toneladas) e Valor (Mil Reais) da Produção por Tipo de Lavoura Permanente - 2024 para","..\..\Desktop\tabelas-powerBI\1 Pará\Tabela 43 - Área colhida (Hectares), Quantidade Produzida (Toneladas) e Valor (Mil Reais) da Produção por Tipo de Lavoura Permanente - 2024 para.xlsx",RIS,97,0.0
Lago de Tucuruí,1 Pará,43,"Área colhida (Hectares), Quantidade Produzida (Toneladas) e Valor (Mil Reais) da Produção por Tipo de Lavoura Permanente - 2024 para",20,"Tabela 43 - Área colhida (Hectares), Quantidade Produzida (Toneladas) e Valor (Mil Reais) da Produção por Tipo de Lavoura Permanente - 2024 para","..\..\Desktop\tabelas-powerBI\1 Pará\Tabela 43 - Área colhida (Hectares), Quantidade Produzida (Toneladas) e Valor (Mil Reais) da Produção por Tipo de Lavoura Permanente - 2024 para.xlsx",RIS,97,0.0
Marajó,1 Pará,43,"Área colhida (Hectares), Quantidade Produzida (Toneladas) e Valor (Mil Reais) da Produção por Tipo de Lavoura Permanente - 2024 para",20,"Tabela 43 - Área colhida (Hectares), Quantidade Produzida (Toneladas) e Valor (Mil Reais) da Produção por Tipo de Lavoura Permanente - 2024 para","..\..\Desktop\tabelas-powerBI\1 Pará\Tabela 43 - Área colhida (Hectares), Quantidade Produzida (Toneladas) e Valor (Mil Reais) da Produção por Tipo de Lavoura Permanente - 2024 para.xlsx",RIS,97,0.0
Rio Caeté,1 Pará,43,"Área colhida (Hectares), Quantidade Produzida (Toneladas) e Valor (Mil Reais) da Produção por Tipo de Lavoura Permanente - 2024 para",20,"Tabela 43 - Área colhida (Hectares), Quantidade Produzida (Toneladas) e Valor (Mil Reais) da Produção por Tipo de Lavoura Permanente - 2024 para","..\..\Desktop\tabelas-powerBI\1 Pará\Tabela 43 - Área colhida (Hectares), Quantidade Produzida (Toneladas) e Valor (Mil Reais) da Produção por Tipo de Lavoura Permanente - 2024 para.xlsx",RIS,97,0.0
Rio Capim,1 Pará,43,"Área colhida (Hectares), Quantidade Produzida (Toneladas) e Valor (Mil Reais) da Produção por Tipo de Lavoura Permanente - 2024 para",20,"Tabela 43 - Área colhida (Hectares), Quantidade Produzida (Toneladas) e Valor (Mil Reais) da Produção por Tipo de Lavoura Permanente - 2024 para","..\..\Desktop\tabelas-powerBI\1 Pará\Tabela 43 - Área colhida (Hectares), Quantidade Produzida (Toneladas) e Valor (Mil Reais) da Produção por Tipo de Lavoura Permanente - 2024 para.xlsx",RIS,97,0.0
Tapajós,1 Pará,43,"Área colhida (Hectares), Quantidade Produzida (Toneladas) e Valor (Mil Reais) da Produção por Tipo de Lavoura Permanente - 2024 para",20,"Tabela 43 - Área colhida (Hectares), Quantidade Produzida (Toneladas) e Valor (Mil Reais) da Produção por Tipo de Lavoura Permanente - 2024 para","..\..\Desktop\tabelas-powerBI\1 Pará\Tabela 43 - Área colhida (Hectares), Quantidade Produzida (Toneladas) e Valor (Mil Reais) da Produção por Tipo de Lavoura Permanente - 2024 para.xlsx",RIS,97,4.0
Tocantins,1 Pará,43,"Área colhida (Hectares), Quantidade Produzida (Toneladas) e Valor (Mil Reais) da Produção por Tipo de Lavoura Permanente - 2024 para",20,"Tabela 43 - Área colhida (Hectares), Quantidade Produzida (Toneladas) e Valor (Mil Reais) da Produção por Tipo de Lavoura Permanente - 2024 para","..\..\Desktop\tabelas-powerBI\1 Pará\Tabela 43 - Área colhida (Hectares), Quantidade Produzida (Toneladas) e Valor (Mil Reais) da Produção por Tipo de Lavoura Permanente - 2024 para.xlsx",RIS,97,46.0
Xingu,1 Pará,43,"Área colhida (Hectares), Quantidade Produzida (Toneladas) e Valor (Mil Reais) da Produção por Tipo de Lavoura Permanente - 2024 para",20,"Tabela 43 - Área colhida (Hectares), Quantidade Produzida (Toneladas) e Valor (Mil Reais) da Produção por Tipo de Lavoura Permanente - 2024 para","..\..\Desktop\tabelas-powerBI\1 Pará\Tabela 43 - Área colhida (Hectares), Quantidade Produzida (Toneladas) e Valor (Mil Reais) da Produção por Tipo de Lavoura Permanente - 2024 para.xlsx",RIS,97,19.0
Fonte: IBGE/PAM,1 Pará,43,"Área colhida (Hectares), Quantidade Produzida (Toneladas) e Valor (Mil Reais) da Produção por Tipo de Lavoura Permanente - 2024 para",20,"Tabela 43 - Área colhida (Hectares), Quantidade Produzida (Toneladas) e Valor (Mil Reais) da Produção por Tipo de Lavoura Permanente - 2024 para","..\..\Desktop\tabelas-powerBI\1 Pará\Tabela 43 - Área colhida (Hectares), Quantidade Produzida (Toneladas) e Valor (Mil Reais) da Produção por Tipo de Lavoura Permanente - 2024 para.xlsx",RIS,97,
Elaboração: FAPESPA,1 Pará,43,"Área colhida (Hectares), Quantidade Produzida (Toneladas) e Valor (Mil Reais) da Produção por Tipo de Lavoura Permanente - 2024 para",20,"Tabela 43 - Área colhida (Hectares), Quantidade Produzida (Toneladas) e Valor (Mil Reais) da Produção por Tipo de Lavoura Permanente - 2024 para","..\..\Desktop\tabelas-powerBI\1 Pará\Tabela 43 - Área colhida (Hectares), Quantidade Produzida (Toneladas) e Valor (Mil Reais) da Produção por Tipo de Lavoura Permanente - 2024 para.xlsx",RIS,97,
Nota: A quantidade produzida de coco-da-baía é expressa em mil frutos ,1 Pará,43,"Área colhida (Hectares), Quantidade Produzida (Toneladas) e Valor (Mil Reais) da Produção por Tipo de Lavoura Permanente - 2024 para",20,"Tabela 43 - Área colhida (Hectares), Quantidade Produzida (Toneladas) e Valor (Mil Reais) da Produção por Tipo de Lavoura Permanente - 2024 para","..\..\Desktop\tabelas-powerBI\1 Pará\Tabela 43 - Área colhida (Hectares), Quantidade Produzida (Toneladas) e Valor (Mil Reais) da Produção por Tipo de Lavoura Permanente - 2024 para.xlsx",RIS,97,
Araguaia,1 Pará,43,"Área colhida (Hectares), Quantidade Produzida (Toneladas) e Valor (Mil Reais) da Produção por Tipo de Lavoura Permanente - 2024 para",20,"Tabela 43 - Área colhida (Hectares), Quantidade Produzida (Toneladas) e Valor (Mil Reais) da Produção por Tipo de Lavoura Permanente - 2024 para","..\..\Desktop\tabelas-powerBI\1 Pará\Tabela 43 - Área colhida (Hectares), Quantidade Produzida (Toneladas) e Valor (Mil Reais) da Produção por Tipo de Lavoura Permanente - 2024 para.xlsx",RIS,1871,0.0
Baixo Amazonas,1 Pará,43,"Área colhida (Hectares), Quantidade Produzida (Toneladas) e Valor (Mil Reais) da Produção por Tipo de Lavoura Permanente - 2024 para",20,"Tabela 43 - Área colhida (Hectares), Quantidade Produzida (Toneladas) e Valor (Mil Reais) da Produção por Tipo de Lavoura Permanente - 2024 para","..\..\Desktop\tabelas-powerBI\1 Pará\Tabela 43 - Área colhida (Hectares), Quantidade Produzida (Toneladas) e Valor (Mil Reais) da Produção por Tipo de Lavoura Permanente - 2024 para.xlsx",RIS,1871,688.0
Carajás,1 Pará,43,"Área colhida (Hectares), Quantidade Produzida (Toneladas) e Valor (Mil Reais) da Produção por Tipo de Lavoura Permanente - 2024 para",20,"Tabela 43 - Área colhida (Hectares), Quantidade Produzida (Toneladas) e Valor (Mil Reais) da Produção por Tipo de Lavoura Permanente - 2024 para","..\..\Desktop\tabelas-powerBI\1 Pará\Tabela 43 - Área colhida (Hectares), Quantidade Produzida (Toneladas) e Valor (Mil Reais) da Produção por Tipo de Lavoura Permanente - 2024 para.xlsx",RIS,1871,0.0
Guajará,1 Pará,43,"Área colhida (Hectares), Quantidade Produzida (Toneladas) e Valor (Mil Reais) da Produção por Tipo de Lavoura Permanente - 2024 para",20,"Tabela 43 - Área colhida (Hectares), Quantidade Produzida (Toneladas) e Valor (Mil Reais) da Produção por Tipo de Lavoura Permanente - 2024 para","..\..\Desktop\tabelas-powerBI\1 Pará\Tabela 43 - Área colhida (Hectares), Quantidade Produzida (Toneladas) e Valor (Mil Reais) da Produção por Tipo de Lavoura Permanente - 2024 para.xlsx",RIS,1871,0.0
Guamá,1 Pará,43,"Área colhida (Hectares), Quantidade Produzida (Toneladas) e Valor (Mil Reais) da Produção por Tipo de Lavoura Permanente - 2024 para",20,"Tabela 43 - Área colhida (Hectares), Quantidade Produzida (Toneladas) e Valor (Mil Reais) da Produção por Tipo de Lavoura Permanente - 2024 para","..\..\Desktop\tabelas-powerBI\1 Pará\Tabela 43 - Área colhida (Hectares), Quantidade Produzida (Toneladas) e Valor (Mil Reais) da Produção por Tipo de Lavoura Permanente - 2024 para.xlsx",RIS,1871,0.0
Lago de Tucuruí,1 Pará,43,"Área colhida (Hectares), Quantidade Produzida (Toneladas) e Valor (Mil Reais) da Produção por Tipo de Lavoura Permanente - 2024 para",20,"Tabela 43 - Área colhida (Hectares), Quantidade Produzida (Toneladas) e Valor (Mil Reais) da Produção por Tipo de Lavoura Permanente - 2024 para","..\..\Desktop\tabelas-powerBI\1 Pará\Tabela 43 - Área colhida (Hectares), Quantidade Produzida (Toneladas) e Valor (Mil Reais) da Produção por Tipo de Lavoura Permanente - 2024 para.xlsx",RIS,1871,0.0
Marajó,1 Pará,43,"Área colhida (Hectares), Quantidade Produzida (Toneladas) e Valor (Mil Reais) da Produção por Tipo de Lavoura Permanente - 2024 para",20,"Tabela 43 - Área colhida (Hectares), Quantidade Produzida (Toneladas) e Valor (Mil Reais) da Produção por Tipo de Lavoura Permanente - 2024 para","..\..\Desktop\tabelas-powerBI\1 Pará\Tabela 43 - Área colhida (Hectares), Quantidade Produzida (Toneladas) e Valor (Mil Reais) da Produção por Tipo de Lavoura Permanente - 2024 para.xlsx",RIS,1871,0.0
Rio Caeté,1 Pará,43,"Área colhida (Hectares), Quantidade Produzida (Toneladas) e Valor (Mil Reais) da Produção por Tipo de Lavoura Permanente - 2024 para",20,"Tabela 43 - Área colhida (Hectares), Quantidade Produzida (Toneladas) e Valor (Mil Reais) da Produção por Tipo de Lavoura Permanente - 2024 para","..\..\Desktop\tabelas-powerBI\1 Pará\Tabela 43 - Área colhida (Hectares), Quantidade Produzida (Toneladas) e Valor (Mil Reais) da Produção por Tipo de Lavoura Permanente - 2024 para.xlsx",RIS,1871,0.0
Rio Capim,1 Pará,43,"Área colhida (Hectares), Quantidade Produzida (Toneladas) e Valor (Mil Reais) da Produção por Tipo de Lavoura Permanente - 2024 para",20,"Tabela 43 - Área colhida (Hectares), Quantidade Produzida (Toneladas) e Valor (Mil Reais) da Produção por Tipo de Lavoura Permanente - 2024 para","..\..\Desktop\tabelas-powerBI\1 Pará\Tabela 43 - Área colhida (Hectares), Quantidade Produzida (Toneladas) e Valor (Mil Reais) da Produção por Tipo de Lavoura Permanente - 2024 para.xlsx",RIS,1871,0.0
Tapajós,1 Pará,43,"Área colhida (Hectares), Quantidade Produzida (Toneladas) e Valor (Mil Reais) da Produção por Tipo de Lavoura Permanente - 2024 para",20,"Tabela 43 - Área colhida (Hectares), Quantidade Produzida (Toneladas) e Valor (Mil Reais) da Produção por Tipo de Lavoura Permanente - 2024 para","..\..\Desktop\tabelas-powerBI\1 Pará\Tabela 43 - Área colhida (Hectares), Quantidade Produzida (Toneladas) e Valor (Mil Reais) da Produção por Tipo de Lavoura Permanente - 2024 para.xlsx",RIS,1871,62.0
Tocantins,1 Pará,43,"Área colhida (Hectares), Quantidade Produzida (Toneladas) e Valor (Mil Reais) da Produção por Tipo de Lavoura Permanente - 2024 para",20,"Tabela 43 - Área colhida (Hectares), Quantidade Produzida (Toneladas) e Valor (Mil Reais) da Produção por Tipo de Lavoura Permanente - 2024 para","..\..\Desktop\tabelas-powerBI\1 Pará\Tabela 43 - Área colhida (Hectares), Quantidade Produzida (Toneladas) e Valor (Mil Reais) da Produção por Tipo de Lavoura Permanente - 2024 para.xlsx",RIS,1871,825.0
Xingu,1 Pará,43,"Área colhida (Hectares), Quantidade Produzida (Toneladas) e Valor (Mil Reais) da Produção por Tipo de Lavoura Permanente - 2024 para",20,"Tabela 43 - Área colhida (Hectares), Quantidade Produzida (Toneladas) e Valor (Mil Reais) da Produção por Tipo de Lavoura Permanente - 2024 para","..\..\Desktop\tabelas-powerBI\1 Pará\Tabela 43 - Área colhida (Hectares), Quantidade Produzida (Toneladas) e Valor (Mil Reais) da Produção por Tipo de Lavoura Permanente - 2024 para.xlsx",RIS,1871,295.0
Fonte: IBGE/PAM,1 Pará,43,"Área colhida (Hectares), Quantidade Produzida (Toneladas) e Valor (Mil Reais) da Produção por Tipo de Lavoura Permanente - 2024 para",20,"Tabela 43 - Área colhida (Hectares), Quantidade Produzida (Toneladas) e Valor (Mil Reais) da Produção por Tipo de Lavoura Permanente - 2024 para","..\..\Desktop\tabelas-powerBI\1 Pará\Tabela 43 - Área colhida (Hectares), Quantidade Produzida (Toneladas) e Valor (Mil Reais) da Produção por Tipo de Lavoura Permanente - 2024 para.xlsx",RIS,1871,
Elaboração: FAPESPA,1 Pará,43,"Área colhida (Hectares), Quantidade Produzida (Toneladas) e Valor (Mil Reais) da Produção por Tipo de Lavoura Permanente - 2024 para",20,"Tabela 43 - Área colhida (Hectares), Quantidade Produzida (Toneladas) e Valor (Mil Reais) da Produção por Tipo de Lavoura Permanente - 2024 para","..\..\Desktop\tabelas-powerBI\1 Pará\Tabela 43 - Área colhida (Hectares), Quantidade Produzida (Toneladas) e Valor (Mil Reais) da Produção por Tipo de Lavoura Permanente - 2024 para.xlsx",RIS,1871,
Nota: A quantidade produzida de coco-da-baía é expressa em mil frutos ,1 Pará,43,"Área colhida (Hectares), Quantidade Produzida (Toneladas) e Valor (Mil Reais) da Produção por Tipo de Lavoura Permanente - 2024 para",20,"Tabela 43 - Área colhida (Hectares), Quantidade Produzida (Toneladas) e Valor (Mil Reais) da Produção por Tipo de Lavoura Permanente - 2024 para","..\..\Desktop\tabelas-powerBI\1 Pará\Tabela 43 - Área colhida (Hectares), Quantidade Produzida (Toneladas) e Valor (Mil Reais) da Produção por Tipo de Lavoura Permanente - 2024 para.xlsx",RIS,1871,
Araguaia,1 Pará,43,"Área colhida (Hectares), Quantidade Produzida (Toneladas) e Valor (Mil Reais) da Produção por Tipo de Lavoura Permanente - 2024 para",20,"Tabela 43 - Área colhida (Hectares), Quantidade Produzida (Toneladas) e Valor (Mil Reais) da Produção por Tipo de Lavoura Permanente - 2024 para","..\..\Desktop\tabelas-powerBI\1 Pará\Tabela 43 - Área colhida (Hectares), Quantidade Produzida (Toneladas) e Valor (Mil Reais) da Produção por Tipo de Lavoura Permanente - 2024 para.xlsx",RIS,16868,5.0
Baixo Amazonas,1 Pará,43,"Área colhida (Hectares), Quantidade Produzida (Toneladas) e Valor (Mil Reais) da Produção por Tipo de Lavoura Permanente - 2024 para",20,"Tabela 43 - Área colhida (Hectares), Quantidade Produzida (Toneladas) e Valor (Mil Reais) da Produção por Tipo de Lavoura Permanente - 2024 para","..\..\Desktop\tabelas-powerBI\1 Pará\Tabela 43 - Área colhida (Hectares), Quantidade Produzida (Toneladas) e Valor (Mil Reais) da Produção por Tipo de Lavoura Permanente - 2024 para.xlsx",RIS,16868,203.0
Carajás,1 Pará,43,"Área colhida (Hectares), Quantidade Produzida (Toneladas) e Valor (Mil Reais) da Produção por Tipo de Lavoura Permanente - 2024 para",20,"Tabela 43 - Área colhida (Hectares), Quantidade Produzida (Toneladas) e Valor (Mil Reais) da Produção por Tipo de Lavoura Permanente - 2024 para","..\..\Desktop\tabelas-powerBI\1 Pará\Tabela 43 - Área colhida (Hectares), Quantidade Produzida (Toneladas) e Valor (Mil Reais) da Produção por Tipo de Lavoura Permanente - 2024 para.xlsx",RIS,16868,429.0
Guajará,1 Pará,43,"Área colhida (Hectares), Quantidade Produzida (Toneladas) e Valor (Mil Reais) da Produção por Tipo de Lavoura Permanente - 2024 para",20,"Tabela 43 - Área colhida (Hectares), Quantidade Produzida (Toneladas) e Valor (Mil Reais) da Produção por Tipo de Lavoura Permanente - 2024 para","..\..\Desktop\tabelas-powerBI\1 Pará\Tabela 43 - Área colhida (Hectares), Quantidade Produzida (Toneladas) e Valor (Mil Reais) da Produção por Tipo de Lavoura Permanente - 2024 para.xlsx",RIS,16868,0.0
Guamá,1 Pará,43,"Área colhida (Hectares), Quantidade Produzida (Toneladas) e Valor (Mil Reais) da Produção por Tipo de Lavoura Permanente - 2024 para",20,"Tabela 43 - Área colhida (Hectares), Quantidade Produzida (Toneladas) e Valor (Mil Reais) da Produção por Tipo de Lavoura Permanente - 2024 para","..\..\Desktop\tabelas-powerBI\1 Pará\Tabela 43 - Área colhida (Hectares), Quantidade Produzida (Toneladas) e Valor (Mil Reais) da Produção por Tipo de Lavoura Permanente - 2024 para.xlsx",RIS,16868,1546.0
Lago de Tucuruí,1 Pará,43,"Área colhida (Hectares), Quantidade Produzida (Toneladas) e Valor (Mil Reais) da Produção por Tipo de Lavoura Permanente - 2024 para",20,"Tabela 43 - Área colhida (Hectares), Quantidade Produzida (Toneladas) e Valor (Mil Reais) da Produção por Tipo de Lavoura Permanente - 2024 para","..\..\Desktop\tabelas-powerBI\1 Pará\Tabela 43 - Área colhida (Hectares), Quantidade Produzida (Toneladas) e Valor (Mil Reais) da Produção por Tipo de Lavoura Permanente - 2024 para.xlsx",RIS,16868,175.0
Marajó,1 Pará,43,"Área colhida (Hectares), Quantidade Produzida (Toneladas) e Valor (Mil Reais) da Produção por Tipo de Lavoura Permanente - 2024 para",20,"Tabela 43 - Área colhida (Hectares), Quantidade Produzida (Toneladas) e Valor (Mil Reais) da Produção por Tipo de Lavoura Permanente - 2024 para","..\..\Desktop\tabelas-powerBI\1 Pará\Tabela 43 - Área colhida (Hectares), Quantidade Produzida (Toneladas) e Valor (Mil Reais) da Produção por Tipo de Lavoura Permanente - 2024 para.xlsx",RIS,16868,220.0
Rio Caeté,1 Pará,43,"Área colhida (Hectares), Quantidade Produzida (Toneladas) e Valor (Mil Reais) da Produção por Tipo de Lavoura Permanente - 2024 para",20,"Tabela 43 - Área colhida (Hectares), Quantidade Produzida (Toneladas) e Valor (Mil Reais) da Produção por Tipo de Lavoura Permanente - 2024 para","..\..\Desktop\tabelas-powerBI\1 Pará\Tabela 43 - Área colhida (Hectares), Quantidade Produzida (Toneladas) e Valor (Mil Reais) da Produção por Tipo de Lavoura Permanente - 2024 para.xlsx",RIS,16868,1323.0
Rio Capim,1 Pará,43,"Área colhida (Hectares), Quantidade Produzida (Toneladas) e Valor (Mil Reais) da Produção por Tipo de Lavoura Permanente - 2024 para",20,"Tabela 43 - Área colhida (Hectares), Quantidade Produzida (Toneladas) e Valor (Mil Reais) da Produção por Tipo de Lavoura Permanente - 2024 para","..\..\Desktop\tabelas-powerBI\1 Pará\Tabela 43 - Área colhida (Hectares), Quantidade Produzida (Toneladas) e Valor (Mil Reais) da Produção por Tipo de Lavoura Permanente - 2024 para.xlsx",RIS,16868,1773.0
Tapajós,1 Pará,43,"Área colhida (Hectares), Quantidade Produzida (Toneladas) e Valor (Mil Reais) da Produção por Tipo de Lavoura Permanente - 2024 para",20,"Tabela 43 - Área colhida (Hectares), Quantidade Produzida (Toneladas) e Valor (Mil Reais) da Produção por Tipo de Lavoura Permanente - 2024 para","..\..\Desktop\tabelas-powerBI\1 Pará\Tabela 43 - Área colhida (Hectares), Quantidade Produzida (Toneladas) e Valor (Mil Reais) da Produção por Tipo de Lavoura Permanente - 2024 para.xlsx",RIS,16868,185.0
Tocantins,1 Pará,43,"Área colhida (Hectares), Quantidade Produzida (Toneladas) e Valor (Mil Reais) da Produção por Tipo de Lavoura Permanente - 2024 para",20,"Tabela 43 - Área colhida (Hectares), Quantidade Produzida (Toneladas) e Valor (Mil Reais) da Produção por Tipo de Lavoura Permanente - 2024 para","..\..\Desktop\tabelas-powerBI\1 Pará\Tabela 43 - Área colhida (Hectares), Quantidade Produzida (Toneladas) e Valor (Mil Reais) da Produção por Tipo de Lavoura Permanente - 2024 para.xlsx",RIS,16868,10773.0
Xingu,1 Pará,43,"Área colhida (Hectares), Quantidade Produzida (Toneladas) e Valor (Mil Reais) da Produção por Tipo de Lavoura Permanente - 2024 para",20,"Tabela 43 - Área colhida (Hectares), Quantidade Produzida (Toneladas) e Valor (Mil Reais) da Produção por Tipo de Lavoura Permanente - 2024 para","..\..\Desktop\tabelas-powerBI\1 Pará\Tabela 43 - Área colhida (Hectares), Quantidade Produzida (Toneladas) e Valor (Mil Reais) da Produção por Tipo de Lavoura Permanente - 2024 para.xlsx",RIS,16868,236.0
Fonte: IBGE/PAM,1 Pará,43,"Área colhida (Hectares), Quantidade Produzida (Toneladas) e Valor (Mil Reais) da Produção por Tipo de Lavoura Permanente - 2024 para",20,"Tabela 43 - Área colhida (Hectares), Quantidade Produzida (Toneladas) e Valor (Mil Reais) da Produção por Tipo de Lavoura Permanente - 2024 para","..\..\Desktop\tabelas-powerBI\1 Pará\Tabela 43 - Área colhida (Hectares), Quantidade Produzida (Toneladas) e Valor (Mil Reais) da Produção por Tipo de Lavoura Permanente - 2024 para.xlsx",RIS,16868,
Elaboração: FAPESPA,1 Pará,43,"Área colhida (Hectares), Quantidade Produzida (Toneladas) e Valor (Mil Reais) da Produção por Tipo de Lavoura Permanente - 2024 para",20,"Tabela 43 - Área colhida (Hectares), Quantidade Produzida (Toneladas) e Valor (Mil Reais) da Produção por Tipo de Lavoura Permanente - 2024 para","..\..\Desktop\tabelas-powerBI\1 Pará\Tabela 43 - Área colhida (Hectares), Quantidade Produzida (Toneladas) e Valor (Mil Reais) da Produção por Tipo de Lavoura Permanente - 2024 para.xlsx",RIS,16868,
Nota: A quantidade produzida de coco-da-baía é expressa em mil frutos ,1 Pará,43,"Área colhida (Hectares), Quantidade Produzida (Toneladas) e Valor (Mil Reais) da Produção por Tipo de Lavoura Permanente - 2024 para",20,"Tabela 43 - Área colhida (Hectares), Quantidade Produzida (Toneladas) e Valor (Mil Reais) da Produção por Tipo de Lavoura Permanente - 2024 para","..\..\Desktop\tabelas-powerBI\1 Pará\Tabela 43 - Área colhida (Hectares), Quantidade Produzida (Toneladas) e Valor (Mil Reais) da Produção por Tipo de Lavoura Permanente - 2024 para.xlsx",RIS,16868,
Araguaia,1 Pará,43,"Área colhida (Hectares), Quantidade Produzida (Toneladas) e Valor (Mil Reais) da Produção por Tipo de Lavoura Permanente - 2024 para",20,"Tabela 43 - Área colhida (Hectares), Quantidade Produzida (Toneladas) e Valor (Mil Reais) da Produção por Tipo de Lavoura Permanente - 2024 para","..\..\Desktop\tabelas-powerBI\1 Pará\Tabela 43 - Área colhida (Hectares), Quantidade Produzida (Toneladas) e Valor (Mil Reais) da Produção por Tipo de Lavoura Permanente - 2024 para.xlsx",RIS,169935,30.0
Baixo Amazonas,1 Pará,43,"Área colhida (Hectares), Quantidade Produzida (Toneladas) e Valor (Mil Reais) da Produção por Tipo de Lavoura Permanente - 2024 para",20,"Tabela 43 - Área colhida (Hectares), Quantidade Produzida (Toneladas) e Valor (Mil Reais) da Produção por Tipo de Lavoura Permanente - 2024 para","..\..\Desktop\tabelas-powerBI\1 Pará\Tabela 43 - Área colhida (Hectares), Quantidade Produzida (Toneladas) e Valor (Mil Reais) da Produção por Tipo de Lavoura Permanente - 2024 para.xlsx",RIS,169935,1362.0
Carajás,1 Pará,43,"Área colhida (Hectares), Quantidade Produzida (Toneladas) e Valor (Mil Reais) da Produção por Tipo de Lavoura Permanente - 2024 para",20,"Tabela 43 - Área colhida (Hectares), Quantidade Produzida (Toneladas) e Valor (Mil Reais) da Produção por Tipo de Lavoura Permanente - 2024 para","..\..\Desktop\tabelas-powerBI\1 Pará\Tabela 43 - Área colhida (Hectares), Quantidade Produzida (Toneladas) e Valor (Mil Reais) da Produção por Tipo de Lavoura Permanente - 2024 para.xlsx",RIS,169935,3756.0
Guajará,1 Pará,43,"Área colhida (Hectares), Quantidade Produzida (Toneladas) e Valor (Mil Reais) da Produção por Tipo de Lavoura Permanente - 2024 para",20,"Tabela 43 - Área colhida (Hectares), Quantidade Produzida (Toneladas) e Valor (Mil Reais) da Produção por Tipo de Lavoura Permanente - 2024 para","..\..\Desktop\tabelas-powerBI\1 Pará\Tabela 43 - Área colhida (Hectares), Quantidade Produzida (Toneladas) e Valor (Mil Reais) da Produção por Tipo de Lavoura Permanente - 2024 para.xlsx",RIS,169935,0.0
Guamá,1 Pará,43,"Área colhida (Hectares), Quantidade Produzida (Toneladas) e Valor (Mil Reais) da Produção por Tipo de Lavoura Permanente - 2024 para",20,"Tabela 43 - Área colhida (Hectares), Quantidade Produzida (Toneladas) e Valor (Mil Reais) da Produção por Tipo de Lavoura Permanente - 2024 para","..\..\Desktop\tabelas-powerBI\1 Pará\Tabela 43 - Área colhida (Hectares), Quantidade Produzida (Toneladas) e Valor (Mil Reais) da Produção por Tipo de Lavoura Permanente - 2024 para.xlsx",RIS,169935,15754.0
Lago de Tucuruí,1 Pará,43,"Área colhida (Hectares), Quantidade Produzida (Toneladas) e Valor (Mil Reais) da Produção por Tipo de Lavoura Permanente - 2024 para",20,"Tabela 43 - Área colhida (Hectares), Quantidade Produzida (Toneladas) e Valor (Mil Reais) da Produção por Tipo de Lavoura Permanente - 2024 para","..\..\Desktop\tabelas-powerBI\1 Pará\Tabela 43 - Área colhida (Hectares), Quantidade Produzida (Toneladas) e Valor (Mil Reais) da Produção por Tipo de Lavoura Permanente - 2024 para.xlsx",RIS,169935,1700.0
Marajó,1 Pará,43,"Área colhida (Hectares), Quantidade Produzida (Toneladas) e Valor (Mil Reais) da Produção por Tipo de Lavoura Permanente - 2024 para",20,"Tabela 43 - Área colhida (Hectares), Quantidade Produzida (Toneladas) e Valor (Mil Reais) da Produção por Tipo de Lavoura Permanente - 2024 para","..\..\Desktop\tabelas-powerBI\1 Pará\Tabela 43 - Área colhida (Hectares), Quantidade Produzida (Toneladas) e Valor (Mil Reais) da Produção por Tipo de Lavoura Permanente - 2024 para.xlsx",RIS,169935,1393.0
Rio Caeté,1 Pará,43,"Área colhida (Hectares), Quantidade Produzida (Toneladas) e Valor (Mil Reais) da Produção por Tipo de Lavoura Permanente - 2024 para",20,"Tabela 43 - Área colhida (Hectares), Quantidade Produzida (Toneladas) e Valor (Mil Reais) da Produção por Tipo de Lavoura Permanente - 2024 para","..\..\Desktop\tabelas-powerBI\1 Pará\Tabela 43 - Área colhida (Hectares), Quantidade Produzida (Toneladas) e Valor (Mil Reais) da Produção por Tipo de Lavoura Permanente - 2024 para.xlsx",RIS,169935,13317.0
Rio Capim,1 Pará,43,"Área colhida (Hectares), Quantidade Produzida (Toneladas) e Valor (Mil Reais) da Produção por Tipo de Lavoura Permanente - 2024 para",20,"Tabela 43 - Área colhida (Hectares), Quantidade Produzida (Toneladas) e Valor (Mil Reais) da Produção por Tipo de Lavoura Permanente - 2024 para","..\..\Desktop\tabelas-powerBI\1 Pará\Tabela 43 - Área colhida (Hectares), Quantidade Produzida (Toneladas) e Valor (Mil Reais) da Produção por Tipo de Lavoura Permanente - 2024 para.xlsx",RIS,169935,20296.0
Tapajós,1 Pará,43,"Área colhida (Hectares), Quantidade Produzida (Toneladas) e Valor (Mil Reais) da Produção por Tipo de Lavoura Permanente - 2024 para",20,"Tabela 43 - Área colhida (Hectares), Quantidade Produzida (Toneladas) e Valor (Mil Reais) da Produção por Tipo de Lavoura Permanente - 2024 para","..\..\Desktop\tabelas-powerBI\1 Pará\Tabela 43 - Área colhida (Hectares), Quantidade Produzida (Toneladas) e Valor (Mil Reais) da Produção por Tipo de Lavoura Permanente - 2024 para.xlsx",RIS,169935,1068.0
Tocantins,1 Pará,43,"Área colhida (Hectares), Quantidade Produzida (Toneladas) e Valor (Mil Reais) da Produção por Tipo de Lavoura Permanente - 2024 para",20,"Tabela 43 - Área colhida (Hectares), Quantidade Produzida (Toneladas) e Valor (Mil Reais) da Produção por Tipo de Lavoura Permanente - 2024 para","..\..\Desktop\tabelas-powerBI\1 Pará\Tabela 43 - Área colhida (Hectares), Quantidade Produzida (Toneladas) e Valor (Mil Reais) da Produção por Tipo de Lavoura Permanente - 2024 para.xlsx",RIS,169935,108552.0
Xingu,1 Pará,43,"Área colhida (Hectares), Quantidade Produzida (Toneladas) e Valor (Mil Reais) da Produção por Tipo de Lavoura Permanente - 2024 para",20,"Tabela 43 - Área colhida (Hectares), Quantidade Produzida (Toneladas) e Valor (Mil Reais) da Produção por Tipo de Lavoura Permanente - 2024 para","..\..\Desktop\tabelas-powerBI\1 Pará\Tabela 43 - Área colhida (Hectares), Quantidade Produzida (Toneladas) e Valor (Mil Reais) da Produção por Tipo de Lavoura Permanente - 2024 para.xlsx",RIS,169935,2707.0
Fonte: IBGE/PAM,1 Pará,43,"Área colhida (Hectares), Quantidade Produzida (Toneladas) e Valor (Mil Reais) da Produção por Tipo de Lavoura Permanente - 2024 para",20,"Tabela 43 - Área colhida (Hectares), Quantidade Produzida (Toneladas) e Valor (Mil Reais) da Produção por Tipo de Lavoura Permanente - 2024 para","..\..\Desktop\tabelas-powerBI\1 Pará\Tabela 43 - Área colhida (Hectares), Quantidade Produzida (Toneladas) e Valor (Mil Reais) da Produção por Tipo de Lavoura Permanente - 2024 para.xlsx",RIS,169935,
Elaboração: FAPESPA,1 Pará,43,"Área colhida (Hectares), Quantidade Produzida (Toneladas) e Valor (Mil Reais) da Produção por Tipo de Lavoura Permanente - 2024 para",20,"Tabela 43 - Área colhida (Hectares), Quantidade Produzida (Toneladas) e Valor (Mil Reais) da Produção por Tipo de Lavoura Permanente - 2024 para","..\..\Desktop\tabelas-powerBI\1 Pará\Tabela 43 - Área colhida (Hectares), Quantidade Produzida (Toneladas) e Valor (Mil Reais) da Produção por Tipo de Lavoura Permanente - 2024 para.xlsx",RIS,169935,
Nota: A quantidade produzida de coco-da-baía é expressa em mil frutos ,1 Pará,43,"Área colhida (Hectares), Quantidade Produzida (Toneladas) e Valor (Mil Reais) da Produção por Tipo de Lavoura Permanente - 2024 para",20,"Tabela 43 - Área colhida (Hectares), Quantidade Produzida (Toneladas) e Valor (Mil Reais) da Produção por Tipo de Lavoura Permanente - 2024 para","..\..\Desktop\tabelas-powerBI\1 Pará\Tabela 43 - Área colhida (Hectares), Quantidade Produzida (Toneladas) e Valor (Mil Reais) da Produção por Tipo de Lavoura Permanente - 2024 para.xlsx",RIS,169935,
Araguaia,1 Pará,43,"Área colhida (Hectares), Quantidade Produzida (Toneladas) e Valor (Mil Reais) da Produção por Tipo de Lavoura Permanente - 2024 para",20,"Tabela 43 - Área colhida (Hectares), Quantidade Produzida (Toneladas) e Valor (Mil Reais) da Produção por Tipo de Lavoura Permanente - 2024 para","..\..\Desktop\tabelas-powerBI\1 Pará\Tabela 43 - Área colhida (Hectares), Quantidade Produzida (Toneladas) e Valor (Mil Reais) da Produção por Tipo de Lavoura Permanente - 2024 para.xlsx",RIS,254341,45.0
Baixo Amazonas,1 Pará,43,"Área colhida (Hectares), Quantidade Produzida (Toneladas) e Valor (Mil Reais) da Produção por Tipo de Lavoura Permanente - 2024 para",20,"Tabela 43 - Área colhida (Hectares), Quantidade Produzida (Toneladas) e Valor (Mil Reais) da Produção por Tipo de Lavoura Permanente - 2024 para","..\..\Desktop\tabelas-powerBI\1 Pará\Tabela 43 - Área colhida (Hectares), Quantidade Produzida (Toneladas) e Valor (Mil Reais) da Produção por Tipo de Lavoura Permanente - 2024 para.xlsx",RIS,254341,2151.0
Carajás,1 Pará,43,"Área colhida (Hectares), Quantidade Produzida (Toneladas) e Valor (Mil Reais) da Produção por Tipo de Lavoura Permanente - 2024 para",20,"Tabela 43 - Área colhida (Hectares), Quantidade Produzida (Toneladas) e Valor (Mil Reais) da Produção por Tipo de Lavoura Permanente - 2024 para","..\..\Desktop\tabelas-powerBI\1 Pará\Tabela 43 - Área colhida (Hectares), Quantidade Produzida (Toneladas) e Valor (Mil Reais) da Produção por Tipo de Lavoura Permanente - 2024 para.xlsx",RIS,254341,7032.0
Guajará,1 Pará,43,"Área colhida (Hectares), Quantidade Produzida (Toneladas) e Valor (Mil Reais) da Produção por Tipo de Lavoura Permanente - 2024 para",20,"Tabela 43 - Área colhida (Hectares), Quantidade Produzida (Toneladas) e Valor (Mil Reais) da Produção por Tipo de Lavoura Permanente - 2024 para","..\..\Desktop\tabelas-powerBI\1 Pará\Tabela 43 - Área colhida (Hectares), Quantidade Produzida (Toneladas) e Valor (Mil Reais) da Produção por Tipo de Lavoura Permanente - 2024 para.xlsx",RIS,254341,0.0
Guamá,1 Pará,43,"Área colhida (Hectares), Quantidade Produzida (Toneladas) e Valor (Mil Reais) da Produção por Tipo de Lavoura Permanente - 2024 para",20,"Tabela 43 - Área colhida (Hectares), Quantidade Produzida (Toneladas) e Valor (Mil Reais) da Produção por Tipo de Lavoura Permanente - 2024 para","..\..\Desktop\tabelas-powerBI\1 Pará\Tabela 43 - Área colhida (Hectares), Quantidade Produzida (Toneladas) e Valor (Mil Reais) da Produção por Tipo de Lavoura Permanente - 2024 para.xlsx",RIS,254341,15463.0
Lago de Tucuruí,1 Pará,43,"Área colhida (Hectares), Quantidade Produzida (Toneladas) e Valor (Mil Reais) da Produção por Tipo de Lavoura Permanente - 2024 para",20,"Tabela 43 - Área colhida (Hectares), Quantidade Produzida (Toneladas) e Valor (Mil Reais) da Produção por Tipo de Lavoura Permanente - 2024 para","..\..\Desktop\tabelas-powerBI\1 Pará\Tabela 43 - Área colhida (Hectares), Quantidade Produzida (Toneladas) e Valor (Mil Reais) da Produção por Tipo de Lavoura Permanente - 2024 para.xlsx",RIS,254341,3060.0
Marajó,1 Pará,43,"Área colhida (Hectares), Quantidade Produzida (Toneladas) e Valor (Mil Reais) da Produção por Tipo de Lavoura Permanente - 2024 para",20,"Tabela 43 - Área colhida (Hectares), Quantidade Produzida (Toneladas) e Valor (Mil Reais) da Produção por Tipo de Lavoura Permanente - 2024 para","..\..\Desktop\tabelas-powerBI\1 Pará\Tabela 43 - Área colhida (Hectares), Quantidade Produzida (Toneladas) e Valor (Mil Reais) da Produção por Tipo de Lavoura Permanente - 2024 para.xlsx",RIS,254341,1492.0
Rio Caeté,1 Pará,43,"Área colhida (Hectares), Quantidade Produzida (Toneladas) e Valor (Mil Reais) da Produção por Tipo de Lavoura Permanente - 2024 para",20,"Tabela 43 - Área colhida (Hectares), Quantidade Produzida (Toneladas) e Valor (Mil Reais) da Produção por Tipo de Lavoura Permanente - 2024 para","..\..\Desktop\tabelas-powerBI\1 Pará\Tabela 43 - Área colhida (Hectares), Quantidade Produzida (Toneladas) e Valor (Mil Reais) da Produção por Tipo de Lavoura Permanente - 2024 para.xlsx",RIS,254341,11744.0
Rio Capim,1 Pará,43,"Área colhida (Hectares), Quantidade Produzida (Toneladas) e Valor (Mil Reais) da Produção por Tipo de Lavoura Permanente - 2024 para",20,"Tabela 43 - Área colhida (Hectares), Quantidade Produzida (Toneladas) e Valor (Mil Reais) da Produção por Tipo de Lavoura Permanente - 2024 para","..\..\Desktop\tabelas-powerBI\1 Pará\Tabela 43 - Área colhida (Hectares), Quantidade Produzida (Toneladas) e Valor (Mil Reais) da Produção por Tipo de Lavoura Permanente - 2024 para.xlsx",RIS,254341,18182.0
Tapajós,1 Pará,43,"Área colhida (Hectares), Quantidade Produzida (Toneladas) e Valor (Mil Reais) da Produção por Tipo de Lavoura Permanente - 2024 para",20,"Tabela 43 - Área colhida (Hectares), Quantidade Produzida (Toneladas) e Valor (Mil Reais) da Produção por Tipo de Lavoura Permanente - 2024 para","..\..\Desktop\tabelas-powerBI\1 Pará\Tabela 43 - Área colhida (Hectares), Quantidade Produzida (Toneladas) e Valor (Mil Reais) da Produção por Tipo de Lavoura Permanente - 2024 para.xlsx",RIS,254341,1823.0
Tocantins,1 Pará,43,"Área colhida (Hectares), Quantidade Produzida (Toneladas) e Valor (Mil Reais) da Produção por Tipo de Lavoura Permanente - 2024 para",20,"Tabela 43 - Área colhida (Hectares), Quantidade Produzida (Toneladas) e Valor (Mil Reais) da Produção por Tipo de Lavoura Permanente - 2024 para","..\..\Desktop\tabelas-powerBI\1 Pará\Tabela 43 - Área colhida (Hectares), Quantidade Produzida (Toneladas) e Valor (Mil Reais) da Produção por Tipo de Lavoura Permanente - 2024 para.xlsx",RIS,254341,189420.0
Xingu,1 Pará,43,"Área colhida (Hectares), Quantidade Produzida (Toneladas) e Valor (Mil Reais) da Produção por Tipo de Lavoura Permanente - 2024 para",20,"Tabela 43 - Área colhida (Hectares), Quantidade Produzida (Toneladas) e Valor (Mil Reais) da Produção por Tipo de Lavoura Permanente - 2024 para","..\..\Desktop\tabelas-powerBI\1 Pará\Tabela 43 - Área colhida (Hectares), Quantidade Produzida (Toneladas) e Valor (Mil Reais) da Produção por Tipo de Lavoura Permanente - 2024 para.xlsx",RIS,254341,3929.0
Fonte: IBGE/PAM,1 Pará,43,"Área colhida (Hectares), Quantidade Produzida (Toneladas) e Valor (Mil Reais) da Produção por Tipo de Lavoura Permanente - 2024 para",20,"Tabela 43 - Área colhida (Hectares), Quantidade Produzida (Toneladas) e Valor (Mil Reais) da Produção por Tipo de Lavoura Permanente - 2024 para","..\..\Desktop\tabelas-powerBI\1 Pará\Tabela 43 - Área colhida (Hectares), Quantidade Produzida (Toneladas) e Valor (Mil Reais) da Produção por Tipo de Lavoura Permanente - 2024 para.xlsx",RIS,254341,
Elaboração: FAPESPA,1 Pará,43,"Área colhida (Hectares), Quantidade Produzida (Toneladas) e Valor (Mil Reais) da Produção por Tipo de Lavoura Permanente - 2024 para",20,"Tabela 43 - Área colhida (Hectares), Quantidade Produzida (Toneladas) e Valor (Mil Reais) da Produção por Tipo de Lavoura Permanente - 2024 para","..\..\Desktop\tabelas-powerBI\1 Pará\Tabela 43 - Área colhida (Hectares), Quantidade Produzida (Toneladas) e Valor (Mil Reais) da Produção por Tipo de Lavoura Permanente - 2024 para.xlsx",RIS,254341,
Nota: A quantidade produzida de coco-da-baía é expressa em mil frutos ,1 Pará,43,"Área colhida (Hectares), Quantidade Produzida (Toneladas) e Valor (Mil Reais) da Produção por Tipo de Lavoura Permanente - 2024 para",20,"Tabela 43 - Área colhida (Hectares), Quantidade Produzida (Toneladas) e Valor (Mil Reais) da Produção por Tipo de Lavoura Permanente - 2024 para","..\..\Desktop\tabelas-powerBI\1 Pará\Tabela 43 - Área colhida (Hectares), Quantidade Produzida (Toneladas) e Valor (Mil Reais) da Produção por Tipo de Lavoura Permanente - 2024 para.xlsx",RIS,254341,
Araguaia,1 Pará,43,"Área colhida (Hectares), Quantidade Produzida (Toneladas) e Valor (Mil Reais) da Produção por Tipo de Lavoura Permanente - 2024 para",20,"Tabela 43 - Área colhida (Hectares), Quantidade Produzida (Toneladas) e Valor (Mil Reais) da Produção por Tipo de Lavoura Permanente - 2024 para","..\..\Desktop\tabelas-powerBI\1 Pará\Tabela 43 - Área colhida (Hectares), Quantidade Produzida (Toneladas) e Valor (Mil Reais) da Produção por Tipo de Lavoura Permanente - 2024 para.xlsx",RIS,204611,0.0
Baixo Amazonas,1 Pará,43,"Área colhida (Hectares), Quantidade Produzida (Toneladas) e Valor (Mil Reais) da Produção por Tipo de Lavoura Permanente - 2024 para",20,"Tabela 43 - Área colhida (Hectares), Quantidade Produzida (Toneladas) e Valor (Mil Reais) da Produção por Tipo de Lavoura Permanente - 2024 para","..\..\Desktop\tabelas-powerBI\1 Pará\Tabela 43 - Área colhida (Hectares), Quantidade Produzida (Toneladas) e Valor (Mil Reais) da Produção por Tipo de Lavoura Permanente - 2024 para.xlsx",RIS,204611,0.0
Carajás,1 Pará,43,"Área colhida (Hectares), Quantidade Produzida (Toneladas) e Valor (Mil Reais) da Produção por Tipo de Lavoura Permanente - 2024 para",20,"Tabela 43 - Área colhida (Hectares), Quantidade Produzida (Toneladas) e Valor (Mil Reais) da Produção por Tipo de Lavoura Permanente - 2024 para","..\..\Desktop\tabelas-powerBI\1 Pará\Tabela 43 - Área colhida (Hectares), Quantidade Produzida (Toneladas) e Valor (Mil Reais) da Produção por Tipo de Lavoura Permanente - 2024 para.xlsx",RIS,204611,0.0
Guajará,1 Pará,43,"Área colhida (Hectares), Quantidade Produzida (Toneladas) e Valor (Mil Reais) da Produção por Tipo de Lavoura Permanente - 2024 para",20,"Tabela 43 - Área colhida (Hectares), Quantidade Produzida (Toneladas) e Valor (Mil Reais) da Produção por Tipo de Lavoura Permanente - 2024 para","..\..\Desktop\tabelas-powerBI\1 Pará\Tabela 43 - Área colhida (Hectares), Quantidade Produzida (Toneladas) e Valor (Mil Reais) da Produção por Tipo de Lavoura Permanente - 2024 para.xlsx",RIS,204611,1540.0
Guamá,1 Pará,43,"Área colhida (Hectares), Quantidade Produzida (Toneladas) e Valor (Mil Reais) da Produção por Tipo de Lavoura Permanente - 2024 para",20,"Tabela 43 - Área colhida (Hectares), Quantidade Produzida (Toneladas) e Valor (Mil Reais) da Produção por Tipo de Lavoura Permanente - 2024 para","..\..\Desktop\tabelas-powerBI\1 Pará\Tabela 43 - Área colhida (Hectares), Quantidade Produzida (Toneladas) e Valor (Mil Reais) da Produção por Tipo de Lavoura Permanente - 2024 para.xlsx",RIS,204611,16241.0
Lago de Tucuruí,1 Pará,43,"Área colhida (Hectares), Quantidade Produzida (Toneladas) e Valor (Mil Reais) da Produção por Tipo de Lavoura Permanente - 2024 para",20,"Tabela 43 - Área colhida (Hectares), Quantidade Produzida (Toneladas) e Valor (Mil Reais) da Produção por Tipo de Lavoura Permanente - 2024 para","..\..\Desktop\tabelas-powerBI\1 Pará\Tabela 43 - Área colhida (Hectares), Quantidade Produzida (Toneladas) e Valor (Mil Reais) da Produção por Tipo de Lavoura Permanente - 2024 para.xlsx",RIS,204611,0.0
Marajó,1 Pará,43,"Área colhida (Hectares), Quantidade Produzida (Toneladas) e Valor (Mil Reais) da Produção por Tipo de Lavoura Permanente - 2024 para",20,"Tabela 43 - Área colhida (Hectares), Quantidade Produzida (Toneladas) e Valor (Mil Reais) da Produção por Tipo de Lavoura Permanente - 2024 para","..\..\Desktop\tabelas-powerBI\1 Pará\Tabela 43 - Área colhida (Hectares), Quantidade Produzida (Toneladas) e Valor (Mil Reais) da Produção por Tipo de Lavoura Permanente - 2024 para.xlsx",RIS,204611,0.0
Rio Caeté,1 Pará,43,"Área colhida (Hectares), Quantidade Produzida (Toneladas) e Valor (Mil Reais) da Produção por Tipo de Lavoura Permanente - 2024 para",20,"Tabela 43 - Área colhida (Hectares), Quantidade Produzida (Toneladas) e Valor (Mil Reais) da Produção por Tipo de Lavoura Permanente - 2024 para","..\..\Desktop\tabelas-powerBI\1 Pará\Tabela 43 - Área colhida (Hectares), Quantidade Produzida (Toneladas) e Valor (Mil Reais) da Produção por Tipo de Lavoura Permanente - 2024 para.xlsx",RIS,204611,9040.0
Rio Capim,1 Pará,43,"Área colhida (Hectares), Quantidade Produzida (Toneladas) e Valor (Mil Reais) da Produção por Tipo de Lavoura Permanente - 2024 para",20,"Tabela 43 - Área colhida (Hectares), Quantidade Produzida (Toneladas) e Valor (Mil Reais) da Produção por Tipo de Lavoura Permanente - 2024 para","..\..\Desktop\tabelas-powerBI\1 Pará\Tabela 43 - Área colhida (Hectares), Quantidade Produzida (Toneladas) e Valor (Mil Reais) da Produção por Tipo de Lavoura Permanente - 2024 para.xlsx",RIS,204611,73750.0
Tapajós,1 Pará,43,"Área colhida (Hectares), Quantidade Produzida (Toneladas) e Valor (Mil Reais) da Produção por Tipo de Lavoura Permanente - 2024 para",20,"Tabela 43 - Área colhida (Hectares), Quantidade Produzida (Toneladas) e Valor (Mil Reais) da Produção por Tipo de Lavoura Permanente - 2024 para","..\..\Desktop\tabelas-powerBI\1 Pará\Tabela 43 - Área colhida (Hectares), Quantidade Produzida (Toneladas) e Valor (Mil Reais) da Produção por Tipo de Lavoura Permanente - 2024 para.xlsx",RIS,204611,0.0
Tocantins,1 Pará,43,"Área colhida (Hectares), Quantidade Produzida (Toneladas) e Valor (Mil Reais) da Produção por Tipo de Lavoura Permanente - 2024 para",20,"Tabela 43 - Área colhida (Hectares), Quantidade Produzida (Toneladas) e Valor (Mil Reais) da Produção por Tipo de Lavoura Permanente - 2024 para","..\..\Desktop\tabelas-powerBI\1 Pará\Tabela 43 - Área colhida (Hectares), Quantidade Produzida (Toneladas) e Valor (Mil Reais) da Produção por Tipo de Lavoura Permanente - 2024 para.xlsx",RIS,204611,104040.0
Xingu,1 Pará,43,"Área colhida (Hectares), Quantidade Produzida (Toneladas) e Valor (Mil Reais) da Produção por Tipo de Lavoura Permanente - 2024 para",20,"Tabela 43 - Área colhida (Hectares), Quantidade Produzida (Toneladas) e Valor (Mil Reais) da Produção por Tipo de Lavoura Permanente - 2024 para","..\..\Desktop\tabelas-powerBI\1 Pará\Tabela 43 - Área colhida (Hectares), Quantidade Produzida (Toneladas) e Valor (Mil Reais) da Produção por Tipo de Lavoura Permanente - 2024 para.xlsx",RIS,204611,0.0
Fonte: IBGE/PAM,1 Pará,43,"Área colhida (Hectares), Quantidade Produzida (Toneladas) e Valor (Mil Reais) da Produção por Tipo de Lavoura Permanente - 2024 para",20,"Tabela 43 - Área colhida (Hectares), Quantidade Produzida (Toneladas) e Valor (Mil Reais) da Produção por Tipo de Lavoura Permanente - 2024 para","..\..\Desktop\tabelas-powerBI\1 Pará\Tabela 43 - Área colhida (Hectares), Quantidade Produzida (Toneladas) e Valor (Mil Reais) da Produção por Tipo de Lavoura Permanente - 2024 para.xlsx",RIS,204611,
Elaboração: FAPESPA,1 Pará,43,"Área colhida (Hectares), Quantidade Produzida (Toneladas) e Valor (Mil Reais) da Produção por Tipo de Lavoura Permanente - 2024 para",20,"Tabela 43 - Área colhida (Hectares), Quantidade Produzida (Toneladas) e Valor (Mil Reais) da Produção por Tipo de Lavoura Permanente - 2024 para","..\..\Desktop\tabelas-powerBI\1 Pará\Tabela 43 - Área colhida (Hectares), Quantidade Produzida (Toneladas) e Valor (Mil Reais) da Produção por Tipo de Lavoura Permanente - 2024 para.xlsx",RIS,204611,
Nota: A quantidade produzida de coco-da-baía é expressa em mil frutos ,1 Pará,43,"Área colhida (Hectares), Quantidade Produzida (Toneladas) e Valor (Mil Reais) da Produção por Tipo de Lavoura Permanente - 2024 para",20,"Tabela 43 - Área colhida (Hectares), Quantidade Produzida (Toneladas) e Valor (Mil Reais) da Produção por Tipo de Lavoura Permanente - 2024 para","..\..\Desktop\tabelas-powerBI\1 Pará\Tabela 43 - Área colhida (Hectares), Quantidade Produzida (Toneladas) e Valor (Mil Reais) da Produção por Tipo de Lavoura Permanente - 2024 para.xlsx",RIS,204611,
Araguaia,1 Pará,43,"Área colhida (Hectares), Quantidade Produzida (Toneladas) e Valor (Mil Reais) da Produção por Tipo de Lavoura Permanente - 2024 para",20,"Tabela 43 - Área colhida (Hectares), Quantidade Produzida (Toneladas) e Valor (Mil Reais) da Produção por Tipo de Lavoura Permanente - 2024 para","..\..\Desktop\tabelas-powerBI\1 Pará\Tabela 43 - Área colhida (Hectares), Quantidade Produzida (Toneladas) e Valor (Mil Reais) da Produção por Tipo de Lavoura Permanente - 2024 para.xlsx",RIS,3130177,0.0
Baixo Amazonas,1 Pará,43,"Área colhida (Hectares), Quantidade Produzida (Toneladas) e Valor (Mil Reais) da Produção por Tipo de Lavoura Permanente - 2024 para",20,"Tabela 43 - Área colhida (Hectares), Quantidade Produzida (Toneladas) e Valor (Mil Reais) da Produção por Tipo de Lavoura Permanente - 2024 para","..\..\Desktop\tabelas-powerBI\1 Pará\Tabela 43 - Área colhida (Hectares), Quantidade Produzida (Toneladas) e Valor (Mil Reais) da Produção por Tipo de Lavoura Permanente - 2024 para.xlsx",RIS,3130177,0.0
Carajás,1 Pará,43,"Área colhida (Hectares), Quantidade Produzida (Toneladas) e Valor (Mil Reais) da Produção por Tipo de Lavoura Permanente - 2024 para",20,"Tabela 43 - Área colhida (Hectares), Quantidade Produzida (Toneladas) e Valor (Mil Reais) da Produção por Tipo de Lavoura Permanente - 2024 para","..\..\Desktop\tabelas-powerBI\1 Pará\Tabela 43 - Área colhida (Hectares), Quantidade Produzida (Toneladas) e Valor (Mil Reais) da Produção por Tipo de Lavoura Permanente - 2024 para.xlsx",RIS,3130177,0.0
Guajará,1 Pará,43,"Área colhida (Hectares), Quantidade Produzida (Toneladas) e Valor (Mil Reais) da Produção por Tipo de Lavoura Permanente - 2024 para",20,"Tabela 43 - Área colhida (Hectares), Quantidade Produzida (Toneladas) e Valor (Mil Reais) da Produção por Tipo de Lavoura Permanente - 2024 para","..\..\Desktop\tabelas-powerBI\1 Pará\Tabela 43 - Área colhida (Hectares), Quantidade Produzida (Toneladas) e Valor (Mil Reais) da Produção por Tipo de Lavoura Permanente - 2024 para.xlsx",RIS,3130177,23100.0
Guamá,1 Pará,43,"Área colhida (Hectares), Quantidade Produzida (Toneladas) e Valor (Mil Reais) da Produção por Tipo de Lavoura Permanente - 2024 para",20,"Tabela 43 - Área colhida (Hectares), Quantidade Produzida (Toneladas) e Valor (Mil Reais) da Produção por Tipo de Lavoura Permanente - 2024 para","..\..\Desktop\tabelas-powerBI\1 Pará\Tabela 43 - Área colhida (Hectares), Quantidade Produzida (Toneladas) e Valor (Mil Reais) da Produção por Tipo de Lavoura Permanente - 2024 para.xlsx",RIS,3130177,248560.0
Lago de Tucuruí,1 Pará,43,"Área colhida (Hectares), Quantidade Produzida (Toneladas) e Valor (Mil Reais) da Produção por Tipo de Lavoura Permanente - 2024 para",20,"Tabela 43 - Área colhida (Hectares), Quantidade Produzida (Toneladas) e Valor (Mil Reais) da Produção por Tipo de Lavoura Permanente - 2024 para","..\..\Desktop\tabelas-powerBI\1 Pará\Tabela 43 - Área colhida (Hectares), Quantidade Produzida (Toneladas) e Valor (Mil Reais) da Produção por Tipo de Lavoura Permanente - 2024 para.xlsx",RIS,3130177,0.0
Marajó,1 Pará,43,"Área colhida (Hectares), Quantidade Produzida (Toneladas) e Valor (Mil Reais) da Produção por Tipo de Lavoura Permanente - 2024 para",20,"Tabela 43 - Área colhida (Hectares), Quantidade Produzida (Toneladas) e Valor (Mil Reais) da Produção por Tipo de Lavoura Permanente - 2024 para","..\..\Desktop\tabelas-powerBI\1 Pará\Tabela 43 - Área colhida (Hectares), Quantidade Produzida (Toneladas) e Valor (Mil Reais) da Produção por Tipo de Lavoura Permanente - 2024 para.xlsx",RIS,3130177,0.0
Rio Caeté,1 Pará,43,"Área colhida (Hectares), Quantidade Produzida (Toneladas) e Valor (Mil Reais) da Produção por Tipo de Lavoura Permanente - 2024 para",20,"Tabela 43 - Área colhida (Hectares), Quantidade Produzida (Toneladas) e Valor (Mil Reais) da Produção por Tipo de Lavoura Permanente - 2024 para","..\..\Desktop\tabelas-powerBI\1 Pará\Tabela 43 - Área colhida (Hectares), Quantidade Produzida (Toneladas) e Valor (Mil Reais) da Produção por Tipo de Lavoura Permanente - 2024 para.xlsx",RIS,3130177,180800.0
Rio Capim,1 Pará,43,"Área colhida (Hectares), Quantidade Produzida (Toneladas) e Valor (Mil Reais) da Produção por Tipo de Lavoura Permanente - 2024 para",20,"Tabela 43 - Área colhida (Hectares), Quantidade Produzida (Toneladas) e Valor (Mil Reais) da Produção por Tipo de Lavoura Permanente - 2024 para","..\..\Desktop\tabelas-powerBI\1 Pará\Tabela 43 - Área colhida (Hectares), Quantidade Produzida (Toneladas) e Valor (Mil Reais) da Produção por Tipo de Lavoura Permanente - 2024 para.xlsx",RIS,3130177,983133.0
Tapajós,1 Pará,43,"Área colhida (Hectares), Quantidade Produzida (Toneladas) e Valor (Mil Reais) da Produção por Tipo de Lavoura Permanente - 2024 para",20,"Tabela 43 - Área colhida (Hectares), Quantidade Produzida (Toneladas) e Valor (Mil Reais) da Produção por Tipo de Lavoura Permanente - 2024 para","..\..\Desktop\tabelas-powerBI\1 Pará\Tabela 43 - Área colhida (Hectares), Quantidade Produzida (Toneladas) e Valor (Mil Reais) da Produção por Tipo de Lavoura Permanente - 2024 para.xlsx",RIS,3130177,0.0
Tocantins,1 Pará,43,"Área colhida (Hectares), Quantidade Produzida (Toneladas) e Valor (Mil Reais) da Produção por Tipo de Lavoura Permanente - 2024 para",20,"Tabela 43 - Área colhida (Hectares), Quantidade Produzida (Toneladas) e Valor (Mil Reais) da Produção por Tipo de Lavoura Permanente - 2024 para","..\..\Desktop\tabelas-powerBI\1 Pará\Tabela 43 - Área colhida (Hectares), Quantidade Produzida (Toneladas) e Valor (Mil Reais) da Produção por Tipo de Lavoura Permanente - 2024 para.xlsx",RIS,3130177,1694584.0
Xingu,1 Pará,43,"Área colhida (Hectares), Quantidade Produzida (Toneladas) e Valor (Mil Reais) da Produção por Tipo de Lavoura Permanente - 2024 para",20,"Tabela 43 - Área colhida (Hectares), Quantidade Produzida (Toneladas) e Valor (Mil Reais) da Produção por Tipo de Lavoura Permanente - 2024 para","..\..\Desktop\tabelas-powerBI\1 Pará\Tabela 43 - Área colhida (Hectares), Quantidade Produzida (Toneladas) e Valor (Mil Reais) da Produção por Tipo de Lavoura Permanente - 2024 para.xlsx",RIS,3130177,0.0
Fonte: IBGE/PAM,1 Pará,43,"Área colhida (Hectares), Quantidade Produzida (Toneladas) e Valor (Mil Reais) da Produção por Tipo de Lavoura Permanente - 2024 para",20,"Tabela 43 - Área colhida (Hectares), Quantidade Produzida (Toneladas) e Valor (Mil Reais) da Produção por Tipo de Lavoura Permanente - 2024 para","..\..\Desktop\tabelas-powerBI\1 Pará\Tabela 43 - Área colhida (Hectares), Quantidade Produzida (Toneladas) e Valor (Mil Reais) da Produção por Tipo de Lavoura Permanente - 2024 para.xlsx",RIS,3130177,
Elaboração: FAPESPA,1 Pará,43,"Área colhida (Hectares), Quantidade Produzida (Toneladas) e Valor (Mil Reais) da Produção por Tipo de Lavoura Permanente - 2024 para",20,"Tabela 43 - Área colhida (Hectares), Quantidade Produzida (Toneladas) e Valor (Mil Reais) da Produção por Tipo de Lavoura Permanente - 2024 para","..\..\Desktop\tabelas-powerBI\1 Pará\Tabela 43 - Área colhida (Hectares), Quantidade Produzida (Toneladas) e Valor (Mil Reais) da Produção por Tipo de Lavoura Permanente - 2024 para.xlsx",RIS,3130177,
Nota: A quantidade produzida de coco-da-baía é expressa em mil frutos ,1 Pará,43,"Área colhida (Hectares), Quantidade Produzida (Toneladas) e Valor (Mil Reais) da Produção por Tipo de Lavoura Permanente - 2024 para",20,"Tabela 43 - Área colhida (Hectares), Quantidade Produzida (Toneladas) e Valor (Mil Reais) da Produção por Tipo de Lavoura Permanente - 2024 para","..\..\Desktop\tabelas-powerBI\1 Pará\Tabela 43 - Área colhida (Hectares), Quantidade Produzida (Toneladas) e Valor (Mil Reais) da Produção por Tipo de Lavoura Permanente - 2024 para.xlsx",RIS,3130177,
Araguaia,1 Pará,43,"Área colhida (Hectares), Quantidade Produzida (Toneladas) e Valor (Mil Reais) da Produção por Tipo de Lavoura Permanente - 2024 para",20,"Tabela 43 - Área colhida (Hectares), Quantidade Produzida (Toneladas) e Valor (Mil Reais) da Produção por Tipo de Lavoura Permanente - 2024 para","..\..\Desktop\tabelas-powerBI\1 Pará\Tabela 43 - Área colhida (Hectares), Quantidade Produzida (Toneladas) e Valor (Mil Reais) da Produção por Tipo de Lavoura Permanente - 2024 para.xlsx",RIS,2229561,0.0
Baixo Amazonas,1 Pará,43,"Área colhida (Hectares), Quantidade Produzida (Toneladas) e Valor (Mil Reais) da Produção por Tipo de Lavoura Permanente - 2024 para",20,"Tabela 43 - Área colhida (Hectares), Quantidade Produzida (Toneladas) e Valor (Mil Reais) da Produção por Tipo de Lavoura Permanente - 2024 para","..\..\Desktop\tabelas-powerBI\1 Pará\Tabela 43 - Área colhida (Hectares), Quantidade Produzida (Toneladas) e Valor (Mil Reais) da Produção por Tipo de Lavoura Permanente - 2024 para.xlsx",RIS,2229561,0.0
Carajás,1 Pará,43,"Área colhida (Hectares), Quantidade Produzida (Toneladas) e Valor (Mil Reais) da Produção por Tipo de Lavoura Permanente - 2024 para",20,"Tabela 43 - Área colhida (Hectares), Quantidade Produzida (Toneladas) e Valor (Mil Reais) da Produção por Tipo de Lavoura Permanente - 2024 para","..\..\Desktop\tabelas-powerBI\1 Pará\Tabela 43 - Área colhida (Hectares), Quantidade Produzida (Toneladas) e Valor (Mil Reais) da Produção por Tipo de Lavoura Permanente - 2024 para.xlsx",RIS,2229561,0.0
Guajará,1 Pará,43,"Área colhida (Hectares), Quantidade Produzida (Toneladas) e Valor (Mil Reais) da Produção por Tipo de Lavoura Permanente - 2024 para",20,"Tabela 43 - Área colhida (Hectares), Quantidade Produzida (Toneladas) e Valor (Mil Reais) da Produção por Tipo de Lavoura Permanente - 2024 para","..\..\Desktop\tabelas-powerBI\1 Pará\Tabela 43 - Área colhida (Hectares), Quantidade Produzida (Toneladas) e Valor (Mil Reais) da Produção por Tipo de Lavoura Permanente - 2024 para.xlsx",RIS,2229561,17556.0
Guamá,1 Pará,43,"Área colhida (Hectares), Quantidade Produzida (Toneladas) e Valor (Mil Reais) da Produção por Tipo de Lavoura Permanente - 2024 para",20,"Tabela 43 - Área colhida (Hectares), Quantidade Produzida (Toneladas) e Valor (Mil Reais) da Produção por Tipo de Lavoura Permanente - 2024 para","..\..\Desktop\tabelas-powerBI\1 Pará\Tabela 43 - Área colhida (Hectares), Quantidade Produzida (Toneladas) e Valor (Mil Reais) da Produção por Tipo de Lavoura Permanente - 2024 para.xlsx",RIS,2229561,178336.0
Lago de Tucuruí,1 Pará,43,"Área colhida (Hectares), Quantidade Produzida (Toneladas) e Valor (Mil Reais) da Produção por Tipo de Lavoura Permanente - 2024 para",20,"Tabela 43 - Área colhida (Hectares), Quantidade Produzida (Toneladas) e Valor (Mil Reais) da Produção por Tipo de Lavoura Permanente - 2024 para","..\..\Desktop\tabelas-powerBI\1 Pará\Tabela 43 - Área colhida (Hectares), Quantidade Produzida (Toneladas) e Valor (Mil Reais) da Produção por Tipo de Lavoura Permanente - 2024 para.xlsx",RIS,2229561,0.0
Marajó,1 Pará,43,"Área colhida (Hectares), Quantidade Produzida (Toneladas) e Valor (Mil Reais) da Produção por Tipo de Lavoura Permanente - 2024 para",20,"Tabela 43 - Área colhida (Hectares), Quantidade Produzida (Toneladas) e Valor (Mil Reais) da Produção por Tipo de Lavoura Permanente - 2024 para","..\..\Desktop\tabelas-powerBI\1 Pará\Tabela 43 - Área colhida (Hectares), Quantidade Produzida (Toneladas) e Valor (Mil Reais) da Produção por Tipo de Lavoura Permanente - 2024 para.xlsx",RIS,2229561,0.0
Rio Caeté,1 Pará,43,"Área colhida (Hectares), Quantidade Produzida (Toneladas) e Valor (Mil Reais) da Produção por Tipo de Lavoura Permanente - 2024 para",20,"Tabela 43 - Área colhida (Hectares), Quantidade Produzida (Toneladas) e Valor (Mil Reais) da Produção por Tipo de Lavoura Permanente - 2024 para","..\..\Desktop\tabelas-powerBI\1 Pará\Tabela 43 - Área colhida (Hectares), Quantidade Produzida (Toneladas) e Valor (Mil Reais) da Produção por Tipo de Lavoura Permanente - 2024 para.xlsx",RIS,2229561,119618.0
Rio Capim,1 Pará,43,"Área colhida (Hectares), Quantidade Produzida (Toneladas) e Valor (Mil Reais) da Produção por Tipo de Lavoura Permanente - 2024 para",20,"Tabela 43 - Área colhida (Hectares), Quantidade Produzida (Toneladas) e Valor (Mil Reais) da Produção por Tipo de Lavoura Permanente - 2024 para","..\..\Desktop\tabelas-powerBI\1 Pará\Tabela 43 - Área colhida (Hectares), Quantidade Produzida (Toneladas) e Valor (Mil Reais) da Produção por Tipo de Lavoura Permanente - 2024 para.xlsx",RIS,2229561,737749.0
Tapajós,1 Pará,43,"Área colhida (Hectares), Quantidade Produzida (Toneladas) e Valor (Mil Reais) da Produção por Tipo de Lavoura Permanente - 2024 para",20,"Tabela 43 - Área colhida (Hectares), Quantidade Produzida (Toneladas) e Valor (Mil Reais) da Produção por Tipo de Lavoura Permanente - 2024 para","..\..\Desktop\tabelas-powerBI\1 Pará\Tabela 43 - Área colhida (Hectares), Quantidade Produzida (Toneladas) e Valor (Mil Reais) da Produção por Tipo de Lavoura Permanente - 2024 para.xlsx",RIS,2229561,0.0
Tocantins,1 Pará,43,"Área colhida (Hectares), Quantidade Produzida (Toneladas) e Valor (Mil Reais) da Produção por Tipo de Lavoura Permanente - 2024 para",20,"Tabela 43 - Área colhida (Hectares), Quantidade Produzida (Toneladas) e Valor (Mil Reais) da Produção por Tipo de Lavoura Permanente - 2024 para","..\..\Desktop\tabelas-powerBI\1 Pará\Tabela 43 - Área colhida (Hectares), Quantidade Produzida (Toneladas) e Valor (Mil Reais) da Produção por Tipo de Lavoura Permanente - 2024 para.xlsx",RIS,2229561,1176301.0
Xingu,1 Pará,43,"Área colhida (Hectares), Quantidade Produzida (Toneladas) e Valor (Mil Reais) da Produção por Tipo de Lavoura Permanente - 2024 para",20,"Tabela 43 - Área colhida (Hectares), Quantidade Produzida (Toneladas) e Valor (Mil Reais) da Produção por Tipo de Lavoura Permanente - 2024 para","..\..\Desktop\tabelas-powerBI\1 Pará\Tabela 43 - Área colhida (Hectares), Quantidade Produzida (Toneladas) e Valor (Mil Reais) da Produção por Tipo de Lavoura Permanente - 2024 para.xlsx",RIS,2229561,0.0
Fonte: IBGE/PAM,1 Pará,43,"Área colhida (Hectares), Quantidade Produzida (Toneladas) e Valor (Mil Reais) da Produção por Tipo de Lavoura Permanente - 2024 para",20,"Tabela 43 - Área colhida (Hectares), Quantidade Produzida (Toneladas) e Valor (Mil Reais) da Produção por Tipo de Lavoura Permanente - 2024 para","..\..\Desktop\tabelas-powerBI\1 Pará\Tabela 43 - Área colhida (Hectares), Quantidade Produzida (Toneladas) e Valor (Mil Reais) da Produção por Tipo de Lavoura Permanente - 2024 para.xlsx",RIS,2229561,
Elaboração: FAPESPA,1 Pará,43,"Área colhida (Hectares), Quantidade Produzida (Toneladas) e Valor (Mil Reais) da Produção por Tipo de Lavoura Permanente - 2024 para",20,"Tabela 43 - Área colhida (Hectares), Quantidade Produzida (Toneladas) e Valor (Mil Reais) da Produção por Tipo de Lavoura Permanente - 2024 para","..\..\Desktop\tabelas-powerBI\1 Pará\Tabela 43 - Área colhida (Hectares), Quantidade Produzida (Toneladas) e Valor (Mil Reais) da Produção por Tipo de Lavoura Permanente - 2024 para.xlsx",RIS,2229561,
Nota: A quantidade produzida de coco-da-baía é expressa em mil frutos ,1 Pará,43,"Área colhida (Hectares), Quantidade Produzida (Toneladas) e Valor (Mil Reais) da Produção por Tipo de Lavoura Permanente - 2024 para",20,"Tabela 43 - Área colhida (Hectares), Quantidade Produzida (Toneladas) e Valor (Mil Reais) da Produção por Tipo de Lavoura Permanente - 2024 para","..\..\Desktop\tabelas-powerBI\1 Pará\Tabela 43 - Área colhida (Hectares), Quantidade Produzida (Toneladas) e Valor (Mil Reais) da Produção por Tipo de Lavoura Permanente - 2024 para.xlsx",RIS,2229561,
Araguaia,1 Pará,43,"Área colhida (Hectares), Quantidade Produzida (Toneladas) e Valor (Mil Reais) da Produção por Tipo de Lavoura Permanente - 2024 para",20,"Tabela 43 - Área colhida (Hectares), Quantidade Produzida (Toneladas) e Valor (Mil Reais) da Produção por Tipo de Lavoura Permanente - 2024 para","..\..\Desktop\tabelas-powerBI\1 Pará\Tabela 43 - Área colhida (Hectares), Quantidade Produzida (Toneladas) e Valor (Mil Reais) da Produção por Tipo de Lavoura Permanente - 2024 para.xlsx",RIS,15091,0.0
Baixo Amazonas,1 Pará,43,"Área colhida (Hectares), Quantidade Produzida (Toneladas) e Valor (Mil Reais) da Produção por Tipo de Lavoura Permanente - 2024 para",20,"Tabela 43 - Área colhida (Hectares), Quantidade Produzida (Toneladas) e Valor (Mil Reais) da Produção por Tipo de Lavoura Permanente - 2024 para","..\..\Desktop\tabelas-powerBI\1 Pará\Tabela 43 - Área colhida (Hectares), Quantidade Produzida (Toneladas) e Valor (Mil Reais) da Produção por Tipo de Lavoura Permanente - 2024 para.xlsx",RIS,15091,516.0
Carajás,1 Pará,43,"Área colhida (Hectares), Quantidade Produzida (Toneladas) e Valor (Mil Reais) da Produção por Tipo de Lavoura Permanente - 2024 para",20,"Tabela 43 - Área colhida (Hectares), Quantidade Produzida (Toneladas) e Valor (Mil Reais) da Produção por Tipo de Lavoura Permanente - 2024 para","..\..\Desktop\tabelas-powerBI\1 Pará\Tabela 43 - Área colhida (Hectares), Quantidade Produzida (Toneladas) e Valor (Mil Reais) da Produção por Tipo de Lavoura Permanente - 2024 para.xlsx",RIS,15091,6.0
Guajará,1 Pará,43,"Área colhida (Hectares), Quantidade Produzida (Toneladas) e Valor (Mil Reais) da Produção por Tipo de Lavoura Permanente - 2024 para",20,"Tabela 43 - Área colhida (Hectares), Quantidade Produzida (Toneladas) e Valor (Mil Reais) da Produção por Tipo de Lavoura Permanente - 2024 para","..\..\Desktop\tabelas-powerBI\1 Pará\Tabela 43 - Área colhida (Hectares), Quantidade Produzida (Toneladas) e Valor (Mil Reais) da Produção por Tipo de Lavoura Permanente - 2024 para.xlsx",RIS,15091,0.0
Guamá,1 Pará,43,"Área colhida (Hectares), Quantidade Produzida (Toneladas) e Valor (Mil Reais) da Produção por Tipo de Lavoura Permanente - 2024 para",20,"Tabela 43 - Área colhida (Hectares), Quantidade Produzida (Toneladas) e Valor (Mil Reais) da Produção por Tipo de Lavoura Permanente - 2024 para","..\..\Desktop\tabelas-powerBI\1 Pará\Tabela 43 - Área colhida (Hectares), Quantidade Produzida (Toneladas) e Valor (Mil Reais) da Produção por Tipo de Lavoura Permanente - 2024 para.xlsx",RIS,15091,454.0
Lago de Tucuruí,1 Pará,43,"Área colhida (Hectares), Quantidade Produzida (Toneladas) e Valor (Mil Reais) da Produção por Tipo de Lavoura Permanente - 2024 para",20,"Tabela 43 - Área colhida (Hectares), Quantidade Produzida (Toneladas) e Valor (Mil Reais) da Produção por Tipo de Lavoura Permanente - 2024 para","..\..\Desktop\tabelas-powerBI\1 Pará\Tabela 43 - Área colhida (Hectares), Quantidade Produzida (Toneladas) e Valor (Mil Reais) da Produção por Tipo de Lavoura Permanente - 2024 para.xlsx",RIS,15091,0.0
Marajó,1 Pará,43,"Área colhida (Hectares), Quantidade Produzida (Toneladas) e Valor (Mil Reais) da Produção por Tipo de Lavoura Permanente - 2024 para",20,"Tabela 43 - Área colhida (Hectares), Quantidade Produzida (Toneladas) e Valor (Mil Reais) da Produção por Tipo de Lavoura Permanente - 2024 para","..\..\Desktop\tabelas-powerBI\1 Pará\Tabela 43 - Área colhida (Hectares), Quantidade Produzida (Toneladas) e Valor (Mil Reais) da Produção por Tipo de Lavoura Permanente - 2024 para.xlsx",RIS,15091,37.0
Rio Caeté,1 Pará,43,"Área colhida (Hectares), Quantidade Produzida (Toneladas) e Valor (Mil Reais) da Produção por Tipo de Lavoura Permanente - 2024 para",20,"Tabela 43 - Área colhida (Hectares), Quantidade Produzida (Toneladas) e Valor (Mil Reais) da Produção por Tipo de Lavoura Permanente - 2024 para","..\..\Desktop\tabelas-powerBI\1 Pará\Tabela 43 - Área colhida (Hectares), Quantidade Produzida (Toneladas) e Valor (Mil Reais) da Produção por Tipo de Lavoura Permanente - 2024 para.xlsx",RIS,15091,89.0
Rio Capim,1 Pará,43,"Área colhida (Hectares), Quantidade Produzida (Toneladas) e Valor (Mil Reais) da Produção por Tipo de Lavoura Permanente - 2024 para",20,"Tabela 43 - Área colhida (Hectares), Quantidade Produzida (Toneladas) e Valor (Mil Reais) da Produção por Tipo de Lavoura Permanente - 2024 para","..\..\Desktop\tabelas-powerBI\1 Pará\Tabela 43 - Área colhida (Hectares), Quantidade Produzida (Toneladas) e Valor (Mil Reais) da Produção por Tipo de Lavoura Permanente - 2024 para.xlsx",RIS,15091,13228.0
Tapajós,1 Pará,43,"Área colhida (Hectares), Quantidade Produzida (Toneladas) e Valor (Mil Reais) da Produção por Tipo de Lavoura Permanente - 2024 para",20,"Tabela 43 - Área colhida (Hectares), Quantidade Produzida (Toneladas) e Valor (Mil Reais) da Produção por Tipo de Lavoura Permanente - 2024 para","..\..\Desktop\tabelas-powerBI\1 Pará\Tabela 43 - Área colhida (Hectares), Quantidade Produzida (Toneladas) e Valor (Mil Reais) da Produção por Tipo de Lavoura Permanente - 2024 para.xlsx",RIS,15091,235.0
Tocantins,1 Pará,43,"Área colhida (Hectares), Quantidade Produzida (Toneladas) e Valor (Mil Reais) da Produção por Tipo de Lavoura Permanente - 2024 para",20,"Tabela 43 - Área colhida (Hectares), Quantidade Produzida (Toneladas) e Valor (Mil Reais) da Produção por Tipo de Lavoura Permanente - 2024 para","..\..\Desktop\tabelas-powerBI\1 Pará\Tabela 43 - Área colhida (Hectares), Quantidade Produzida (Toneladas) e Valor (Mil Reais) da Produção por Tipo de Lavoura Permanente - 2024 para.xlsx",RIS,15091,235.0
Xingu,1 Pará,43,"Área colhida (Hectares), Quantidade Produzida (Toneladas) e Valor (Mil Reais) da Produção por Tipo de Lavoura Permanente - 2024 para",20,"Tabela 43 - Área colhida (Hectares), Quantidade Produzida (Toneladas) e Valor (Mil Reais) da Produção por Tipo de Lavoura Permanente - 2024 para","..\..\Desktop\tabelas-powerBI\1 Pará\Tabela 43 - Área colhida (Hectares), Quantidade Produzida (Toneladas) e Valor (Mil Reais) da Produção por Tipo de Lavoura Permanente - 2024 para.xlsx",RIS,15091,291.0
Fonte: IBGE/PAM,1 Pará,43,"Área colhida (Hectares), Quantidade Produzida (Toneladas) e Valor (Mil Reais) da Produção por Tipo de Lavoura Permanente - 2024 para",20,"Tabela 43 - Área colhida (Hectares), Quantidade Produzida (Toneladas) e Valor (Mil Reais) da Produção por Tipo de Lavoura Permanente - 2024 para","..\..\Desktop\tabelas-powerBI\1 Pará\Tabela 43 - Área colhida (Hectares), Quantidade Produzida (Toneladas) e Valor (Mil Reais) da Produção por Tipo de Lavoura Permanente - 2024 para.xlsx",RIS,15091,
Elaboração: FAPESPA,1 Pará,43,"Área colhida (Hectares), Quantidade Produzida (Toneladas) e Valor (Mil Reais) da Produção por Tipo de Lavoura Permanente - 2024 para",20,"Tabela 43 - Área colhida (Hectares), Quantidade Produzida (Toneladas) e Valor (Mil Reais) da Produção por Tipo de Lavoura Permanente - 2024 para","..\..\Desktop\tabelas-powerBI\1 Pará\Tabela 43 - Área colhida (Hectares), Quantidade Produzida (Toneladas) e Valor (Mil Reais) da Produção por Tipo de Lavoura Permanente - 2024 para.xlsx",RIS,15091,
Nota: A quantidade produzida de coco-da-baía é expressa em mil frutos ,1 Pará,43,"Área colhida (Hectares), Quantidade Produzida (Toneladas) e Valor (Mil Reais) da Produção por Tipo de Lavoura Permanente - 2024 para",20,"Tabela 43 - Área colhida (Hectares), Quantidade Produzida (Toneladas) e Valor (Mil Reais) da Produção por Tipo de Lavoura Permanente - 2024 para","..\..\Desktop\tabelas-powerBI\1 Pará\Tabela 43 - Área colhida (Hectares), Quantidade Produzida (Toneladas) e Valor (Mil Reais) da Produção por Tipo de Lavoura Permanente - 2024 para.xlsx",RIS,15091,
Araguaia,1 Pará,43,"Área colhida (Hectares), Quantidade Produzida (Toneladas) e Valor (Mil Reais) da Produção por Tipo de Lavoura Permanente - 2024 para",20,"Tabela 43 - Área colhida (Hectares), Quantidade Produzida (Toneladas) e Valor (Mil Reais) da Produção por Tipo de Lavoura Permanente - 2024 para","..\..\Desktop\tabelas-powerBI\1 Pará\Tabela 43 - Área colhida (Hectares), Quantidade Produzida (Toneladas) e Valor (Mil Reais) da Produção por Tipo de Lavoura Permanente - 2024 para.xlsx",RIS,261114,0.0
Baixo Amazonas,1 Pará,43,"Área colhida (Hectares), Quantidade Produzida (Toneladas) e Valor (Mil Reais) da Produção por Tipo de Lavoura Permanente - 2024 para",20,"Tabela 43 - Área colhida (Hectares), Quantidade Produzida (Toneladas) e Valor (Mil Reais) da Produção por Tipo de Lavoura Permanente - 2024 para","..\..\Desktop\tabelas-powerBI\1 Pará\Tabela 43 - Área colhida (Hectares), Quantidade Produzida (Toneladas) e Valor (Mil Reais) da Produção por Tipo de Lavoura Permanente - 2024 para.xlsx",RIS,261114,8018.0
Carajás,1 Pará,43,"Área colhida (Hectares), Quantidade Produzida (Toneladas) e Valor (Mil Reais) da Produção por Tipo de Lavoura Permanente - 2024 para",20,"Tabela 43 - Área colhida (Hectares), Quantidade Produzida (Toneladas) e Valor (Mil Reais) da Produção por Tipo de Lavoura Permanente - 2024 para","..\..\Desktop\tabelas-powerBI\1 Pará\Tabela 43 - Área colhida (Hectares), Quantidade Produzida (Toneladas) e Valor (Mil Reais) da Produção por Tipo de Lavoura Permanente - 2024 para.xlsx",RIS,261114,78.0
Guajará,1 Pará,43,"Área colhida (Hectares), Quantidade Produzida (Toneladas) e Valor (Mil Reais) da Produção por Tipo de Lavoura Permanente - 2024 para",20,"Tabela 43 - Área colhida (Hectares), Quantidade Produzida (Toneladas) e Valor (Mil Reais) da Produção por Tipo de Lavoura Permanente - 2024 para","..\..\Desktop\tabelas-powerBI\1 Pará\Tabela 43 - Área colhida (Hectares), Quantidade Produzida (Toneladas) e Valor (Mil Reais) da Produção por Tipo de Lavoura Permanente - 2024 para.xlsx",RIS,261114,0.0
Guamá,1 Pará,43,"Área colhida (Hectares), Quantidade Produzida (Toneladas) e Valor (Mil Reais) da Produção por Tipo de Lavoura Permanente - 2024 para",20,"Tabela 43 - Área colhida (Hectares), Quantidade Produzida (Toneladas) e Valor (Mil Reais) da Produção por Tipo de Lavoura Permanente - 2024 para","..\..\Desktop\tabelas-powerBI\1 Pará\Tabela 43 - Área colhida (Hectares), Quantidade Produzida (Toneladas) e Valor (Mil Reais) da Produção por Tipo de Lavoura Permanente - 2024 para.xlsx",RIS,261114,5386.0
Lago de Tucuruí,1 Pará,43,"Área colhida (Hectares), Quantidade Produzida (Toneladas) e Valor (Mil Reais) da Produção por Tipo de Lavoura Permanente - 2024 para",20,"Tabela 43 - Área colhida (Hectares), Quantidade Produzida (Toneladas) e Valor (Mil Reais) da Produção por Tipo de Lavoura Permanente - 2024 para","..\..\Desktop\tabelas-powerBI\1 Pará\Tabela 43 - Área colhida (Hectares), Quantidade Produzida (Toneladas) e Valor (Mil Reais) da Produção por Tipo de Lavoura Permanente - 2024 para.xlsx",RIS,261114,0.0
Marajó,1 Pará,43,"Área colhida (Hectares), Quantidade Produzida (Toneladas) e Valor (Mil Reais) da Produção por Tipo de Lavoura Permanente - 2024 para",20,"Tabela 43 - Área colhida (Hectares), Quantidade Produzida (Toneladas) e Valor (Mil Reais) da Produção por Tipo de Lavoura Permanente - 2024 para","..\..\Desktop\tabelas-powerBI\1 Pará\Tabela 43 - Área colhida (Hectares), Quantidade Produzida (Toneladas) e Valor (Mil Reais) da Produção por Tipo de Lavoura Permanente - 2024 para.xlsx",RIS,261114,420.0
Rio Caeté,1 Pará,43,"Área colhida (Hectares), Quantidade Produzida (Toneladas) e Valor (Mil Reais) da Produção por Tipo de Lavoura Permanente - 2024 para",20,"Tabela 43 - Área colhida (Hectares), Quantidade Produzida (Toneladas) e Valor (Mil Reais) da Produção por Tipo de Lavoura Permanente - 2024 para","..\..\Desktop\tabelas-powerBI\1 Pará\Tabela 43 - Área colhida (Hectares), Quantidade Produzida (Toneladas) e Valor (Mil Reais) da Produção por Tipo de Lavoura Permanente - 2024 para.xlsx",RIS,261114,1049.0
Rio Capim,1 Pará,43,"Área colhida (Hectares), Quantidade Produzida (Toneladas) e Valor (Mil Reais) da Produção por Tipo de Lavoura Permanente - 2024 para",20,"Tabela 43 - Área colhida (Hectares), Quantidade Produzida (Toneladas) e Valor (Mil Reais) da Produção por Tipo de Lavoura Permanente - 2024 para","..\..\Desktop\tabelas-powerBI\1 Pará\Tabela 43 - Área colhida (Hectares), Quantidade Produzida (Toneladas) e Valor (Mil Reais) da Produção por Tipo de Lavoura Permanente - 2024 para.xlsx",RIS,261114,235622.0
Tapajós,1 Pará,43,"Área colhida (Hectares), Quantidade Produzida (Toneladas) e Valor (Mil Reais) da Produção por Tipo de Lavoura Permanente - 2024 para",20,"Tabela 43 - Área colhida (Hectares), Quantidade Produzida (Toneladas) e Valor (Mil Reais) da Produção por Tipo de Lavoura Permanente - 2024 para","..\..\Desktop\tabelas-powerBI\1 Pará\Tabela 43 - Área colhida (Hectares), Quantidade Produzida (Toneladas) e Valor (Mil Reais) da Produção por Tipo de Lavoura Permanente - 2024 para.xlsx",RIS,261114,2141.0
Tocantins,1 Pará,43,"Área colhida (Hectares), Quantidade Produzida (Toneladas) e Valor (Mil Reais) da Produção por Tipo de Lavoura Permanente - 2024 para",20,"Tabela 43 - Área colhida (Hectares), Quantidade Produzida (Toneladas) e Valor (Mil Reais) da Produção por Tipo de Lavoura Permanente - 2024 para","..\..\Desktop\tabelas-powerBI\1 Pará\Tabela 43 - Área colhida (Hectares), Quantidade Produzida (Toneladas) e Valor (Mil Reais) da Produção por Tipo de Lavoura Permanente - 2024 para.xlsx",RIS,261114,3287.0
Xingu,1 Pará,43,"Área colhida (Hectares), Quantidade Produzida (Toneladas) e Valor (Mil Reais) da Produção por Tipo de Lavoura Permanente - 2024 para",20,"Tabela 43 - Área colhida (Hectares), Quantidade Produzida (Toneladas) e Valor (Mil Reais) da Produção por Tipo de Lavoura Permanente - 2024 para","..\..\Desktop\tabelas-powerBI\1 Pará\Tabela 43 - Área colhida (Hectares), Quantidade Produzida (Toneladas) e Valor (Mil Reais) da Produção por Tipo de Lavoura Permanente - 2024 para.xlsx",RIS,261114,5113.0
Fonte: IBGE/PAM,1 Pará,43,"Área colhida (Hectares), Quantidade Produzida (Toneladas) e Valor (Mil Reais) da Produção por Tipo de Lavoura Permanente - 2024 para",20,"Tabela 43 - Área colhida (Hectares), Quantidade Produzida (Toneladas) e Valor (Mil Reais) da Produção por Tipo de Lavoura Permanente - 2024 para","..\..\Desktop\tabelas-powerBI\1 Pará\Tabela 43 - Área colhida (Hectares), Quantidade Produzida (Toneladas) e Valor (Mil Reais) da Produção por Tipo de Lavoura Permanente - 2024 para.xlsx",RIS,261114,
Elaboração: FAPESPA,1 Pará,43,"Área colhida (Hectares), Quantidade Produzida (Toneladas) e Valor (Mil Reais) da Produção por Tipo de Lavoura Permanente - 2024 para",20,"Tabela 43 - Área colhida (Hectares), Quantidade Produzida (Toneladas) e Valor (Mil Reais) da Produção por Tipo de Lavoura Permanente - 2024 para","..\..\Desktop\tabelas-powerBI\1 Pará\Tabela 43 - Área colhida (Hectares), Quantidade Produzida (Toneladas) e Valor (Mil Reais) da Produção por Tipo de Lavoura Permanente - 2024 para.xlsx",RIS,261114,
Nota: A quantidade produzida de coco-da-baía é expressa em mil frutos ,1 Pará,43,"Área colhida (Hectares), Quantidade Produzida (Toneladas) e Valor (Mil Reais) da Produção por Tipo de Lavoura Permanente - 2024 para",20,"Tabela 43 - Área colhida (Hectares), Quantidade Produzida (Toneladas) e Valor (Mil Reais) da Produção por Tipo de Lavoura Permanente - 2024 para","..\..\Desktop\tabelas-powerBI\1 Pará\Tabela 43 - Área colhida (Hectares), Quantidade Produzida (Toneladas) e Valor (Mil Reais) da Produção por Tipo de Lavoura Permanente - 2024 para.xlsx",RIS,261114,
Araguaia,1 Pará,43,"Área colhida (Hectares), Quantidade Produzida (Toneladas) e Valor (Mil Reais) da Produção por Tipo de Lavoura Permanente - 2024 para",20,"Tabela 43 - Área colhida (Hectares), Quantidade Produzida (Toneladas) e Valor (Mil Reais) da Produção por Tipo de Lavoura Permanente - 2024 para","..\..\Desktop\tabelas-powerBI\1 Pará\Tabela 43 - Área colhida (Hectares), Quantidade Produzida (Toneladas) e Valor (Mil Reais) da Produção por Tipo de Lavoura Permanente - 2024 para.xlsx",RIS,426150,0.0
Baixo Amazonas,1 Pará,43,"Área colhida (Hectares), Quantidade Produzida (Toneladas) e Valor (Mil Reais) da Produção por Tipo de Lavoura Permanente - 2024 para",20,"Tabela 43 - Área colhida (Hectares), Quantidade Produzida (Toneladas) e Valor (Mil Reais) da Produção por Tipo de Lavoura Permanente - 2024 para","..\..\Desktop\tabelas-powerBI\1 Pará\Tabela 43 - Área colhida (Hectares), Quantidade Produzida (Toneladas) e Valor (Mil Reais) da Produção por Tipo de Lavoura Permanente - 2024 para.xlsx",RIS,426150,12875.0
Carajás,1 Pará,43,"Área colhida (Hectares), Quantidade Produzida (Toneladas) e Valor (Mil Reais) da Produção por Tipo de Lavoura Permanente - 2024 para",20,"Tabela 43 - Área colhida (Hectares), Quantidade Produzida (Toneladas) e Valor (Mil Reais) da Produção por Tipo de Lavoura Permanente - 2024 para","..\..\Desktop\tabelas-powerBI\1 Pará\Tabela 43 - Área colhida (Hectares), Quantidade Produzida (Toneladas) e Valor (Mil Reais) da Produção por Tipo de Lavoura Permanente - 2024 para.xlsx",RIS,426150,166.0
Guajará,1 Pará,43,"Área colhida (Hectares), Quantidade Produzida (Toneladas) e Valor (Mil Reais) da Produção por Tipo de Lavoura Permanente - 2024 para",20,"Tabela 43 - Área colhida (Hectares), Quantidade Produzida (Toneladas) e Valor (Mil Reais) da Produção por Tipo de Lavoura Permanente - 2024 para","..\..\Desktop\tabelas-powerBI\1 Pará\Tabela 43 - Área colhida (Hectares), Quantidade Produzida (Toneladas) e Valor (Mil Reais) da Produção por Tipo de Lavoura Permanente - 2024 para.xlsx",RIS,426150,0.0
Guamá,1 Pará,43,"Área colhida (Hectares), Quantidade Produzida (Toneladas) e Valor (Mil Reais) da Produção por Tipo de Lavoura Permanente - 2024 para",20,"Tabela 43 - Área colhida (Hectares), Quantidade Produzida (Toneladas) e Valor (Mil Reais) da Produção por Tipo de Lavoura Permanente - 2024 para","..\..\Desktop\tabelas-powerBI\1 Pará\Tabela 43 - Área colhida (Hectares), Quantidade Produzida (Toneladas) e Valor (Mil Reais) da Produção por Tipo de Lavoura Permanente - 2024 para.xlsx",RIS,426150,8104.0
Lago de Tucuruí,1 Pará,43,"Área colhida (Hectares), Quantidade Produzida (Toneladas) e Valor (Mil Reais) da Produção por Tipo de Lavoura Permanente - 2024 para",20,"Tabela 43 - Área colhida (Hectares), Quantidade Produzida (Toneladas) e Valor (Mil Reais) da Produção por Tipo de Lavoura Permanente - 2024 para","..\..\Desktop\tabelas-powerBI\1 Pará\Tabela 43 - Área colhida (Hectares), Quantidade Produzida (Toneladas) e Valor (Mil Reais) da Produção por Tipo de Lavoura Permanente - 2024 para.xlsx",RIS,426150,0.0
Marajó,1 Pará,43,"Área colhida (Hectares), Quantidade Produzida (Toneladas) e Valor (Mil Reais) da Produção por Tipo de Lavoura Permanente - 2024 para",20,"Tabela 43 - Área colhida (Hectares), Quantidade Produzida (Toneladas) e Valor (Mil Reais) da Produção por Tipo de Lavoura Permanente - 2024 para","..\..\Desktop\tabelas-powerBI\1 Pará\Tabela 43 - Área colhida (Hectares), Quantidade Produzida (Toneladas) e Valor (Mil Reais) da Produção por Tipo de Lavoura Permanente - 2024 para.xlsx",RIS,426150,560.0
Rio Caeté,1 Pará,43,"Área colhida (Hectares), Quantidade Produzida (Toneladas) e Valor (Mil Reais) da Produção por Tipo de Lavoura Permanente - 2024 para",20,"Tabela 43 - Área colhida (Hectares), Quantidade Produzida (Toneladas) e Valor (Mil Reais) da Produção por Tipo de Lavoura Permanente - 2024 para","..\..\Desktop\tabelas-powerBI\1 Pará\Tabela 43 - Área colhida (Hectares), Quantidade Produzida (Toneladas) e Valor (Mil Reais) da Produção por Tipo de Lavoura Permanente - 2024 para.xlsx",RIS,426150,1645.0
Rio Capim,1 Pará,43,"Área colhida (Hectares), Quantidade Produzida (Toneladas) e Valor (Mil Reais) da Produção por Tipo de Lavoura Permanente - 2024 para",20,"Tabela 43 - Área colhida (Hectares), Quantidade Produzida (Toneladas) e Valor (Mil Reais) da Produção por Tipo de Lavoura Permanente - 2024 para","..\..\Desktop\tabelas-powerBI\1 Pará\Tabela 43 - Área colhida (Hectares), Quantidade Produzida (Toneladas) e Valor (Mil Reais) da Produção por Tipo de Lavoura Permanente - 2024 para.xlsx",RIS,426150,381379.0
Tapajós,1 Pará,43,"Área colhida (Hectares), Quantidade Produzida (Toneladas) e Valor (Mil Reais) da Produção por Tipo de Lavoura Permanente - 2024 para",20,"Tabela 43 - Área colhida (Hectares), Quantidade Produzida (Toneladas) e Valor (Mil Reais) da Produção por Tipo de Lavoura Permanente - 2024 para","..\..\Desktop\tabelas-powerBI\1 Pará\Tabela 43 - Área colhida (Hectares), Quantidade Produzida (Toneladas) e Valor (Mil Reais) da Produção por Tipo de Lavoura Permanente - 2024 para.xlsx",RIS,426150,5683.0
Tocantins,1 Pará,43,"Área colhida (Hectares), Quantidade Produzida (Toneladas) e Valor (Mil Reais) da Produção por Tipo de Lavoura Permanente - 2024 para",20,"Tabela 43 - Área colhida (Hectares), Quantidade Produzida (Toneladas) e Valor (Mil Reais) da Produção por Tipo de Lavoura Permanente - 2024 para","..\..\Desktop\tabelas-powerBI\1 Pará\Tabela 43 - Área colhida (Hectares), Quantidade Produzida (Toneladas) e Valor (Mil Reais) da Produção por Tipo de Lavoura Permanente - 2024 para.xlsx",RIS,426150,3978.0
Xingu,1 Pará,43,"Área colhida (Hectares), Quantidade Produzida (Toneladas) e Valor (Mil Reais) da Produção por Tipo de Lavoura Permanente - 2024 para",20,"Tabela 43 - Área colhida (Hectares), Quantidade Produzida (Toneladas) e Valor (Mil Reais) da Produção por Tipo de Lavoura Permanente - 2024 para","..\..\Desktop\tabelas-powerBI\1 Pará\Tabela 43 - Área colhida (Hectares), Quantidade Produzida (Toneladas) e Valor (Mil Reais) da Produção por Tipo de Lavoura Permanente - 2024 para.xlsx",RIS,426150,11761.0
Fonte: IBGE/PAM,1 Pará,43,"Área colhida (Hectares), Quantidade Produzida (Toneladas) e Valor (Mil Reais) da Produção por Tipo de Lavoura Permanente - 2024 para",20,"Tabela 43 - Área colhida (Hectares), Quantidade Produzida (Toneladas) e Valor (Mil Reais) da Produção por Tipo de Lavoura Permanente - 2024 para","..\..\Desktop\tabelas-powerBI\1 Pará\Tabela 43 - Área colhida (Hectares), Quantidade Produzida (Toneladas) e Valor (Mil Reais) da Produção por Tipo de Lavoura Permanente - 2024 para.xlsx",RIS,426150,
Elaboração: FAPESPA,1 Pará,43,"Área colhida (Hectares), Quantidade Produzida (Toneladas) e Valor (Mil Reais) da Produção por Tipo de Lavoura Permanente - 2024 para",20,"Tabela 43 - Área colhida (Hectares), Quantidade Produzida (Toneladas) e Valor (Mil Reais) da Produção por Tipo de Lavoura Permanente - 2024 para","..\..\Desktop\tabelas-powerBI\1 Pará\Tabela 43 - Área colhida (Hectares), Quantidade Produzida (Toneladas) e Valor (Mil Reais) da Produção por Tipo de Lavoura Permanente - 2024 para.xlsx",RIS,426150,
Nota: A quantidade produzida de coco-da-baía é expressa em mil frutos ,1 Pará,43,"Área colhida (Hectares), Quantidade Produzida (Toneladas) e Valor (Mil Reais) da Produção por Tipo de Lavoura Permanente - 2024 para",20,"Tabela 43 - Área colhida (Hectares), Quantidade Produzida (Toneladas) e Valor (Mil Reais) da Produção por Tipo de Lavoura Permanente - 2024 para","..\..\Desktop\tabelas-powerBI\1 Pará\Tabela 43 - Área colhida (Hectares), Quantidade Produzida (Toneladas) e Valor (Mil Reais) da Produção por Tipo de Lavoura Permanente - 2024 para.xlsx",RIS,426150,
Araguaia,1 Pará,43,"Área colhida (Hectares), Quantidade Produzida (Toneladas) e Valor (Mil Reais) da Produção por Tipo de Lavoura Permanente - 2024 para",20,"Tabela 43 - Área colhida (Hectares), Quantidade Produzida (Toneladas) e Valor (Mil Reais) da Produção por Tipo de Lavoura Permanente - 2024 para","..\..\Desktop\tabelas-powerBI\1 Pará\Tabela 43 - Área colhida (Hectares), Quantidade Produzida (Toneladas) e Valor (Mil Reais) da Produção por Tipo de Lavoura Permanente - 2024 para.xlsx",RIS,4729,0.0
Baixo Amazonas,1 Pará,43,"Área colhida (Hectares), Quantidade Produzida (Toneladas) e Valor (Mil Reais) da Produção por Tipo de Lavoura Permanente - 2024 para",20,"Tabela 43 - Área colhida (Hectares), Quantidade Produzida (Toneladas) e Valor (Mil Reais) da Produção por Tipo de Lavoura Permanente - 2024 para","..\..\Desktop\tabelas-powerBI\1 Pará\Tabela 43 - Área colhida (Hectares), Quantidade Produzida (Toneladas) e Valor (Mil Reais) da Produção por Tipo de Lavoura Permanente - 2024 para.xlsx",RIS,4729,3870.0
Carajás,1 Pará,43,"Área colhida (Hectares), Quantidade Produzida (Toneladas) e Valor (Mil Reais) da Produção por Tipo de Lavoura Permanente - 2024 para",20,"Tabela 43 - Área colhida (Hectares), Quantidade Produzida (Toneladas) e Valor (Mil Reais) da Produção por Tipo de Lavoura Permanente - 2024 para","..\..\Desktop\tabelas-powerBI\1 Pará\Tabela 43 - Área colhida (Hectares), Quantidade Produzida (Toneladas) e Valor (Mil Reais) da Produção por Tipo de Lavoura Permanente - 2024 para.xlsx",RIS,4729,79.0
Guajará,1 Pará,43,"Área colhida (Hectares), Quantidade Produzida (Toneladas) e Valor (Mil Reais) da Produção por Tipo de Lavoura Permanente - 2024 para",20,"Tabela 43 - Área colhida (Hectares), Quantidade Produzida (Toneladas) e Valor (Mil Reais) da Produção por Tipo de Lavoura Permanente - 2024 para","..\..\Desktop\tabelas-powerBI\1 Pará\Tabela 43 - Área colhida (Hectares), Quantidade Produzida (Toneladas) e Valor (Mil Reais) da Produção por Tipo de Lavoura Permanente - 2024 para.xlsx",RIS,4729,32.0
Guamá,1 Pará,43,"Área colhida (Hectares), Quantidade Produzida (Toneladas) e Valor (Mil Reais) da Produção por Tipo de Lavoura Permanente - 2024 para",20,"Tabela 43 - Área colhida (Hectares), Quantidade Produzida (Toneladas) e Valor (Mil Reais) da Produção por Tipo de Lavoura Permanente - 2024 para","..\..\Desktop\tabelas-powerBI\1 Pará\Tabela 43 - Área colhida (Hectares), Quantidade Produzida (Toneladas) e Valor (Mil Reais) da Produção por Tipo de Lavoura Permanente - 2024 para.xlsx",RIS,4729,307.0
Lago de Tucuruí,1 Pará,43,"Área colhida (Hectares), Quantidade Produzida (Toneladas) e Valor (Mil Reais) da Produção por Tipo de Lavoura Permanente - 2024 para",20,"Tabela 43 - Área colhida (Hectares), Quantidade Produzida (Toneladas) e Valor (Mil Reais) da Produção por Tipo de Lavoura Permanente - 2024 para","..\..\Desktop\tabelas-powerBI\1 Pará\Tabela 43 - Área colhida (Hectares), Quantidade Produzida (Toneladas) e Valor (Mil Reais) da Produção por Tipo de Lavoura Permanente - 2024 para.xlsx",RIS,4729,19.0
Marajó,1 Pará,43,"Área colhida (Hectares), Quantidade Produzida (Toneladas) e Valor (Mil Reais) da Produção por Tipo de Lavoura Permanente - 2024 para",20,"Tabela 43 - Área colhida (Hectares), Quantidade Produzida (Toneladas) e Valor (Mil Reais) da Produção por Tipo de Lavoura Permanente - 2024 para","..\..\Desktop\tabelas-powerBI\1 Pará\Tabela 43 - Área colhida (Hectares), Quantidade Produzida (Toneladas) e Valor (Mil Reais) da Produção por Tipo de Lavoura Permanente - 2024 para.xlsx",RIS,4729,16.0
Rio Caeté,1 Pará,43,"Área colhida (Hectares), Quantidade Produzida (Toneladas) e Valor (Mil Reais) da Produção por Tipo de Lavoura Permanente - 2024 para",20,"Tabela 43 - Área colhida (Hectares), Quantidade Produzida (Toneladas) e Valor (Mil Reais) da Produção por Tipo de Lavoura Permanente - 2024 para","..\..\Desktop\tabelas-powerBI\1 Pará\Tabela 43 - Área colhida (Hectares), Quantidade Produzida (Toneladas) e Valor (Mil Reais) da Produção por Tipo de Lavoura Permanente - 2024 para.xlsx",RIS,4729,38.0
Rio Capim,1 Pará,43,"Área colhida (Hectares), Quantidade Produzida (Toneladas) e Valor (Mil Reais) da Produção por Tipo de Lavoura Permanente - 2024 para",20,"Tabela 43 - Área colhida (Hectares), Quantidade Produzida (Toneladas) e Valor (Mil Reais) da Produção por Tipo de Lavoura Permanente - 2024 para","..\..\Desktop\tabelas-powerBI\1 Pará\Tabela 43 - Área colhida (Hectares), Quantidade Produzida (Toneladas) e Valor (Mil Reais) da Produção por Tipo de Lavoura Permanente - 2024 para.xlsx",RIS,4729,136.0
Tapajós,1 Pará,43,"Área colhida (Hectares), Quantidade Produzida (Toneladas) e Valor (Mil Reais) da Produção por Tipo de Lavoura Permanente - 2024 para",20,"Tabela 43 - Área colhida (Hectares), Quantidade Produzida (Toneladas) e Valor (Mil Reais) da Produção por Tipo de Lavoura Permanente - 2024 para","..\..\Desktop\tabelas-powerBI\1 Pará\Tabela 43 - Área colhida (Hectares), Quantidade Produzida (Toneladas) e Valor (Mil Reais) da Produção por Tipo de Lavoura Permanente - 2024 para.xlsx",RIS,4729,67.0
Tocantins,1 Pará,43,"Área colhida (Hectares), Quantidade Produzida (Toneladas) e Valor (Mil Reais) da Produção por Tipo de Lavoura Permanente - 2024 para",20,"Tabela 43 - Área colhida (Hectares), Quantidade Produzida (Toneladas) e Valor (Mil Reais) da Produção por Tipo de Lavoura Permanente - 2024 para","..\..\Desktop\tabelas-powerBI\1 Pará\Tabela 43 - Área colhida (Hectares), Quantidade Produzida (Toneladas) e Valor (Mil Reais) da Produção por Tipo de Lavoura Permanente - 2024 para.xlsx",RIS,4729,133.0
Xingu,1 Pará,43,"Área colhida (Hectares), Quantidade Produzida (Toneladas) e Valor (Mil Reais) da Produção por Tipo de Lavoura Permanente - 2024 para",20,"Tabela 43 - Área colhida (Hectares), Quantidade Produzida (Toneladas) e Valor (Mil Reais) da Produção por Tipo de Lavoura Permanente - 2024 para","..\..\Desktop\tabelas-powerBI\1 Pará\Tabela 43 - Área colhida (Hectares), Quantidade Produzida (Toneladas) e Valor (Mil Reais) da Produção por Tipo de Lavoura Permanente - 2024 para.xlsx",RIS,4729,32.0
Fonte: IBGE/PAM,1 Pará,43,"Área colhida (Hectares), Quantidade Produzida (Toneladas) e Valor (Mil Reais) da Produção por Tipo de Lavoura Permanente - 2024 para",20,"Tabela 43 - Área colhida (Hectares), Quantidade Produzida (Toneladas) e Valor (Mil Reais) da Produção por Tipo de Lavoura Permanente - 2024 para","..\..\Desktop\tabelas-powerBI\1 Pará\Tabela 43 - Área colhida (Hectares), Quantidade Produzida (Toneladas) e Valor (Mil Reais) da Produção por Tipo de Lavoura Permanente - 2024 para.xlsx",RIS,4729,
Elaboração: FAPESPA,1 Pará,43,"Área colhida (Hectares), Quantidade Produzida (Toneladas) e Valor (Mil Reais) da Produção por Tipo de Lavoura Permanente - 2024 para",20,"Tabela 43 - Área colhida (Hectares), Quantidade Produzida (Toneladas) e Valor (Mil Reais) da Produção por Tipo de Lavoura Permanente - 2024 para","..\..\Desktop\tabelas-powerBI\1 Pará\Tabela 43 - Área colhida (Hectares), Quantidade Produzida (Toneladas) e Valor (Mil Reais) da Produção por Tipo de Lavoura Permanente - 2024 para.xlsx",RIS,4729,
Nota: A quantidade produzida de coco-da-baía é expressa em mil frutos ,1 Pará,43,"Área colhida (Hectares), Quantidade Produzida (Toneladas) e Valor (Mil Reais) da Produção por Tipo de Lavoura Permanente - 2024 para",20,"Tabela 43 - Área colhida (Hectares), Quantidade Produzida (Toneladas) e Valor (Mil Reais) da Produção por Tipo de Lavoura Permanente - 2024 para","..\..\Desktop\tabelas-powerBI\1 Pará\Tabela 43 - Área colhida (Hectares), Quantidade Produzida (Toneladas) e Valor (Mil Reais) da Produção por Tipo de Lavoura Permanente - 2024 para.xlsx",RIS,4729,
Araguaia,1 Pará,43,"Área colhida (Hectares), Quantidade Produzida (Toneladas) e Valor (Mil Reais) da Produção por Tipo de Lavoura Permanente - 2024 para",20,"Tabela 43 - Área colhida (Hectares), Quantidade Produzida (Toneladas) e Valor (Mil Reais) da Produção por Tipo de Lavoura Permanente - 2024 para","..\..\Desktop\tabelas-powerBI\1 Pará\Tabela 43 - Área colhida (Hectares), Quantidade Produzida (Toneladas) e Valor (Mil Reais) da Produção por Tipo de Lavoura Permanente - 2024 para.xlsx",RIS,74442,0.0
Baixo Amazonas,1 Pará,43,"Área colhida (Hectares), Quantidade Produzida (Toneladas) e Valor (Mil Reais) da Produção por Tipo de Lavoura Permanente - 2024 para",20,"Tabela 43 - Área colhida (Hectares), Quantidade Produzida (Toneladas) e Valor (Mil Reais) da Produção por Tipo de Lavoura Permanente - 2024 para","..\..\Desktop\tabelas-powerBI\1 Pará\Tabela 43 - Área colhida (Hectares), Quantidade Produzida (Toneladas) e Valor (Mil Reais) da Produção por Tipo de Lavoura Permanente - 2024 para.xlsx",RIS,74442,64151.0
Carajás,1 Pará,43,"Área colhida (Hectares), Quantidade Produzida (Toneladas) e Valor (Mil Reais) da Produção por Tipo de Lavoura Permanente - 2024 para",20,"Tabela 43 - Área colhida (Hectares), Quantidade Produzida (Toneladas) e Valor (Mil Reais) da Produção por Tipo de Lavoura Permanente - 2024 para","..\..\Desktop\tabelas-powerBI\1 Pará\Tabela 43 - Área colhida (Hectares), Quantidade Produzida (Toneladas) e Valor (Mil Reais) da Produção por Tipo de Lavoura Permanente - 2024 para.xlsx",RIS,74442,958.0
Guajará,1 Pará,43,"Área colhida (Hectares), Quantidade Produzida (Toneladas) e Valor (Mil Reais) da Produção por Tipo de Lavoura Permanente - 2024 para",20,"Tabela 43 - Área colhida (Hectares), Quantidade Produzida (Toneladas) e Valor (Mil Reais) da Produção por Tipo de Lavoura Permanente - 2024 para","..\..\Desktop\tabelas-powerBI\1 Pará\Tabela 43 - Área colhida (Hectares), Quantidade Produzida (Toneladas) e Valor (Mil Reais) da Produção por Tipo de Lavoura Permanente - 2024 para.xlsx",RIS,74442,240.0
Guamá,1 Pará,43,"Área colhida (Hectares), Quantidade Produzida (Toneladas) e Valor (Mil Reais) da Produção por Tipo de Lavoura Permanente - 2024 para",20,"Tabela 43 - Área colhida (Hectares), Quantidade Produzida (Toneladas) e Valor (Mil Reais) da Produção por Tipo de Lavoura Permanente - 2024 para","..\..\Desktop\tabelas-powerBI\1 Pará\Tabela 43 - Área colhida (Hectares), Quantidade Produzida (Toneladas) e Valor (Mil Reais) da Produção por Tipo de Lavoura Permanente - 2024 para.xlsx",RIS,74442,3922.0
Lago de Tucuruí,1 Pará,43,"Área colhida (Hectares), Quantidade Produzida (Toneladas) e Valor (Mil Reais) da Produção por Tipo de Lavoura Permanente - 2024 para",20,"Tabela 43 - Área colhida (Hectares), Quantidade Produzida (Toneladas) e Valor (Mil Reais) da Produção por Tipo de Lavoura Permanente - 2024 para","..\..\Desktop\tabelas-powerBI\1 Pará\Tabela 43 - Área colhida (Hectares), Quantidade Produzida (Toneladas) e Valor (Mil Reais) da Produção por Tipo de Lavoura Permanente - 2024 para.xlsx",RIS,74442,262.0
Marajó,1 Pará,43,"Área colhida (Hectares), Quantidade Produzida (Toneladas) e Valor (Mil Reais) da Produção por Tipo de Lavoura Permanente - 2024 para",20,"Tabela 43 - Área colhida (Hectares), Quantidade Produzida (Toneladas) e Valor (Mil Reais) da Produção por Tipo de Lavoura Permanente - 2024 para","..\..\Desktop\tabelas-powerBI\1 Pará\Tabela 43 - Área colhida (Hectares), Quantidade Produzida (Toneladas) e Valor (Mil Reais) da Produção por Tipo de Lavoura Permanente - 2024 para.xlsx",RIS,74442,96.0
Rio Caeté,1 Pará,43,"Área colhida (Hectares), Quantidade Produzida (Toneladas) e Valor (Mil Reais) da Produção por Tipo de Lavoura Permanente - 2024 para",20,"Tabela 43 - Área colhida (Hectares), Quantidade Produzida (Toneladas) e Valor (Mil Reais) da Produção por Tipo de Lavoura Permanente - 2024 para","..\..\Desktop\tabelas-powerBI\1 Pará\Tabela 43 - Área colhida (Hectares), Quantidade Produzida (Toneladas) e Valor (Mil Reais) da Produção por Tipo de Lavoura Permanente - 2024 para.xlsx",RIS,74442,403.0
Rio Capim,1 Pará,43,"Área colhida (Hectares), Quantidade Produzida (Toneladas) e Valor (Mil Reais) da Produção por Tipo de Lavoura Permanente - 2024 para",20,"Tabela 43 - Área colhida (Hectares), Quantidade Produzida (Toneladas) e Valor (Mil Reais) da Produção por Tipo de Lavoura Permanente - 2024 para","..\..\Desktop\tabelas-powerBI\1 Pará\Tabela 43 - Área colhida (Hectares), Quantidade Produzida (Toneladas) e Valor (Mil Reais) da Produção por Tipo de Lavoura Permanente - 2024 para.xlsx",RIS,74442,1769.0
Tapajós,1 Pará,43,"Área colhida (Hectares), Quantidade Produzida (Toneladas) e Valor (Mil Reais) da Produção por Tipo de Lavoura Permanente - 2024 para",20,"Tabela 43 - Área colhida (Hectares), Quantidade Produzida (Toneladas) e Valor (Mil Reais) da Produção por Tipo de Lavoura Permanente - 2024 para","..\..\Desktop\tabelas-powerBI\1 Pará\Tabela 43 - Área colhida (Hectares), Quantidade Produzida (Toneladas) e Valor (Mil Reais) da Produção por Tipo de Lavoura Permanente - 2024 para.xlsx",RIS,74442,686.0
Tocantins,1 Pará,43,"Área colhida (Hectares), Quantidade Produzida (Toneladas) e Valor (Mil Reais) da Produção por Tipo de Lavoura Permanente - 2024 para",20,"Tabela 43 - Área colhida (Hectares), Quantidade Produzida (Toneladas) e Valor (Mil Reais) da Produção por Tipo de Lavoura Permanente - 2024 para","..\..\Desktop\tabelas-powerBI\1 Pará\Tabela 43 - Área colhida (Hectares), Quantidade Produzida (Toneladas) e Valor (Mil Reais) da Produção por Tipo de Lavoura Permanente - 2024 para.xlsx",RIS,74442,1611.0
Xingu,1 Pará,43,"Área colhida (Hectares), Quantidade Produzida (Toneladas) e Valor (Mil Reais) da Produção por Tipo de Lavoura Permanente - 2024 para",20,"Tabela 43 - Área colhida (Hectares), Quantidade Produzida (Toneladas) e Valor (Mil Reais) da Produção por Tipo de Lavoura Permanente - 2024 para","..\..\Desktop\tabelas-powerBI\1 Pará\Tabela 43 - Área colhida (Hectares), Quantidade Produzida (Toneladas) e Valor (Mil Reais) da Produção por Tipo de Lavoura Permanente - 2024 para.xlsx",RIS,74442,344.0
Fonte: IBGE/PAM,1 Pará,43,"Área colhida (Hectares), Quantidade Produzida (Toneladas) e Valor (Mil Reais) da Produção por Tipo de Lavoura Permanente - 2024 para",20,"Tabela 43 - Área colhida (Hectares), Quantidade Produzida (Toneladas) e Valor (Mil Reais) da Produção por Tipo de Lavoura Permanente - 2024 para","..\..\Desktop\tabelas-powerBI\1 Pará\Tabela 43 - Área colhida (Hectares), Quantidade Produzida (Toneladas) e Valor (Mil Reais) da Produção por Tipo de Lavoura Permanente - 2024 para.xlsx",RIS,74442,
Elaboração: FAPESPA,1 Pará,43,"Área colhida (Hectares), Quantidade Produzida (Toneladas) e Valor (Mil Reais) da Produção por Tipo de Lavoura Permanente - 2024 para",20,"Tabela 43 - Área colhida (Hectares), Quantidade Produzida (Toneladas) e Valor (Mil Reais) da Produção por Tipo de Lavoura Permanente - 2024 para","..\..\Desktop\tabelas-powerBI\1 Pará\Tabela 43 - Área colhida (Hectares), Quantidade Produzida (Toneladas) e Valor (Mil Reais) da Produção por Tipo de Lavoura Permanente - 2024 para.xlsx",RIS,74442,
Nota: A quantidade produzida de coco-da-baía é expressa em mil frutos ,1 Pará,43,"Área colhida (Hectares), Quantidade Produzida (Toneladas) e Valor (Mil Reais) da Produção por Tipo de Lavoura Permanente - 2024 para",20,"Tabela 43 - Área colhida (Hectares), Quantidade Produzida (Toneladas) e Valor (Mil Reais) da Produção por Tipo de Lavoura Permanente - 2024 para","..\..\Desktop\tabelas-powerBI\1 Pará\Tabela 43 - Área colhida (Hectares), Quantidade Produzida (Toneladas) e Valor (Mil Reais) da Produção por Tipo de Lavoura Permanente - 2024 para.xlsx",RIS,74442,
Araguaia,1 Pará,43,"Área colhida (Hectares), Quantidade Produzida (Toneladas) e Valor (Mil Reais) da Produção por Tipo de Lavoura Permanente - 2024 para",20,"Tabela 43 - Área colhida (Hectares), Quantidade Produzida (Toneladas) e Valor (Mil Reais) da Produção por Tipo de Lavoura Permanente - 2024 para","..\..\Desktop\tabelas-powerBI\1 Pará\Tabela 43 - Área colhida (Hectares), Quantidade Produzida (Toneladas) e Valor (Mil Reais) da Produção por Tipo de Lavoura Permanente - 2024 para.xlsx",RIS,90615,0.0
Baixo Amazonas,1 Pará,43,"Área colhida (Hectares), Quantidade Produzida (Toneladas) e Valor (Mil Reais) da Produção por Tipo de Lavoura Permanente - 2024 para",20,"Tabela 43 - Área colhida (Hectares), Quantidade Produzida (Toneladas) e Valor (Mil Reais) da Produção por Tipo de Lavoura Permanente - 2024 para","..\..\Desktop\tabelas-powerBI\1 Pará\Tabela 43 - Área colhida (Hectares), Quantidade Produzida (Toneladas) e Valor (Mil Reais) da Produção por Tipo de Lavoura Permanente - 2024 para.xlsx",RIS,90615,67310.0
Carajás,1 Pará,43,"Área colhida (Hectares), Quantidade Produzida (Toneladas) e Valor (Mil Reais) da Produção por Tipo de Lavoura Permanente - 2024 para",20,"Tabela 43 - Área colhida (Hectares), Quantidade Produzida (Toneladas) e Valor (Mil Reais) da Produção por Tipo de Lavoura Permanente - 2024 para","..\..\Desktop\tabelas-powerBI\1 Pará\Tabela 43 - Área colhida (Hectares), Quantidade Produzida (Toneladas) e Valor (Mil Reais) da Produção por Tipo de Lavoura Permanente - 2024 para.xlsx",RIS,90615,2765.0
Guajará,1 Pará,43,"Área colhida (Hectares), Quantidade Produzida (Toneladas) e Valor (Mil Reais) da Produção por Tipo de Lavoura Permanente - 2024 para",20,"Tabela 43 - Área colhida (Hectares), Quantidade Produzida (Toneladas) e Valor (Mil Reais) da Produção por Tipo de Lavoura Permanente - 2024 para","..\..\Desktop\tabelas-powerBI\1 Pará\Tabela 43 - Área colhida (Hectares), Quantidade Produzida (Toneladas) e Valor (Mil Reais) da Produção por Tipo de Lavoura Permanente - 2024 para.xlsx",RIS,90615,672.0
Guamá,1 Pará,43,"Área colhida (Hectares), Quantidade Produzida (Toneladas) e Valor (Mil Reais) da Produção por Tipo de Lavoura Permanente - 2024 para",20,"Tabela 43 - Área colhida (Hectares), Quantidade Produzida (Toneladas) e Valor (Mil Reais) da Produção por Tipo de Lavoura Permanente - 2024 para","..\..\Desktop\tabelas-powerBI\1 Pará\Tabela 43 - Área colhida (Hectares), Quantidade Produzida (Toneladas) e Valor (Mil Reais) da Produção por Tipo de Lavoura Permanente - 2024 para.xlsx",RIS,90615,9128.0
Lago de Tucuruí,1 Pará,43,"Área colhida (Hectares), Quantidade Produzida (Toneladas) e Valor (Mil Reais) da Produção por Tipo de Lavoura Permanente - 2024 para",20,"Tabela 43 - Área colhida (Hectares), Quantidade Produzida (Toneladas) e Valor (Mil Reais) da Produção por Tipo de Lavoura Permanente - 2024 para","..\..\Desktop\tabelas-powerBI\1 Pará\Tabela 43 - Área colhida (Hectares), Quantidade Produzida (Toneladas) e Valor (Mil Reais) da Produção por Tipo de Lavoura Permanente - 2024 para.xlsx",RIS,90615,940.0
Marajó,1 Pará,43,"Área colhida (Hectares), Quantidade Produzida (Toneladas) e Valor (Mil Reais) da Produção por Tipo de Lavoura Permanente - 2024 para",20,"Tabela 43 - Área colhida (Hectares), Quantidade Produzida (Toneladas) e Valor (Mil Reais) da Produção por Tipo de Lavoura Permanente - 2024 para","..\..\Desktop\tabelas-powerBI\1 Pará\Tabela 43 - Área colhida (Hectares), Quantidade Produzida (Toneladas) e Valor (Mil Reais) da Produção por Tipo de Lavoura Permanente - 2024 para.xlsx",RIS,90615,365.0
Rio Caeté,1 Pará,43,"Área colhida (Hectares), Quantidade Produzida (Toneladas) e Valor (Mil Reais) da Produção por Tipo de Lavoura Permanente - 2024 para",20,"Tabela 43 - Área colhida (Hectares), Quantidade Produzida (Toneladas) e Valor (Mil Reais) da Produção por Tipo de Lavoura Permanente - 2024 para","..\..\Desktop\tabelas-powerBI\1 Pará\Tabela 43 - Área colhida (Hectares), Quantidade Produzida (Toneladas) e Valor (Mil Reais) da Produção por Tipo de Lavoura Permanente - 2024 para.xlsx",RIS,90615,611.0
Rio Capim,1 Pará,43,"Área colhida (Hectares), Quantidade Produzida (Toneladas) e Valor (Mil Reais) da Produção por Tipo de Lavoura Permanente - 2024 para",20,"Tabela 43 - Área colhida (Hectares), Quantidade Produzida (Toneladas) e Valor (Mil Reais) da Produção por Tipo de Lavoura Permanente - 2024 para","..\..\Desktop\tabelas-powerBI\1 Pará\Tabela 43 - Área colhida (Hectares), Quantidade Produzida (Toneladas) e Valor (Mil Reais) da Produção por Tipo de Lavoura Permanente - 2024 para.xlsx",RIS,90615,3453.0
Tapajós,1 Pará,43,"Área colhida (Hectares), Quantidade Produzida (Toneladas) e Valor (Mil Reais) da Produção por Tipo de Lavoura Permanente - 2024 para",20,"Tabela 43 - Área colhida (Hectares), Quantidade Produzida (Toneladas) e Valor (Mil Reais) da Produção por Tipo de Lavoura Permanente - 2024 para","..\..\Desktop\tabelas-powerBI\1 Pará\Tabela 43 - Área colhida (Hectares), Quantidade Produzida (Toneladas) e Valor (Mil Reais) da Produção por Tipo de Lavoura Permanente - 2024 para.xlsx",RIS,90615,2336.0
Tocantins,1 Pará,43,"Área colhida (Hectares), Quantidade Produzida (Toneladas) e Valor (Mil Reais) da Produção por Tipo de Lavoura Permanente - 2024 para",20,"Tabela 43 - Área colhida (Hectares), Quantidade Produzida (Toneladas) e Valor (Mil Reais) da Produção por Tipo de Lavoura Permanente - 2024 para","..\..\Desktop\tabelas-powerBI\1 Pará\Tabela 43 - Área colhida (Hectares), Quantidade Produzida (Toneladas) e Valor (Mil Reais) da Produção por Tipo de Lavoura Permanente - 2024 para.xlsx",RIS,90615,2262.0
Xingu,1 Pará,43,"Área colhida (Hectares), Quantidade Produzida (Toneladas) e Valor (Mil Reais) da Produção por Tipo de Lavoura Permanente - 2024 para",20,"Tabela 43 - Área colhida (Hectares), Quantidade Produzida (Toneladas) e Valor (Mil Reais) da Produção por Tipo de Lavoura Permanente - 2024 para","..\..\Desktop\tabelas-powerBI\1 Pará\Tabela 43 - Área colhida (Hectares), Quantidade Produzida (Toneladas) e Valor (Mil Reais) da Produção por Tipo de Lavoura Permanente - 2024 para.xlsx",RIS,90615,777.0
Fonte: IBGE/PAM,1 Pará,43,"Área colhida (Hectares), Quantidade Produzida (Toneladas) e Valor (Mil Reais) da Produção por Tipo de Lavoura Permanente - 2024 para",20,"Tabela 43 - Área colhida (Hectares), Quantidade Produzida (Toneladas) e Valor (Mil Reais) da Produção por Tipo de Lavoura Permanente - 2024 para","..\..\Desktop\tabelas-powerBI\1 Pará\Tabela 43 - Área colhida (Hectares), Quantidade Produzida (Toneladas) e Valor (Mil Reais) da Produção por Tipo de Lavoura Permanente - 2024 para.xlsx",RIS,90615,
Elaboração: FAPESPA,1 Pará,43,"Área colhida (Hectares), Quantidade Produzida (Toneladas) e Valor (Mil Reais) da Produção por Tipo de Lavoura Permanente - 2024 para",20,"Tabela 43 - Área colhida (Hectares), Quantidade Produzida (Toneladas) e Valor (Mil Reais) da Produção por Tipo de Lavoura Permanente - 2024 para","..\..\Desktop\tabelas-powerBI\1 Pará\Tabela 43 - Área colhida (Hectares), Quantidade Produzida (Toneladas) e Valor (Mil Reais) da Produção por Tipo de Lavoura Permanente - 2024 para.xlsx",RIS,90615,
Nota: A quantidade produzida de coco-da-baía é expressa em mil frutos ,1 Pará,43,"Área colhida (Hectares), Quantidade Produzida (Toneladas) e Valor (Mil Reais) da Produção por Tipo de Lavoura Permanente - 2024 para",20,"Tabela 43 - Área colhida (Hectares), Quantidade Produzida (Toneladas) e Valor (Mil Reais) da Produção por Tipo de Lavoura Permanente - 2024 para","..\..\Desktop\tabelas-powerBI\1 Pará\Tabela 43 - Área colhida (Hectares), Quantidade Produzida (Toneladas) e Valor (Mil Reais) da Produção por Tipo de Lavoura Permanente - 2024 para.xlsx",RIS,90615,
Araguaia,1 Pará,43,"Área colhida (Hectares), Quantidade Produzida (Toneladas) e Valor (Mil Reais) da Produção por Tipo de Lavoura Permanente - 2024 para",20,"Tabela 43 - Área colhida (Hectares), Quantidade Produzida (Toneladas) e Valor (Mil Reais) da Produção por Tipo de Lavoura Permanente - 2024 para","..\..\Desktop\tabelas-powerBI\1 Pará\Tabela 43 - Área colhida (Hectares), Quantidade Produzida (Toneladas) e Valor (Mil Reais) da Produção por Tipo de Lavoura Permanente - 2024 para.xlsx",RIS,1089,15.0
Baixo Amazonas,1 Pará,43,"Área colhida (Hectares), Quantidade Produzida (Toneladas) e Valor (Mil Reais) da Produção por Tipo de Lavoura Permanente - 2024 para",20,"Tabela 43 - Área colhida (Hectares), Quantidade Produzida (Toneladas) e Valor (Mil Reais) da Produção por Tipo de Lavoura Permanente - 2024 para","..\..\Desktop\tabelas-powerBI\1 Pará\Tabela 43 - Área colhida (Hectares), Quantidade Produzida (Toneladas) e Valor (Mil Reais) da Produção por Tipo de Lavoura Permanente - 2024 para.xlsx",RIS,1089,108.0
Carajás,1 Pará,43,"Área colhida (Hectares), Quantidade Produzida (Toneladas) e Valor (Mil Reais) da Produção por Tipo de Lavoura Permanente - 2024 para",20,"Tabela 43 - Área colhida (Hectares), Quantidade Produzida (Toneladas) e Valor (Mil Reais) da Produção por Tipo de Lavoura Permanente - 2024 para","..\..\Desktop\tabelas-powerBI\1 Pará\Tabela 43 - Área colhida (Hectares), Quantidade Produzida (Toneladas) e Valor (Mil Reais) da Produção por Tipo de Lavoura Permanente - 2024 para.xlsx",RIS,1089,121.0
Guajará,1 Pará,43,"Área colhida (Hectares), Quantidade Produzida (Toneladas) e Valor (Mil Reais) da Produção por Tipo de Lavoura Permanente - 2024 para",20,"Tabela 43 - Área colhida (Hectares), Quantidade Produzida (Toneladas) e Valor (Mil Reais) da Produção por Tipo de Lavoura Permanente - 2024 para","..\..\Desktop\tabelas-powerBI\1 Pará\Tabela 43 - Área colhida (Hectares), Quantidade Produzida (Toneladas) e Valor (Mil Reais) da Produção por Tipo de Lavoura Permanente - 2024 para.xlsx",RIS,1089,19.0
Guamá,1 Pará,43,"Área colhida (Hectares), Quantidade Produzida (Toneladas) e Valor (Mil Reais) da Produção por Tipo de Lavoura Permanente - 2024 para",20,"Tabela 43 - Área colhida (Hectares), Quantidade Produzida (Toneladas) e Valor (Mil Reais) da Produção por Tipo de Lavoura Permanente - 2024 para","..\..\Desktop\tabelas-powerBI\1 Pará\Tabela 43 - Área colhida (Hectares), Quantidade Produzida (Toneladas) e Valor (Mil Reais) da Produção por Tipo de Lavoura Permanente - 2024 para.xlsx",RIS,1089,433.0
Lago de Tucuruí,1 Pará,43,"Área colhida (Hectares), Quantidade Produzida (Toneladas) e Valor (Mil Reais) da Produção por Tipo de Lavoura Permanente - 2024 para",20,"Tabela 43 - Área colhida (Hectares), Quantidade Produzida (Toneladas) e Valor (Mil Reais) da Produção por Tipo de Lavoura Permanente - 2024 para","..\..\Desktop\tabelas-powerBI\1 Pará\Tabela 43 - Área colhida (Hectares), Quantidade Produzida (Toneladas) e Valor (Mil Reais) da Produção por Tipo de Lavoura Permanente - 2024 para.xlsx",RIS,1089,11.0
Marajó,1 Pará,43,"Área colhida (Hectares), Quantidade Produzida (Toneladas) e Valor (Mil Reais) da Produção por Tipo de Lavoura Permanente - 2024 para",20,"Tabela 43 - Área colhida (Hectares), Quantidade Produzida (Toneladas) e Valor (Mil Reais) da Produção por Tipo de Lavoura Permanente - 2024 para","..\..\Desktop\tabelas-powerBI\1 Pará\Tabela 43 - Área colhida (Hectares), Quantidade Produzida (Toneladas) e Valor (Mil Reais) da Produção por Tipo de Lavoura Permanente - 2024 para.xlsx",RIS,1089,27.0
Rio Caeté,1 Pará,43,"Área colhida (Hectares), Quantidade Produzida (Toneladas) e Valor (Mil Reais) da Produção por Tipo de Lavoura Permanente - 2024 para",20,"Tabela 43 - Área colhida (Hectares), Quantidade Produzida (Toneladas) e Valor (Mil Reais) da Produção por Tipo de Lavoura Permanente - 2024 para","..\..\Desktop\tabelas-powerBI\1 Pará\Tabela 43 - Área colhida (Hectares), Quantidade Produzida (Toneladas) e Valor (Mil Reais) da Produção por Tipo de Lavoura Permanente - 2024 para.xlsx",RIS,1089,55.0
Rio Capim,1 Pará,43,"Área colhida (Hectares), Quantidade Produzida (Toneladas) e Valor (Mil Reais) da Produção por Tipo de Lavoura Permanente - 2024 para",20,"Tabela 43 - Área colhida (Hectares), Quantidade Produzida (Toneladas) e Valor (Mil Reais) da Produção por Tipo de Lavoura Permanente - 2024 para","..\..\Desktop\tabelas-powerBI\1 Pará\Tabela 43 - Área colhida (Hectares), Quantidade Produzida (Toneladas) e Valor (Mil Reais) da Produção por Tipo de Lavoura Permanente - 2024 para.xlsx",RIS,1089,122.0
Tapajós,1 Pará,43,"Área colhida (Hectares), Quantidade Produzida (Toneladas) e Valor (Mil Reais) da Produção por Tipo de Lavoura Permanente - 2024 para",20,"Tabela 43 - Área colhida (Hectares), Quantidade Produzida (Toneladas) e Valor (Mil Reais) da Produção por Tipo de Lavoura Permanente - 2024 para","..\..\Desktop\tabelas-powerBI\1 Pará\Tabela 43 - Área colhida (Hectares), Quantidade Produzida (Toneladas) e Valor (Mil Reais) da Produção por Tipo de Lavoura Permanente - 2024 para.xlsx",RIS,1089,6.0
Tocantins,1 Pará,43,"Área colhida (Hectares), Quantidade Produzida (Toneladas) e Valor (Mil Reais) da Produção por Tipo de Lavoura Permanente - 2024 para",20,"Tabela 43 - Área colhida (Hectares), Quantidade Produzida (Toneladas) e Valor (Mil Reais) da Produção por Tipo de Lavoura Permanente - 2024 para","..\..\Desktop\tabelas-powerBI\1 Pará\Tabela 43 - Área colhida (Hectares), Quantidade Produzida (Toneladas) e Valor (Mil Reais) da Produção por Tipo de Lavoura Permanente - 2024 para.xlsx",RIS,1089,125.0
Xingu,1 Pará,43,"Área colhida (Hectares), Quantidade Produzida (Toneladas) e Valor (Mil Reais) da Produção por Tipo de Lavoura Permanente - 2024 para",20,"Tabela 43 - Área colhida (Hectares), Quantidade Produzida (Toneladas) e Valor (Mil Reais) da Produção por Tipo de Lavoura Permanente - 2024 para","..\..\Desktop\tabelas-powerBI\1 Pará\Tabela 43 - Área colhida (Hectares), Quantidade Produzida (Toneladas) e Valor (Mil Reais) da Produção por Tipo de Lavoura Permanente - 2024 para.xlsx",RIS,1089,47.0
Fonte: IBGE/PAM,1 Pará,43,"Área colhida (Hectares), Quantidade Produzida (Toneladas) e Valor (Mil Reais) da Produção por Tipo de Lavoura Permanente - 2024 para",20,"Tabela 43 - Área colhida (Hectares), Quantidade Produzida (Toneladas) e Valor (Mil Reais) da Produção por Tipo de Lavoura Permanente - 2024 para","..\..\Desktop\tabelas-powerBI\1 Pará\Tabela 43 - Área colhida (Hectares), Quantidade Produzida (Toneladas) e Valor (Mil Reais) da Produção por Tipo de Lavoura Permanente - 2024 para.xlsx",RIS,1089,
Elaboração: FAPESPA,1 Pará,43,"Área colhida (Hectares), Quantidade Produzida (Toneladas) e Valor (Mil Reais) da Produção por Tipo de Lavoura Permanente - 2024 para",20,"Tabela 43 - Área colhida (Hectares), Quantidade Produzida (Toneladas) e Valor (Mil Reais) da Produção por Tipo de Lavoura Permanente - 2024 para","..\..\Desktop\tabelas-powerBI\1 Pará\Tabela 43 - Área colhida (Hectares), Quantidade Produzida (Toneladas) e Valor (Mil Reais) da Produção por Tipo de Lavoura Permanente - 2024 para.xlsx",RIS,1089,
Nota: A quantidade produzida de coco-da-baía é expressa em mil frutos ,1 Pará,43,"Área colhida (Hectares), Quantidade Produzida (Toneladas) e Valor (Mil Reais) da Produção por Tipo de Lavoura Permanente - 2024 para",20,"Tabela 43 - Área colhida (Hectares), Quantidade Produzida (Toneladas) e Valor (Mil Reais) da Produção por Tipo de Lavoura Permanente - 2024 para","..\..\Desktop\tabelas-powerBI\1 Pará\Tabela 43 - Área colhida (Hectares), Quantidade Produzida (Toneladas) e Valor (Mil Reais) da Produção por Tipo de Lavoura Permanente - 2024 para.xlsx",RIS,1089,
Araguaia,1 Pará,43,"Área colhida (Hectares), Quantidade Produzida (Toneladas) e Valor (Mil Reais) da Produção por Tipo de Lavoura Permanente - 2024 para",20,"Tabela 43 - Área colhida (Hectares), Quantidade Produzida (Toneladas) e Valor (Mil Reais) da Produção por Tipo de Lavoura Permanente - 2024 para","..\..\Desktop\tabelas-powerBI\1 Pará\Tabela 43 - Área colhida (Hectares), Quantidade Produzida (Toneladas) e Valor (Mil Reais) da Produção por Tipo de Lavoura Permanente - 2024 para.xlsx",RIS,16329,222.0
Baixo Amazonas,1 Pará,43,"Área colhida (Hectares), Quantidade Produzida (Toneladas) e Valor (Mil Reais) da Produção por Tipo de Lavoura Permanente - 2024 para",20,"Tabela 43 - Área colhida (Hectares), Quantidade Produzida (Toneladas) e Valor (Mil Reais) da Produção por Tipo de Lavoura Permanente - 2024 para","..\..\Desktop\tabelas-powerBI\1 Pará\Tabela 43 - Área colhida (Hectares), Quantidade Produzida (Toneladas) e Valor (Mil Reais) da Produção por Tipo de Lavoura Permanente - 2024 para.xlsx",RIS,16329,1027.0
Carajás,1 Pará,43,"Área colhida (Hectares), Quantidade Produzida (Toneladas) e Valor (Mil Reais) da Produção por Tipo de Lavoura Permanente - 2024 para",20,"Tabela 43 - Área colhida (Hectares), Quantidade Produzida (Toneladas) e Valor (Mil Reais) da Produção por Tipo de Lavoura Permanente - 2024 para","..\..\Desktop\tabelas-powerBI\1 Pará\Tabela 43 - Área colhida (Hectares), Quantidade Produzida (Toneladas) e Valor (Mil Reais) da Produção por Tipo de Lavoura Permanente - 2024 para.xlsx",RIS,16329,2025.0
Guajará,1 Pará,43,"Área colhida (Hectares), Quantidade Produzida (Toneladas) e Valor (Mil Reais) da Produção por Tipo de Lavoura Permanente - 2024 para",20,"Tabela 43 - Área colhida (Hectares), Quantidade Produzida (Toneladas) e Valor (Mil Reais) da Produção por Tipo de Lavoura Permanente - 2024 para","..\..\Desktop\tabelas-powerBI\1 Pará\Tabela 43 - Área colhida (Hectares), Quantidade Produzida (Toneladas) e Valor (Mil Reais) da Produção por Tipo de Lavoura Permanente - 2024 para.xlsx",RIS,16329,228.0
Guamá,1 Pará,43,"Área colhida (Hectares), Quantidade Produzida (Toneladas) e Valor (Mil Reais) da Produção por Tipo de Lavoura Permanente - 2024 para",20,"Tabela 43 - Área colhida (Hectares), Quantidade Produzida (Toneladas) e Valor (Mil Reais) da Produção por Tipo de Lavoura Permanente - 2024 para","..\..\Desktop\tabelas-powerBI\1 Pará\Tabela 43 - Área colhida (Hectares), Quantidade Produzida (Toneladas) e Valor (Mil Reais) da Produção por Tipo de Lavoura Permanente - 2024 para.xlsx",RIS,16329,6525.0
Lago de Tucuruí,1 Pará,43,"Área colhida (Hectares), Quantidade Produzida (Toneladas) e Valor (Mil Reais) da Produção por Tipo de Lavoura Permanente - 2024 para",20,"Tabela 43 - Área colhida (Hectares), Quantidade Produzida (Toneladas) e Valor (Mil Reais) da Produção por Tipo de Lavoura Permanente - 2024 para","..\..\Desktop\tabelas-powerBI\1 Pará\Tabela 43 - Área colhida (Hectares), Quantidade Produzida (Toneladas) e Valor (Mil Reais) da Produção por Tipo de Lavoura Permanente - 2024 para.xlsx",RIS,16329,166.0
Marajó,1 Pará,43,"Área colhida (Hectares), Quantidade Produzida (Toneladas) e Valor (Mil Reais) da Produção por Tipo de Lavoura Permanente - 2024 para",20,"Tabela 43 - Área colhida (Hectares), Quantidade Produzida (Toneladas) e Valor (Mil Reais) da Produção por Tipo de Lavoura Permanente - 2024 para","..\..\Desktop\tabelas-powerBI\1 Pará\Tabela 43 - Área colhida (Hectares), Quantidade Produzida (Toneladas) e Valor (Mil Reais) da Produção por Tipo de Lavoura Permanente - 2024 para.xlsx",RIS,16329,324.0
Rio Caeté,1 Pará,43,"Área colhida (Hectares), Quantidade Produzida (Toneladas) e Valor (Mil Reais) da Produção por Tipo de Lavoura Permanente - 2024 para",20,"Tabela 43 - Área colhida (Hectares), Quantidade Produzida (Toneladas) e Valor (Mil Reais) da Produção por Tipo de Lavoura Permanente - 2024 para","..\..\Desktop\tabelas-powerBI\1 Pará\Tabela 43 - Área colhida (Hectares), Quantidade Produzida (Toneladas) e Valor (Mil Reais) da Produção por Tipo de Lavoura Permanente - 2024 para.xlsx",RIS,16329,920.0
Rio Capim,1 Pará,43,"Área colhida (Hectares), Quantidade Produzida (Toneladas) e Valor (Mil Reais) da Produção por Tipo de Lavoura Permanente - 2024 para",20,"Tabela 43 - Área colhida (Hectares), Quantidade Produzida (Toneladas) e Valor (Mil Reais) da Produção por Tipo de Lavoura Permanente - 2024 para","..\..\Desktop\tabelas-powerBI\1 Pará\Tabela 43 - Área colhida (Hectares), Quantidade Produzida (Toneladas) e Valor (Mil Reais) da Produção por Tipo de Lavoura Permanente - 2024 para.xlsx",RIS,16329,2129.0
Tapajós,1 Pará,43,"Área colhida (Hectares), Quantidade Produzida (Toneladas) e Valor (Mil Reais) da Produção por Tipo de Lavoura Permanente - 2024 para",20,"Tabela 43 - Área colhida (Hectares), Quantidade Produzida (Toneladas) e Valor (Mil Reais) da Produção por Tipo de Lavoura Permanente - 2024 para","..\..\Desktop\tabelas-powerBI\1 Pará\Tabela 43 - Área colhida (Hectares), Quantidade Produzida (Toneladas) e Valor (Mil Reais) da Produção por Tipo de Lavoura Permanente - 2024 para.xlsx",RIS,16329,60.0
Tocantins,1 Pará,43,"Área colhida (Hectares), Quantidade Produzida (Toneladas) e Valor (Mil Reais) da Produção por Tipo de Lavoura Permanente - 2024 para",20,"Tabela 43 - Área colhida (Hectares), Quantidade Produzida (Toneladas) e Valor (Mil Reais) da Produção por Tipo de Lavoura Permanente - 2024 para","..\..\Desktop\tabelas-powerBI\1 Pará\Tabela 43 - Área colhida (Hectares), Quantidade Produzida (Toneladas) e Valor (Mil Reais) da Produção por Tipo de Lavoura Permanente - 2024 para.xlsx",RIS,16329,1911.0
Xingu,1 Pará,43,"Área colhida (Hectares), Quantidade Produzida (Toneladas) e Valor (Mil Reais) da Produção por Tipo de Lavoura Permanente - 2024 para",20,"Tabela 43 - Área colhida (Hectares), Quantidade Produzida (Toneladas) e Valor (Mil Reais) da Produção por Tipo de Lavoura Permanente - 2024 para","..\..\Desktop\tabelas-powerBI\1 Pará\Tabela 43 - Área colhida (Hectares), Quantidade Produzida (Toneladas) e Valor (Mil Reais) da Produção por Tipo de Lavoura Permanente - 2024 para.xlsx",RIS,16329,792.0
Fonte: IBGE/PAM,1 Pará,43,"Área colhida (Hectares), Quantidade Produzida (Toneladas) e Valor (Mil Reais) da Produção por Tipo de Lavoura Permanente - 2024 para",20,"Tabela 43 - Área colhida (Hectares), Quantidade Produzida (Toneladas) e Valor (Mil Reais) da Produção por Tipo de Lavoura Permanente - 2024 para","..\..\Desktop\tabelas-powerBI\1 Pará\Tabela 43 - Área colhida (Hectares), Quantidade Produzida (Toneladas) e Valor (Mil Reais) da Produção por Tipo de Lavoura Permanente - 2024 para.xlsx",RIS,16329,
Elaboração: FAPESPA,1 Pará,43,"Área colhida (Hectares), Quantidade Produzida (Toneladas) e Valor (Mil Reais) da Produção por Tipo de Lavoura Permanente - 2024 para",20,"Tabela 43 - Área colhida (Hectares), Quantidade Produzida (Toneladas) e Valor (Mil Reais) da Produção por Tipo de Lavoura Permanente - 2024 para","..\..\Desktop\tabelas-powerBI\1 Pará\Tabela 43 - Área colhida (Hectares), Quantidade Produzida (Toneladas) e Valor (Mil Reais) da Produção por Tipo de Lavoura Permanente - 2024 para.xlsx",RIS,16329,
Nota: A quantidade produzida de coco-da-baía é expressa em mil frutos ,1 Pará,43,"Área colhida (Hectares), Quantidade Produzida (Toneladas) e Valor (Mil Reais) da Produção por Tipo de Lavoura Permanente - 2024 para",20,"Tabela 43 - Área colhida (Hectares), Quantidade Produzida (Toneladas) e Valor (Mil Reais) da Produção por Tipo de Lavoura Permanente - 2024 para","..\..\Desktop\tabelas-powerBI\1 Pará\Tabela 43 - Área colhida (Hectares), Quantidade Produzida (Toneladas) e Valor (Mil Reais) da Produção por Tipo de Lavoura Permanente - 2024 para.xlsx",RIS,16329,
Araguaia,1 Pará,43,"Área colhida (Hectares), Quantidade Produzida (Toneladas) e Valor (Mil Reais) da Produção por Tipo de Lavoura Permanente - 2024 para",20,"Tabela 43 - Área colhida (Hectares), Quantidade Produzida (Toneladas) e Valor (Mil Reais) da Produção por Tipo de Lavoura Permanente - 2024 para","..\..\Desktop\tabelas-powerBI\1 Pará\Tabela 43 - Área colhida (Hectares), Quantidade Produzida (Toneladas) e Valor (Mil Reais) da Produção por Tipo de Lavoura Permanente - 2024 para.xlsx",RIS,43398,444.0
Baixo Amazonas,1 Pará,43,"Área colhida (Hectares), Quantidade Produzida (Toneladas) e Valor (Mil Reais) da Produção por Tipo de Lavoura Permanente - 2024 para",20,"Tabela 43 - Área colhida (Hectares), Quantidade Produzida (Toneladas) e Valor (Mil Reais) da Produção por Tipo de Lavoura Permanente - 2024 para","..\..\Desktop\tabelas-powerBI\1 Pará\Tabela 43 - Área colhida (Hectares), Quantidade Produzida (Toneladas) e Valor (Mil Reais) da Produção por Tipo de Lavoura Permanente - 2024 para.xlsx",RIS,43398,2999.0
Carajás,1 Pará,43,"Área colhida (Hectares), Quantidade Produzida (Toneladas) e Valor (Mil Reais) da Produção por Tipo de Lavoura Permanente - 2024 para",20,"Tabela 43 - Área colhida (Hectares), Quantidade Produzida (Toneladas) e Valor (Mil Reais) da Produção por Tipo de Lavoura Permanente - 2024 para","..\..\Desktop\tabelas-powerBI\1 Pará\Tabela 43 - Área colhida (Hectares), Quantidade Produzida (Toneladas) e Valor (Mil Reais) da Produção por Tipo de Lavoura Permanente - 2024 para.xlsx",RIS,43398,6842.0
Guajará,1 Pará,43,"Área colhida (Hectares), Quantidade Produzida (Toneladas) e Valor (Mil Reais) da Produção por Tipo de Lavoura Permanente - 2024 para",20,"Tabela 43 - Área colhida (Hectares), Quantidade Produzida (Toneladas) e Valor (Mil Reais) da Produção por Tipo de Lavoura Permanente - 2024 para","..\..\Desktop\tabelas-powerBI\1 Pará\Tabela 43 - Área colhida (Hectares), Quantidade Produzida (Toneladas) e Valor (Mil Reais) da Produção por Tipo de Lavoura Permanente - 2024 para.xlsx",RIS,43398,798.0
Guamá,1 Pará,43,"Área colhida (Hectares), Quantidade Produzida (Toneladas) e Valor (Mil Reais) da Produção por Tipo de Lavoura Permanente - 2024 para",20,"Tabela 43 - Área colhida (Hectares), Quantidade Produzida (Toneladas) e Valor (Mil Reais) da Produção por Tipo de Lavoura Permanente - 2024 para","..\..\Desktop\tabelas-powerBI\1 Pará\Tabela 43 - Área colhida (Hectares), Quantidade Produzida (Toneladas) e Valor (Mil Reais) da Produção por Tipo de Lavoura Permanente - 2024 para.xlsx",RIS,43398,13789.0
Lago de Tucuruí,1 Pará,43,"Área colhida (Hectares), Quantidade Produzida (Toneladas) e Valor (Mil Reais) da Produção por Tipo de Lavoura Permanente - 2024 para",20,"Tabela 43 - Área colhida (Hectares), Quantidade Produzida (Toneladas) e Valor (Mil Reais) da Produção por Tipo de Lavoura Permanente - 2024 para","..\..\Desktop\tabelas-powerBI\1 Pará\Tabela 43 - Área colhida (Hectares), Quantidade Produzida (Toneladas) e Valor (Mil Reais) da Produção por Tipo de Lavoura Permanente - 2024 para.xlsx",RIS,43398,659.0
Marajó,1 Pará,43,"Área colhida (Hectares), Quantidade Produzida (Toneladas) e Valor (Mil Reais) da Produção por Tipo de Lavoura Permanente - 2024 para",20,"Tabela 43 - Área colhida (Hectares), Quantidade Produzida (Toneladas) e Valor (Mil Reais) da Produção por Tipo de Lavoura Permanente - 2024 para","..\..\Desktop\tabelas-powerBI\1 Pará\Tabela 43 - Área colhida (Hectares), Quantidade Produzida (Toneladas) e Valor (Mil Reais) da Produção por Tipo de Lavoura Permanente - 2024 para.xlsx",RIS,43398,1102.0
Rio Caeté,1 Pará,43,"Área colhida (Hectares), Quantidade Produzida (Toneladas) e Valor (Mil Reais) da Produção por Tipo de Lavoura Permanente - 2024 para",20,"Tabela 43 - Área colhida (Hectares), Quantidade Produzida (Toneladas) e Valor (Mil Reais) da Produção por Tipo de Lavoura Permanente - 2024 para","..\..\Desktop\tabelas-powerBI\1 Pará\Tabela 43 - Área colhida (Hectares), Quantidade Produzida (Toneladas) e Valor (Mil Reais) da Produção por Tipo de Lavoura Permanente - 2024 para.xlsx",RIS,43398,2174.0
Rio Capim,1 Pará,43,"Área colhida (Hectares), Quantidade Produzida (Toneladas) e Valor (Mil Reais) da Produção por Tipo de Lavoura Permanente - 2024 para",20,"Tabela 43 - Área colhida (Hectares), Quantidade Produzida (Toneladas) e Valor (Mil Reais) da Produção por Tipo de Lavoura Permanente - 2024 para","..\..\Desktop\tabelas-powerBI\1 Pará\Tabela 43 - Área colhida (Hectares), Quantidade Produzida (Toneladas) e Valor (Mil Reais) da Produção por Tipo de Lavoura Permanente - 2024 para.xlsx",RIS,43398,5720.0
Tapajós,1 Pará,43,"Área colhida (Hectares), Quantidade Produzida (Toneladas) e Valor (Mil Reais) da Produção por Tipo de Lavoura Permanente - 2024 para",20,"Tabela 43 - Área colhida (Hectares), Quantidade Produzida (Toneladas) e Valor (Mil Reais) da Produção por Tipo de Lavoura Permanente - 2024 para","..\..\Desktop\tabelas-powerBI\1 Pará\Tabela 43 - Área colhida (Hectares), Quantidade Produzida (Toneladas) e Valor (Mil Reais) da Produção por Tipo de Lavoura Permanente - 2024 para.xlsx",RIS,43398,180.0
Tocantins,1 Pará,43,"Área colhida (Hectares), Quantidade Produzida (Toneladas) e Valor (Mil Reais) da Produção por Tipo de Lavoura Permanente - 2024 para",20,"Tabela 43 - Área colhida (Hectares), Quantidade Produzida (Toneladas) e Valor (Mil Reais) da Produção por Tipo de Lavoura Permanente - 2024 para","..\..\Desktop\tabelas-powerBI\1 Pará\Tabela 43 - Área colhida (Hectares), Quantidade Produzida (Toneladas) e Valor (Mil Reais) da Produção por Tipo de Lavoura Permanente - 2024 para.xlsx",RIS,43398,5653.0
Xingu,1 Pará,43,"Área colhida (Hectares), Quantidade Produzida (Toneladas) e Valor (Mil Reais) da Produção por Tipo de Lavoura Permanente - 2024 para",20,"Tabela 43 - Área colhida (Hectares), Quantidade Produzida (Toneladas) e Valor (Mil Reais) da Produção por Tipo de Lavoura Permanente - 2024 para","..\..\Desktop\tabelas-powerBI\1 Pará\Tabela 43 - Área colhida (Hectares), Quantidade Produzida (Toneladas) e Valor (Mil Reais) da Produção por Tipo de Lavoura Permanente - 2024 para.xlsx",RIS,43398,3039.0
Fonte: IBGE/PAM,1 Pará,43,"Área colhida (Hectares), Quantidade Produzida (Toneladas) e Valor (Mil Reais) da Produção por Tipo de Lavoura Permanente - 2024 para",20,"Tabela 43 - Área colhida (Hectares), Quantidade Produzida (Toneladas) e Valor (Mil Reais) da Produção por Tipo de Lavoura Permanente - 2024 para","..\..\Desktop\tabelas-powerBI\1 Pará\Tabela 43 - Área colhida (Hectares), Quantidade Produzida (Toneladas) e Valor (Mil Reais) da Produção por Tipo de Lavoura Permanente - 2024 para.xlsx",RIS,43398,
Elaboração: FAPESPA,1 Pará,43,"Área colhida (Hectares), Quantidade Produzida (Toneladas) e Valor (Mil Reais) da Produção por Tipo de Lavoura Permanente - 2024 para",20,"Tabela 43 - Área colhida (Hectares), Quantidade Produzida (Toneladas) e Valor (Mil Reais) da Produção por Tipo de Lavoura Permanente - 2024 para","..\..\Desktop\tabelas-powerBI\1 Pará\Tabela 43 - Área colhida (Hectares), Quantidade Produzida (Toneladas) e Valor (Mil Reais) da Produção por Tipo de Lavoura Permanente - 2024 para.xlsx",RIS,43398,
Nota: A quantidade produzida de coco-da-baía é expressa em mil frutos ,1 Pará,43,"Área colhida (Hectares), Quantidade Produzida (Toneladas) e Valor (Mil Reais) da Produção por Tipo de Lavoura Permanente - 2024 para",20,"Tabela 43 - Área colhida (Hectares), Quantidade Produzida (Toneladas) e Valor (Mil Reais) da Produção por Tipo de Lavoura Permanente - 2024 para","..\..\Desktop\tabelas-powerBI\1 Pará\Tabela 43 - Área colhida (Hectares), Quantidade Produzida (Toneladas) e Valor (Mil Reais) da Produção por Tipo de Lavoura Permanente - 2024 para.xlsx",RIS,43398,
Araguaia,1 Pará,43,"Área colhida (Hectares), Quantidade Produzida (Toneladas) e Valor (Mil Reais) da Produção por Tipo de Lavoura Permanente - 2024 para",20,"Tabela 43 - Área colhida (Hectares), Quantidade Produzida (Toneladas) e Valor (Mil Reais) da Produção por Tipo de Lavoura Permanente - 2024 para","..\..\Desktop\tabelas-powerBI\1 Pará\Tabela 43 - Área colhida (Hectares), Quantidade Produzida (Toneladas) e Valor (Mil Reais) da Produção por Tipo de Lavoura Permanente - 2024 para.xlsx",RIS,1646,50.0
Baixo Amazonas,1 Pará,43,"Área colhida (Hectares), Quantidade Produzida (Toneladas) e Valor (Mil Reais) da Produção por Tipo de Lavoura Permanente - 2024 para",20,"Tabela 43 - Área colhida (Hectares), Quantidade Produzida (Toneladas) e Valor (Mil Reais) da Produção por Tipo de Lavoura Permanente - 2024 para","..\..\Desktop\tabelas-powerBI\1 Pará\Tabela 43 - Área colhida (Hectares), Quantidade Produzida (Toneladas) e Valor (Mil Reais) da Produção por Tipo de Lavoura Permanente - 2024 para.xlsx",RIS,1646,177.0
Carajás,1 Pará,43,"Área colhida (Hectares), Quantidade Produzida (Toneladas) e Valor (Mil Reais) da Produção por Tipo de Lavoura Permanente - 2024 para",20,"Tabela 43 - Área colhida (Hectares), Quantidade Produzida (Toneladas) e Valor (Mil Reais) da Produção por Tipo de Lavoura Permanente - 2024 para","..\..\Desktop\tabelas-powerBI\1 Pará\Tabela 43 - Área colhida (Hectares), Quantidade Produzida (Toneladas) e Valor (Mil Reais) da Produção por Tipo de Lavoura Permanente - 2024 para.xlsx",RIS,1646,172.0
Guajará,1 Pará,43,"Área colhida (Hectares), Quantidade Produzida (Toneladas) e Valor (Mil Reais) da Produção por Tipo de Lavoura Permanente - 2024 para",20,"Tabela 43 - Área colhida (Hectares), Quantidade Produzida (Toneladas) e Valor (Mil Reais) da Produção por Tipo de Lavoura Permanente - 2024 para","..\..\Desktop\tabelas-powerBI\1 Pará\Tabela 43 - Área colhida (Hectares), Quantidade Produzida (Toneladas) e Valor (Mil Reais) da Produção por Tipo de Lavoura Permanente - 2024 para.xlsx",RIS,1646,17.0
Guamá,1 Pará,43,"Área colhida (Hectares), Quantidade Produzida (Toneladas) e Valor (Mil Reais) da Produção por Tipo de Lavoura Permanente - 2024 para",20,"Tabela 43 - Área colhida (Hectares), Quantidade Produzida (Toneladas) e Valor (Mil Reais) da Produção por Tipo de Lavoura Permanente - 2024 para","..\..\Desktop\tabelas-powerBI\1 Pará\Tabela 43 - Área colhida (Hectares), Quantidade Produzida (Toneladas) e Valor (Mil Reais) da Produção por Tipo de Lavoura Permanente - 2024 para.xlsx",RIS,1646,503.0
Lago de Tucuruí,1 Pará,43,"Área colhida (Hectares), Quantidade Produzida (Toneladas) e Valor (Mil Reais) da Produção por Tipo de Lavoura Permanente - 2024 para",20,"Tabela 43 - Área colhida (Hectares), Quantidade Produzida (Toneladas) e Valor (Mil Reais) da Produção por Tipo de Lavoura Permanente - 2024 para","..\..\Desktop\tabelas-powerBI\1 Pará\Tabela 43 - Área colhida (Hectares), Quantidade Produzida (Toneladas) e Valor (Mil Reais) da Produção por Tipo de Lavoura Permanente - 2024 para.xlsx",RIS,1646,34.0
Marajó,1 Pará,43,"Área colhida (Hectares), Quantidade Produzida (Toneladas) e Valor (Mil Reais) da Produção por Tipo de Lavoura Permanente - 2024 para",20,"Tabela 43 - Área colhida (Hectares), Quantidade Produzida (Toneladas) e Valor (Mil Reais) da Produção por Tipo de Lavoura Permanente - 2024 para","..\..\Desktop\tabelas-powerBI\1 Pará\Tabela 43 - Área colhida (Hectares), Quantidade Produzida (Toneladas) e Valor (Mil Reais) da Produção por Tipo de Lavoura Permanente - 2024 para.xlsx",RIS,1646,7.0
Rio Caeté,1 Pará,43,"Área colhida (Hectares), Quantidade Produzida (Toneladas) e Valor (Mil Reais) da Produção por Tipo de Lavoura Permanente - 2024 para",20,"Tabela 43 - Área colhida (Hectares), Quantidade Produzida (Toneladas) e Valor (Mil Reais) da Produção por Tipo de Lavoura Permanente - 2024 para","..\..\Desktop\tabelas-powerBI\1 Pará\Tabela 43 - Área colhida (Hectares), Quantidade Produzida (Toneladas) e Valor (Mil Reais) da Produção por Tipo de Lavoura Permanente - 2024 para.xlsx",RIS,1646,72.0
Rio Capim,1 Pará,43,"Área colhida (Hectares), Quantidade Produzida (Toneladas) e Valor (Mil Reais) da Produção por Tipo de Lavoura Permanente - 2024 para",20,"Tabela 43 - Área colhida (Hectares), Quantidade Produzida (Toneladas) e Valor (Mil Reais) da Produção por Tipo de Lavoura Permanente - 2024 para","..\..\Desktop\tabelas-powerBI\1 Pará\Tabela 43 - Área colhida (Hectares), Quantidade Produzida (Toneladas) e Valor (Mil Reais) da Produção por Tipo de Lavoura Permanente - 2024 para.xlsx",RIS,1646,393.0
Tapajós,1 Pará,43,"Área colhida (Hectares), Quantidade Produzida (Toneladas) e Valor (Mil Reais) da Produção por Tipo de Lavoura Permanente - 2024 para",20,"Tabela 43 - Área colhida (Hectares), Quantidade Produzida (Toneladas) e Valor (Mil Reais) da Produção por Tipo de Lavoura Permanente - 2024 para","..\..\Desktop\tabelas-powerBI\1 Pará\Tabela 43 - Área colhida (Hectares), Quantidade Produzida (Toneladas) e Valor (Mil Reais) da Produção por Tipo de Lavoura Permanente - 2024 para.xlsx",RIS,1646,8.0
Tocantins,1 Pará,43,"Área colhida (Hectares), Quantidade Produzida (Toneladas) e Valor (Mil Reais) da Produção por Tipo de Lavoura Permanente - 2024 para",20,"Tabela 43 - Área colhida (Hectares), Quantidade Produzida (Toneladas) e Valor (Mil Reais) da Produção por Tipo de Lavoura Permanente - 2024 para","..\..\Desktop\tabelas-powerBI\1 Pará\Tabela 43 - Área colhida (Hectares), Quantidade Produzida (Toneladas) e Valor (Mil Reais) da Produção por Tipo de Lavoura Permanente - 2024 para.xlsx",RIS,1646,132.0
Xingu,1 Pará,43,"Área colhida (Hectares), Quantidade Produzida (Toneladas) e Valor (Mil Reais) da Produção por Tipo de Lavoura Permanente - 2024 para",20,"Tabela 43 - Área colhida (Hectares), Quantidade Produzida (Toneladas) e Valor (Mil Reais) da Produção por Tipo de Lavoura Permanente - 2024 para","..\..\Desktop\tabelas-powerBI\1 Pará\Tabela 43 - Área colhida (Hectares), Quantidade Produzida (Toneladas) e Valor (Mil Reais) da Produção por Tipo de Lavoura Permanente - 2024 para.xlsx",RIS,1646,81.0
Fonte: IBGE/PAM,1 Pará,43,"Área colhida (Hectares), Quantidade Produzida (Toneladas) e Valor (Mil Reais) da Produção por Tipo de Lavoura Permanente - 2024 para",20,"Tabela 43 - Área colhida (Hectares), Quantidade Produzida (Toneladas) e Valor (Mil Reais) da Produção por Tipo de Lavoura Permanente - 2024 para","..\..\Desktop\tabelas-powerBI\1 Pará\Tabela 43 - Área colhida (Hectares), Quantidade Produzida (Toneladas) e Valor (Mil Reais) da Produção por Tipo de Lavoura Permanente - 2024 para.xlsx",RIS,1646,
Elaboração: FAPESPA,1 Pará,43,"Área colhida (Hectares), Quantidade Produzida (Toneladas) e Valor (Mil Reais) da Produção por Tipo de Lavoura Permanente - 2024 para",20,"Tabela 43 - Área colhida (Hectares), Quantidade Produzida (Toneladas) e Valor (Mil Reais) da Produção por Tipo de Lavoura Permanente - 2024 para","..\..\Desktop\tabelas-powerBI\1 Pará\Tabela 43 - Área colhida (Hectares), Quantidade Produzida (Toneladas) e Valor (Mil Reais) da Produção por Tipo de Lavoura Permanente - 2024 para.xlsx",RIS,1646,
Nota: A quantidade produzida de coco-da-baía é expressa em mil frutos ,1 Pará,43,"Área colhida (Hectares), Quantidade Produzida (Toneladas) e Valor (Mil Reais) da Produção por Tipo de Lavoura Permanente - 2024 para",20,"Tabela 43 - Área colhida (Hectares), Quantidade Produzida (Toneladas) e Valor (Mil Reais) da Produção por Tipo de Lavoura Permanente - 2024 para","..\..\Desktop\tabelas-powerBI\1 Pará\Tabela 43 - Área colhida (Hectares), Quantidade Produzida (Toneladas) e Valor (Mil Reais) da Produção por Tipo de Lavoura Permanente - 2024 para.xlsx",RIS,1646,
Araguaia,1 Pará,43,"Área colhida (Hectares), Quantidade Produzida (Toneladas) e Valor (Mil Reais) da Produção por Tipo de Lavoura Permanente - 2024 para",20,"Tabela 43 - Área colhida (Hectares), Quantidade Produzida (Toneladas) e Valor (Mil Reais) da Produção por Tipo de Lavoura Permanente - 2024 para","..\..\Desktop\tabelas-powerBI\1 Pará\Tabela 43 - Área colhida (Hectares), Quantidade Produzida (Toneladas) e Valor (Mil Reais) da Produção por Tipo de Lavoura Permanente - 2024 para.xlsx",RIS,16122,477.0
Baixo Amazonas,1 Pará,43,"Área colhida (Hectares), Quantidade Produzida (Toneladas) e Valor (Mil Reais) da Produção por Tipo de Lavoura Permanente - 2024 para",20,"Tabela 43 - Área colhida (Hectares), Quantidade Produzida (Toneladas) e Valor (Mil Reais) da Produção por Tipo de Lavoura Permanente - 2024 para","..\..\Desktop\tabelas-powerBI\1 Pará\Tabela 43 - Área colhida (Hectares), Quantidade Produzida (Toneladas) e Valor (Mil Reais) da Produção por Tipo de Lavoura Permanente - 2024 para.xlsx",RIS,16122,1326.0
Carajás,1 Pará,43,"Área colhida (Hectares), Quantidade Produzida (Toneladas) e Valor (Mil Reais) da Produção por Tipo de Lavoura Permanente - 2024 para",20,"Tabela 43 - Área colhida (Hectares), Quantidade Produzida (Toneladas) e Valor (Mil Reais) da Produção por Tipo de Lavoura Permanente - 2024 para","..\..\Desktop\tabelas-powerBI\1 Pará\Tabela 43 - Área colhida (Hectares), Quantidade Produzida (Toneladas) e Valor (Mil Reais) da Produção por Tipo de Lavoura Permanente - 2024 para.xlsx",RIS,16122,1740.0
Guajará,1 Pará,43,"Área colhida (Hectares), Quantidade Produzida (Toneladas) e Valor (Mil Reais) da Produção por Tipo de Lavoura Permanente - 2024 para",20,"Tabela 43 - Área colhida (Hectares), Quantidade Produzida (Toneladas) e Valor (Mil Reais) da Produção por Tipo de Lavoura Permanente - 2024 para","..\..\Desktop\tabelas-powerBI\1 Pará\Tabela 43 - Área colhida (Hectares), Quantidade Produzida (Toneladas) e Valor (Mil Reais) da Produção por Tipo de Lavoura Permanente - 2024 para.xlsx",RIS,16122,187.0
Guamá,1 Pará,43,"Área colhida (Hectares), Quantidade Produzida (Toneladas) e Valor (Mil Reais) da Produção por Tipo de Lavoura Permanente - 2024 para",20,"Tabela 43 - Área colhida (Hectares), Quantidade Produzida (Toneladas) e Valor (Mil Reais) da Produção por Tipo de Lavoura Permanente - 2024 para","..\..\Desktop\tabelas-powerBI\1 Pará\Tabela 43 - Área colhida (Hectares), Quantidade Produzida (Toneladas) e Valor (Mil Reais) da Produção por Tipo de Lavoura Permanente - 2024 para.xlsx",RIS,16122,5031.0
Lago de Tucuruí,1 Pará,43,"Área colhida (Hectares), Quantidade Produzida (Toneladas) e Valor (Mil Reais) da Produção por Tipo de Lavoura Permanente - 2024 para",20,"Tabela 43 - Área colhida (Hectares), Quantidade Produzida (Toneladas) e Valor (Mil Reais) da Produção por Tipo de Lavoura Permanente - 2024 para","..\..\Desktop\tabelas-powerBI\1 Pará\Tabela 43 - Área colhida (Hectares), Quantidade Produzida (Toneladas) e Valor (Mil Reais) da Produção por Tipo de Lavoura Permanente - 2024 para.xlsx",RIS,16122,334.0
Marajó,1 Pará,43,"Área colhida (Hectares), Quantidade Produzida (Toneladas) e Valor (Mil Reais) da Produção por Tipo de Lavoura Permanente - 2024 para",20,"Tabela 43 - Área colhida (Hectares), Quantidade Produzida (Toneladas) e Valor (Mil Reais) da Produção por Tipo de Lavoura Permanente - 2024 para","..\..\Desktop\tabelas-powerBI\1 Pará\Tabela 43 - Área colhida (Hectares), Quantidade Produzida (Toneladas) e Valor (Mil Reais) da Produção por Tipo de Lavoura Permanente - 2024 para.xlsx",RIS,16122,58.0
Rio Caeté,1 Pará,43,"Área colhida (Hectares), Quantidade Produzida (Toneladas) e Valor (Mil Reais) da Produção por Tipo de Lavoura Permanente - 2024 para",20,"Tabela 43 - Área colhida (Hectares), Quantidade Produzida (Toneladas) e Valor (Mil Reais) da Produção por Tipo de Lavoura Permanente - 2024 para","..\..\Desktop\tabelas-powerBI\1 Pará\Tabela 43 - Área colhida (Hectares), Quantidade Produzida (Toneladas) e Valor (Mil Reais) da Produção por Tipo de Lavoura Permanente - 2024 para.xlsx",RIS,16122,754.0
Rio Capim,1 Pará,43,"Área colhida (Hectares), Quantidade Produzida (Toneladas) e Valor (Mil Reais) da Produção por Tipo de Lavoura Permanente - 2024 para",20,"Tabela 43 - Área colhida (Hectares), Quantidade Produzida (Toneladas) e Valor (Mil Reais) da Produção por Tipo de Lavoura Permanente - 2024 para","..\..\Desktop\tabelas-powerBI\1 Pará\Tabela 43 - Área colhida (Hectares), Quantidade Produzida (Toneladas) e Valor (Mil Reais) da Produção por Tipo de Lavoura Permanente - 2024 para.xlsx",RIS,16122,4131.0
Tapajós,1 Pará,43,"Área colhida (Hectares), Quantidade Produzida (Toneladas) e Valor (Mil Reais) da Produção por Tipo de Lavoura Permanente - 2024 para",20,"Tabela 43 - Área colhida (Hectares), Quantidade Produzida (Toneladas) e Valor (Mil Reais) da Produção por Tipo de Lavoura Permanente - 2024 para","..\..\Desktop\tabelas-powerBI\1 Pará\Tabela 43 - Área colhida (Hectares), Quantidade Produzida (Toneladas) e Valor (Mil Reais) da Produção por Tipo de Lavoura Permanente - 2024 para.xlsx",RIS,16122,52.0
Tocantins,1 Pará,43,"Área colhida (Hectares), Quantidade Produzida (Toneladas) e Valor (Mil Reais) da Produção por Tipo de Lavoura Permanente - 2024 para",20,"Tabela 43 - Área colhida (Hectares), Quantidade Produzida (Toneladas) e Valor (Mil Reais) da Produção por Tipo de Lavoura Permanente - 2024 para","..\..\Desktop\tabelas-powerBI\1 Pará\Tabela 43 - Área colhida (Hectares), Quantidade Produzida (Toneladas) e Valor (Mil Reais) da Produção por Tipo de Lavoura Permanente - 2024 para.xlsx",RIS,16122,1345.0
Xingu,1 Pará,43,"Área colhida (Hectares), Quantidade Produzida (Toneladas) e Valor (Mil Reais) da Produção por Tipo de Lavoura Permanente - 2024 para",20,"Tabela 43 - Área colhida (Hectares), Quantidade Produzida (Toneladas) e Valor (Mil Reais) da Produção por Tipo de Lavoura Permanente - 2024 para","..\..\Desktop\tabelas-powerBI\1 Pará\Tabela 43 - Área colhida (Hectares), Quantidade Produzida (Toneladas) e Valor (Mil Reais) da Produção por Tipo de Lavoura Permanente - 2024 para.xlsx",RIS,16122,687.0
Fonte: IBGE/PAM,1 Pará,43,"Área colhida (Hectares), Quantidade Produzida (Toneladas) e Valor (Mil Reais) da Produção por Tipo de Lavoura Permanente - 2024 para",20,"Tabela 43 - Área colhida (Hectares), Quantidade Produzida (Toneladas) e Valor (Mil Reais) da Produção por Tipo de Lavoura Permanente - 2024 para","..\..\Desktop\tabelas-powerBI\1 Pará\Tabela 43 - Área colhida (Hectares), Quantidade Produzida (Toneladas) e Valor (Mil Reais) da Produção por Tipo de Lavoura Permanente - 2024 para.xlsx",RIS,16122,
Elaboração: FAPESPA,1 Pará,43,"Área colhida (Hectares), Quantidade Produzida (Toneladas) e Valor (Mil Reais) da Produção por Tipo de Lavoura Permanente - 2024 para",20,"Tabela 43 - Área colhida (Hectares), Quantidade Produzida (Toneladas) e Valor (Mil Reais) da Produção por Tipo de Lavoura Permanente - 2024 para","..\..\Desktop\tabelas-powerBI\1 Pará\Tabela 43 - Área colhida (Hectares), Quantidade Produzida (Toneladas) e Valor (Mil Reais) da Produção por Tipo de Lavoura Permanente - 2024 para.xlsx",RIS,16122,
Nota: A quantidade produzida de coco-da-baía é expressa em mil frutos ,1 Pará,43,"Área colhida (Hectares), Quantidade Produzida (Toneladas) e Valor (Mil Reais) da Produção por Tipo de Lavoura Permanente - 2024 para",20,"Tabela 43 - Área colhida (Hectares), Quantidade Produzida (Toneladas) e Valor (Mil Reais) da Produção por Tipo de Lavoura Permanente - 2024 para","..\..\Desktop\tabelas-powerBI\1 Pará\Tabela 43 - Área colhida (Hectares), Quantidade Produzida (Toneladas) e Valor (Mil Reais) da Produção por Tipo de Lavoura Permanente - 2024 para.xlsx",RIS,16122,
Araguaia,1 Pará,43,"Área colhida (Hectares), Quantidade Produzida (Toneladas) e Valor (Mil Reais) da Produção por Tipo de Lavoura Permanente - 2024 para",20,"Tabela 43 - Área colhida (Hectares), Quantidade Produzida (Toneladas) e Valor (Mil Reais) da Produção por Tipo de Lavoura Permanente - 2024 para","..\..\Desktop\tabelas-powerBI\1 Pará\Tabela 43 - Área colhida (Hectares), Quantidade Produzida (Toneladas) e Valor (Mil Reais) da Produção por Tipo de Lavoura Permanente - 2024 para.xlsx",RIS,63855,2550.0
Baixo Amazonas,1 Pará,43,"Área colhida (Hectares), Quantidade Produzida (Toneladas) e Valor (Mil Reais) da Produção por Tipo de Lavoura Permanente - 2024 para",20,"Tabela 43 - Área colhida (Hectares), Quantidade Produzida (Toneladas) e Valor (Mil Reais) da Produção por Tipo de Lavoura Permanente - 2024 para","..\..\Desktop\tabelas-powerBI\1 Pará\Tabela 43 - Área colhida (Hectares), Quantidade Produzida (Toneladas) e Valor (Mil Reais) da Produção por Tipo de Lavoura Permanente - 2024 para.xlsx",RIS,63855,4171.0
Carajás,1 Pará,43,"Área colhida (Hectares), Quantidade Produzida (Toneladas) e Valor (Mil Reais) da Produção por Tipo de Lavoura Permanente - 2024 para",20,"Tabela 43 - Área colhida (Hectares), Quantidade Produzida (Toneladas) e Valor (Mil Reais) da Produção por Tipo de Lavoura Permanente - 2024 para","..\..\Desktop\tabelas-powerBI\1 Pará\Tabela 43 - Área colhida (Hectares), Quantidade Produzida (Toneladas) e Valor (Mil Reais) da Produção por Tipo de Lavoura Permanente - 2024 para.xlsx",RIS,63855,6170.0
Guajará,1 Pará,43,"Área colhida (Hectares), Quantidade Produzida (Toneladas) e Valor (Mil Reais) da Produção por Tipo de Lavoura Permanente - 2024 para",20,"Tabela 43 - Área colhida (Hectares), Quantidade Produzida (Toneladas) e Valor (Mil Reais) da Produção por Tipo de Lavoura Permanente - 2024 para","..\..\Desktop\tabelas-powerBI\1 Pará\Tabela 43 - Área colhida (Hectares), Quantidade Produzida (Toneladas) e Valor (Mil Reais) da Produção por Tipo de Lavoura Permanente - 2024 para.xlsx",RIS,63855,673.0
Guamá,1 Pará,43,"Área colhida (Hectares), Quantidade Produzida (Toneladas) e Valor (Mil Reais) da Produção por Tipo de Lavoura Permanente - 2024 para",20,"Tabela 43 - Área colhida (Hectares), Quantidade Produzida (Toneladas) e Valor (Mil Reais) da Produção por Tipo de Lavoura Permanente - 2024 para","..\..\Desktop\tabelas-powerBI\1 Pará\Tabela 43 - Área colhida (Hectares), Quantidade Produzida (Toneladas) e Valor (Mil Reais) da Produção por Tipo de Lavoura Permanente - 2024 para.xlsx",RIS,63855,26773.0
Lago de Tucuruí,1 Pará,43,"Área colhida (Hectares), Quantidade Produzida (Toneladas) e Valor (Mil Reais) da Produção por Tipo de Lavoura Permanente - 2024 para",20,"Tabela 43 - Área colhida (Hectares), Quantidade Produzida (Toneladas) e Valor (Mil Reais) da Produção por Tipo de Lavoura Permanente - 2024 para","..\..\Desktop\tabelas-powerBI\1 Pará\Tabela 43 - Área colhida (Hectares), Quantidade Produzida (Toneladas) e Valor (Mil Reais) da Produção por Tipo de Lavoura Permanente - 2024 para.xlsx",RIS,63855,1255.0
Marajó,1 Pará,43,"Área colhida (Hectares), Quantidade Produzida (Toneladas) e Valor (Mil Reais) da Produção por Tipo de Lavoura Permanente - 2024 para",20,"Tabela 43 - Área colhida (Hectares), Quantidade Produzida (Toneladas) e Valor (Mil Reais) da Produção por Tipo de Lavoura Permanente - 2024 para","..\..\Desktop\tabelas-powerBI\1 Pará\Tabela 43 - Área colhida (Hectares), Quantidade Produzida (Toneladas) e Valor (Mil Reais) da Produção por Tipo de Lavoura Permanente - 2024 para.xlsx",RIS,63855,160.0
Rio Caeté,1 Pará,43,"Área colhida (Hectares), Quantidade Produzida (Toneladas) e Valor (Mil Reais) da Produção por Tipo de Lavoura Permanente - 2024 para",20,"Tabela 43 - Área colhida (Hectares), Quantidade Produzida (Toneladas) e Valor (Mil Reais) da Produção por Tipo de Lavoura Permanente - 2024 para","..\..\Desktop\tabelas-powerBI\1 Pará\Tabela 43 - Área colhida (Hectares), Quantidade Produzida (Toneladas) e Valor (Mil Reais) da Produção por Tipo de Lavoura Permanente - 2024 para.xlsx",RIS,63855,2703.0
Rio Capim,1 Pará,43,"Área colhida (Hectares), Quantidade Produzida (Toneladas) e Valor (Mil Reais) da Produção por Tipo de Lavoura Permanente - 2024 para",20,"Tabela 43 - Área colhida (Hectares), Quantidade Produzida (Toneladas) e Valor (Mil Reais) da Produção por Tipo de Lavoura Permanente - 2024 para","..\..\Desktop\tabelas-powerBI\1 Pará\Tabela 43 - Área colhida (Hectares), Quantidade Produzida (Toneladas) e Valor (Mil Reais) da Produção por Tipo de Lavoura Permanente - 2024 para.xlsx",RIS,63855,13441.0
Tapajós,1 Pará,43,"Área colhida (Hectares), Quantidade Produzida (Toneladas) e Valor (Mil Reais) da Produção por Tipo de Lavoura Permanente - 2024 para",20,"Tabela 43 - Área colhida (Hectares), Quantidade Produzida (Toneladas) e Valor (Mil Reais) da Produção por Tipo de Lavoura Permanente - 2024 para","..\..\Desktop\tabelas-powerBI\1 Pará\Tabela 43 - Área colhida (Hectares), Quantidade Produzida (Toneladas) e Valor (Mil Reais) da Produção por Tipo de Lavoura Permanente - 2024 para.xlsx",RIS,63855,262.0
Tocantins,1 Pará,43,"Área colhida (Hectares), Quantidade Produzida (Toneladas) e Valor (Mil Reais) da Produção por Tipo de Lavoura Permanente - 2024 para",20,"Tabela 43 - Área colhida (Hectares), Quantidade Produzida (Toneladas) e Valor (Mil Reais) da Produção por Tipo de Lavoura Permanente - 2024 para","..\..\Desktop\tabelas-powerBI\1 Pará\Tabela 43 - Área colhida (Hectares), Quantidade Produzida (Toneladas) e Valor (Mil Reais) da Produção por Tipo de Lavoura Permanente - 2024 para.xlsx",RIS,63855,3335.0
Xingu,1 Pará,43,"Área colhida (Hectares), Quantidade Produzida (Toneladas) e Valor (Mil Reais) da Produção por Tipo de Lavoura Permanente - 2024 para",20,"Tabela 43 - Área colhida (Hectares), Quantidade Produzida (Toneladas) e Valor (Mil Reais) da Produção por Tipo de Lavoura Permanente - 2024 para","..\..\Desktop\tabelas-powerBI\1 Pará\Tabela 43 - Área colhida (Hectares), Quantidade Produzida (Toneladas) e Valor (Mil Reais) da Produção por Tipo de Lavoura Permanente - 2024 para.xlsx",RIS,63855,2365.0
Fonte: IBGE/PAM,1 Pará,43,"Área colhida (Hectares), Quantidade Produzida (Toneladas) e Valor (Mil Reais) da Produção por Tipo de Lavoura Permanente - 2024 para",20,"Tabela 43 - Área colhida (Hectares), Quantidade Produzida (Toneladas) e Valor (Mil Reais) da Produção por Tipo de Lavoura Permanente - 2024 para","..\..\Desktop\tabelas-powerBI\1 Pará\Tabela 43 - Área colhida (Hectares), Quantidade Produzida (Toneladas) e Valor (Mil Reais) da Produção por Tipo de Lavoura Permanente - 2024 para.xlsx",RIS,63855,
Elaboração: FAPESPA,1 Pará,43,"Área colhida (Hectares), Quantidade Produzida (Toneladas) e Valor (Mil Reais) da Produção por Tipo de Lavoura Permanente - 2024 para",20,"Tabela 43 - Área colhida (Hectares), Quantidade Produzida (Toneladas) e Valor (Mil Reais) da Produção por Tipo de Lavoura Permanente - 2024 para","..\..\Desktop\tabelas-powerBI\1 Pará\Tabela 43 - Área colhida (Hectares), Quantidade Produzida (Toneladas) e Valor (Mil Reais) da Produção por Tipo de Lavoura Permanente - 2024 para.xlsx",RIS,63855,
Nota: A quantidade produzida de coco-da-baía é expressa em mil frutos ,1 Pará,43,"Área colhida (Hectares), Quantidade Produzida (Toneladas) e Valor (Mil Reais) da Produção por Tipo de Lavoura Permanente - 2024 para",20,"Tabela 43 - Área colhida (Hectares), Quantidade Produzida (Toneladas) e Valor (Mil Reais) da Produção por Tipo de Lavoura Permanente - 2024 para","..\..\Desktop\tabelas-powerBI\1 Pará\Tabela 43 - Área colhida (Hectares), Quantidade Produzida (Toneladas) e Valor (Mil Reais) da Produção por Tipo de Lavoura Permanente - 2024 para.xlsx",RIS,63855,
Araguaia,1 Pará,43,"Área colhida (Hectares), Quantidade Produzida (Toneladas) e Valor (Mil Reais) da Produção por Tipo de Lavoura Permanente - 2024 para",20,"Tabela 43 - Área colhida (Hectares), Quantidade Produzida (Toneladas) e Valor (Mil Reais) da Produção por Tipo de Lavoura Permanente - 2024 para","..\..\Desktop\tabelas-powerBI\1 Pará\Tabela 43 - Área colhida (Hectares), Quantidade Produzida (Toneladas) e Valor (Mil Reais) da Produção por Tipo de Lavoura Permanente - 2024 para.xlsx",RIS,18515,1.0
Baixo Amazonas,1 Pará,43,"Área colhida (Hectares), Quantidade Produzida (Toneladas) e Valor (Mil Reais) da Produção por Tipo de Lavoura Permanente - 2024 para",20,"Tabela 43 - Área colhida (Hectares), Quantidade Produzida (Toneladas) e Valor (Mil Reais) da Produção por Tipo de Lavoura Permanente - 2024 para","..\..\Desktop\tabelas-powerBI\1 Pará\Tabela 43 - Área colhida (Hectares), Quantidade Produzida (Toneladas) e Valor (Mil Reais) da Produção por Tipo de Lavoura Permanente - 2024 para.xlsx",RIS,18515,345.0
Carajás,1 Pará,43,"Área colhida (Hectares), Quantidade Produzida (Toneladas) e Valor (Mil Reais) da Produção por Tipo de Lavoura Permanente - 2024 para",20,"Tabela 43 - Área colhida (Hectares), Quantidade Produzida (Toneladas) e Valor (Mil Reais) da Produção por Tipo de Lavoura Permanente - 2024 para","..\..\Desktop\tabelas-powerBI\1 Pará\Tabela 43 - Área colhida (Hectares), Quantidade Produzida (Toneladas) e Valor (Mil Reais) da Produção por Tipo de Lavoura Permanente - 2024 para.xlsx",RIS,18515,0.0
Guajará,1 Pará,43,"Área colhida (Hectares), Quantidade Produzida (Toneladas) e Valor (Mil Reais) da Produção por Tipo de Lavoura Permanente - 2024 para",20,"Tabela 43 - Área colhida (Hectares), Quantidade Produzida (Toneladas) e Valor (Mil Reais) da Produção por Tipo de Lavoura Permanente - 2024 para","..\..\Desktop\tabelas-powerBI\1 Pará\Tabela 43 - Área colhida (Hectares), Quantidade Produzida (Toneladas) e Valor (Mil Reais) da Produção por Tipo de Lavoura Permanente - 2024 para.xlsx",RIS,18515,0.0
Guamá,1 Pará,43,"Área colhida (Hectares), Quantidade Produzida (Toneladas) e Valor (Mil Reais) da Produção por Tipo de Lavoura Permanente - 2024 para",20,"Tabela 43 - Área colhida (Hectares), Quantidade Produzida (Toneladas) e Valor (Mil Reais) da Produção por Tipo de Lavoura Permanente - 2024 para","..\..\Desktop\tabelas-powerBI\1 Pará\Tabela 43 - Área colhida (Hectares), Quantidade Produzida (Toneladas) e Valor (Mil Reais) da Produção por Tipo de Lavoura Permanente - 2024 para.xlsx",RIS,18515,4138.0
Lago de Tucuruí,1 Pará,43,"Área colhida (Hectares), Quantidade Produzida (Toneladas) e Valor (Mil Reais) da Produção por Tipo de Lavoura Permanente - 2024 para",20,"Tabela 43 - Área colhida (Hectares), Quantidade Produzida (Toneladas) e Valor (Mil Reais) da Produção por Tipo de Lavoura Permanente - 2024 para","..\..\Desktop\tabelas-powerBI\1 Pará\Tabela 43 - Área colhida (Hectares), Quantidade Produzida (Toneladas) e Valor (Mil Reais) da Produção por Tipo de Lavoura Permanente - 2024 para.xlsx",RIS,18515,59.0
Marajó,1 Pará,43,"Área colhida (Hectares), Quantidade Produzida (Toneladas) e Valor (Mil Reais) da Produção por Tipo de Lavoura Permanente - 2024 para",20,"Tabela 43 - Área colhida (Hectares), Quantidade Produzida (Toneladas) e Valor (Mil Reais) da Produção por Tipo de Lavoura Permanente - 2024 para","..\..\Desktop\tabelas-powerBI\1 Pará\Tabela 43 - Área colhida (Hectares), Quantidade Produzida (Toneladas) e Valor (Mil Reais) da Produção por Tipo de Lavoura Permanente - 2024 para.xlsx",RIS,18515,335.0
Rio Caeté,1 Pará,43,"Área colhida (Hectares), Quantidade Produzida (Toneladas) e Valor (Mil Reais) da Produção por Tipo de Lavoura Permanente - 2024 para",20,"Tabela 43 - Área colhida (Hectares), Quantidade Produzida (Toneladas) e Valor (Mil Reais) da Produção por Tipo de Lavoura Permanente - 2024 para","..\..\Desktop\tabelas-powerBI\1 Pará\Tabela 43 - Área colhida (Hectares), Quantidade Produzida (Toneladas) e Valor (Mil Reais) da Produção por Tipo de Lavoura Permanente - 2024 para.xlsx",RIS,18515,898.0
Rio Capim,1 Pará,43,"Área colhida (Hectares), Quantidade Produzida (Toneladas) e Valor (Mil Reais) da Produção por Tipo de Lavoura Permanente - 2024 para",20,"Tabela 43 - Área colhida (Hectares), Quantidade Produzida (Toneladas) e Valor (Mil Reais) da Produção por Tipo de Lavoura Permanente - 2024 para","..\..\Desktop\tabelas-powerBI\1 Pará\Tabela 43 - Área colhida (Hectares), Quantidade Produzida (Toneladas) e Valor (Mil Reais) da Produção por Tipo de Lavoura Permanente - 2024 para.xlsx",RIS,18515,7182.0
Tapajós,1 Pará,43,"Área colhida (Hectares), Quantidade Produzida (Toneladas) e Valor (Mil Reais) da Produção por Tipo de Lavoura Permanente - 2024 para",20,"Tabela 43 - Área colhida (Hectares), Quantidade Produzida (Toneladas) e Valor (Mil Reais) da Produção por Tipo de Lavoura Permanente - 2024 para","..\..\Desktop\tabelas-powerBI\1 Pará\Tabela 43 - Área colhida (Hectares), Quantidade Produzida (Toneladas) e Valor (Mil Reais) da Produção por Tipo de Lavoura Permanente - 2024 para.xlsx",RIS,18515,15.0
Tocantins,1 Pará,43,"Área colhida (Hectares), Quantidade Produzida (Toneladas) e Valor (Mil Reais) da Produção por Tipo de Lavoura Permanente - 2024 para",20,"Tabela 43 - Área colhida (Hectares), Quantidade Produzida (Toneladas) e Valor (Mil Reais) da Produção por Tipo de Lavoura Permanente - 2024 para","..\..\Desktop\tabelas-powerBI\1 Pará\Tabela 43 - Área colhida (Hectares), Quantidade Produzida (Toneladas) e Valor (Mil Reais) da Produção por Tipo de Lavoura Permanente - 2024 para.xlsx",RIS,18515,4904.0
Xingu,1 Pará,43,"Área colhida (Hectares), Quantidade Produzida (Toneladas) e Valor (Mil Reais) da Produção por Tipo de Lavoura Permanente - 2024 para",20,"Tabela 43 - Área colhida (Hectares), Quantidade Produzida (Toneladas) e Valor (Mil Reais) da Produção por Tipo de Lavoura Permanente - 2024 para","..\..\Desktop\tabelas-powerBI\1 Pará\Tabela 43 - Área colhida (Hectares), Quantidade Produzida (Toneladas) e Valor (Mil Reais) da Produção por Tipo de Lavoura Permanente - 2024 para.xlsx",RIS,18515,638.0
Fonte: IBGE/PAM,1 Pará,43,"Área colhida (Hectares), Quantidade Produzida (Toneladas) e Valor (Mil Reais) da Produção por Tipo de Lavoura Permanente - 2024 para",20,"Tabela 43 - Área colhida (Hectares), Quantidade Produzida (Toneladas) e Valor (Mil Reais) da Produção por Tipo de Lavoura Permanente - 2024 para","..\..\Desktop\tabelas-powerBI\1 Pará\Tabela 43 - Área colhida (Hectares), Quantidade Produzida (Toneladas) e Valor (Mil Reais) da Produção por Tipo de Lavoura Permanente - 2024 para.xlsx",RIS,18515,
Elaboração: FAPESPA,1 Pará,43,"Área colhida (Hectares), Quantidade Produzida (Toneladas) e Valor (Mil Reais) da Produção por Tipo de Lavoura Permanente - 2024 para",20,"Tabela 43 - Área colhida (Hectares), Quantidade Produzida (Toneladas) e Valor (Mil Reais) da Produção por Tipo de Lavoura Permanente - 2024 para","..\..\Desktop\tabelas-powerBI\1 Pará\Tabela 43 - Área colhida (Hectares), Quantidade Produzida (Toneladas) e Valor (Mil Reais) da Produção por Tipo de Lavoura Permanente - 2024 para.xlsx",RIS,18515,
Nota: A quantidade produzida de coco-da-baía é expressa em mil frutos ,1 Pará,43,"Área colhida (Hectares), Quantidade Produzida (Toneladas) e Valor (Mil Reais) da Produção por Tipo de Lavoura Permanente - 2024 para",20,"Tabela 43 - Área colhida (Hectares), Quantidade Produzida (Toneladas) e Valor (Mil Reais) da Produção por Tipo de Lavoura Permanente - 2024 para","..\..\Desktop\tabelas-powerBI\1 Pará\Tabela 43 - Área colhida (Hectares), Quantidade Produzida (Toneladas) e Valor (Mil Reais) da Produção por Tipo de Lavoura Permanente - 2024 para.xlsx",RIS,18515,
Araguaia,1 Pará,43,"Área colhida (Hectares), Quantidade Produzida (Toneladas) e Valor (Mil Reais) da Produção por Tipo de Lavoura Permanente - 2024 para",20,"Tabela 43 - Área colhida (Hectares), Quantidade Produzida (Toneladas) e Valor (Mil Reais) da Produção por Tipo de Lavoura Permanente - 2024 para","..\..\Desktop\tabelas-powerBI\1 Pará\Tabela 43 - Área colhida (Hectares), Quantidade Produzida (Toneladas) e Valor (Mil Reais) da Produção por Tipo de Lavoura Permanente - 2024 para.xlsx",RIS,41560,1.0
Baixo Amazonas,1 Pará,43,"Área colhida (Hectares), Quantidade Produzida (Toneladas) e Valor (Mil Reais) da Produção por Tipo de Lavoura Permanente - 2024 para",20,"Tabela 43 - Área colhida (Hectares), Quantidade Produzida (Toneladas) e Valor (Mil Reais) da Produção por Tipo de Lavoura Permanente - 2024 para","..\..\Desktop\tabelas-powerBI\1 Pará\Tabela 43 - Área colhida (Hectares), Quantidade Produzida (Toneladas) e Valor (Mil Reais) da Produção por Tipo de Lavoura Permanente - 2024 para.xlsx",RIS,41560,625.0
Carajás,1 Pará,43,"Área colhida (Hectares), Quantidade Produzida (Toneladas) e Valor (Mil Reais) da Produção por Tipo de Lavoura Permanente - 2024 para",20,"Tabela 43 - Área colhida (Hectares), Quantidade Produzida (Toneladas) e Valor (Mil Reais) da Produção por Tipo de Lavoura Permanente - 2024 para","..\..\Desktop\tabelas-powerBI\1 Pará\Tabela 43 - Área colhida (Hectares), Quantidade Produzida (Toneladas) e Valor (Mil Reais) da Produção por Tipo de Lavoura Permanente - 2024 para.xlsx",RIS,41560,0.0
Guajará,1 Pará,43,"Área colhida (Hectares), Quantidade Produzida (Toneladas) e Valor (Mil Reais) da Produção por Tipo de Lavoura Permanente - 2024 para",20,"Tabela 43 - Área colhida (Hectares), Quantidade Produzida (Toneladas) e Valor (Mil Reais) da Produção por Tipo de Lavoura Permanente - 2024 para","..\..\Desktop\tabelas-powerBI\1 Pará\Tabela 43 - Área colhida (Hectares), Quantidade Produzida (Toneladas) e Valor (Mil Reais) da Produção por Tipo de Lavoura Permanente - 2024 para.xlsx",RIS,41560,0.0
Guamá,1 Pará,43,"Área colhida (Hectares), Quantidade Produzida (Toneladas) e Valor (Mil Reais) da Produção por Tipo de Lavoura Permanente - 2024 para",20,"Tabela 43 - Área colhida (Hectares), Quantidade Produzida (Toneladas) e Valor (Mil Reais) da Produção por Tipo de Lavoura Permanente - 2024 para","..\..\Desktop\tabelas-powerBI\1 Pará\Tabela 43 - Área colhida (Hectares), Quantidade Produzida (Toneladas) e Valor (Mil Reais) da Produção por Tipo de Lavoura Permanente - 2024 para.xlsx",RIS,41560,9507.0
Lago de Tucuruí,1 Pará,43,"Área colhida (Hectares), Quantidade Produzida (Toneladas) e Valor (Mil Reais) da Produção por Tipo de Lavoura Permanente - 2024 para",20,"Tabela 43 - Área colhida (Hectares), Quantidade Produzida (Toneladas) e Valor (Mil Reais) da Produção por Tipo de Lavoura Permanente - 2024 para","..\..\Desktop\tabelas-powerBI\1 Pará\Tabela 43 - Área colhida (Hectares), Quantidade Produzida (Toneladas) e Valor (Mil Reais) da Produção por Tipo de Lavoura Permanente - 2024 para.xlsx",RIS,41560,121.0
Marajó,1 Pará,43,"Área colhida (Hectares), Quantidade Produzida (Toneladas) e Valor (Mil Reais) da Produção por Tipo de Lavoura Permanente - 2024 para",20,"Tabela 43 - Área colhida (Hectares), Quantidade Produzida (Toneladas) e Valor (Mil Reais) da Produção por Tipo de Lavoura Permanente - 2024 para","..\..\Desktop\tabelas-powerBI\1 Pará\Tabela 43 - Área colhida (Hectares), Quantidade Produzida (Toneladas) e Valor (Mil Reais) da Produção por Tipo de Lavoura Permanente - 2024 para.xlsx",RIS,41560,675.0
Rio Caeté,1 Pará,43,"Área colhida (Hectares), Quantidade Produzida (Toneladas) e Valor (Mil Reais) da Produção por Tipo de Lavoura Permanente - 2024 para",20,"Tabela 43 - Área colhida (Hectares), Quantidade Produzida (Toneladas) e Valor (Mil Reais) da Produção por Tipo de Lavoura Permanente - 2024 para","..\..\Desktop\tabelas-powerBI\1 Pará\Tabela 43 - Área colhida (Hectares), Quantidade Produzida (Toneladas) e Valor (Mil Reais) da Produção por Tipo de Lavoura Permanente - 2024 para.xlsx",RIS,41560,2081.0
Rio Capim,1 Pará,43,"Área colhida (Hectares), Quantidade Produzida (Toneladas) e Valor (Mil Reais) da Produção por Tipo de Lavoura Permanente - 2024 para",20,"Tabela 43 - Área colhida (Hectares), Quantidade Produzida (Toneladas) e Valor (Mil Reais) da Produção por Tipo de Lavoura Permanente - 2024 para","..\..\Desktop\tabelas-powerBI\1 Pará\Tabela 43 - Área colhida (Hectares), Quantidade Produzida (Toneladas) e Valor (Mil Reais) da Produção por Tipo de Lavoura Permanente - 2024 para.xlsx",RIS,41560,16249.0
Tapajós,1 Pará,43,"Área colhida (Hectares), Quantidade Produzida (Toneladas) e Valor (Mil Reais) da Produção por Tipo de Lavoura Permanente - 2024 para",20,"Tabela 43 - Área colhida (Hectares), Quantidade Produzida (Toneladas) e Valor (Mil Reais) da Produção por Tipo de Lavoura Permanente - 2024 para","..\..\Desktop\tabelas-powerBI\1 Pará\Tabela 43 - Área colhida (Hectares), Quantidade Produzida (Toneladas) e Valor (Mil Reais) da Produção por Tipo de Lavoura Permanente - 2024 para.xlsx",RIS,41560,24.0
Tocantins,1 Pará,43,"Área colhida (Hectares), Quantidade Produzida (Toneladas) e Valor (Mil Reais) da Produção por Tipo de Lavoura Permanente - 2024 para",20,"Tabela 43 - Área colhida (Hectares), Quantidade Produzida (Toneladas) e Valor (Mil Reais) da Produção por Tipo de Lavoura Permanente - 2024 para","..\..\Desktop\tabelas-powerBI\1 Pará\Tabela 43 - Área colhida (Hectares), Quantidade Produzida (Toneladas) e Valor (Mil Reais) da Produção por Tipo de Lavoura Permanente - 2024 para.xlsx",RIS,41560,10567.0
Xingu,1 Pará,43,"Área colhida (Hectares), Quantidade Produzida (Toneladas) e Valor (Mil Reais) da Produção por Tipo de Lavoura Permanente - 2024 para",20,"Tabela 43 - Área colhida (Hectares), Quantidade Produzida (Toneladas) e Valor (Mil Reais) da Produção por Tipo de Lavoura Permanente - 2024 para","..\..\Desktop\tabelas-powerBI\1 Pará\Tabela 43 - Área colhida (Hectares), Quantidade Produzida (Toneladas) e Valor (Mil Reais) da Produção por Tipo de Lavoura Permanente - 2024 para.xlsx",RIS,41560,1710.0
Fonte: IBGE/PAM,1 Pará,43,"Área colhida (Hectares), Quantidade Produzida (Toneladas) e Valor (Mil Reais) da Produção por Tipo de Lavoura Permanente - 2024 para",20,"Tabela 43 - Área colhida (Hectares), Quantidade Produzida (Toneladas) e Valor (Mil Reais) da Produção por Tipo de Lavoura Permanente - 2024 para","..\..\Desktop\tabelas-powerBI\1 Pará\Tabela 43 - Área colhida (Hectares), Quantidade Produzida (Toneladas) e Valor (Mil Reais) da Produção por Tipo de Lavoura Permanente - 2024 para.xlsx",RIS,41560,
Elaboração: FAPESPA,1 Pará,43,"Área colhida (Hectares), Quantidade Produzida (Toneladas) e Valor (Mil Reais) da Produção por Tipo de Lavoura Permanente - 2024 para",20,"Tabela 43 - Área colhida (Hectares), Quantidade Produzida (Toneladas) e Valor (Mil Reais) da Produção por Tipo de Lavoura Permanente - 2024 para","..\..\Desktop\tabelas-powerBI\1 Pará\Tabela 43 - Área colhida (Hectares), Quantidade Produzida (Toneladas) e Valor (Mil Reais) da Produção por Tipo de Lavoura Permanente - 2024 para.xlsx",RIS,41560,
Nota: A quantidade produzida de coco-da-baía é expressa em mil frutos ,1 Pará,43,"Área colhida (Hectares), Quantidade Produzida (Toneladas) e Valor (Mil Reais) da Produção por Tipo de Lavoura Permanente - 2024 para",20,"Tabela 43 - Área colhida (Hectares), Quantidade Produzida (Toneladas) e Valor (Mil Reais) da Produção por Tipo de Lavoura Permanente - 2024 para","..\..\Desktop\tabelas-powerBI\1 Pará\Tabela 43 - Área colhida (Hectares), Quantidade Produzida (Toneladas) e Valor (Mil Reais) da Produção por Tipo de Lavoura Permanente - 2024 para.xlsx",RIS,41560,
Araguaia,1 Pará,43,"Área colhida (Hectares), Quantidade Produzida (Toneladas) e Valor (Mil Reais) da Produção por Tipo de Lavoura Permanente - 2024 para",20,"Tabela 43 - Área colhida (Hectares), Quantidade Produzida (Toneladas) e Valor (Mil Reais) da Produção por Tipo de Lavoura Permanente - 2024 para","..\..\Desktop\tabelas-powerBI\1 Pará\Tabela 43 - Área colhida (Hectares), Quantidade Produzida (Toneladas) e Valor (Mil Reais) da Produção por Tipo de Lavoura Permanente - 2024 para.xlsx",RIS,1248357,16.0
Baixo Amazonas,1 Pará,43,"Área colhida (Hectares), Quantidade Produzida (Toneladas) e Valor (Mil Reais) da Produção por Tipo de Lavoura Permanente - 2024 para",20,"Tabela 43 - Área colhida (Hectares), Quantidade Produzida (Toneladas) e Valor (Mil Reais) da Produção por Tipo de Lavoura Permanente - 2024 para","..\..\Desktop\tabelas-powerBI\1 Pará\Tabela 43 - Área colhida (Hectares), Quantidade Produzida (Toneladas) e Valor (Mil Reais) da Produção por Tipo de Lavoura Permanente - 2024 para.xlsx",RIS,1248357,18002.0
Carajás,1 Pará,43,"Área colhida (Hectares), Quantidade Produzida (Toneladas) e Valor (Mil Reais) da Produção por Tipo de Lavoura Permanente - 2024 para",20,"Tabela 43 - Área colhida (Hectares), Quantidade Produzida (Toneladas) e Valor (Mil Reais) da Produção por Tipo de Lavoura Permanente - 2024 para","..\..\Desktop\tabelas-powerBI\1 Pará\Tabela 43 - Área colhida (Hectares), Quantidade Produzida (Toneladas) e Valor (Mil Reais) da Produção por Tipo de Lavoura Permanente - 2024 para.xlsx",RIS,1248357,0.0
Guajará,1 Pará,43,"Área colhida (Hectares), Quantidade Produzida (Toneladas) e Valor (Mil Reais) da Produção por Tipo de Lavoura Permanente - 2024 para",20,"Tabela 43 - Área colhida (Hectares), Quantidade Produzida (Toneladas) e Valor (Mil Reais) da Produção por Tipo de Lavoura Permanente - 2024 para","..\..\Desktop\tabelas-powerBI\1 Pará\Tabela 43 - Área colhida (Hectares), Quantidade Produzida (Toneladas) e Valor (Mil Reais) da Produção por Tipo de Lavoura Permanente - 2024 para.xlsx",RIS,1248357,0.0
Guamá,1 Pará,43,"Área colhida (Hectares), Quantidade Produzida (Toneladas) e Valor (Mil Reais) da Produção por Tipo de Lavoura Permanente - 2024 para",20,"Tabela 43 - Área colhida (Hectares), Quantidade Produzida (Toneladas) e Valor (Mil Reais) da Produção por Tipo de Lavoura Permanente - 2024 para","..\..\Desktop\tabelas-powerBI\1 Pará\Tabela 43 - Área colhida (Hectares), Quantidade Produzida (Toneladas) e Valor (Mil Reais) da Produção por Tipo de Lavoura Permanente - 2024 para.xlsx",RIS,1248357,299784.0
Lago de Tucuruí,1 Pará,43,"Área colhida (Hectares), Quantidade Produzida (Toneladas) e Valor (Mil Reais) da Produção por Tipo de Lavoura Permanente - 2024 para",20,"Tabela 43 - Área colhida (Hectares), Quantidade Produzida (Toneladas) e Valor (Mil Reais) da Produção por Tipo de Lavoura Permanente - 2024 para","..\..\Desktop\tabelas-powerBI\1 Pará\Tabela 43 - Área colhida (Hectares), Quantidade Produzida (Toneladas) e Valor (Mil Reais) da Produção por Tipo de Lavoura Permanente - 2024 para.xlsx",RIS,1248357,4187.0
Marajó,1 Pará,43,"Área colhida (Hectares), Quantidade Produzida (Toneladas) e Valor (Mil Reais) da Produção por Tipo de Lavoura Permanente - 2024 para",20,"Tabela 43 - Área colhida (Hectares), Quantidade Produzida (Toneladas) e Valor (Mil Reais) da Produção por Tipo de Lavoura Permanente - 2024 para","..\..\Desktop\tabelas-powerBI\1 Pará\Tabela 43 - Área colhida (Hectares), Quantidade Produzida (Toneladas) e Valor (Mil Reais) da Produção por Tipo de Lavoura Permanente - 2024 para.xlsx",RIS,1248357,18760.0
Rio Caeté,1 Pará,43,"Área colhida (Hectares), Quantidade Produzida (Toneladas) e Valor (Mil Reais) da Produção por Tipo de Lavoura Permanente - 2024 para",20,"Tabela 43 - Área colhida (Hectares), Quantidade Produzida (Toneladas) e Valor (Mil Reais) da Produção por Tipo de Lavoura Permanente - 2024 para","..\..\Desktop\tabelas-powerBI\1 Pará\Tabela 43 - Área colhida (Hectares), Quantidade Produzida (Toneladas) e Valor (Mil Reais) da Produção por Tipo de Lavoura Permanente - 2024 para.xlsx",RIS,1248357,64613.0
Rio Capim,1 Pará,43,"Área colhida (Hectares), Quantidade Produzida (Toneladas) e Valor (Mil Reais) da Produção por Tipo de Lavoura Permanente - 2024 para",20,"Tabela 43 - Área colhida (Hectares), Quantidade Produzida (Toneladas) e Valor (Mil Reais) da Produção por Tipo de Lavoura Permanente - 2024 para","..\..\Desktop\tabelas-powerBI\1 Pará\Tabela 43 - Área colhida (Hectares), Quantidade Produzida (Toneladas) e Valor (Mil Reais) da Produção por Tipo de Lavoura Permanente - 2024 para.xlsx",RIS,1248357,486131.0
Tapajós,1 Pará,43,"Área colhida (Hectares), Quantidade Produzida (Toneladas) e Valor (Mil Reais) da Produção por Tipo de Lavoura Permanente - 2024 para",20,"Tabela 43 - Área colhida (Hectares), Quantidade Produzida (Toneladas) e Valor (Mil Reais) da Produção por Tipo de Lavoura Permanente - 2024 para","..\..\Desktop\tabelas-powerBI\1 Pará\Tabela 43 - Área colhida (Hectares), Quantidade Produzida (Toneladas) e Valor (Mil Reais) da Produção por Tipo de Lavoura Permanente - 2024 para.xlsx",RIS,1248357,639.0
Tocantins,1 Pará,43,"Área colhida (Hectares), Quantidade Produzida (Toneladas) e Valor (Mil Reais) da Produção por Tipo de Lavoura Permanente - 2024 para",20,"Tabela 43 - Área colhida (Hectares), Quantidade Produzida (Toneladas) e Valor (Mil Reais) da Produção por Tipo de Lavoura Permanente - 2024 para","..\..\Desktop\tabelas-powerBI\1 Pará\Tabela 43 - Área colhida (Hectares), Quantidade Produzida (Toneladas) e Valor (Mil Reais) da Produção por Tipo de Lavoura Permanente - 2024 para.xlsx",RIS,1248357,307263.0
Xingu,1 Pará,43,"Área colhida (Hectares), Quantidade Produzida (Toneladas) e Valor (Mil Reais) da Produção por Tipo de Lavoura Permanente - 2024 para",20,"Tabela 43 - Área colhida (Hectares), Quantidade Produzida (Toneladas) e Valor (Mil Reais) da Produção por Tipo de Lavoura Permanente - 2024 para","..\..\Desktop\tabelas-powerBI\1 Pará\Tabela 43 - Área colhida (Hectares), Quantidade Produzida (Toneladas) e Valor (Mil Reais) da Produção por Tipo de Lavoura Permanente - 2024 para.xlsx",RIS,1248357,48964.0
Fonte: IBGE/PAM,1 Pará,43,"Área colhida (Hectares), Quantidade Produzida (Toneladas) e Valor (Mil Reais) da Produção por Tipo de Lavoura Permanente - 2024 para",20,"Tabela 43 - Área colhida (Hectares), Quantidade Produzida (Toneladas) e Valor (Mil Reais) da Produção por Tipo de Lavoura Permanente - 2024 para","..\..\Desktop\tabelas-powerBI\1 Pará\Tabela 43 - Área colhida (Hectares), Quantidade Produzida (Toneladas) e Valor (Mil Reais) da Produção por Tipo de Lavoura Permanente - 2024 para.xlsx",RIS,1248357,
Elaboração: FAPESPA,1 Pará,43,"Área colhida (Hectares), Quantidade Produzida (Toneladas) e Valor (Mil Reais) da Produção por Tipo de Lavoura Permanente - 2024 para",20,"Tabela 43 - Área colhida (Hectares), Quantidade Produzida (Toneladas) e Valor (Mil Reais) da Produção por Tipo de Lavoura Permanente - 2024 para","..\..\Desktop\tabelas-powerBI\1 Pará\Tabela 43 - Área colhida (Hectares), Quantidade Produzida (Toneladas) e Valor (Mil Reais) da Produção por Tipo de Lavoura Permanente - 2024 para.xlsx",RIS,1248357,
Nota: A quantidade produzida de coco-da-baía é expressa em mil frutos ,1 Pará,43,"Área colhida (Hectares), Quantidade Produzida (Toneladas) e Valor (Mil Reais) da Produção por Tipo de Lavoura Permanente - 2024 para",20,"Tabela 43 - Área colhida (Hectares), Quantidade Produzida (Toneladas) e Valor (Mil Reais) da Produção por Tipo de Lavoura Permanente - 2024 para","..\..\Desktop\tabelas-powerBI\1 Pará\Tabela 43 - Área colhida (Hectares), Quantidade Produzida (Toneladas) e Valor (Mil Reais) da Produção por Tipo de Lavoura Permanente - 2024 para.xlsx",RIS,1248357,
