Par,regiao,tabela_num,titulo,ano,arquivo,arquivo_path,aba,variavel,valor
RI Rio Caeté,9 Rio Caeté,22,"Tabela 22 – Caracterização Hospitalar – Equip de Manutenção da Vida, Equip de Diagnóstico e Infra - 2025 ri rio caete",20,"Tabela 22 – Caracterização Hospitalar – Equip de Manutenção da Vida, Equip de Diagnóstico e Infra - 2025 ri rio caete","..\..\Desktop\tabelas-powerBI\9 Rio Caeté\Tabela 22 – Caracterização Hospitalar – Equip de Manutenção da Vida, Equip de Diagnóstico e Infra - 2025 ri rio caete.xlsx",Rio Caeté,1560,79.0
Augusto Corrêa,9 Rio Caeté,22,"Tabela 22 – Caracterização Hospitalar – Equip de Manutenção da Vida, Equip de Diagnóstico e Infra - 2025 ri rio caete",20,"Tabela 22 – Caracterização Hospitalar – Equip de Manutenção da Vida, Equip de Diagnóstico e Infra - 2025 ri rio caete","..\..\Desktop\tabelas-powerBI\9 Rio Caeté\Tabela 22 – Caracterização Hospitalar – Equip de Manutenção da Vida, Equip de Diagnóstico e Infra - 2025 ri rio caete.xlsx",Rio Caeté,1560,0.0
Bonito,9 Rio Caeté,22,"Tabela 22 – Caracterização Hospitalar – Equip de Manutenção da Vida, Equip de Diagnóstico e Infra - 2025 ri rio caete",20,"Tabela 22 – Caracterização Hospitalar – Equip de Manutenção da Vida, Equip de Diagnóstico e Infra - 2025 ri rio caete","..\..\Desktop\tabelas-powerBI\9 Rio Caeté\Tabela 22 – Caracterização Hospitalar – Equip de Manutenção da Vida, Equip de Diagnóstico e Infra - 2025 ri rio caete.xlsx",Rio Caeté,1560,1.0
Bragança,9 Rio Caeté,22,"Tabela 22 – Caracterização Hospitalar – Equip de Manutenção da Vida, Equip de Diagnóstico e Infra - 2025 ri rio caete",20,"Tabela 22 – Caracterização Hospitalar – Equip de Manutenção da Vida, Equip de Diagnóstico e Infra - 2025 ri rio caete","..\..\Desktop\tabelas-powerBI\9 Rio Caeté\Tabela 22 – Caracterização Hospitalar – Equip de Manutenção da Vida, Equip de Diagnóstico e Infra - 2025 ri rio caete.xlsx",Rio Caeté,1560,19.0
Cachoeira do Piriá,9 Rio Caeté,22,"Tabela 22 – Caracterização Hospitalar – Equip de Manutenção da Vida, Equip de Diagnóstico e Infra - 2025 ri rio caete",20,"Tabela 22 – Caracterização Hospitalar – Equip de Manutenção da Vida, Equip de Diagnóstico e Infra - 2025 ri rio caete","..\..\Desktop\tabelas-powerBI\9 Rio Caeté\Tabela 22 – Caracterização Hospitalar – Equip de Manutenção da Vida, Equip de Diagnóstico e Infra - 2025 ri rio caete.xlsx",Rio Caeté,1560,1.0
Capanema,9 Rio Caeté,22,"Tabela 22 – Caracterização Hospitalar – Equip de Manutenção da Vida, Equip de Diagnóstico e Infra - 2025 ri rio caete",20,"Tabela 22 – Caracterização Hospitalar – Equip de Manutenção da Vida, Equip de Diagnóstico e Infra - 2025 ri rio caete","..\..\Desktop\tabelas-powerBI\9 Rio Caeté\Tabela 22 – Caracterização Hospitalar – Equip de Manutenção da Vida, Equip de Diagnóstico e Infra - 2025 ri rio caete.xlsx",Rio Caeté,1560,42.0
Nova Timboteua,9 Rio Caeté,22,"Tabela 22 – Caracterização Hospitalar – Equip de Manutenção da Vida, Equip de Diagnóstico e Infra - 2025 ri rio caete",20,"Tabela 22 – Caracterização Hospitalar – Equip de Manutenção da Vida, Equip de Diagnóstico e Infra - 2025 ri rio caete","..\..\Desktop\tabelas-powerBI\9 Rio Caeté\Tabela 22 – Caracterização Hospitalar – Equip de Manutenção da Vida, Equip de Diagnóstico e Infra - 2025 ri rio caete.xlsx",Rio Caeté,1560,0.0
Peixe-Boi,9 Rio Caeté,22,"Tabela 22 – Caracterização Hospitalar – Equip de Manutenção da Vida, Equip de Diagnóstico e Infra - 2025 ri rio caete",20,"Tabela 22 – Caracterização Hospitalar – Equip de Manutenção da Vida, Equip de Diagnóstico e Infra - 2025 ri rio caete","..\..\Desktop\tabelas-powerBI\9 Rio Caeté\Tabela 22 – Caracterização Hospitalar – Equip de Manutenção da Vida, Equip de Diagnóstico e Infra - 2025 ri rio caete.xlsx",Rio Caeté,1560,0.0
Primavera,9 Rio Caeté,22,"Tabela 22 – Caracterização Hospitalar – Equip de Manutenção da Vida, Equip de Diagnóstico e Infra - 2025 ri rio caete",20,"Tabela 22 – Caracterização Hospitalar – Equip de Manutenção da Vida, Equip de Diagnóstico e Infra - 2025 ri rio caete","..\..\Desktop\tabelas-powerBI\9 Rio Caeté\Tabela 22 – Caracterização Hospitalar – Equip de Manutenção da Vida, Equip de Diagnóstico e Infra - 2025 ri rio caete.xlsx",Rio Caeté,1560,0.0
Quatipuru,9 Rio Caeté,22,"Tabela 22 – Caracterização Hospitalar – Equip de Manutenção da Vida, Equip de Diagnóstico e Infra - 2025 ri rio caete",20,"Tabela 22 – Caracterização Hospitalar – Equip de Manutenção da Vida, Equip de Diagnóstico e Infra - 2025 ri rio caete","..\..\Desktop\tabelas-powerBI\9 Rio Caeté\Tabela 22 – Caracterização Hospitalar – Equip de Manutenção da Vida, Equip de Diagnóstico e Infra - 2025 ri rio caete.xlsx",Rio Caeté,1560,2.0
Salinópolis,9 Rio Caeté,22,"Tabela 22 – Caracterização Hospitalar – Equip de Manutenção da Vida, Equip de Diagnóstico e Infra - 2025 ri rio caete",20,"Tabela 22 – Caracterização Hospitalar – Equip de Manutenção da Vida, Equip de Diagnóstico e Infra - 2025 ri rio caete","..\..\Desktop\tabelas-powerBI\9 Rio Caeté\Tabela 22 – Caracterização Hospitalar – Equip de Manutenção da Vida, Equip de Diagnóstico e Infra - 2025 ri rio caete.xlsx",Rio Caeté,1560,8.0
Santa Luzia do Pará,9 Rio Caeté,22,"Tabela 22 – Caracterização Hospitalar – Equip de Manutenção da Vida, Equip de Diagnóstico e Infra - 2025 ri rio caete",20,"Tabela 22 – Caracterização Hospitalar – Equip de Manutenção da Vida, Equip de Diagnóstico e Infra - 2025 ri rio caete","..\..\Desktop\tabelas-powerBI\9 Rio Caeté\Tabela 22 – Caracterização Hospitalar – Equip de Manutenção da Vida, Equip de Diagnóstico e Infra - 2025 ri rio caete.xlsx",Rio Caeté,1560,1.0
Santarém Novo,9 Rio Caeté,22,"Tabela 22 – Caracterização Hospitalar – Equip de Manutenção da Vida, Equip de Diagnóstico e Infra - 2025 ri rio caete",20,"Tabela 22 – Caracterização Hospitalar – Equip de Manutenção da Vida, Equip de Diagnóstico e Infra - 2025 ri rio caete","..\..\Desktop\tabelas-powerBI\9 Rio Caeté\Tabela 22 – Caracterização Hospitalar – Equip de Manutenção da Vida, Equip de Diagnóstico e Infra - 2025 ri rio caete.xlsx",Rio Caeté,1560,1.0
São João de Pirabas,9 Rio Caeté,22,"Tabela 22 – Caracterização Hospitalar – Equip de Manutenção da Vida, Equip de Diagnóstico e Infra - 2025 ri rio caete",20,"Tabela 22 – Caracterização Hospitalar – Equip de Manutenção da Vida, Equip de Diagnóstico e Infra - 2025 ri rio caete","..\..\Desktop\tabelas-powerBI\9 Rio Caeté\Tabela 22 – Caracterização Hospitalar – Equip de Manutenção da Vida, Equip de Diagnóstico e Infra - 2025 ri rio caete.xlsx",Rio Caeté,1560,1.0
Tracuateua,9 Rio Caeté,22,"Tabela 22 – Caracterização Hospitalar – Equip de Manutenção da Vida, Equip de Diagnóstico e Infra - 2025 ri rio caete",20,"Tabela 22 – Caracterização Hospitalar – Equip de Manutenção da Vida, Equip de Diagnóstico e Infra - 2025 ri rio caete","..\..\Desktop\tabelas-powerBI\9 Rio Caeté\Tabela 22 – Caracterização Hospitalar – Equip de Manutenção da Vida, Equip de Diagnóstico e Infra - 2025 ri rio caete.xlsx",Rio Caeté,1560,1.0
Viseu,9 Rio Caeté,22,"Tabela 22 – Caracterização Hospitalar – Equip de Manutenção da Vida, Equip de Diagnóstico e Infra - 2025 ri rio caete",20,"Tabela 22 – Caracterização Hospitalar – Equip de Manutenção da Vida, Equip de Diagnóstico e Infra - 2025 ri rio caete","..\..\Desktop\tabelas-powerBI\9 Rio Caeté\Tabela 22 – Caracterização Hospitalar – Equip de Manutenção da Vida, Equip de Diagnóstico e Infra - 2025 ri rio caete.xlsx",Rio Caeté,1560,2.0
Fonte: DATASUS,9 Rio Caeté,22,"Tabela 22 – Caracterização Hospitalar – Equip de Manutenção da Vida, Equip de Diagnóstico e Infra - 2025 ri rio caete",20,"Tabela 22 – Caracterização Hospitalar – Equip de Manutenção da Vida, Equip de Diagnóstico e Infra - 2025 ri rio caete","..\..\Desktop\tabelas-powerBI\9 Rio Caeté\Tabela 22 – Caracterização Hospitalar – Equip de Manutenção da Vida, Equip de Diagnóstico e Infra - 2025 ri rio caete.xlsx",Rio Caeté,1560,
Elaboração: FAPESPA,9 Rio Caeté,22,"Tabela 22 – Caracterização Hospitalar – Equip de Manutenção da Vida, Equip de Diagnóstico e Infra - 2025 ri rio caete",20,"Tabela 22 – Caracterização Hospitalar – Equip de Manutenção da Vida, Equip de Diagnóstico e Infra - 2025 ri rio caete","..\..\Desktop\tabelas-powerBI\9 Rio Caeté\Tabela 22 – Caracterização Hospitalar – Equip de Manutenção da Vida, Equip de Diagnóstico e Infra - 2025 ri rio caete.xlsx",Rio Caeté,1560,
*Nota: Dados referentes a Outubro/2025.,9 Rio Caeté,22,"Tabela 22 – Caracterização Hospitalar – Equip de Manutenção da Vida, Equip de Diagnóstico e Infra - 2025 ri rio caete",20,"Tabela 22 – Caracterização Hospitalar – Equip de Manutenção da Vida, Equip de Diagnóstico e Infra - 2025 ri rio caete","..\..\Desktop\tabelas-powerBI\9 Rio Caeté\Tabela 22 – Caracterização Hospitalar – Equip de Manutenção da Vida, Equip de Diagnóstico e Infra - 2025 ri rio caete.xlsx",Rio Caeté,1560,
RI Rio Caeté,9 Rio Caeté,22,"Tabela 22 – Caracterização Hospitalar – Equip de Manutenção da Vida, Equip de Diagnóstico e Infra - 2025 ri rio caete",20,"Tabela 22 – Caracterização Hospitalar – Equip de Manutenção da Vida, Equip de Diagnóstico e Infra - 2025 ri rio caete","..\..\Desktop\tabelas-powerBI\9 Rio Caeté\Tabela 22 – Caracterização Hospitalar – Equip de Manutenção da Vida, Equip de Diagnóstico e Infra - 2025 ri rio caete.xlsx",Rio Caeté,1444,78.0
Augusto Corrêa,9 Rio Caeté,22,"Tabela 22 – Caracterização Hospitalar – Equip de Manutenção da Vida, Equip de Diagnóstico e Infra - 2025 ri rio caete",20,"Tabela 22 – Caracterização Hospitalar – Equip de Manutenção da Vida, Equip de Diagnóstico e Infra - 2025 ri rio caete","..\..\Desktop\tabelas-powerBI\9 Rio Caeté\Tabela 22 – Caracterização Hospitalar – Equip de Manutenção da Vida, Equip de Diagnóstico e Infra - 2025 ri rio caete.xlsx",Rio Caeté,1444,0.0
Bonito,9 Rio Caeté,22,"Tabela 22 – Caracterização Hospitalar – Equip de Manutenção da Vida, Equip de Diagnóstico e Infra - 2025 ri rio caete",20,"Tabela 22 – Caracterização Hospitalar – Equip de Manutenção da Vida, Equip de Diagnóstico e Infra - 2025 ri rio caete","..\..\Desktop\tabelas-powerBI\9 Rio Caeté\Tabela 22 – Caracterização Hospitalar – Equip de Manutenção da Vida, Equip de Diagnóstico e Infra - 2025 ri rio caete.xlsx",Rio Caeté,1444,1.0
Bragança,9 Rio Caeté,22,"Tabela 22 – Caracterização Hospitalar – Equip de Manutenção da Vida, Equip de Diagnóstico e Infra - 2025 ri rio caete",20,"Tabela 22 – Caracterização Hospitalar – Equip de Manutenção da Vida, Equip de Diagnóstico e Infra - 2025 ri rio caete","..\..\Desktop\tabelas-powerBI\9 Rio Caeté\Tabela 22 – Caracterização Hospitalar – Equip de Manutenção da Vida, Equip de Diagnóstico e Infra - 2025 ri rio caete.xlsx",Rio Caeté,1444,19.0
Cachoeira do Piriá,9 Rio Caeté,22,"Tabela 22 – Caracterização Hospitalar – Equip de Manutenção da Vida, Equip de Diagnóstico e Infra - 2025 ri rio caete",20,"Tabela 22 – Caracterização Hospitalar – Equip de Manutenção da Vida, Equip de Diagnóstico e Infra - 2025 ri rio caete","..\..\Desktop\tabelas-powerBI\9 Rio Caeté\Tabela 22 – Caracterização Hospitalar – Equip de Manutenção da Vida, Equip de Diagnóstico e Infra - 2025 ri rio caete.xlsx",Rio Caeté,1444,1.0
Capanema,9 Rio Caeté,22,"Tabela 22 – Caracterização Hospitalar – Equip de Manutenção da Vida, Equip de Diagnóstico e Infra - 2025 ri rio caete",20,"Tabela 22 – Caracterização Hospitalar – Equip de Manutenção da Vida, Equip de Diagnóstico e Infra - 2025 ri rio caete","..\..\Desktop\tabelas-powerBI\9 Rio Caeté\Tabela 22 – Caracterização Hospitalar – Equip de Manutenção da Vida, Equip de Diagnóstico e Infra - 2025 ri rio caete.xlsx",Rio Caeté,1444,42.0
Nova Timboteua,9 Rio Caeté,22,"Tabela 22 – Caracterização Hospitalar – Equip de Manutenção da Vida, Equip de Diagnóstico e Infra - 2025 ri rio caete",20,"Tabela 22 – Caracterização Hospitalar – Equip de Manutenção da Vida, Equip de Diagnóstico e Infra - 2025 ri rio caete","..\..\Desktop\tabelas-powerBI\9 Rio Caeté\Tabela 22 – Caracterização Hospitalar – Equip de Manutenção da Vida, Equip de Diagnóstico e Infra - 2025 ri rio caete.xlsx",Rio Caeté,1444,0.0
Peixe-Boi,9 Rio Caeté,22,"Tabela 22 – Caracterização Hospitalar – Equip de Manutenção da Vida, Equip de Diagnóstico e Infra - 2025 ri rio caete",20,"Tabela 22 – Caracterização Hospitalar – Equip de Manutenção da Vida, Equip de Diagnóstico e Infra - 2025 ri rio caete","..\..\Desktop\tabelas-powerBI\9 Rio Caeté\Tabela 22 – Caracterização Hospitalar – Equip de Manutenção da Vida, Equip de Diagnóstico e Infra - 2025 ri rio caete.xlsx",Rio Caeté,1444,0.0
Primavera,9 Rio Caeté,22,"Tabela 22 – Caracterização Hospitalar – Equip de Manutenção da Vida, Equip de Diagnóstico e Infra - 2025 ri rio caete",20,"Tabela 22 – Caracterização Hospitalar – Equip de Manutenção da Vida, Equip de Diagnóstico e Infra - 2025 ri rio caete","..\..\Desktop\tabelas-powerBI\9 Rio Caeté\Tabela 22 – Caracterização Hospitalar – Equip de Manutenção da Vida, Equip de Diagnóstico e Infra - 2025 ri rio caete.xlsx",Rio Caeté,1444,0.0
Quatipuru,9 Rio Caeté,22,"Tabela 22 – Caracterização Hospitalar – Equip de Manutenção da Vida, Equip de Diagnóstico e Infra - 2025 ri rio caete",20,"Tabela 22 – Caracterização Hospitalar – Equip de Manutenção da Vida, Equip de Diagnóstico e Infra - 2025 ri rio caete","..\..\Desktop\tabelas-powerBI\9 Rio Caeté\Tabela 22 – Caracterização Hospitalar – Equip de Manutenção da Vida, Equip de Diagnóstico e Infra - 2025 ri rio caete.xlsx",Rio Caeté,1444,2.0
Salinópolis,9 Rio Caeté,22,"Tabela 22 – Caracterização Hospitalar – Equip de Manutenção da Vida, Equip de Diagnóstico e Infra - 2025 ri rio caete",20,"Tabela 22 – Caracterização Hospitalar – Equip de Manutenção da Vida, Equip de Diagnóstico e Infra - 2025 ri rio caete","..\..\Desktop\tabelas-powerBI\9 Rio Caeté\Tabela 22 – Caracterização Hospitalar – Equip de Manutenção da Vida, Equip de Diagnóstico e Infra - 2025 ri rio caete.xlsx",Rio Caeté,1444,7.0
Santa Luzia do Pará,9 Rio Caeté,22,"Tabela 22 – Caracterização Hospitalar – Equip de Manutenção da Vida, Equip de Diagnóstico e Infra - 2025 ri rio caete",20,"Tabela 22 – Caracterização Hospitalar – Equip de Manutenção da Vida, Equip de Diagnóstico e Infra - 2025 ri rio caete","..\..\Desktop\tabelas-powerBI\9 Rio Caeté\Tabela 22 – Caracterização Hospitalar – Equip de Manutenção da Vida, Equip de Diagnóstico e Infra - 2025 ri rio caete.xlsx",Rio Caeté,1444,1.0
Santarém Novo,9 Rio Caeté,22,"Tabela 22 – Caracterização Hospitalar – Equip de Manutenção da Vida, Equip de Diagnóstico e Infra - 2025 ri rio caete",20,"Tabela 22 – Caracterização Hospitalar – Equip de Manutenção da Vida, Equip de Diagnóstico e Infra - 2025 ri rio caete","..\..\Desktop\tabelas-powerBI\9 Rio Caeté\Tabela 22 – Caracterização Hospitalar – Equip de Manutenção da Vida, Equip de Diagnóstico e Infra - 2025 ri rio caete.xlsx",Rio Caeté,1444,1.0
São João de Pirabas,9 Rio Caeté,22,"Tabela 22 – Caracterização Hospitalar – Equip de Manutenção da Vida, Equip de Diagnóstico e Infra - 2025 ri rio caete",20,"Tabela 22 – Caracterização Hospitalar – Equip de Manutenção da Vida, Equip de Diagnóstico e Infra - 2025 ri rio caete","..\..\Desktop\tabelas-powerBI\9 Rio Caeté\Tabela 22 – Caracterização Hospitalar – Equip de Manutenção da Vida, Equip de Diagnóstico e Infra - 2025 ri rio caete.xlsx",Rio Caeté,1444,1.0
Tracuateua,9 Rio Caeté,22,"Tabela 22 – Caracterização Hospitalar – Equip de Manutenção da Vida, Equip de Diagnóstico e Infra - 2025 ri rio caete",20,"Tabela 22 – Caracterização Hospitalar – Equip de Manutenção da Vida, Equip de Diagnóstico e Infra - 2025 ri rio caete","..\..\Desktop\tabelas-powerBI\9 Rio Caeté\Tabela 22 – Caracterização Hospitalar – Equip de Manutenção da Vida, Equip de Diagnóstico e Infra - 2025 ri rio caete.xlsx",Rio Caeté,1444,1.0
Viseu,9 Rio Caeté,22,"Tabela 22 – Caracterização Hospitalar – Equip de Manutenção da Vida, Equip de Diagnóstico e Infra - 2025 ri rio caete",20,"Tabela 22 – Caracterização Hospitalar – Equip de Manutenção da Vida, Equip de Diagnóstico e Infra - 2025 ri rio caete","..\..\Desktop\tabelas-powerBI\9 Rio Caeté\Tabela 22 – Caracterização Hospitalar – Equip de Manutenção da Vida, Equip de Diagnóstico e Infra - 2025 ri rio caete.xlsx",Rio Caeté,1444,2.0
Fonte: DATASUS,9 Rio Caeté,22,"Tabela 22 – Caracterização Hospitalar – Equip de Manutenção da Vida, Equip de Diagnóstico e Infra - 2025 ri rio caete",20,"Tabela 22 – Caracterização Hospitalar – Equip de Manutenção da Vida, Equip de Diagnóstico e Infra - 2025 ri rio caete","..\..\Desktop\tabelas-powerBI\9 Rio Caeté\Tabela 22 – Caracterização Hospitalar – Equip de Manutenção da Vida, Equip de Diagnóstico e Infra - 2025 ri rio caete.xlsx",Rio Caeté,1444,
Elaboração: FAPESPA,9 Rio Caeté,22,"Tabela 22 – Caracterização Hospitalar – Equip de Manutenção da Vida, Equip de Diagnóstico e Infra - 2025 ri rio caete",20,"Tabela 22 – Caracterização Hospitalar – Equip de Manutenção da Vida, Equip de Diagnóstico e Infra - 2025 ri rio caete","..\..\Desktop\tabelas-powerBI\9 Rio Caeté\Tabela 22 – Caracterização Hospitalar – Equip de Manutenção da Vida, Equip de Diagnóstico e Infra - 2025 ri rio caete.xlsx",Rio Caeté,1444,
*Nota: Dados referentes a Outubro/2025.,9 Rio Caeté,22,"Tabela 22 – Caracterização Hospitalar – Equip de Manutenção da Vida, Equip de Diagnóstico e Infra - 2025 ri rio caete",20,"Tabela 22 – Caracterização Hospitalar – Equip de Manutenção da Vida, Equip de Diagnóstico e Infra - 2025 ri rio caete","..\..\Desktop\tabelas-powerBI\9 Rio Caeté\Tabela 22 – Caracterização Hospitalar – Equip de Manutenção da Vida, Equip de Diagnóstico e Infra - 2025 ri rio caete.xlsx",Rio Caeté,1444,
RI Rio Caeté,9 Rio Caeté,22,"Tabela 22 – Caracterização Hospitalar – Equip de Manutenção da Vida, Equip de Diagnóstico e Infra - 2025 ri rio caete",20,"Tabela 22 – Caracterização Hospitalar – Equip de Manutenção da Vida, Equip de Diagnóstico e Infra - 2025 ri rio caete","..\..\Desktop\tabelas-powerBI\9 Rio Caeté\Tabela 22 – Caracterização Hospitalar – Equip de Manutenção da Vida, Equip de Diagnóstico e Infra - 2025 ri rio caete.xlsx",Rio Caeté,2966,160.0
Augusto Corrêa,9 Rio Caeté,22,"Tabela 22 – Caracterização Hospitalar – Equip de Manutenção da Vida, Equip de Diagnóstico e Infra - 2025 ri rio caete",20,"Tabela 22 – Caracterização Hospitalar – Equip de Manutenção da Vida, Equip de Diagnóstico e Infra - 2025 ri rio caete","..\..\Desktop\tabelas-powerBI\9 Rio Caeté\Tabela 22 – Caracterização Hospitalar – Equip de Manutenção da Vida, Equip de Diagnóstico e Infra - 2025 ri rio caete.xlsx",Rio Caeté,2966,0.0
Bonito,9 Rio Caeté,22,"Tabela 22 – Caracterização Hospitalar – Equip de Manutenção da Vida, Equip de Diagnóstico e Infra - 2025 ri rio caete",20,"Tabela 22 – Caracterização Hospitalar – Equip de Manutenção da Vida, Equip de Diagnóstico e Infra - 2025 ri rio caete","..\..\Desktop\tabelas-powerBI\9 Rio Caeté\Tabela 22 – Caracterização Hospitalar – Equip de Manutenção da Vida, Equip de Diagnóstico e Infra - 2025 ri rio caete.xlsx",Rio Caeté,2966,0.0
Bragança,9 Rio Caeté,22,"Tabela 22 – Caracterização Hospitalar – Equip de Manutenção da Vida, Equip de Diagnóstico e Infra - 2025 ri rio caete",20,"Tabela 22 – Caracterização Hospitalar – Equip de Manutenção da Vida, Equip de Diagnóstico e Infra - 2025 ri rio caete","..\..\Desktop\tabelas-powerBI\9 Rio Caeté\Tabela 22 – Caracterização Hospitalar – Equip de Manutenção da Vida, Equip de Diagnóstico e Infra - 2025 ri rio caete.xlsx",Rio Caeté,2966,60.0
Cachoeira do Piriá,9 Rio Caeté,22,"Tabela 22 – Caracterização Hospitalar – Equip de Manutenção da Vida, Equip de Diagnóstico e Infra - 2025 ri rio caete",20,"Tabela 22 – Caracterização Hospitalar – Equip de Manutenção da Vida, Equip de Diagnóstico e Infra - 2025 ri rio caete","..\..\Desktop\tabelas-powerBI\9 Rio Caeté\Tabela 22 – Caracterização Hospitalar – Equip de Manutenção da Vida, Equip de Diagnóstico e Infra - 2025 ri rio caete.xlsx",Rio Caeté,2966,0.0
Capanema,9 Rio Caeté,22,"Tabela 22 – Caracterização Hospitalar – Equip de Manutenção da Vida, Equip de Diagnóstico e Infra - 2025 ri rio caete",20,"Tabela 22 – Caracterização Hospitalar – Equip de Manutenção da Vida, Equip de Diagnóstico e Infra - 2025 ri rio caete","..\..\Desktop\tabelas-powerBI\9 Rio Caeté\Tabela 22 – Caracterização Hospitalar – Equip de Manutenção da Vida, Equip de Diagnóstico e Infra - 2025 ri rio caete.xlsx",Rio Caeté,2966,92.0
Nova Timboteua,9 Rio Caeté,22,"Tabela 22 – Caracterização Hospitalar – Equip de Manutenção da Vida, Equip de Diagnóstico e Infra - 2025 ri rio caete",20,"Tabela 22 – Caracterização Hospitalar – Equip de Manutenção da Vida, Equip de Diagnóstico e Infra - 2025 ri rio caete","..\..\Desktop\tabelas-powerBI\9 Rio Caeté\Tabela 22 – Caracterização Hospitalar – Equip de Manutenção da Vida, Equip de Diagnóstico e Infra - 2025 ri rio caete.xlsx",Rio Caeté,2966,0.0
Peixe-Boi,9 Rio Caeté,22,"Tabela 22 – Caracterização Hospitalar – Equip de Manutenção da Vida, Equip de Diagnóstico e Infra - 2025 ri rio caete",20,"Tabela 22 – Caracterização Hospitalar – Equip de Manutenção da Vida, Equip de Diagnóstico e Infra - 2025 ri rio caete","..\..\Desktop\tabelas-powerBI\9 Rio Caeté\Tabela 22 – Caracterização Hospitalar – Equip de Manutenção da Vida, Equip de Diagnóstico e Infra - 2025 ri rio caete.xlsx",Rio Caeté,2966,0.0
Primavera,9 Rio Caeté,22,"Tabela 22 – Caracterização Hospitalar – Equip de Manutenção da Vida, Equip de Diagnóstico e Infra - 2025 ri rio caete",20,"Tabela 22 – Caracterização Hospitalar – Equip de Manutenção da Vida, Equip de Diagnóstico e Infra - 2025 ri rio caete","..\..\Desktop\tabelas-powerBI\9 Rio Caeté\Tabela 22 – Caracterização Hospitalar – Equip de Manutenção da Vida, Equip de Diagnóstico e Infra - 2025 ri rio caete.xlsx",Rio Caeté,2966,0.0
Quatipuru,9 Rio Caeté,22,"Tabela 22 – Caracterização Hospitalar – Equip de Manutenção da Vida, Equip de Diagnóstico e Infra - 2025 ri rio caete",20,"Tabela 22 – Caracterização Hospitalar – Equip de Manutenção da Vida, Equip de Diagnóstico e Infra - 2025 ri rio caete","..\..\Desktop\tabelas-powerBI\9 Rio Caeté\Tabela 22 – Caracterização Hospitalar – Equip de Manutenção da Vida, Equip de Diagnóstico e Infra - 2025 ri rio caete.xlsx",Rio Caeté,2966,0.0
Salinópolis,9 Rio Caeté,22,"Tabela 22 – Caracterização Hospitalar – Equip de Manutenção da Vida, Equip de Diagnóstico e Infra - 2025 ri rio caete",20,"Tabela 22 – Caracterização Hospitalar – Equip de Manutenção da Vida, Equip de Diagnóstico e Infra - 2025 ri rio caete","..\..\Desktop\tabelas-powerBI\9 Rio Caeté\Tabela 22 – Caracterização Hospitalar – Equip de Manutenção da Vida, Equip de Diagnóstico e Infra - 2025 ri rio caete.xlsx",Rio Caeté,2966,4.0
Santa Luzia do Pará,9 Rio Caeté,22,"Tabela 22 – Caracterização Hospitalar – Equip de Manutenção da Vida, Equip de Diagnóstico e Infra - 2025 ri rio caete",20,"Tabela 22 – Caracterização Hospitalar – Equip de Manutenção da Vida, Equip de Diagnóstico e Infra - 2025 ri rio caete","..\..\Desktop\tabelas-powerBI\9 Rio Caeté\Tabela 22 – Caracterização Hospitalar – Equip de Manutenção da Vida, Equip de Diagnóstico e Infra - 2025 ri rio caete.xlsx",Rio Caeté,2966,0.0
Santarém Novo,9 Rio Caeté,22,"Tabela 22 – Caracterização Hospitalar – Equip de Manutenção da Vida, Equip de Diagnóstico e Infra - 2025 ri rio caete",20,"Tabela 22 – Caracterização Hospitalar – Equip de Manutenção da Vida, Equip de Diagnóstico e Infra - 2025 ri rio caete","..\..\Desktop\tabelas-powerBI\9 Rio Caeté\Tabela 22 – Caracterização Hospitalar – Equip de Manutenção da Vida, Equip de Diagnóstico e Infra - 2025 ri rio caete.xlsx",Rio Caeté,2966,1.0
São João de Pirabas,9 Rio Caeté,22,"Tabela 22 – Caracterização Hospitalar – Equip de Manutenção da Vida, Equip de Diagnóstico e Infra - 2025 ri rio caete",20,"Tabela 22 – Caracterização Hospitalar – Equip de Manutenção da Vida, Equip de Diagnóstico e Infra - 2025 ri rio caete","..\..\Desktop\tabelas-powerBI\9 Rio Caeté\Tabela 22 – Caracterização Hospitalar – Equip de Manutenção da Vida, Equip de Diagnóstico e Infra - 2025 ri rio caete.xlsx",Rio Caeté,2966,0.0
Tracuateua,9 Rio Caeté,22,"Tabela 22 – Caracterização Hospitalar – Equip de Manutenção da Vida, Equip de Diagnóstico e Infra - 2025 ri rio caete",20,"Tabela 22 – Caracterização Hospitalar – Equip de Manutenção da Vida, Equip de Diagnóstico e Infra - 2025 ri rio caete","..\..\Desktop\tabelas-powerBI\9 Rio Caeté\Tabela 22 – Caracterização Hospitalar – Equip de Manutenção da Vida, Equip de Diagnóstico e Infra - 2025 ri rio caete.xlsx",Rio Caeté,2966,1.0
Viseu,9 Rio Caeté,22,"Tabela 22 – Caracterização Hospitalar – Equip de Manutenção da Vida, Equip de Diagnóstico e Infra - 2025 ri rio caete",20,"Tabela 22 – Caracterização Hospitalar – Equip de Manutenção da Vida, Equip de Diagnóstico e Infra - 2025 ri rio caete","..\..\Desktop\tabelas-powerBI\9 Rio Caeté\Tabela 22 – Caracterização Hospitalar – Equip de Manutenção da Vida, Equip de Diagnóstico e Infra - 2025 ri rio caete.xlsx",Rio Caeté,2966,2.0
Fonte: DATASUS,9 Rio Caeté,22,"Tabela 22 – Caracterização Hospitalar – Equip de Manutenção da Vida, Equip de Diagnóstico e Infra - 2025 ri rio caete",20,"Tabela 22 – Caracterização Hospitalar – Equip de Manutenção da Vida, Equip de Diagnóstico e Infra - 2025 ri rio caete","..\..\Desktop\tabelas-powerBI\9 Rio Caeté\Tabela 22 – Caracterização Hospitalar – Equip de Manutenção da Vida, Equip de Diagnóstico e Infra - 2025 ri rio caete.xlsx",Rio Caeté,2966,
Elaboração: FAPESPA,9 Rio Caeté,22,"Tabela 22 – Caracterização Hospitalar – Equip de Manutenção da Vida, Equip de Diagnóstico e Infra - 2025 ri rio caete",20,"Tabela 22 – Caracterização Hospitalar – Equip de Manutenção da Vida, Equip de Diagnóstico e Infra - 2025 ri rio caete","..\..\Desktop\tabelas-powerBI\9 Rio Caeté\Tabela 22 – Caracterização Hospitalar – Equip de Manutenção da Vida, Equip de Diagnóstico e Infra - 2025 ri rio caete.xlsx",Rio Caeté,2966,
*Nota: Dados referentes a Outubro/2025.,9 Rio Caeté,22,"Tabela 22 – Caracterização Hospitalar – Equip de Manutenção da Vida, Equip de Diagnóstico e Infra - 2025 ri rio caete",20,"Tabela 22 – Caracterização Hospitalar – Equip de Manutenção da Vida, Equip de Diagnóstico e Infra - 2025 ri rio caete","..\..\Desktop\tabelas-powerBI\9 Rio Caeté\Tabela 22 – Caracterização Hospitalar – Equip de Manutenção da Vida, Equip de Diagnóstico e Infra - 2025 ri rio caete.xlsx",Rio Caeté,2966,
RI Rio Caeté,9 Rio Caeté,22,"Tabela 22 – Caracterização Hospitalar – Equip de Manutenção da Vida, Equip de Diagnóstico e Infra - 2025 ri rio caete",20,"Tabela 22 – Caracterização Hospitalar – Equip de Manutenção da Vida, Equip de Diagnóstico e Infra - 2025 ri rio caete","..\..\Desktop\tabelas-powerBI\9 Rio Caeté\Tabela 22 – Caracterização Hospitalar – Equip de Manutenção da Vida, Equip de Diagnóstico e Infra - 2025 ri rio caete.xlsx",Rio Caeté,2860,156.0
Augusto Corrêa,9 Rio Caeté,22,"Tabela 22 – Caracterização Hospitalar – Equip de Manutenção da Vida, Equip de Diagnóstico e Infra - 2025 ri rio caete",20,"Tabela 22 – Caracterização Hospitalar – Equip de Manutenção da Vida, Equip de Diagnóstico e Infra - 2025 ri rio caete","..\..\Desktop\tabelas-powerBI\9 Rio Caeté\Tabela 22 – Caracterização Hospitalar – Equip de Manutenção da Vida, Equip de Diagnóstico e Infra - 2025 ri rio caete.xlsx",Rio Caeté,2860,0.0
Bonito,9 Rio Caeté,22,"Tabela 22 – Caracterização Hospitalar – Equip de Manutenção da Vida, Equip de Diagnóstico e Infra - 2025 ri rio caete",20,"Tabela 22 – Caracterização Hospitalar – Equip de Manutenção da Vida, Equip de Diagnóstico e Infra - 2025 ri rio caete","..\..\Desktop\tabelas-powerBI\9 Rio Caeté\Tabela 22 – Caracterização Hospitalar – Equip de Manutenção da Vida, Equip de Diagnóstico e Infra - 2025 ri rio caete.xlsx",Rio Caeté,2860,0.0
Bragança,9 Rio Caeté,22,"Tabela 22 – Caracterização Hospitalar – Equip de Manutenção da Vida, Equip de Diagnóstico e Infra - 2025 ri rio caete",20,"Tabela 22 – Caracterização Hospitalar – Equip de Manutenção da Vida, Equip de Diagnóstico e Infra - 2025 ri rio caete","..\..\Desktop\tabelas-powerBI\9 Rio Caeté\Tabela 22 – Caracterização Hospitalar – Equip de Manutenção da Vida, Equip de Diagnóstico e Infra - 2025 ri rio caete.xlsx",Rio Caeté,2860,60.0
Cachoeira do Piriá,9 Rio Caeté,22,"Tabela 22 – Caracterização Hospitalar – Equip de Manutenção da Vida, Equip de Diagnóstico e Infra - 2025 ri rio caete",20,"Tabela 22 – Caracterização Hospitalar – Equip de Manutenção da Vida, Equip de Diagnóstico e Infra - 2025 ri rio caete","..\..\Desktop\tabelas-powerBI\9 Rio Caeté\Tabela 22 – Caracterização Hospitalar – Equip de Manutenção da Vida, Equip de Diagnóstico e Infra - 2025 ri rio caete.xlsx",Rio Caeté,2860,0.0
Capanema,9 Rio Caeté,22,"Tabela 22 – Caracterização Hospitalar – Equip de Manutenção da Vida, Equip de Diagnóstico e Infra - 2025 ri rio caete",20,"Tabela 22 – Caracterização Hospitalar – Equip de Manutenção da Vida, Equip de Diagnóstico e Infra - 2025 ri rio caete","..\..\Desktop\tabelas-powerBI\9 Rio Caeté\Tabela 22 – Caracterização Hospitalar – Equip de Manutenção da Vida, Equip de Diagnóstico e Infra - 2025 ri rio caete.xlsx",Rio Caeté,2860,89.0
Nova Timboteua,9 Rio Caeté,22,"Tabela 22 – Caracterização Hospitalar – Equip de Manutenção da Vida, Equip de Diagnóstico e Infra - 2025 ri rio caete",20,"Tabela 22 – Caracterização Hospitalar – Equip de Manutenção da Vida, Equip de Diagnóstico e Infra - 2025 ri rio caete","..\..\Desktop\tabelas-powerBI\9 Rio Caeté\Tabela 22 – Caracterização Hospitalar – Equip de Manutenção da Vida, Equip de Diagnóstico e Infra - 2025 ri rio caete.xlsx",Rio Caeté,2860,0.0
Peixe-Boi,9 Rio Caeté,22,"Tabela 22 – Caracterização Hospitalar – Equip de Manutenção da Vida, Equip de Diagnóstico e Infra - 2025 ri rio caete",20,"Tabela 22 – Caracterização Hospitalar – Equip de Manutenção da Vida, Equip de Diagnóstico e Infra - 2025 ri rio caete","..\..\Desktop\tabelas-powerBI\9 Rio Caeté\Tabela 22 – Caracterização Hospitalar – Equip de Manutenção da Vida, Equip de Diagnóstico e Infra - 2025 ri rio caete.xlsx",Rio Caeté,2860,0.0
Primavera,9 Rio Caeté,22,"Tabela 22 – Caracterização Hospitalar – Equip de Manutenção da Vida, Equip de Diagnóstico e Infra - 2025 ri rio caete",20,"Tabela 22 – Caracterização Hospitalar – Equip de Manutenção da Vida, Equip de Diagnóstico e Infra - 2025 ri rio caete","..\..\Desktop\tabelas-powerBI\9 Rio Caeté\Tabela 22 – Caracterização Hospitalar – Equip de Manutenção da Vida, Equip de Diagnóstico e Infra - 2025 ri rio caete.xlsx",Rio Caeté,2860,0.0
Quatipuru,9 Rio Caeté,22,"Tabela 22 – Caracterização Hospitalar – Equip de Manutenção da Vida, Equip de Diagnóstico e Infra - 2025 ri rio caete",20,"Tabela 22 – Caracterização Hospitalar – Equip de Manutenção da Vida, Equip de Diagnóstico e Infra - 2025 ri rio caete","..\..\Desktop\tabelas-powerBI\9 Rio Caeté\Tabela 22 – Caracterização Hospitalar – Equip de Manutenção da Vida, Equip de Diagnóstico e Infra - 2025 ri rio caete.xlsx",Rio Caeté,2860,0.0
Salinópolis,9 Rio Caeté,22,"Tabela 22 – Caracterização Hospitalar – Equip de Manutenção da Vida, Equip de Diagnóstico e Infra - 2025 ri rio caete",20,"Tabela 22 – Caracterização Hospitalar – Equip de Manutenção da Vida, Equip de Diagnóstico e Infra - 2025 ri rio caete","..\..\Desktop\tabelas-powerBI\9 Rio Caeté\Tabela 22 – Caracterização Hospitalar – Equip de Manutenção da Vida, Equip de Diagnóstico e Infra - 2025 ri rio caete.xlsx",Rio Caeté,2860,4.0
Santa Luzia do Pará,9 Rio Caeté,22,"Tabela 22 – Caracterização Hospitalar – Equip de Manutenção da Vida, Equip de Diagnóstico e Infra - 2025 ri rio caete",20,"Tabela 22 – Caracterização Hospitalar – Equip de Manutenção da Vida, Equip de Diagnóstico e Infra - 2025 ri rio caete","..\..\Desktop\tabelas-powerBI\9 Rio Caeté\Tabela 22 – Caracterização Hospitalar – Equip de Manutenção da Vida, Equip de Diagnóstico e Infra - 2025 ri rio caete.xlsx",Rio Caeté,2860,0.0
Santarém Novo,9 Rio Caeté,22,"Tabela 22 – Caracterização Hospitalar – Equip de Manutenção da Vida, Equip de Diagnóstico e Infra - 2025 ri rio caete",20,"Tabela 22 – Caracterização Hospitalar – Equip de Manutenção da Vida, Equip de Diagnóstico e Infra - 2025 ri rio caete","..\..\Desktop\tabelas-powerBI\9 Rio Caeté\Tabela 22 – Caracterização Hospitalar – Equip de Manutenção da Vida, Equip de Diagnóstico e Infra - 2025 ri rio caete.xlsx",Rio Caeté,2860,1.0
São João de Pirabas,9 Rio Caeté,22,"Tabela 22 – Caracterização Hospitalar – Equip de Manutenção da Vida, Equip de Diagnóstico e Infra - 2025 ri rio caete",20,"Tabela 22 – Caracterização Hospitalar – Equip de Manutenção da Vida, Equip de Diagnóstico e Infra - 2025 ri rio caete","..\..\Desktop\tabelas-powerBI\9 Rio Caeté\Tabela 22 – Caracterização Hospitalar – Equip de Manutenção da Vida, Equip de Diagnóstico e Infra - 2025 ri rio caete.xlsx",Rio Caeté,2860,0.0
Tracuateua,9 Rio Caeté,22,"Tabela 22 – Caracterização Hospitalar – Equip de Manutenção da Vida, Equip de Diagnóstico e Infra - 2025 ri rio caete",20,"Tabela 22 – Caracterização Hospitalar – Equip de Manutenção da Vida, Equip de Diagnóstico e Infra - 2025 ri rio caete","..\..\Desktop\tabelas-powerBI\9 Rio Caeté\Tabela 22 – Caracterização Hospitalar – Equip de Manutenção da Vida, Equip de Diagnóstico e Infra - 2025 ri rio caete.xlsx",Rio Caeté,2860,0.0
Viseu,9 Rio Caeté,22,"Tabela 22 – Caracterização Hospitalar – Equip de Manutenção da Vida, Equip de Diagnóstico e Infra - 2025 ri rio caete",20,"Tabela 22 – Caracterização Hospitalar – Equip de Manutenção da Vida, Equip de Diagnóstico e Infra - 2025 ri rio caete","..\..\Desktop\tabelas-powerBI\9 Rio Caeté\Tabela 22 – Caracterização Hospitalar – Equip de Manutenção da Vida, Equip de Diagnóstico e Infra - 2025 ri rio caete.xlsx",Rio Caeté,2860,2.0
Fonte: DATASUS,9 Rio Caeté,22,"Tabela 22 – Caracterização Hospitalar – Equip de Manutenção da Vida, Equip de Diagnóstico e Infra - 2025 ri rio caete",20,"Tabela 22 – Caracterização Hospitalar – Equip de Manutenção da Vida, Equip de Diagnóstico e Infra - 2025 ri rio caete","..\..\Desktop\tabelas-powerBI\9 Rio Caeté\Tabela 22 – Caracterização Hospitalar – Equip de Manutenção da Vida, Equip de Diagnóstico e Infra - 2025 ri rio caete.xlsx",Rio Caeté,2860,
Elaboração: FAPESPA,9 Rio Caeté,22,"Tabela 22 – Caracterização Hospitalar – Equip de Manutenção da Vida, Equip de Diagnóstico e Infra - 2025 ri rio caete",20,"Tabela 22 – Caracterização Hospitalar – Equip de Manutenção da Vida, Equip de Diagnóstico e Infra - 2025 ri rio caete","..\..\Desktop\tabelas-powerBI\9 Rio Caeté\Tabela 22 – Caracterização Hospitalar – Equip de Manutenção da Vida, Equip de Diagnóstico e Infra - 2025 ri rio caete.xlsx",Rio Caeté,2860,
*Nota: Dados referentes a Outubro/2025.,9 Rio Caeté,22,"Tabela 22 – Caracterização Hospitalar – Equip de Manutenção da Vida, Equip de Diagnóstico e Infra - 2025 ri rio caete",20,"Tabela 22 – Caracterização Hospitalar – Equip de Manutenção da Vida, Equip de Diagnóstico e Infra - 2025 ri rio caete","..\..\Desktop\tabelas-powerBI\9 Rio Caeté\Tabela 22 – Caracterização Hospitalar – Equip de Manutenção da Vida, Equip de Diagnóstico e Infra - 2025 ri rio caete.xlsx",Rio Caeté,2860,
RI Rio Caeté,9 Rio Caeté,22,"Tabela 22 – Caracterização Hospitalar – Equip de Manutenção da Vida, Equip de Diagnóstico e Infra - 2025 ri rio caete",20,"Tabela 22 – Caracterização Hospitalar – Equip de Manutenção da Vida, Equip de Diagnóstico e Infra - 2025 ri rio caete","..\..\Desktop\tabelas-powerBI\9 Rio Caeté\Tabela 22 – Caracterização Hospitalar – Equip de Manutenção da Vida, Equip de Diagnóstico e Infra - 2025 ri rio caete.xlsx",Rio Caeté,2827,130.0
Augusto Corrêa,9 Rio Caeté,22,"Tabela 22 – Caracterização Hospitalar – Equip de Manutenção da Vida, Equip de Diagnóstico e Infra - 2025 ri rio caete",20,"Tabela 22 – Caracterização Hospitalar – Equip de Manutenção da Vida, Equip de Diagnóstico e Infra - 2025 ri rio caete","..\..\Desktop\tabelas-powerBI\9 Rio Caeté\Tabela 22 – Caracterização Hospitalar – Equip de Manutenção da Vida, Equip de Diagnóstico e Infra - 2025 ri rio caete.xlsx",Rio Caeté,2827,0.0
Bonito,9 Rio Caeté,22,"Tabela 22 – Caracterização Hospitalar – Equip de Manutenção da Vida, Equip de Diagnóstico e Infra - 2025 ri rio caete",20,"Tabela 22 – Caracterização Hospitalar – Equip de Manutenção da Vida, Equip de Diagnóstico e Infra - 2025 ri rio caete","..\..\Desktop\tabelas-powerBI\9 Rio Caeté\Tabela 22 – Caracterização Hospitalar – Equip de Manutenção da Vida, Equip de Diagnóstico e Infra - 2025 ri rio caete.xlsx",Rio Caeté,2827,1.0
Bragança,9 Rio Caeté,22,"Tabela 22 – Caracterização Hospitalar – Equip de Manutenção da Vida, Equip de Diagnóstico e Infra - 2025 ri rio caete",20,"Tabela 22 – Caracterização Hospitalar – Equip de Manutenção da Vida, Equip de Diagnóstico e Infra - 2025 ri rio caete","..\..\Desktop\tabelas-powerBI\9 Rio Caeté\Tabela 22 – Caracterização Hospitalar – Equip de Manutenção da Vida, Equip de Diagnóstico e Infra - 2025 ri rio caete.xlsx",Rio Caeté,2827,51.0
Cachoeira do Piriá,9 Rio Caeté,22,"Tabela 22 – Caracterização Hospitalar – Equip de Manutenção da Vida, Equip de Diagnóstico e Infra - 2025 ri rio caete",20,"Tabela 22 – Caracterização Hospitalar – Equip de Manutenção da Vida, Equip de Diagnóstico e Infra - 2025 ri rio caete","..\..\Desktop\tabelas-powerBI\9 Rio Caeté\Tabela 22 – Caracterização Hospitalar – Equip de Manutenção da Vida, Equip de Diagnóstico e Infra - 2025 ri rio caete.xlsx",Rio Caeté,2827,0.0
Capanema,9 Rio Caeté,22,"Tabela 22 – Caracterização Hospitalar – Equip de Manutenção da Vida, Equip de Diagnóstico e Infra - 2025 ri rio caete",20,"Tabela 22 – Caracterização Hospitalar – Equip de Manutenção da Vida, Equip de Diagnóstico e Infra - 2025 ri rio caete","..\..\Desktop\tabelas-powerBI\9 Rio Caeté\Tabela 22 – Caracterização Hospitalar – Equip de Manutenção da Vida, Equip de Diagnóstico e Infra - 2025 ri rio caete.xlsx",Rio Caeté,2827,64.0
Nova Timboteua,9 Rio Caeté,22,"Tabela 22 – Caracterização Hospitalar – Equip de Manutenção da Vida, Equip de Diagnóstico e Infra - 2025 ri rio caete",20,"Tabela 22 – Caracterização Hospitalar – Equip de Manutenção da Vida, Equip de Diagnóstico e Infra - 2025 ri rio caete","..\..\Desktop\tabelas-powerBI\9 Rio Caeté\Tabela 22 – Caracterização Hospitalar – Equip de Manutenção da Vida, Equip de Diagnóstico e Infra - 2025 ri rio caete.xlsx",Rio Caeté,2827,0.0
Peixe-Boi,9 Rio Caeté,22,"Tabela 22 – Caracterização Hospitalar – Equip de Manutenção da Vida, Equip de Diagnóstico e Infra - 2025 ri rio caete",20,"Tabela 22 – Caracterização Hospitalar – Equip de Manutenção da Vida, Equip de Diagnóstico e Infra - 2025 ri rio caete","..\..\Desktop\tabelas-powerBI\9 Rio Caeté\Tabela 22 – Caracterização Hospitalar – Equip de Manutenção da Vida, Equip de Diagnóstico e Infra - 2025 ri rio caete.xlsx",Rio Caeté,2827,0.0
Primavera,9 Rio Caeté,22,"Tabela 22 – Caracterização Hospitalar – Equip de Manutenção da Vida, Equip de Diagnóstico e Infra - 2025 ri rio caete",20,"Tabela 22 – Caracterização Hospitalar – Equip de Manutenção da Vida, Equip de Diagnóstico e Infra - 2025 ri rio caete","..\..\Desktop\tabelas-powerBI\9 Rio Caeté\Tabela 22 – Caracterização Hospitalar – Equip de Manutenção da Vida, Equip de Diagnóstico e Infra - 2025 ri rio caete.xlsx",Rio Caeté,2827,1.0
Quatipuru,9 Rio Caeté,22,"Tabela 22 – Caracterização Hospitalar – Equip de Manutenção da Vida, Equip de Diagnóstico e Infra - 2025 ri rio caete",20,"Tabela 22 – Caracterização Hospitalar – Equip de Manutenção da Vida, Equip de Diagnóstico e Infra - 2025 ri rio caete","..\..\Desktop\tabelas-powerBI\9 Rio Caeté\Tabela 22 – Caracterização Hospitalar – Equip de Manutenção da Vida, Equip de Diagnóstico e Infra - 2025 ri rio caete.xlsx",Rio Caeté,2827,0.0
Salinópolis,9 Rio Caeté,22,"Tabela 22 – Caracterização Hospitalar – Equip de Manutenção da Vida, Equip de Diagnóstico e Infra - 2025 ri rio caete",20,"Tabela 22 – Caracterização Hospitalar – Equip de Manutenção da Vida, Equip de Diagnóstico e Infra - 2025 ri rio caete","..\..\Desktop\tabelas-powerBI\9 Rio Caeté\Tabela 22 – Caracterização Hospitalar – Equip de Manutenção da Vida, Equip de Diagnóstico e Infra - 2025 ri rio caete.xlsx",Rio Caeté,2827,7.0
Santa Luzia do Pará,9 Rio Caeté,22,"Tabela 22 – Caracterização Hospitalar – Equip de Manutenção da Vida, Equip de Diagnóstico e Infra - 2025 ri rio caete",20,"Tabela 22 – Caracterização Hospitalar – Equip de Manutenção da Vida, Equip de Diagnóstico e Infra - 2025 ri rio caete","..\..\Desktop\tabelas-powerBI\9 Rio Caeté\Tabela 22 – Caracterização Hospitalar – Equip de Manutenção da Vida, Equip de Diagnóstico e Infra - 2025 ri rio caete.xlsx",Rio Caeté,2827,1.0
Santarém Novo,9 Rio Caeté,22,"Tabela 22 – Caracterização Hospitalar – Equip de Manutenção da Vida, Equip de Diagnóstico e Infra - 2025 ri rio caete",20,"Tabela 22 – Caracterização Hospitalar – Equip de Manutenção da Vida, Equip de Diagnóstico e Infra - 2025 ri rio caete","..\..\Desktop\tabelas-powerBI\9 Rio Caeté\Tabela 22 – Caracterização Hospitalar – Equip de Manutenção da Vida, Equip de Diagnóstico e Infra - 2025 ri rio caete.xlsx",Rio Caeté,2827,0.0
São João de Pirabas,9 Rio Caeté,22,"Tabela 22 – Caracterização Hospitalar – Equip de Manutenção da Vida, Equip de Diagnóstico e Infra - 2025 ri rio caete",20,"Tabela 22 – Caracterização Hospitalar – Equip de Manutenção da Vida, Equip de Diagnóstico e Infra - 2025 ri rio caete","..\..\Desktop\tabelas-powerBI\9 Rio Caeté\Tabela 22 – Caracterização Hospitalar – Equip de Manutenção da Vida, Equip de Diagnóstico e Infra - 2025 ri rio caete.xlsx",Rio Caeté,2827,1.0
Tracuateua,9 Rio Caeté,22,"Tabela 22 – Caracterização Hospitalar – Equip de Manutenção da Vida, Equip de Diagnóstico e Infra - 2025 ri rio caete",20,"Tabela 22 – Caracterização Hospitalar – Equip de Manutenção da Vida, Equip de Diagnóstico e Infra - 2025 ri rio caete","..\..\Desktop\tabelas-powerBI\9 Rio Caeté\Tabela 22 – Caracterização Hospitalar – Equip de Manutenção da Vida, Equip de Diagnóstico e Infra - 2025 ri rio caete.xlsx",Rio Caeté,2827,1.0
Viseu,9 Rio Caeté,22,"Tabela 22 – Caracterização Hospitalar – Equip de Manutenção da Vida, Equip de Diagnóstico e Infra - 2025 ri rio caete",20,"Tabela 22 – Caracterização Hospitalar – Equip de Manutenção da Vida, Equip de Diagnóstico e Infra - 2025 ri rio caete","..\..\Desktop\tabelas-powerBI\9 Rio Caeté\Tabela 22 – Caracterização Hospitalar – Equip de Manutenção da Vida, Equip de Diagnóstico e Infra - 2025 ri rio caete.xlsx",Rio Caeté,2827,3.0
Fonte: DATASUS,9 Rio Caeté,22,"Tabela 22 – Caracterização Hospitalar – Equip de Manutenção da Vida, Equip de Diagnóstico e Infra - 2025 ri rio caete",20,"Tabela 22 – Caracterização Hospitalar – Equip de Manutenção da Vida, Equip de Diagnóstico e Infra - 2025 ri rio caete","..\..\Desktop\tabelas-powerBI\9 Rio Caeté\Tabela 22 – Caracterização Hospitalar – Equip de Manutenção da Vida, Equip de Diagnóstico e Infra - 2025 ri rio caete.xlsx",Rio Caeté,2827,
Elaboração: FAPESPA,9 Rio Caeté,22,"Tabela 22 – Caracterização Hospitalar – Equip de Manutenção da Vida, Equip de Diagnóstico e Infra - 2025 ri rio caete",20,"Tabela 22 – Caracterização Hospitalar – Equip de Manutenção da Vida, Equip de Diagnóstico e Infra - 2025 ri rio caete","..\..\Desktop\tabelas-powerBI\9 Rio Caeté\Tabela 22 – Caracterização Hospitalar – Equip de Manutenção da Vida, Equip de Diagnóstico e Infra - 2025 ri rio caete.xlsx",Rio Caeté,2827,
*Nota: Dados referentes a Outubro/2025.,9 Rio Caeté,22,"Tabela 22 – Caracterização Hospitalar – Equip de Manutenção da Vida, Equip de Diagnóstico e Infra - 2025 ri rio caete",20,"Tabela 22 – Caracterização Hospitalar – Equip de Manutenção da Vida, Equip de Diagnóstico e Infra - 2025 ri rio caete","..\..\Desktop\tabelas-powerBI\9 Rio Caeté\Tabela 22 – Caracterização Hospitalar – Equip de Manutenção da Vida, Equip de Diagnóstico e Infra - 2025 ri rio caete.xlsx",Rio Caeté,2827,
RI Rio Caeté,9 Rio Caeté,22,"Tabela 22 – Caracterização Hospitalar – Equip de Manutenção da Vida, Equip de Diagnóstico e Infra - 2025 ri rio caete",20,"Tabela 22 – Caracterização Hospitalar – Equip de Manutenção da Vida, Equip de Diagnóstico e Infra - 2025 ri rio caete","..\..\Desktop\tabelas-powerBI\9 Rio Caeté\Tabela 22 – Caracterização Hospitalar – Equip de Manutenção da Vida, Equip de Diagnóstico e Infra - 2025 ri rio caete.xlsx",Rio Caeté,2630,128.0
Augusto Corrêa,9 Rio Caeté,22,"Tabela 22 – Caracterização Hospitalar – Equip de Manutenção da Vida, Equip de Diagnóstico e Infra - 2025 ri rio caete",20,"Tabela 22 – Caracterização Hospitalar – Equip de Manutenção da Vida, Equip de Diagnóstico e Infra - 2025 ri rio caete","..\..\Desktop\tabelas-powerBI\9 Rio Caeté\Tabela 22 – Caracterização Hospitalar – Equip de Manutenção da Vida, Equip de Diagnóstico e Infra - 2025 ri rio caete.xlsx",Rio Caeté,2630,0.0
Bonito,9 Rio Caeté,22,"Tabela 22 – Caracterização Hospitalar – Equip de Manutenção da Vida, Equip de Diagnóstico e Infra - 2025 ri rio caete",20,"Tabela 22 – Caracterização Hospitalar – Equip de Manutenção da Vida, Equip de Diagnóstico e Infra - 2025 ri rio caete","..\..\Desktop\tabelas-powerBI\9 Rio Caeté\Tabela 22 – Caracterização Hospitalar – Equip de Manutenção da Vida, Equip de Diagnóstico e Infra - 2025 ri rio caete.xlsx",Rio Caeté,2630,1.0
Bragança,9 Rio Caeté,22,"Tabela 22 – Caracterização Hospitalar – Equip de Manutenção da Vida, Equip de Diagnóstico e Infra - 2025 ri rio caete",20,"Tabela 22 – Caracterização Hospitalar – Equip de Manutenção da Vida, Equip de Diagnóstico e Infra - 2025 ri rio caete","..\..\Desktop\tabelas-powerBI\9 Rio Caeté\Tabela 22 – Caracterização Hospitalar – Equip de Manutenção da Vida, Equip de Diagnóstico e Infra - 2025 ri rio caete.xlsx",Rio Caeté,2630,51.0
Cachoeira do Piriá,9 Rio Caeté,22,"Tabela 22 – Caracterização Hospitalar – Equip de Manutenção da Vida, Equip de Diagnóstico e Infra - 2025 ri rio caete",20,"Tabela 22 – Caracterização Hospitalar – Equip de Manutenção da Vida, Equip de Diagnóstico e Infra - 2025 ri rio caete","..\..\Desktop\tabelas-powerBI\9 Rio Caeté\Tabela 22 – Caracterização Hospitalar – Equip de Manutenção da Vida, Equip de Diagnóstico e Infra - 2025 ri rio caete.xlsx",Rio Caeté,2630,0.0
Capanema,9 Rio Caeté,22,"Tabela 22 – Caracterização Hospitalar – Equip de Manutenção da Vida, Equip de Diagnóstico e Infra - 2025 ri rio caete",20,"Tabela 22 – Caracterização Hospitalar – Equip de Manutenção da Vida, Equip de Diagnóstico e Infra - 2025 ri rio caete","..\..\Desktop\tabelas-powerBI\9 Rio Caeté\Tabela 22 – Caracterização Hospitalar – Equip de Manutenção da Vida, Equip de Diagnóstico e Infra - 2025 ri rio caete.xlsx",Rio Caeté,2630,62.0
Nova Timboteua,9 Rio Caeté,22,"Tabela 22 – Caracterização Hospitalar – Equip de Manutenção da Vida, Equip de Diagnóstico e Infra - 2025 ri rio caete",20,"Tabela 22 – Caracterização Hospitalar – Equip de Manutenção da Vida, Equip de Diagnóstico e Infra - 2025 ri rio caete","..\..\Desktop\tabelas-powerBI\9 Rio Caeté\Tabela 22 – Caracterização Hospitalar – Equip de Manutenção da Vida, Equip de Diagnóstico e Infra - 2025 ri rio caete.xlsx",Rio Caeté,2630,0.0
Peixe-Boi,9 Rio Caeté,22,"Tabela 22 – Caracterização Hospitalar – Equip de Manutenção da Vida, Equip de Diagnóstico e Infra - 2025 ri rio caete",20,"Tabela 22 – Caracterização Hospitalar – Equip de Manutenção da Vida, Equip de Diagnóstico e Infra - 2025 ri rio caete","..\..\Desktop\tabelas-powerBI\9 Rio Caeté\Tabela 22 – Caracterização Hospitalar – Equip de Manutenção da Vida, Equip de Diagnóstico e Infra - 2025 ri rio caete.xlsx",Rio Caeté,2630,0.0
Primavera,9 Rio Caeté,22,"Tabela 22 – Caracterização Hospitalar – Equip de Manutenção da Vida, Equip de Diagnóstico e Infra - 2025 ri rio caete",20,"Tabela 22 – Caracterização Hospitalar – Equip de Manutenção da Vida, Equip de Diagnóstico e Infra - 2025 ri rio caete","..\..\Desktop\tabelas-powerBI\9 Rio Caeté\Tabela 22 – Caracterização Hospitalar – Equip de Manutenção da Vida, Equip de Diagnóstico e Infra - 2025 ri rio caete.xlsx",Rio Caeté,2630,1.0
Quatipuru,9 Rio Caeté,22,"Tabela 22 – Caracterização Hospitalar – Equip de Manutenção da Vida, Equip de Diagnóstico e Infra - 2025 ri rio caete",20,"Tabela 22 – Caracterização Hospitalar – Equip de Manutenção da Vida, Equip de Diagnóstico e Infra - 2025 ri rio caete","..\..\Desktop\tabelas-powerBI\9 Rio Caeté\Tabela 22 – Caracterização Hospitalar – Equip de Manutenção da Vida, Equip de Diagnóstico e Infra - 2025 ri rio caete.xlsx",Rio Caeté,2630,0.0
Salinópolis,9 Rio Caeté,22,"Tabela 22 – Caracterização Hospitalar – Equip de Manutenção da Vida, Equip de Diagnóstico e Infra - 2025 ri rio caete",20,"Tabela 22 – Caracterização Hospitalar – Equip de Manutenção da Vida, Equip de Diagnóstico e Infra - 2025 ri rio caete","..\..\Desktop\tabelas-powerBI\9 Rio Caeté\Tabela 22 – Caracterização Hospitalar – Equip de Manutenção da Vida, Equip de Diagnóstico e Infra - 2025 ri rio caete.xlsx",Rio Caeté,2630,7.0
Santa Luzia do Pará,9 Rio Caeté,22,"Tabela 22 – Caracterização Hospitalar – Equip de Manutenção da Vida, Equip de Diagnóstico e Infra - 2025 ri rio caete",20,"Tabela 22 – Caracterização Hospitalar – Equip de Manutenção da Vida, Equip de Diagnóstico e Infra - 2025 ri rio caete","..\..\Desktop\tabelas-powerBI\9 Rio Caeté\Tabela 22 – Caracterização Hospitalar – Equip de Manutenção da Vida, Equip de Diagnóstico e Infra - 2025 ri rio caete.xlsx",Rio Caeté,2630,1.0
Santarém Novo,9 Rio Caeté,22,"Tabela 22 – Caracterização Hospitalar – Equip de Manutenção da Vida, Equip de Diagnóstico e Infra - 2025 ri rio caete",20,"Tabela 22 – Caracterização Hospitalar – Equip de Manutenção da Vida, Equip de Diagnóstico e Infra - 2025 ri rio caete","..\..\Desktop\tabelas-powerBI\9 Rio Caeté\Tabela 22 – Caracterização Hospitalar – Equip de Manutenção da Vida, Equip de Diagnóstico e Infra - 2025 ri rio caete.xlsx",Rio Caeté,2630,0.0
São João de Pirabas,9 Rio Caeté,22,"Tabela 22 – Caracterização Hospitalar – Equip de Manutenção da Vida, Equip de Diagnóstico e Infra - 2025 ri rio caete",20,"Tabela 22 – Caracterização Hospitalar – Equip de Manutenção da Vida, Equip de Diagnóstico e Infra - 2025 ri rio caete","..\..\Desktop\tabelas-powerBI\9 Rio Caeté\Tabela 22 – Caracterização Hospitalar – Equip de Manutenção da Vida, Equip de Diagnóstico e Infra - 2025 ri rio caete.xlsx",Rio Caeté,2630,1.0
Tracuateua,9 Rio Caeté,22,"Tabela 22 – Caracterização Hospitalar – Equip de Manutenção da Vida, Equip de Diagnóstico e Infra - 2025 ri rio caete",20,"Tabela 22 – Caracterização Hospitalar – Equip de Manutenção da Vida, Equip de Diagnóstico e Infra - 2025 ri rio caete","..\..\Desktop\tabelas-powerBI\9 Rio Caeté\Tabela 22 – Caracterização Hospitalar – Equip de Manutenção da Vida, Equip de Diagnóstico e Infra - 2025 ri rio caete.xlsx",Rio Caeté,2630,1.0
Viseu,9 Rio Caeté,22,"Tabela 22 – Caracterização Hospitalar – Equip de Manutenção da Vida, Equip de Diagnóstico e Infra - 2025 ri rio caete",20,"Tabela 22 – Caracterização Hospitalar – Equip de Manutenção da Vida, Equip de Diagnóstico e Infra - 2025 ri rio caete","..\..\Desktop\tabelas-powerBI\9 Rio Caeté\Tabela 22 – Caracterização Hospitalar – Equip de Manutenção da Vida, Equip de Diagnóstico e Infra - 2025 ri rio caete.xlsx",Rio Caeté,2630,3.0
Fonte: DATASUS,9 Rio Caeté,22,"Tabela 22 – Caracterização Hospitalar – Equip de Manutenção da Vida, Equip de Diagnóstico e Infra - 2025 ri rio caete",20,"Tabela 22 – Caracterização Hospitalar – Equip de Manutenção da Vida, Equip de Diagnóstico e Infra - 2025 ri rio caete","..\..\Desktop\tabelas-powerBI\9 Rio Caeté\Tabela 22 – Caracterização Hospitalar – Equip de Manutenção da Vida, Equip de Diagnóstico e Infra - 2025 ri rio caete.xlsx",Rio Caeté,2630,
Elaboração: FAPESPA,9 Rio Caeté,22,"Tabela 22 – Caracterização Hospitalar – Equip de Manutenção da Vida, Equip de Diagnóstico e Infra - 2025 ri rio caete",20,"Tabela 22 – Caracterização Hospitalar – Equip de Manutenção da Vida, Equip de Diagnóstico e Infra - 2025 ri rio caete","..\..\Desktop\tabelas-powerBI\9 Rio Caeté\Tabela 22 – Caracterização Hospitalar – Equip de Manutenção da Vida, Equip de Diagnóstico e Infra - 2025 ri rio caete.xlsx",Rio Caeté,2630,
*Nota: Dados referentes a Outubro/2025.,9 Rio Caeté,22,"Tabela 22 – Caracterização Hospitalar – Equip de Manutenção da Vida, Equip de Diagnóstico e Infra - 2025 ri rio caete",20,"Tabela 22 – Caracterização Hospitalar – Equip de Manutenção da Vida, Equip de Diagnóstico e Infra - 2025 ri rio caete","..\..\Desktop\tabelas-powerBI\9 Rio Caeté\Tabela 22 – Caracterização Hospitalar – Equip de Manutenção da Vida, Equip de Diagnóstico e Infra - 2025 ri rio caete.xlsx",Rio Caeté,2630,
RI Rio Caeté,9 Rio Caeté,22,"Tabela 22 – Caracterização Hospitalar – Equip de Manutenção da Vida, Equip de Diagnóstico e Infra - 2025 ri rio caete",20,"Tabela 22 – Caracterização Hospitalar – Equip de Manutenção da Vida, Equip de Diagnóstico e Infra - 2025 ri rio caete","..\..\Desktop\tabelas-powerBI\9 Rio Caeté\Tabela 22 – Caracterização Hospitalar – Equip de Manutenção da Vida, Equip de Diagnóstico e Infra - 2025 ri rio caete.xlsx",Rio Caeté,138,9.0
Augusto Corrêa,9 Rio Caeté,22,"Tabela 22 – Caracterização Hospitalar – Equip de Manutenção da Vida, Equip de Diagnóstico e Infra - 2025 ri rio caete",20,"Tabela 22 – Caracterização Hospitalar – Equip de Manutenção da Vida, Equip de Diagnóstico e Infra - 2025 ri rio caete","..\..\Desktop\tabelas-powerBI\9 Rio Caeté\Tabela 22 – Caracterização Hospitalar – Equip de Manutenção da Vida, Equip de Diagnóstico e Infra - 2025 ri rio caete.xlsx",Rio Caeté,138,0.0
Bonito,9 Rio Caeté,22,"Tabela 22 – Caracterização Hospitalar – Equip de Manutenção da Vida, Equip de Diagnóstico e Infra - 2025 ri rio caete",20,"Tabela 22 – Caracterização Hospitalar – Equip de Manutenção da Vida, Equip de Diagnóstico e Infra - 2025 ri rio caete","..\..\Desktop\tabelas-powerBI\9 Rio Caeté\Tabela 22 – Caracterização Hospitalar – Equip de Manutenção da Vida, Equip de Diagnóstico e Infra - 2025 ri rio caete.xlsx",Rio Caeté,138,0.0
Bragança,9 Rio Caeté,22,"Tabela 22 – Caracterização Hospitalar – Equip de Manutenção da Vida, Equip de Diagnóstico e Infra - 2025 ri rio caete",20,"Tabela 22 – Caracterização Hospitalar – Equip de Manutenção da Vida, Equip de Diagnóstico e Infra - 2025 ri rio caete","..\..\Desktop\tabelas-powerBI\9 Rio Caeté\Tabela 22 – Caracterização Hospitalar – Equip de Manutenção da Vida, Equip de Diagnóstico e Infra - 2025 ri rio caete.xlsx",Rio Caeté,138,2.0
Cachoeira do Piriá,9 Rio Caeté,22,"Tabela 22 – Caracterização Hospitalar – Equip de Manutenção da Vida, Equip de Diagnóstico e Infra - 2025 ri rio caete",20,"Tabela 22 – Caracterização Hospitalar – Equip de Manutenção da Vida, Equip de Diagnóstico e Infra - 2025 ri rio caete","..\..\Desktop\tabelas-powerBI\9 Rio Caeté\Tabela 22 – Caracterização Hospitalar – Equip de Manutenção da Vida, Equip de Diagnóstico e Infra - 2025 ri rio caete.xlsx",Rio Caeté,138,0.0
Capanema,9 Rio Caeté,22,"Tabela 22 – Caracterização Hospitalar – Equip de Manutenção da Vida, Equip de Diagnóstico e Infra - 2025 ri rio caete",20,"Tabela 22 – Caracterização Hospitalar – Equip de Manutenção da Vida, Equip de Diagnóstico e Infra - 2025 ri rio caete","..\..\Desktop\tabelas-powerBI\9 Rio Caeté\Tabela 22 – Caracterização Hospitalar – Equip de Manutenção da Vida, Equip de Diagnóstico e Infra - 2025 ri rio caete.xlsx",Rio Caeté,138,7.0
Nova Timboteua,9 Rio Caeté,22,"Tabela 22 – Caracterização Hospitalar – Equip de Manutenção da Vida, Equip de Diagnóstico e Infra - 2025 ri rio caete",20,"Tabela 22 – Caracterização Hospitalar – Equip de Manutenção da Vida, Equip de Diagnóstico e Infra - 2025 ri rio caete","..\..\Desktop\tabelas-powerBI\9 Rio Caeté\Tabela 22 – Caracterização Hospitalar – Equip de Manutenção da Vida, Equip de Diagnóstico e Infra - 2025 ri rio caete.xlsx",Rio Caeté,138,0.0
Peixe-Boi,9 Rio Caeté,22,"Tabela 22 – Caracterização Hospitalar – Equip de Manutenção da Vida, Equip de Diagnóstico e Infra - 2025 ri rio caete",20,"Tabela 22 – Caracterização Hospitalar – Equip de Manutenção da Vida, Equip de Diagnóstico e Infra - 2025 ri rio caete","..\..\Desktop\tabelas-powerBI\9 Rio Caeté\Tabela 22 – Caracterização Hospitalar – Equip de Manutenção da Vida, Equip de Diagnóstico e Infra - 2025 ri rio caete.xlsx",Rio Caeté,138,0.0
Primavera,9 Rio Caeté,22,"Tabela 22 – Caracterização Hospitalar – Equip de Manutenção da Vida, Equip de Diagnóstico e Infra - 2025 ri rio caete",20,"Tabela 22 – Caracterização Hospitalar – Equip de Manutenção da Vida, Equip de Diagnóstico e Infra - 2025 ri rio caete","..\..\Desktop\tabelas-powerBI\9 Rio Caeté\Tabela 22 – Caracterização Hospitalar – Equip de Manutenção da Vida, Equip de Diagnóstico e Infra - 2025 ri rio caete.xlsx",Rio Caeté,138,0.0
Quatipuru,9 Rio Caeté,22,"Tabela 22 – Caracterização Hospitalar – Equip de Manutenção da Vida, Equip de Diagnóstico e Infra - 2025 ri rio caete",20,"Tabela 22 – Caracterização Hospitalar – Equip de Manutenção da Vida, Equip de Diagnóstico e Infra - 2025 ri rio caete","..\..\Desktop\tabelas-powerBI\9 Rio Caeté\Tabela 22 – Caracterização Hospitalar – Equip de Manutenção da Vida, Equip de Diagnóstico e Infra - 2025 ri rio caete.xlsx",Rio Caeté,138,0.0
Salinópolis,9 Rio Caeté,22,"Tabela 22 – Caracterização Hospitalar – Equip de Manutenção da Vida, Equip de Diagnóstico e Infra - 2025 ri rio caete",20,"Tabela 22 – Caracterização Hospitalar – Equip de Manutenção da Vida, Equip de Diagnóstico e Infra - 2025 ri rio caete","..\..\Desktop\tabelas-powerBI\9 Rio Caeté\Tabela 22 – Caracterização Hospitalar – Equip de Manutenção da Vida, Equip de Diagnóstico e Infra - 2025 ri rio caete.xlsx",Rio Caeté,138,0.0
Santa Luzia do Pará,9 Rio Caeté,22,"Tabela 22 – Caracterização Hospitalar – Equip de Manutenção da Vida, Equip de Diagnóstico e Infra - 2025 ri rio caete",20,"Tabela 22 – Caracterização Hospitalar – Equip de Manutenção da Vida, Equip de Diagnóstico e Infra - 2025 ri rio caete","..\..\Desktop\tabelas-powerBI\9 Rio Caeté\Tabela 22 – Caracterização Hospitalar – Equip de Manutenção da Vida, Equip de Diagnóstico e Infra - 2025 ri rio caete.xlsx",Rio Caeté,138,0.0
Santarém Novo,9 Rio Caeté,22,"Tabela 22 – Caracterização Hospitalar – Equip de Manutenção da Vida, Equip de Diagnóstico e Infra - 2025 ri rio caete",20,"Tabela 22 – Caracterização Hospitalar – Equip de Manutenção da Vida, Equip de Diagnóstico e Infra - 2025 ri rio caete","..\..\Desktop\tabelas-powerBI\9 Rio Caeté\Tabela 22 – Caracterização Hospitalar – Equip de Manutenção da Vida, Equip de Diagnóstico e Infra - 2025 ri rio caete.xlsx",Rio Caeté,138,0.0
São João de Pirabas,9 Rio Caeté,22,"Tabela 22 – Caracterização Hospitalar – Equip de Manutenção da Vida, Equip de Diagnóstico e Infra - 2025 ri rio caete",20,"Tabela 22 – Caracterização Hospitalar – Equip de Manutenção da Vida, Equip de Diagnóstico e Infra - 2025 ri rio caete","..\..\Desktop\tabelas-powerBI\9 Rio Caeté\Tabela 22 – Caracterização Hospitalar – Equip de Manutenção da Vida, Equip de Diagnóstico e Infra - 2025 ri rio caete.xlsx",Rio Caeté,138,0.0
Tracuateua,9 Rio Caeté,22,"Tabela 22 – Caracterização Hospitalar – Equip de Manutenção da Vida, Equip de Diagnóstico e Infra - 2025 ri rio caete",20,"Tabela 22 – Caracterização Hospitalar – Equip de Manutenção da Vida, Equip de Diagnóstico e Infra - 2025 ri rio caete","..\..\Desktop\tabelas-powerBI\9 Rio Caeté\Tabela 22 – Caracterização Hospitalar – Equip de Manutenção da Vida, Equip de Diagnóstico e Infra - 2025 ri rio caete.xlsx",Rio Caeté,138,0.0
Viseu,9 Rio Caeté,22,"Tabela 22 – Caracterização Hospitalar – Equip de Manutenção da Vida, Equip de Diagnóstico e Infra - 2025 ri rio caete",20,"Tabela 22 – Caracterização Hospitalar – Equip de Manutenção da Vida, Equip de Diagnóstico e Infra - 2025 ri rio caete","..\..\Desktop\tabelas-powerBI\9 Rio Caeté\Tabela 22 – Caracterização Hospitalar – Equip de Manutenção da Vida, Equip de Diagnóstico e Infra - 2025 ri rio caete.xlsx",Rio Caeté,138,0.0
Fonte: DATASUS,9 Rio Caeté,22,"Tabela 22 – Caracterização Hospitalar – Equip de Manutenção da Vida, Equip de Diagnóstico e Infra - 2025 ri rio caete",20,"Tabela 22 – Caracterização Hospitalar – Equip de Manutenção da Vida, Equip de Diagnóstico e Infra - 2025 ri rio caete","..\..\Desktop\tabelas-powerBI\9 Rio Caeté\Tabela 22 – Caracterização Hospitalar – Equip de Manutenção da Vida, Equip de Diagnóstico e Infra - 2025 ri rio caete.xlsx",Rio Caeté,138,
Elaboração: FAPESPA,9 Rio Caeté,22,"Tabela 22 – Caracterização Hospitalar – Equip de Manutenção da Vida, Equip de Diagnóstico e Infra - 2025 ri rio caete",20,"Tabela 22 – Caracterização Hospitalar – Equip de Manutenção da Vida, Equip de Diagnóstico e Infra - 2025 ri rio caete","..\..\Desktop\tabelas-powerBI\9 Rio Caeté\Tabela 22 – Caracterização Hospitalar – Equip de Manutenção da Vida, Equip de Diagnóstico e Infra - 2025 ri rio caete.xlsx",Rio Caeté,138,
*Nota: Dados referentes a Outubro/2025.,9 Rio Caeté,22,"Tabela 22 – Caracterização Hospitalar – Equip de Manutenção da Vida, Equip de Diagnóstico e Infra - 2025 ri rio caete",20,"Tabela 22 – Caracterização Hospitalar – Equip de Manutenção da Vida, Equip de Diagnóstico e Infra - 2025 ri rio caete","..\..\Desktop\tabelas-powerBI\9 Rio Caeté\Tabela 22 – Caracterização Hospitalar – Equip de Manutenção da Vida, Equip de Diagnóstico e Infra - 2025 ri rio caete.xlsx",Rio Caeté,138,
RI Rio Caeté,9 Rio Caeté,22,"Tabela 22 – Caracterização Hospitalar – Equip de Manutenção da Vida, Equip de Diagnóstico e Infra - 2025 ri rio caete",20,"Tabela 22 – Caracterização Hospitalar – Equip de Manutenção da Vida, Equip de Diagnóstico e Infra - 2025 ri rio caete","..\..\Desktop\tabelas-powerBI\9 Rio Caeté\Tabela 22 – Caracterização Hospitalar – Equip de Manutenção da Vida, Equip de Diagnóstico e Infra - 2025 ri rio caete.xlsx",Rio Caeté,132,9.0
Augusto Corrêa,9 Rio Caeté,22,"Tabela 22 – Caracterização Hospitalar – Equip de Manutenção da Vida, Equip de Diagnóstico e Infra - 2025 ri rio caete",20,"Tabela 22 – Caracterização Hospitalar – Equip de Manutenção da Vida, Equip de Diagnóstico e Infra - 2025 ri rio caete","..\..\Desktop\tabelas-powerBI\9 Rio Caeté\Tabela 22 – Caracterização Hospitalar – Equip de Manutenção da Vida, Equip de Diagnóstico e Infra - 2025 ri rio caete.xlsx",Rio Caeté,132,0.0
Bonito,9 Rio Caeté,22,"Tabela 22 – Caracterização Hospitalar – Equip de Manutenção da Vida, Equip de Diagnóstico e Infra - 2025 ri rio caete",20,"Tabela 22 – Caracterização Hospitalar – Equip de Manutenção da Vida, Equip de Diagnóstico e Infra - 2025 ri rio caete","..\..\Desktop\tabelas-powerBI\9 Rio Caeté\Tabela 22 – Caracterização Hospitalar – Equip de Manutenção da Vida, Equip de Diagnóstico e Infra - 2025 ri rio caete.xlsx",Rio Caeté,132,0.0
Bragança,9 Rio Caeté,22,"Tabela 22 – Caracterização Hospitalar – Equip de Manutenção da Vida, Equip de Diagnóstico e Infra - 2025 ri rio caete",20,"Tabela 22 – Caracterização Hospitalar – Equip de Manutenção da Vida, Equip de Diagnóstico e Infra - 2025 ri rio caete","..\..\Desktop\tabelas-powerBI\9 Rio Caeté\Tabela 22 – Caracterização Hospitalar – Equip de Manutenção da Vida, Equip de Diagnóstico e Infra - 2025 ri rio caete.xlsx",Rio Caeté,132,2.0
Cachoeira do Piriá,9 Rio Caeté,22,"Tabela 22 – Caracterização Hospitalar – Equip de Manutenção da Vida, Equip de Diagnóstico e Infra - 2025 ri rio caete",20,"Tabela 22 – Caracterização Hospitalar – Equip de Manutenção da Vida, Equip de Diagnóstico e Infra - 2025 ri rio caete","..\..\Desktop\tabelas-powerBI\9 Rio Caeté\Tabela 22 – Caracterização Hospitalar – Equip de Manutenção da Vida, Equip de Diagnóstico e Infra - 2025 ri rio caete.xlsx",Rio Caeté,132,0.0
Capanema,9 Rio Caeté,22,"Tabela 22 – Caracterização Hospitalar – Equip de Manutenção da Vida, Equip de Diagnóstico e Infra - 2025 ri rio caete",20,"Tabela 22 – Caracterização Hospitalar – Equip de Manutenção da Vida, Equip de Diagnóstico e Infra - 2025 ri rio caete","..\..\Desktop\tabelas-powerBI\9 Rio Caeté\Tabela 22 – Caracterização Hospitalar – Equip de Manutenção da Vida, Equip de Diagnóstico e Infra - 2025 ri rio caete.xlsx",Rio Caeté,132,7.0
Nova Timboteua,9 Rio Caeté,22,"Tabela 22 – Caracterização Hospitalar – Equip de Manutenção da Vida, Equip de Diagnóstico e Infra - 2025 ri rio caete",20,"Tabela 22 – Caracterização Hospitalar – Equip de Manutenção da Vida, Equip de Diagnóstico e Infra - 2025 ri rio caete","..\..\Desktop\tabelas-powerBI\9 Rio Caeté\Tabela 22 – Caracterização Hospitalar – Equip de Manutenção da Vida, Equip de Diagnóstico e Infra - 2025 ri rio caete.xlsx",Rio Caeté,132,0.0
Peixe-Boi,9 Rio Caeté,22,"Tabela 22 – Caracterização Hospitalar – Equip de Manutenção da Vida, Equip de Diagnóstico e Infra - 2025 ri rio caete",20,"Tabela 22 – Caracterização Hospitalar – Equip de Manutenção da Vida, Equip de Diagnóstico e Infra - 2025 ri rio caete","..\..\Desktop\tabelas-powerBI\9 Rio Caeté\Tabela 22 – Caracterização Hospitalar – Equip de Manutenção da Vida, Equip de Diagnóstico e Infra - 2025 ri rio caete.xlsx",Rio Caeté,132,0.0
Primavera,9 Rio Caeté,22,"Tabela 22 – Caracterização Hospitalar – Equip de Manutenção da Vida, Equip de Diagnóstico e Infra - 2025 ri rio caete",20,"Tabela 22 – Caracterização Hospitalar – Equip de Manutenção da Vida, Equip de Diagnóstico e Infra - 2025 ri rio caete","..\..\Desktop\tabelas-powerBI\9 Rio Caeté\Tabela 22 – Caracterização Hospitalar – Equip de Manutenção da Vida, Equip de Diagnóstico e Infra - 2025 ri rio caete.xlsx",Rio Caeté,132,0.0
Quatipuru,9 Rio Caeté,22,"Tabela 22 – Caracterização Hospitalar – Equip de Manutenção da Vida, Equip de Diagnóstico e Infra - 2025 ri rio caete",20,"Tabela 22 – Caracterização Hospitalar – Equip de Manutenção da Vida, Equip de Diagnóstico e Infra - 2025 ri rio caete","..\..\Desktop\tabelas-powerBI\9 Rio Caeté\Tabela 22 – Caracterização Hospitalar – Equip de Manutenção da Vida, Equip de Diagnóstico e Infra - 2025 ri rio caete.xlsx",Rio Caeté,132,0.0
Salinópolis,9 Rio Caeté,22,"Tabela 22 – Caracterização Hospitalar – Equip de Manutenção da Vida, Equip de Diagnóstico e Infra - 2025 ri rio caete",20,"Tabela 22 – Caracterização Hospitalar – Equip de Manutenção da Vida, Equip de Diagnóstico e Infra - 2025 ri rio caete","..\..\Desktop\tabelas-powerBI\9 Rio Caeté\Tabela 22 – Caracterização Hospitalar – Equip de Manutenção da Vida, Equip de Diagnóstico e Infra - 2025 ri rio caete.xlsx",Rio Caeté,132,0.0
Santa Luzia do Pará,9 Rio Caeté,22,"Tabela 22 – Caracterização Hospitalar – Equip de Manutenção da Vida, Equip de Diagnóstico e Infra - 2025 ri rio caete",20,"Tabela 22 – Caracterização Hospitalar – Equip de Manutenção da Vida, Equip de Diagnóstico e Infra - 2025 ri rio caete","..\..\Desktop\tabelas-powerBI\9 Rio Caeté\Tabela 22 – Caracterização Hospitalar – Equip de Manutenção da Vida, Equip de Diagnóstico e Infra - 2025 ri rio caete.xlsx",Rio Caeté,132,0.0
Santarém Novo,9 Rio Caeté,22,"Tabela 22 – Caracterização Hospitalar – Equip de Manutenção da Vida, Equip de Diagnóstico e Infra - 2025 ri rio caete",20,"Tabela 22 – Caracterização Hospitalar – Equip de Manutenção da Vida, Equip de Diagnóstico e Infra - 2025 ri rio caete","..\..\Desktop\tabelas-powerBI\9 Rio Caeté\Tabela 22 – Caracterização Hospitalar – Equip de Manutenção da Vida, Equip de Diagnóstico e Infra - 2025 ri rio caete.xlsx",Rio Caeté,132,0.0
São João de Pirabas,9 Rio Caeté,22,"Tabela 22 – Caracterização Hospitalar – Equip de Manutenção da Vida, Equip de Diagnóstico e Infra - 2025 ri rio caete",20,"Tabela 22 – Caracterização Hospitalar – Equip de Manutenção da Vida, Equip de Diagnóstico e Infra - 2025 ri rio caete","..\..\Desktop\tabelas-powerBI\9 Rio Caeté\Tabela 22 – Caracterização Hospitalar – Equip de Manutenção da Vida, Equip de Diagnóstico e Infra - 2025 ri rio caete.xlsx",Rio Caeté,132,0.0
Tracuateua,9 Rio Caeté,22,"Tabela 22 – Caracterização Hospitalar – Equip de Manutenção da Vida, Equip de Diagnóstico e Infra - 2025 ri rio caete",20,"Tabela 22 – Caracterização Hospitalar – Equip de Manutenção da Vida, Equip de Diagnóstico e Infra - 2025 ri rio caete","..\..\Desktop\tabelas-powerBI\9 Rio Caeté\Tabela 22 – Caracterização Hospitalar – Equip de Manutenção da Vida, Equip de Diagnóstico e Infra - 2025 ri rio caete.xlsx",Rio Caeté,132,0.0
Viseu,9 Rio Caeté,22,"Tabela 22 – Caracterização Hospitalar – Equip de Manutenção da Vida, Equip de Diagnóstico e Infra - 2025 ri rio caete",20,"Tabela 22 – Caracterização Hospitalar – Equip de Manutenção da Vida, Equip de Diagnóstico e Infra - 2025 ri rio caete","..\..\Desktop\tabelas-powerBI\9 Rio Caeté\Tabela 22 – Caracterização Hospitalar – Equip de Manutenção da Vida, Equip de Diagnóstico e Infra - 2025 ri rio caete.xlsx",Rio Caeté,132,0.0
Fonte: DATASUS,9 Rio Caeté,22,"Tabela 22 – Caracterização Hospitalar – Equip de Manutenção da Vida, Equip de Diagnóstico e Infra - 2025 ri rio caete",20,"Tabela 22 – Caracterização Hospitalar – Equip de Manutenção da Vida, Equip de Diagnóstico e Infra - 2025 ri rio caete","..\..\Desktop\tabelas-powerBI\9 Rio Caeté\Tabela 22 – Caracterização Hospitalar – Equip de Manutenção da Vida, Equip de Diagnóstico e Infra - 2025 ri rio caete.xlsx",Rio Caeté,132,
Elaboração: FAPESPA,9 Rio Caeté,22,"Tabela 22 – Caracterização Hospitalar – Equip de Manutenção da Vida, Equip de Diagnóstico e Infra - 2025 ri rio caete",20,"Tabela 22 – Caracterização Hospitalar – Equip de Manutenção da Vida, Equip de Diagnóstico e Infra - 2025 ri rio caete","..\..\Desktop\tabelas-powerBI\9 Rio Caeté\Tabela 22 – Caracterização Hospitalar – Equip de Manutenção da Vida, Equip de Diagnóstico e Infra - 2025 ri rio caete.xlsx",Rio Caeté,132,
*Nota: Dados referentes a Outubro/2025.,9 Rio Caeté,22,"Tabela 22 – Caracterização Hospitalar – Equip de Manutenção da Vida, Equip de Diagnóstico e Infra - 2025 ri rio caete",20,"Tabela 22 – Caracterização Hospitalar – Equip de Manutenção da Vida, Equip de Diagnóstico e Infra - 2025 ri rio caete","..\..\Desktop\tabelas-powerBI\9 Rio Caeté\Tabela 22 – Caracterização Hospitalar – Equip de Manutenção da Vida, Equip de Diagnóstico e Infra - 2025 ri rio caete.xlsx",Rio Caeté,132,
RI Rio Caeté,9 Rio Caeté,22,"Tabela 22 – Caracterização Hospitalar – Equip de Manutenção da Vida, Equip de Diagnóstico e Infra - 2025 ri rio caete",20,"Tabela 22 – Caracterização Hospitalar – Equip de Manutenção da Vida, Equip de Diagnóstico e Infra - 2025 ri rio caete","..\..\Desktop\tabelas-powerBI\9 Rio Caeté\Tabela 22 – Caracterização Hospitalar – Equip de Manutenção da Vida, Equip de Diagnóstico e Infra - 2025 ri rio caete.xlsx",Rio Caeté,424,23.0
Augusto Corrêa,9 Rio Caeté,22,"Tabela 22 – Caracterização Hospitalar – Equip de Manutenção da Vida, Equip de Diagnóstico e Infra - 2025 ri rio caete",20,"Tabela 22 – Caracterização Hospitalar – Equip de Manutenção da Vida, Equip de Diagnóstico e Infra - 2025 ri rio caete","..\..\Desktop\tabelas-powerBI\9 Rio Caeté\Tabela 22 – Caracterização Hospitalar – Equip de Manutenção da Vida, Equip de Diagnóstico e Infra - 2025 ri rio caete.xlsx",Rio Caeté,424,0.0
Bonito,9 Rio Caeté,22,"Tabela 22 – Caracterização Hospitalar – Equip de Manutenção da Vida, Equip de Diagnóstico e Infra - 2025 ri rio caete",20,"Tabela 22 – Caracterização Hospitalar – Equip de Manutenção da Vida, Equip de Diagnóstico e Infra - 2025 ri rio caete","..\..\Desktop\tabelas-powerBI\9 Rio Caeté\Tabela 22 – Caracterização Hospitalar – Equip de Manutenção da Vida, Equip de Diagnóstico e Infra - 2025 ri rio caete.xlsx",Rio Caeté,424,0.0
Bragança,9 Rio Caeté,22,"Tabela 22 – Caracterização Hospitalar – Equip de Manutenção da Vida, Equip de Diagnóstico e Infra - 2025 ri rio caete",20,"Tabela 22 – Caracterização Hospitalar – Equip de Manutenção da Vida, Equip de Diagnóstico e Infra - 2025 ri rio caete","..\..\Desktop\tabelas-powerBI\9 Rio Caeté\Tabela 22 – Caracterização Hospitalar – Equip de Manutenção da Vida, Equip de Diagnóstico e Infra - 2025 ri rio caete.xlsx",Rio Caeté,424,8.0
Cachoeira do Piriá,9 Rio Caeté,22,"Tabela 22 – Caracterização Hospitalar – Equip de Manutenção da Vida, Equip de Diagnóstico e Infra - 2025 ri rio caete",20,"Tabela 22 – Caracterização Hospitalar – Equip de Manutenção da Vida, Equip de Diagnóstico e Infra - 2025 ri rio caete","..\..\Desktop\tabelas-powerBI\9 Rio Caeté\Tabela 22 – Caracterização Hospitalar – Equip de Manutenção da Vida, Equip de Diagnóstico e Infra - 2025 ri rio caete.xlsx",Rio Caeté,424,2.0
Capanema,9 Rio Caeté,22,"Tabela 22 – Caracterização Hospitalar – Equip de Manutenção da Vida, Equip de Diagnóstico e Infra - 2025 ri rio caete",20,"Tabela 22 – Caracterização Hospitalar – Equip de Manutenção da Vida, Equip de Diagnóstico e Infra - 2025 ri rio caete","..\..\Desktop\tabelas-powerBI\9 Rio Caeté\Tabela 22 – Caracterização Hospitalar – Equip de Manutenção da Vida, Equip de Diagnóstico e Infra - 2025 ri rio caete.xlsx",Rio Caeté,424,3.0
Nova Timboteua,9 Rio Caeté,22,"Tabela 22 – Caracterização Hospitalar – Equip de Manutenção da Vida, Equip de Diagnóstico e Infra - 2025 ri rio caete",20,"Tabela 22 – Caracterização Hospitalar – Equip de Manutenção da Vida, Equip de Diagnóstico e Infra - 2025 ri rio caete","..\..\Desktop\tabelas-powerBI\9 Rio Caeté\Tabela 22 – Caracterização Hospitalar – Equip de Manutenção da Vida, Equip de Diagnóstico e Infra - 2025 ri rio caete.xlsx",Rio Caeté,424,0.0
Peixe-Boi,9 Rio Caeté,22,"Tabela 22 – Caracterização Hospitalar – Equip de Manutenção da Vida, Equip de Diagnóstico e Infra - 2025 ri rio caete",20,"Tabela 22 – Caracterização Hospitalar – Equip de Manutenção da Vida, Equip de Diagnóstico e Infra - 2025 ri rio caete","..\..\Desktop\tabelas-powerBI\9 Rio Caeté\Tabela 22 – Caracterização Hospitalar – Equip de Manutenção da Vida, Equip de Diagnóstico e Infra - 2025 ri rio caete.xlsx",Rio Caeté,424,0.0
Primavera,9 Rio Caeté,22,"Tabela 22 – Caracterização Hospitalar – Equip de Manutenção da Vida, Equip de Diagnóstico e Infra - 2025 ri rio caete",20,"Tabela 22 – Caracterização Hospitalar – Equip de Manutenção da Vida, Equip de Diagnóstico e Infra - 2025 ri rio caete","..\..\Desktop\tabelas-powerBI\9 Rio Caeté\Tabela 22 – Caracterização Hospitalar – Equip de Manutenção da Vida, Equip de Diagnóstico e Infra - 2025 ri rio caete.xlsx",Rio Caeté,424,1.0
Quatipuru,9 Rio Caeté,22,"Tabela 22 – Caracterização Hospitalar – Equip de Manutenção da Vida, Equip de Diagnóstico e Infra - 2025 ri rio caete",20,"Tabela 22 – Caracterização Hospitalar – Equip de Manutenção da Vida, Equip de Diagnóstico e Infra - 2025 ri rio caete","..\..\Desktop\tabelas-powerBI\9 Rio Caeté\Tabela 22 – Caracterização Hospitalar – Equip de Manutenção da Vida, Equip de Diagnóstico e Infra - 2025 ri rio caete.xlsx",Rio Caeté,424,1.0
Salinópolis,9 Rio Caeté,22,"Tabela 22 – Caracterização Hospitalar – Equip de Manutenção da Vida, Equip de Diagnóstico e Infra - 2025 ri rio caete",20,"Tabela 22 – Caracterização Hospitalar – Equip de Manutenção da Vida, Equip de Diagnóstico e Infra - 2025 ri rio caete","..\..\Desktop\tabelas-powerBI\9 Rio Caeté\Tabela 22 – Caracterização Hospitalar – Equip de Manutenção da Vida, Equip de Diagnóstico e Infra - 2025 ri rio caete.xlsx",Rio Caeté,424,3.0
Santa Luzia do Pará,9 Rio Caeté,22,"Tabela 22 – Caracterização Hospitalar – Equip de Manutenção da Vida, Equip de Diagnóstico e Infra - 2025 ri rio caete",20,"Tabela 22 – Caracterização Hospitalar – Equip de Manutenção da Vida, Equip de Diagnóstico e Infra - 2025 ri rio caete","..\..\Desktop\tabelas-powerBI\9 Rio Caeté\Tabela 22 – Caracterização Hospitalar – Equip de Manutenção da Vida, Equip de Diagnóstico e Infra - 2025 ri rio caete.xlsx",Rio Caeté,424,1.0
Santarém Novo,9 Rio Caeté,22,"Tabela 22 – Caracterização Hospitalar – Equip de Manutenção da Vida, Equip de Diagnóstico e Infra - 2025 ri rio caete",20,"Tabela 22 – Caracterização Hospitalar – Equip de Manutenção da Vida, Equip de Diagnóstico e Infra - 2025 ri rio caete","..\..\Desktop\tabelas-powerBI\9 Rio Caeté\Tabela 22 – Caracterização Hospitalar – Equip de Manutenção da Vida, Equip de Diagnóstico e Infra - 2025 ri rio caete.xlsx",Rio Caeté,424,0.0
São João de Pirabas,9 Rio Caeté,22,"Tabela 22 – Caracterização Hospitalar – Equip de Manutenção da Vida, Equip de Diagnóstico e Infra - 2025 ri rio caete",20,"Tabela 22 – Caracterização Hospitalar – Equip de Manutenção da Vida, Equip de Diagnóstico e Infra - 2025 ri rio caete","..\..\Desktop\tabelas-powerBI\9 Rio Caeté\Tabela 22 – Caracterização Hospitalar – Equip de Manutenção da Vida, Equip de Diagnóstico e Infra - 2025 ri rio caete.xlsx",Rio Caeté,424,2.0
Tracuateua,9 Rio Caeté,22,"Tabela 22 – Caracterização Hospitalar – Equip de Manutenção da Vida, Equip de Diagnóstico e Infra - 2025 ri rio caete",20,"Tabela 22 – Caracterização Hospitalar – Equip de Manutenção da Vida, Equip de Diagnóstico e Infra - 2025 ri rio caete","..\..\Desktop\tabelas-powerBI\9 Rio Caeté\Tabela 22 – Caracterização Hospitalar – Equip de Manutenção da Vida, Equip de Diagnóstico e Infra - 2025 ri rio caete.xlsx",Rio Caeté,424,1.0
Viseu,9 Rio Caeté,22,"Tabela 22 – Caracterização Hospitalar – Equip de Manutenção da Vida, Equip de Diagnóstico e Infra - 2025 ri rio caete",20,"Tabela 22 – Caracterização Hospitalar – Equip de Manutenção da Vida, Equip de Diagnóstico e Infra - 2025 ri rio caete","..\..\Desktop\tabelas-powerBI\9 Rio Caeté\Tabela 22 – Caracterização Hospitalar – Equip de Manutenção da Vida, Equip de Diagnóstico e Infra - 2025 ri rio caete.xlsx",Rio Caeté,424,1.0
Fonte: DATASUS,9 Rio Caeté,22,"Tabela 22 – Caracterização Hospitalar – Equip de Manutenção da Vida, Equip de Diagnóstico e Infra - 2025 ri rio caete",20,"Tabela 22 – Caracterização Hospitalar – Equip de Manutenção da Vida, Equip de Diagnóstico e Infra - 2025 ri rio caete","..\..\Desktop\tabelas-powerBI\9 Rio Caeté\Tabela 22 – Caracterização Hospitalar – Equip de Manutenção da Vida, Equip de Diagnóstico e Infra - 2025 ri rio caete.xlsx",Rio Caeté,424,
Elaboração: FAPESPA,9 Rio Caeté,22,"Tabela 22 – Caracterização Hospitalar – Equip de Manutenção da Vida, Equip de Diagnóstico e Infra - 2025 ri rio caete",20,"Tabela 22 – Caracterização Hospitalar – Equip de Manutenção da Vida, Equip de Diagnóstico e Infra - 2025 ri rio caete","..\..\Desktop\tabelas-powerBI\9 Rio Caeté\Tabela 22 – Caracterização Hospitalar – Equip de Manutenção da Vida, Equip de Diagnóstico e Infra - 2025 ri rio caete.xlsx",Rio Caeté,424,
*Nota: Dados referentes a Outubro/2025.,9 Rio Caeté,22,"Tabela 22 – Caracterização Hospitalar – Equip de Manutenção da Vida, Equip de Diagnóstico e Infra - 2025 ri rio caete",20,"Tabela 22 – Caracterização Hospitalar – Equip de Manutenção da Vida, Equip de Diagnóstico e Infra - 2025 ri rio caete","..\..\Desktop\tabelas-powerBI\9 Rio Caeté\Tabela 22 – Caracterização Hospitalar – Equip de Manutenção da Vida, Equip de Diagnóstico e Infra - 2025 ri rio caete.xlsx",Rio Caeté,424,
RI Rio Caeté,9 Rio Caeté,22,"Tabela 22 – Caracterização Hospitalar – Equip de Manutenção da Vida, Equip de Diagnóstico e Infra - 2025 ri rio caete",20,"Tabela 22 – Caracterização Hospitalar – Equip de Manutenção da Vida, Equip de Diagnóstico e Infra - 2025 ri rio caete","..\..\Desktop\tabelas-powerBI\9 Rio Caeté\Tabela 22 – Caracterização Hospitalar – Equip de Manutenção da Vida, Equip de Diagnóstico e Infra - 2025 ri rio caete.xlsx",Rio Caeté,410,22.0
Augusto Corrêa,9 Rio Caeté,22,"Tabela 22 – Caracterização Hospitalar – Equip de Manutenção da Vida, Equip de Diagnóstico e Infra - 2025 ri rio caete",20,"Tabela 22 – Caracterização Hospitalar – Equip de Manutenção da Vida, Equip de Diagnóstico e Infra - 2025 ri rio caete","..\..\Desktop\tabelas-powerBI\9 Rio Caeté\Tabela 22 – Caracterização Hospitalar – Equip de Manutenção da Vida, Equip de Diagnóstico e Infra - 2025 ri rio caete.xlsx",Rio Caeté,410,0.0
Bonito,9 Rio Caeté,22,"Tabela 22 – Caracterização Hospitalar – Equip de Manutenção da Vida, Equip de Diagnóstico e Infra - 2025 ri rio caete",20,"Tabela 22 – Caracterização Hospitalar – Equip de Manutenção da Vida, Equip de Diagnóstico e Infra - 2025 ri rio caete","..\..\Desktop\tabelas-powerBI\9 Rio Caeté\Tabela 22 – Caracterização Hospitalar – Equip de Manutenção da Vida, Equip de Diagnóstico e Infra - 2025 ri rio caete.xlsx",Rio Caeté,410,0.0
Bragança,9 Rio Caeté,22,"Tabela 22 – Caracterização Hospitalar – Equip de Manutenção da Vida, Equip de Diagnóstico e Infra - 2025 ri rio caete",20,"Tabela 22 – Caracterização Hospitalar – Equip de Manutenção da Vida, Equip de Diagnóstico e Infra - 2025 ri rio caete","..\..\Desktop\tabelas-powerBI\9 Rio Caeté\Tabela 22 – Caracterização Hospitalar – Equip de Manutenção da Vida, Equip de Diagnóstico e Infra - 2025 ri rio caete.xlsx",Rio Caeté,410,7.0
Cachoeira do Piriá,9 Rio Caeté,22,"Tabela 22 – Caracterização Hospitalar – Equip de Manutenção da Vida, Equip de Diagnóstico e Infra - 2025 ri rio caete",20,"Tabela 22 – Caracterização Hospitalar – Equip de Manutenção da Vida, Equip de Diagnóstico e Infra - 2025 ri rio caete","..\..\Desktop\tabelas-powerBI\9 Rio Caeté\Tabela 22 – Caracterização Hospitalar – Equip de Manutenção da Vida, Equip de Diagnóstico e Infra - 2025 ri rio caete.xlsx",Rio Caeté,410,2.0
Capanema,9 Rio Caeté,22,"Tabela 22 – Caracterização Hospitalar – Equip de Manutenção da Vida, Equip de Diagnóstico e Infra - 2025 ri rio caete",20,"Tabela 22 – Caracterização Hospitalar – Equip de Manutenção da Vida, Equip de Diagnóstico e Infra - 2025 ri rio caete","..\..\Desktop\tabelas-powerBI\9 Rio Caeté\Tabela 22 – Caracterização Hospitalar – Equip de Manutenção da Vida, Equip de Diagnóstico e Infra - 2025 ri rio caete.xlsx",Rio Caeté,410,3.0
Nova Timboteua,9 Rio Caeté,22,"Tabela 22 – Caracterização Hospitalar – Equip de Manutenção da Vida, Equip de Diagnóstico e Infra - 2025 ri rio caete",20,"Tabela 22 – Caracterização Hospitalar – Equip de Manutenção da Vida, Equip de Diagnóstico e Infra - 2025 ri rio caete","..\..\Desktop\tabelas-powerBI\9 Rio Caeté\Tabela 22 – Caracterização Hospitalar – Equip de Manutenção da Vida, Equip de Diagnóstico e Infra - 2025 ri rio caete.xlsx",Rio Caeté,410,0.0
Peixe-Boi,9 Rio Caeté,22,"Tabela 22 – Caracterização Hospitalar – Equip de Manutenção da Vida, Equip de Diagnóstico e Infra - 2025 ri rio caete",20,"Tabela 22 – Caracterização Hospitalar – Equip de Manutenção da Vida, Equip de Diagnóstico e Infra - 2025 ri rio caete","..\..\Desktop\tabelas-powerBI\9 Rio Caeté\Tabela 22 – Caracterização Hospitalar – Equip de Manutenção da Vida, Equip de Diagnóstico e Infra - 2025 ri rio caete.xlsx",Rio Caeté,410,0.0
Primavera,9 Rio Caeté,22,"Tabela 22 – Caracterização Hospitalar – Equip de Manutenção da Vida, Equip de Diagnóstico e Infra - 2025 ri rio caete",20,"Tabela 22 – Caracterização Hospitalar – Equip de Manutenção da Vida, Equip de Diagnóstico e Infra - 2025 ri rio caete","..\..\Desktop\tabelas-powerBI\9 Rio Caeté\Tabela 22 – Caracterização Hospitalar – Equip de Manutenção da Vida, Equip de Diagnóstico e Infra - 2025 ri rio caete.xlsx",Rio Caeté,410,1.0
Quatipuru,9 Rio Caeté,22,"Tabela 22 – Caracterização Hospitalar – Equip de Manutenção da Vida, Equip de Diagnóstico e Infra - 2025 ri rio caete",20,"Tabela 22 – Caracterização Hospitalar – Equip de Manutenção da Vida, Equip de Diagnóstico e Infra - 2025 ri rio caete","..\..\Desktop\tabelas-powerBI\9 Rio Caeté\Tabela 22 – Caracterização Hospitalar – Equip de Manutenção da Vida, Equip de Diagnóstico e Infra - 2025 ri rio caete.xlsx",Rio Caeté,410,1.0
Salinópolis,9 Rio Caeté,22,"Tabela 22 – Caracterização Hospitalar – Equip de Manutenção da Vida, Equip de Diagnóstico e Infra - 2025 ri rio caete",20,"Tabela 22 – Caracterização Hospitalar – Equip de Manutenção da Vida, Equip de Diagnóstico e Infra - 2025 ri rio caete","..\..\Desktop\tabelas-powerBI\9 Rio Caeté\Tabela 22 – Caracterização Hospitalar – Equip de Manutenção da Vida, Equip de Diagnóstico e Infra - 2025 ri rio caete.xlsx",Rio Caeté,410,3.0
Santa Luzia do Pará,9 Rio Caeté,22,"Tabela 22 – Caracterização Hospitalar – Equip de Manutenção da Vida, Equip de Diagnóstico e Infra - 2025 ri rio caete",20,"Tabela 22 – Caracterização Hospitalar – Equip de Manutenção da Vida, Equip de Diagnóstico e Infra - 2025 ri rio caete","..\..\Desktop\tabelas-powerBI\9 Rio Caeté\Tabela 22 – Caracterização Hospitalar – Equip de Manutenção da Vida, Equip de Diagnóstico e Infra - 2025 ri rio caete.xlsx",Rio Caeté,410,1.0
Santarém Novo,9 Rio Caeté,22,"Tabela 22 – Caracterização Hospitalar – Equip de Manutenção da Vida, Equip de Diagnóstico e Infra - 2025 ri rio caete",20,"Tabela 22 – Caracterização Hospitalar – Equip de Manutenção da Vida, Equip de Diagnóstico e Infra - 2025 ri rio caete","..\..\Desktop\tabelas-powerBI\9 Rio Caeté\Tabela 22 – Caracterização Hospitalar – Equip de Manutenção da Vida, Equip de Diagnóstico e Infra - 2025 ri rio caete.xlsx",Rio Caeté,410,0.0
São João de Pirabas,9 Rio Caeté,22,"Tabela 22 – Caracterização Hospitalar – Equip de Manutenção da Vida, Equip de Diagnóstico e Infra - 2025 ri rio caete",20,"Tabela 22 – Caracterização Hospitalar – Equip de Manutenção da Vida, Equip de Diagnóstico e Infra - 2025 ri rio caete","..\..\Desktop\tabelas-powerBI\9 Rio Caeté\Tabela 22 – Caracterização Hospitalar – Equip de Manutenção da Vida, Equip de Diagnóstico e Infra - 2025 ri rio caete.xlsx",Rio Caeté,410,2.0
Tracuateua,9 Rio Caeté,22,"Tabela 22 – Caracterização Hospitalar – Equip de Manutenção da Vida, Equip de Diagnóstico e Infra - 2025 ri rio caete",20,"Tabela 22 – Caracterização Hospitalar – Equip de Manutenção da Vida, Equip de Diagnóstico e Infra - 2025 ri rio caete","..\..\Desktop\tabelas-powerBI\9 Rio Caeté\Tabela 22 – Caracterização Hospitalar – Equip de Manutenção da Vida, Equip de Diagnóstico e Infra - 2025 ri rio caete.xlsx",Rio Caeté,410,1.0
Viseu,9 Rio Caeté,22,"Tabela 22 – Caracterização Hospitalar – Equip de Manutenção da Vida, Equip de Diagnóstico e Infra - 2025 ri rio caete",20,"Tabela 22 – Caracterização Hospitalar – Equip de Manutenção da Vida, Equip de Diagnóstico e Infra - 2025 ri rio caete","..\..\Desktop\tabelas-powerBI\9 Rio Caeté\Tabela 22 – Caracterização Hospitalar – Equip de Manutenção da Vida, Equip de Diagnóstico e Infra - 2025 ri rio caete.xlsx",Rio Caeté,410,1.0
Fonte: DATASUS,9 Rio Caeté,22,"Tabela 22 – Caracterização Hospitalar – Equip de Manutenção da Vida, Equip de Diagnóstico e Infra - 2025 ri rio caete",20,"Tabela 22 – Caracterização Hospitalar – Equip de Manutenção da Vida, Equip de Diagnóstico e Infra - 2025 ri rio caete","..\..\Desktop\tabelas-powerBI\9 Rio Caeté\Tabela 22 – Caracterização Hospitalar – Equip de Manutenção da Vida, Equip de Diagnóstico e Infra - 2025 ri rio caete.xlsx",Rio Caeté,410,
Elaboração: FAPESPA,9 Rio Caeté,22,"Tabela 22 – Caracterização Hospitalar – Equip de Manutenção da Vida, Equip de Diagnóstico e Infra - 2025 ri rio caete",20,"Tabela 22 – Caracterização Hospitalar – Equip de Manutenção da Vida, Equip de Diagnóstico e Infra - 2025 ri rio caete","..\..\Desktop\tabelas-powerBI\9 Rio Caeté\Tabela 22 – Caracterização Hospitalar – Equip de Manutenção da Vida, Equip de Diagnóstico e Infra - 2025 ri rio caete.xlsx",Rio Caeté,410,
*Nota: Dados referentes a Outubro/2025.,9 Rio Caeté,22,"Tabela 22 – Caracterização Hospitalar – Equip de Manutenção da Vida, Equip de Diagnóstico e Infra - 2025 ri rio caete",20,"Tabela 22 – Caracterização Hospitalar – Equip de Manutenção da Vida, Equip de Diagnóstico e Infra - 2025 ri rio caete","..\..\Desktop\tabelas-powerBI\9 Rio Caeté\Tabela 22 – Caracterização Hospitalar – Equip de Manutenção da Vida, Equip de Diagnóstico e Infra - 2025 ri rio caete.xlsx",Rio Caeté,410,
RI Rio Caeté,9 Rio Caeté,22,"Tabela 22 – Caracterização Hospitalar – Equip de Manutenção da Vida, Equip de Diagnóstico e Infra - 2025 ri rio caete",20,"Tabela 22 – Caracterização Hospitalar – Equip de Manutenção da Vida, Equip de Diagnóstico e Infra - 2025 ri rio caete","..\..\Desktop\tabelas-powerBI\9 Rio Caeté\Tabela 22 – Caracterização Hospitalar – Equip de Manutenção da Vida, Equip de Diagnóstico e Infra - 2025 ri rio caete.xlsx",Rio Caeté,239,11.0
Augusto Corrêa,9 Rio Caeté,22,"Tabela 22 – Caracterização Hospitalar – Equip de Manutenção da Vida, Equip de Diagnóstico e Infra - 2025 ri rio caete",20,"Tabela 22 – Caracterização Hospitalar – Equip de Manutenção da Vida, Equip de Diagnóstico e Infra - 2025 ri rio caete","..\..\Desktop\tabelas-powerBI\9 Rio Caeté\Tabela 22 – Caracterização Hospitalar – Equip de Manutenção da Vida, Equip de Diagnóstico e Infra - 2025 ri rio caete.xlsx",Rio Caeté,239,1.0
Bonito,9 Rio Caeté,22,"Tabela 22 – Caracterização Hospitalar – Equip de Manutenção da Vida, Equip de Diagnóstico e Infra - 2025 ri rio caete",20,"Tabela 22 – Caracterização Hospitalar – Equip de Manutenção da Vida, Equip de Diagnóstico e Infra - 2025 ri rio caete","..\..\Desktop\tabelas-powerBI\9 Rio Caeté\Tabela 22 – Caracterização Hospitalar – Equip de Manutenção da Vida, Equip de Diagnóstico e Infra - 2025 ri rio caete.xlsx",Rio Caeté,239,0.0
Bragança,9 Rio Caeté,22,"Tabela 22 – Caracterização Hospitalar – Equip de Manutenção da Vida, Equip de Diagnóstico e Infra - 2025 ri rio caete",20,"Tabela 22 – Caracterização Hospitalar – Equip de Manutenção da Vida, Equip de Diagnóstico e Infra - 2025 ri rio caete","..\..\Desktop\tabelas-powerBI\9 Rio Caeté\Tabela 22 – Caracterização Hospitalar – Equip de Manutenção da Vida, Equip de Diagnóstico e Infra - 2025 ri rio caete.xlsx",Rio Caeté,239,5.0
Cachoeira do Piriá,9 Rio Caeté,22,"Tabela 22 – Caracterização Hospitalar – Equip de Manutenção da Vida, Equip de Diagnóstico e Infra - 2025 ri rio caete",20,"Tabela 22 – Caracterização Hospitalar – Equip de Manutenção da Vida, Equip de Diagnóstico e Infra - 2025 ri rio caete","..\..\Desktop\tabelas-powerBI\9 Rio Caeté\Tabela 22 – Caracterização Hospitalar – Equip de Manutenção da Vida, Equip de Diagnóstico e Infra - 2025 ri rio caete.xlsx",Rio Caeté,239,0.0
Capanema,9 Rio Caeté,22,"Tabela 22 – Caracterização Hospitalar – Equip de Manutenção da Vida, Equip de Diagnóstico e Infra - 2025 ri rio caete",20,"Tabela 22 – Caracterização Hospitalar – Equip de Manutenção da Vida, Equip de Diagnóstico e Infra - 2025 ri rio caete","..\..\Desktop\tabelas-powerBI\9 Rio Caeté\Tabela 22 – Caracterização Hospitalar – Equip de Manutenção da Vida, Equip de Diagnóstico e Infra - 2025 ri rio caete.xlsx",Rio Caeté,239,4.0
Nova Timboteua,9 Rio Caeté,22,"Tabela 22 – Caracterização Hospitalar – Equip de Manutenção da Vida, Equip de Diagnóstico e Infra - 2025 ri rio caete",20,"Tabela 22 – Caracterização Hospitalar – Equip de Manutenção da Vida, Equip de Diagnóstico e Infra - 2025 ri rio caete","..\..\Desktop\tabelas-powerBI\9 Rio Caeté\Tabela 22 – Caracterização Hospitalar – Equip de Manutenção da Vida, Equip de Diagnóstico e Infra - 2025 ri rio caete.xlsx",Rio Caeté,239,0.0
Peixe-Boi,9 Rio Caeté,22,"Tabela 22 – Caracterização Hospitalar – Equip de Manutenção da Vida, Equip de Diagnóstico e Infra - 2025 ri rio caete",20,"Tabela 22 – Caracterização Hospitalar – Equip de Manutenção da Vida, Equip de Diagnóstico e Infra - 2025 ri rio caete","..\..\Desktop\tabelas-powerBI\9 Rio Caeté\Tabela 22 – Caracterização Hospitalar – Equip de Manutenção da Vida, Equip de Diagnóstico e Infra - 2025 ri rio caete.xlsx",Rio Caeté,239,0.0
Primavera,9 Rio Caeté,22,"Tabela 22 – Caracterização Hospitalar – Equip de Manutenção da Vida, Equip de Diagnóstico e Infra - 2025 ri rio caete",20,"Tabela 22 – Caracterização Hospitalar – Equip de Manutenção da Vida, Equip de Diagnóstico e Infra - 2025 ri rio caete","..\..\Desktop\tabelas-powerBI\9 Rio Caeté\Tabela 22 – Caracterização Hospitalar – Equip de Manutenção da Vida, Equip de Diagnóstico e Infra - 2025 ri rio caete.xlsx",Rio Caeté,239,0.0
Quatipuru,9 Rio Caeté,22,"Tabela 22 – Caracterização Hospitalar – Equip de Manutenção da Vida, Equip de Diagnóstico e Infra - 2025 ri rio caete",20,"Tabela 22 – Caracterização Hospitalar – Equip de Manutenção da Vida, Equip de Diagnóstico e Infra - 2025 ri rio caete","..\..\Desktop\tabelas-powerBI\9 Rio Caeté\Tabela 22 – Caracterização Hospitalar – Equip de Manutenção da Vida, Equip de Diagnóstico e Infra - 2025 ri rio caete.xlsx",Rio Caeté,239,0.0
Salinópolis,9 Rio Caeté,22,"Tabela 22 – Caracterização Hospitalar – Equip de Manutenção da Vida, Equip de Diagnóstico e Infra - 2025 ri rio caete",20,"Tabela 22 – Caracterização Hospitalar – Equip de Manutenção da Vida, Equip de Diagnóstico e Infra - 2025 ri rio caete","..\..\Desktop\tabelas-powerBI\9 Rio Caeté\Tabela 22 – Caracterização Hospitalar – Equip de Manutenção da Vida, Equip de Diagnóstico e Infra - 2025 ri rio caete.xlsx",Rio Caeté,239,1.0
Santa Luzia do Pará,9 Rio Caeté,22,"Tabela 22 – Caracterização Hospitalar – Equip de Manutenção da Vida, Equip de Diagnóstico e Infra - 2025 ri rio caete",20,"Tabela 22 – Caracterização Hospitalar – Equip de Manutenção da Vida, Equip de Diagnóstico e Infra - 2025 ri rio caete","..\..\Desktop\tabelas-powerBI\9 Rio Caeté\Tabela 22 – Caracterização Hospitalar – Equip de Manutenção da Vida, Equip de Diagnóstico e Infra - 2025 ri rio caete.xlsx",Rio Caeté,239,0.0
Santarém Novo,9 Rio Caeté,22,"Tabela 22 – Caracterização Hospitalar – Equip de Manutenção da Vida, Equip de Diagnóstico e Infra - 2025 ri rio caete",20,"Tabela 22 – Caracterização Hospitalar – Equip de Manutenção da Vida, Equip de Diagnóstico e Infra - 2025 ri rio caete","..\..\Desktop\tabelas-powerBI\9 Rio Caeté\Tabela 22 – Caracterização Hospitalar – Equip de Manutenção da Vida, Equip de Diagnóstico e Infra - 2025 ri rio caete.xlsx",Rio Caeté,239,0.0
São João de Pirabas,9 Rio Caeté,22,"Tabela 22 – Caracterização Hospitalar – Equip de Manutenção da Vida, Equip de Diagnóstico e Infra - 2025 ri rio caete",20,"Tabela 22 – Caracterização Hospitalar – Equip de Manutenção da Vida, Equip de Diagnóstico e Infra - 2025 ri rio caete","..\..\Desktop\tabelas-powerBI\9 Rio Caeté\Tabela 22 – Caracterização Hospitalar – Equip de Manutenção da Vida, Equip de Diagnóstico e Infra - 2025 ri rio caete.xlsx",Rio Caeté,239,0.0
Tracuateua,9 Rio Caeté,22,"Tabela 22 – Caracterização Hospitalar – Equip de Manutenção da Vida, Equip de Diagnóstico e Infra - 2025 ri rio caete",20,"Tabela 22 – Caracterização Hospitalar – Equip de Manutenção da Vida, Equip de Diagnóstico e Infra - 2025 ri rio caete","..\..\Desktop\tabelas-powerBI\9 Rio Caeté\Tabela 22 – Caracterização Hospitalar – Equip de Manutenção da Vida, Equip de Diagnóstico e Infra - 2025 ri rio caete.xlsx",Rio Caeté,239,0.0
Viseu,9 Rio Caeté,22,"Tabela 22 – Caracterização Hospitalar – Equip de Manutenção da Vida, Equip de Diagnóstico e Infra - 2025 ri rio caete",20,"Tabela 22 – Caracterização Hospitalar – Equip de Manutenção da Vida, Equip de Diagnóstico e Infra - 2025 ri rio caete","..\..\Desktop\tabelas-powerBI\9 Rio Caeté\Tabela 22 – Caracterização Hospitalar – Equip de Manutenção da Vida, Equip de Diagnóstico e Infra - 2025 ri rio caete.xlsx",Rio Caeté,239,0.0
Fonte: DATASUS,9 Rio Caeté,22,"Tabela 22 – Caracterização Hospitalar – Equip de Manutenção da Vida, Equip de Diagnóstico e Infra - 2025 ri rio caete",20,"Tabela 22 – Caracterização Hospitalar – Equip de Manutenção da Vida, Equip de Diagnóstico e Infra - 2025 ri rio caete","..\..\Desktop\tabelas-powerBI\9 Rio Caeté\Tabela 22 – Caracterização Hospitalar – Equip de Manutenção da Vida, Equip de Diagnóstico e Infra - 2025 ri rio caete.xlsx",Rio Caeté,239,
Elaboração: FAPESPA,9 Rio Caeté,22,"Tabela 22 – Caracterização Hospitalar – Equip de Manutenção da Vida, Equip de Diagnóstico e Infra - 2025 ri rio caete",20,"Tabela 22 – Caracterização Hospitalar – Equip de Manutenção da Vida, Equip de Diagnóstico e Infra - 2025 ri rio caete","..\..\Desktop\tabelas-powerBI\9 Rio Caeté\Tabela 22 – Caracterização Hospitalar – Equip de Manutenção da Vida, Equip de Diagnóstico e Infra - 2025 ri rio caete.xlsx",Rio Caeté,239,
*Nota: Dados referentes a Outubro/2025.,9 Rio Caeté,22,"Tabela 22 – Caracterização Hospitalar – Equip de Manutenção da Vida, Equip de Diagnóstico e Infra - 2025 ri rio caete",20,"Tabela 22 – Caracterização Hospitalar – Equip de Manutenção da Vida, Equip de Diagnóstico e Infra - 2025 ri rio caete","..\..\Desktop\tabelas-powerBI\9 Rio Caeté\Tabela 22 – Caracterização Hospitalar – Equip de Manutenção da Vida, Equip de Diagnóstico e Infra - 2025 ri rio caete.xlsx",Rio Caeté,239,
RI Rio Caeté,9 Rio Caeté,22,"Tabela 22 – Caracterização Hospitalar – Equip de Manutenção da Vida, Equip de Diagnóstico e Infra - 2025 ri rio caete",20,"Tabela 22 – Caracterização Hospitalar – Equip de Manutenção da Vida, Equip de Diagnóstico e Infra - 2025 ri rio caete","..\..\Desktop\tabelas-powerBI\9 Rio Caeté\Tabela 22 – Caracterização Hospitalar – Equip de Manutenção da Vida, Equip de Diagnóstico e Infra - 2025 ri rio caete.xlsx",Rio Caeté,234,10.0
Augusto Corrêa,9 Rio Caeté,22,"Tabela 22 – Caracterização Hospitalar – Equip de Manutenção da Vida, Equip de Diagnóstico e Infra - 2025 ri rio caete",20,"Tabela 22 – Caracterização Hospitalar – Equip de Manutenção da Vida, Equip de Diagnóstico e Infra - 2025 ri rio caete","..\..\Desktop\tabelas-powerBI\9 Rio Caeté\Tabela 22 – Caracterização Hospitalar – Equip de Manutenção da Vida, Equip de Diagnóstico e Infra - 2025 ri rio caete.xlsx",Rio Caeté,234,1.0
Bonito,9 Rio Caeté,22,"Tabela 22 – Caracterização Hospitalar – Equip de Manutenção da Vida, Equip de Diagnóstico e Infra - 2025 ri rio caete",20,"Tabela 22 – Caracterização Hospitalar – Equip de Manutenção da Vida, Equip de Diagnóstico e Infra - 2025 ri rio caete","..\..\Desktop\tabelas-powerBI\9 Rio Caeté\Tabela 22 – Caracterização Hospitalar – Equip de Manutenção da Vida, Equip de Diagnóstico e Infra - 2025 ri rio caete.xlsx",Rio Caeté,234,0.0
Bragança,9 Rio Caeté,22,"Tabela 22 – Caracterização Hospitalar – Equip de Manutenção da Vida, Equip de Diagnóstico e Infra - 2025 ri rio caete",20,"Tabela 22 – Caracterização Hospitalar – Equip de Manutenção da Vida, Equip de Diagnóstico e Infra - 2025 ri rio caete","..\..\Desktop\tabelas-powerBI\9 Rio Caeté\Tabela 22 – Caracterização Hospitalar – Equip de Manutenção da Vida, Equip de Diagnóstico e Infra - 2025 ri rio caete.xlsx",Rio Caeté,234,4.0
Cachoeira do Piriá,9 Rio Caeté,22,"Tabela 22 – Caracterização Hospitalar – Equip de Manutenção da Vida, Equip de Diagnóstico e Infra - 2025 ri rio caete",20,"Tabela 22 – Caracterização Hospitalar – Equip de Manutenção da Vida, Equip de Diagnóstico e Infra - 2025 ri rio caete","..\..\Desktop\tabelas-powerBI\9 Rio Caeté\Tabela 22 – Caracterização Hospitalar – Equip de Manutenção da Vida, Equip de Diagnóstico e Infra - 2025 ri rio caete.xlsx",Rio Caeté,234,0.0
Capanema,9 Rio Caeté,22,"Tabela 22 – Caracterização Hospitalar – Equip de Manutenção da Vida, Equip de Diagnóstico e Infra - 2025 ri rio caete",20,"Tabela 22 – Caracterização Hospitalar – Equip de Manutenção da Vida, Equip de Diagnóstico e Infra - 2025 ri rio caete","..\..\Desktop\tabelas-powerBI\9 Rio Caeté\Tabela 22 – Caracterização Hospitalar – Equip de Manutenção da Vida, Equip de Diagnóstico e Infra - 2025 ri rio caete.xlsx",Rio Caeté,234,4.0
Nova Timboteua,9 Rio Caeté,22,"Tabela 22 – Caracterização Hospitalar – Equip de Manutenção da Vida, Equip de Diagnóstico e Infra - 2025 ri rio caete",20,"Tabela 22 – Caracterização Hospitalar – Equip de Manutenção da Vida, Equip de Diagnóstico e Infra - 2025 ri rio caete","..\..\Desktop\tabelas-powerBI\9 Rio Caeté\Tabela 22 – Caracterização Hospitalar – Equip de Manutenção da Vida, Equip de Diagnóstico e Infra - 2025 ri rio caete.xlsx",Rio Caeté,234,0.0
Peixe-Boi,9 Rio Caeté,22,"Tabela 22 – Caracterização Hospitalar – Equip de Manutenção da Vida, Equip de Diagnóstico e Infra - 2025 ri rio caete",20,"Tabela 22 – Caracterização Hospitalar – Equip de Manutenção da Vida, Equip de Diagnóstico e Infra - 2025 ri rio caete","..\..\Desktop\tabelas-powerBI\9 Rio Caeté\Tabela 22 – Caracterização Hospitalar – Equip de Manutenção da Vida, Equip de Diagnóstico e Infra - 2025 ri rio caete.xlsx",Rio Caeté,234,0.0
Primavera,9 Rio Caeté,22,"Tabela 22 – Caracterização Hospitalar – Equip de Manutenção da Vida, Equip de Diagnóstico e Infra - 2025 ri rio caete",20,"Tabela 22 – Caracterização Hospitalar – Equip de Manutenção da Vida, Equip de Diagnóstico e Infra - 2025 ri rio caete","..\..\Desktop\tabelas-powerBI\9 Rio Caeté\Tabela 22 – Caracterização Hospitalar – Equip de Manutenção da Vida, Equip de Diagnóstico e Infra - 2025 ri rio caete.xlsx",Rio Caeté,234,0.0
Quatipuru,9 Rio Caeté,22,"Tabela 22 – Caracterização Hospitalar – Equip de Manutenção da Vida, Equip de Diagnóstico e Infra - 2025 ri rio caete",20,"Tabela 22 – Caracterização Hospitalar – Equip de Manutenção da Vida, Equip de Diagnóstico e Infra - 2025 ri rio caete","..\..\Desktop\tabelas-powerBI\9 Rio Caeté\Tabela 22 – Caracterização Hospitalar – Equip de Manutenção da Vida, Equip de Diagnóstico e Infra - 2025 ri rio caete.xlsx",Rio Caeté,234,0.0
Salinópolis,9 Rio Caeté,22,"Tabela 22 – Caracterização Hospitalar – Equip de Manutenção da Vida, Equip de Diagnóstico e Infra - 2025 ri rio caete",20,"Tabela 22 – Caracterização Hospitalar – Equip de Manutenção da Vida, Equip de Diagnóstico e Infra - 2025 ri rio caete","..\..\Desktop\tabelas-powerBI\9 Rio Caeté\Tabela 22 – Caracterização Hospitalar – Equip de Manutenção da Vida, Equip de Diagnóstico e Infra - 2025 ri rio caete.xlsx",Rio Caeté,234,1.0
Santa Luzia do Pará,9 Rio Caeté,22,"Tabela 22 – Caracterização Hospitalar – Equip de Manutenção da Vida, Equip de Diagnóstico e Infra - 2025 ri rio caete",20,"Tabela 22 – Caracterização Hospitalar – Equip de Manutenção da Vida, Equip de Diagnóstico e Infra - 2025 ri rio caete","..\..\Desktop\tabelas-powerBI\9 Rio Caeté\Tabela 22 – Caracterização Hospitalar – Equip de Manutenção da Vida, Equip de Diagnóstico e Infra - 2025 ri rio caete.xlsx",Rio Caeté,234,0.0
Santarém Novo,9 Rio Caeté,22,"Tabela 22 – Caracterização Hospitalar – Equip de Manutenção da Vida, Equip de Diagnóstico e Infra - 2025 ri rio caete",20,"Tabela 22 – Caracterização Hospitalar – Equip de Manutenção da Vida, Equip de Diagnóstico e Infra - 2025 ri rio caete","..\..\Desktop\tabelas-powerBI\9 Rio Caeté\Tabela 22 – Caracterização Hospitalar – Equip de Manutenção da Vida, Equip de Diagnóstico e Infra - 2025 ri rio caete.xlsx",Rio Caeté,234,0.0
São João de Pirabas,9 Rio Caeté,22,"Tabela 22 – Caracterização Hospitalar – Equip de Manutenção da Vida, Equip de Diagnóstico e Infra - 2025 ri rio caete",20,"Tabela 22 – Caracterização Hospitalar – Equip de Manutenção da Vida, Equip de Diagnóstico e Infra - 2025 ri rio caete","..\..\Desktop\tabelas-powerBI\9 Rio Caeté\Tabela 22 – Caracterização Hospitalar – Equip de Manutenção da Vida, Equip de Diagnóstico e Infra - 2025 ri rio caete.xlsx",Rio Caeté,234,0.0
Tracuateua,9 Rio Caeté,22,"Tabela 22 – Caracterização Hospitalar – Equip de Manutenção da Vida, Equip de Diagnóstico e Infra - 2025 ri rio caete",20,"Tabela 22 – Caracterização Hospitalar – Equip de Manutenção da Vida, Equip de Diagnóstico e Infra - 2025 ri rio caete","..\..\Desktop\tabelas-powerBI\9 Rio Caeté\Tabela 22 – Caracterização Hospitalar – Equip de Manutenção da Vida, Equip de Diagnóstico e Infra - 2025 ri rio caete.xlsx",Rio Caeté,234,0.0
Viseu,9 Rio Caeté,22,"Tabela 22 – Caracterização Hospitalar – Equip de Manutenção da Vida, Equip de Diagnóstico e Infra - 2025 ri rio caete",20,"Tabela 22 – Caracterização Hospitalar – Equip de Manutenção da Vida, Equip de Diagnóstico e Infra - 2025 ri rio caete","..\..\Desktop\tabelas-powerBI\9 Rio Caeté\Tabela 22 – Caracterização Hospitalar – Equip de Manutenção da Vida, Equip de Diagnóstico e Infra - 2025 ri rio caete.xlsx",Rio Caeté,234,0.0
Fonte: DATASUS,9 Rio Caeté,22,"Tabela 22 – Caracterização Hospitalar – Equip de Manutenção da Vida, Equip de Diagnóstico e Infra - 2025 ri rio caete",20,"Tabela 22 – Caracterização Hospitalar – Equip de Manutenção da Vida, Equip de Diagnóstico e Infra - 2025 ri rio caete","..\..\Desktop\tabelas-powerBI\9 Rio Caeté\Tabela 22 – Caracterização Hospitalar – Equip de Manutenção da Vida, Equip de Diagnóstico e Infra - 2025 ri rio caete.xlsx",Rio Caeté,234,
Elaboração: FAPESPA,9 Rio Caeté,22,"Tabela 22 – Caracterização Hospitalar – Equip de Manutenção da Vida, Equip de Diagnóstico e Infra - 2025 ri rio caete",20,"Tabela 22 – Caracterização Hospitalar – Equip de Manutenção da Vida, Equip de Diagnóstico e Infra - 2025 ri rio caete","..\..\Desktop\tabelas-powerBI\9 Rio Caeté\Tabela 22 – Caracterização Hospitalar – Equip de Manutenção da Vida, Equip de Diagnóstico e Infra - 2025 ri rio caete.xlsx",Rio Caeté,234,
*Nota: Dados referentes a Outubro/2025.,9 Rio Caeté,22,"Tabela 22 – Caracterização Hospitalar – Equip de Manutenção da Vida, Equip de Diagnóstico e Infra - 2025 ri rio caete",20,"Tabela 22 – Caracterização Hospitalar – Equip de Manutenção da Vida, Equip de Diagnóstico e Infra - 2025 ri rio caete","..\..\Desktop\tabelas-powerBI\9 Rio Caeté\Tabela 22 – Caracterização Hospitalar – Equip de Manutenção da Vida, Equip de Diagnóstico e Infra - 2025 ri rio caete.xlsx",Rio Caeté,234,
RI Rio Caeté,9 Rio Caeté,22,"Tabela 22 – Caracterização Hospitalar – Equip de Manutenção da Vida, Equip de Diagnóstico e Infra - 2025 ri rio caete",20,"Tabela 22 – Caracterização Hospitalar – Equip de Manutenção da Vida, Equip de Diagnóstico e Infra - 2025 ri rio caete","..\..\Desktop\tabelas-powerBI\9 Rio Caeté\Tabela 22 – Caracterização Hospitalar – Equip de Manutenção da Vida, Equip de Diagnóstico e Infra - 2025 ri rio caete.xlsx",Rio Caeté,746,50.0
Augusto Corrêa,9 Rio Caeté,22,"Tabela 22 – Caracterização Hospitalar – Equip de Manutenção da Vida, Equip de Diagnóstico e Infra - 2025 ri rio caete",20,"Tabela 22 – Caracterização Hospitalar – Equip de Manutenção da Vida, Equip de Diagnóstico e Infra - 2025 ri rio caete","..\..\Desktop\tabelas-powerBI\9 Rio Caeté\Tabela 22 – Caracterização Hospitalar – Equip de Manutenção da Vida, Equip de Diagnóstico e Infra - 2025 ri rio caete.xlsx",Rio Caeté,746,2.0
Bonito,9 Rio Caeté,22,"Tabela 22 – Caracterização Hospitalar – Equip de Manutenção da Vida, Equip de Diagnóstico e Infra - 2025 ri rio caete",20,"Tabela 22 – Caracterização Hospitalar – Equip de Manutenção da Vida, Equip de Diagnóstico e Infra - 2025 ri rio caete","..\..\Desktop\tabelas-powerBI\9 Rio Caeté\Tabela 22 – Caracterização Hospitalar – Equip de Manutenção da Vida, Equip de Diagnóstico e Infra - 2025 ri rio caete.xlsx",Rio Caeté,746,1.0
Bragança,9 Rio Caeté,22,"Tabela 22 – Caracterização Hospitalar – Equip de Manutenção da Vida, Equip de Diagnóstico e Infra - 2025 ri rio caete",20,"Tabela 22 – Caracterização Hospitalar – Equip de Manutenção da Vida, Equip de Diagnóstico e Infra - 2025 ri rio caete","..\..\Desktop\tabelas-powerBI\9 Rio Caeté\Tabela 22 – Caracterização Hospitalar – Equip de Manutenção da Vida, Equip de Diagnóstico e Infra - 2025 ri rio caete.xlsx",Rio Caeté,746,9.0
Cachoeira do Piriá,9 Rio Caeté,22,"Tabela 22 – Caracterização Hospitalar – Equip de Manutenção da Vida, Equip de Diagnóstico e Infra - 2025 ri rio caete",20,"Tabela 22 – Caracterização Hospitalar – Equip de Manutenção da Vida, Equip de Diagnóstico e Infra - 2025 ri rio caete","..\..\Desktop\tabelas-powerBI\9 Rio Caeté\Tabela 22 – Caracterização Hospitalar – Equip de Manutenção da Vida, Equip de Diagnóstico e Infra - 2025 ri rio caete.xlsx",Rio Caeté,746,3.0
Capanema,9 Rio Caeté,22,"Tabela 22 – Caracterização Hospitalar – Equip de Manutenção da Vida, Equip de Diagnóstico e Infra - 2025 ri rio caete",20,"Tabela 22 – Caracterização Hospitalar – Equip de Manutenção da Vida, Equip de Diagnóstico e Infra - 2025 ri rio caete","..\..\Desktop\tabelas-powerBI\9 Rio Caeté\Tabela 22 – Caracterização Hospitalar – Equip de Manutenção da Vida, Equip de Diagnóstico e Infra - 2025 ri rio caete.xlsx",Rio Caeté,746,13.0
Nova Timboteua,9 Rio Caeté,22,"Tabela 22 – Caracterização Hospitalar – Equip de Manutenção da Vida, Equip de Diagnóstico e Infra - 2025 ri rio caete",20,"Tabela 22 – Caracterização Hospitalar – Equip de Manutenção da Vida, Equip de Diagnóstico e Infra - 2025 ri rio caete","..\..\Desktop\tabelas-powerBI\9 Rio Caeté\Tabela 22 – Caracterização Hospitalar – Equip de Manutenção da Vida, Equip de Diagnóstico e Infra - 2025 ri rio caete.xlsx",Rio Caeté,746,1.0
Peixe-Boi,9 Rio Caeté,22,"Tabela 22 – Caracterização Hospitalar – Equip de Manutenção da Vida, Equip de Diagnóstico e Infra - 2025 ri rio caete",20,"Tabela 22 – Caracterização Hospitalar – Equip de Manutenção da Vida, Equip de Diagnóstico e Infra - 2025 ri rio caete","..\..\Desktop\tabelas-powerBI\9 Rio Caeté\Tabela 22 – Caracterização Hospitalar – Equip de Manutenção da Vida, Equip de Diagnóstico e Infra - 2025 ri rio caete.xlsx",Rio Caeté,746,1.0
Primavera,9 Rio Caeté,22,"Tabela 22 – Caracterização Hospitalar – Equip de Manutenção da Vida, Equip de Diagnóstico e Infra - 2025 ri rio caete",20,"Tabela 22 – Caracterização Hospitalar – Equip de Manutenção da Vida, Equip de Diagnóstico e Infra - 2025 ri rio caete","..\..\Desktop\tabelas-powerBI\9 Rio Caeté\Tabela 22 – Caracterização Hospitalar – Equip de Manutenção da Vida, Equip de Diagnóstico e Infra - 2025 ri rio caete.xlsx",Rio Caeté,746,1.0
Quatipuru,9 Rio Caeté,22,"Tabela 22 – Caracterização Hospitalar – Equip de Manutenção da Vida, Equip de Diagnóstico e Infra - 2025 ri rio caete",20,"Tabela 22 – Caracterização Hospitalar – Equip de Manutenção da Vida, Equip de Diagnóstico e Infra - 2025 ri rio caete","..\..\Desktop\tabelas-powerBI\9 Rio Caeté\Tabela 22 – Caracterização Hospitalar – Equip de Manutenção da Vida, Equip de Diagnóstico e Infra - 2025 ri rio caete.xlsx",Rio Caeté,746,2.0
Salinópolis,9 Rio Caeté,22,"Tabela 22 – Caracterização Hospitalar – Equip de Manutenção da Vida, Equip de Diagnóstico e Infra - 2025 ri rio caete",20,"Tabela 22 – Caracterização Hospitalar – Equip de Manutenção da Vida, Equip de Diagnóstico e Infra - 2025 ri rio caete","..\..\Desktop\tabelas-powerBI\9 Rio Caeté\Tabela 22 – Caracterização Hospitalar – Equip de Manutenção da Vida, Equip de Diagnóstico e Infra - 2025 ri rio caete.xlsx",Rio Caeté,746,5.0
Santa Luzia do Pará,9 Rio Caeté,22,"Tabela 22 – Caracterização Hospitalar – Equip de Manutenção da Vida, Equip de Diagnóstico e Infra - 2025 ri rio caete",20,"Tabela 22 – Caracterização Hospitalar – Equip de Manutenção da Vida, Equip de Diagnóstico e Infra - 2025 ri rio caete","..\..\Desktop\tabelas-powerBI\9 Rio Caeté\Tabela 22 – Caracterização Hospitalar – Equip de Manutenção da Vida, Equip de Diagnóstico e Infra - 2025 ri rio caete.xlsx",Rio Caeté,746,1.0
Santarém Novo,9 Rio Caeté,22,"Tabela 22 – Caracterização Hospitalar – Equip de Manutenção da Vida, Equip de Diagnóstico e Infra - 2025 ri rio caete",20,"Tabela 22 – Caracterização Hospitalar – Equip de Manutenção da Vida, Equip de Diagnóstico e Infra - 2025 ri rio caete","..\..\Desktop\tabelas-powerBI\9 Rio Caeté\Tabela 22 – Caracterização Hospitalar – Equip de Manutenção da Vida, Equip de Diagnóstico e Infra - 2025 ri rio caete.xlsx",Rio Caeté,746,1.0
São João de Pirabas,9 Rio Caeté,22,"Tabela 22 – Caracterização Hospitalar – Equip de Manutenção da Vida, Equip de Diagnóstico e Infra - 2025 ri rio caete",20,"Tabela 22 – Caracterização Hospitalar – Equip de Manutenção da Vida, Equip de Diagnóstico e Infra - 2025 ri rio caete","..\..\Desktop\tabelas-powerBI\9 Rio Caeté\Tabela 22 – Caracterização Hospitalar – Equip de Manutenção da Vida, Equip de Diagnóstico e Infra - 2025 ri rio caete.xlsx",Rio Caeté,746,2.0
Tracuateua,9 Rio Caeté,22,"Tabela 22 – Caracterização Hospitalar – Equip de Manutenção da Vida, Equip de Diagnóstico e Infra - 2025 ri rio caete",20,"Tabela 22 – Caracterização Hospitalar – Equip de Manutenção da Vida, Equip de Diagnóstico e Infra - 2025 ri rio caete","..\..\Desktop\tabelas-powerBI\9 Rio Caeté\Tabela 22 – Caracterização Hospitalar – Equip de Manutenção da Vida, Equip de Diagnóstico e Infra - 2025 ri rio caete.xlsx",Rio Caeté,746,1.0
Viseu,9 Rio Caeté,22,"Tabela 22 – Caracterização Hospitalar – Equip de Manutenção da Vida, Equip de Diagnóstico e Infra - 2025 ri rio caete",20,"Tabela 22 – Caracterização Hospitalar – Equip de Manutenção da Vida, Equip de Diagnóstico e Infra - 2025 ri rio caete","..\..\Desktop\tabelas-powerBI\9 Rio Caeté\Tabela 22 – Caracterização Hospitalar – Equip de Manutenção da Vida, Equip de Diagnóstico e Infra - 2025 ri rio caete.xlsx",Rio Caeté,746,7.0
Fonte: DATASUS,9 Rio Caeté,22,"Tabela 22 – Caracterização Hospitalar – Equip de Manutenção da Vida, Equip de Diagnóstico e Infra - 2025 ri rio caete",20,"Tabela 22 – Caracterização Hospitalar – Equip de Manutenção da Vida, Equip de Diagnóstico e Infra - 2025 ri rio caete","..\..\Desktop\tabelas-powerBI\9 Rio Caeté\Tabela 22 – Caracterização Hospitalar – Equip de Manutenção da Vida, Equip de Diagnóstico e Infra - 2025 ri rio caete.xlsx",Rio Caeté,746,
Elaboração: FAPESPA,9 Rio Caeté,22,"Tabela 22 – Caracterização Hospitalar – Equip de Manutenção da Vida, Equip de Diagnóstico e Infra - 2025 ri rio caete",20,"Tabela 22 – Caracterização Hospitalar – Equip de Manutenção da Vida, Equip de Diagnóstico e Infra - 2025 ri rio caete","..\..\Desktop\tabelas-powerBI\9 Rio Caeté\Tabela 22 – Caracterização Hospitalar – Equip de Manutenção da Vida, Equip de Diagnóstico e Infra - 2025 ri rio caete.xlsx",Rio Caeté,746,
*Nota: Dados referentes a Outubro/2025.,9 Rio Caeté,22,"Tabela 22 – Caracterização Hospitalar – Equip de Manutenção da Vida, Equip de Diagnóstico e Infra - 2025 ri rio caete",20,"Tabela 22 – Caracterização Hospitalar – Equip de Manutenção da Vida, Equip de Diagnóstico e Infra - 2025 ri rio caete","..\..\Desktop\tabelas-powerBI\9 Rio Caeté\Tabela 22 – Caracterização Hospitalar – Equip de Manutenção da Vida, Equip de Diagnóstico e Infra - 2025 ri rio caete.xlsx",Rio Caeté,746,
RI Rio Caeté,9 Rio Caeté,22,"Tabela 22 – Caracterização Hospitalar – Equip de Manutenção da Vida, Equip de Diagnóstico e Infra - 2025 ri rio caete",20,"Tabela 22 – Caracterização Hospitalar – Equip de Manutenção da Vida, Equip de Diagnóstico e Infra - 2025 ri rio caete","..\..\Desktop\tabelas-powerBI\9 Rio Caeté\Tabela 22 – Caracterização Hospitalar – Equip de Manutenção da Vida, Equip de Diagnóstico e Infra - 2025 ri rio caete.xlsx",Rio Caeté,720,49.0
Augusto Corrêa,9 Rio Caeté,22,"Tabela 22 – Caracterização Hospitalar – Equip de Manutenção da Vida, Equip de Diagnóstico e Infra - 2025 ri rio caete",20,"Tabela 22 – Caracterização Hospitalar – Equip de Manutenção da Vida, Equip de Diagnóstico e Infra - 2025 ri rio caete","..\..\Desktop\tabelas-powerBI\9 Rio Caeté\Tabela 22 – Caracterização Hospitalar – Equip de Manutenção da Vida, Equip de Diagnóstico e Infra - 2025 ri rio caete.xlsx",Rio Caeté,720,2.0
Bonito,9 Rio Caeté,22,"Tabela 22 – Caracterização Hospitalar – Equip de Manutenção da Vida, Equip de Diagnóstico e Infra - 2025 ri rio caete",20,"Tabela 22 – Caracterização Hospitalar – Equip de Manutenção da Vida, Equip de Diagnóstico e Infra - 2025 ri rio caete","..\..\Desktop\tabelas-powerBI\9 Rio Caeté\Tabela 22 – Caracterização Hospitalar – Equip de Manutenção da Vida, Equip de Diagnóstico e Infra - 2025 ri rio caete.xlsx",Rio Caeté,720,1.0
Bragança,9 Rio Caeté,22,"Tabela 22 – Caracterização Hospitalar – Equip de Manutenção da Vida, Equip de Diagnóstico e Infra - 2025 ri rio caete",20,"Tabela 22 – Caracterização Hospitalar – Equip de Manutenção da Vida, Equip de Diagnóstico e Infra - 2025 ri rio caete","..\..\Desktop\tabelas-powerBI\9 Rio Caeté\Tabela 22 – Caracterização Hospitalar – Equip de Manutenção da Vida, Equip de Diagnóstico e Infra - 2025 ri rio caete.xlsx",Rio Caeté,720,9.0
Cachoeira do Piriá,9 Rio Caeté,22,"Tabela 22 – Caracterização Hospitalar – Equip de Manutenção da Vida, Equip de Diagnóstico e Infra - 2025 ri rio caete",20,"Tabela 22 – Caracterização Hospitalar – Equip de Manutenção da Vida, Equip de Diagnóstico e Infra - 2025 ri rio caete","..\..\Desktop\tabelas-powerBI\9 Rio Caeté\Tabela 22 – Caracterização Hospitalar – Equip de Manutenção da Vida, Equip de Diagnóstico e Infra - 2025 ri rio caete.xlsx",Rio Caeté,720,3.0
Capanema,9 Rio Caeté,22,"Tabela 22 – Caracterização Hospitalar – Equip de Manutenção da Vida, Equip de Diagnóstico e Infra - 2025 ri rio caete",20,"Tabela 22 – Caracterização Hospitalar – Equip de Manutenção da Vida, Equip de Diagnóstico e Infra - 2025 ri rio caete","..\..\Desktop\tabelas-powerBI\9 Rio Caeté\Tabela 22 – Caracterização Hospitalar – Equip de Manutenção da Vida, Equip de Diagnóstico e Infra - 2025 ri rio caete.xlsx",Rio Caeté,720,13.0
Nova Timboteua,9 Rio Caeté,22,"Tabela 22 – Caracterização Hospitalar – Equip de Manutenção da Vida, Equip de Diagnóstico e Infra - 2025 ri rio caete",20,"Tabela 22 – Caracterização Hospitalar – Equip de Manutenção da Vida, Equip de Diagnóstico e Infra - 2025 ri rio caete","..\..\Desktop\tabelas-powerBI\9 Rio Caeté\Tabela 22 – Caracterização Hospitalar – Equip de Manutenção da Vida, Equip de Diagnóstico e Infra - 2025 ri rio caete.xlsx",Rio Caeté,720,1.0
Peixe-Boi,9 Rio Caeté,22,"Tabela 22 – Caracterização Hospitalar – Equip de Manutenção da Vida, Equip de Diagnóstico e Infra - 2025 ri rio caete",20,"Tabela 22 – Caracterização Hospitalar – Equip de Manutenção da Vida, Equip de Diagnóstico e Infra - 2025 ri rio caete","..\..\Desktop\tabelas-powerBI\9 Rio Caeté\Tabela 22 – Caracterização Hospitalar – Equip de Manutenção da Vida, Equip de Diagnóstico e Infra - 2025 ri rio caete.xlsx",Rio Caeté,720,1.0
Primavera,9 Rio Caeté,22,"Tabela 22 – Caracterização Hospitalar – Equip de Manutenção da Vida, Equip de Diagnóstico e Infra - 2025 ri rio caete",20,"Tabela 22 – Caracterização Hospitalar – Equip de Manutenção da Vida, Equip de Diagnóstico e Infra - 2025 ri rio caete","..\..\Desktop\tabelas-powerBI\9 Rio Caeté\Tabela 22 – Caracterização Hospitalar – Equip de Manutenção da Vida, Equip de Diagnóstico e Infra - 2025 ri rio caete.xlsx",Rio Caeté,720,1.0
Quatipuru,9 Rio Caeté,22,"Tabela 22 – Caracterização Hospitalar – Equip de Manutenção da Vida, Equip de Diagnóstico e Infra - 2025 ri rio caete",20,"Tabela 22 – Caracterização Hospitalar – Equip de Manutenção da Vida, Equip de Diagnóstico e Infra - 2025 ri rio caete","..\..\Desktop\tabelas-powerBI\9 Rio Caeté\Tabela 22 – Caracterização Hospitalar – Equip de Manutenção da Vida, Equip de Diagnóstico e Infra - 2025 ri rio caete.xlsx",Rio Caeté,720,2.0
Salinópolis,9 Rio Caeté,22,"Tabela 22 – Caracterização Hospitalar – Equip de Manutenção da Vida, Equip de Diagnóstico e Infra - 2025 ri rio caete",20,"Tabela 22 – Caracterização Hospitalar – Equip de Manutenção da Vida, Equip de Diagnóstico e Infra - 2025 ri rio caete","..\..\Desktop\tabelas-powerBI\9 Rio Caeté\Tabela 22 – Caracterização Hospitalar – Equip de Manutenção da Vida, Equip de Diagnóstico e Infra - 2025 ri rio caete.xlsx",Rio Caeté,720,5.0
Santa Luzia do Pará,9 Rio Caeté,22,"Tabela 22 – Caracterização Hospitalar – Equip de Manutenção da Vida, Equip de Diagnóstico e Infra - 2025 ri rio caete",20,"Tabela 22 – Caracterização Hospitalar – Equip de Manutenção da Vida, Equip de Diagnóstico e Infra - 2025 ri rio caete","..\..\Desktop\tabelas-powerBI\9 Rio Caeté\Tabela 22 – Caracterização Hospitalar – Equip de Manutenção da Vida, Equip de Diagnóstico e Infra - 2025 ri rio caete.xlsx",Rio Caeté,720,1.0
Santarém Novo,9 Rio Caeté,22,"Tabela 22 – Caracterização Hospitalar – Equip de Manutenção da Vida, Equip de Diagnóstico e Infra - 2025 ri rio caete",20,"Tabela 22 – Caracterização Hospitalar – Equip de Manutenção da Vida, Equip de Diagnóstico e Infra - 2025 ri rio caete","..\..\Desktop\tabelas-powerBI\9 Rio Caeté\Tabela 22 – Caracterização Hospitalar – Equip de Manutenção da Vida, Equip de Diagnóstico e Infra - 2025 ri rio caete.xlsx",Rio Caeté,720,1.0
São João de Pirabas,9 Rio Caeté,22,"Tabela 22 – Caracterização Hospitalar – Equip de Manutenção da Vida, Equip de Diagnóstico e Infra - 2025 ri rio caete",20,"Tabela 22 – Caracterização Hospitalar – Equip de Manutenção da Vida, Equip de Diagnóstico e Infra - 2025 ri rio caete","..\..\Desktop\tabelas-powerBI\9 Rio Caeté\Tabela 22 – Caracterização Hospitalar – Equip de Manutenção da Vida, Equip de Diagnóstico e Infra - 2025 ri rio caete.xlsx",Rio Caeté,720,2.0
Tracuateua,9 Rio Caeté,22,"Tabela 22 – Caracterização Hospitalar – Equip de Manutenção da Vida, Equip de Diagnóstico e Infra - 2025 ri rio caete",20,"Tabela 22 – Caracterização Hospitalar – Equip de Manutenção da Vida, Equip de Diagnóstico e Infra - 2025 ri rio caete","..\..\Desktop\tabelas-powerBI\9 Rio Caeté\Tabela 22 – Caracterização Hospitalar – Equip de Manutenção da Vida, Equip de Diagnóstico e Infra - 2025 ri rio caete.xlsx",Rio Caeté,720,1.0
Viseu,9 Rio Caeté,22,"Tabela 22 – Caracterização Hospitalar – Equip de Manutenção da Vida, Equip de Diagnóstico e Infra - 2025 ri rio caete",20,"Tabela 22 – Caracterização Hospitalar – Equip de Manutenção da Vida, Equip de Diagnóstico e Infra - 2025 ri rio caete","..\..\Desktop\tabelas-powerBI\9 Rio Caeté\Tabela 22 – Caracterização Hospitalar – Equip de Manutenção da Vida, Equip de Diagnóstico e Infra - 2025 ri rio caete.xlsx",Rio Caeté,720,6.0
Fonte: DATASUS,9 Rio Caeté,22,"Tabela 22 – Caracterização Hospitalar – Equip de Manutenção da Vida, Equip de Diagnóstico e Infra - 2025 ri rio caete",20,"Tabela 22 – Caracterização Hospitalar – Equip de Manutenção da Vida, Equip de Diagnóstico e Infra - 2025 ri rio caete","..\..\Desktop\tabelas-powerBI\9 Rio Caeté\Tabela 22 – Caracterização Hospitalar – Equip de Manutenção da Vida, Equip de Diagnóstico e Infra - 2025 ri rio caete.xlsx",Rio Caeté,720,
Elaboração: FAPESPA,9 Rio Caeté,22,"Tabela 22 – Caracterização Hospitalar – Equip de Manutenção da Vida, Equip de Diagnóstico e Infra - 2025 ri rio caete",20,"Tabela 22 – Caracterização Hospitalar – Equip de Manutenção da Vida, Equip de Diagnóstico e Infra - 2025 ri rio caete","..\..\Desktop\tabelas-powerBI\9 Rio Caeté\Tabela 22 – Caracterização Hospitalar – Equip de Manutenção da Vida, Equip de Diagnóstico e Infra - 2025 ri rio caete.xlsx",Rio Caeté,720,
*Nota: Dados referentes a Outubro/2025.,9 Rio Caeté,22,"Tabela 22 – Caracterização Hospitalar – Equip de Manutenção da Vida, Equip de Diagnóstico e Infra - 2025 ri rio caete",20,"Tabela 22 – Caracterização Hospitalar – Equip de Manutenção da Vida, Equip de Diagnóstico e Infra - 2025 ri rio caete","..\..\Desktop\tabelas-powerBI\9 Rio Caeté\Tabela 22 – Caracterização Hospitalar – Equip de Manutenção da Vida, Equip de Diagnóstico e Infra - 2025 ri rio caete.xlsx",Rio Caeté,720,
RI Rio Caeté,9 Rio Caeté,22,"Tabela 22 – Caracterização Hospitalar – Equip de Manutenção da Vida, Equip de Diagnóstico e Infra - 2025 ri rio caete",20,"Tabela 22 – Caracterização Hospitalar – Equip de Manutenção da Vida, Equip de Diagnóstico e Infra - 2025 ri rio caete","..\..\Desktop\tabelas-powerBI\9 Rio Caeté\Tabela 22 – Caracterização Hospitalar – Equip de Manutenção da Vida, Equip de Diagnóstico e Infra - 2025 ri rio caete.xlsx",Rio Caeté,1199,58.0
Augusto Corrêa,9 Rio Caeté,22,"Tabela 22 – Caracterização Hospitalar – Equip de Manutenção da Vida, Equip de Diagnóstico e Infra - 2025 ri rio caete",20,"Tabela 22 – Caracterização Hospitalar – Equip de Manutenção da Vida, Equip de Diagnóstico e Infra - 2025 ri rio caete","..\..\Desktop\tabelas-powerBI\9 Rio Caeté\Tabela 22 – Caracterização Hospitalar – Equip de Manutenção da Vida, Equip de Diagnóstico e Infra - 2025 ri rio caete.xlsx",Rio Caeté,1199,2.0
Bonito,9 Rio Caeté,22,"Tabela 22 – Caracterização Hospitalar – Equip de Manutenção da Vida, Equip de Diagnóstico e Infra - 2025 ri rio caete",20,"Tabela 22 – Caracterização Hospitalar – Equip de Manutenção da Vida, Equip de Diagnóstico e Infra - 2025 ri rio caete","..\..\Desktop\tabelas-powerBI\9 Rio Caeté\Tabela 22 – Caracterização Hospitalar – Equip de Manutenção da Vida, Equip de Diagnóstico e Infra - 2025 ri rio caete.xlsx",Rio Caeté,1199,1.0
Bragança,9 Rio Caeté,22,"Tabela 22 – Caracterização Hospitalar – Equip de Manutenção da Vida, Equip de Diagnóstico e Infra - 2025 ri rio caete",20,"Tabela 22 – Caracterização Hospitalar – Equip de Manutenção da Vida, Equip de Diagnóstico e Infra - 2025 ri rio caete","..\..\Desktop\tabelas-powerBI\9 Rio Caeté\Tabela 22 – Caracterização Hospitalar – Equip de Manutenção da Vida, Equip de Diagnóstico e Infra - 2025 ri rio caete.xlsx",Rio Caeté,1199,17.0
Cachoeira do Piriá,9 Rio Caeté,22,"Tabela 22 – Caracterização Hospitalar – Equip de Manutenção da Vida, Equip de Diagnóstico e Infra - 2025 ri rio caete",20,"Tabela 22 – Caracterização Hospitalar – Equip de Manutenção da Vida, Equip de Diagnóstico e Infra - 2025 ri rio caete","..\..\Desktop\tabelas-powerBI\9 Rio Caeté\Tabela 22 – Caracterização Hospitalar – Equip de Manutenção da Vida, Equip de Diagnóstico e Infra - 2025 ri rio caete.xlsx",Rio Caeté,1199,2.0
Capanema,9 Rio Caeté,22,"Tabela 22 – Caracterização Hospitalar – Equip de Manutenção da Vida, Equip de Diagnóstico e Infra - 2025 ri rio caete",20,"Tabela 22 – Caracterização Hospitalar – Equip de Manutenção da Vida, Equip de Diagnóstico e Infra - 2025 ri rio caete","..\..\Desktop\tabelas-powerBI\9 Rio Caeté\Tabela 22 – Caracterização Hospitalar – Equip de Manutenção da Vida, Equip de Diagnóstico e Infra - 2025 ri rio caete.xlsx",Rio Caeté,1199,19.0
Nova Timboteua,9 Rio Caeté,22,"Tabela 22 – Caracterização Hospitalar – Equip de Manutenção da Vida, Equip de Diagnóstico e Infra - 2025 ri rio caete",20,"Tabela 22 – Caracterização Hospitalar – Equip de Manutenção da Vida, Equip de Diagnóstico e Infra - 2025 ri rio caete","..\..\Desktop\tabelas-powerBI\9 Rio Caeté\Tabela 22 – Caracterização Hospitalar – Equip de Manutenção da Vida, Equip de Diagnóstico e Infra - 2025 ri rio caete.xlsx",Rio Caeté,1199,0.0
Peixe-Boi,9 Rio Caeté,22,"Tabela 22 – Caracterização Hospitalar – Equip de Manutenção da Vida, Equip de Diagnóstico e Infra - 2025 ri rio caete",20,"Tabela 22 – Caracterização Hospitalar – Equip de Manutenção da Vida, Equip de Diagnóstico e Infra - 2025 ri rio caete","..\..\Desktop\tabelas-powerBI\9 Rio Caeté\Tabela 22 – Caracterização Hospitalar – Equip de Manutenção da Vida, Equip de Diagnóstico e Infra - 2025 ri rio caete.xlsx",Rio Caeté,1199,1.0
Primavera,9 Rio Caeté,22,"Tabela 22 – Caracterização Hospitalar – Equip de Manutenção da Vida, Equip de Diagnóstico e Infra - 2025 ri rio caete",20,"Tabela 22 – Caracterização Hospitalar – Equip de Manutenção da Vida, Equip de Diagnóstico e Infra - 2025 ri rio caete","..\..\Desktop\tabelas-powerBI\9 Rio Caeté\Tabela 22 – Caracterização Hospitalar – Equip de Manutenção da Vida, Equip de Diagnóstico e Infra - 2025 ri rio caete.xlsx",Rio Caeté,1199,1.0
Quatipuru,9 Rio Caeté,22,"Tabela 22 – Caracterização Hospitalar – Equip de Manutenção da Vida, Equip de Diagnóstico e Infra - 2025 ri rio caete",20,"Tabela 22 – Caracterização Hospitalar – Equip de Manutenção da Vida, Equip de Diagnóstico e Infra - 2025 ri rio caete","..\..\Desktop\tabelas-powerBI\9 Rio Caeté\Tabela 22 – Caracterização Hospitalar – Equip de Manutenção da Vida, Equip de Diagnóstico e Infra - 2025 ri rio caete.xlsx",Rio Caeté,1199,1.0
Salinópolis,9 Rio Caeté,22,"Tabela 22 – Caracterização Hospitalar – Equip de Manutenção da Vida, Equip de Diagnóstico e Infra - 2025 ri rio caete",20,"Tabela 22 – Caracterização Hospitalar – Equip de Manutenção da Vida, Equip de Diagnóstico e Infra - 2025 ri rio caete","..\..\Desktop\tabelas-powerBI\9 Rio Caeté\Tabela 22 – Caracterização Hospitalar – Equip de Manutenção da Vida, Equip de Diagnóstico e Infra - 2025 ri rio caete.xlsx",Rio Caeté,1199,6.0
Santa Luzia do Pará,9 Rio Caeté,22,"Tabela 22 – Caracterização Hospitalar – Equip de Manutenção da Vida, Equip de Diagnóstico e Infra - 2025 ri rio caete",20,"Tabela 22 – Caracterização Hospitalar – Equip de Manutenção da Vida, Equip de Diagnóstico e Infra - 2025 ri rio caete","..\..\Desktop\tabelas-powerBI\9 Rio Caeté\Tabela 22 – Caracterização Hospitalar – Equip de Manutenção da Vida, Equip de Diagnóstico e Infra - 2025 ri rio caete.xlsx",Rio Caeté,1199,1.0
Santarém Novo,9 Rio Caeté,22,"Tabela 22 – Caracterização Hospitalar – Equip de Manutenção da Vida, Equip de Diagnóstico e Infra - 2025 ri rio caete",20,"Tabela 22 – Caracterização Hospitalar – Equip de Manutenção da Vida, Equip de Diagnóstico e Infra - 2025 ri rio caete","..\..\Desktop\tabelas-powerBI\9 Rio Caeté\Tabela 22 – Caracterização Hospitalar – Equip de Manutenção da Vida, Equip de Diagnóstico e Infra - 2025 ri rio caete.xlsx",Rio Caeté,1199,0.0
São João de Pirabas,9 Rio Caeté,22,"Tabela 22 – Caracterização Hospitalar – Equip de Manutenção da Vida, Equip de Diagnóstico e Infra - 2025 ri rio caete",20,"Tabela 22 – Caracterização Hospitalar – Equip de Manutenção da Vida, Equip de Diagnóstico e Infra - 2025 ri rio caete","..\..\Desktop\tabelas-powerBI\9 Rio Caeté\Tabela 22 – Caracterização Hospitalar – Equip de Manutenção da Vida, Equip de Diagnóstico e Infra - 2025 ri rio caete.xlsx",Rio Caeté,1199,2.0
Tracuateua,9 Rio Caeté,22,"Tabela 22 – Caracterização Hospitalar – Equip de Manutenção da Vida, Equip de Diagnóstico e Infra - 2025 ri rio caete",20,"Tabela 22 – Caracterização Hospitalar – Equip de Manutenção da Vida, Equip de Diagnóstico e Infra - 2025 ri rio caete","..\..\Desktop\tabelas-powerBI\9 Rio Caeté\Tabela 22 – Caracterização Hospitalar – Equip de Manutenção da Vida, Equip de Diagnóstico e Infra - 2025 ri rio caete.xlsx",Rio Caeté,1199,2.0
Viseu,9 Rio Caeté,22,"Tabela 22 – Caracterização Hospitalar – Equip de Manutenção da Vida, Equip de Diagnóstico e Infra - 2025 ri rio caete",20,"Tabela 22 – Caracterização Hospitalar – Equip de Manutenção da Vida, Equip de Diagnóstico e Infra - 2025 ri rio caete","..\..\Desktop\tabelas-powerBI\9 Rio Caeté\Tabela 22 – Caracterização Hospitalar – Equip de Manutenção da Vida, Equip de Diagnóstico e Infra - 2025 ri rio caete.xlsx",Rio Caeté,1199,3.0
Fonte: DATASUS,9 Rio Caeté,22,"Tabela 22 – Caracterização Hospitalar – Equip de Manutenção da Vida, Equip de Diagnóstico e Infra - 2025 ri rio caete",20,"Tabela 22 – Caracterização Hospitalar – Equip de Manutenção da Vida, Equip de Diagnóstico e Infra - 2025 ri rio caete","..\..\Desktop\tabelas-powerBI\9 Rio Caeté\Tabela 22 – Caracterização Hospitalar – Equip de Manutenção da Vida, Equip de Diagnóstico e Infra - 2025 ri rio caete.xlsx",Rio Caeté,1199,
Elaboração: FAPESPA,9 Rio Caeté,22,"Tabela 22 – Caracterização Hospitalar – Equip de Manutenção da Vida, Equip de Diagnóstico e Infra - 2025 ri rio caete",20,"Tabela 22 – Caracterização Hospitalar – Equip de Manutenção da Vida, Equip de Diagnóstico e Infra - 2025 ri rio caete","..\..\Desktop\tabelas-powerBI\9 Rio Caeté\Tabela 22 – Caracterização Hospitalar – Equip de Manutenção da Vida, Equip de Diagnóstico e Infra - 2025 ri rio caete.xlsx",Rio Caeté,1199,
*Nota: Dados referentes a Outubro/2025.,9 Rio Caeté,22,"Tabela 22 – Caracterização Hospitalar – Equip de Manutenção da Vida, Equip de Diagnóstico e Infra - 2025 ri rio caete",20,"Tabela 22 – Caracterização Hospitalar – Equip de Manutenção da Vida, Equip de Diagnóstico e Infra - 2025 ri rio caete","..\..\Desktop\tabelas-powerBI\9 Rio Caeté\Tabela 22 – Caracterização Hospitalar – Equip de Manutenção da Vida, Equip de Diagnóstico e Infra - 2025 ri rio caete.xlsx",Rio Caeté,1199,
RI Rio Caeté,9 Rio Caeté,22,"Tabela 22 – Caracterização Hospitalar – Equip de Manutenção da Vida, Equip de Diagnóstico e Infra - 2025 ri rio caete",20,"Tabela 22 – Caracterização Hospitalar – Equip de Manutenção da Vida, Equip de Diagnóstico e Infra - 2025 ri rio caete","..\..\Desktop\tabelas-powerBI\9 Rio Caeté\Tabela 22 – Caracterização Hospitalar – Equip de Manutenção da Vida, Equip de Diagnóstico e Infra - 2025 ri rio caete.xlsx",Rio Caeté,1128,56.0
Augusto Corrêa,9 Rio Caeté,22,"Tabela 22 – Caracterização Hospitalar – Equip de Manutenção da Vida, Equip de Diagnóstico e Infra - 2025 ri rio caete",20,"Tabela 22 – Caracterização Hospitalar – Equip de Manutenção da Vida, Equip de Diagnóstico e Infra - 2025 ri rio caete","..\..\Desktop\tabelas-powerBI\9 Rio Caeté\Tabela 22 – Caracterização Hospitalar – Equip de Manutenção da Vida, Equip de Diagnóstico e Infra - 2025 ri rio caete.xlsx",Rio Caeté,1128,2.0
Bonito,9 Rio Caeté,22,"Tabela 22 – Caracterização Hospitalar – Equip de Manutenção da Vida, Equip de Diagnóstico e Infra - 2025 ri rio caete",20,"Tabela 22 – Caracterização Hospitalar – Equip de Manutenção da Vida, Equip de Diagnóstico e Infra - 2025 ri rio caete","..\..\Desktop\tabelas-powerBI\9 Rio Caeté\Tabela 22 – Caracterização Hospitalar – Equip de Manutenção da Vida, Equip de Diagnóstico e Infra - 2025 ri rio caete.xlsx",Rio Caeté,1128,1.0
Bragança,9 Rio Caeté,22,"Tabela 22 – Caracterização Hospitalar – Equip de Manutenção da Vida, Equip de Diagnóstico e Infra - 2025 ri rio caete",20,"Tabela 22 – Caracterização Hospitalar – Equip de Manutenção da Vida, Equip de Diagnóstico e Infra - 2025 ri rio caete","..\..\Desktop\tabelas-powerBI\9 Rio Caeté\Tabela 22 – Caracterização Hospitalar – Equip de Manutenção da Vida, Equip de Diagnóstico e Infra - 2025 ri rio caete.xlsx",Rio Caeté,1128,17.0
Cachoeira do Piriá,9 Rio Caeté,22,"Tabela 22 – Caracterização Hospitalar – Equip de Manutenção da Vida, Equip de Diagnóstico e Infra - 2025 ri rio caete",20,"Tabela 22 – Caracterização Hospitalar – Equip de Manutenção da Vida, Equip de Diagnóstico e Infra - 2025 ri rio caete","..\..\Desktop\tabelas-powerBI\9 Rio Caeté\Tabela 22 – Caracterização Hospitalar – Equip de Manutenção da Vida, Equip de Diagnóstico e Infra - 2025 ri rio caete.xlsx",Rio Caeté,1128,2.0
Capanema,9 Rio Caeté,22,"Tabela 22 – Caracterização Hospitalar – Equip de Manutenção da Vida, Equip de Diagnóstico e Infra - 2025 ri rio caete",20,"Tabela 22 – Caracterização Hospitalar – Equip de Manutenção da Vida, Equip de Diagnóstico e Infra - 2025 ri rio caete","..\..\Desktop\tabelas-powerBI\9 Rio Caeté\Tabela 22 – Caracterização Hospitalar – Equip de Manutenção da Vida, Equip de Diagnóstico e Infra - 2025 ri rio caete.xlsx",Rio Caeté,1128,17.0
Nova Timboteua,9 Rio Caeté,22,"Tabela 22 – Caracterização Hospitalar – Equip de Manutenção da Vida, Equip de Diagnóstico e Infra - 2025 ri rio caete",20,"Tabela 22 – Caracterização Hospitalar – Equip de Manutenção da Vida, Equip de Diagnóstico e Infra - 2025 ri rio caete","..\..\Desktop\tabelas-powerBI\9 Rio Caeté\Tabela 22 – Caracterização Hospitalar – Equip de Manutenção da Vida, Equip de Diagnóstico e Infra - 2025 ri rio caete.xlsx",Rio Caeté,1128,0.0
Peixe-Boi,9 Rio Caeté,22,"Tabela 22 – Caracterização Hospitalar – Equip de Manutenção da Vida, Equip de Diagnóstico e Infra - 2025 ri rio caete",20,"Tabela 22 – Caracterização Hospitalar – Equip de Manutenção da Vida, Equip de Diagnóstico e Infra - 2025 ri rio caete","..\..\Desktop\tabelas-powerBI\9 Rio Caeté\Tabela 22 – Caracterização Hospitalar – Equip de Manutenção da Vida, Equip de Diagnóstico e Infra - 2025 ri rio caete.xlsx",Rio Caeté,1128,1.0
Primavera,9 Rio Caeté,22,"Tabela 22 – Caracterização Hospitalar – Equip de Manutenção da Vida, Equip de Diagnóstico e Infra - 2025 ri rio caete",20,"Tabela 22 – Caracterização Hospitalar – Equip de Manutenção da Vida, Equip de Diagnóstico e Infra - 2025 ri rio caete","..\..\Desktop\tabelas-powerBI\9 Rio Caeté\Tabela 22 – Caracterização Hospitalar – Equip de Manutenção da Vida, Equip de Diagnóstico e Infra - 2025 ri rio caete.xlsx",Rio Caeté,1128,1.0
Quatipuru,9 Rio Caeté,22,"Tabela 22 – Caracterização Hospitalar – Equip de Manutenção da Vida, Equip de Diagnóstico e Infra - 2025 ri rio caete",20,"Tabela 22 – Caracterização Hospitalar – Equip de Manutenção da Vida, Equip de Diagnóstico e Infra - 2025 ri rio caete","..\..\Desktop\tabelas-powerBI\9 Rio Caeté\Tabela 22 – Caracterização Hospitalar – Equip de Manutenção da Vida, Equip de Diagnóstico e Infra - 2025 ri rio caete.xlsx",Rio Caeté,1128,1.0
Salinópolis,9 Rio Caeté,22,"Tabela 22 – Caracterização Hospitalar – Equip de Manutenção da Vida, Equip de Diagnóstico e Infra - 2025 ri rio caete",20,"Tabela 22 – Caracterização Hospitalar – Equip de Manutenção da Vida, Equip de Diagnóstico e Infra - 2025 ri rio caete","..\..\Desktop\tabelas-powerBI\9 Rio Caeté\Tabela 22 – Caracterização Hospitalar – Equip de Manutenção da Vida, Equip de Diagnóstico e Infra - 2025 ri rio caete.xlsx",Rio Caeté,1128,6.0
Santa Luzia do Pará,9 Rio Caeté,22,"Tabela 22 – Caracterização Hospitalar – Equip de Manutenção da Vida, Equip de Diagnóstico e Infra - 2025 ri rio caete",20,"Tabela 22 – Caracterização Hospitalar – Equip de Manutenção da Vida, Equip de Diagnóstico e Infra - 2025 ri rio caete","..\..\Desktop\tabelas-powerBI\9 Rio Caeté\Tabela 22 – Caracterização Hospitalar – Equip de Manutenção da Vida, Equip de Diagnóstico e Infra - 2025 ri rio caete.xlsx",Rio Caeté,1128,1.0
Santarém Novo,9 Rio Caeté,22,"Tabela 22 – Caracterização Hospitalar – Equip de Manutenção da Vida, Equip de Diagnóstico e Infra - 2025 ri rio caete",20,"Tabela 22 – Caracterização Hospitalar – Equip de Manutenção da Vida, Equip de Diagnóstico e Infra - 2025 ri rio caete","..\..\Desktop\tabelas-powerBI\9 Rio Caeté\Tabela 22 – Caracterização Hospitalar – Equip de Manutenção da Vida, Equip de Diagnóstico e Infra - 2025 ri rio caete.xlsx",Rio Caeté,1128,0.0
São João de Pirabas,9 Rio Caeté,22,"Tabela 22 – Caracterização Hospitalar – Equip de Manutenção da Vida, Equip de Diagnóstico e Infra - 2025 ri rio caete",20,"Tabela 22 – Caracterização Hospitalar – Equip de Manutenção da Vida, Equip de Diagnóstico e Infra - 2025 ri rio caete","..\..\Desktop\tabelas-powerBI\9 Rio Caeté\Tabela 22 – Caracterização Hospitalar – Equip de Manutenção da Vida, Equip de Diagnóstico e Infra - 2025 ri rio caete.xlsx",Rio Caeté,1128,2.0
Tracuateua,9 Rio Caeté,22,"Tabela 22 – Caracterização Hospitalar – Equip de Manutenção da Vida, Equip de Diagnóstico e Infra - 2025 ri rio caete",20,"Tabela 22 – Caracterização Hospitalar – Equip de Manutenção da Vida, Equip de Diagnóstico e Infra - 2025 ri rio caete","..\..\Desktop\tabelas-powerBI\9 Rio Caeté\Tabela 22 – Caracterização Hospitalar – Equip de Manutenção da Vida, Equip de Diagnóstico e Infra - 2025 ri rio caete.xlsx",Rio Caeté,1128,2.0
Viseu,9 Rio Caeté,22,"Tabela 22 – Caracterização Hospitalar – Equip de Manutenção da Vida, Equip de Diagnóstico e Infra - 2025 ri rio caete",20,"Tabela 22 – Caracterização Hospitalar – Equip de Manutenção da Vida, Equip de Diagnóstico e Infra - 2025 ri rio caete","..\..\Desktop\tabelas-powerBI\9 Rio Caeté\Tabela 22 – Caracterização Hospitalar – Equip de Manutenção da Vida, Equip de Diagnóstico e Infra - 2025 ri rio caete.xlsx",Rio Caeté,1128,3.0
Fonte: DATASUS,9 Rio Caeté,22,"Tabela 22 – Caracterização Hospitalar – Equip de Manutenção da Vida, Equip de Diagnóstico e Infra - 2025 ri rio caete",20,"Tabela 22 – Caracterização Hospitalar – Equip de Manutenção da Vida, Equip de Diagnóstico e Infra - 2025 ri rio caete","..\..\Desktop\tabelas-powerBI\9 Rio Caeté\Tabela 22 – Caracterização Hospitalar – Equip de Manutenção da Vida, Equip de Diagnóstico e Infra - 2025 ri rio caete.xlsx",Rio Caeté,1128,
Elaboração: FAPESPA,9 Rio Caeté,22,"Tabela 22 – Caracterização Hospitalar – Equip de Manutenção da Vida, Equip de Diagnóstico e Infra - 2025 ri rio caete",20,"Tabela 22 – Caracterização Hospitalar – Equip de Manutenção da Vida, Equip de Diagnóstico e Infra - 2025 ri rio caete","..\..\Desktop\tabelas-powerBI\9 Rio Caeté\Tabela 22 – Caracterização Hospitalar – Equip de Manutenção da Vida, Equip de Diagnóstico e Infra - 2025 ri rio caete.xlsx",Rio Caeté,1128,
*Nota: Dados referentes a Outubro/2025.,9 Rio Caeté,22,"Tabela 22 – Caracterização Hospitalar – Equip de Manutenção da Vida, Equip de Diagnóstico e Infra - 2025 ri rio caete",20,"Tabela 22 – Caracterização Hospitalar – Equip de Manutenção da Vida, Equip de Diagnóstico e Infra - 2025 ri rio caete","..\..\Desktop\tabelas-powerBI\9 Rio Caeté\Tabela 22 – Caracterização Hospitalar – Equip de Manutenção da Vida, Equip de Diagnóstico e Infra - 2025 ri rio caete.xlsx",Rio Caeté,1128,
RI Rio Caeté,9 Rio Caeté,22,"Tabela 22 – Caracterização Hospitalar – Equip de Manutenção da Vida, Equip de Diagnóstico e Infra - 2025 ri rio caete",20,"Tabela 22 – Caracterização Hospitalar – Equip de Manutenção da Vida, Equip de Diagnóstico e Infra - 2025 ri rio caete","..\..\Desktop\tabelas-powerBI\9 Rio Caeté\Tabela 22 – Caracterização Hospitalar – Equip de Manutenção da Vida, Equip de Diagnóstico e Infra - 2025 ri rio caete.xlsx",Rio Caeté,215,16.0
Augusto Corrêa,9 Rio Caeté,22,"Tabela 22 – Caracterização Hospitalar – Equip de Manutenção da Vida, Equip de Diagnóstico e Infra - 2025 ri rio caete",20,"Tabela 22 – Caracterização Hospitalar – Equip de Manutenção da Vida, Equip de Diagnóstico e Infra - 2025 ri rio caete","..\..\Desktop\tabelas-powerBI\9 Rio Caeté\Tabela 22 – Caracterização Hospitalar – Equip de Manutenção da Vida, Equip de Diagnóstico e Infra - 2025 ri rio caete.xlsx",Rio Caeté,215,0.0
Bonito,9 Rio Caeté,22,"Tabela 22 – Caracterização Hospitalar – Equip de Manutenção da Vida, Equip de Diagnóstico e Infra - 2025 ri rio caete",20,"Tabela 22 – Caracterização Hospitalar – Equip de Manutenção da Vida, Equip de Diagnóstico e Infra - 2025 ri rio caete","..\..\Desktop\tabelas-powerBI\9 Rio Caeté\Tabela 22 – Caracterização Hospitalar – Equip de Manutenção da Vida, Equip de Diagnóstico e Infra - 2025 ri rio caete.xlsx",Rio Caeté,215,1.0
Bragança,9 Rio Caeté,22,"Tabela 22 – Caracterização Hospitalar – Equip de Manutenção da Vida, Equip de Diagnóstico e Infra - 2025 ri rio caete",20,"Tabela 22 – Caracterização Hospitalar – Equip de Manutenção da Vida, Equip de Diagnóstico e Infra - 2025 ri rio caete","..\..\Desktop\tabelas-powerBI\9 Rio Caeté\Tabela 22 – Caracterização Hospitalar – Equip de Manutenção da Vida, Equip de Diagnóstico e Infra - 2025 ri rio caete.xlsx",Rio Caeté,215,4.0
Cachoeira do Piriá,9 Rio Caeté,22,"Tabela 22 – Caracterização Hospitalar – Equip de Manutenção da Vida, Equip de Diagnóstico e Infra - 2025 ri rio caete",20,"Tabela 22 – Caracterização Hospitalar – Equip de Manutenção da Vida, Equip de Diagnóstico e Infra - 2025 ri rio caete","..\..\Desktop\tabelas-powerBI\9 Rio Caeté\Tabela 22 – Caracterização Hospitalar – Equip de Manutenção da Vida, Equip de Diagnóstico e Infra - 2025 ri rio caete.xlsx",Rio Caeté,215,0.0
Capanema,9 Rio Caeté,22,"Tabela 22 – Caracterização Hospitalar – Equip de Manutenção da Vida, Equip de Diagnóstico e Infra - 2025 ri rio caete",20,"Tabela 22 – Caracterização Hospitalar – Equip de Manutenção da Vida, Equip de Diagnóstico e Infra - 2025 ri rio caete","..\..\Desktop\tabelas-powerBI\9 Rio Caeté\Tabela 22 – Caracterização Hospitalar – Equip de Manutenção da Vida, Equip de Diagnóstico e Infra - 2025 ri rio caete.xlsx",Rio Caeté,215,8.0
Nova Timboteua,9 Rio Caeté,22,"Tabela 22 – Caracterização Hospitalar – Equip de Manutenção da Vida, Equip de Diagnóstico e Infra - 2025 ri rio caete",20,"Tabela 22 – Caracterização Hospitalar – Equip de Manutenção da Vida, Equip de Diagnóstico e Infra - 2025 ri rio caete","..\..\Desktop\tabelas-powerBI\9 Rio Caeté\Tabela 22 – Caracterização Hospitalar – Equip de Manutenção da Vida, Equip de Diagnóstico e Infra - 2025 ri rio caete.xlsx",Rio Caeté,215,0.0
Peixe-Boi,9 Rio Caeté,22,"Tabela 22 – Caracterização Hospitalar – Equip de Manutenção da Vida, Equip de Diagnóstico e Infra - 2025 ri rio caete",20,"Tabela 22 – Caracterização Hospitalar – Equip de Manutenção da Vida, Equip de Diagnóstico e Infra - 2025 ri rio caete","..\..\Desktop\tabelas-powerBI\9 Rio Caeté\Tabela 22 – Caracterização Hospitalar – Equip de Manutenção da Vida, Equip de Diagnóstico e Infra - 2025 ri rio caete.xlsx",Rio Caeté,215,0.0
Primavera,9 Rio Caeté,22,"Tabela 22 – Caracterização Hospitalar – Equip de Manutenção da Vida, Equip de Diagnóstico e Infra - 2025 ri rio caete",20,"Tabela 22 – Caracterização Hospitalar – Equip de Manutenção da Vida, Equip de Diagnóstico e Infra - 2025 ri rio caete","..\..\Desktop\tabelas-powerBI\9 Rio Caeté\Tabela 22 – Caracterização Hospitalar – Equip de Manutenção da Vida, Equip de Diagnóstico e Infra - 2025 ri rio caete.xlsx",Rio Caeté,215,0.0
Quatipuru,9 Rio Caeté,22,"Tabela 22 – Caracterização Hospitalar – Equip de Manutenção da Vida, Equip de Diagnóstico e Infra - 2025 ri rio caete",20,"Tabela 22 – Caracterização Hospitalar – Equip de Manutenção da Vida, Equip de Diagnóstico e Infra - 2025 ri rio caete","..\..\Desktop\tabelas-powerBI\9 Rio Caeté\Tabela 22 – Caracterização Hospitalar – Equip de Manutenção da Vida, Equip de Diagnóstico e Infra - 2025 ri rio caete.xlsx",Rio Caeté,215,0.0
Salinópolis,9 Rio Caeté,22,"Tabela 22 – Caracterização Hospitalar – Equip de Manutenção da Vida, Equip de Diagnóstico e Infra - 2025 ri rio caete",20,"Tabela 22 – Caracterização Hospitalar – Equip de Manutenção da Vida, Equip de Diagnóstico e Infra - 2025 ri rio caete","..\..\Desktop\tabelas-powerBI\9 Rio Caeté\Tabela 22 – Caracterização Hospitalar – Equip de Manutenção da Vida, Equip de Diagnóstico e Infra - 2025 ri rio caete.xlsx",Rio Caeté,215,2.0
Santa Luzia do Pará,9 Rio Caeté,22,"Tabela 22 – Caracterização Hospitalar – Equip de Manutenção da Vida, Equip de Diagnóstico e Infra - 2025 ri rio caete",20,"Tabela 22 – Caracterização Hospitalar – Equip de Manutenção da Vida, Equip de Diagnóstico e Infra - 2025 ri rio caete","..\..\Desktop\tabelas-powerBI\9 Rio Caeté\Tabela 22 – Caracterização Hospitalar – Equip de Manutenção da Vida, Equip de Diagnóstico e Infra - 2025 ri rio caete.xlsx",Rio Caeté,215,0.0
Santarém Novo,9 Rio Caeté,22,"Tabela 22 – Caracterização Hospitalar – Equip de Manutenção da Vida, Equip de Diagnóstico e Infra - 2025 ri rio caete",20,"Tabela 22 – Caracterização Hospitalar – Equip de Manutenção da Vida, Equip de Diagnóstico e Infra - 2025 ri rio caete","..\..\Desktop\tabelas-powerBI\9 Rio Caeté\Tabela 22 – Caracterização Hospitalar – Equip de Manutenção da Vida, Equip de Diagnóstico e Infra - 2025 ri rio caete.xlsx",Rio Caeté,215,0.0
São João de Pirabas,9 Rio Caeté,22,"Tabela 22 – Caracterização Hospitalar – Equip de Manutenção da Vida, Equip de Diagnóstico e Infra - 2025 ri rio caete",20,"Tabela 22 – Caracterização Hospitalar – Equip de Manutenção da Vida, Equip de Diagnóstico e Infra - 2025 ri rio caete","..\..\Desktop\tabelas-powerBI\9 Rio Caeté\Tabela 22 – Caracterização Hospitalar – Equip de Manutenção da Vida, Equip de Diagnóstico e Infra - 2025 ri rio caete.xlsx",Rio Caeté,215,1.0
Tracuateua,9 Rio Caeté,22,"Tabela 22 – Caracterização Hospitalar – Equip de Manutenção da Vida, Equip de Diagnóstico e Infra - 2025 ri rio caete",20,"Tabela 22 – Caracterização Hospitalar – Equip de Manutenção da Vida, Equip de Diagnóstico e Infra - 2025 ri rio caete","..\..\Desktop\tabelas-powerBI\9 Rio Caeté\Tabela 22 – Caracterização Hospitalar – Equip de Manutenção da Vida, Equip de Diagnóstico e Infra - 2025 ri rio caete.xlsx",Rio Caeté,215,0.0
Viseu,9 Rio Caeté,22,"Tabela 22 – Caracterização Hospitalar – Equip de Manutenção da Vida, Equip de Diagnóstico e Infra - 2025 ri rio caete",20,"Tabela 22 – Caracterização Hospitalar – Equip de Manutenção da Vida, Equip de Diagnóstico e Infra - 2025 ri rio caete","..\..\Desktop\tabelas-powerBI\9 Rio Caeté\Tabela 22 – Caracterização Hospitalar – Equip de Manutenção da Vida, Equip de Diagnóstico e Infra - 2025 ri rio caete.xlsx",Rio Caeté,215,0.0
Fonte: DATASUS,9 Rio Caeté,22,"Tabela 22 – Caracterização Hospitalar – Equip de Manutenção da Vida, Equip de Diagnóstico e Infra - 2025 ri rio caete",20,"Tabela 22 – Caracterização Hospitalar – Equip de Manutenção da Vida, Equip de Diagnóstico e Infra - 2025 ri rio caete","..\..\Desktop\tabelas-powerBI\9 Rio Caeté\Tabela 22 – Caracterização Hospitalar – Equip de Manutenção da Vida, Equip de Diagnóstico e Infra - 2025 ri rio caete.xlsx",Rio Caeté,215,
Elaboração: FAPESPA,9 Rio Caeté,22,"Tabela 22 – Caracterização Hospitalar – Equip de Manutenção da Vida, Equip de Diagnóstico e Infra - 2025 ri rio caete",20,"Tabela 22 – Caracterização Hospitalar – Equip de Manutenção da Vida, Equip de Diagnóstico e Infra - 2025 ri rio caete","..\..\Desktop\tabelas-powerBI\9 Rio Caeté\Tabela 22 – Caracterização Hospitalar – Equip de Manutenção da Vida, Equip de Diagnóstico e Infra - 2025 ri rio caete.xlsx",Rio Caeté,215,
*Nota: Dados referentes a Outubro/2025.,9 Rio Caeté,22,"Tabela 22 – Caracterização Hospitalar – Equip de Manutenção da Vida, Equip de Diagnóstico e Infra - 2025 ri rio caete",20,"Tabela 22 – Caracterização Hospitalar – Equip de Manutenção da Vida, Equip de Diagnóstico e Infra - 2025 ri rio caete","..\..\Desktop\tabelas-powerBI\9 Rio Caeté\Tabela 22 – Caracterização Hospitalar – Equip de Manutenção da Vida, Equip de Diagnóstico e Infra - 2025 ri rio caete.xlsx",Rio Caeté,215,
RI Rio Caeté,9 Rio Caeté,22,"Tabela 22 – Caracterização Hospitalar – Equip de Manutenção da Vida, Equip de Diagnóstico e Infra - 2025 ri rio caete",20,"Tabela 22 – Caracterização Hospitalar – Equip de Manutenção da Vida, Equip de Diagnóstico e Infra - 2025 ri rio caete","..\..\Desktop\tabelas-powerBI\9 Rio Caeté\Tabela 22 – Caracterização Hospitalar – Equip de Manutenção da Vida, Equip de Diagnóstico e Infra - 2025 ri rio caete.xlsx",Rio Caeté,197,16.0
Augusto Corrêa,9 Rio Caeté,22,"Tabela 22 – Caracterização Hospitalar – Equip de Manutenção da Vida, Equip de Diagnóstico e Infra - 2025 ri rio caete",20,"Tabela 22 – Caracterização Hospitalar – Equip de Manutenção da Vida, Equip de Diagnóstico e Infra - 2025 ri rio caete","..\..\Desktop\tabelas-powerBI\9 Rio Caeté\Tabela 22 – Caracterização Hospitalar – Equip de Manutenção da Vida, Equip de Diagnóstico e Infra - 2025 ri rio caete.xlsx",Rio Caeté,197,0.0
Bonito,9 Rio Caeté,22,"Tabela 22 – Caracterização Hospitalar – Equip de Manutenção da Vida, Equip de Diagnóstico e Infra - 2025 ri rio caete",20,"Tabela 22 – Caracterização Hospitalar – Equip de Manutenção da Vida, Equip de Diagnóstico e Infra - 2025 ri rio caete","..\..\Desktop\tabelas-powerBI\9 Rio Caeté\Tabela 22 – Caracterização Hospitalar – Equip de Manutenção da Vida, Equip de Diagnóstico e Infra - 2025 ri rio caete.xlsx",Rio Caeté,197,1.0
Bragança,9 Rio Caeté,22,"Tabela 22 – Caracterização Hospitalar – Equip de Manutenção da Vida, Equip de Diagnóstico e Infra - 2025 ri rio caete",20,"Tabela 22 – Caracterização Hospitalar – Equip de Manutenção da Vida, Equip de Diagnóstico e Infra - 2025 ri rio caete","..\..\Desktop\tabelas-powerBI\9 Rio Caeté\Tabela 22 – Caracterização Hospitalar – Equip de Manutenção da Vida, Equip de Diagnóstico e Infra - 2025 ri rio caete.xlsx",Rio Caeté,197,4.0
Cachoeira do Piriá,9 Rio Caeté,22,"Tabela 22 – Caracterização Hospitalar – Equip de Manutenção da Vida, Equip de Diagnóstico e Infra - 2025 ri rio caete",20,"Tabela 22 – Caracterização Hospitalar – Equip de Manutenção da Vida, Equip de Diagnóstico e Infra - 2025 ri rio caete","..\..\Desktop\tabelas-powerBI\9 Rio Caeté\Tabela 22 – Caracterização Hospitalar – Equip de Manutenção da Vida, Equip de Diagnóstico e Infra - 2025 ri rio caete.xlsx",Rio Caeté,197,0.0
Capanema,9 Rio Caeté,22,"Tabela 22 – Caracterização Hospitalar – Equip de Manutenção da Vida, Equip de Diagnóstico e Infra - 2025 ri rio caete",20,"Tabela 22 – Caracterização Hospitalar – Equip de Manutenção da Vida, Equip de Diagnóstico e Infra - 2025 ri rio caete","..\..\Desktop\tabelas-powerBI\9 Rio Caeté\Tabela 22 – Caracterização Hospitalar – Equip de Manutenção da Vida, Equip de Diagnóstico e Infra - 2025 ri rio caete.xlsx",Rio Caeté,197,8.0
Nova Timboteua,9 Rio Caeté,22,"Tabela 22 – Caracterização Hospitalar – Equip de Manutenção da Vida, Equip de Diagnóstico e Infra - 2025 ri rio caete",20,"Tabela 22 – Caracterização Hospitalar – Equip de Manutenção da Vida, Equip de Diagnóstico e Infra - 2025 ri rio caete","..\..\Desktop\tabelas-powerBI\9 Rio Caeté\Tabela 22 – Caracterização Hospitalar – Equip de Manutenção da Vida, Equip de Diagnóstico e Infra - 2025 ri rio caete.xlsx",Rio Caeté,197,0.0
Peixe-Boi,9 Rio Caeté,22,"Tabela 22 – Caracterização Hospitalar – Equip de Manutenção da Vida, Equip de Diagnóstico e Infra - 2025 ri rio caete",20,"Tabela 22 – Caracterização Hospitalar – Equip de Manutenção da Vida, Equip de Diagnóstico e Infra - 2025 ri rio caete","..\..\Desktop\tabelas-powerBI\9 Rio Caeté\Tabela 22 – Caracterização Hospitalar – Equip de Manutenção da Vida, Equip de Diagnóstico e Infra - 2025 ri rio caete.xlsx",Rio Caeté,197,0.0
Primavera,9 Rio Caeté,22,"Tabela 22 – Caracterização Hospitalar – Equip de Manutenção da Vida, Equip de Diagnóstico e Infra - 2025 ri rio caete",20,"Tabela 22 – Caracterização Hospitalar – Equip de Manutenção da Vida, Equip de Diagnóstico e Infra - 2025 ri rio caete","..\..\Desktop\tabelas-powerBI\9 Rio Caeté\Tabela 22 – Caracterização Hospitalar – Equip de Manutenção da Vida, Equip de Diagnóstico e Infra - 2025 ri rio caete.xlsx",Rio Caeté,197,0.0
Quatipuru,9 Rio Caeté,22,"Tabela 22 – Caracterização Hospitalar – Equip de Manutenção da Vida, Equip de Diagnóstico e Infra - 2025 ri rio caete",20,"Tabela 22 – Caracterização Hospitalar – Equip de Manutenção da Vida, Equip de Diagnóstico e Infra - 2025 ri rio caete","..\..\Desktop\tabelas-powerBI\9 Rio Caeté\Tabela 22 – Caracterização Hospitalar – Equip de Manutenção da Vida, Equip de Diagnóstico e Infra - 2025 ri rio caete.xlsx",Rio Caeté,197,0.0
Salinópolis,9 Rio Caeté,22,"Tabela 22 – Caracterização Hospitalar – Equip de Manutenção da Vida, Equip de Diagnóstico e Infra - 2025 ri rio caete",20,"Tabela 22 – Caracterização Hospitalar – Equip de Manutenção da Vida, Equip de Diagnóstico e Infra - 2025 ri rio caete","..\..\Desktop\tabelas-powerBI\9 Rio Caeté\Tabela 22 – Caracterização Hospitalar – Equip de Manutenção da Vida, Equip de Diagnóstico e Infra - 2025 ri rio caete.xlsx",Rio Caeté,197,2.0
Santa Luzia do Pará,9 Rio Caeté,22,"Tabela 22 – Caracterização Hospitalar – Equip de Manutenção da Vida, Equip de Diagnóstico e Infra - 2025 ri rio caete",20,"Tabela 22 – Caracterização Hospitalar – Equip de Manutenção da Vida, Equip de Diagnóstico e Infra - 2025 ri rio caete","..\..\Desktop\tabelas-powerBI\9 Rio Caeté\Tabela 22 – Caracterização Hospitalar – Equip de Manutenção da Vida, Equip de Diagnóstico e Infra - 2025 ri rio caete.xlsx",Rio Caeté,197,0.0
Santarém Novo,9 Rio Caeté,22,"Tabela 22 – Caracterização Hospitalar – Equip de Manutenção da Vida, Equip de Diagnóstico e Infra - 2025 ri rio caete",20,"Tabela 22 – Caracterização Hospitalar – Equip de Manutenção da Vida, Equip de Diagnóstico e Infra - 2025 ri rio caete","..\..\Desktop\tabelas-powerBI\9 Rio Caeté\Tabela 22 – Caracterização Hospitalar – Equip de Manutenção da Vida, Equip de Diagnóstico e Infra - 2025 ri rio caete.xlsx",Rio Caeté,197,0.0
São João de Pirabas,9 Rio Caeté,22,"Tabela 22 – Caracterização Hospitalar – Equip de Manutenção da Vida, Equip de Diagnóstico e Infra - 2025 ri rio caete",20,"Tabela 22 – Caracterização Hospitalar – Equip de Manutenção da Vida, Equip de Diagnóstico e Infra - 2025 ri rio caete","..\..\Desktop\tabelas-powerBI\9 Rio Caeté\Tabela 22 – Caracterização Hospitalar – Equip de Manutenção da Vida, Equip de Diagnóstico e Infra - 2025 ri rio caete.xlsx",Rio Caeté,197,1.0
Tracuateua,9 Rio Caeté,22,"Tabela 22 – Caracterização Hospitalar – Equip de Manutenção da Vida, Equip de Diagnóstico e Infra - 2025 ri rio caete",20,"Tabela 22 – Caracterização Hospitalar – Equip de Manutenção da Vida, Equip de Diagnóstico e Infra - 2025 ri rio caete","..\..\Desktop\tabelas-powerBI\9 Rio Caeté\Tabela 22 – Caracterização Hospitalar – Equip de Manutenção da Vida, Equip de Diagnóstico e Infra - 2025 ri rio caete.xlsx",Rio Caeté,197,0.0
Viseu,9 Rio Caeté,22,"Tabela 22 – Caracterização Hospitalar – Equip de Manutenção da Vida, Equip de Diagnóstico e Infra - 2025 ri rio caete",20,"Tabela 22 – Caracterização Hospitalar – Equip de Manutenção da Vida, Equip de Diagnóstico e Infra - 2025 ri rio caete","..\..\Desktop\tabelas-powerBI\9 Rio Caeté\Tabela 22 – Caracterização Hospitalar – Equip de Manutenção da Vida, Equip de Diagnóstico e Infra - 2025 ri rio caete.xlsx",Rio Caeté,197,0.0
Fonte: DATASUS,9 Rio Caeté,22,"Tabela 22 – Caracterização Hospitalar – Equip de Manutenção da Vida, Equip de Diagnóstico e Infra - 2025 ri rio caete",20,"Tabela 22 – Caracterização Hospitalar – Equip de Manutenção da Vida, Equip de Diagnóstico e Infra - 2025 ri rio caete","..\..\Desktop\tabelas-powerBI\9 Rio Caeté\Tabela 22 – Caracterização Hospitalar – Equip de Manutenção da Vida, Equip de Diagnóstico e Infra - 2025 ri rio caete.xlsx",Rio Caeté,197,
Elaboração: FAPESPA,9 Rio Caeté,22,"Tabela 22 – Caracterização Hospitalar – Equip de Manutenção da Vida, Equip de Diagnóstico e Infra - 2025 ri rio caete",20,"Tabela 22 – Caracterização Hospitalar – Equip de Manutenção da Vida, Equip de Diagnóstico e Infra - 2025 ri rio caete","..\..\Desktop\tabelas-powerBI\9 Rio Caeté\Tabela 22 – Caracterização Hospitalar – Equip de Manutenção da Vida, Equip de Diagnóstico e Infra - 2025 ri rio caete.xlsx",Rio Caeté,197,
*Nota: Dados referentes a Outubro/2025.,9 Rio Caeté,22,"Tabela 22 – Caracterização Hospitalar – Equip de Manutenção da Vida, Equip de Diagnóstico e Infra - 2025 ri rio caete",20,"Tabela 22 – Caracterização Hospitalar – Equip de Manutenção da Vida, Equip de Diagnóstico e Infra - 2025 ri rio caete","..\..\Desktop\tabelas-powerBI\9 Rio Caeté\Tabela 22 – Caracterização Hospitalar – Equip de Manutenção da Vida, Equip de Diagnóstico e Infra - 2025 ri rio caete.xlsx",Rio Caeté,197,
RI Rio Caeté,9 Rio Caeté,22,"Tabela 22 – Caracterização Hospitalar – Equip de Manutenção da Vida, Equip de Diagnóstico e Infra - 2025 ri rio caete",20,"Tabela 22 – Caracterização Hospitalar – Equip de Manutenção da Vida, Equip de Diagnóstico e Infra - 2025 ri rio caete","..\..\Desktop\tabelas-powerBI\9 Rio Caeté\Tabela 22 – Caracterização Hospitalar – Equip de Manutenção da Vida, Equip de Diagnóstico e Infra - 2025 ri rio caete.xlsx",Rio Caeté,19075,464.0
Augusto Corrêa,9 Rio Caeté,22,"Tabela 22 – Caracterização Hospitalar – Equip de Manutenção da Vida, Equip de Diagnóstico e Infra - 2025 ri rio caete",20,"Tabela 22 – Caracterização Hospitalar – Equip de Manutenção da Vida, Equip de Diagnóstico e Infra - 2025 ri rio caete","..\..\Desktop\tabelas-powerBI\9 Rio Caeté\Tabela 22 – Caracterização Hospitalar – Equip de Manutenção da Vida, Equip de Diagnóstico e Infra - 2025 ri rio caete.xlsx",Rio Caeté,19075,0.0
Bonito,9 Rio Caeté,22,"Tabela 22 – Caracterização Hospitalar – Equip de Manutenção da Vida, Equip de Diagnóstico e Infra - 2025 ri rio caete",20,"Tabela 22 – Caracterização Hospitalar – Equip de Manutenção da Vida, Equip de Diagnóstico e Infra - 2025 ri rio caete","..\..\Desktop\tabelas-powerBI\9 Rio Caeté\Tabela 22 – Caracterização Hospitalar – Equip de Manutenção da Vida, Equip de Diagnóstico e Infra - 2025 ri rio caete.xlsx",Rio Caeté,19075,0.0
Bragança,9 Rio Caeté,22,"Tabela 22 – Caracterização Hospitalar – Equip de Manutenção da Vida, Equip de Diagnóstico e Infra - 2025 ri rio caete",20,"Tabela 22 – Caracterização Hospitalar – Equip de Manutenção da Vida, Equip de Diagnóstico e Infra - 2025 ri rio caete","..\..\Desktop\tabelas-powerBI\9 Rio Caeté\Tabela 22 – Caracterização Hospitalar – Equip de Manutenção da Vida, Equip de Diagnóstico e Infra - 2025 ri rio caete.xlsx",Rio Caeté,19075,3.0
Cachoeira do Piriá,9 Rio Caeté,22,"Tabela 22 – Caracterização Hospitalar – Equip de Manutenção da Vida, Equip de Diagnóstico e Infra - 2025 ri rio caete",20,"Tabela 22 – Caracterização Hospitalar – Equip de Manutenção da Vida, Equip de Diagnóstico e Infra - 2025 ri rio caete","..\..\Desktop\tabelas-powerBI\9 Rio Caeté\Tabela 22 – Caracterização Hospitalar – Equip de Manutenção da Vida, Equip de Diagnóstico e Infra - 2025 ri rio caete.xlsx",Rio Caeté,19075,5.0
Capanema,9 Rio Caeté,22,"Tabela 22 – Caracterização Hospitalar – Equip de Manutenção da Vida, Equip de Diagnóstico e Infra - 2025 ri rio caete",20,"Tabela 22 – Caracterização Hospitalar – Equip de Manutenção da Vida, Equip de Diagnóstico e Infra - 2025 ri rio caete","..\..\Desktop\tabelas-powerBI\9 Rio Caeté\Tabela 22 – Caracterização Hospitalar – Equip de Manutenção da Vida, Equip de Diagnóstico e Infra - 2025 ri rio caete.xlsx",Rio Caeté,19075,379.0
Nova Timboteua,9 Rio Caeté,22,"Tabela 22 – Caracterização Hospitalar – Equip de Manutenção da Vida, Equip de Diagnóstico e Infra - 2025 ri rio caete",20,"Tabela 22 – Caracterização Hospitalar – Equip de Manutenção da Vida, Equip de Diagnóstico e Infra - 2025 ri rio caete","..\..\Desktop\tabelas-powerBI\9 Rio Caeté\Tabela 22 – Caracterização Hospitalar – Equip de Manutenção da Vida, Equip de Diagnóstico e Infra - 2025 ri rio caete.xlsx",Rio Caeté,19075,0.0
Peixe-Boi,9 Rio Caeté,22,"Tabela 22 – Caracterização Hospitalar – Equip de Manutenção da Vida, Equip de Diagnóstico e Infra - 2025 ri rio caete",20,"Tabela 22 – Caracterização Hospitalar – Equip de Manutenção da Vida, Equip de Diagnóstico e Infra - 2025 ri rio caete","..\..\Desktop\tabelas-powerBI\9 Rio Caeté\Tabela 22 – Caracterização Hospitalar – Equip de Manutenção da Vida, Equip de Diagnóstico e Infra - 2025 ri rio caete.xlsx",Rio Caeté,19075,4.0
Primavera,9 Rio Caeté,22,"Tabela 22 – Caracterização Hospitalar – Equip de Manutenção da Vida, Equip de Diagnóstico e Infra - 2025 ri rio caete",20,"Tabela 22 – Caracterização Hospitalar – Equip de Manutenção da Vida, Equip de Diagnóstico e Infra - 2025 ri rio caete","..\..\Desktop\tabelas-powerBI\9 Rio Caeté\Tabela 22 – Caracterização Hospitalar – Equip de Manutenção da Vida, Equip de Diagnóstico e Infra - 2025 ri rio caete.xlsx",Rio Caeté,19075,21.0
Quatipuru,9 Rio Caeté,22,"Tabela 22 – Caracterização Hospitalar – Equip de Manutenção da Vida, Equip de Diagnóstico e Infra - 2025 ri rio caete",20,"Tabela 22 – Caracterização Hospitalar – Equip de Manutenção da Vida, Equip de Diagnóstico e Infra - 2025 ri rio caete","..\..\Desktop\tabelas-powerBI\9 Rio Caeté\Tabela 22 – Caracterização Hospitalar – Equip de Manutenção da Vida, Equip de Diagnóstico e Infra - 2025 ri rio caete.xlsx",Rio Caeté,19075,0.0
Salinópolis,9 Rio Caeté,22,"Tabela 22 – Caracterização Hospitalar – Equip de Manutenção da Vida, Equip de Diagnóstico e Infra - 2025 ri rio caete",20,"Tabela 22 – Caracterização Hospitalar – Equip de Manutenção da Vida, Equip de Diagnóstico e Infra - 2025 ri rio caete","..\..\Desktop\tabelas-powerBI\9 Rio Caeté\Tabela 22 – Caracterização Hospitalar – Equip de Manutenção da Vida, Equip de Diagnóstico e Infra - 2025 ri rio caete.xlsx",Rio Caeté,19075,44.0
Santa Luzia do Pará,9 Rio Caeté,22,"Tabela 22 – Caracterização Hospitalar – Equip de Manutenção da Vida, Equip de Diagnóstico e Infra - 2025 ri rio caete",20,"Tabela 22 – Caracterização Hospitalar – Equip de Manutenção da Vida, Equip de Diagnóstico e Infra - 2025 ri rio caete","..\..\Desktop\tabelas-powerBI\9 Rio Caeté\Tabela 22 – Caracterização Hospitalar – Equip de Manutenção da Vida, Equip de Diagnóstico e Infra - 2025 ri rio caete.xlsx",Rio Caeté,19075,4.0
Santarém Novo,9 Rio Caeté,22,"Tabela 22 – Caracterização Hospitalar – Equip de Manutenção da Vida, Equip de Diagnóstico e Infra - 2025 ri rio caete",20,"Tabela 22 – Caracterização Hospitalar – Equip de Manutenção da Vida, Equip de Diagnóstico e Infra - 2025 ri rio caete","..\..\Desktop\tabelas-powerBI\9 Rio Caeté\Tabela 22 – Caracterização Hospitalar – Equip de Manutenção da Vida, Equip de Diagnóstico e Infra - 2025 ri rio caete.xlsx",Rio Caeté,19075,0.0
São João de Pirabas,9 Rio Caeté,22,"Tabela 22 – Caracterização Hospitalar – Equip de Manutenção da Vida, Equip de Diagnóstico e Infra - 2025 ri rio caete",20,"Tabela 22 – Caracterização Hospitalar – Equip de Manutenção da Vida, Equip de Diagnóstico e Infra - 2025 ri rio caete","..\..\Desktop\tabelas-powerBI\9 Rio Caeté\Tabela 22 – Caracterização Hospitalar – Equip de Manutenção da Vida, Equip de Diagnóstico e Infra - 2025 ri rio caete.xlsx",Rio Caeté,19075,4.0
Tracuateua,9 Rio Caeté,22,"Tabela 22 – Caracterização Hospitalar – Equip de Manutenção da Vida, Equip de Diagnóstico e Infra - 2025 ri rio caete",20,"Tabela 22 – Caracterização Hospitalar – Equip de Manutenção da Vida, Equip de Diagnóstico e Infra - 2025 ri rio caete","..\..\Desktop\tabelas-powerBI\9 Rio Caeté\Tabela 22 – Caracterização Hospitalar – Equip de Manutenção da Vida, Equip de Diagnóstico e Infra - 2025 ri rio caete.xlsx",Rio Caeté,19075,0.0
Viseu,9 Rio Caeté,22,"Tabela 22 – Caracterização Hospitalar – Equip de Manutenção da Vida, Equip de Diagnóstico e Infra - 2025 ri rio caete",20,"Tabela 22 – Caracterização Hospitalar – Equip de Manutenção da Vida, Equip de Diagnóstico e Infra - 2025 ri rio caete","..\..\Desktop\tabelas-powerBI\9 Rio Caeté\Tabela 22 – Caracterização Hospitalar – Equip de Manutenção da Vida, Equip de Diagnóstico e Infra - 2025 ri rio caete.xlsx",Rio Caeté,19075,0.0
Fonte: DATASUS,9 Rio Caeté,22,"Tabela 22 – Caracterização Hospitalar – Equip de Manutenção da Vida, Equip de Diagnóstico e Infra - 2025 ri rio caete",20,"Tabela 22 – Caracterização Hospitalar – Equip de Manutenção da Vida, Equip de Diagnóstico e Infra - 2025 ri rio caete","..\..\Desktop\tabelas-powerBI\9 Rio Caeté\Tabela 22 – Caracterização Hospitalar – Equip de Manutenção da Vida, Equip de Diagnóstico e Infra - 2025 ri rio caete.xlsx",Rio Caeté,19075,
Elaboração: FAPESPA,9 Rio Caeté,22,"Tabela 22 – Caracterização Hospitalar – Equip de Manutenção da Vida, Equip de Diagnóstico e Infra - 2025 ri rio caete",20,"Tabela 22 – Caracterização Hospitalar – Equip de Manutenção da Vida, Equip de Diagnóstico e Infra - 2025 ri rio caete","..\..\Desktop\tabelas-powerBI\9 Rio Caeté\Tabela 22 – Caracterização Hospitalar – Equip de Manutenção da Vida, Equip de Diagnóstico e Infra - 2025 ri rio caete.xlsx",Rio Caeté,19075,
*Nota: Dados referentes a Outubro/2025.,9 Rio Caeté,22,"Tabela 22 – Caracterização Hospitalar – Equip de Manutenção da Vida, Equip de Diagnóstico e Infra - 2025 ri rio caete",20,"Tabela 22 – Caracterização Hospitalar – Equip de Manutenção da Vida, Equip de Diagnóstico e Infra - 2025 ri rio caete","..\..\Desktop\tabelas-powerBI\9 Rio Caeté\Tabela 22 – Caracterização Hospitalar – Equip de Manutenção da Vida, Equip de Diagnóstico e Infra - 2025 ri rio caete.xlsx",Rio Caeté,19075,
RI Rio Caeté,9 Rio Caeté,22,"Tabela 22 – Caracterização Hospitalar – Equip de Manutenção da Vida, Equip de Diagnóstico e Infra - 2025 ri rio caete",20,"Tabela 22 – Caracterização Hospitalar – Equip de Manutenção da Vida, Equip de Diagnóstico e Infra - 2025 ri rio caete","..\..\Desktop\tabelas-powerBI\9 Rio Caeté\Tabela 22 – Caracterização Hospitalar – Equip de Manutenção da Vida, Equip de Diagnóstico e Infra - 2025 ri rio caete.xlsx",Rio Caeté,18607,454.0
Augusto Corrêa,9 Rio Caeté,22,"Tabela 22 – Caracterização Hospitalar – Equip de Manutenção da Vida, Equip de Diagnóstico e Infra - 2025 ri rio caete",20,"Tabela 22 – Caracterização Hospitalar – Equip de Manutenção da Vida, Equip de Diagnóstico e Infra - 2025 ri rio caete","..\..\Desktop\tabelas-powerBI\9 Rio Caeté\Tabela 22 – Caracterização Hospitalar – Equip de Manutenção da Vida, Equip de Diagnóstico e Infra - 2025 ri rio caete.xlsx",Rio Caeté,18607,0.0
Bonito,9 Rio Caeté,22,"Tabela 22 – Caracterização Hospitalar – Equip de Manutenção da Vida, Equip de Diagnóstico e Infra - 2025 ri rio caete",20,"Tabela 22 – Caracterização Hospitalar – Equip de Manutenção da Vida, Equip de Diagnóstico e Infra - 2025 ri rio caete","..\..\Desktop\tabelas-powerBI\9 Rio Caeté\Tabela 22 – Caracterização Hospitalar – Equip de Manutenção da Vida, Equip de Diagnóstico e Infra - 2025 ri rio caete.xlsx",Rio Caeté,18607,0.0
Bragança,9 Rio Caeté,22,"Tabela 22 – Caracterização Hospitalar – Equip de Manutenção da Vida, Equip de Diagnóstico e Infra - 2025 ri rio caete",20,"Tabela 22 – Caracterização Hospitalar – Equip de Manutenção da Vida, Equip de Diagnóstico e Infra - 2025 ri rio caete","..\..\Desktop\tabelas-powerBI\9 Rio Caeté\Tabela 22 – Caracterização Hospitalar – Equip de Manutenção da Vida, Equip de Diagnóstico e Infra - 2025 ri rio caete.xlsx",Rio Caeté,18607,3.0
Cachoeira do Piriá,9 Rio Caeté,22,"Tabela 22 – Caracterização Hospitalar – Equip de Manutenção da Vida, Equip de Diagnóstico e Infra - 2025 ri rio caete",20,"Tabela 22 – Caracterização Hospitalar – Equip de Manutenção da Vida, Equip de Diagnóstico e Infra - 2025 ri rio caete","..\..\Desktop\tabelas-powerBI\9 Rio Caeté\Tabela 22 – Caracterização Hospitalar – Equip de Manutenção da Vida, Equip de Diagnóstico e Infra - 2025 ri rio caete.xlsx",Rio Caeté,18607,5.0
Capanema,9 Rio Caeté,22,"Tabela 22 – Caracterização Hospitalar – Equip de Manutenção da Vida, Equip de Diagnóstico e Infra - 2025 ri rio caete",20,"Tabela 22 – Caracterização Hospitalar – Equip de Manutenção da Vida, Equip de Diagnóstico e Infra - 2025 ri rio caete","..\..\Desktop\tabelas-powerBI\9 Rio Caeté\Tabela 22 – Caracterização Hospitalar – Equip de Manutenção da Vida, Equip de Diagnóstico e Infra - 2025 ri rio caete.xlsx",Rio Caeté,18607,379.0
Nova Timboteua,9 Rio Caeté,22,"Tabela 22 – Caracterização Hospitalar – Equip de Manutenção da Vida, Equip de Diagnóstico e Infra - 2025 ri rio caete",20,"Tabela 22 – Caracterização Hospitalar – Equip de Manutenção da Vida, Equip de Diagnóstico e Infra - 2025 ri rio caete","..\..\Desktop\tabelas-powerBI\9 Rio Caeté\Tabela 22 – Caracterização Hospitalar – Equip de Manutenção da Vida, Equip de Diagnóstico e Infra - 2025 ri rio caete.xlsx",Rio Caeté,18607,0.0
Peixe-Boi,9 Rio Caeté,22,"Tabela 22 – Caracterização Hospitalar – Equip de Manutenção da Vida, Equip de Diagnóstico e Infra - 2025 ri rio caete",20,"Tabela 22 – Caracterização Hospitalar – Equip de Manutenção da Vida, Equip de Diagnóstico e Infra - 2025 ri rio caete","..\..\Desktop\tabelas-powerBI\9 Rio Caeté\Tabela 22 – Caracterização Hospitalar – Equip de Manutenção da Vida, Equip de Diagnóstico e Infra - 2025 ri rio caete.xlsx",Rio Caeté,18607,2.0
Primavera,9 Rio Caeté,22,"Tabela 22 – Caracterização Hospitalar – Equip de Manutenção da Vida, Equip de Diagnóstico e Infra - 2025 ri rio caete",20,"Tabela 22 – Caracterização Hospitalar – Equip de Manutenção da Vida, Equip de Diagnóstico e Infra - 2025 ri rio caete","..\..\Desktop\tabelas-powerBI\9 Rio Caeté\Tabela 22 – Caracterização Hospitalar – Equip de Manutenção da Vida, Equip de Diagnóstico e Infra - 2025 ri rio caete.xlsx",Rio Caeté,18607,21.0
Quatipuru,9 Rio Caeté,22,"Tabela 22 – Caracterização Hospitalar – Equip de Manutenção da Vida, Equip de Diagnóstico e Infra - 2025 ri rio caete",20,"Tabela 22 – Caracterização Hospitalar – Equip de Manutenção da Vida, Equip de Diagnóstico e Infra - 2025 ri rio caete","..\..\Desktop\tabelas-powerBI\9 Rio Caeté\Tabela 22 – Caracterização Hospitalar – Equip de Manutenção da Vida, Equip de Diagnóstico e Infra - 2025 ri rio caete.xlsx",Rio Caeté,18607,0.0
Salinópolis,9 Rio Caeté,22,"Tabela 22 – Caracterização Hospitalar – Equip de Manutenção da Vida, Equip de Diagnóstico e Infra - 2025 ri rio caete",20,"Tabela 22 – Caracterização Hospitalar – Equip de Manutenção da Vida, Equip de Diagnóstico e Infra - 2025 ri rio caete","..\..\Desktop\tabelas-powerBI\9 Rio Caeté\Tabela 22 – Caracterização Hospitalar – Equip de Manutenção da Vida, Equip de Diagnóstico e Infra - 2025 ri rio caete.xlsx",Rio Caeté,18607,38.0
Santa Luzia do Pará,9 Rio Caeté,22,"Tabela 22 – Caracterização Hospitalar – Equip de Manutenção da Vida, Equip de Diagnóstico e Infra - 2025 ri rio caete",20,"Tabela 22 – Caracterização Hospitalar – Equip de Manutenção da Vida, Equip de Diagnóstico e Infra - 2025 ri rio caete","..\..\Desktop\tabelas-powerBI\9 Rio Caeté\Tabela 22 – Caracterização Hospitalar – Equip de Manutenção da Vida, Equip de Diagnóstico e Infra - 2025 ri rio caete.xlsx",Rio Caeté,18607,4.0
Santarém Novo,9 Rio Caeté,22,"Tabela 22 – Caracterização Hospitalar – Equip de Manutenção da Vida, Equip de Diagnóstico e Infra - 2025 ri rio caete",20,"Tabela 22 – Caracterização Hospitalar – Equip de Manutenção da Vida, Equip de Diagnóstico e Infra - 2025 ri rio caete","..\..\Desktop\tabelas-powerBI\9 Rio Caeté\Tabela 22 – Caracterização Hospitalar – Equip de Manutenção da Vida, Equip de Diagnóstico e Infra - 2025 ri rio caete.xlsx",Rio Caeté,18607,0.0
São João de Pirabas,9 Rio Caeté,22,"Tabela 22 – Caracterização Hospitalar – Equip de Manutenção da Vida, Equip de Diagnóstico e Infra - 2025 ri rio caete",20,"Tabela 22 – Caracterização Hospitalar – Equip de Manutenção da Vida, Equip de Diagnóstico e Infra - 2025 ri rio caete","..\..\Desktop\tabelas-powerBI\9 Rio Caeté\Tabela 22 – Caracterização Hospitalar – Equip de Manutenção da Vida, Equip de Diagnóstico e Infra - 2025 ri rio caete.xlsx",Rio Caeté,18607,2.0
Tracuateua,9 Rio Caeté,22,"Tabela 22 – Caracterização Hospitalar – Equip de Manutenção da Vida, Equip de Diagnóstico e Infra - 2025 ri rio caete",20,"Tabela 22 – Caracterização Hospitalar – Equip de Manutenção da Vida, Equip de Diagnóstico e Infra - 2025 ri rio caete","..\..\Desktop\tabelas-powerBI\9 Rio Caeté\Tabela 22 – Caracterização Hospitalar – Equip de Manutenção da Vida, Equip de Diagnóstico e Infra - 2025 ri rio caete.xlsx",Rio Caeté,18607,0.0
Viseu,9 Rio Caeté,22,"Tabela 22 – Caracterização Hospitalar – Equip de Manutenção da Vida, Equip de Diagnóstico e Infra - 2025 ri rio caete",20,"Tabela 22 – Caracterização Hospitalar – Equip de Manutenção da Vida, Equip de Diagnóstico e Infra - 2025 ri rio caete","..\..\Desktop\tabelas-powerBI\9 Rio Caeté\Tabela 22 – Caracterização Hospitalar – Equip de Manutenção da Vida, Equip de Diagnóstico e Infra - 2025 ri rio caete.xlsx",Rio Caeté,18607,0.0
Fonte: DATASUS,9 Rio Caeté,22,"Tabela 22 – Caracterização Hospitalar – Equip de Manutenção da Vida, Equip de Diagnóstico e Infra - 2025 ri rio caete",20,"Tabela 22 – Caracterização Hospitalar – Equip de Manutenção da Vida, Equip de Diagnóstico e Infra - 2025 ri rio caete","..\..\Desktop\tabelas-powerBI\9 Rio Caeté\Tabela 22 – Caracterização Hospitalar – Equip de Manutenção da Vida, Equip de Diagnóstico e Infra - 2025 ri rio caete.xlsx",Rio Caeté,18607,
Elaboração: FAPESPA,9 Rio Caeté,22,"Tabela 22 – Caracterização Hospitalar – Equip de Manutenção da Vida, Equip de Diagnóstico e Infra - 2025 ri rio caete",20,"Tabela 22 – Caracterização Hospitalar – Equip de Manutenção da Vida, Equip de Diagnóstico e Infra - 2025 ri rio caete","..\..\Desktop\tabelas-powerBI\9 Rio Caeté\Tabela 22 – Caracterização Hospitalar – Equip de Manutenção da Vida, Equip de Diagnóstico e Infra - 2025 ri rio caete.xlsx",Rio Caeté,18607,
*Nota: Dados referentes a Outubro/2025.,9 Rio Caeté,22,"Tabela 22 – Caracterização Hospitalar – Equip de Manutenção da Vida, Equip de Diagnóstico e Infra - 2025 ri rio caete",20,"Tabela 22 – Caracterização Hospitalar – Equip de Manutenção da Vida, Equip de Diagnóstico e Infra - 2025 ri rio caete","..\..\Desktop\tabelas-powerBI\9 Rio Caeté\Tabela 22 – Caracterização Hospitalar – Equip de Manutenção da Vida, Equip de Diagnóstico e Infra - 2025 ri rio caete.xlsx",Rio Caeté,18607,
RI Rio Caeté,9 Rio Caeté,22,"Tabela 22 – Caracterização Hospitalar – Equip de Manutenção da Vida, Equip de Diagnóstico e Infra - 2025 ri rio caete",20,"Tabela 22 – Caracterização Hospitalar – Equip de Manutenção da Vida, Equip de Diagnóstico e Infra - 2025 ri rio caete","..\..\Desktop\tabelas-powerBI\9 Rio Caeté\Tabela 22 – Caracterização Hospitalar – Equip de Manutenção da Vida, Equip de Diagnóstico e Infra - 2025 ri rio caete.xlsx",Rio Caeté,506,14.0
Augusto Corrêa,9 Rio Caeté,22,"Tabela 22 – Caracterização Hospitalar – Equip de Manutenção da Vida, Equip de Diagnóstico e Infra - 2025 ri rio caete",20,"Tabela 22 – Caracterização Hospitalar – Equip de Manutenção da Vida, Equip de Diagnóstico e Infra - 2025 ri rio caete","..\..\Desktop\tabelas-powerBI\9 Rio Caeté\Tabela 22 – Caracterização Hospitalar – Equip de Manutenção da Vida, Equip de Diagnóstico e Infra - 2025 ri rio caete.xlsx",Rio Caeté,506,0.0
Bonito,9 Rio Caeté,22,"Tabela 22 – Caracterização Hospitalar – Equip de Manutenção da Vida, Equip de Diagnóstico e Infra - 2025 ri rio caete",20,"Tabela 22 – Caracterização Hospitalar – Equip de Manutenção da Vida, Equip de Diagnóstico e Infra - 2025 ri rio caete","..\..\Desktop\tabelas-powerBI\9 Rio Caeté\Tabela 22 – Caracterização Hospitalar – Equip de Manutenção da Vida, Equip de Diagnóstico e Infra - 2025 ri rio caete.xlsx",Rio Caeté,506,0.0
Bragança,9 Rio Caeté,22,"Tabela 22 – Caracterização Hospitalar – Equip de Manutenção da Vida, Equip de Diagnóstico e Infra - 2025 ri rio caete",20,"Tabela 22 – Caracterização Hospitalar – Equip de Manutenção da Vida, Equip de Diagnóstico e Infra - 2025 ri rio caete","..\..\Desktop\tabelas-powerBI\9 Rio Caeté\Tabela 22 – Caracterização Hospitalar – Equip de Manutenção da Vida, Equip de Diagnóstico e Infra - 2025 ri rio caete.xlsx",Rio Caeté,506,6.0
Cachoeira do Piriá,9 Rio Caeté,22,"Tabela 22 – Caracterização Hospitalar – Equip de Manutenção da Vida, Equip de Diagnóstico e Infra - 2025 ri rio caete",20,"Tabela 22 – Caracterização Hospitalar – Equip de Manutenção da Vida, Equip de Diagnóstico e Infra - 2025 ri rio caete","..\..\Desktop\tabelas-powerBI\9 Rio Caeté\Tabela 22 – Caracterização Hospitalar – Equip de Manutenção da Vida, Equip de Diagnóstico e Infra - 2025 ri rio caete.xlsx",Rio Caeté,506,1.0
Capanema,9 Rio Caeté,22,"Tabela 22 – Caracterização Hospitalar – Equip de Manutenção da Vida, Equip de Diagnóstico e Infra - 2025 ri rio caete",20,"Tabela 22 – Caracterização Hospitalar – Equip de Manutenção da Vida, Equip de Diagnóstico e Infra - 2025 ri rio caete","..\..\Desktop\tabelas-powerBI\9 Rio Caeté\Tabela 22 – Caracterização Hospitalar – Equip de Manutenção da Vida, Equip de Diagnóstico e Infra - 2025 ri rio caete.xlsx",Rio Caeté,506,3.0
Nova Timboteua,9 Rio Caeté,22,"Tabela 22 – Caracterização Hospitalar – Equip de Manutenção da Vida, Equip de Diagnóstico e Infra - 2025 ri rio caete",20,"Tabela 22 – Caracterização Hospitalar – Equip de Manutenção da Vida, Equip de Diagnóstico e Infra - 2025 ri rio caete","..\..\Desktop\tabelas-powerBI\9 Rio Caeté\Tabela 22 – Caracterização Hospitalar – Equip de Manutenção da Vida, Equip de Diagnóstico e Infra - 2025 ri rio caete.xlsx",Rio Caeté,506,0.0
Peixe-Boi,9 Rio Caeté,22,"Tabela 22 – Caracterização Hospitalar – Equip de Manutenção da Vida, Equip de Diagnóstico e Infra - 2025 ri rio caete",20,"Tabela 22 – Caracterização Hospitalar – Equip de Manutenção da Vida, Equip de Diagnóstico e Infra - 2025 ri rio caete","..\..\Desktop\tabelas-powerBI\9 Rio Caeté\Tabela 22 – Caracterização Hospitalar – Equip de Manutenção da Vida, Equip de Diagnóstico e Infra - 2025 ri rio caete.xlsx",Rio Caeté,506,0.0
Primavera,9 Rio Caeté,22,"Tabela 22 – Caracterização Hospitalar – Equip de Manutenção da Vida, Equip de Diagnóstico e Infra - 2025 ri rio caete",20,"Tabela 22 – Caracterização Hospitalar – Equip de Manutenção da Vida, Equip de Diagnóstico e Infra - 2025 ri rio caete","..\..\Desktop\tabelas-powerBI\9 Rio Caeté\Tabela 22 – Caracterização Hospitalar – Equip de Manutenção da Vida, Equip de Diagnóstico e Infra - 2025 ri rio caete.xlsx",Rio Caeté,506,0.0
Quatipuru,9 Rio Caeté,22,"Tabela 22 – Caracterização Hospitalar – Equip de Manutenção da Vida, Equip de Diagnóstico e Infra - 2025 ri rio caete",20,"Tabela 22 – Caracterização Hospitalar – Equip de Manutenção da Vida, Equip de Diagnóstico e Infra - 2025 ri rio caete","..\..\Desktop\tabelas-powerBI\9 Rio Caeté\Tabela 22 – Caracterização Hospitalar – Equip de Manutenção da Vida, Equip de Diagnóstico e Infra - 2025 ri rio caete.xlsx",Rio Caeté,506,0.0
Salinópolis,9 Rio Caeté,22,"Tabela 22 – Caracterização Hospitalar – Equip de Manutenção da Vida, Equip de Diagnóstico e Infra - 2025 ri rio caete",20,"Tabela 22 – Caracterização Hospitalar – Equip de Manutenção da Vida, Equip de Diagnóstico e Infra - 2025 ri rio caete","..\..\Desktop\tabelas-powerBI\9 Rio Caeté\Tabela 22 – Caracterização Hospitalar – Equip de Manutenção da Vida, Equip de Diagnóstico e Infra - 2025 ri rio caete.xlsx",Rio Caeté,506,1.0
Santa Luzia do Pará,9 Rio Caeté,22,"Tabela 22 – Caracterização Hospitalar – Equip de Manutenção da Vida, Equip de Diagnóstico e Infra - 2025 ri rio caete",20,"Tabela 22 – Caracterização Hospitalar – Equip de Manutenção da Vida, Equip de Diagnóstico e Infra - 2025 ri rio caete","..\..\Desktop\tabelas-powerBI\9 Rio Caeté\Tabela 22 – Caracterização Hospitalar – Equip de Manutenção da Vida, Equip de Diagnóstico e Infra - 2025 ri rio caete.xlsx",Rio Caeté,506,0.0
Santarém Novo,9 Rio Caeté,22,"Tabela 22 – Caracterização Hospitalar – Equip de Manutenção da Vida, Equip de Diagnóstico e Infra - 2025 ri rio caete",20,"Tabela 22 – Caracterização Hospitalar – Equip de Manutenção da Vida, Equip de Diagnóstico e Infra - 2025 ri rio caete","..\..\Desktop\tabelas-powerBI\9 Rio Caeté\Tabela 22 – Caracterização Hospitalar – Equip de Manutenção da Vida, Equip de Diagnóstico e Infra - 2025 ri rio caete.xlsx",Rio Caeté,506,0.0
São João de Pirabas,9 Rio Caeté,22,"Tabela 22 – Caracterização Hospitalar – Equip de Manutenção da Vida, Equip de Diagnóstico e Infra - 2025 ri rio caete",20,"Tabela 22 – Caracterização Hospitalar – Equip de Manutenção da Vida, Equip de Diagnóstico e Infra - 2025 ri rio caete","..\..\Desktop\tabelas-powerBI\9 Rio Caeté\Tabela 22 – Caracterização Hospitalar – Equip de Manutenção da Vida, Equip de Diagnóstico e Infra - 2025 ri rio caete.xlsx",Rio Caeté,506,0.0
Tracuateua,9 Rio Caeté,22,"Tabela 22 – Caracterização Hospitalar – Equip de Manutenção da Vida, Equip de Diagnóstico e Infra - 2025 ri rio caete",20,"Tabela 22 – Caracterização Hospitalar – Equip de Manutenção da Vida, Equip de Diagnóstico e Infra - 2025 ri rio caete","..\..\Desktop\tabelas-powerBI\9 Rio Caeté\Tabela 22 – Caracterização Hospitalar – Equip de Manutenção da Vida, Equip de Diagnóstico e Infra - 2025 ri rio caete.xlsx",Rio Caeté,506,1.0
Viseu,9 Rio Caeté,22,"Tabela 22 – Caracterização Hospitalar – Equip de Manutenção da Vida, Equip de Diagnóstico e Infra - 2025 ri rio caete",20,"Tabela 22 – Caracterização Hospitalar – Equip de Manutenção da Vida, Equip de Diagnóstico e Infra - 2025 ri rio caete","..\..\Desktop\tabelas-powerBI\9 Rio Caeté\Tabela 22 – Caracterização Hospitalar – Equip de Manutenção da Vida, Equip de Diagnóstico e Infra - 2025 ri rio caete.xlsx",Rio Caeté,506,2.0
Fonte: DATASUS,9 Rio Caeté,22,"Tabela 22 – Caracterização Hospitalar – Equip de Manutenção da Vida, Equip de Diagnóstico e Infra - 2025 ri rio caete",20,"Tabela 22 – Caracterização Hospitalar – Equip de Manutenção da Vida, Equip de Diagnóstico e Infra - 2025 ri rio caete","..\..\Desktop\tabelas-powerBI\9 Rio Caeté\Tabela 22 – Caracterização Hospitalar – Equip de Manutenção da Vida, Equip de Diagnóstico e Infra - 2025 ri rio caete.xlsx",Rio Caeté,506,
Elaboração: FAPESPA,9 Rio Caeté,22,"Tabela 22 – Caracterização Hospitalar – Equip de Manutenção da Vida, Equip de Diagnóstico e Infra - 2025 ri rio caete",20,"Tabela 22 – Caracterização Hospitalar – Equip de Manutenção da Vida, Equip de Diagnóstico e Infra - 2025 ri rio caete","..\..\Desktop\tabelas-powerBI\9 Rio Caeté\Tabela 22 – Caracterização Hospitalar – Equip de Manutenção da Vida, Equip de Diagnóstico e Infra - 2025 ri rio caete.xlsx",Rio Caeté,506,
*Nota: Dados referentes a Outubro/2025.,9 Rio Caeté,22,"Tabela 22 – Caracterização Hospitalar – Equip de Manutenção da Vida, Equip de Diagnóstico e Infra - 2025 ri rio caete",20,"Tabela 22 – Caracterização Hospitalar – Equip de Manutenção da Vida, Equip de Diagnóstico e Infra - 2025 ri rio caete","..\..\Desktop\tabelas-powerBI\9 Rio Caeté\Tabela 22 – Caracterização Hospitalar – Equip de Manutenção da Vida, Equip de Diagnóstico e Infra - 2025 ri rio caete.xlsx",Rio Caeté,506,
RI Rio Caeté,9 Rio Caeté,22,"Tabela 22 – Caracterização Hospitalar – Equip de Manutenção da Vida, Equip de Diagnóstico e Infra - 2025 ri rio caete",20,"Tabela 22 – Caracterização Hospitalar – Equip de Manutenção da Vida, Equip de Diagnóstico e Infra - 2025 ri rio caete","..\..\Desktop\tabelas-powerBI\9 Rio Caeté\Tabela 22 – Caracterização Hospitalar – Equip de Manutenção da Vida, Equip de Diagnóstico e Infra - 2025 ri rio caete.xlsx",Rio Caeté,493,14.0
Augusto Corrêa,9 Rio Caeté,22,"Tabela 22 – Caracterização Hospitalar – Equip de Manutenção da Vida, Equip de Diagnóstico e Infra - 2025 ri rio caete",20,"Tabela 22 – Caracterização Hospitalar – Equip de Manutenção da Vida, Equip de Diagnóstico e Infra - 2025 ri rio caete","..\..\Desktop\tabelas-powerBI\9 Rio Caeté\Tabela 22 – Caracterização Hospitalar – Equip de Manutenção da Vida, Equip de Diagnóstico e Infra - 2025 ri rio caete.xlsx",Rio Caeté,493,0.0
Bonito,9 Rio Caeté,22,"Tabela 22 – Caracterização Hospitalar – Equip de Manutenção da Vida, Equip de Diagnóstico e Infra - 2025 ri rio caete",20,"Tabela 22 – Caracterização Hospitalar – Equip de Manutenção da Vida, Equip de Diagnóstico e Infra - 2025 ri rio caete","..\..\Desktop\tabelas-powerBI\9 Rio Caeté\Tabela 22 – Caracterização Hospitalar – Equip de Manutenção da Vida, Equip de Diagnóstico e Infra - 2025 ri rio caete.xlsx",Rio Caeté,493,0.0
Bragança,9 Rio Caeté,22,"Tabela 22 – Caracterização Hospitalar – Equip de Manutenção da Vida, Equip de Diagnóstico e Infra - 2025 ri rio caete",20,"Tabela 22 – Caracterização Hospitalar – Equip de Manutenção da Vida, Equip de Diagnóstico e Infra - 2025 ri rio caete","..\..\Desktop\tabelas-powerBI\9 Rio Caeté\Tabela 22 – Caracterização Hospitalar – Equip de Manutenção da Vida, Equip de Diagnóstico e Infra - 2025 ri rio caete.xlsx",Rio Caeté,493,6.0
Cachoeira do Piriá,9 Rio Caeté,22,"Tabela 22 – Caracterização Hospitalar – Equip de Manutenção da Vida, Equip de Diagnóstico e Infra - 2025 ri rio caete",20,"Tabela 22 – Caracterização Hospitalar – Equip de Manutenção da Vida, Equip de Diagnóstico e Infra - 2025 ri rio caete","..\..\Desktop\tabelas-powerBI\9 Rio Caeté\Tabela 22 – Caracterização Hospitalar – Equip de Manutenção da Vida, Equip de Diagnóstico e Infra - 2025 ri rio caete.xlsx",Rio Caeté,493,1.0
Capanema,9 Rio Caeté,22,"Tabela 22 – Caracterização Hospitalar – Equip de Manutenção da Vida, Equip de Diagnóstico e Infra - 2025 ri rio caete",20,"Tabela 22 – Caracterização Hospitalar – Equip de Manutenção da Vida, Equip de Diagnóstico e Infra - 2025 ri rio caete","..\..\Desktop\tabelas-powerBI\9 Rio Caeté\Tabela 22 – Caracterização Hospitalar – Equip de Manutenção da Vida, Equip de Diagnóstico e Infra - 2025 ri rio caete.xlsx",Rio Caeté,493,3.0
Nova Timboteua,9 Rio Caeté,22,"Tabela 22 – Caracterização Hospitalar – Equip de Manutenção da Vida, Equip de Diagnóstico e Infra - 2025 ri rio caete",20,"Tabela 22 – Caracterização Hospitalar – Equip de Manutenção da Vida, Equip de Diagnóstico e Infra - 2025 ri rio caete","..\..\Desktop\tabelas-powerBI\9 Rio Caeté\Tabela 22 – Caracterização Hospitalar – Equip de Manutenção da Vida, Equip de Diagnóstico e Infra - 2025 ri rio caete.xlsx",Rio Caeté,493,0.0
Peixe-Boi,9 Rio Caeté,22,"Tabela 22 – Caracterização Hospitalar – Equip de Manutenção da Vida, Equip de Diagnóstico e Infra - 2025 ri rio caete",20,"Tabela 22 – Caracterização Hospitalar – Equip de Manutenção da Vida, Equip de Diagnóstico e Infra - 2025 ri rio caete","..\..\Desktop\tabelas-powerBI\9 Rio Caeté\Tabela 22 – Caracterização Hospitalar – Equip de Manutenção da Vida, Equip de Diagnóstico e Infra - 2025 ri rio caete.xlsx",Rio Caeté,493,0.0
Primavera,9 Rio Caeté,22,"Tabela 22 – Caracterização Hospitalar – Equip de Manutenção da Vida, Equip de Diagnóstico e Infra - 2025 ri rio caete",20,"Tabela 22 – Caracterização Hospitalar – Equip de Manutenção da Vida, Equip de Diagnóstico e Infra - 2025 ri rio caete","..\..\Desktop\tabelas-powerBI\9 Rio Caeté\Tabela 22 – Caracterização Hospitalar – Equip de Manutenção da Vida, Equip de Diagnóstico e Infra - 2025 ri rio caete.xlsx",Rio Caeté,493,0.0
Quatipuru,9 Rio Caeté,22,"Tabela 22 – Caracterização Hospitalar – Equip de Manutenção da Vida, Equip de Diagnóstico e Infra - 2025 ri rio caete",20,"Tabela 22 – Caracterização Hospitalar – Equip de Manutenção da Vida, Equip de Diagnóstico e Infra - 2025 ri rio caete","..\..\Desktop\tabelas-powerBI\9 Rio Caeté\Tabela 22 – Caracterização Hospitalar – Equip de Manutenção da Vida, Equip de Diagnóstico e Infra - 2025 ri rio caete.xlsx",Rio Caeté,493,0.0
Salinópolis,9 Rio Caeté,22,"Tabela 22 – Caracterização Hospitalar – Equip de Manutenção da Vida, Equip de Diagnóstico e Infra - 2025 ri rio caete",20,"Tabela 22 – Caracterização Hospitalar – Equip de Manutenção da Vida, Equip de Diagnóstico e Infra - 2025 ri rio caete","..\..\Desktop\tabelas-powerBI\9 Rio Caeté\Tabela 22 – Caracterização Hospitalar – Equip de Manutenção da Vida, Equip de Diagnóstico e Infra - 2025 ri rio caete.xlsx",Rio Caeté,493,1.0
Santa Luzia do Pará,9 Rio Caeté,22,"Tabela 22 – Caracterização Hospitalar – Equip de Manutenção da Vida, Equip de Diagnóstico e Infra - 2025 ri rio caete",20,"Tabela 22 – Caracterização Hospitalar – Equip de Manutenção da Vida, Equip de Diagnóstico e Infra - 2025 ri rio caete","..\..\Desktop\tabelas-powerBI\9 Rio Caeté\Tabela 22 – Caracterização Hospitalar – Equip de Manutenção da Vida, Equip de Diagnóstico e Infra - 2025 ri rio caete.xlsx",Rio Caeté,493,0.0
Santarém Novo,9 Rio Caeté,22,"Tabela 22 – Caracterização Hospitalar – Equip de Manutenção da Vida, Equip de Diagnóstico e Infra - 2025 ri rio caete",20,"Tabela 22 – Caracterização Hospitalar – Equip de Manutenção da Vida, Equip de Diagnóstico e Infra - 2025 ri rio caete","..\..\Desktop\tabelas-powerBI\9 Rio Caeté\Tabela 22 – Caracterização Hospitalar – Equip de Manutenção da Vida, Equip de Diagnóstico e Infra - 2025 ri rio caete.xlsx",Rio Caeté,493,0.0
São João de Pirabas,9 Rio Caeté,22,"Tabela 22 – Caracterização Hospitalar – Equip de Manutenção da Vida, Equip de Diagnóstico e Infra - 2025 ri rio caete",20,"Tabela 22 – Caracterização Hospitalar – Equip de Manutenção da Vida, Equip de Diagnóstico e Infra - 2025 ri rio caete","..\..\Desktop\tabelas-powerBI\9 Rio Caeté\Tabela 22 – Caracterização Hospitalar – Equip de Manutenção da Vida, Equip de Diagnóstico e Infra - 2025 ri rio caete.xlsx",Rio Caeté,493,0.0
Tracuateua,9 Rio Caeté,22,"Tabela 22 – Caracterização Hospitalar – Equip de Manutenção da Vida, Equip de Diagnóstico e Infra - 2025 ri rio caete",20,"Tabela 22 – Caracterização Hospitalar – Equip de Manutenção da Vida, Equip de Diagnóstico e Infra - 2025 ri rio caete","..\..\Desktop\tabelas-powerBI\9 Rio Caeté\Tabela 22 – Caracterização Hospitalar – Equip de Manutenção da Vida, Equip de Diagnóstico e Infra - 2025 ri rio caete.xlsx",Rio Caeté,493,1.0
Viseu,9 Rio Caeté,22,"Tabela 22 – Caracterização Hospitalar – Equip de Manutenção da Vida, Equip de Diagnóstico e Infra - 2025 ri rio caete",20,"Tabela 22 – Caracterização Hospitalar – Equip de Manutenção da Vida, Equip de Diagnóstico e Infra - 2025 ri rio caete","..\..\Desktop\tabelas-powerBI\9 Rio Caeté\Tabela 22 – Caracterização Hospitalar – Equip de Manutenção da Vida, Equip de Diagnóstico e Infra - 2025 ri rio caete.xlsx",Rio Caeté,493,2.0
Fonte: DATASUS,9 Rio Caeté,22,"Tabela 22 – Caracterização Hospitalar – Equip de Manutenção da Vida, Equip de Diagnóstico e Infra - 2025 ri rio caete",20,"Tabela 22 – Caracterização Hospitalar – Equip de Manutenção da Vida, Equip de Diagnóstico e Infra - 2025 ri rio caete","..\..\Desktop\tabelas-powerBI\9 Rio Caeté\Tabela 22 – Caracterização Hospitalar – Equip de Manutenção da Vida, Equip de Diagnóstico e Infra - 2025 ri rio caete.xlsx",Rio Caeté,493,
Elaboração: FAPESPA,9 Rio Caeté,22,"Tabela 22 – Caracterização Hospitalar – Equip de Manutenção da Vida, Equip de Diagnóstico e Infra - 2025 ri rio caete",20,"Tabela 22 – Caracterização Hospitalar – Equip de Manutenção da Vida, Equip de Diagnóstico e Infra - 2025 ri rio caete","..\..\Desktop\tabelas-powerBI\9 Rio Caeté\Tabela 22 – Caracterização Hospitalar – Equip de Manutenção da Vida, Equip de Diagnóstico e Infra - 2025 ri rio caete.xlsx",Rio Caeté,493,
*Nota: Dados referentes a Outubro/2025.,9 Rio Caeté,22,"Tabela 22 – Caracterização Hospitalar – Equip de Manutenção da Vida, Equip de Diagnóstico e Infra - 2025 ri rio caete",20,"Tabela 22 – Caracterização Hospitalar – Equip de Manutenção da Vida, Equip de Diagnóstico e Infra - 2025 ri rio caete","..\..\Desktop\tabelas-powerBI\9 Rio Caeté\Tabela 22 – Caracterização Hospitalar – Equip de Manutenção da Vida, Equip de Diagnóstico e Infra - 2025 ri rio caete.xlsx",Rio Caeté,493,
RI Rio Caeté,9 Rio Caeté,22,"Tabela 22 – Caracterização Hospitalar – Equip de Manutenção da Vida, Equip de Diagnóstico e Infra - 2025 ri rio caete",20,"Tabela 22 – Caracterização Hospitalar – Equip de Manutenção da Vida, Equip de Diagnóstico e Infra - 2025 ri rio caete","..\..\Desktop\tabelas-powerBI\9 Rio Caeté\Tabela 22 – Caracterização Hospitalar – Equip de Manutenção da Vida, Equip de Diagnóstico e Infra - 2025 ri rio caete.xlsx",Rio Caeté,172,6.0
Augusto Corrêa,9 Rio Caeté,22,"Tabela 22 – Caracterização Hospitalar – Equip de Manutenção da Vida, Equip de Diagnóstico e Infra - 2025 ri rio caete",20,"Tabela 22 – Caracterização Hospitalar – Equip de Manutenção da Vida, Equip de Diagnóstico e Infra - 2025 ri rio caete","..\..\Desktop\tabelas-powerBI\9 Rio Caeté\Tabela 22 – Caracterização Hospitalar – Equip de Manutenção da Vida, Equip de Diagnóstico e Infra - 2025 ri rio caete.xlsx",Rio Caeté,172,0.0
Bonito,9 Rio Caeté,22,"Tabela 22 – Caracterização Hospitalar – Equip de Manutenção da Vida, Equip de Diagnóstico e Infra - 2025 ri rio caete",20,"Tabela 22 – Caracterização Hospitalar – Equip de Manutenção da Vida, Equip de Diagnóstico e Infra - 2025 ri rio caete","..\..\Desktop\tabelas-powerBI\9 Rio Caeté\Tabela 22 – Caracterização Hospitalar – Equip de Manutenção da Vida, Equip de Diagnóstico e Infra - 2025 ri rio caete.xlsx",Rio Caeté,172,0.0
Bragança,9 Rio Caeté,22,"Tabela 22 – Caracterização Hospitalar – Equip de Manutenção da Vida, Equip de Diagnóstico e Infra - 2025 ri rio caete",20,"Tabela 22 – Caracterização Hospitalar – Equip de Manutenção da Vida, Equip de Diagnóstico e Infra - 2025 ri rio caete","..\..\Desktop\tabelas-powerBI\9 Rio Caeté\Tabela 22 – Caracterização Hospitalar – Equip de Manutenção da Vida, Equip de Diagnóstico e Infra - 2025 ri rio caete.xlsx",Rio Caeté,172,0.0
Cachoeira do Piriá,9 Rio Caeté,22,"Tabela 22 – Caracterização Hospitalar – Equip de Manutenção da Vida, Equip de Diagnóstico e Infra - 2025 ri rio caete",20,"Tabela 22 – Caracterização Hospitalar – Equip de Manutenção da Vida, Equip de Diagnóstico e Infra - 2025 ri rio caete","..\..\Desktop\tabelas-powerBI\9 Rio Caeté\Tabela 22 – Caracterização Hospitalar – Equip de Manutenção da Vida, Equip de Diagnóstico e Infra - 2025 ri rio caete.xlsx",Rio Caeté,172,0.0
Capanema,9 Rio Caeté,22,"Tabela 22 – Caracterização Hospitalar – Equip de Manutenção da Vida, Equip de Diagnóstico e Infra - 2025 ri rio caete",20,"Tabela 22 – Caracterização Hospitalar – Equip de Manutenção da Vida, Equip de Diagnóstico e Infra - 2025 ri rio caete","..\..\Desktop\tabelas-powerBI\9 Rio Caeté\Tabela 22 – Caracterização Hospitalar – Equip de Manutenção da Vida, Equip de Diagnóstico e Infra - 2025 ri rio caete.xlsx",Rio Caeté,172,4.0
Nova Timboteua,9 Rio Caeté,22,"Tabela 22 – Caracterização Hospitalar – Equip de Manutenção da Vida, Equip de Diagnóstico e Infra - 2025 ri rio caete",20,"Tabela 22 – Caracterização Hospitalar – Equip de Manutenção da Vida, Equip de Diagnóstico e Infra - 2025 ri rio caete","..\..\Desktop\tabelas-powerBI\9 Rio Caeté\Tabela 22 – Caracterização Hospitalar – Equip de Manutenção da Vida, Equip de Diagnóstico e Infra - 2025 ri rio caete.xlsx",Rio Caeté,172,0.0
Peixe-Boi,9 Rio Caeté,22,"Tabela 22 – Caracterização Hospitalar – Equip de Manutenção da Vida, Equip de Diagnóstico e Infra - 2025 ri rio caete",20,"Tabela 22 – Caracterização Hospitalar – Equip de Manutenção da Vida, Equip de Diagnóstico e Infra - 2025 ri rio caete","..\..\Desktop\tabelas-powerBI\9 Rio Caeté\Tabela 22 – Caracterização Hospitalar – Equip de Manutenção da Vida, Equip de Diagnóstico e Infra - 2025 ri rio caete.xlsx",Rio Caeté,172,0.0
Primavera,9 Rio Caeté,22,"Tabela 22 – Caracterização Hospitalar – Equip de Manutenção da Vida, Equip de Diagnóstico e Infra - 2025 ri rio caete",20,"Tabela 22 – Caracterização Hospitalar – Equip de Manutenção da Vida, Equip de Diagnóstico e Infra - 2025 ri rio caete","..\..\Desktop\tabelas-powerBI\9 Rio Caeté\Tabela 22 – Caracterização Hospitalar – Equip de Manutenção da Vida, Equip de Diagnóstico e Infra - 2025 ri rio caete.xlsx",Rio Caeté,172,0.0
Quatipuru,9 Rio Caeté,22,"Tabela 22 – Caracterização Hospitalar – Equip de Manutenção da Vida, Equip de Diagnóstico e Infra - 2025 ri rio caete",20,"Tabela 22 – Caracterização Hospitalar – Equip de Manutenção da Vida, Equip de Diagnóstico e Infra - 2025 ri rio caete","..\..\Desktop\tabelas-powerBI\9 Rio Caeté\Tabela 22 – Caracterização Hospitalar – Equip de Manutenção da Vida, Equip de Diagnóstico e Infra - 2025 ri rio caete.xlsx",Rio Caeté,172,0.0
Salinópolis,9 Rio Caeté,22,"Tabela 22 – Caracterização Hospitalar – Equip de Manutenção da Vida, Equip de Diagnóstico e Infra - 2025 ri rio caete",20,"Tabela 22 – Caracterização Hospitalar – Equip de Manutenção da Vida, Equip de Diagnóstico e Infra - 2025 ri rio caete","..\..\Desktop\tabelas-powerBI\9 Rio Caeté\Tabela 22 – Caracterização Hospitalar – Equip de Manutenção da Vida, Equip de Diagnóstico e Infra - 2025 ri rio caete.xlsx",Rio Caeté,172,1.0
Santa Luzia do Pará,9 Rio Caeté,22,"Tabela 22 – Caracterização Hospitalar – Equip de Manutenção da Vida, Equip de Diagnóstico e Infra - 2025 ri rio caete",20,"Tabela 22 – Caracterização Hospitalar – Equip de Manutenção da Vida, Equip de Diagnóstico e Infra - 2025 ri rio caete","..\..\Desktop\tabelas-powerBI\9 Rio Caeté\Tabela 22 – Caracterização Hospitalar – Equip de Manutenção da Vida, Equip de Diagnóstico e Infra - 2025 ri rio caete.xlsx",Rio Caeté,172,0.0
Santarém Novo,9 Rio Caeté,22,"Tabela 22 – Caracterização Hospitalar – Equip de Manutenção da Vida, Equip de Diagnóstico e Infra - 2025 ri rio caete",20,"Tabela 22 – Caracterização Hospitalar – Equip de Manutenção da Vida, Equip de Diagnóstico e Infra - 2025 ri rio caete","..\..\Desktop\tabelas-powerBI\9 Rio Caeté\Tabela 22 – Caracterização Hospitalar – Equip de Manutenção da Vida, Equip de Diagnóstico e Infra - 2025 ri rio caete.xlsx",Rio Caeté,172,0.0
São João de Pirabas,9 Rio Caeté,22,"Tabela 22 – Caracterização Hospitalar – Equip de Manutenção da Vida, Equip de Diagnóstico e Infra - 2025 ri rio caete",20,"Tabela 22 – Caracterização Hospitalar – Equip de Manutenção da Vida, Equip de Diagnóstico e Infra - 2025 ri rio caete","..\..\Desktop\tabelas-powerBI\9 Rio Caeté\Tabela 22 – Caracterização Hospitalar – Equip de Manutenção da Vida, Equip de Diagnóstico e Infra - 2025 ri rio caete.xlsx",Rio Caeté,172,0.0
Tracuateua,9 Rio Caeté,22,"Tabela 22 – Caracterização Hospitalar – Equip de Manutenção da Vida, Equip de Diagnóstico e Infra - 2025 ri rio caete",20,"Tabela 22 – Caracterização Hospitalar – Equip de Manutenção da Vida, Equip de Diagnóstico e Infra - 2025 ri rio caete","..\..\Desktop\tabelas-powerBI\9 Rio Caeté\Tabela 22 – Caracterização Hospitalar – Equip de Manutenção da Vida, Equip de Diagnóstico e Infra - 2025 ri rio caete.xlsx",Rio Caeté,172,0.0
Viseu,9 Rio Caeté,22,"Tabela 22 – Caracterização Hospitalar – Equip de Manutenção da Vida, Equip de Diagnóstico e Infra - 2025 ri rio caete",20,"Tabela 22 – Caracterização Hospitalar – Equip de Manutenção da Vida, Equip de Diagnóstico e Infra - 2025 ri rio caete","..\..\Desktop\tabelas-powerBI\9 Rio Caeté\Tabela 22 – Caracterização Hospitalar – Equip de Manutenção da Vida, Equip de Diagnóstico e Infra - 2025 ri rio caete.xlsx",Rio Caeté,172,1.0
Fonte: DATASUS,9 Rio Caeté,22,"Tabela 22 – Caracterização Hospitalar – Equip de Manutenção da Vida, Equip de Diagnóstico e Infra - 2025 ri rio caete",20,"Tabela 22 – Caracterização Hospitalar – Equip de Manutenção da Vida, Equip de Diagnóstico e Infra - 2025 ri rio caete","..\..\Desktop\tabelas-powerBI\9 Rio Caeté\Tabela 22 – Caracterização Hospitalar – Equip de Manutenção da Vida, Equip de Diagnóstico e Infra - 2025 ri rio caete.xlsx",Rio Caeté,172,
Elaboração: FAPESPA,9 Rio Caeté,22,"Tabela 22 – Caracterização Hospitalar – Equip de Manutenção da Vida, Equip de Diagnóstico e Infra - 2025 ri rio caete",20,"Tabela 22 – Caracterização Hospitalar – Equip de Manutenção da Vida, Equip de Diagnóstico e Infra - 2025 ri rio caete","..\..\Desktop\tabelas-powerBI\9 Rio Caeté\Tabela 22 – Caracterização Hospitalar – Equip de Manutenção da Vida, Equip de Diagnóstico e Infra - 2025 ri rio caete.xlsx",Rio Caeté,172,
*Nota: Dados referentes a Outubro/2025.,9 Rio Caeté,22,"Tabela 22 – Caracterização Hospitalar – Equip de Manutenção da Vida, Equip de Diagnóstico e Infra - 2025 ri rio caete",20,"Tabela 22 – Caracterização Hospitalar – Equip de Manutenção da Vida, Equip de Diagnóstico e Infra - 2025 ri rio caete","..\..\Desktop\tabelas-powerBI\9 Rio Caeté\Tabela 22 – Caracterização Hospitalar – Equip de Manutenção da Vida, Equip de Diagnóstico e Infra - 2025 ri rio caete.xlsx",Rio Caeté,172,
RI Rio Caeté,9 Rio Caeté,22,"Tabela 22 – Caracterização Hospitalar – Equip de Manutenção da Vida, Equip de Diagnóstico e Infra - 2025 ri rio caete",20,"Tabela 22 – Caracterização Hospitalar – Equip de Manutenção da Vida, Equip de Diagnóstico e Infra - 2025 ri rio caete","..\..\Desktop\tabelas-powerBI\9 Rio Caeté\Tabela 22 – Caracterização Hospitalar – Equip de Manutenção da Vida, Equip de Diagnóstico e Infra - 2025 ri rio caete.xlsx",Rio Caeté,165,6.0
Augusto Corrêa,9 Rio Caeté,22,"Tabela 22 – Caracterização Hospitalar – Equip de Manutenção da Vida, Equip de Diagnóstico e Infra - 2025 ri rio caete",20,"Tabela 22 – Caracterização Hospitalar – Equip de Manutenção da Vida, Equip de Diagnóstico e Infra - 2025 ri rio caete","..\..\Desktop\tabelas-powerBI\9 Rio Caeté\Tabela 22 – Caracterização Hospitalar – Equip de Manutenção da Vida, Equip de Diagnóstico e Infra - 2025 ri rio caete.xlsx",Rio Caeté,165,0.0
Bonito,9 Rio Caeté,22,"Tabela 22 – Caracterização Hospitalar – Equip de Manutenção da Vida, Equip de Diagnóstico e Infra - 2025 ri rio caete",20,"Tabela 22 – Caracterização Hospitalar – Equip de Manutenção da Vida, Equip de Diagnóstico e Infra - 2025 ri rio caete","..\..\Desktop\tabelas-powerBI\9 Rio Caeté\Tabela 22 – Caracterização Hospitalar – Equip de Manutenção da Vida, Equip de Diagnóstico e Infra - 2025 ri rio caete.xlsx",Rio Caeté,165,0.0
Bragança,9 Rio Caeté,22,"Tabela 22 – Caracterização Hospitalar – Equip de Manutenção da Vida, Equip de Diagnóstico e Infra - 2025 ri rio caete",20,"Tabela 22 – Caracterização Hospitalar – Equip de Manutenção da Vida, Equip de Diagnóstico e Infra - 2025 ri rio caete","..\..\Desktop\tabelas-powerBI\9 Rio Caeté\Tabela 22 – Caracterização Hospitalar – Equip de Manutenção da Vida, Equip de Diagnóstico e Infra - 2025 ri rio caete.xlsx",Rio Caeté,165,0.0
Cachoeira do Piriá,9 Rio Caeté,22,"Tabela 22 – Caracterização Hospitalar – Equip de Manutenção da Vida, Equip de Diagnóstico e Infra - 2025 ri rio caete",20,"Tabela 22 – Caracterização Hospitalar – Equip de Manutenção da Vida, Equip de Diagnóstico e Infra - 2025 ri rio caete","..\..\Desktop\tabelas-powerBI\9 Rio Caeté\Tabela 22 – Caracterização Hospitalar – Equip de Manutenção da Vida, Equip de Diagnóstico e Infra - 2025 ri rio caete.xlsx",Rio Caeté,165,0.0
Capanema,9 Rio Caeté,22,"Tabela 22 – Caracterização Hospitalar – Equip de Manutenção da Vida, Equip de Diagnóstico e Infra - 2025 ri rio caete",20,"Tabela 22 – Caracterização Hospitalar – Equip de Manutenção da Vida, Equip de Diagnóstico e Infra - 2025 ri rio caete","..\..\Desktop\tabelas-powerBI\9 Rio Caeté\Tabela 22 – Caracterização Hospitalar – Equip de Manutenção da Vida, Equip de Diagnóstico e Infra - 2025 ri rio caete.xlsx",Rio Caeté,165,4.0
Nova Timboteua,9 Rio Caeté,22,"Tabela 22 – Caracterização Hospitalar – Equip de Manutenção da Vida, Equip de Diagnóstico e Infra - 2025 ri rio caete",20,"Tabela 22 – Caracterização Hospitalar – Equip de Manutenção da Vida, Equip de Diagnóstico e Infra - 2025 ri rio caete","..\..\Desktop\tabelas-powerBI\9 Rio Caeté\Tabela 22 – Caracterização Hospitalar – Equip de Manutenção da Vida, Equip de Diagnóstico e Infra - 2025 ri rio caete.xlsx",Rio Caeté,165,0.0
Peixe-Boi,9 Rio Caeté,22,"Tabela 22 – Caracterização Hospitalar – Equip de Manutenção da Vida, Equip de Diagnóstico e Infra - 2025 ri rio caete",20,"Tabela 22 – Caracterização Hospitalar – Equip de Manutenção da Vida, Equip de Diagnóstico e Infra - 2025 ri rio caete","..\..\Desktop\tabelas-powerBI\9 Rio Caeté\Tabela 22 – Caracterização Hospitalar – Equip de Manutenção da Vida, Equip de Diagnóstico e Infra - 2025 ri rio caete.xlsx",Rio Caeté,165,0.0
Primavera,9 Rio Caeté,22,"Tabela 22 – Caracterização Hospitalar – Equip de Manutenção da Vida, Equip de Diagnóstico e Infra - 2025 ri rio caete",20,"Tabela 22 – Caracterização Hospitalar – Equip de Manutenção da Vida, Equip de Diagnóstico e Infra - 2025 ri rio caete","..\..\Desktop\tabelas-powerBI\9 Rio Caeté\Tabela 22 – Caracterização Hospitalar – Equip de Manutenção da Vida, Equip de Diagnóstico e Infra - 2025 ri rio caete.xlsx",Rio Caeté,165,0.0
Quatipuru,9 Rio Caeté,22,"Tabela 22 – Caracterização Hospitalar – Equip de Manutenção da Vida, Equip de Diagnóstico e Infra - 2025 ri rio caete",20,"Tabela 22 – Caracterização Hospitalar – Equip de Manutenção da Vida, Equip de Diagnóstico e Infra - 2025 ri rio caete","..\..\Desktop\tabelas-powerBI\9 Rio Caeté\Tabela 22 – Caracterização Hospitalar – Equip de Manutenção da Vida, Equip de Diagnóstico e Infra - 2025 ri rio caete.xlsx",Rio Caeté,165,0.0
Salinópolis,9 Rio Caeté,22,"Tabela 22 – Caracterização Hospitalar – Equip de Manutenção da Vida, Equip de Diagnóstico e Infra - 2025 ri rio caete",20,"Tabela 22 – Caracterização Hospitalar – Equip de Manutenção da Vida, Equip de Diagnóstico e Infra - 2025 ri rio caete","..\..\Desktop\tabelas-powerBI\9 Rio Caeté\Tabela 22 – Caracterização Hospitalar – Equip de Manutenção da Vida, Equip de Diagnóstico e Infra - 2025 ri rio caete.xlsx",Rio Caeté,165,1.0
Santa Luzia do Pará,9 Rio Caeté,22,"Tabela 22 – Caracterização Hospitalar – Equip de Manutenção da Vida, Equip de Diagnóstico e Infra - 2025 ri rio caete",20,"Tabela 22 – Caracterização Hospitalar – Equip de Manutenção da Vida, Equip de Diagnóstico e Infra - 2025 ri rio caete","..\..\Desktop\tabelas-powerBI\9 Rio Caeté\Tabela 22 – Caracterização Hospitalar – Equip de Manutenção da Vida, Equip de Diagnóstico e Infra - 2025 ri rio caete.xlsx",Rio Caeté,165,0.0
Santarém Novo,9 Rio Caeté,22,"Tabela 22 – Caracterização Hospitalar – Equip de Manutenção da Vida, Equip de Diagnóstico e Infra - 2025 ri rio caete",20,"Tabela 22 – Caracterização Hospitalar – Equip de Manutenção da Vida, Equip de Diagnóstico e Infra - 2025 ri rio caete","..\..\Desktop\tabelas-powerBI\9 Rio Caeté\Tabela 22 – Caracterização Hospitalar – Equip de Manutenção da Vida, Equip de Diagnóstico e Infra - 2025 ri rio caete.xlsx",Rio Caeté,165,0.0
São João de Pirabas,9 Rio Caeté,22,"Tabela 22 – Caracterização Hospitalar – Equip de Manutenção da Vida, Equip de Diagnóstico e Infra - 2025 ri rio caete",20,"Tabela 22 – Caracterização Hospitalar – Equip de Manutenção da Vida, Equip de Diagnóstico e Infra - 2025 ri rio caete","..\..\Desktop\tabelas-powerBI\9 Rio Caeté\Tabela 22 – Caracterização Hospitalar – Equip de Manutenção da Vida, Equip de Diagnóstico e Infra - 2025 ri rio caete.xlsx",Rio Caeté,165,0.0
Tracuateua,9 Rio Caeté,22,"Tabela 22 – Caracterização Hospitalar – Equip de Manutenção da Vida, Equip de Diagnóstico e Infra - 2025 ri rio caete",20,"Tabela 22 – Caracterização Hospitalar – Equip de Manutenção da Vida, Equip de Diagnóstico e Infra - 2025 ri rio caete","..\..\Desktop\tabelas-powerBI\9 Rio Caeté\Tabela 22 – Caracterização Hospitalar – Equip de Manutenção da Vida, Equip de Diagnóstico e Infra - 2025 ri rio caete.xlsx",Rio Caeté,165,0.0
Viseu,9 Rio Caeté,22,"Tabela 22 – Caracterização Hospitalar – Equip de Manutenção da Vida, Equip de Diagnóstico e Infra - 2025 ri rio caete",20,"Tabela 22 – Caracterização Hospitalar – Equip de Manutenção da Vida, Equip de Diagnóstico e Infra - 2025 ri rio caete","..\..\Desktop\tabelas-powerBI\9 Rio Caeté\Tabela 22 – Caracterização Hospitalar – Equip de Manutenção da Vida, Equip de Diagnóstico e Infra - 2025 ri rio caete.xlsx",Rio Caeté,165,1.0
Fonte: DATASUS,9 Rio Caeté,22,"Tabela 22 – Caracterização Hospitalar – Equip de Manutenção da Vida, Equip de Diagnóstico e Infra - 2025 ri rio caete",20,"Tabela 22 – Caracterização Hospitalar – Equip de Manutenção da Vida, Equip de Diagnóstico e Infra - 2025 ri rio caete","..\..\Desktop\tabelas-powerBI\9 Rio Caeté\Tabela 22 – Caracterização Hospitalar – Equip de Manutenção da Vida, Equip de Diagnóstico e Infra - 2025 ri rio caete.xlsx",Rio Caeté,165,
Elaboração: FAPESPA,9 Rio Caeté,22,"Tabela 22 – Caracterização Hospitalar – Equip de Manutenção da Vida, Equip de Diagnóstico e Infra - 2025 ri rio caete",20,"Tabela 22 – Caracterização Hospitalar – Equip de Manutenção da Vida, Equip de Diagnóstico e Infra - 2025 ri rio caete","..\..\Desktop\tabelas-powerBI\9 Rio Caeté\Tabela 22 – Caracterização Hospitalar – Equip de Manutenção da Vida, Equip de Diagnóstico e Infra - 2025 ri rio caete.xlsx",Rio Caeté,165,
*Nota: Dados referentes a Outubro/2025.,9 Rio Caeté,22,"Tabela 22 – Caracterização Hospitalar – Equip de Manutenção da Vida, Equip de Diagnóstico e Infra - 2025 ri rio caete",20,"Tabela 22 – Caracterização Hospitalar – Equip de Manutenção da Vida, Equip de Diagnóstico e Infra - 2025 ri rio caete","..\..\Desktop\tabelas-powerBI\9 Rio Caeté\Tabela 22 – Caracterização Hospitalar – Equip de Manutenção da Vida, Equip de Diagnóstico e Infra - 2025 ri rio caete.xlsx",Rio Caeté,165,
RI Rio Caeté,9 Rio Caeté,22,"Tabela 22 – Caracterização Hospitalar – Equip de Manutenção da Vida, Equip de Diagnóstico e Infra - 2025 ri rio caete",20,"Tabela 22 – Caracterização Hospitalar – Equip de Manutenção da Vida, Equip de Diagnóstico e Infra - 2025 ri rio caete","..\..\Desktop\tabelas-powerBI\9 Rio Caeté\Tabela 22 – Caracterização Hospitalar – Equip de Manutenção da Vida, Equip de Diagnóstico e Infra - 2025 ri rio caete.xlsx",Rio Caeté,30067,1020.0
Augusto Corrêa,9 Rio Caeté,22,"Tabela 22 – Caracterização Hospitalar – Equip de Manutenção da Vida, Equip de Diagnóstico e Infra - 2025 ri rio caete",20,"Tabela 22 – Caracterização Hospitalar – Equip de Manutenção da Vida, Equip de Diagnóstico e Infra - 2025 ri rio caete","..\..\Desktop\tabelas-powerBI\9 Rio Caeté\Tabela 22 – Caracterização Hospitalar – Equip de Manutenção da Vida, Equip de Diagnóstico e Infra - 2025 ri rio caete.xlsx",Rio Caeté,30067,5.0
Bonito,9 Rio Caeté,22,"Tabela 22 – Caracterização Hospitalar – Equip de Manutenção da Vida, Equip de Diagnóstico e Infra - 2025 ri rio caete",20,"Tabela 22 – Caracterização Hospitalar – Equip de Manutenção da Vida, Equip de Diagnóstico e Infra - 2025 ri rio caete","..\..\Desktop\tabelas-powerBI\9 Rio Caeté\Tabela 22 – Caracterização Hospitalar – Equip de Manutenção da Vida, Equip de Diagnóstico e Infra - 2025 ri rio caete.xlsx",Rio Caeté,30067,5.0
Bragança,9 Rio Caeté,22,"Tabela 22 – Caracterização Hospitalar – Equip de Manutenção da Vida, Equip de Diagnóstico e Infra - 2025 ri rio caete",20,"Tabela 22 – Caracterização Hospitalar – Equip de Manutenção da Vida, Equip de Diagnóstico e Infra - 2025 ri rio caete","..\..\Desktop\tabelas-powerBI\9 Rio Caeté\Tabela 22 – Caracterização Hospitalar – Equip de Manutenção da Vida, Equip de Diagnóstico e Infra - 2025 ri rio caete.xlsx",Rio Caeté,30067,184.0
Cachoeira do Piriá,9 Rio Caeté,22,"Tabela 22 – Caracterização Hospitalar – Equip de Manutenção da Vida, Equip de Diagnóstico e Infra - 2025 ri rio caete",20,"Tabela 22 – Caracterização Hospitalar – Equip de Manutenção da Vida, Equip de Diagnóstico e Infra - 2025 ri rio caete","..\..\Desktop\tabelas-powerBI\9 Rio Caeté\Tabela 22 – Caracterização Hospitalar – Equip de Manutenção da Vida, Equip de Diagnóstico e Infra - 2025 ri rio caete.xlsx",Rio Caeté,30067,14.0
Capanema,9 Rio Caeté,22,"Tabela 22 – Caracterização Hospitalar – Equip de Manutenção da Vida, Equip de Diagnóstico e Infra - 2025 ri rio caete",20,"Tabela 22 – Caracterização Hospitalar – Equip de Manutenção da Vida, Equip de Diagnóstico e Infra - 2025 ri rio caete","..\..\Desktop\tabelas-powerBI\9 Rio Caeté\Tabela 22 – Caracterização Hospitalar – Equip de Manutenção da Vida, Equip de Diagnóstico e Infra - 2025 ri rio caete.xlsx",Rio Caeté,30067,638.0
Nova Timboteua,9 Rio Caeté,22,"Tabela 22 – Caracterização Hospitalar – Equip de Manutenção da Vida, Equip de Diagnóstico e Infra - 2025 ri rio caete",20,"Tabela 22 – Caracterização Hospitalar – Equip de Manutenção da Vida, Equip de Diagnóstico e Infra - 2025 ri rio caete","..\..\Desktop\tabelas-powerBI\9 Rio Caeté\Tabela 22 – Caracterização Hospitalar – Equip de Manutenção da Vida, Equip de Diagnóstico e Infra - 2025 ri rio caete.xlsx",Rio Caeté,30067,1.0
Peixe-Boi,9 Rio Caeté,22,"Tabela 22 – Caracterização Hospitalar – Equip de Manutenção da Vida, Equip de Diagnóstico e Infra - 2025 ri rio caete",20,"Tabela 22 – Caracterização Hospitalar – Equip de Manutenção da Vida, Equip de Diagnóstico e Infra - 2025 ri rio caete","..\..\Desktop\tabelas-powerBI\9 Rio Caeté\Tabela 22 – Caracterização Hospitalar – Equip de Manutenção da Vida, Equip de Diagnóstico e Infra - 2025 ri rio caete.xlsx",Rio Caeté,30067,6.0
Primavera,9 Rio Caeté,22,"Tabela 22 – Caracterização Hospitalar – Equip de Manutenção da Vida, Equip de Diagnóstico e Infra - 2025 ri rio caete",20,"Tabela 22 – Caracterização Hospitalar – Equip de Manutenção da Vida, Equip de Diagnóstico e Infra - 2025 ri rio caete","..\..\Desktop\tabelas-powerBI\9 Rio Caeté\Tabela 22 – Caracterização Hospitalar – Equip de Manutenção da Vida, Equip de Diagnóstico e Infra - 2025 ri rio caete.xlsx",Rio Caeté,30067,25.0
Quatipuru,9 Rio Caeté,22,"Tabela 22 – Caracterização Hospitalar – Equip de Manutenção da Vida, Equip de Diagnóstico e Infra - 2025 ri rio caete",20,"Tabela 22 – Caracterização Hospitalar – Equip de Manutenção da Vida, Equip de Diagnóstico e Infra - 2025 ri rio caete","..\..\Desktop\tabelas-powerBI\9 Rio Caeté\Tabela 22 – Caracterização Hospitalar – Equip de Manutenção da Vida, Equip de Diagnóstico e Infra - 2025 ri rio caete.xlsx",Rio Caeté,30067,6.0
Salinópolis,9 Rio Caeté,22,"Tabela 22 – Caracterização Hospitalar – Equip de Manutenção da Vida, Equip de Diagnóstico e Infra - 2025 ri rio caete",20,"Tabela 22 – Caracterização Hospitalar – Equip de Manutenção da Vida, Equip de Diagnóstico e Infra - 2025 ri rio caete","..\..\Desktop\tabelas-powerBI\9 Rio Caeté\Tabela 22 – Caracterização Hospitalar – Equip de Manutenção da Vida, Equip de Diagnóstico e Infra - 2025 ri rio caete.xlsx",Rio Caeté,30067,82.0
Santa Luzia do Pará,9 Rio Caeté,22,"Tabela 22 – Caracterização Hospitalar – Equip de Manutenção da Vida, Equip de Diagnóstico e Infra - 2025 ri rio caete",20,"Tabela 22 – Caracterização Hospitalar – Equip de Manutenção da Vida, Equip de Diagnóstico e Infra - 2025 ri rio caete","..\..\Desktop\tabelas-powerBI\9 Rio Caeté\Tabela 22 – Caracterização Hospitalar – Equip de Manutenção da Vida, Equip de Diagnóstico e Infra - 2025 ri rio caete.xlsx",Rio Caeté,30067,9.0
Santarém Novo,9 Rio Caeté,22,"Tabela 22 – Caracterização Hospitalar – Equip de Manutenção da Vida, Equip de Diagnóstico e Infra - 2025 ri rio caete",20,"Tabela 22 – Caracterização Hospitalar – Equip de Manutenção da Vida, Equip de Diagnóstico e Infra - 2025 ri rio caete","..\..\Desktop\tabelas-powerBI\9 Rio Caeté\Tabela 22 – Caracterização Hospitalar – Equip de Manutenção da Vida, Equip de Diagnóstico e Infra - 2025 ri rio caete.xlsx",Rio Caeté,30067,3.0
São João de Pirabas,9 Rio Caeté,22,"Tabela 22 – Caracterização Hospitalar – Equip de Manutenção da Vida, Equip de Diagnóstico e Infra - 2025 ri rio caete",20,"Tabela 22 – Caracterização Hospitalar – Equip de Manutenção da Vida, Equip de Diagnóstico e Infra - 2025 ri rio caete","..\..\Desktop\tabelas-powerBI\9 Rio Caeté\Tabela 22 – Caracterização Hospitalar – Equip de Manutenção da Vida, Equip de Diagnóstico e Infra - 2025 ri rio caete.xlsx",Rio Caeté,30067,13.0
Tracuateua,9 Rio Caeté,22,"Tabela 22 – Caracterização Hospitalar – Equip de Manutenção da Vida, Equip de Diagnóstico e Infra - 2025 ri rio caete",20,"Tabela 22 – Caracterização Hospitalar – Equip de Manutenção da Vida, Equip de Diagnóstico e Infra - 2025 ri rio caete","..\..\Desktop\tabelas-powerBI\9 Rio Caeté\Tabela 22 – Caracterização Hospitalar – Equip de Manutenção da Vida, Equip de Diagnóstico e Infra - 2025 ri rio caete.xlsx",Rio Caeté,30067,8.0
Viseu,9 Rio Caeté,22,"Tabela 22 – Caracterização Hospitalar – Equip de Manutenção da Vida, Equip de Diagnóstico e Infra - 2025 ri rio caete",20,"Tabela 22 – Caracterização Hospitalar – Equip de Manutenção da Vida, Equip de Diagnóstico e Infra - 2025 ri rio caete","..\..\Desktop\tabelas-powerBI\9 Rio Caeté\Tabela 22 – Caracterização Hospitalar – Equip de Manutenção da Vida, Equip de Diagnóstico e Infra - 2025 ri rio caete.xlsx",Rio Caeté,30067,21.0
Fonte: DATASUS,9 Rio Caeté,22,"Tabela 22 – Caracterização Hospitalar – Equip de Manutenção da Vida, Equip de Diagnóstico e Infra - 2025 ri rio caete",20,"Tabela 22 – Caracterização Hospitalar – Equip de Manutenção da Vida, Equip de Diagnóstico e Infra - 2025 ri rio caete","..\..\Desktop\tabelas-powerBI\9 Rio Caeté\Tabela 22 – Caracterização Hospitalar – Equip de Manutenção da Vida, Equip de Diagnóstico e Infra - 2025 ri rio caete.xlsx",Rio Caeté,30067,
Elaboração: FAPESPA,9 Rio Caeté,22,"Tabela 22 – Caracterização Hospitalar – Equip de Manutenção da Vida, Equip de Diagnóstico e Infra - 2025 ri rio caete",20,"Tabela 22 – Caracterização Hospitalar – Equip de Manutenção da Vida, Equip de Diagnóstico e Infra - 2025 ri rio caete","..\..\Desktop\tabelas-powerBI\9 Rio Caeté\Tabela 22 – Caracterização Hospitalar – Equip de Manutenção da Vida, Equip de Diagnóstico e Infra - 2025 ri rio caete.xlsx",Rio Caeté,30067,
*Nota: Dados referentes a Outubro/2025.,9 Rio Caeté,22,"Tabela 22 – Caracterização Hospitalar – Equip de Manutenção da Vida, Equip de Diagnóstico e Infra - 2025 ri rio caete",20,"Tabela 22 – Caracterização Hospitalar – Equip de Manutenção da Vida, Equip de Diagnóstico e Infra - 2025 ri rio caete","..\..\Desktop\tabelas-powerBI\9 Rio Caeté\Tabela 22 – Caracterização Hospitalar – Equip de Manutenção da Vida, Equip de Diagnóstico e Infra - 2025 ri rio caete.xlsx",Rio Caeté,30067,
RI Rio Caeté,9 Rio Caeté,22,"Tabela 22 – Caracterização Hospitalar – Equip de Manutenção da Vida, Equip de Diagnóstico e Infra - 2025 ri rio caete",20,"Tabela 22 – Caracterização Hospitalar – Equip de Manutenção da Vida, Equip de Diagnóstico e Infra - 2025 ri rio caete","..\..\Desktop\tabelas-powerBI\9 Rio Caeté\Tabela 22 – Caracterização Hospitalar – Equip de Manutenção da Vida, Equip de Diagnóstico e Infra - 2025 ri rio caete.xlsx",Rio Caeté,29020,998.0
Augusto Corrêa,9 Rio Caeté,22,"Tabela 22 – Caracterização Hospitalar – Equip de Manutenção da Vida, Equip de Diagnóstico e Infra - 2025 ri rio caete",20,"Tabela 22 – Caracterização Hospitalar – Equip de Manutenção da Vida, Equip de Diagnóstico e Infra - 2025 ri rio caete","..\..\Desktop\tabelas-powerBI\9 Rio Caeté\Tabela 22 – Caracterização Hospitalar – Equip de Manutenção da Vida, Equip de Diagnóstico e Infra - 2025 ri rio caete.xlsx",Rio Caeté,29020,5.0
Bonito,9 Rio Caeté,22,"Tabela 22 – Caracterização Hospitalar – Equip de Manutenção da Vida, Equip de Diagnóstico e Infra - 2025 ri rio caete",20,"Tabela 22 – Caracterização Hospitalar – Equip de Manutenção da Vida, Equip de Diagnóstico e Infra - 2025 ri rio caete","..\..\Desktop\tabelas-powerBI\9 Rio Caeté\Tabela 22 – Caracterização Hospitalar – Equip de Manutenção da Vida, Equip de Diagnóstico e Infra - 2025 ri rio caete.xlsx",Rio Caeté,29020,5.0
Bragança,9 Rio Caeté,22,"Tabela 22 – Caracterização Hospitalar – Equip de Manutenção da Vida, Equip de Diagnóstico e Infra - 2025 ri rio caete",20,"Tabela 22 – Caracterização Hospitalar – Equip de Manutenção da Vida, Equip de Diagnóstico e Infra - 2025 ri rio caete","..\..\Desktop\tabelas-powerBI\9 Rio Caeté\Tabela 22 – Caracterização Hospitalar – Equip de Manutenção da Vida, Equip de Diagnóstico e Infra - 2025 ri rio caete.xlsx",Rio Caeté,29020,182.0
Cachoeira do Piriá,9 Rio Caeté,22,"Tabela 22 – Caracterização Hospitalar – Equip de Manutenção da Vida, Equip de Diagnóstico e Infra - 2025 ri rio caete",20,"Tabela 22 – Caracterização Hospitalar – Equip de Manutenção da Vida, Equip de Diagnóstico e Infra - 2025 ri rio caete","..\..\Desktop\tabelas-powerBI\9 Rio Caeté\Tabela 22 – Caracterização Hospitalar – Equip de Manutenção da Vida, Equip de Diagnóstico e Infra - 2025 ri rio caete.xlsx",Rio Caeté,29020,14.0
Capanema,9 Rio Caeté,22,"Tabela 22 – Caracterização Hospitalar – Equip de Manutenção da Vida, Equip de Diagnóstico e Infra - 2025 ri rio caete",20,"Tabela 22 – Caracterização Hospitalar – Equip de Manutenção da Vida, Equip de Diagnóstico e Infra - 2025 ri rio caete","..\..\Desktop\tabelas-powerBI\9 Rio Caeté\Tabela 22 – Caracterização Hospitalar – Equip de Manutenção da Vida, Equip de Diagnóstico e Infra - 2025 ri rio caete.xlsx",Rio Caeté,29020,631.0
Nova Timboteua,9 Rio Caeté,22,"Tabela 22 – Caracterização Hospitalar – Equip de Manutenção da Vida, Equip de Diagnóstico e Infra - 2025 ri rio caete",20,"Tabela 22 – Caracterização Hospitalar – Equip de Manutenção da Vida, Equip de Diagnóstico e Infra - 2025 ri rio caete","..\..\Desktop\tabelas-powerBI\9 Rio Caeté\Tabela 22 – Caracterização Hospitalar – Equip de Manutenção da Vida, Equip de Diagnóstico e Infra - 2025 ri rio caete.xlsx",Rio Caeté,29020,1.0
Peixe-Boi,9 Rio Caeté,22,"Tabela 22 – Caracterização Hospitalar – Equip de Manutenção da Vida, Equip de Diagnóstico e Infra - 2025 ri rio caete",20,"Tabela 22 – Caracterização Hospitalar – Equip de Manutenção da Vida, Equip de Diagnóstico e Infra - 2025 ri rio caete","..\..\Desktop\tabelas-powerBI\9 Rio Caeté\Tabela 22 – Caracterização Hospitalar – Equip de Manutenção da Vida, Equip de Diagnóstico e Infra - 2025 ri rio caete.xlsx",Rio Caeté,29020,4.0
Primavera,9 Rio Caeté,22,"Tabela 22 – Caracterização Hospitalar – Equip de Manutenção da Vida, Equip de Diagnóstico e Infra - 2025 ri rio caete",20,"Tabela 22 – Caracterização Hospitalar – Equip de Manutenção da Vida, Equip de Diagnóstico e Infra - 2025 ri rio caete","..\..\Desktop\tabelas-powerBI\9 Rio Caeté\Tabela 22 – Caracterização Hospitalar – Equip de Manutenção da Vida, Equip de Diagnóstico e Infra - 2025 ri rio caete.xlsx",Rio Caeté,29020,25.0
Quatipuru,9 Rio Caeté,22,"Tabela 22 – Caracterização Hospitalar – Equip de Manutenção da Vida, Equip de Diagnóstico e Infra - 2025 ri rio caete",20,"Tabela 22 – Caracterização Hospitalar – Equip de Manutenção da Vida, Equip de Diagnóstico e Infra - 2025 ri rio caete","..\..\Desktop\tabelas-powerBI\9 Rio Caeté\Tabela 22 – Caracterização Hospitalar – Equip de Manutenção da Vida, Equip de Diagnóstico e Infra - 2025 ri rio caete.xlsx",Rio Caeté,29020,6.0
Salinópolis,9 Rio Caeté,22,"Tabela 22 – Caracterização Hospitalar – Equip de Manutenção da Vida, Equip de Diagnóstico e Infra - 2025 ri rio caete",20,"Tabela 22 – Caracterização Hospitalar – Equip de Manutenção da Vida, Equip de Diagnóstico e Infra - 2025 ri rio caete","..\..\Desktop\tabelas-powerBI\9 Rio Caeté\Tabela 22 – Caracterização Hospitalar – Equip de Manutenção da Vida, Equip de Diagnóstico e Infra - 2025 ri rio caete.xlsx",Rio Caeté,29020,75.0
Santa Luzia do Pará,9 Rio Caeté,22,"Tabela 22 – Caracterização Hospitalar – Equip de Manutenção da Vida, Equip de Diagnóstico e Infra - 2025 ri rio caete",20,"Tabela 22 – Caracterização Hospitalar – Equip de Manutenção da Vida, Equip de Diagnóstico e Infra - 2025 ri rio caete","..\..\Desktop\tabelas-powerBI\9 Rio Caeté\Tabela 22 – Caracterização Hospitalar – Equip de Manutenção da Vida, Equip de Diagnóstico e Infra - 2025 ri rio caete.xlsx",Rio Caeté,29020,9.0
Santarém Novo,9 Rio Caeté,22,"Tabela 22 – Caracterização Hospitalar – Equip de Manutenção da Vida, Equip de Diagnóstico e Infra - 2025 ri rio caete",20,"Tabela 22 – Caracterização Hospitalar – Equip de Manutenção da Vida, Equip de Diagnóstico e Infra - 2025 ri rio caete","..\..\Desktop\tabelas-powerBI\9 Rio Caeté\Tabela 22 – Caracterização Hospitalar – Equip de Manutenção da Vida, Equip de Diagnóstico e Infra - 2025 ri rio caete.xlsx",Rio Caeté,29020,3.0
São João de Pirabas,9 Rio Caeté,22,"Tabela 22 – Caracterização Hospitalar – Equip de Manutenção da Vida, Equip de Diagnóstico e Infra - 2025 ri rio caete",20,"Tabela 22 – Caracterização Hospitalar – Equip de Manutenção da Vida, Equip de Diagnóstico e Infra - 2025 ri rio caete","..\..\Desktop\tabelas-powerBI\9 Rio Caeté\Tabela 22 – Caracterização Hospitalar – Equip de Manutenção da Vida, Equip de Diagnóstico e Infra - 2025 ri rio caete.xlsx",Rio Caeté,29020,11.0
Tracuateua,9 Rio Caeté,22,"Tabela 22 – Caracterização Hospitalar – Equip de Manutenção da Vida, Equip de Diagnóstico e Infra - 2025 ri rio caete",20,"Tabela 22 – Caracterização Hospitalar – Equip de Manutenção da Vida, Equip de Diagnóstico e Infra - 2025 ri rio caete","..\..\Desktop\tabelas-powerBI\9 Rio Caeté\Tabela 22 – Caracterização Hospitalar – Equip de Manutenção da Vida, Equip de Diagnóstico e Infra - 2025 ri rio caete.xlsx",Rio Caeté,29020,7.0
Viseu,9 Rio Caeté,22,"Tabela 22 – Caracterização Hospitalar – Equip de Manutenção da Vida, Equip de Diagnóstico e Infra - 2025 ri rio caete",20,"Tabela 22 – Caracterização Hospitalar – Equip de Manutenção da Vida, Equip de Diagnóstico e Infra - 2025 ri rio caete","..\..\Desktop\tabelas-powerBI\9 Rio Caeté\Tabela 22 – Caracterização Hospitalar – Equip de Manutenção da Vida, Equip de Diagnóstico e Infra - 2025 ri rio caete.xlsx",Rio Caeté,29020,20.0
Fonte: DATASUS,9 Rio Caeté,22,"Tabela 22 – Caracterização Hospitalar – Equip de Manutenção da Vida, Equip de Diagnóstico e Infra - 2025 ri rio caete",20,"Tabela 22 – Caracterização Hospitalar – Equip de Manutenção da Vida, Equip de Diagnóstico e Infra - 2025 ri rio caete","..\..\Desktop\tabelas-powerBI\9 Rio Caeté\Tabela 22 – Caracterização Hospitalar – Equip de Manutenção da Vida, Equip de Diagnóstico e Infra - 2025 ri rio caete.xlsx",Rio Caeté,29020,
Elaboração: FAPESPA,9 Rio Caeté,22,"Tabela 22 – Caracterização Hospitalar – Equip de Manutenção da Vida, Equip de Diagnóstico e Infra - 2025 ri rio caete",20,"Tabela 22 – Caracterização Hospitalar – Equip de Manutenção da Vida, Equip de Diagnóstico e Infra - 2025 ri rio caete","..\..\Desktop\tabelas-powerBI\9 Rio Caeté\Tabela 22 – Caracterização Hospitalar – Equip de Manutenção da Vida, Equip de Diagnóstico e Infra - 2025 ri rio caete.xlsx",Rio Caeté,29020,
*Nota: Dados referentes a Outubro/2025.,9 Rio Caeté,22,"Tabela 22 – Caracterização Hospitalar – Equip de Manutenção da Vida, Equip de Diagnóstico e Infra - 2025 ri rio caete",20,"Tabela 22 – Caracterização Hospitalar – Equip de Manutenção da Vida, Equip de Diagnóstico e Infra - 2025 ri rio caete","..\..\Desktop\tabelas-powerBI\9 Rio Caeté\Tabela 22 – Caracterização Hospitalar – Equip de Manutenção da Vida, Equip de Diagnóstico e Infra - 2025 ri rio caete.xlsx",Rio Caeté,29020,
