Par,regiao,tabela_num,titulo,ano,arquivo,arquivo_path,aba,variavel,valor
Araguaia,1 Pará,44,"Área colhida (Hectares), Quantidade Produzida (Toneladas) e Valor (Mil Reais) da Produção por Tipo de Lavoura Temporária - 2024 para",20,"Tabela 44 - Área colhida (Hectares), Quantidade Produzida (Toneladas) e Valor (Mil Reais) da Produção por Tipo de Lavoura Temporária - 2024 para","..\..\Desktop\tabelas-powerBI\1 Pará\Tabela 44 - Área colhida (Hectares), Quantidade Produzida (Toneladas) e Valor (Mil Reais) da Produção por Tipo de Lavoura Temporária - 2024 para.xlsx",RIS,9274,6944.0
Baixo Amazonas,1 Pará,44,"Área colhida (Hectares), Quantidade Produzida (Toneladas) e Valor (Mil Reais) da Produção por Tipo de Lavoura Temporária - 2024 para",20,"Tabela 44 - Área colhida (Hectares), Quantidade Produzida (Toneladas) e Valor (Mil Reais) da Produção por Tipo de Lavoura Temporária - 2024 para","..\..\Desktop\tabelas-powerBI\1 Pará\Tabela 44 - Área colhida (Hectares), Quantidade Produzida (Toneladas) e Valor (Mil Reais) da Produção por Tipo de Lavoura Temporária - 2024 para.xlsx",RIS,9274,307.0
Carajás,1 Pará,44,"Área colhida (Hectares), Quantidade Produzida (Toneladas) e Valor (Mil Reais) da Produção por Tipo de Lavoura Temporária - 2024 para",20,"Tabela 44 - Área colhida (Hectares), Quantidade Produzida (Toneladas) e Valor (Mil Reais) da Produção por Tipo de Lavoura Temporária - 2024 para","..\..\Desktop\tabelas-powerBI\1 Pará\Tabela 44 - Área colhida (Hectares), Quantidade Produzida (Toneladas) e Valor (Mil Reais) da Produção por Tipo de Lavoura Temporária - 2024 para.xlsx",RIS,9274,221.0
Guajará,1 Pará,44,"Área colhida (Hectares), Quantidade Produzida (Toneladas) e Valor (Mil Reais) da Produção por Tipo de Lavoura Temporária - 2024 para",20,"Tabela 44 - Área colhida (Hectares), Quantidade Produzida (Toneladas) e Valor (Mil Reais) da Produção por Tipo de Lavoura Temporária - 2024 para","..\..\Desktop\tabelas-powerBI\1 Pará\Tabela 44 - Área colhida (Hectares), Quantidade Produzida (Toneladas) e Valor (Mil Reais) da Produção por Tipo de Lavoura Temporária - 2024 para.xlsx",RIS,9274,0.0
Guamá,1 Pará,44,"Área colhida (Hectares), Quantidade Produzida (Toneladas) e Valor (Mil Reais) da Produção por Tipo de Lavoura Temporária - 2024 para",20,"Tabela 44 - Área colhida (Hectares), Quantidade Produzida (Toneladas) e Valor (Mil Reais) da Produção por Tipo de Lavoura Temporária - 2024 para","..\..\Desktop\tabelas-powerBI\1 Pará\Tabela 44 - Área colhida (Hectares), Quantidade Produzida (Toneladas) e Valor (Mil Reais) da Produção por Tipo de Lavoura Temporária - 2024 para.xlsx",RIS,9274,398.0
Lago de Tucuruí,1 Pará,44,"Área colhida (Hectares), Quantidade Produzida (Toneladas) e Valor (Mil Reais) da Produção por Tipo de Lavoura Temporária - 2024 para",20,"Tabela 44 - Área colhida (Hectares), Quantidade Produzida (Toneladas) e Valor (Mil Reais) da Produção por Tipo de Lavoura Temporária - 2024 para","..\..\Desktop\tabelas-powerBI\1 Pará\Tabela 44 - Área colhida (Hectares), Quantidade Produzida (Toneladas) e Valor (Mil Reais) da Produção por Tipo de Lavoura Temporária - 2024 para.xlsx",RIS,9274,2.0
Marajó,1 Pará,44,"Área colhida (Hectares), Quantidade Produzida (Toneladas) e Valor (Mil Reais) da Produção por Tipo de Lavoura Temporária - 2024 para",20,"Tabela 44 - Área colhida (Hectares), Quantidade Produzida (Toneladas) e Valor (Mil Reais) da Produção por Tipo de Lavoura Temporária - 2024 para","..\..\Desktop\tabelas-powerBI\1 Pará\Tabela 44 - Área colhida (Hectares), Quantidade Produzida (Toneladas) e Valor (Mil Reais) da Produção por Tipo de Lavoura Temporária - 2024 para.xlsx",RIS,9274,838.0
Rio Caeté,1 Pará,44,"Área colhida (Hectares), Quantidade Produzida (Toneladas) e Valor (Mil Reais) da Produção por Tipo de Lavoura Temporária - 2024 para",20,"Tabela 44 - Área colhida (Hectares), Quantidade Produzida (Toneladas) e Valor (Mil Reais) da Produção por Tipo de Lavoura Temporária - 2024 para","..\..\Desktop\tabelas-powerBI\1 Pará\Tabela 44 - Área colhida (Hectares), Quantidade Produzida (Toneladas) e Valor (Mil Reais) da Produção por Tipo de Lavoura Temporária - 2024 para.xlsx",RIS,9274,14.0
Rio Capim,1 Pará,44,"Área colhida (Hectares), Quantidade Produzida (Toneladas) e Valor (Mil Reais) da Produção por Tipo de Lavoura Temporária - 2024 para",20,"Tabela 44 - Área colhida (Hectares), Quantidade Produzida (Toneladas) e Valor (Mil Reais) da Produção por Tipo de Lavoura Temporária - 2024 para","..\..\Desktop\tabelas-powerBI\1 Pará\Tabela 44 - Área colhida (Hectares), Quantidade Produzida (Toneladas) e Valor (Mil Reais) da Produção por Tipo de Lavoura Temporária - 2024 para.xlsx",RIS,9274,172.0
Tapajós,1 Pará,44,"Área colhida (Hectares), Quantidade Produzida (Toneladas) e Valor (Mil Reais) da Produção por Tipo de Lavoura Temporária - 2024 para",20,"Tabela 44 - Área colhida (Hectares), Quantidade Produzida (Toneladas) e Valor (Mil Reais) da Produção por Tipo de Lavoura Temporária - 2024 para","..\..\Desktop\tabelas-powerBI\1 Pará\Tabela 44 - Área colhida (Hectares), Quantidade Produzida (Toneladas) e Valor (Mil Reais) da Produção por Tipo de Lavoura Temporária - 2024 para.xlsx",RIS,9274,95.0
Tocantins,1 Pará,44,"Área colhida (Hectares), Quantidade Produzida (Toneladas) e Valor (Mil Reais) da Produção por Tipo de Lavoura Temporária - 2024 para",20,"Tabela 44 - Área colhida (Hectares), Quantidade Produzida (Toneladas) e Valor (Mil Reais) da Produção por Tipo de Lavoura Temporária - 2024 para","..\..\Desktop\tabelas-powerBI\1 Pará\Tabela 44 - Área colhida (Hectares), Quantidade Produzida (Toneladas) e Valor (Mil Reais) da Produção por Tipo de Lavoura Temporária - 2024 para.xlsx",RIS,9274,146.0
Xingu,1 Pará,44,"Área colhida (Hectares), Quantidade Produzida (Toneladas) e Valor (Mil Reais) da Produção por Tipo de Lavoura Temporária - 2024 para",20,"Tabela 44 - Área colhida (Hectares), Quantidade Produzida (Toneladas) e Valor (Mil Reais) da Produção por Tipo de Lavoura Temporária - 2024 para","..\..\Desktop\tabelas-powerBI\1 Pará\Tabela 44 - Área colhida (Hectares), Quantidade Produzida (Toneladas) e Valor (Mil Reais) da Produção por Tipo de Lavoura Temporária - 2024 para.xlsx",RIS,9274,137.0
Fonte: IBGE/PAM,1 Pará,44,"Área colhida (Hectares), Quantidade Produzida (Toneladas) e Valor (Mil Reais) da Produção por Tipo de Lavoura Temporária - 2024 para",20,"Tabela 44 - Área colhida (Hectares), Quantidade Produzida (Toneladas) e Valor (Mil Reais) da Produção por Tipo de Lavoura Temporária - 2024 para","..\..\Desktop\tabelas-powerBI\1 Pará\Tabela 44 - Área colhida (Hectares), Quantidade Produzida (Toneladas) e Valor (Mil Reais) da Produção por Tipo de Lavoura Temporária - 2024 para.xlsx",RIS,9274,
Elaboração: FAPESPA,1 Pará,44,"Área colhida (Hectares), Quantidade Produzida (Toneladas) e Valor (Mil Reais) da Produção por Tipo de Lavoura Temporária - 2024 para",20,"Tabela 44 - Área colhida (Hectares), Quantidade Produzida (Toneladas) e Valor (Mil Reais) da Produção por Tipo de Lavoura Temporária - 2024 para","..\..\Desktop\tabelas-powerBI\1 Pará\Tabela 44 - Área colhida (Hectares), Quantidade Produzida (Toneladas) e Valor (Mil Reais) da Produção por Tipo de Lavoura Temporária - 2024 para.xlsx",RIS,9274,
Nota: A quantidade produzida de abacaxi é expressa em mil frutos,1 Pará,44,"Área colhida (Hectares), Quantidade Produzida (Toneladas) e Valor (Mil Reais) da Produção por Tipo de Lavoura Temporária - 2024 para",20,"Tabela 44 - Área colhida (Hectares), Quantidade Produzida (Toneladas) e Valor (Mil Reais) da Produção por Tipo de Lavoura Temporária - 2024 para","..\..\Desktop\tabelas-powerBI\1 Pará\Tabela 44 - Área colhida (Hectares), Quantidade Produzida (Toneladas) e Valor (Mil Reais) da Produção por Tipo de Lavoura Temporária - 2024 para.xlsx",RIS,9274,
Araguaia,1 Pará,44,"Área colhida (Hectares), Quantidade Produzida (Toneladas) e Valor (Mil Reais) da Produção por Tipo de Lavoura Temporária - 2024 para",20,"Tabela 44 - Área colhida (Hectares), Quantidade Produzida (Toneladas) e Valor (Mil Reais) da Produção por Tipo de Lavoura Temporária - 2024 para","..\..\Desktop\tabelas-powerBI\1 Pará\Tabela 44 - Área colhida (Hectares), Quantidade Produzida (Toneladas) e Valor (Mil Reais) da Produção por Tipo de Lavoura Temporária - 2024 para.xlsx",RIS,290432,235459.0
Baixo Amazonas,1 Pará,44,"Área colhida (Hectares), Quantidade Produzida (Toneladas) e Valor (Mil Reais) da Produção por Tipo de Lavoura Temporária - 2024 para",20,"Tabela 44 - Área colhida (Hectares), Quantidade Produzida (Toneladas) e Valor (Mil Reais) da Produção por Tipo de Lavoura Temporária - 2024 para","..\..\Desktop\tabelas-powerBI\1 Pará\Tabela 44 - Área colhida (Hectares), Quantidade Produzida (Toneladas) e Valor (Mil Reais) da Produção por Tipo de Lavoura Temporária - 2024 para.xlsx",RIS,290432,6648.0
Carajás,1 Pará,44,"Área colhida (Hectares), Quantidade Produzida (Toneladas) e Valor (Mil Reais) da Produção por Tipo de Lavoura Temporária - 2024 para",20,"Tabela 44 - Área colhida (Hectares), Quantidade Produzida (Toneladas) e Valor (Mil Reais) da Produção por Tipo de Lavoura Temporária - 2024 para","..\..\Desktop\tabelas-powerBI\1 Pará\Tabela 44 - Área colhida (Hectares), Quantidade Produzida (Toneladas) e Valor (Mil Reais) da Produção por Tipo de Lavoura Temporária - 2024 para.xlsx",RIS,290432,5450.0
Guajará,1 Pará,44,"Área colhida (Hectares), Quantidade Produzida (Toneladas) e Valor (Mil Reais) da Produção por Tipo de Lavoura Temporária - 2024 para",20,"Tabela 44 - Área colhida (Hectares), Quantidade Produzida (Toneladas) e Valor (Mil Reais) da Produção por Tipo de Lavoura Temporária - 2024 para","..\..\Desktop\tabelas-powerBI\1 Pará\Tabela 44 - Área colhida (Hectares), Quantidade Produzida (Toneladas) e Valor (Mil Reais) da Produção por Tipo de Lavoura Temporária - 2024 para.xlsx",RIS,290432,0.0
Guamá,1 Pará,44,"Área colhida (Hectares), Quantidade Produzida (Toneladas) e Valor (Mil Reais) da Produção por Tipo de Lavoura Temporária - 2024 para",20,"Tabela 44 - Área colhida (Hectares), Quantidade Produzida (Toneladas) e Valor (Mil Reais) da Produção por Tipo de Lavoura Temporária - 2024 para","..\..\Desktop\tabelas-powerBI\1 Pará\Tabela 44 - Área colhida (Hectares), Quantidade Produzida (Toneladas) e Valor (Mil Reais) da Produção por Tipo de Lavoura Temporária - 2024 para.xlsx",RIS,290432,10574.0
Lago de Tucuruí,1 Pará,44,"Área colhida (Hectares), Quantidade Produzida (Toneladas) e Valor (Mil Reais) da Produção por Tipo de Lavoura Temporária - 2024 para",20,"Tabela 44 - Área colhida (Hectares), Quantidade Produzida (Toneladas) e Valor (Mil Reais) da Produção por Tipo de Lavoura Temporária - 2024 para","..\..\Desktop\tabelas-powerBI\1 Pará\Tabela 44 - Área colhida (Hectares), Quantidade Produzida (Toneladas) e Valor (Mil Reais) da Produção por Tipo de Lavoura Temporária - 2024 para.xlsx",RIS,290432,50.0
Marajó,1 Pará,44,"Área colhida (Hectares), Quantidade Produzida (Toneladas) e Valor (Mil Reais) da Produção por Tipo de Lavoura Temporária - 2024 para",20,"Tabela 44 - Área colhida (Hectares), Quantidade Produzida (Toneladas) e Valor (Mil Reais) da Produção por Tipo de Lavoura Temporária - 2024 para","..\..\Desktop\tabelas-powerBI\1 Pará\Tabela 44 - Área colhida (Hectares), Quantidade Produzida (Toneladas) e Valor (Mil Reais) da Produção por Tipo de Lavoura Temporária - 2024 para.xlsx",RIS,290432,19509.0
Rio Caeté,1 Pará,44,"Área colhida (Hectares), Quantidade Produzida (Toneladas) e Valor (Mil Reais) da Produção por Tipo de Lavoura Temporária - 2024 para",20,"Tabela 44 - Área colhida (Hectares), Quantidade Produzida (Toneladas) e Valor (Mil Reais) da Produção por Tipo de Lavoura Temporária - 2024 para","..\..\Desktop\tabelas-powerBI\1 Pará\Tabela 44 - Área colhida (Hectares), Quantidade Produzida (Toneladas) e Valor (Mil Reais) da Produção por Tipo de Lavoura Temporária - 2024 para.xlsx",RIS,290432,202.0
Rio Capim,1 Pará,44,"Área colhida (Hectares), Quantidade Produzida (Toneladas) e Valor (Mil Reais) da Produção por Tipo de Lavoura Temporária - 2024 para",20,"Tabela 44 - Área colhida (Hectares), Quantidade Produzida (Toneladas) e Valor (Mil Reais) da Produção por Tipo de Lavoura Temporária - 2024 para","..\..\Desktop\tabelas-powerBI\1 Pará\Tabela 44 - Área colhida (Hectares), Quantidade Produzida (Toneladas) e Valor (Mil Reais) da Produção por Tipo de Lavoura Temporária - 2024 para.xlsx",RIS,290432,4791.0
Tapajós,1 Pará,44,"Área colhida (Hectares), Quantidade Produzida (Toneladas) e Valor (Mil Reais) da Produção por Tipo de Lavoura Temporária - 2024 para",20,"Tabela 44 - Área colhida (Hectares), Quantidade Produzida (Toneladas) e Valor (Mil Reais) da Produção por Tipo de Lavoura Temporária - 2024 para","..\..\Desktop\tabelas-powerBI\1 Pará\Tabela 44 - Área colhida (Hectares), Quantidade Produzida (Toneladas) e Valor (Mil Reais) da Produção por Tipo de Lavoura Temporária - 2024 para.xlsx",RIS,290432,1540.0
Tocantins,1 Pará,44,"Área colhida (Hectares), Quantidade Produzida (Toneladas) e Valor (Mil Reais) da Produção por Tipo de Lavoura Temporária - 2024 para",20,"Tabela 44 - Área colhida (Hectares), Quantidade Produzida (Toneladas) e Valor (Mil Reais) da Produção por Tipo de Lavoura Temporária - 2024 para","..\..\Desktop\tabelas-powerBI\1 Pará\Tabela 44 - Área colhida (Hectares), Quantidade Produzida (Toneladas) e Valor (Mil Reais) da Produção por Tipo de Lavoura Temporária - 2024 para.xlsx",RIS,290432,3369.0
Xingu,1 Pará,44,"Área colhida (Hectares), Quantidade Produzida (Toneladas) e Valor (Mil Reais) da Produção por Tipo de Lavoura Temporária - 2024 para",20,"Tabela 44 - Área colhida (Hectares), Quantidade Produzida (Toneladas) e Valor (Mil Reais) da Produção por Tipo de Lavoura Temporária - 2024 para","..\..\Desktop\tabelas-powerBI\1 Pará\Tabela 44 - Área colhida (Hectares), Quantidade Produzida (Toneladas) e Valor (Mil Reais) da Produção por Tipo de Lavoura Temporária - 2024 para.xlsx",RIS,290432,2840.0
Fonte: IBGE/PAM,1 Pará,44,"Área colhida (Hectares), Quantidade Produzida (Toneladas) e Valor (Mil Reais) da Produção por Tipo de Lavoura Temporária - 2024 para",20,"Tabela 44 - Área colhida (Hectares), Quantidade Produzida (Toneladas) e Valor (Mil Reais) da Produção por Tipo de Lavoura Temporária - 2024 para","..\..\Desktop\tabelas-powerBI\1 Pará\Tabela 44 - Área colhida (Hectares), Quantidade Produzida (Toneladas) e Valor (Mil Reais) da Produção por Tipo de Lavoura Temporária - 2024 para.xlsx",RIS,290432,
Elaboração: FAPESPA,1 Pará,44,"Área colhida (Hectares), Quantidade Produzida (Toneladas) e Valor (Mil Reais) da Produção por Tipo de Lavoura Temporária - 2024 para",20,"Tabela 44 - Área colhida (Hectares), Quantidade Produzida (Toneladas) e Valor (Mil Reais) da Produção por Tipo de Lavoura Temporária - 2024 para","..\..\Desktop\tabelas-powerBI\1 Pará\Tabela 44 - Área colhida (Hectares), Quantidade Produzida (Toneladas) e Valor (Mil Reais) da Produção por Tipo de Lavoura Temporária - 2024 para.xlsx",RIS,290432,
Nota: A quantidade produzida de abacaxi é expressa em mil frutos,1 Pará,44,"Área colhida (Hectares), Quantidade Produzida (Toneladas) e Valor (Mil Reais) da Produção por Tipo de Lavoura Temporária - 2024 para",20,"Tabela 44 - Área colhida (Hectares), Quantidade Produzida (Toneladas) e Valor (Mil Reais) da Produção por Tipo de Lavoura Temporária - 2024 para","..\..\Desktop\tabelas-powerBI\1 Pará\Tabela 44 - Área colhida (Hectares), Quantidade Produzida (Toneladas) e Valor (Mil Reais) da Produção por Tipo de Lavoura Temporária - 2024 para.xlsx",RIS,290432,
Araguaia,1 Pará,44,"Área colhida (Hectares), Quantidade Produzida (Toneladas) e Valor (Mil Reais) da Produção por Tipo de Lavoura Temporária - 2024 para",20,"Tabela 44 - Área colhida (Hectares), Quantidade Produzida (Toneladas) e Valor (Mil Reais) da Produção por Tipo de Lavoura Temporária - 2024 para","..\..\Desktop\tabelas-powerBI\1 Pará\Tabela 44 - Área colhida (Hectares), Quantidade Produzida (Toneladas) e Valor (Mil Reais) da Produção por Tipo de Lavoura Temporária - 2024 para.xlsx",RIS,1084062,931141.0
Baixo Amazonas,1 Pará,44,"Área colhida (Hectares), Quantidade Produzida (Toneladas) e Valor (Mil Reais) da Produção por Tipo de Lavoura Temporária - 2024 para",20,"Tabela 44 - Área colhida (Hectares), Quantidade Produzida (Toneladas) e Valor (Mil Reais) da Produção por Tipo de Lavoura Temporária - 2024 para","..\..\Desktop\tabelas-powerBI\1 Pará\Tabela 44 - Área colhida (Hectares), Quantidade Produzida (Toneladas) e Valor (Mil Reais) da Produção por Tipo de Lavoura Temporária - 2024 para.xlsx",RIS,1084062,18336.0
Carajás,1 Pará,44,"Área colhida (Hectares), Quantidade Produzida (Toneladas) e Valor (Mil Reais) da Produção por Tipo de Lavoura Temporária - 2024 para",20,"Tabela 44 - Área colhida (Hectares), Quantidade Produzida (Toneladas) e Valor (Mil Reais) da Produção por Tipo de Lavoura Temporária - 2024 para","..\..\Desktop\tabelas-powerBI\1 Pará\Tabela 44 - Área colhida (Hectares), Quantidade Produzida (Toneladas) e Valor (Mil Reais) da Produção por Tipo de Lavoura Temporária - 2024 para.xlsx",RIS,1084062,11545.0
Guajará,1 Pará,44,"Área colhida (Hectares), Quantidade Produzida (Toneladas) e Valor (Mil Reais) da Produção por Tipo de Lavoura Temporária - 2024 para",20,"Tabela 44 - Área colhida (Hectares), Quantidade Produzida (Toneladas) e Valor (Mil Reais) da Produção por Tipo de Lavoura Temporária - 2024 para","..\..\Desktop\tabelas-powerBI\1 Pará\Tabela 44 - Área colhida (Hectares), Quantidade Produzida (Toneladas) e Valor (Mil Reais) da Produção por Tipo de Lavoura Temporária - 2024 para.xlsx",RIS,1084062,0.0
Guamá,1 Pará,44,"Área colhida (Hectares), Quantidade Produzida (Toneladas) e Valor (Mil Reais) da Produção por Tipo de Lavoura Temporária - 2024 para",20,"Tabela 44 - Área colhida (Hectares), Quantidade Produzida (Toneladas) e Valor (Mil Reais) da Produção por Tipo de Lavoura Temporária - 2024 para","..\..\Desktop\tabelas-powerBI\1 Pará\Tabela 44 - Área colhida (Hectares), Quantidade Produzida (Toneladas) e Valor (Mil Reais) da Produção por Tipo de Lavoura Temporária - 2024 para.xlsx",RIS,1084062,23592.0
Lago de Tucuruí,1 Pará,44,"Área colhida (Hectares), Quantidade Produzida (Toneladas) e Valor (Mil Reais) da Produção por Tipo de Lavoura Temporária - 2024 para",20,"Tabela 44 - Área colhida (Hectares), Quantidade Produzida (Toneladas) e Valor (Mil Reais) da Produção por Tipo de Lavoura Temporária - 2024 para","..\..\Desktop\tabelas-powerBI\1 Pará\Tabela 44 - Área colhida (Hectares), Quantidade Produzida (Toneladas) e Valor (Mil Reais) da Produção por Tipo de Lavoura Temporária - 2024 para.xlsx",RIS,1084062,125.0
Marajó,1 Pará,44,"Área colhida (Hectares), Quantidade Produzida (Toneladas) e Valor (Mil Reais) da Produção por Tipo de Lavoura Temporária - 2024 para",20,"Tabela 44 - Área colhida (Hectares), Quantidade Produzida (Toneladas) e Valor (Mil Reais) da Produção por Tipo de Lavoura Temporária - 2024 para","..\..\Desktop\tabelas-powerBI\1 Pará\Tabela 44 - Área colhida (Hectares), Quantidade Produzida (Toneladas) e Valor (Mil Reais) da Produção por Tipo de Lavoura Temporária - 2024 para.xlsx",RIS,1084062,53642.0
Rio Caeté,1 Pará,44,"Área colhida (Hectares), Quantidade Produzida (Toneladas) e Valor (Mil Reais) da Produção por Tipo de Lavoura Temporária - 2024 para",20,"Tabela 44 - Área colhida (Hectares), Quantidade Produzida (Toneladas) e Valor (Mil Reais) da Produção por Tipo de Lavoura Temporária - 2024 para","..\..\Desktop\tabelas-powerBI\1 Pará\Tabela 44 - Área colhida (Hectares), Quantidade Produzida (Toneladas) e Valor (Mil Reais) da Produção por Tipo de Lavoura Temporária - 2024 para.xlsx",RIS,1084062,697.0
Rio Capim,1 Pará,44,"Área colhida (Hectares), Quantidade Produzida (Toneladas) e Valor (Mil Reais) da Produção por Tipo de Lavoura Temporária - 2024 para",20,"Tabela 44 - Área colhida (Hectares), Quantidade Produzida (Toneladas) e Valor (Mil Reais) da Produção por Tipo de Lavoura Temporária - 2024 para","..\..\Desktop\tabelas-powerBI\1 Pará\Tabela 44 - Área colhida (Hectares), Quantidade Produzida (Toneladas) e Valor (Mil Reais) da Produção por Tipo de Lavoura Temporária - 2024 para.xlsx",RIS,1084062,22222.0
Tapajós,1 Pará,44,"Área colhida (Hectares), Quantidade Produzida (Toneladas) e Valor (Mil Reais) da Produção por Tipo de Lavoura Temporária - 2024 para",20,"Tabela 44 - Área colhida (Hectares), Quantidade Produzida (Toneladas) e Valor (Mil Reais) da Produção por Tipo de Lavoura Temporária - 2024 para","..\..\Desktop\tabelas-powerBI\1 Pará\Tabela 44 - Área colhida (Hectares), Quantidade Produzida (Toneladas) e Valor (Mil Reais) da Produção por Tipo de Lavoura Temporária - 2024 para.xlsx",RIS,1084062,5854.0
Tocantins,1 Pará,44,"Área colhida (Hectares), Quantidade Produzida (Toneladas) e Valor (Mil Reais) da Produção por Tipo de Lavoura Temporária - 2024 para",20,"Tabela 44 - Área colhida (Hectares), Quantidade Produzida (Toneladas) e Valor (Mil Reais) da Produção por Tipo de Lavoura Temporária - 2024 para","..\..\Desktop\tabelas-powerBI\1 Pará\Tabela 44 - Área colhida (Hectares), Quantidade Produzida (Toneladas) e Valor (Mil Reais) da Produção por Tipo de Lavoura Temporária - 2024 para.xlsx",RIS,1084062,10107.0
Xingu,1 Pará,44,"Área colhida (Hectares), Quantidade Produzida (Toneladas) e Valor (Mil Reais) da Produção por Tipo de Lavoura Temporária - 2024 para",20,"Tabela 44 - Área colhida (Hectares), Quantidade Produzida (Toneladas) e Valor (Mil Reais) da Produção por Tipo de Lavoura Temporária - 2024 para","..\..\Desktop\tabelas-powerBI\1 Pará\Tabela 44 - Área colhida (Hectares), Quantidade Produzida (Toneladas) e Valor (Mil Reais) da Produção por Tipo de Lavoura Temporária - 2024 para.xlsx",RIS,1084062,6804.0
Fonte: IBGE/PAM,1 Pará,44,"Área colhida (Hectares), Quantidade Produzida (Toneladas) e Valor (Mil Reais) da Produção por Tipo de Lavoura Temporária - 2024 para",20,"Tabela 44 - Área colhida (Hectares), Quantidade Produzida (Toneladas) e Valor (Mil Reais) da Produção por Tipo de Lavoura Temporária - 2024 para","..\..\Desktop\tabelas-powerBI\1 Pará\Tabela 44 - Área colhida (Hectares), Quantidade Produzida (Toneladas) e Valor (Mil Reais) da Produção por Tipo de Lavoura Temporária - 2024 para.xlsx",RIS,1084062,
Elaboração: FAPESPA,1 Pará,44,"Área colhida (Hectares), Quantidade Produzida (Toneladas) e Valor (Mil Reais) da Produção por Tipo de Lavoura Temporária - 2024 para",20,"Tabela 44 - Área colhida (Hectares), Quantidade Produzida (Toneladas) e Valor (Mil Reais) da Produção por Tipo de Lavoura Temporária - 2024 para","..\..\Desktop\tabelas-powerBI\1 Pará\Tabela 44 - Área colhida (Hectares), Quantidade Produzida (Toneladas) e Valor (Mil Reais) da Produção por Tipo de Lavoura Temporária - 2024 para.xlsx",RIS,1084062,
Nota: A quantidade produzida de abacaxi é expressa em mil frutos,1 Pará,44,"Área colhida (Hectares), Quantidade Produzida (Toneladas) e Valor (Mil Reais) da Produção por Tipo de Lavoura Temporária - 2024 para",20,"Tabela 44 - Área colhida (Hectares), Quantidade Produzida (Toneladas) e Valor (Mil Reais) da Produção por Tipo de Lavoura Temporária - 2024 para","..\..\Desktop\tabelas-powerBI\1 Pará\Tabela 44 - Área colhida (Hectares), Quantidade Produzida (Toneladas) e Valor (Mil Reais) da Produção por Tipo de Lavoura Temporária - 2024 para.xlsx",RIS,1084062,
Araguaia,1 Pará,44,"Área colhida (Hectares), Quantidade Produzida (Toneladas) e Valor (Mil Reais) da Produção por Tipo de Lavoura Temporária - 2024 para",20,"Tabela 44 - Área colhida (Hectares), Quantidade Produzida (Toneladas) e Valor (Mil Reais) da Produção por Tipo de Lavoura Temporária - 2024 para","..\..\Desktop\tabelas-powerBI\1 Pará\Tabela 44 - Área colhida (Hectares), Quantidade Produzida (Toneladas) e Valor (Mil Reais) da Produção por Tipo de Lavoura Temporária - 2024 para.xlsx",RIS,45449,2375.0
Baixo Amazonas,1 Pará,44,"Área colhida (Hectares), Quantidade Produzida (Toneladas) e Valor (Mil Reais) da Produção por Tipo de Lavoura Temporária - 2024 para",20,"Tabela 44 - Área colhida (Hectares), Quantidade Produzida (Toneladas) e Valor (Mil Reais) da Produção por Tipo de Lavoura Temporária - 2024 para","..\..\Desktop\tabelas-powerBI\1 Pará\Tabela 44 - Área colhida (Hectares), Quantidade Produzida (Toneladas) e Valor (Mil Reais) da Produção por Tipo de Lavoura Temporária - 2024 para.xlsx",RIS,45449,4458.0
Carajás,1 Pará,44,"Área colhida (Hectares), Quantidade Produzida (Toneladas) e Valor (Mil Reais) da Produção por Tipo de Lavoura Temporária - 2024 para",20,"Tabela 44 - Área colhida (Hectares), Quantidade Produzida (Toneladas) e Valor (Mil Reais) da Produção por Tipo de Lavoura Temporária - 2024 para","..\..\Desktop\tabelas-powerBI\1 Pará\Tabela 44 - Área colhida (Hectares), Quantidade Produzida (Toneladas) e Valor (Mil Reais) da Produção por Tipo de Lavoura Temporária - 2024 para.xlsx",RIS,45449,250.0
Guajará,1 Pará,44,"Área colhida (Hectares), Quantidade Produzida (Toneladas) e Valor (Mil Reais) da Produção por Tipo de Lavoura Temporária - 2024 para",20,"Tabela 44 - Área colhida (Hectares), Quantidade Produzida (Toneladas) e Valor (Mil Reais) da Produção por Tipo de Lavoura Temporária - 2024 para","..\..\Desktop\tabelas-powerBI\1 Pará\Tabela 44 - Área colhida (Hectares), Quantidade Produzida (Toneladas) e Valor (Mil Reais) da Produção por Tipo de Lavoura Temporária - 2024 para.xlsx",RIS,45449,25.0
Guamá,1 Pará,44,"Área colhida (Hectares), Quantidade Produzida (Toneladas) e Valor (Mil Reais) da Produção por Tipo de Lavoura Temporária - 2024 para",20,"Tabela 44 - Área colhida (Hectares), Quantidade Produzida (Toneladas) e Valor (Mil Reais) da Produção por Tipo de Lavoura Temporária - 2024 para","..\..\Desktop\tabelas-powerBI\1 Pará\Tabela 44 - Área colhida (Hectares), Quantidade Produzida (Toneladas) e Valor (Mil Reais) da Produção por Tipo de Lavoura Temporária - 2024 para.xlsx",RIS,45449,187.0
Lago de Tucuruí,1 Pará,44,"Área colhida (Hectares), Quantidade Produzida (Toneladas) e Valor (Mil Reais) da Produção por Tipo de Lavoura Temporária - 2024 para",20,"Tabela 44 - Área colhida (Hectares), Quantidade Produzida (Toneladas) e Valor (Mil Reais) da Produção por Tipo de Lavoura Temporária - 2024 para","..\..\Desktop\tabelas-powerBI\1 Pará\Tabela 44 - Área colhida (Hectares), Quantidade Produzida (Toneladas) e Valor (Mil Reais) da Produção por Tipo de Lavoura Temporária - 2024 para.xlsx",RIS,45449,955.0
Marajó,1 Pará,44,"Área colhida (Hectares), Quantidade Produzida (Toneladas) e Valor (Mil Reais) da Produção por Tipo de Lavoura Temporária - 2024 para",20,"Tabela 44 - Área colhida (Hectares), Quantidade Produzida (Toneladas) e Valor (Mil Reais) da Produção por Tipo de Lavoura Temporária - 2024 para","..\..\Desktop\tabelas-powerBI\1 Pará\Tabela 44 - Área colhida (Hectares), Quantidade Produzida (Toneladas) e Valor (Mil Reais) da Produção por Tipo de Lavoura Temporária - 2024 para.xlsx",RIS,45449,13193.0
Rio Caeté,1 Pará,44,"Área colhida (Hectares), Quantidade Produzida (Toneladas) e Valor (Mil Reais) da Produção por Tipo de Lavoura Temporária - 2024 para",20,"Tabela 44 - Área colhida (Hectares), Quantidade Produzida (Toneladas) e Valor (Mil Reais) da Produção por Tipo de Lavoura Temporária - 2024 para","..\..\Desktop\tabelas-powerBI\1 Pará\Tabela 44 - Área colhida (Hectares), Quantidade Produzida (Toneladas) e Valor (Mil Reais) da Produção por Tipo de Lavoura Temporária - 2024 para.xlsx",RIS,45449,2125.0
Rio Capim,1 Pará,44,"Área colhida (Hectares), Quantidade Produzida (Toneladas) e Valor (Mil Reais) da Produção por Tipo de Lavoura Temporária - 2024 para",20,"Tabela 44 - Área colhida (Hectares), Quantidade Produzida (Toneladas) e Valor (Mil Reais) da Produção por Tipo de Lavoura Temporária - 2024 para","..\..\Desktop\tabelas-powerBI\1 Pará\Tabela 44 - Área colhida (Hectares), Quantidade Produzida (Toneladas) e Valor (Mil Reais) da Produção por Tipo de Lavoura Temporária - 2024 para.xlsx",RIS,45449,8812.0
Tapajós,1 Pará,44,"Área colhida (Hectares), Quantidade Produzida (Toneladas) e Valor (Mil Reais) da Produção por Tipo de Lavoura Temporária - 2024 para",20,"Tabela 44 - Área colhida (Hectares), Quantidade Produzida (Toneladas) e Valor (Mil Reais) da Produção por Tipo de Lavoura Temporária - 2024 para","..\..\Desktop\tabelas-powerBI\1 Pará\Tabela 44 - Área colhida (Hectares), Quantidade Produzida (Toneladas) e Valor (Mil Reais) da Produção por Tipo de Lavoura Temporária - 2024 para.xlsx",RIS,45449,5250.0
Tocantins,1 Pará,44,"Área colhida (Hectares), Quantidade Produzida (Toneladas) e Valor (Mil Reais) da Produção por Tipo de Lavoura Temporária - 2024 para",20,"Tabela 44 - Área colhida (Hectares), Quantidade Produzida (Toneladas) e Valor (Mil Reais) da Produção por Tipo de Lavoura Temporária - 2024 para","..\..\Desktop\tabelas-powerBI\1 Pará\Tabela 44 - Área colhida (Hectares), Quantidade Produzida (Toneladas) e Valor (Mil Reais) da Produção por Tipo de Lavoura Temporária - 2024 para.xlsx",RIS,45449,2521.0
Xingu,1 Pará,44,"Área colhida (Hectares), Quantidade Produzida (Toneladas) e Valor (Mil Reais) da Produção por Tipo de Lavoura Temporária - 2024 para",20,"Tabela 44 - Área colhida (Hectares), Quantidade Produzida (Toneladas) e Valor (Mil Reais) da Produção por Tipo de Lavoura Temporária - 2024 para","..\..\Desktop\tabelas-powerBI\1 Pará\Tabela 44 - Área colhida (Hectares), Quantidade Produzida (Toneladas) e Valor (Mil Reais) da Produção por Tipo de Lavoura Temporária - 2024 para.xlsx",RIS,45449,5298.0
Fonte: IBGE/PAM,1 Pará,44,"Área colhida (Hectares), Quantidade Produzida (Toneladas) e Valor (Mil Reais) da Produção por Tipo de Lavoura Temporária - 2024 para",20,"Tabela 44 - Área colhida (Hectares), Quantidade Produzida (Toneladas) e Valor (Mil Reais) da Produção por Tipo de Lavoura Temporária - 2024 para","..\..\Desktop\tabelas-powerBI\1 Pará\Tabela 44 - Área colhida (Hectares), Quantidade Produzida (Toneladas) e Valor (Mil Reais) da Produção por Tipo de Lavoura Temporária - 2024 para.xlsx",RIS,45449,
Elaboração: FAPESPA,1 Pará,44,"Área colhida (Hectares), Quantidade Produzida (Toneladas) e Valor (Mil Reais) da Produção por Tipo de Lavoura Temporária - 2024 para",20,"Tabela 44 - Área colhida (Hectares), Quantidade Produzida (Toneladas) e Valor (Mil Reais) da Produção por Tipo de Lavoura Temporária - 2024 para","..\..\Desktop\tabelas-powerBI\1 Pará\Tabela 44 - Área colhida (Hectares), Quantidade Produzida (Toneladas) e Valor (Mil Reais) da Produção por Tipo de Lavoura Temporária - 2024 para.xlsx",RIS,45449,
Nota: A quantidade produzida de abacaxi é expressa em mil frutos,1 Pará,44,"Área colhida (Hectares), Quantidade Produzida (Toneladas) e Valor (Mil Reais) da Produção por Tipo de Lavoura Temporária - 2024 para",20,"Tabela 44 - Área colhida (Hectares), Quantidade Produzida (Toneladas) e Valor (Mil Reais) da Produção por Tipo de Lavoura Temporária - 2024 para","..\..\Desktop\tabelas-powerBI\1 Pará\Tabela 44 - Área colhida (Hectares), Quantidade Produzida (Toneladas) e Valor (Mil Reais) da Produção por Tipo de Lavoura Temporária - 2024 para.xlsx",RIS,45449,
Araguaia,1 Pará,44,"Área colhida (Hectares), Quantidade Produzida (Toneladas) e Valor (Mil Reais) da Produção por Tipo de Lavoura Temporária - 2024 para",20,"Tabela 44 - Área colhida (Hectares), Quantidade Produzida (Toneladas) e Valor (Mil Reais) da Produção por Tipo de Lavoura Temporária - 2024 para","..\..\Desktop\tabelas-powerBI\1 Pará\Tabela 44 - Área colhida (Hectares), Quantidade Produzida (Toneladas) e Valor (Mil Reais) da Produção por Tipo de Lavoura Temporária - 2024 para.xlsx",RIS,148884,5185.0
Baixo Amazonas,1 Pará,44,"Área colhida (Hectares), Quantidade Produzida (Toneladas) e Valor (Mil Reais) da Produção por Tipo de Lavoura Temporária - 2024 para",20,"Tabela 44 - Área colhida (Hectares), Quantidade Produzida (Toneladas) e Valor (Mil Reais) da Produção por Tipo de Lavoura Temporária - 2024 para","..\..\Desktop\tabelas-powerBI\1 Pará\Tabela 44 - Área colhida (Hectares), Quantidade Produzida (Toneladas) e Valor (Mil Reais) da Produção por Tipo de Lavoura Temporária - 2024 para.xlsx",RIS,148884,8000.0
Carajás,1 Pará,44,"Área colhida (Hectares), Quantidade Produzida (Toneladas) e Valor (Mil Reais) da Produção por Tipo de Lavoura Temporária - 2024 para",20,"Tabela 44 - Área colhida (Hectares), Quantidade Produzida (Toneladas) e Valor (Mil Reais) da Produção por Tipo de Lavoura Temporária - 2024 para","..\..\Desktop\tabelas-powerBI\1 Pará\Tabela 44 - Área colhida (Hectares), Quantidade Produzida (Toneladas) e Valor (Mil Reais) da Produção por Tipo de Lavoura Temporária - 2024 para.xlsx",RIS,148884,380.0
Guajará,1 Pará,44,"Área colhida (Hectares), Quantidade Produzida (Toneladas) e Valor (Mil Reais) da Produção por Tipo de Lavoura Temporária - 2024 para",20,"Tabela 44 - Área colhida (Hectares), Quantidade Produzida (Toneladas) e Valor (Mil Reais) da Produção por Tipo de Lavoura Temporária - 2024 para","..\..\Desktop\tabelas-powerBI\1 Pará\Tabela 44 - Área colhida (Hectares), Quantidade Produzida (Toneladas) e Valor (Mil Reais) da Produção por Tipo de Lavoura Temporária - 2024 para.xlsx",RIS,148884,21.0
Guamá,1 Pará,44,"Área colhida (Hectares), Quantidade Produzida (Toneladas) e Valor (Mil Reais) da Produção por Tipo de Lavoura Temporária - 2024 para",20,"Tabela 44 - Área colhida (Hectares), Quantidade Produzida (Toneladas) e Valor (Mil Reais) da Produção por Tipo de Lavoura Temporária - 2024 para","..\..\Desktop\tabelas-powerBI\1 Pará\Tabela 44 - Área colhida (Hectares), Quantidade Produzida (Toneladas) e Valor (Mil Reais) da Produção por Tipo de Lavoura Temporária - 2024 para.xlsx",RIS,148884,156.0
Lago de Tucuruí,1 Pará,44,"Área colhida (Hectares), Quantidade Produzida (Toneladas) e Valor (Mil Reais) da Produção por Tipo de Lavoura Temporária - 2024 para",20,"Tabela 44 - Área colhida (Hectares), Quantidade Produzida (Toneladas) e Valor (Mil Reais) da Produção por Tipo de Lavoura Temporária - 2024 para","..\..\Desktop\tabelas-powerBI\1 Pará\Tabela 44 - Área colhida (Hectares), Quantidade Produzida (Toneladas) e Valor (Mil Reais) da Produção por Tipo de Lavoura Temporária - 2024 para.xlsx",RIS,148884,2608.0
Marajó,1 Pará,44,"Área colhida (Hectares), Quantidade Produzida (Toneladas) e Valor (Mil Reais) da Produção por Tipo de Lavoura Temporária - 2024 para",20,"Tabela 44 - Área colhida (Hectares), Quantidade Produzida (Toneladas) e Valor (Mil Reais) da Produção por Tipo de Lavoura Temporária - 2024 para","..\..\Desktop\tabelas-powerBI\1 Pará\Tabela 44 - Área colhida (Hectares), Quantidade Produzida (Toneladas) e Valor (Mil Reais) da Produção por Tipo de Lavoura Temporária - 2024 para.xlsx",RIS,148884,72517.0
Rio Caeté,1 Pará,44,"Área colhida (Hectares), Quantidade Produzida (Toneladas) e Valor (Mil Reais) da Produção por Tipo de Lavoura Temporária - 2024 para",20,"Tabela 44 - Área colhida (Hectares), Quantidade Produzida (Toneladas) e Valor (Mil Reais) da Produção por Tipo de Lavoura Temporária - 2024 para","..\..\Desktop\tabelas-powerBI\1 Pará\Tabela 44 - Área colhida (Hectares), Quantidade Produzida (Toneladas) e Valor (Mil Reais) da Produção por Tipo de Lavoura Temporária - 2024 para.xlsx",RIS,148884,6206.0
Rio Capim,1 Pará,44,"Área colhida (Hectares), Quantidade Produzida (Toneladas) e Valor (Mil Reais) da Produção por Tipo de Lavoura Temporária - 2024 para",20,"Tabela 44 - Área colhida (Hectares), Quantidade Produzida (Toneladas) e Valor (Mil Reais) da Produção por Tipo de Lavoura Temporária - 2024 para","..\..\Desktop\tabelas-powerBI\1 Pará\Tabela 44 - Área colhida (Hectares), Quantidade Produzida (Toneladas) e Valor (Mil Reais) da Produção por Tipo de Lavoura Temporária - 2024 para.xlsx",RIS,148884,21820.0
Tapajós,1 Pará,44,"Área colhida (Hectares), Quantidade Produzida (Toneladas) e Valor (Mil Reais) da Produção por Tipo de Lavoura Temporária - 2024 para",20,"Tabela 44 - Área colhida (Hectares), Quantidade Produzida (Toneladas) e Valor (Mil Reais) da Produção por Tipo de Lavoura Temporária - 2024 para","..\..\Desktop\tabelas-powerBI\1 Pará\Tabela 44 - Área colhida (Hectares), Quantidade Produzida (Toneladas) e Valor (Mil Reais) da Produção por Tipo de Lavoura Temporária - 2024 para.xlsx",RIS,148884,10676.0
Tocantins,1 Pará,44,"Área colhida (Hectares), Quantidade Produzida (Toneladas) e Valor (Mil Reais) da Produção por Tipo de Lavoura Temporária - 2024 para",20,"Tabela 44 - Área colhida (Hectares), Quantidade Produzida (Toneladas) e Valor (Mil Reais) da Produção por Tipo de Lavoura Temporária - 2024 para","..\..\Desktop\tabelas-powerBI\1 Pará\Tabela 44 - Área colhida (Hectares), Quantidade Produzida (Toneladas) e Valor (Mil Reais) da Produção por Tipo de Lavoura Temporária - 2024 para.xlsx",RIS,148884,3719.0
Xingu,1 Pará,44,"Área colhida (Hectares), Quantidade Produzida (Toneladas) e Valor (Mil Reais) da Produção por Tipo de Lavoura Temporária - 2024 para",20,"Tabela 44 - Área colhida (Hectares), Quantidade Produzida (Toneladas) e Valor (Mil Reais) da Produção por Tipo de Lavoura Temporária - 2024 para","..\..\Desktop\tabelas-powerBI\1 Pará\Tabela 44 - Área colhida (Hectares), Quantidade Produzida (Toneladas) e Valor (Mil Reais) da Produção por Tipo de Lavoura Temporária - 2024 para.xlsx",RIS,148884,17596.0
Fonte: IBGE/PAM,1 Pará,44,"Área colhida (Hectares), Quantidade Produzida (Toneladas) e Valor (Mil Reais) da Produção por Tipo de Lavoura Temporária - 2024 para",20,"Tabela 44 - Área colhida (Hectares), Quantidade Produzida (Toneladas) e Valor (Mil Reais) da Produção por Tipo de Lavoura Temporária - 2024 para","..\..\Desktop\tabelas-powerBI\1 Pará\Tabela 44 - Área colhida (Hectares), Quantidade Produzida (Toneladas) e Valor (Mil Reais) da Produção por Tipo de Lavoura Temporária - 2024 para.xlsx",RIS,148884,
Elaboração: FAPESPA,1 Pará,44,"Área colhida (Hectares), Quantidade Produzida (Toneladas) e Valor (Mil Reais) da Produção por Tipo de Lavoura Temporária - 2024 para",20,"Tabela 44 - Área colhida (Hectares), Quantidade Produzida (Toneladas) e Valor (Mil Reais) da Produção por Tipo de Lavoura Temporária - 2024 para","..\..\Desktop\tabelas-powerBI\1 Pará\Tabela 44 - Área colhida (Hectares), Quantidade Produzida (Toneladas) e Valor (Mil Reais) da Produção por Tipo de Lavoura Temporária - 2024 para.xlsx",RIS,148884,
Nota: A quantidade produzida de abacaxi é expressa em mil frutos,1 Pará,44,"Área colhida (Hectares), Quantidade Produzida (Toneladas) e Valor (Mil Reais) da Produção por Tipo de Lavoura Temporária - 2024 para",20,"Tabela 44 - Área colhida (Hectares), Quantidade Produzida (Toneladas) e Valor (Mil Reais) da Produção por Tipo de Lavoura Temporária - 2024 para","..\..\Desktop\tabelas-powerBI\1 Pará\Tabela 44 - Área colhida (Hectares), Quantidade Produzida (Toneladas) e Valor (Mil Reais) da Produção por Tipo de Lavoura Temporária - 2024 para.xlsx",RIS,148884,
Araguaia,1 Pará,44,"Área colhida (Hectares), Quantidade Produzida (Toneladas) e Valor (Mil Reais) da Produção por Tipo de Lavoura Temporária - 2024 para",20,"Tabela 44 - Área colhida (Hectares), Quantidade Produzida (Toneladas) e Valor (Mil Reais) da Produção por Tipo de Lavoura Temporária - 2024 para","..\..\Desktop\tabelas-powerBI\1 Pará\Tabela 44 - Área colhida (Hectares), Quantidade Produzida (Toneladas) e Valor (Mil Reais) da Produção por Tipo de Lavoura Temporária - 2024 para.xlsx",RIS,233792,9176.0
Baixo Amazonas,1 Pará,44,"Área colhida (Hectares), Quantidade Produzida (Toneladas) e Valor (Mil Reais) da Produção por Tipo de Lavoura Temporária - 2024 para",20,"Tabela 44 - Área colhida (Hectares), Quantidade Produzida (Toneladas) e Valor (Mil Reais) da Produção por Tipo de Lavoura Temporária - 2024 para","..\..\Desktop\tabelas-powerBI\1 Pará\Tabela 44 - Área colhida (Hectares), Quantidade Produzida (Toneladas) e Valor (Mil Reais) da Produção por Tipo de Lavoura Temporária - 2024 para.xlsx",RIS,233792,13416.0
Carajás,1 Pará,44,"Área colhida (Hectares), Quantidade Produzida (Toneladas) e Valor (Mil Reais) da Produção por Tipo de Lavoura Temporária - 2024 para",20,"Tabela 44 - Área colhida (Hectares), Quantidade Produzida (Toneladas) e Valor (Mil Reais) da Produção por Tipo de Lavoura Temporária - 2024 para","..\..\Desktop\tabelas-powerBI\1 Pará\Tabela 44 - Área colhida (Hectares), Quantidade Produzida (Toneladas) e Valor (Mil Reais) da Produção por Tipo de Lavoura Temporária - 2024 para.xlsx",RIS,233792,541.0
Guajará,1 Pará,44,"Área colhida (Hectares), Quantidade Produzida (Toneladas) e Valor (Mil Reais) da Produção por Tipo de Lavoura Temporária - 2024 para",20,"Tabela 44 - Área colhida (Hectares), Quantidade Produzida (Toneladas) e Valor (Mil Reais) da Produção por Tipo de Lavoura Temporária - 2024 para","..\..\Desktop\tabelas-powerBI\1 Pará\Tabela 44 - Área colhida (Hectares), Quantidade Produzida (Toneladas) e Valor (Mil Reais) da Produção por Tipo de Lavoura Temporária - 2024 para.xlsx",RIS,233792,42.0
Guamá,1 Pará,44,"Área colhida (Hectares), Quantidade Produzida (Toneladas) e Valor (Mil Reais) da Produção por Tipo de Lavoura Temporária - 2024 para",20,"Tabela 44 - Área colhida (Hectares), Quantidade Produzida (Toneladas) e Valor (Mil Reais) da Produção por Tipo de Lavoura Temporária - 2024 para","..\..\Desktop\tabelas-powerBI\1 Pará\Tabela 44 - Área colhida (Hectares), Quantidade Produzida (Toneladas) e Valor (Mil Reais) da Produção por Tipo de Lavoura Temporária - 2024 para.xlsx",RIS,233792,317.0
Lago de Tucuruí,1 Pará,44,"Área colhida (Hectares), Quantidade Produzida (Toneladas) e Valor (Mil Reais) da Produção por Tipo de Lavoura Temporária - 2024 para",20,"Tabela 44 - Área colhida (Hectares), Quantidade Produzida (Toneladas) e Valor (Mil Reais) da Produção por Tipo de Lavoura Temporária - 2024 para","..\..\Desktop\tabelas-powerBI\1 Pará\Tabela 44 - Área colhida (Hectares), Quantidade Produzida (Toneladas) e Valor (Mil Reais) da Produção por Tipo de Lavoura Temporária - 2024 para.xlsx",RIS,233792,2136.0
Marajó,1 Pará,44,"Área colhida (Hectares), Quantidade Produzida (Toneladas) e Valor (Mil Reais) da Produção por Tipo de Lavoura Temporária - 2024 para",20,"Tabela 44 - Área colhida (Hectares), Quantidade Produzida (Toneladas) e Valor (Mil Reais) da Produção por Tipo de Lavoura Temporária - 2024 para","..\..\Desktop\tabelas-powerBI\1 Pará\Tabela 44 - Área colhida (Hectares), Quantidade Produzida (Toneladas) e Valor (Mil Reais) da Produção por Tipo de Lavoura Temporária - 2024 para.xlsx",RIS,233792,100561.0
Rio Caeté,1 Pará,44,"Área colhida (Hectares), Quantidade Produzida (Toneladas) e Valor (Mil Reais) da Produção por Tipo de Lavoura Temporária - 2024 para",20,"Tabela 44 - Área colhida (Hectares), Quantidade Produzida (Toneladas) e Valor (Mil Reais) da Produção por Tipo de Lavoura Temporária - 2024 para","..\..\Desktop\tabelas-powerBI\1 Pará\Tabela 44 - Área colhida (Hectares), Quantidade Produzida (Toneladas) e Valor (Mil Reais) da Produção por Tipo de Lavoura Temporária - 2024 para.xlsx",RIS,233792,11692.0
Rio Capim,1 Pará,44,"Área colhida (Hectares), Quantidade Produzida (Toneladas) e Valor (Mil Reais) da Produção por Tipo de Lavoura Temporária - 2024 para",20,"Tabela 44 - Área colhida (Hectares), Quantidade Produzida (Toneladas) e Valor (Mil Reais) da Produção por Tipo de Lavoura Temporária - 2024 para","..\..\Desktop\tabelas-powerBI\1 Pará\Tabela 44 - Área colhida (Hectares), Quantidade Produzida (Toneladas) e Valor (Mil Reais) da Produção por Tipo de Lavoura Temporária - 2024 para.xlsx",RIS,233792,36619.0
Tapajós,1 Pará,44,"Área colhida (Hectares), Quantidade Produzida (Toneladas) e Valor (Mil Reais) da Produção por Tipo de Lavoura Temporária - 2024 para",20,"Tabela 44 - Área colhida (Hectares), Quantidade Produzida (Toneladas) e Valor (Mil Reais) da Produção por Tipo de Lavoura Temporária - 2024 para","..\..\Desktop\tabelas-powerBI\1 Pará\Tabela 44 - Área colhida (Hectares), Quantidade Produzida (Toneladas) e Valor (Mil Reais) da Produção por Tipo de Lavoura Temporária - 2024 para.xlsx",RIS,233792,24226.0
Tocantins,1 Pará,44,"Área colhida (Hectares), Quantidade Produzida (Toneladas) e Valor (Mil Reais) da Produção por Tipo de Lavoura Temporária - 2024 para",20,"Tabela 44 - Área colhida (Hectares), Quantidade Produzida (Toneladas) e Valor (Mil Reais) da Produção por Tipo de Lavoura Temporária - 2024 para","..\..\Desktop\tabelas-powerBI\1 Pará\Tabela 44 - Área colhida (Hectares), Quantidade Produzida (Toneladas) e Valor (Mil Reais) da Produção por Tipo de Lavoura Temporária - 2024 para.xlsx",RIS,233792,5551.0
Xingu,1 Pará,44,"Área colhida (Hectares), Quantidade Produzida (Toneladas) e Valor (Mil Reais) da Produção por Tipo de Lavoura Temporária - 2024 para",20,"Tabela 44 - Área colhida (Hectares), Quantidade Produzida (Toneladas) e Valor (Mil Reais) da Produção por Tipo de Lavoura Temporária - 2024 para","..\..\Desktop\tabelas-powerBI\1 Pará\Tabela 44 - Área colhida (Hectares), Quantidade Produzida (Toneladas) e Valor (Mil Reais) da Produção por Tipo de Lavoura Temporária - 2024 para.xlsx",RIS,233792,29519.0
Fonte: IBGE/PAM,1 Pará,44,"Área colhida (Hectares), Quantidade Produzida (Toneladas) e Valor (Mil Reais) da Produção por Tipo de Lavoura Temporária - 2024 para",20,"Tabela 44 - Área colhida (Hectares), Quantidade Produzida (Toneladas) e Valor (Mil Reais) da Produção por Tipo de Lavoura Temporária - 2024 para","..\..\Desktop\tabelas-powerBI\1 Pará\Tabela 44 - Área colhida (Hectares), Quantidade Produzida (Toneladas) e Valor (Mil Reais) da Produção por Tipo de Lavoura Temporária - 2024 para.xlsx",RIS,233792,
Elaboração: FAPESPA,1 Pará,44,"Área colhida (Hectares), Quantidade Produzida (Toneladas) e Valor (Mil Reais) da Produção por Tipo de Lavoura Temporária - 2024 para",20,"Tabela 44 - Área colhida (Hectares), Quantidade Produzida (Toneladas) e Valor (Mil Reais) da Produção por Tipo de Lavoura Temporária - 2024 para","..\..\Desktop\tabelas-powerBI\1 Pará\Tabela 44 - Área colhida (Hectares), Quantidade Produzida (Toneladas) e Valor (Mil Reais) da Produção por Tipo de Lavoura Temporária - 2024 para.xlsx",RIS,233792,
Nota: A quantidade produzida de abacaxi é expressa em mil frutos,1 Pará,44,"Área colhida (Hectares), Quantidade Produzida (Toneladas) e Valor (Mil Reais) da Produção por Tipo de Lavoura Temporária - 2024 para",20,"Tabela 44 - Área colhida (Hectares), Quantidade Produzida (Toneladas) e Valor (Mil Reais) da Produção por Tipo de Lavoura Temporária - 2024 para","..\..\Desktop\tabelas-powerBI\1 Pará\Tabela 44 - Área colhida (Hectares), Quantidade Produzida (Toneladas) e Valor (Mil Reais) da Produção por Tipo de Lavoura Temporária - 2024 para.xlsx",RIS,233792,
Araguaia,1 Pará,44,"Área colhida (Hectares), Quantidade Produzida (Toneladas) e Valor (Mil Reais) da Produção por Tipo de Lavoura Temporária - 2024 para",20,"Tabela 44 - Área colhida (Hectares), Quantidade Produzida (Toneladas) e Valor (Mil Reais) da Produção por Tipo de Lavoura Temporária - 2024 para","..\..\Desktop\tabelas-powerBI\1 Pará\Tabela 44 - Área colhida (Hectares), Quantidade Produzida (Toneladas) e Valor (Mil Reais) da Produção por Tipo de Lavoura Temporária - 2024 para.xlsx",RIS,17516,15.0
Baixo Amazonas,1 Pará,44,"Área colhida (Hectares), Quantidade Produzida (Toneladas) e Valor (Mil Reais) da Produção por Tipo de Lavoura Temporária - 2024 para",20,"Tabela 44 - Área colhida (Hectares), Quantidade Produzida (Toneladas) e Valor (Mil Reais) da Produção por Tipo de Lavoura Temporária - 2024 para","..\..\Desktop\tabelas-powerBI\1 Pará\Tabela 44 - Área colhida (Hectares), Quantidade Produzida (Toneladas) e Valor (Mil Reais) da Produção por Tipo de Lavoura Temporária - 2024 para.xlsx",RIS,17516,94.0
Carajás,1 Pará,44,"Área colhida (Hectares), Quantidade Produzida (Toneladas) e Valor (Mil Reais) da Produção por Tipo de Lavoura Temporária - 2024 para",20,"Tabela 44 - Área colhida (Hectares), Quantidade Produzida (Toneladas) e Valor (Mil Reais) da Produção por Tipo de Lavoura Temporária - 2024 para","..\..\Desktop\tabelas-powerBI\1 Pará\Tabela 44 - Área colhida (Hectares), Quantidade Produzida (Toneladas) e Valor (Mil Reais) da Produção por Tipo de Lavoura Temporária - 2024 para.xlsx",RIS,17516,0.0
Guajará,1 Pará,44,"Área colhida (Hectares), Quantidade Produzida (Toneladas) e Valor (Mil Reais) da Produção por Tipo de Lavoura Temporária - 2024 para",20,"Tabela 44 - Área colhida (Hectares), Quantidade Produzida (Toneladas) e Valor (Mil Reais) da Produção por Tipo de Lavoura Temporária - 2024 para","..\..\Desktop\tabelas-powerBI\1 Pará\Tabela 44 - Área colhida (Hectares), Quantidade Produzida (Toneladas) e Valor (Mil Reais) da Produção por Tipo de Lavoura Temporária - 2024 para.xlsx",RIS,17516,0.0
Guamá,1 Pará,44,"Área colhida (Hectares), Quantidade Produzida (Toneladas) e Valor (Mil Reais) da Produção por Tipo de Lavoura Temporária - 2024 para",20,"Tabela 44 - Área colhida (Hectares), Quantidade Produzida (Toneladas) e Valor (Mil Reais) da Produção por Tipo de Lavoura Temporária - 2024 para","..\..\Desktop\tabelas-powerBI\1 Pará\Tabela 44 - Área colhida (Hectares), Quantidade Produzida (Toneladas) e Valor (Mil Reais) da Produção por Tipo de Lavoura Temporária - 2024 para.xlsx",RIS,17516,125.0
Lago de Tucuruí,1 Pará,44,"Área colhida (Hectares), Quantidade Produzida (Toneladas) e Valor (Mil Reais) da Produção por Tipo de Lavoura Temporária - 2024 para",20,"Tabela 44 - Área colhida (Hectares), Quantidade Produzida (Toneladas) e Valor (Mil Reais) da Produção por Tipo de Lavoura Temporária - 2024 para","..\..\Desktop\tabelas-powerBI\1 Pará\Tabela 44 - Área colhida (Hectares), Quantidade Produzida (Toneladas) e Valor (Mil Reais) da Produção por Tipo de Lavoura Temporária - 2024 para.xlsx",RIS,17516,0.0
Marajó,1 Pará,44,"Área colhida (Hectares), Quantidade Produzida (Toneladas) e Valor (Mil Reais) da Produção por Tipo de Lavoura Temporária - 2024 para",20,"Tabela 44 - Área colhida (Hectares), Quantidade Produzida (Toneladas) e Valor (Mil Reais) da Produção por Tipo de Lavoura Temporária - 2024 para","..\..\Desktop\tabelas-powerBI\1 Pará\Tabela 44 - Área colhida (Hectares), Quantidade Produzida (Toneladas) e Valor (Mil Reais) da Produção por Tipo de Lavoura Temporária - 2024 para.xlsx",RIS,17516,8.0
Rio Caeté,1 Pará,44,"Área colhida (Hectares), Quantidade Produzida (Toneladas) e Valor (Mil Reais) da Produção por Tipo de Lavoura Temporária - 2024 para",20,"Tabela 44 - Área colhida (Hectares), Quantidade Produzida (Toneladas) e Valor (Mil Reais) da Produção por Tipo de Lavoura Temporária - 2024 para","..\..\Desktop\tabelas-powerBI\1 Pará\Tabela 44 - Área colhida (Hectares), Quantidade Produzida (Toneladas) e Valor (Mil Reais) da Produção por Tipo de Lavoura Temporária - 2024 para.xlsx",RIS,17516,0.0
Rio Capim,1 Pará,44,"Área colhida (Hectares), Quantidade Produzida (Toneladas) e Valor (Mil Reais) da Produção por Tipo de Lavoura Temporária - 2024 para",20,"Tabela 44 - Área colhida (Hectares), Quantidade Produzida (Toneladas) e Valor (Mil Reais) da Produção por Tipo de Lavoura Temporária - 2024 para","..\..\Desktop\tabelas-powerBI\1 Pará\Tabela 44 - Área colhida (Hectares), Quantidade Produzida (Toneladas) e Valor (Mil Reais) da Produção por Tipo de Lavoura Temporária - 2024 para.xlsx",RIS,17516,17011.0
Tapajós,1 Pará,44,"Área colhida (Hectares), Quantidade Produzida (Toneladas) e Valor (Mil Reais) da Produção por Tipo de Lavoura Temporária - 2024 para",20,"Tabela 44 - Área colhida (Hectares), Quantidade Produzida (Toneladas) e Valor (Mil Reais) da Produção por Tipo de Lavoura Temporária - 2024 para","..\..\Desktop\tabelas-powerBI\1 Pará\Tabela 44 - Área colhida (Hectares), Quantidade Produzida (Toneladas) e Valor (Mil Reais) da Produção por Tipo de Lavoura Temporária - 2024 para.xlsx",RIS,17516,77.0
Tocantins,1 Pará,44,"Área colhida (Hectares), Quantidade Produzida (Toneladas) e Valor (Mil Reais) da Produção por Tipo de Lavoura Temporária - 2024 para",20,"Tabela 44 - Área colhida (Hectares), Quantidade Produzida (Toneladas) e Valor (Mil Reais) da Produção por Tipo de Lavoura Temporária - 2024 para","..\..\Desktop\tabelas-powerBI\1 Pará\Tabela 44 - Área colhida (Hectares), Quantidade Produzida (Toneladas) e Valor (Mil Reais) da Produção por Tipo de Lavoura Temporária - 2024 para.xlsx",RIS,17516,115.0
Xingu,1 Pará,44,"Área colhida (Hectares), Quantidade Produzida (Toneladas) e Valor (Mil Reais) da Produção por Tipo de Lavoura Temporária - 2024 para",20,"Tabela 44 - Área colhida (Hectares), Quantidade Produzida (Toneladas) e Valor (Mil Reais) da Produção por Tipo de Lavoura Temporária - 2024 para","..\..\Desktop\tabelas-powerBI\1 Pará\Tabela 44 - Área colhida (Hectares), Quantidade Produzida (Toneladas) e Valor (Mil Reais) da Produção por Tipo de Lavoura Temporária - 2024 para.xlsx",RIS,17516,71.0
Fonte: IBGE/PAM,1 Pará,44,"Área colhida (Hectares), Quantidade Produzida (Toneladas) e Valor (Mil Reais) da Produção por Tipo de Lavoura Temporária - 2024 para",20,"Tabela 44 - Área colhida (Hectares), Quantidade Produzida (Toneladas) e Valor (Mil Reais) da Produção por Tipo de Lavoura Temporária - 2024 para","..\..\Desktop\tabelas-powerBI\1 Pará\Tabela 44 - Área colhida (Hectares), Quantidade Produzida (Toneladas) e Valor (Mil Reais) da Produção por Tipo de Lavoura Temporária - 2024 para.xlsx",RIS,17516,
Elaboração: FAPESPA,1 Pará,44,"Área colhida (Hectares), Quantidade Produzida (Toneladas) e Valor (Mil Reais) da Produção por Tipo de Lavoura Temporária - 2024 para",20,"Tabela 44 - Área colhida (Hectares), Quantidade Produzida (Toneladas) e Valor (Mil Reais) da Produção por Tipo de Lavoura Temporária - 2024 para","..\..\Desktop\tabelas-powerBI\1 Pará\Tabela 44 - Área colhida (Hectares), Quantidade Produzida (Toneladas) e Valor (Mil Reais) da Produção por Tipo de Lavoura Temporária - 2024 para.xlsx",RIS,17516,
Nota: A quantidade produzida de abacaxi é expressa em mil frutos,1 Pará,44,"Área colhida (Hectares), Quantidade Produzida (Toneladas) e Valor (Mil Reais) da Produção por Tipo de Lavoura Temporária - 2024 para",20,"Tabela 44 - Área colhida (Hectares), Quantidade Produzida (Toneladas) e Valor (Mil Reais) da Produção por Tipo de Lavoura Temporária - 2024 para","..\..\Desktop\tabelas-powerBI\1 Pará\Tabela 44 - Área colhida (Hectares), Quantidade Produzida (Toneladas) e Valor (Mil Reais) da Produção por Tipo de Lavoura Temporária - 2024 para.xlsx",RIS,17516,
Araguaia,1 Pará,44,"Área colhida (Hectares), Quantidade Produzida (Toneladas) e Valor (Mil Reais) da Produção por Tipo de Lavoura Temporária - 2024 para",20,"Tabela 44 - Área colhida (Hectares), Quantidade Produzida (Toneladas) e Valor (Mil Reais) da Produção por Tipo de Lavoura Temporária - 2024 para","..\..\Desktop\tabelas-powerBI\1 Pará\Tabela 44 - Área colhida (Hectares), Quantidade Produzida (Toneladas) e Valor (Mil Reais) da Produção por Tipo de Lavoura Temporária - 2024 para.xlsx",RIS,1213359,900.0
Baixo Amazonas,1 Pará,44,"Área colhida (Hectares), Quantidade Produzida (Toneladas) e Valor (Mil Reais) da Produção por Tipo de Lavoura Temporária - 2024 para",20,"Tabela 44 - Área colhida (Hectares), Quantidade Produzida (Toneladas) e Valor (Mil Reais) da Produção por Tipo de Lavoura Temporária - 2024 para","..\..\Desktop\tabelas-powerBI\1 Pará\Tabela 44 - Área colhida (Hectares), Quantidade Produzida (Toneladas) e Valor (Mil Reais) da Produção por Tipo de Lavoura Temporária - 2024 para.xlsx",RIS,1213359,2479.0
Carajás,1 Pará,44,"Área colhida (Hectares), Quantidade Produzida (Toneladas) e Valor (Mil Reais) da Produção por Tipo de Lavoura Temporária - 2024 para",20,"Tabela 44 - Área colhida (Hectares), Quantidade Produzida (Toneladas) e Valor (Mil Reais) da Produção por Tipo de Lavoura Temporária - 2024 para","..\..\Desktop\tabelas-powerBI\1 Pará\Tabela 44 - Área colhida (Hectares), Quantidade Produzida (Toneladas) e Valor (Mil Reais) da Produção por Tipo de Lavoura Temporária - 2024 para.xlsx",RIS,1213359,0.0
Guajará,1 Pará,44,"Área colhida (Hectares), Quantidade Produzida (Toneladas) e Valor (Mil Reais) da Produção por Tipo de Lavoura Temporária - 2024 para",20,"Tabela 44 - Área colhida (Hectares), Quantidade Produzida (Toneladas) e Valor (Mil Reais) da Produção por Tipo de Lavoura Temporária - 2024 para","..\..\Desktop\tabelas-powerBI\1 Pará\Tabela 44 - Área colhida (Hectares), Quantidade Produzida (Toneladas) e Valor (Mil Reais) da Produção por Tipo de Lavoura Temporária - 2024 para.xlsx",RIS,1213359,0.0
Guamá,1 Pará,44,"Área colhida (Hectares), Quantidade Produzida (Toneladas) e Valor (Mil Reais) da Produção por Tipo de Lavoura Temporária - 2024 para",20,"Tabela 44 - Área colhida (Hectares), Quantidade Produzida (Toneladas) e Valor (Mil Reais) da Produção por Tipo de Lavoura Temporária - 2024 para","..\..\Desktop\tabelas-powerBI\1 Pará\Tabela 44 - Área colhida (Hectares), Quantidade Produzida (Toneladas) e Valor (Mil Reais) da Produção por Tipo de Lavoura Temporária - 2024 para.xlsx",RIS,1213359,7400.0
Lago de Tucuruí,1 Pará,44,"Área colhida (Hectares), Quantidade Produzida (Toneladas) e Valor (Mil Reais) da Produção por Tipo de Lavoura Temporária - 2024 para",20,"Tabela 44 - Área colhida (Hectares), Quantidade Produzida (Toneladas) e Valor (Mil Reais) da Produção por Tipo de Lavoura Temporária - 2024 para","..\..\Desktop\tabelas-powerBI\1 Pará\Tabela 44 - Área colhida (Hectares), Quantidade Produzida (Toneladas) e Valor (Mil Reais) da Produção por Tipo de Lavoura Temporária - 2024 para.xlsx",RIS,1213359,0.0
Marajó,1 Pará,44,"Área colhida (Hectares), Quantidade Produzida (Toneladas) e Valor (Mil Reais) da Produção por Tipo de Lavoura Temporária - 2024 para",20,"Tabela 44 - Área colhida (Hectares), Quantidade Produzida (Toneladas) e Valor (Mil Reais) da Produção por Tipo de Lavoura Temporária - 2024 para","..\..\Desktop\tabelas-powerBI\1 Pará\Tabela 44 - Área colhida (Hectares), Quantidade Produzida (Toneladas) e Valor (Mil Reais) da Produção por Tipo de Lavoura Temporária - 2024 para.xlsx",RIS,1213359,268.0
Rio Caeté,1 Pará,44,"Área colhida (Hectares), Quantidade Produzida (Toneladas) e Valor (Mil Reais) da Produção por Tipo de Lavoura Temporária - 2024 para",20,"Tabela 44 - Área colhida (Hectares), Quantidade Produzida (Toneladas) e Valor (Mil Reais) da Produção por Tipo de Lavoura Temporária - 2024 para","..\..\Desktop\tabelas-powerBI\1 Pará\Tabela 44 - Área colhida (Hectares), Quantidade Produzida (Toneladas) e Valor (Mil Reais) da Produção por Tipo de Lavoura Temporária - 2024 para.xlsx",RIS,1213359,0.0
Rio Capim,1 Pará,44,"Área colhida (Hectares), Quantidade Produzida (Toneladas) e Valor (Mil Reais) da Produção por Tipo de Lavoura Temporária - 2024 para",20,"Tabela 44 - Área colhida (Hectares), Quantidade Produzida (Toneladas) e Valor (Mil Reais) da Produção por Tipo de Lavoura Temporária - 2024 para","..\..\Desktop\tabelas-powerBI\1 Pará\Tabela 44 - Área colhida (Hectares), Quantidade Produzida (Toneladas) e Valor (Mil Reais) da Produção por Tipo de Lavoura Temporária - 2024 para.xlsx",RIS,1213359,1190618.0
Tapajós,1 Pará,44,"Área colhida (Hectares), Quantidade Produzida (Toneladas) e Valor (Mil Reais) da Produção por Tipo de Lavoura Temporária - 2024 para",20,"Tabela 44 - Área colhida (Hectares), Quantidade Produzida (Toneladas) e Valor (Mil Reais) da Produção por Tipo de Lavoura Temporária - 2024 para","..\..\Desktop\tabelas-powerBI\1 Pará\Tabela 44 - Área colhida (Hectares), Quantidade Produzida (Toneladas) e Valor (Mil Reais) da Produção por Tipo de Lavoura Temporária - 2024 para.xlsx",RIS,1213359,1630.0
Tocantins,1 Pará,44,"Área colhida (Hectares), Quantidade Produzida (Toneladas) e Valor (Mil Reais) da Produção por Tipo de Lavoura Temporária - 2024 para",20,"Tabela 44 - Área colhida (Hectares), Quantidade Produzida (Toneladas) e Valor (Mil Reais) da Produção por Tipo de Lavoura Temporária - 2024 para","..\..\Desktop\tabelas-powerBI\1 Pará\Tabela 44 - Área colhida (Hectares), Quantidade Produzida (Toneladas) e Valor (Mil Reais) da Produção por Tipo de Lavoura Temporária - 2024 para.xlsx",RIS,1213359,6552.0
Xingu,1 Pará,44,"Área colhida (Hectares), Quantidade Produzida (Toneladas) e Valor (Mil Reais) da Produção por Tipo de Lavoura Temporária - 2024 para",20,"Tabela 44 - Área colhida (Hectares), Quantidade Produzida (Toneladas) e Valor (Mil Reais) da Produção por Tipo de Lavoura Temporária - 2024 para","..\..\Desktop\tabelas-powerBI\1 Pará\Tabela 44 - Área colhida (Hectares), Quantidade Produzida (Toneladas) e Valor (Mil Reais) da Produção por Tipo de Lavoura Temporária - 2024 para.xlsx",RIS,1213359,3512.0
Fonte: IBGE/PAM,1 Pará,44,"Área colhida (Hectares), Quantidade Produzida (Toneladas) e Valor (Mil Reais) da Produção por Tipo de Lavoura Temporária - 2024 para",20,"Tabela 44 - Área colhida (Hectares), Quantidade Produzida (Toneladas) e Valor (Mil Reais) da Produção por Tipo de Lavoura Temporária - 2024 para","..\..\Desktop\tabelas-powerBI\1 Pará\Tabela 44 - Área colhida (Hectares), Quantidade Produzida (Toneladas) e Valor (Mil Reais) da Produção por Tipo de Lavoura Temporária - 2024 para.xlsx",RIS,1213359,
Elaboração: FAPESPA,1 Pará,44,"Área colhida (Hectares), Quantidade Produzida (Toneladas) e Valor (Mil Reais) da Produção por Tipo de Lavoura Temporária - 2024 para",20,"Tabela 44 - Área colhida (Hectares), Quantidade Produzida (Toneladas) e Valor (Mil Reais) da Produção por Tipo de Lavoura Temporária - 2024 para","..\..\Desktop\tabelas-powerBI\1 Pará\Tabela 44 - Área colhida (Hectares), Quantidade Produzida (Toneladas) e Valor (Mil Reais) da Produção por Tipo de Lavoura Temporária - 2024 para.xlsx",RIS,1213359,
Nota: A quantidade produzida de abacaxi é expressa em mil frutos,1 Pará,44,"Área colhida (Hectares), Quantidade Produzida (Toneladas) e Valor (Mil Reais) da Produção por Tipo de Lavoura Temporária - 2024 para",20,"Tabela 44 - Área colhida (Hectares), Quantidade Produzida (Toneladas) e Valor (Mil Reais) da Produção por Tipo de Lavoura Temporária - 2024 para","..\..\Desktop\tabelas-powerBI\1 Pará\Tabela 44 - Área colhida (Hectares), Quantidade Produzida (Toneladas) e Valor (Mil Reais) da Produção por Tipo de Lavoura Temporária - 2024 para.xlsx",RIS,1213359,
Araguaia,1 Pará,44,"Área colhida (Hectares), Quantidade Produzida (Toneladas) e Valor (Mil Reais) da Produção por Tipo de Lavoura Temporária - 2024 para",20,"Tabela 44 - Área colhida (Hectares), Quantidade Produzida (Toneladas) e Valor (Mil Reais) da Produção por Tipo de Lavoura Temporária - 2024 para","..\..\Desktop\tabelas-powerBI\1 Pará\Tabela 44 - Área colhida (Hectares), Quantidade Produzida (Toneladas) e Valor (Mil Reais) da Produção por Tipo de Lavoura Temporária - 2024 para.xlsx",RIS,152720,270.0
Baixo Amazonas,1 Pará,44,"Área colhida (Hectares), Quantidade Produzida (Toneladas) e Valor (Mil Reais) da Produção por Tipo de Lavoura Temporária - 2024 para",20,"Tabela 44 - Área colhida (Hectares), Quantidade Produzida (Toneladas) e Valor (Mil Reais) da Produção por Tipo de Lavoura Temporária - 2024 para","..\..\Desktop\tabelas-powerBI\1 Pará\Tabela 44 - Área colhida (Hectares), Quantidade Produzida (Toneladas) e Valor (Mil Reais) da Produção por Tipo de Lavoura Temporária - 2024 para.xlsx",RIS,152720,872.0
Carajás,1 Pará,44,"Área colhida (Hectares), Quantidade Produzida (Toneladas) e Valor (Mil Reais) da Produção por Tipo de Lavoura Temporária - 2024 para",20,"Tabela 44 - Área colhida (Hectares), Quantidade Produzida (Toneladas) e Valor (Mil Reais) da Produção por Tipo de Lavoura Temporária - 2024 para","..\..\Desktop\tabelas-powerBI\1 Pará\Tabela 44 - Área colhida (Hectares), Quantidade Produzida (Toneladas) e Valor (Mil Reais) da Produção por Tipo de Lavoura Temporária - 2024 para.xlsx",RIS,152720,0.0
Guajará,1 Pará,44,"Área colhida (Hectares), Quantidade Produzida (Toneladas) e Valor (Mil Reais) da Produção por Tipo de Lavoura Temporária - 2024 para",20,"Tabela 44 - Área colhida (Hectares), Quantidade Produzida (Toneladas) e Valor (Mil Reais) da Produção por Tipo de Lavoura Temporária - 2024 para","..\..\Desktop\tabelas-powerBI\1 Pará\Tabela 44 - Área colhida (Hectares), Quantidade Produzida (Toneladas) e Valor (Mil Reais) da Produção por Tipo de Lavoura Temporária - 2024 para.xlsx",RIS,152720,0.0
Guamá,1 Pará,44,"Área colhida (Hectares), Quantidade Produzida (Toneladas) e Valor (Mil Reais) da Produção por Tipo de Lavoura Temporária - 2024 para",20,"Tabela 44 - Área colhida (Hectares), Quantidade Produzida (Toneladas) e Valor (Mil Reais) da Produção por Tipo de Lavoura Temporária - 2024 para","..\..\Desktop\tabelas-powerBI\1 Pará\Tabela 44 - Área colhida (Hectares), Quantidade Produzida (Toneladas) e Valor (Mil Reais) da Produção por Tipo de Lavoura Temporária - 2024 para.xlsx",RIS,152720,3169.0
Lago de Tucuruí,1 Pará,44,"Área colhida (Hectares), Quantidade Produzida (Toneladas) e Valor (Mil Reais) da Produção por Tipo de Lavoura Temporária - 2024 para",20,"Tabela 44 - Área colhida (Hectares), Quantidade Produzida (Toneladas) e Valor (Mil Reais) da Produção por Tipo de Lavoura Temporária - 2024 para","..\..\Desktop\tabelas-powerBI\1 Pará\Tabela 44 - Área colhida (Hectares), Quantidade Produzida (Toneladas) e Valor (Mil Reais) da Produção por Tipo de Lavoura Temporária - 2024 para.xlsx",RIS,152720,0.0
Marajó,1 Pará,44,"Área colhida (Hectares), Quantidade Produzida (Toneladas) e Valor (Mil Reais) da Produção por Tipo de Lavoura Temporária - 2024 para",20,"Tabela 44 - Área colhida (Hectares), Quantidade Produzida (Toneladas) e Valor (Mil Reais) da Produção por Tipo de Lavoura Temporária - 2024 para","..\..\Desktop\tabelas-powerBI\1 Pará\Tabela 44 - Área colhida (Hectares), Quantidade Produzida (Toneladas) e Valor (Mil Reais) da Produção por Tipo de Lavoura Temporária - 2024 para.xlsx",RIS,152720,74.0
Rio Caeté,1 Pará,44,"Área colhida (Hectares), Quantidade Produzida (Toneladas) e Valor (Mil Reais) da Produção por Tipo de Lavoura Temporária - 2024 para",20,"Tabela 44 - Área colhida (Hectares), Quantidade Produzida (Toneladas) e Valor (Mil Reais) da Produção por Tipo de Lavoura Temporária - 2024 para","..\..\Desktop\tabelas-powerBI\1 Pará\Tabela 44 - Área colhida (Hectares), Quantidade Produzida (Toneladas) e Valor (Mil Reais) da Produção por Tipo de Lavoura Temporária - 2024 para.xlsx",RIS,152720,0.0
Rio Capim,1 Pará,44,"Área colhida (Hectares), Quantidade Produzida (Toneladas) e Valor (Mil Reais) da Produção por Tipo de Lavoura Temporária - 2024 para",20,"Tabela 44 - Área colhida (Hectares), Quantidade Produzida (Toneladas) e Valor (Mil Reais) da Produção por Tipo de Lavoura Temporária - 2024 para","..\..\Desktop\tabelas-powerBI\1 Pará\Tabela 44 - Área colhida (Hectares), Quantidade Produzida (Toneladas) e Valor (Mil Reais) da Produção por Tipo de Lavoura Temporária - 2024 para.xlsx",RIS,152720,143109.0
Tapajós,1 Pará,44,"Área colhida (Hectares), Quantidade Produzida (Toneladas) e Valor (Mil Reais) da Produção por Tipo de Lavoura Temporária - 2024 para",20,"Tabela 44 - Área colhida (Hectares), Quantidade Produzida (Toneladas) e Valor (Mil Reais) da Produção por Tipo de Lavoura Temporária - 2024 para","..\..\Desktop\tabelas-powerBI\1 Pará\Tabela 44 - Área colhida (Hectares), Quantidade Produzida (Toneladas) e Valor (Mil Reais) da Produção por Tipo de Lavoura Temporária - 2024 para.xlsx",RIS,152720,1357.0
Tocantins,1 Pará,44,"Área colhida (Hectares), Quantidade Produzida (Toneladas) e Valor (Mil Reais) da Produção por Tipo de Lavoura Temporária - 2024 para",20,"Tabela 44 - Área colhida (Hectares), Quantidade Produzida (Toneladas) e Valor (Mil Reais) da Produção por Tipo de Lavoura Temporária - 2024 para","..\..\Desktop\tabelas-powerBI\1 Pará\Tabela 44 - Área colhida (Hectares), Quantidade Produzida (Toneladas) e Valor (Mil Reais) da Produção por Tipo de Lavoura Temporária - 2024 para.xlsx",RIS,152720,2949.0
Xingu,1 Pará,44,"Área colhida (Hectares), Quantidade Produzida (Toneladas) e Valor (Mil Reais) da Produção por Tipo de Lavoura Temporária - 2024 para",20,"Tabela 44 - Área colhida (Hectares), Quantidade Produzida (Toneladas) e Valor (Mil Reais) da Produção por Tipo de Lavoura Temporária - 2024 para","..\..\Desktop\tabelas-powerBI\1 Pará\Tabela 44 - Área colhida (Hectares), Quantidade Produzida (Toneladas) e Valor (Mil Reais) da Produção por Tipo de Lavoura Temporária - 2024 para.xlsx",RIS,152720,922.0
Fonte: IBGE/PAM,1 Pará,44,"Área colhida (Hectares), Quantidade Produzida (Toneladas) e Valor (Mil Reais) da Produção por Tipo de Lavoura Temporária - 2024 para",20,"Tabela 44 - Área colhida (Hectares), Quantidade Produzida (Toneladas) e Valor (Mil Reais) da Produção por Tipo de Lavoura Temporária - 2024 para","..\..\Desktop\tabelas-powerBI\1 Pará\Tabela 44 - Área colhida (Hectares), Quantidade Produzida (Toneladas) e Valor (Mil Reais) da Produção por Tipo de Lavoura Temporária - 2024 para.xlsx",RIS,152720,
Elaboração: FAPESPA,1 Pará,44,"Área colhida (Hectares), Quantidade Produzida (Toneladas) e Valor (Mil Reais) da Produção por Tipo de Lavoura Temporária - 2024 para",20,"Tabela 44 - Área colhida (Hectares), Quantidade Produzida (Toneladas) e Valor (Mil Reais) da Produção por Tipo de Lavoura Temporária - 2024 para","..\..\Desktop\tabelas-powerBI\1 Pará\Tabela 44 - Área colhida (Hectares), Quantidade Produzida (Toneladas) e Valor (Mil Reais) da Produção por Tipo de Lavoura Temporária - 2024 para.xlsx",RIS,152720,
Nota: A quantidade produzida de abacaxi é expressa em mil frutos,1 Pará,44,"Área colhida (Hectares), Quantidade Produzida (Toneladas) e Valor (Mil Reais) da Produção por Tipo de Lavoura Temporária - 2024 para",20,"Tabela 44 - Área colhida (Hectares), Quantidade Produzida (Toneladas) e Valor (Mil Reais) da Produção por Tipo de Lavoura Temporária - 2024 para","..\..\Desktop\tabelas-powerBI\1 Pará\Tabela 44 - Área colhida (Hectares), Quantidade Produzida (Toneladas) e Valor (Mil Reais) da Produção por Tipo de Lavoura Temporária - 2024 para.xlsx",RIS,152720,
Araguaia,1 Pará,44,"Área colhida (Hectares), Quantidade Produzida (Toneladas) e Valor (Mil Reais) da Produção por Tipo de Lavoura Temporária - 2024 para",20,"Tabela 44 - Área colhida (Hectares), Quantidade Produzida (Toneladas) e Valor (Mil Reais) da Produção por Tipo de Lavoura Temporária - 2024 para","..\..\Desktop\tabelas-powerBI\1 Pará\Tabela 44 - Área colhida (Hectares), Quantidade Produzida (Toneladas) e Valor (Mil Reais) da Produção por Tipo de Lavoura Temporária - 2024 para.xlsx",RIS,21320,387.0
Baixo Amazonas,1 Pará,44,"Área colhida (Hectares), Quantidade Produzida (Toneladas) e Valor (Mil Reais) da Produção por Tipo de Lavoura Temporária - 2024 para",20,"Tabela 44 - Área colhida (Hectares), Quantidade Produzida (Toneladas) e Valor (Mil Reais) da Produção por Tipo de Lavoura Temporária - 2024 para","..\..\Desktop\tabelas-powerBI\1 Pará\Tabela 44 - Área colhida (Hectares), Quantidade Produzida (Toneladas) e Valor (Mil Reais) da Produção por Tipo de Lavoura Temporária - 2024 para.xlsx",RIS,21320,2721.0
Carajás,1 Pará,44,"Área colhida (Hectares), Quantidade Produzida (Toneladas) e Valor (Mil Reais) da Produção por Tipo de Lavoura Temporária - 2024 para",20,"Tabela 44 - Área colhida (Hectares), Quantidade Produzida (Toneladas) e Valor (Mil Reais) da Produção por Tipo de Lavoura Temporária - 2024 para","..\..\Desktop\tabelas-powerBI\1 Pará\Tabela 44 - Área colhida (Hectares), Quantidade Produzida (Toneladas) e Valor (Mil Reais) da Produção por Tipo de Lavoura Temporária - 2024 para.xlsx",RIS,21320,1068.0
Guajará,1 Pará,44,"Área colhida (Hectares), Quantidade Produzida (Toneladas) e Valor (Mil Reais) da Produção por Tipo de Lavoura Temporária - 2024 para",20,"Tabela 44 - Área colhida (Hectares), Quantidade Produzida (Toneladas) e Valor (Mil Reais) da Produção por Tipo de Lavoura Temporária - 2024 para","..\..\Desktop\tabelas-powerBI\1 Pará\Tabela 44 - Área colhida (Hectares), Quantidade Produzida (Toneladas) e Valor (Mil Reais) da Produção por Tipo de Lavoura Temporária - 2024 para.xlsx",RIS,21320,0.0
Guamá,1 Pará,44,"Área colhida (Hectares), Quantidade Produzida (Toneladas) e Valor (Mil Reais) da Produção por Tipo de Lavoura Temporária - 2024 para",20,"Tabela 44 - Área colhida (Hectares), Quantidade Produzida (Toneladas) e Valor (Mil Reais) da Produção por Tipo de Lavoura Temporária - 2024 para","..\..\Desktop\tabelas-powerBI\1 Pará\Tabela 44 - Área colhida (Hectares), Quantidade Produzida (Toneladas) e Valor (Mil Reais) da Produção por Tipo de Lavoura Temporária - 2024 para.xlsx",RIS,21320,1752.0
Lago de Tucuruí,1 Pará,44,"Área colhida (Hectares), Quantidade Produzida (Toneladas) e Valor (Mil Reais) da Produção por Tipo de Lavoura Temporária - 2024 para",20,"Tabela 44 - Área colhida (Hectares), Quantidade Produzida (Toneladas) e Valor (Mil Reais) da Produção por Tipo de Lavoura Temporária - 2024 para","..\..\Desktop\tabelas-powerBI\1 Pará\Tabela 44 - Área colhida (Hectares), Quantidade Produzida (Toneladas) e Valor (Mil Reais) da Produção por Tipo de Lavoura Temporária - 2024 para.xlsx",RIS,21320,92.0
Marajó,1 Pará,44,"Área colhida (Hectares), Quantidade Produzida (Toneladas) e Valor (Mil Reais) da Produção por Tipo de Lavoura Temporária - 2024 para",20,"Tabela 44 - Área colhida (Hectares), Quantidade Produzida (Toneladas) e Valor (Mil Reais) da Produção por Tipo de Lavoura Temporária - 2024 para","..\..\Desktop\tabelas-powerBI\1 Pará\Tabela 44 - Área colhida (Hectares), Quantidade Produzida (Toneladas) e Valor (Mil Reais) da Produção por Tipo de Lavoura Temporária - 2024 para.xlsx",RIS,21320,20.0
Rio Caeté,1 Pará,44,"Área colhida (Hectares), Quantidade Produzida (Toneladas) e Valor (Mil Reais) da Produção por Tipo de Lavoura Temporária - 2024 para",20,"Tabela 44 - Área colhida (Hectares), Quantidade Produzida (Toneladas) e Valor (Mil Reais) da Produção por Tipo de Lavoura Temporária - 2024 para","..\..\Desktop\tabelas-powerBI\1 Pará\Tabela 44 - Área colhida (Hectares), Quantidade Produzida (Toneladas) e Valor (Mil Reais) da Produção por Tipo de Lavoura Temporária - 2024 para.xlsx",RIS,21320,5130.0
Rio Capim,1 Pará,44,"Área colhida (Hectares), Quantidade Produzida (Toneladas) e Valor (Mil Reais) da Produção por Tipo de Lavoura Temporária - 2024 para",20,"Tabela 44 - Área colhida (Hectares), Quantidade Produzida (Toneladas) e Valor (Mil Reais) da Produção por Tipo de Lavoura Temporária - 2024 para","..\..\Desktop\tabelas-powerBI\1 Pará\Tabela 44 - Área colhida (Hectares), Quantidade Produzida (Toneladas) e Valor (Mil Reais) da Produção por Tipo de Lavoura Temporária - 2024 para.xlsx",RIS,21320,5007.0
Tapajós,1 Pará,44,"Área colhida (Hectares), Quantidade Produzida (Toneladas) e Valor (Mil Reais) da Produção por Tipo de Lavoura Temporária - 2024 para",20,"Tabela 44 - Área colhida (Hectares), Quantidade Produzida (Toneladas) e Valor (Mil Reais) da Produção por Tipo de Lavoura Temporária - 2024 para","..\..\Desktop\tabelas-powerBI\1 Pará\Tabela 44 - Área colhida (Hectares), Quantidade Produzida (Toneladas) e Valor (Mil Reais) da Produção por Tipo de Lavoura Temporária - 2024 para.xlsx",RIS,21320,2712.0
Tocantins,1 Pará,44,"Área colhida (Hectares), Quantidade Produzida (Toneladas) e Valor (Mil Reais) da Produção por Tipo de Lavoura Temporária - 2024 para",20,"Tabela 44 - Área colhida (Hectares), Quantidade Produzida (Toneladas) e Valor (Mil Reais) da Produção por Tipo de Lavoura Temporária - 2024 para","..\..\Desktop\tabelas-powerBI\1 Pará\Tabela 44 - Área colhida (Hectares), Quantidade Produzida (Toneladas) e Valor (Mil Reais) da Produção por Tipo de Lavoura Temporária - 2024 para.xlsx",RIS,21320,628.0
Xingu,1 Pará,44,"Área colhida (Hectares), Quantidade Produzida (Toneladas) e Valor (Mil Reais) da Produção por Tipo de Lavoura Temporária - 2024 para",20,"Tabela 44 - Área colhida (Hectares), Quantidade Produzida (Toneladas) e Valor (Mil Reais) da Produção por Tipo de Lavoura Temporária - 2024 para","..\..\Desktop\tabelas-powerBI\1 Pará\Tabela 44 - Área colhida (Hectares), Quantidade Produzida (Toneladas) e Valor (Mil Reais) da Produção por Tipo de Lavoura Temporária - 2024 para.xlsx",RIS,21320,1803.0
Fonte: IBGE/PAM,1 Pará,44,"Área colhida (Hectares), Quantidade Produzida (Toneladas) e Valor (Mil Reais) da Produção por Tipo de Lavoura Temporária - 2024 para",20,"Tabela 44 - Área colhida (Hectares), Quantidade Produzida (Toneladas) e Valor (Mil Reais) da Produção por Tipo de Lavoura Temporária - 2024 para","..\..\Desktop\tabelas-powerBI\1 Pará\Tabela 44 - Área colhida (Hectares), Quantidade Produzida (Toneladas) e Valor (Mil Reais) da Produção por Tipo de Lavoura Temporária - 2024 para.xlsx",RIS,21320,
Elaboração: FAPESPA,1 Pará,44,"Área colhida (Hectares), Quantidade Produzida (Toneladas) e Valor (Mil Reais) da Produção por Tipo de Lavoura Temporária - 2024 para",20,"Tabela 44 - Área colhida (Hectares), Quantidade Produzida (Toneladas) e Valor (Mil Reais) da Produção por Tipo de Lavoura Temporária - 2024 para","..\..\Desktop\tabelas-powerBI\1 Pará\Tabela 44 - Área colhida (Hectares), Quantidade Produzida (Toneladas) e Valor (Mil Reais) da Produção por Tipo de Lavoura Temporária - 2024 para.xlsx",RIS,21320,
Nota: A quantidade produzida de abacaxi é expressa em mil frutos,1 Pará,44,"Área colhida (Hectares), Quantidade Produzida (Toneladas) e Valor (Mil Reais) da Produção por Tipo de Lavoura Temporária - 2024 para",20,"Tabela 44 - Área colhida (Hectares), Quantidade Produzida (Toneladas) e Valor (Mil Reais) da Produção por Tipo de Lavoura Temporária - 2024 para","..\..\Desktop\tabelas-powerBI\1 Pará\Tabela 44 - Área colhida (Hectares), Quantidade Produzida (Toneladas) e Valor (Mil Reais) da Produção por Tipo de Lavoura Temporária - 2024 para.xlsx",RIS,21320,
Araguaia,1 Pará,44,"Área colhida (Hectares), Quantidade Produzida (Toneladas) e Valor (Mil Reais) da Produção por Tipo de Lavoura Temporária - 2024 para",20,"Tabela 44 - Área colhida (Hectares), Quantidade Produzida (Toneladas) e Valor (Mil Reais) da Produção por Tipo de Lavoura Temporária - 2024 para","..\..\Desktop\tabelas-powerBI\1 Pará\Tabela 44 - Área colhida (Hectares), Quantidade Produzida (Toneladas) e Valor (Mil Reais) da Produção por Tipo de Lavoura Temporária - 2024 para.xlsx",RIS,15601,200.0
Baixo Amazonas,1 Pará,44,"Área colhida (Hectares), Quantidade Produzida (Toneladas) e Valor (Mil Reais) da Produção por Tipo de Lavoura Temporária - 2024 para",20,"Tabela 44 - Área colhida (Hectares), Quantidade Produzida (Toneladas) e Valor (Mil Reais) da Produção por Tipo de Lavoura Temporária - 2024 para","..\..\Desktop\tabelas-powerBI\1 Pará\Tabela 44 - Área colhida (Hectares), Quantidade Produzida (Toneladas) e Valor (Mil Reais) da Produção por Tipo de Lavoura Temporária - 2024 para.xlsx",RIS,15601,1652.0
Carajás,1 Pará,44,"Área colhida (Hectares), Quantidade Produzida (Toneladas) e Valor (Mil Reais) da Produção por Tipo de Lavoura Temporária - 2024 para",20,"Tabela 44 - Área colhida (Hectares), Quantidade Produzida (Toneladas) e Valor (Mil Reais) da Produção por Tipo de Lavoura Temporária - 2024 para","..\..\Desktop\tabelas-powerBI\1 Pará\Tabela 44 - Área colhida (Hectares), Quantidade Produzida (Toneladas) e Valor (Mil Reais) da Produção por Tipo de Lavoura Temporária - 2024 para.xlsx",RIS,15601,665.0
Guajará,1 Pará,44,"Área colhida (Hectares), Quantidade Produzida (Toneladas) e Valor (Mil Reais) da Produção por Tipo de Lavoura Temporária - 2024 para",20,"Tabela 44 - Área colhida (Hectares), Quantidade Produzida (Toneladas) e Valor (Mil Reais) da Produção por Tipo de Lavoura Temporária - 2024 para","..\..\Desktop\tabelas-powerBI\1 Pará\Tabela 44 - Área colhida (Hectares), Quantidade Produzida (Toneladas) e Valor (Mil Reais) da Produção por Tipo de Lavoura Temporária - 2024 para.xlsx",RIS,15601,0.0
Guamá,1 Pará,44,"Área colhida (Hectares), Quantidade Produzida (Toneladas) e Valor (Mil Reais) da Produção por Tipo de Lavoura Temporária - 2024 para",20,"Tabela 44 - Área colhida (Hectares), Quantidade Produzida (Toneladas) e Valor (Mil Reais) da Produção por Tipo de Lavoura Temporária - 2024 para","..\..\Desktop\tabelas-powerBI\1 Pará\Tabela 44 - Área colhida (Hectares), Quantidade Produzida (Toneladas) e Valor (Mil Reais) da Produção por Tipo de Lavoura Temporária - 2024 para.xlsx",RIS,15601,1320.0
Lago de Tucuruí,1 Pará,44,"Área colhida (Hectares), Quantidade Produzida (Toneladas) e Valor (Mil Reais) da Produção por Tipo de Lavoura Temporária - 2024 para",20,"Tabela 44 - Área colhida (Hectares), Quantidade Produzida (Toneladas) e Valor (Mil Reais) da Produção por Tipo de Lavoura Temporária - 2024 para","..\..\Desktop\tabelas-powerBI\1 Pará\Tabela 44 - Área colhida (Hectares), Quantidade Produzida (Toneladas) e Valor (Mil Reais) da Produção por Tipo de Lavoura Temporária - 2024 para.xlsx",RIS,15601,64.0
Marajó,1 Pará,44,"Área colhida (Hectares), Quantidade Produzida (Toneladas) e Valor (Mil Reais) da Produção por Tipo de Lavoura Temporária - 2024 para",20,"Tabela 44 - Área colhida (Hectares), Quantidade Produzida (Toneladas) e Valor (Mil Reais) da Produção por Tipo de Lavoura Temporária - 2024 para","..\..\Desktop\tabelas-powerBI\1 Pará\Tabela 44 - Área colhida (Hectares), Quantidade Produzida (Toneladas) e Valor (Mil Reais) da Produção por Tipo de Lavoura Temporária - 2024 para.xlsx",RIS,15601,12.0
Rio Caeté,1 Pará,44,"Área colhida (Hectares), Quantidade Produzida (Toneladas) e Valor (Mil Reais) da Produção por Tipo de Lavoura Temporária - 2024 para",20,"Tabela 44 - Área colhida (Hectares), Quantidade Produzida (Toneladas) e Valor (Mil Reais) da Produção por Tipo de Lavoura Temporária - 2024 para","..\..\Desktop\tabelas-powerBI\1 Pará\Tabela 44 - Área colhida (Hectares), Quantidade Produzida (Toneladas) e Valor (Mil Reais) da Produção por Tipo de Lavoura Temporária - 2024 para.xlsx",RIS,15601,4188.0
Rio Capim,1 Pará,44,"Área colhida (Hectares), Quantidade Produzida (Toneladas) e Valor (Mil Reais) da Produção por Tipo de Lavoura Temporária - 2024 para",20,"Tabela 44 - Área colhida (Hectares), Quantidade Produzida (Toneladas) e Valor (Mil Reais) da Produção por Tipo de Lavoura Temporária - 2024 para","..\..\Desktop\tabelas-powerBI\1 Pará\Tabela 44 - Área colhida (Hectares), Quantidade Produzida (Toneladas) e Valor (Mil Reais) da Produção por Tipo de Lavoura Temporária - 2024 para.xlsx",RIS,15601,4076.0
Tapajós,1 Pará,44,"Área colhida (Hectares), Quantidade Produzida (Toneladas) e Valor (Mil Reais) da Produção por Tipo de Lavoura Temporária - 2024 para",20,"Tabela 44 - Área colhida (Hectares), Quantidade Produzida (Toneladas) e Valor (Mil Reais) da Produção por Tipo de Lavoura Temporária - 2024 para","..\..\Desktop\tabelas-powerBI\1 Pará\Tabela 44 - Área colhida (Hectares), Quantidade Produzida (Toneladas) e Valor (Mil Reais) da Produção por Tipo de Lavoura Temporária - 2024 para.xlsx",RIS,15601,1644.0
Tocantins,1 Pará,44,"Área colhida (Hectares), Quantidade Produzida (Toneladas) e Valor (Mil Reais) da Produção por Tipo de Lavoura Temporária - 2024 para",20,"Tabela 44 - Área colhida (Hectares), Quantidade Produzida (Toneladas) e Valor (Mil Reais) da Produção por Tipo de Lavoura Temporária - 2024 para","..\..\Desktop\tabelas-powerBI\1 Pará\Tabela 44 - Área colhida (Hectares), Quantidade Produzida (Toneladas) e Valor (Mil Reais) da Produção por Tipo de Lavoura Temporária - 2024 para.xlsx",RIS,15601,387.0
Xingu,1 Pará,44,"Área colhida (Hectares), Quantidade Produzida (Toneladas) e Valor (Mil Reais) da Produção por Tipo de Lavoura Temporária - 2024 para",20,"Tabela 44 - Área colhida (Hectares), Quantidade Produzida (Toneladas) e Valor (Mil Reais) da Produção por Tipo de Lavoura Temporária - 2024 para","..\..\Desktop\tabelas-powerBI\1 Pará\Tabela 44 - Área colhida (Hectares), Quantidade Produzida (Toneladas) e Valor (Mil Reais) da Produção por Tipo de Lavoura Temporária - 2024 para.xlsx",RIS,15601,1393.0
Fonte: IBGE/PAM,1 Pará,44,"Área colhida (Hectares), Quantidade Produzida (Toneladas) e Valor (Mil Reais) da Produção por Tipo de Lavoura Temporária - 2024 para",20,"Tabela 44 - Área colhida (Hectares), Quantidade Produzida (Toneladas) e Valor (Mil Reais) da Produção por Tipo de Lavoura Temporária - 2024 para","..\..\Desktop\tabelas-powerBI\1 Pará\Tabela 44 - Área colhida (Hectares), Quantidade Produzida (Toneladas) e Valor (Mil Reais) da Produção por Tipo de Lavoura Temporária - 2024 para.xlsx",RIS,15601,
Elaboração: FAPESPA,1 Pará,44,"Área colhida (Hectares), Quantidade Produzida (Toneladas) e Valor (Mil Reais) da Produção por Tipo de Lavoura Temporária - 2024 para",20,"Tabela 44 - Área colhida (Hectares), Quantidade Produzida (Toneladas) e Valor (Mil Reais) da Produção por Tipo de Lavoura Temporária - 2024 para","..\..\Desktop\tabelas-powerBI\1 Pará\Tabela 44 - Área colhida (Hectares), Quantidade Produzida (Toneladas) e Valor (Mil Reais) da Produção por Tipo de Lavoura Temporária - 2024 para.xlsx",RIS,15601,
Nota: A quantidade produzida de abacaxi é expressa em mil frutos,1 Pará,44,"Área colhida (Hectares), Quantidade Produzida (Toneladas) e Valor (Mil Reais) da Produção por Tipo de Lavoura Temporária - 2024 para",20,"Tabela 44 - Área colhida (Hectares), Quantidade Produzida (Toneladas) e Valor (Mil Reais) da Produção por Tipo de Lavoura Temporária - 2024 para","..\..\Desktop\tabelas-powerBI\1 Pará\Tabela 44 - Área colhida (Hectares), Quantidade Produzida (Toneladas) e Valor (Mil Reais) da Produção por Tipo de Lavoura Temporária - 2024 para.xlsx",RIS,15601,
Araguaia,1 Pará,44,"Área colhida (Hectares), Quantidade Produzida (Toneladas) e Valor (Mil Reais) da Produção por Tipo de Lavoura Temporária - 2024 para",20,"Tabela 44 - Área colhida (Hectares), Quantidade Produzida (Toneladas) e Valor (Mil Reais) da Produção por Tipo de Lavoura Temporária - 2024 para","..\..\Desktop\tabelas-powerBI\1 Pará\Tabela 44 - Área colhida (Hectares), Quantidade Produzida (Toneladas) e Valor (Mil Reais) da Produção por Tipo de Lavoura Temporária - 2024 para.xlsx",RIS,70569,907.0
Baixo Amazonas,1 Pará,44,"Área colhida (Hectares), Quantidade Produzida (Toneladas) e Valor (Mil Reais) da Produção por Tipo de Lavoura Temporária - 2024 para",20,"Tabela 44 - Área colhida (Hectares), Quantidade Produzida (Toneladas) e Valor (Mil Reais) da Produção por Tipo de Lavoura Temporária - 2024 para","..\..\Desktop\tabelas-powerBI\1 Pará\Tabela 44 - Área colhida (Hectares), Quantidade Produzida (Toneladas) e Valor (Mil Reais) da Produção por Tipo de Lavoura Temporária - 2024 para.xlsx",RIS,70569,9153.0
Carajás,1 Pará,44,"Área colhida (Hectares), Quantidade Produzida (Toneladas) e Valor (Mil Reais) da Produção por Tipo de Lavoura Temporária - 2024 para",20,"Tabela 44 - Área colhida (Hectares), Quantidade Produzida (Toneladas) e Valor (Mil Reais) da Produção por Tipo de Lavoura Temporária - 2024 para","..\..\Desktop\tabelas-powerBI\1 Pará\Tabela 44 - Área colhida (Hectares), Quantidade Produzida (Toneladas) e Valor (Mil Reais) da Produção por Tipo de Lavoura Temporária - 2024 para.xlsx",RIS,70569,2769.0
Guajará,1 Pará,44,"Área colhida (Hectares), Quantidade Produzida (Toneladas) e Valor (Mil Reais) da Produção por Tipo de Lavoura Temporária - 2024 para",20,"Tabela 44 - Área colhida (Hectares), Quantidade Produzida (Toneladas) e Valor (Mil Reais) da Produção por Tipo de Lavoura Temporária - 2024 para","..\..\Desktop\tabelas-powerBI\1 Pará\Tabela 44 - Área colhida (Hectares), Quantidade Produzida (Toneladas) e Valor (Mil Reais) da Produção por Tipo de Lavoura Temporária - 2024 para.xlsx",RIS,70569,0.0
Guamá,1 Pará,44,"Área colhida (Hectares), Quantidade Produzida (Toneladas) e Valor (Mil Reais) da Produção por Tipo de Lavoura Temporária - 2024 para",20,"Tabela 44 - Área colhida (Hectares), Quantidade Produzida (Toneladas) e Valor (Mil Reais) da Produção por Tipo de Lavoura Temporária - 2024 para","..\..\Desktop\tabelas-powerBI\1 Pará\Tabela 44 - Área colhida (Hectares), Quantidade Produzida (Toneladas) e Valor (Mil Reais) da Produção por Tipo de Lavoura Temporária - 2024 para.xlsx",RIS,70569,6743.0
Lago de Tucuruí,1 Pará,44,"Área colhida (Hectares), Quantidade Produzida (Toneladas) e Valor (Mil Reais) da Produção por Tipo de Lavoura Temporária - 2024 para",20,"Tabela 44 - Área colhida (Hectares), Quantidade Produzida (Toneladas) e Valor (Mil Reais) da Produção por Tipo de Lavoura Temporária - 2024 para","..\..\Desktop\tabelas-powerBI\1 Pará\Tabela 44 - Área colhida (Hectares), Quantidade Produzida (Toneladas) e Valor (Mil Reais) da Produção por Tipo de Lavoura Temporária - 2024 para.xlsx",RIS,70569,348.0
Marajó,1 Pará,44,"Área colhida (Hectares), Quantidade Produzida (Toneladas) e Valor (Mil Reais) da Produção por Tipo de Lavoura Temporária - 2024 para",20,"Tabela 44 - Área colhida (Hectares), Quantidade Produzida (Toneladas) e Valor (Mil Reais) da Produção por Tipo de Lavoura Temporária - 2024 para","..\..\Desktop\tabelas-powerBI\1 Pará\Tabela 44 - Área colhida (Hectares), Quantidade Produzida (Toneladas) e Valor (Mil Reais) da Produção por Tipo de Lavoura Temporária - 2024 para.xlsx",RIS,70569,52.0
Rio Caeté,1 Pará,44,"Área colhida (Hectares), Quantidade Produzida (Toneladas) e Valor (Mil Reais) da Produção por Tipo de Lavoura Temporária - 2024 para",20,"Tabela 44 - Área colhida (Hectares), Quantidade Produzida (Toneladas) e Valor (Mil Reais) da Produção por Tipo de Lavoura Temporária - 2024 para","..\..\Desktop\tabelas-powerBI\1 Pará\Tabela 44 - Área colhida (Hectares), Quantidade Produzida (Toneladas) e Valor (Mil Reais) da Produção por Tipo de Lavoura Temporária - 2024 para.xlsx",RIS,70569,17338.0
Rio Capim,1 Pará,44,"Área colhida (Hectares), Quantidade Produzida (Toneladas) e Valor (Mil Reais) da Produção por Tipo de Lavoura Temporária - 2024 para",20,"Tabela 44 - Área colhida (Hectares), Quantidade Produzida (Toneladas) e Valor (Mil Reais) da Produção por Tipo de Lavoura Temporária - 2024 para","..\..\Desktop\tabelas-powerBI\1 Pará\Tabela 44 - Área colhida (Hectares), Quantidade Produzida (Toneladas) e Valor (Mil Reais) da Produção por Tipo de Lavoura Temporária - 2024 para.xlsx",RIS,70569,15703.0
Tapajós,1 Pará,44,"Área colhida (Hectares), Quantidade Produzida (Toneladas) e Valor (Mil Reais) da Produção por Tipo de Lavoura Temporária - 2024 para",20,"Tabela 44 - Área colhida (Hectares), Quantidade Produzida (Toneladas) e Valor (Mil Reais) da Produção por Tipo de Lavoura Temporária - 2024 para","..\..\Desktop\tabelas-powerBI\1 Pará\Tabela 44 - Área colhida (Hectares), Quantidade Produzida (Toneladas) e Valor (Mil Reais) da Produção por Tipo de Lavoura Temporária - 2024 para.xlsx",RIS,70569,10711.0
Tocantins,1 Pará,44,"Área colhida (Hectares), Quantidade Produzida (Toneladas) e Valor (Mil Reais) da Produção por Tipo de Lavoura Temporária - 2024 para",20,"Tabela 44 - Área colhida (Hectares), Quantidade Produzida (Toneladas) e Valor (Mil Reais) da Produção por Tipo de Lavoura Temporária - 2024 para","..\..\Desktop\tabelas-powerBI\1 Pará\Tabela 44 - Área colhida (Hectares), Quantidade Produzida (Toneladas) e Valor (Mil Reais) da Produção por Tipo de Lavoura Temporária - 2024 para.xlsx",RIS,70569,1590.0
Xingu,1 Pará,44,"Área colhida (Hectares), Quantidade Produzida (Toneladas) e Valor (Mil Reais) da Produção por Tipo de Lavoura Temporária - 2024 para",20,"Tabela 44 - Área colhida (Hectares), Quantidade Produzida (Toneladas) e Valor (Mil Reais) da Produção por Tipo de Lavoura Temporária - 2024 para","..\..\Desktop\tabelas-powerBI\1 Pará\Tabela 44 - Área colhida (Hectares), Quantidade Produzida (Toneladas) e Valor (Mil Reais) da Produção por Tipo de Lavoura Temporária - 2024 para.xlsx",RIS,70569,5257.0
Fonte: IBGE/PAM,1 Pará,44,"Área colhida (Hectares), Quantidade Produzida (Toneladas) e Valor (Mil Reais) da Produção por Tipo de Lavoura Temporária - 2024 para",20,"Tabela 44 - Área colhida (Hectares), Quantidade Produzida (Toneladas) e Valor (Mil Reais) da Produção por Tipo de Lavoura Temporária - 2024 para","..\..\Desktop\tabelas-powerBI\1 Pará\Tabela 44 - Área colhida (Hectares), Quantidade Produzida (Toneladas) e Valor (Mil Reais) da Produção por Tipo de Lavoura Temporária - 2024 para.xlsx",RIS,70569,
Elaboração: FAPESPA,1 Pará,44,"Área colhida (Hectares), Quantidade Produzida (Toneladas) e Valor (Mil Reais) da Produção por Tipo de Lavoura Temporária - 2024 para",20,"Tabela 44 - Área colhida (Hectares), Quantidade Produzida (Toneladas) e Valor (Mil Reais) da Produção por Tipo de Lavoura Temporária - 2024 para","..\..\Desktop\tabelas-powerBI\1 Pará\Tabela 44 - Área colhida (Hectares), Quantidade Produzida (Toneladas) e Valor (Mil Reais) da Produção por Tipo de Lavoura Temporária - 2024 para.xlsx",RIS,70569,
Nota: A quantidade produzida de abacaxi é expressa em mil frutos,1 Pará,44,"Área colhida (Hectares), Quantidade Produzida (Toneladas) e Valor (Mil Reais) da Produção por Tipo de Lavoura Temporária - 2024 para",20,"Tabela 44 - Área colhida (Hectares), Quantidade Produzida (Toneladas) e Valor (Mil Reais) da Produção por Tipo de Lavoura Temporária - 2024 para","..\..\Desktop\tabelas-powerBI\1 Pará\Tabela 44 - Área colhida (Hectares), Quantidade Produzida (Toneladas) e Valor (Mil Reais) da Produção por Tipo de Lavoura Temporária - 2024 para.xlsx",RIS,70569,
Araguaia,1 Pará,44,"Área colhida (Hectares), Quantidade Produzida (Toneladas) e Valor (Mil Reais) da Produção por Tipo de Lavoura Temporária - 2024 para",20,"Tabela 44 - Área colhida (Hectares), Quantidade Produzida (Toneladas) e Valor (Mil Reais) da Produção por Tipo de Lavoura Temporária - 2024 para","..\..\Desktop\tabelas-powerBI\1 Pará\Tabela 44 - Área colhida (Hectares), Quantidade Produzida (Toneladas) e Valor (Mil Reais) da Produção por Tipo de Lavoura Temporária - 2024 para.xlsx",RIS,266576,6795.0
Baixo Amazonas,1 Pará,44,"Área colhida (Hectares), Quantidade Produzida (Toneladas) e Valor (Mil Reais) da Produção por Tipo de Lavoura Temporária - 2024 para",20,"Tabela 44 - Área colhida (Hectares), Quantidade Produzida (Toneladas) e Valor (Mil Reais) da Produção por Tipo de Lavoura Temporária - 2024 para","..\..\Desktop\tabelas-powerBI\1 Pará\Tabela 44 - Área colhida (Hectares), Quantidade Produzida (Toneladas) e Valor (Mil Reais) da Produção por Tipo de Lavoura Temporária - 2024 para.xlsx",RIS,266576,50472.0
Carajás,1 Pará,44,"Área colhida (Hectares), Quantidade Produzida (Toneladas) e Valor (Mil Reais) da Produção por Tipo de Lavoura Temporária - 2024 para",20,"Tabela 44 - Área colhida (Hectares), Quantidade Produzida (Toneladas) e Valor (Mil Reais) da Produção por Tipo de Lavoura Temporária - 2024 para","..\..\Desktop\tabelas-powerBI\1 Pará\Tabela 44 - Área colhida (Hectares), Quantidade Produzida (Toneladas) e Valor (Mil Reais) da Produção por Tipo de Lavoura Temporária - 2024 para.xlsx",RIS,266576,13835.0
Guajará,1 Pará,44,"Área colhida (Hectares), Quantidade Produzida (Toneladas) e Valor (Mil Reais) da Produção por Tipo de Lavoura Temporária - 2024 para",20,"Tabela 44 - Área colhida (Hectares), Quantidade Produzida (Toneladas) e Valor (Mil Reais) da Produção por Tipo de Lavoura Temporária - 2024 para","..\..\Desktop\tabelas-powerBI\1 Pará\Tabela 44 - Área colhida (Hectares), Quantidade Produzida (Toneladas) e Valor (Mil Reais) da Produção por Tipo de Lavoura Temporária - 2024 para.xlsx",RIS,266576,180.0
Guamá,1 Pará,44,"Área colhida (Hectares), Quantidade Produzida (Toneladas) e Valor (Mil Reais) da Produção por Tipo de Lavoura Temporária - 2024 para",20,"Tabela 44 - Área colhida (Hectares), Quantidade Produzida (Toneladas) e Valor (Mil Reais) da Produção por Tipo de Lavoura Temporária - 2024 para","..\..\Desktop\tabelas-powerBI\1 Pará\Tabela 44 - Área colhida (Hectares), Quantidade Produzida (Toneladas) e Valor (Mil Reais) da Produção por Tipo de Lavoura Temporária - 2024 para.xlsx",RIS,266576,40360.0
Lago de Tucuruí,1 Pará,44,"Área colhida (Hectares), Quantidade Produzida (Toneladas) e Valor (Mil Reais) da Produção por Tipo de Lavoura Temporária - 2024 para",20,"Tabela 44 - Área colhida (Hectares), Quantidade Produzida (Toneladas) e Valor (Mil Reais) da Produção por Tipo de Lavoura Temporária - 2024 para","..\..\Desktop\tabelas-powerBI\1 Pará\Tabela 44 - Área colhida (Hectares), Quantidade Produzida (Toneladas) e Valor (Mil Reais) da Produção por Tipo de Lavoura Temporária - 2024 para.xlsx",RIS,266576,4320.0
Marajó,1 Pará,44,"Área colhida (Hectares), Quantidade Produzida (Toneladas) e Valor (Mil Reais) da Produção por Tipo de Lavoura Temporária - 2024 para",20,"Tabela 44 - Área colhida (Hectares), Quantidade Produzida (Toneladas) e Valor (Mil Reais) da Produção por Tipo de Lavoura Temporária - 2024 para","..\..\Desktop\tabelas-powerBI\1 Pará\Tabela 44 - Área colhida (Hectares), Quantidade Produzida (Toneladas) e Valor (Mil Reais) da Produção por Tipo de Lavoura Temporária - 2024 para.xlsx",RIS,266576,24367.0
Rio Caeté,1 Pará,44,"Área colhida (Hectares), Quantidade Produzida (Toneladas) e Valor (Mil Reais) da Produção por Tipo de Lavoura Temporária - 2024 para",20,"Tabela 44 - Área colhida (Hectares), Quantidade Produzida (Toneladas) e Valor (Mil Reais) da Produção por Tipo de Lavoura Temporária - 2024 para","..\..\Desktop\tabelas-powerBI\1 Pará\Tabela 44 - Área colhida (Hectares), Quantidade Produzida (Toneladas) e Valor (Mil Reais) da Produção por Tipo de Lavoura Temporária - 2024 para.xlsx",RIS,266576,25077.0
Rio Capim,1 Pará,44,"Área colhida (Hectares), Quantidade Produzida (Toneladas) e Valor (Mil Reais) da Produção por Tipo de Lavoura Temporária - 2024 para",20,"Tabela 44 - Área colhida (Hectares), Quantidade Produzida (Toneladas) e Valor (Mil Reais) da Produção por Tipo de Lavoura Temporária - 2024 para","..\..\Desktop\tabelas-powerBI\1 Pará\Tabela 44 - Área colhida (Hectares), Quantidade Produzida (Toneladas) e Valor (Mil Reais) da Produção por Tipo de Lavoura Temporária - 2024 para.xlsx",RIS,266576,21955.0
Tapajós,1 Pará,44,"Área colhida (Hectares), Quantidade Produzida (Toneladas) e Valor (Mil Reais) da Produção por Tipo de Lavoura Temporária - 2024 para",20,"Tabela 44 - Área colhida (Hectares), Quantidade Produzida (Toneladas) e Valor (Mil Reais) da Produção por Tipo de Lavoura Temporária - 2024 para","..\..\Desktop\tabelas-powerBI\1 Pará\Tabela 44 - Área colhida (Hectares), Quantidade Produzida (Toneladas) e Valor (Mil Reais) da Produção por Tipo de Lavoura Temporária - 2024 para.xlsx",RIS,266576,6250.0
Tocantins,1 Pará,44,"Área colhida (Hectares), Quantidade Produzida (Toneladas) e Valor (Mil Reais) da Produção por Tipo de Lavoura Temporária - 2024 para",20,"Tabela 44 - Área colhida (Hectares), Quantidade Produzida (Toneladas) e Valor (Mil Reais) da Produção por Tipo de Lavoura Temporária - 2024 para","..\..\Desktop\tabelas-powerBI\1 Pará\Tabela 44 - Área colhida (Hectares), Quantidade Produzida (Toneladas) e Valor (Mil Reais) da Produção por Tipo de Lavoura Temporária - 2024 para.xlsx",RIS,266576,65030.0
Xingu,1 Pará,44,"Área colhida (Hectares), Quantidade Produzida (Toneladas) e Valor (Mil Reais) da Produção por Tipo de Lavoura Temporária - 2024 para",20,"Tabela 44 - Área colhida (Hectares), Quantidade Produzida (Toneladas) e Valor (Mil Reais) da Produção por Tipo de Lavoura Temporária - 2024 para","..\..\Desktop\tabelas-powerBI\1 Pará\Tabela 44 - Área colhida (Hectares), Quantidade Produzida (Toneladas) e Valor (Mil Reais) da Produção por Tipo de Lavoura Temporária - 2024 para.xlsx",RIS,266576,7935.0
Fonte: IBGE/PAM,1 Pará,44,"Área colhida (Hectares), Quantidade Produzida (Toneladas) e Valor (Mil Reais) da Produção por Tipo de Lavoura Temporária - 2024 para",20,"Tabela 44 - Área colhida (Hectares), Quantidade Produzida (Toneladas) e Valor (Mil Reais) da Produção por Tipo de Lavoura Temporária - 2024 para","..\..\Desktop\tabelas-powerBI\1 Pará\Tabela 44 - Área colhida (Hectares), Quantidade Produzida (Toneladas) e Valor (Mil Reais) da Produção por Tipo de Lavoura Temporária - 2024 para.xlsx",RIS,266576,
Elaboração: FAPESPA,1 Pará,44,"Área colhida (Hectares), Quantidade Produzida (Toneladas) e Valor (Mil Reais) da Produção por Tipo de Lavoura Temporária - 2024 para",20,"Tabela 44 - Área colhida (Hectares), Quantidade Produzida (Toneladas) e Valor (Mil Reais) da Produção por Tipo de Lavoura Temporária - 2024 para","..\..\Desktop\tabelas-powerBI\1 Pará\Tabela 44 - Área colhida (Hectares), Quantidade Produzida (Toneladas) e Valor (Mil Reais) da Produção por Tipo de Lavoura Temporária - 2024 para.xlsx",RIS,266576,
Nota: A quantidade produzida de abacaxi é expressa em mil frutos,1 Pará,44,"Área colhida (Hectares), Quantidade Produzida (Toneladas) e Valor (Mil Reais) da Produção por Tipo de Lavoura Temporária - 2024 para",20,"Tabela 44 - Área colhida (Hectares), Quantidade Produzida (Toneladas) e Valor (Mil Reais) da Produção por Tipo de Lavoura Temporária - 2024 para","..\..\Desktop\tabelas-powerBI\1 Pará\Tabela 44 - Área colhida (Hectares), Quantidade Produzida (Toneladas) e Valor (Mil Reais) da Produção por Tipo de Lavoura Temporária - 2024 para.xlsx",RIS,266576,
Araguaia,1 Pará,44,"Área colhida (Hectares), Quantidade Produzida (Toneladas) e Valor (Mil Reais) da Produção por Tipo de Lavoura Temporária - 2024 para",20,"Tabela 44 - Área colhida (Hectares), Quantidade Produzida (Toneladas) e Valor (Mil Reais) da Produção por Tipo de Lavoura Temporária - 2024 para","..\..\Desktop\tabelas-powerBI\1 Pará\Tabela 44 - Área colhida (Hectares), Quantidade Produzida (Toneladas) e Valor (Mil Reais) da Produção por Tipo de Lavoura Temporária - 2024 para.xlsx",RIS,3966227,125520.0
Baixo Amazonas,1 Pará,44,"Área colhida (Hectares), Quantidade Produzida (Toneladas) e Valor (Mil Reais) da Produção por Tipo de Lavoura Temporária - 2024 para",20,"Tabela 44 - Área colhida (Hectares), Quantidade Produzida (Toneladas) e Valor (Mil Reais) da Produção por Tipo de Lavoura Temporária - 2024 para","..\..\Desktop\tabelas-powerBI\1 Pará\Tabela 44 - Área colhida (Hectares), Quantidade Produzida (Toneladas) e Valor (Mil Reais) da Produção por Tipo de Lavoura Temporária - 2024 para.xlsx",RIS,3966227,694126.0
Carajás,1 Pará,44,"Área colhida (Hectares), Quantidade Produzida (Toneladas) e Valor (Mil Reais) da Produção por Tipo de Lavoura Temporária - 2024 para",20,"Tabela 44 - Área colhida (Hectares), Quantidade Produzida (Toneladas) e Valor (Mil Reais) da Produção por Tipo de Lavoura Temporária - 2024 para","..\..\Desktop\tabelas-powerBI\1 Pará\Tabela 44 - Área colhida (Hectares), Quantidade Produzida (Toneladas) e Valor (Mil Reais) da Produção por Tipo de Lavoura Temporária - 2024 para.xlsx",RIS,3966227,215749.0
Guajará,1 Pará,44,"Área colhida (Hectares), Quantidade Produzida (Toneladas) e Valor (Mil Reais) da Produção por Tipo de Lavoura Temporária - 2024 para",20,"Tabela 44 - Área colhida (Hectares), Quantidade Produzida (Toneladas) e Valor (Mil Reais) da Produção por Tipo de Lavoura Temporária - 2024 para","..\..\Desktop\tabelas-powerBI\1 Pará\Tabela 44 - Área colhida (Hectares), Quantidade Produzida (Toneladas) e Valor (Mil Reais) da Produção por Tipo de Lavoura Temporária - 2024 para.xlsx",RIS,3966227,2160.0
Guamá,1 Pará,44,"Área colhida (Hectares), Quantidade Produzida (Toneladas) e Valor (Mil Reais) da Produção por Tipo de Lavoura Temporária - 2024 para",20,"Tabela 44 - Área colhida (Hectares), Quantidade Produzida (Toneladas) e Valor (Mil Reais) da Produção por Tipo de Lavoura Temporária - 2024 para","..\..\Desktop\tabelas-powerBI\1 Pará\Tabela 44 - Área colhida (Hectares), Quantidade Produzida (Toneladas) e Valor (Mil Reais) da Produção por Tipo de Lavoura Temporária - 2024 para.xlsx",RIS,3966227,594606.0
Lago de Tucuruí,1 Pará,44,"Área colhida (Hectares), Quantidade Produzida (Toneladas) e Valor (Mil Reais) da Produção por Tipo de Lavoura Temporária - 2024 para",20,"Tabela 44 - Área colhida (Hectares), Quantidade Produzida (Toneladas) e Valor (Mil Reais) da Produção por Tipo de Lavoura Temporária - 2024 para","..\..\Desktop\tabelas-powerBI\1 Pará\Tabela 44 - Área colhida (Hectares), Quantidade Produzida (Toneladas) e Valor (Mil Reais) da Produção por Tipo de Lavoura Temporária - 2024 para.xlsx",RIS,3966227,59756.0
Marajó,1 Pará,44,"Área colhida (Hectares), Quantidade Produzida (Toneladas) e Valor (Mil Reais) da Produção por Tipo de Lavoura Temporária - 2024 para",20,"Tabela 44 - Área colhida (Hectares), Quantidade Produzida (Toneladas) e Valor (Mil Reais) da Produção por Tipo de Lavoura Temporária - 2024 para","..\..\Desktop\tabelas-powerBI\1 Pará\Tabela 44 - Área colhida (Hectares), Quantidade Produzida (Toneladas) e Valor (Mil Reais) da Produção por Tipo de Lavoura Temporária - 2024 para.xlsx",RIS,3966227,260228.0
Rio Caeté,1 Pará,44,"Área colhida (Hectares), Quantidade Produzida (Toneladas) e Valor (Mil Reais) da Produção por Tipo de Lavoura Temporária - 2024 para",20,"Tabela 44 - Área colhida (Hectares), Quantidade Produzida (Toneladas) e Valor (Mil Reais) da Produção por Tipo de Lavoura Temporária - 2024 para","..\..\Desktop\tabelas-powerBI\1 Pará\Tabela 44 - Área colhida (Hectares), Quantidade Produzida (Toneladas) e Valor (Mil Reais) da Produção por Tipo de Lavoura Temporária - 2024 para.xlsx",RIS,3966227,353247.0
Rio Capim,1 Pará,44,"Área colhida (Hectares), Quantidade Produzida (Toneladas) e Valor (Mil Reais) da Produção por Tipo de Lavoura Temporária - 2024 para",20,"Tabela 44 - Área colhida (Hectares), Quantidade Produzida (Toneladas) e Valor (Mil Reais) da Produção por Tipo de Lavoura Temporária - 2024 para","..\..\Desktop\tabelas-powerBI\1 Pará\Tabela 44 - Área colhida (Hectares), Quantidade Produzida (Toneladas) e Valor (Mil Reais) da Produção por Tipo de Lavoura Temporária - 2024 para.xlsx",RIS,3966227,313487.0
Tapajós,1 Pará,44,"Área colhida (Hectares), Quantidade Produzida (Toneladas) e Valor (Mil Reais) da Produção por Tipo de Lavoura Temporária - 2024 para",20,"Tabela 44 - Área colhida (Hectares), Quantidade Produzida (Toneladas) e Valor (Mil Reais) da Produção por Tipo de Lavoura Temporária - 2024 para","..\..\Desktop\tabelas-powerBI\1 Pará\Tabela 44 - Área colhida (Hectares), Quantidade Produzida (Toneladas) e Valor (Mil Reais) da Produção por Tipo de Lavoura Temporária - 2024 para.xlsx",RIS,3966227,84662.0
Tocantins,1 Pará,44,"Área colhida (Hectares), Quantidade Produzida (Toneladas) e Valor (Mil Reais) da Produção por Tipo de Lavoura Temporária - 2024 para",20,"Tabela 44 - Área colhida (Hectares), Quantidade Produzida (Toneladas) e Valor (Mil Reais) da Produção por Tipo de Lavoura Temporária - 2024 para","..\..\Desktop\tabelas-powerBI\1 Pará\Tabela 44 - Área colhida (Hectares), Quantidade Produzida (Toneladas) e Valor (Mil Reais) da Produção por Tipo de Lavoura Temporária - 2024 para.xlsx",RIS,3966227,1107736.0
Xingu,1 Pará,44,"Área colhida (Hectares), Quantidade Produzida (Toneladas) e Valor (Mil Reais) da Produção por Tipo de Lavoura Temporária - 2024 para",20,"Tabela 44 - Área colhida (Hectares), Quantidade Produzida (Toneladas) e Valor (Mil Reais) da Produção por Tipo de Lavoura Temporária - 2024 para","..\..\Desktop\tabelas-powerBI\1 Pará\Tabela 44 - Área colhida (Hectares), Quantidade Produzida (Toneladas) e Valor (Mil Reais) da Produção por Tipo de Lavoura Temporária - 2024 para.xlsx",RIS,3966227,154950.0
Fonte: IBGE/PAM,1 Pará,44,"Área colhida (Hectares), Quantidade Produzida (Toneladas) e Valor (Mil Reais) da Produção por Tipo de Lavoura Temporária - 2024 para",20,"Tabela 44 - Área colhida (Hectares), Quantidade Produzida (Toneladas) e Valor (Mil Reais) da Produção por Tipo de Lavoura Temporária - 2024 para","..\..\Desktop\tabelas-powerBI\1 Pará\Tabela 44 - Área colhida (Hectares), Quantidade Produzida (Toneladas) e Valor (Mil Reais) da Produção por Tipo de Lavoura Temporária - 2024 para.xlsx",RIS,3966227,
Elaboração: FAPESPA,1 Pará,44,"Área colhida (Hectares), Quantidade Produzida (Toneladas) e Valor (Mil Reais) da Produção por Tipo de Lavoura Temporária - 2024 para",20,"Tabela 44 - Área colhida (Hectares), Quantidade Produzida (Toneladas) e Valor (Mil Reais) da Produção por Tipo de Lavoura Temporária - 2024 para","..\..\Desktop\tabelas-powerBI\1 Pará\Tabela 44 - Área colhida (Hectares), Quantidade Produzida (Toneladas) e Valor (Mil Reais) da Produção por Tipo de Lavoura Temporária - 2024 para.xlsx",RIS,3966227,
Nota: A quantidade produzida de abacaxi é expressa em mil frutos,1 Pará,44,"Área colhida (Hectares), Quantidade Produzida (Toneladas) e Valor (Mil Reais) da Produção por Tipo de Lavoura Temporária - 2024 para",20,"Tabela 44 - Área colhida (Hectares), Quantidade Produzida (Toneladas) e Valor (Mil Reais) da Produção por Tipo de Lavoura Temporária - 2024 para","..\..\Desktop\tabelas-powerBI\1 Pará\Tabela 44 - Área colhida (Hectares), Quantidade Produzida (Toneladas) e Valor (Mil Reais) da Produção por Tipo de Lavoura Temporária - 2024 para.xlsx",RIS,3966227,
Araguaia,1 Pará,44,"Área colhida (Hectares), Quantidade Produzida (Toneladas) e Valor (Mil Reais) da Produção por Tipo de Lavoura Temporária - 2024 para",20,"Tabela 44 - Área colhida (Hectares), Quantidade Produzida (Toneladas) e Valor (Mil Reais) da Produção por Tipo de Lavoura Temporária - 2024 para","..\..\Desktop\tabelas-powerBI\1 Pará\Tabela 44 - Área colhida (Hectares), Quantidade Produzida (Toneladas) e Valor (Mil Reais) da Produção por Tipo de Lavoura Temporária - 2024 para.xlsx",RIS,4640906,311538.0
Baixo Amazonas,1 Pará,44,"Área colhida (Hectares), Quantidade Produzida (Toneladas) e Valor (Mil Reais) da Produção por Tipo de Lavoura Temporária - 2024 para",20,"Tabela 44 - Área colhida (Hectares), Quantidade Produzida (Toneladas) e Valor (Mil Reais) da Produção por Tipo de Lavoura Temporária - 2024 para","..\..\Desktop\tabelas-powerBI\1 Pará\Tabela 44 - Área colhida (Hectares), Quantidade Produzida (Toneladas) e Valor (Mil Reais) da Produção por Tipo de Lavoura Temporária - 2024 para.xlsx",RIS,4640906,1200981.0
Carajás,1 Pará,44,"Área colhida (Hectares), Quantidade Produzida (Toneladas) e Valor (Mil Reais) da Produção por Tipo de Lavoura Temporária - 2024 para",20,"Tabela 44 - Área colhida (Hectares), Quantidade Produzida (Toneladas) e Valor (Mil Reais) da Produção por Tipo de Lavoura Temporária - 2024 para","..\..\Desktop\tabelas-powerBI\1 Pará\Tabela 44 - Área colhida (Hectares), Quantidade Produzida (Toneladas) e Valor (Mil Reais) da Produção por Tipo de Lavoura Temporária - 2024 para.xlsx",RIS,4640906,340031.0
Guajará,1 Pará,44,"Área colhida (Hectares), Quantidade Produzida (Toneladas) e Valor (Mil Reais) da Produção por Tipo de Lavoura Temporária - 2024 para",20,"Tabela 44 - Área colhida (Hectares), Quantidade Produzida (Toneladas) e Valor (Mil Reais) da Produção por Tipo de Lavoura Temporária - 2024 para","..\..\Desktop\tabelas-powerBI\1 Pará\Tabela 44 - Área colhida (Hectares), Quantidade Produzida (Toneladas) e Valor (Mil Reais) da Produção por Tipo de Lavoura Temporária - 2024 para.xlsx",RIS,4640906,2160.0
Guamá,1 Pará,44,"Área colhida (Hectares), Quantidade Produzida (Toneladas) e Valor (Mil Reais) da Produção por Tipo de Lavoura Temporária - 2024 para",20,"Tabela 44 - Área colhida (Hectares), Quantidade Produzida (Toneladas) e Valor (Mil Reais) da Produção por Tipo de Lavoura Temporária - 2024 para","..\..\Desktop\tabelas-powerBI\1 Pará\Tabela 44 - Área colhida (Hectares), Quantidade Produzida (Toneladas) e Valor (Mil Reais) da Produção por Tipo de Lavoura Temporária - 2024 para.xlsx",RIS,4640906,671820.0
Lago de Tucuruí,1 Pará,44,"Área colhida (Hectares), Quantidade Produzida (Toneladas) e Valor (Mil Reais) da Produção por Tipo de Lavoura Temporária - 2024 para",20,"Tabela 44 - Área colhida (Hectares), Quantidade Produzida (Toneladas) e Valor (Mil Reais) da Produção por Tipo de Lavoura Temporária - 2024 para","..\..\Desktop\tabelas-powerBI\1 Pará\Tabela 44 - Área colhida (Hectares), Quantidade Produzida (Toneladas) e Valor (Mil Reais) da Produção por Tipo de Lavoura Temporária - 2024 para.xlsx",RIS,4640906,93858.0
Marajó,1 Pará,44,"Área colhida (Hectares), Quantidade Produzida (Toneladas) e Valor (Mil Reais) da Produção por Tipo de Lavoura Temporária - 2024 para",20,"Tabela 44 - Área colhida (Hectares), Quantidade Produzida (Toneladas) e Valor (Mil Reais) da Produção por Tipo de Lavoura Temporária - 2024 para","..\..\Desktop\tabelas-powerBI\1 Pará\Tabela 44 - Área colhida (Hectares), Quantidade Produzida (Toneladas) e Valor (Mil Reais) da Produção por Tipo de Lavoura Temporária - 2024 para.xlsx",RIS,4640906,165816.0
Rio Caeté,1 Pará,44,"Área colhida (Hectares), Quantidade Produzida (Toneladas) e Valor (Mil Reais) da Produção por Tipo de Lavoura Temporária - 2024 para",20,"Tabela 44 - Área colhida (Hectares), Quantidade Produzida (Toneladas) e Valor (Mil Reais) da Produção por Tipo de Lavoura Temporária - 2024 para","..\..\Desktop\tabelas-powerBI\1 Pará\Tabela 44 - Área colhida (Hectares), Quantidade Produzida (Toneladas) e Valor (Mil Reais) da Produção por Tipo de Lavoura Temporária - 2024 para.xlsx",RIS,4640906,235381.0
Rio Capim,1 Pará,44,"Área colhida (Hectares), Quantidade Produzida (Toneladas) e Valor (Mil Reais) da Produção por Tipo de Lavoura Temporária - 2024 para",20,"Tabela 44 - Área colhida (Hectares), Quantidade Produzida (Toneladas) e Valor (Mil Reais) da Produção por Tipo de Lavoura Temporária - 2024 para","..\..\Desktop\tabelas-powerBI\1 Pará\Tabela 44 - Área colhida (Hectares), Quantidade Produzida (Toneladas) e Valor (Mil Reais) da Produção por Tipo de Lavoura Temporária - 2024 para.xlsx",RIS,4640906,313601.0
Tapajós,1 Pará,44,"Área colhida (Hectares), Quantidade Produzida (Toneladas) e Valor (Mil Reais) da Produção por Tipo de Lavoura Temporária - 2024 para",20,"Tabela 44 - Área colhida (Hectares), Quantidade Produzida (Toneladas) e Valor (Mil Reais) da Produção por Tipo de Lavoura Temporária - 2024 para","..\..\Desktop\tabelas-powerBI\1 Pará\Tabela 44 - Área colhida (Hectares), Quantidade Produzida (Toneladas) e Valor (Mil Reais) da Produção por Tipo de Lavoura Temporária - 2024 para.xlsx",RIS,4640906,186534.0
Tocantins,1 Pará,44,"Área colhida (Hectares), Quantidade Produzida (Toneladas) e Valor (Mil Reais) da Produção por Tipo de Lavoura Temporária - 2024 para",20,"Tabela 44 - Área colhida (Hectares), Quantidade Produzida (Toneladas) e Valor (Mil Reais) da Produção por Tipo de Lavoura Temporária - 2024 para","..\..\Desktop\tabelas-powerBI\1 Pará\Tabela 44 - Área colhida (Hectares), Quantidade Produzida (Toneladas) e Valor (Mil Reais) da Produção por Tipo de Lavoura Temporária - 2024 para.xlsx",RIS,4640906,942506.0
Xingu,1 Pará,44,"Área colhida (Hectares), Quantidade Produzida (Toneladas) e Valor (Mil Reais) da Produção por Tipo de Lavoura Temporária - 2024 para",20,"Tabela 44 - Área colhida (Hectares), Quantidade Produzida (Toneladas) e Valor (Mil Reais) da Produção por Tipo de Lavoura Temporária - 2024 para","..\..\Desktop\tabelas-powerBI\1 Pará\Tabela 44 - Área colhida (Hectares), Quantidade Produzida (Toneladas) e Valor (Mil Reais) da Produção por Tipo de Lavoura Temporária - 2024 para.xlsx",RIS,4640906,176687.0
Fonte: IBGE/PAM,1 Pará,44,"Área colhida (Hectares), Quantidade Produzida (Toneladas) e Valor (Mil Reais) da Produção por Tipo de Lavoura Temporária - 2024 para",20,"Tabela 44 - Área colhida (Hectares), Quantidade Produzida (Toneladas) e Valor (Mil Reais) da Produção por Tipo de Lavoura Temporária - 2024 para","..\..\Desktop\tabelas-powerBI\1 Pará\Tabela 44 - Área colhida (Hectares), Quantidade Produzida (Toneladas) e Valor (Mil Reais) da Produção por Tipo de Lavoura Temporária - 2024 para.xlsx",RIS,4640906,
Elaboração: FAPESPA,1 Pará,44,"Área colhida (Hectares), Quantidade Produzida (Toneladas) e Valor (Mil Reais) da Produção por Tipo de Lavoura Temporária - 2024 para",20,"Tabela 44 - Área colhida (Hectares), Quantidade Produzida (Toneladas) e Valor (Mil Reais) da Produção por Tipo de Lavoura Temporária - 2024 para","..\..\Desktop\tabelas-powerBI\1 Pará\Tabela 44 - Área colhida (Hectares), Quantidade Produzida (Toneladas) e Valor (Mil Reais) da Produção por Tipo de Lavoura Temporária - 2024 para.xlsx",RIS,4640906,
Nota: A quantidade produzida de abacaxi é expressa em mil frutos,1 Pará,44,"Área colhida (Hectares), Quantidade Produzida (Toneladas) e Valor (Mil Reais) da Produção por Tipo de Lavoura Temporária - 2024 para",20,"Tabela 44 - Área colhida (Hectares), Quantidade Produzida (Toneladas) e Valor (Mil Reais) da Produção por Tipo de Lavoura Temporária - 2024 para","..\..\Desktop\tabelas-powerBI\1 Pará\Tabela 44 - Área colhida (Hectares), Quantidade Produzida (Toneladas) e Valor (Mil Reais) da Produção por Tipo de Lavoura Temporária - 2024 para.xlsx",RIS,4640906,
Araguaia,1 Pará,44,"Área colhida (Hectares), Quantidade Produzida (Toneladas) e Valor (Mil Reais) da Produção por Tipo de Lavoura Temporária - 2024 para",20,"Tabela 44 - Área colhida (Hectares), Quantidade Produzida (Toneladas) e Valor (Mil Reais) da Produção por Tipo de Lavoura Temporária - 2024 para","..\..\Desktop\tabelas-powerBI\1 Pará\Tabela 44 - Área colhida (Hectares), Quantidade Produzida (Toneladas) e Valor (Mil Reais) da Produção por Tipo de Lavoura Temporária - 2024 para.xlsx",RIS,4610,1102.0
Baixo Amazonas,1 Pará,44,"Área colhida (Hectares), Quantidade Produzida (Toneladas) e Valor (Mil Reais) da Produção por Tipo de Lavoura Temporária - 2024 para",20,"Tabela 44 - Área colhida (Hectares), Quantidade Produzida (Toneladas) e Valor (Mil Reais) da Produção por Tipo de Lavoura Temporária - 2024 para","..\..\Desktop\tabelas-powerBI\1 Pará\Tabela 44 - Área colhida (Hectares), Quantidade Produzida (Toneladas) e Valor (Mil Reais) da Produção por Tipo de Lavoura Temporária - 2024 para.xlsx",RIS,4610,934.0
Carajás,1 Pará,44,"Área colhida (Hectares), Quantidade Produzida (Toneladas) e Valor (Mil Reais) da Produção por Tipo de Lavoura Temporária - 2024 para",20,"Tabela 44 - Área colhida (Hectares), Quantidade Produzida (Toneladas) e Valor (Mil Reais) da Produção por Tipo de Lavoura Temporária - 2024 para","..\..\Desktop\tabelas-powerBI\1 Pará\Tabela 44 - Área colhida (Hectares), Quantidade Produzida (Toneladas) e Valor (Mil Reais) da Produção por Tipo de Lavoura Temporária - 2024 para.xlsx",RIS,4610,434.0
Guajará,1 Pará,44,"Área colhida (Hectares), Quantidade Produzida (Toneladas) e Valor (Mil Reais) da Produção por Tipo de Lavoura Temporária - 2024 para",20,"Tabela 44 - Área colhida (Hectares), Quantidade Produzida (Toneladas) e Valor (Mil Reais) da Produção por Tipo de Lavoura Temporária - 2024 para","..\..\Desktop\tabelas-powerBI\1 Pará\Tabela 44 - Área colhida (Hectares), Quantidade Produzida (Toneladas) e Valor (Mil Reais) da Produção por Tipo de Lavoura Temporária - 2024 para.xlsx",RIS,4610,0.0
Guamá,1 Pará,44,"Área colhida (Hectares), Quantidade Produzida (Toneladas) e Valor (Mil Reais) da Produção por Tipo de Lavoura Temporária - 2024 para",20,"Tabela 44 - Área colhida (Hectares), Quantidade Produzida (Toneladas) e Valor (Mil Reais) da Produção por Tipo de Lavoura Temporária - 2024 para","..\..\Desktop\tabelas-powerBI\1 Pará\Tabela 44 - Área colhida (Hectares), Quantidade Produzida (Toneladas) e Valor (Mil Reais) da Produção por Tipo de Lavoura Temporária - 2024 para.xlsx",RIS,4610,255.0
Lago de Tucuruí,1 Pará,44,"Área colhida (Hectares), Quantidade Produzida (Toneladas) e Valor (Mil Reais) da Produção por Tipo de Lavoura Temporária - 2024 para",20,"Tabela 44 - Área colhida (Hectares), Quantidade Produzida (Toneladas) e Valor (Mil Reais) da Produção por Tipo de Lavoura Temporária - 2024 para","..\..\Desktop\tabelas-powerBI\1 Pará\Tabela 44 - Área colhida (Hectares), Quantidade Produzida (Toneladas) e Valor (Mil Reais) da Produção por Tipo de Lavoura Temporária - 2024 para.xlsx",RIS,4610,32.0
Marajó,1 Pará,44,"Área colhida (Hectares), Quantidade Produzida (Toneladas) e Valor (Mil Reais) da Produção por Tipo de Lavoura Temporária - 2024 para",20,"Tabela 44 - Área colhida (Hectares), Quantidade Produzida (Toneladas) e Valor (Mil Reais) da Produção por Tipo de Lavoura Temporária - 2024 para","..\..\Desktop\tabelas-powerBI\1 Pará\Tabela 44 - Área colhida (Hectares), Quantidade Produzida (Toneladas) e Valor (Mil Reais) da Produção por Tipo de Lavoura Temporária - 2024 para.xlsx",RIS,4610,12.0
Rio Caeté,1 Pará,44,"Área colhida (Hectares), Quantidade Produzida (Toneladas) e Valor (Mil Reais) da Produção por Tipo de Lavoura Temporária - 2024 para",20,"Tabela 44 - Área colhida (Hectares), Quantidade Produzida (Toneladas) e Valor (Mil Reais) da Produção por Tipo de Lavoura Temporária - 2024 para","..\..\Desktop\tabelas-powerBI\1 Pará\Tabela 44 - Área colhida (Hectares), Quantidade Produzida (Toneladas) e Valor (Mil Reais) da Produção por Tipo de Lavoura Temporária - 2024 para.xlsx",RIS,4610,325.0
Rio Capim,1 Pará,44,"Área colhida (Hectares), Quantidade Produzida (Toneladas) e Valor (Mil Reais) da Produção por Tipo de Lavoura Temporária - 2024 para",20,"Tabela 44 - Área colhida (Hectares), Quantidade Produzida (Toneladas) e Valor (Mil Reais) da Produção por Tipo de Lavoura Temporária - 2024 para","..\..\Desktop\tabelas-powerBI\1 Pará\Tabela 44 - Área colhida (Hectares), Quantidade Produzida (Toneladas) e Valor (Mil Reais) da Produção por Tipo de Lavoura Temporária - 2024 para.xlsx",RIS,4610,423.0
Tapajós,1 Pará,44,"Área colhida (Hectares), Quantidade Produzida (Toneladas) e Valor (Mil Reais) da Produção por Tipo de Lavoura Temporária - 2024 para",20,"Tabela 44 - Área colhida (Hectares), Quantidade Produzida (Toneladas) e Valor (Mil Reais) da Produção por Tipo de Lavoura Temporária - 2024 para","..\..\Desktop\tabelas-powerBI\1 Pará\Tabela 44 - Área colhida (Hectares), Quantidade Produzida (Toneladas) e Valor (Mil Reais) da Produção por Tipo de Lavoura Temporária - 2024 para.xlsx",RIS,4610,578.0
Tocantins,1 Pará,44,"Área colhida (Hectares), Quantidade Produzida (Toneladas) e Valor (Mil Reais) da Produção por Tipo de Lavoura Temporária - 2024 para",20,"Tabela 44 - Área colhida (Hectares), Quantidade Produzida (Toneladas) e Valor (Mil Reais) da Produção por Tipo de Lavoura Temporária - 2024 para","..\..\Desktop\tabelas-powerBI\1 Pará\Tabela 44 - Área colhida (Hectares), Quantidade Produzida (Toneladas) e Valor (Mil Reais) da Produção por Tipo de Lavoura Temporária - 2024 para.xlsx",RIS,4610,140.0
Xingu,1 Pará,44,"Área colhida (Hectares), Quantidade Produzida (Toneladas) e Valor (Mil Reais) da Produção por Tipo de Lavoura Temporária - 2024 para",20,"Tabela 44 - Área colhida (Hectares), Quantidade Produzida (Toneladas) e Valor (Mil Reais) da Produção por Tipo de Lavoura Temporária - 2024 para","..\..\Desktop\tabelas-powerBI\1 Pará\Tabela 44 - Área colhida (Hectares), Quantidade Produzida (Toneladas) e Valor (Mil Reais) da Produção por Tipo de Lavoura Temporária - 2024 para.xlsx",RIS,4610,375.0
Fonte: IBGE/PAM,1 Pará,44,"Área colhida (Hectares), Quantidade Produzida (Toneladas) e Valor (Mil Reais) da Produção por Tipo de Lavoura Temporária - 2024 para",20,"Tabela 44 - Área colhida (Hectares), Quantidade Produzida (Toneladas) e Valor (Mil Reais) da Produção por Tipo de Lavoura Temporária - 2024 para","..\..\Desktop\tabelas-powerBI\1 Pará\Tabela 44 - Área colhida (Hectares), Quantidade Produzida (Toneladas) e Valor (Mil Reais) da Produção por Tipo de Lavoura Temporária - 2024 para.xlsx",RIS,4610,
Elaboração: FAPESPA,1 Pará,44,"Área colhida (Hectares), Quantidade Produzida (Toneladas) e Valor (Mil Reais) da Produção por Tipo de Lavoura Temporária - 2024 para",20,"Tabela 44 - Área colhida (Hectares), Quantidade Produzida (Toneladas) e Valor (Mil Reais) da Produção por Tipo de Lavoura Temporária - 2024 para","..\..\Desktop\tabelas-powerBI\1 Pará\Tabela 44 - Área colhida (Hectares), Quantidade Produzida (Toneladas) e Valor (Mil Reais) da Produção por Tipo de Lavoura Temporária - 2024 para.xlsx",RIS,4610,
Nota: A quantidade produzida de abacaxi é expressa em mil frutos,1 Pará,44,"Área colhida (Hectares), Quantidade Produzida (Toneladas) e Valor (Mil Reais) da Produção por Tipo de Lavoura Temporária - 2024 para",20,"Tabela 44 - Área colhida (Hectares), Quantidade Produzida (Toneladas) e Valor (Mil Reais) da Produção por Tipo de Lavoura Temporária - 2024 para","..\..\Desktop\tabelas-powerBI\1 Pará\Tabela 44 - Área colhida (Hectares), Quantidade Produzida (Toneladas) e Valor (Mil Reais) da Produção por Tipo de Lavoura Temporária - 2024 para.xlsx",RIS,4610,
Araguaia,1 Pará,44,"Área colhida (Hectares), Quantidade Produzida (Toneladas) e Valor (Mil Reais) da Produção por Tipo de Lavoura Temporária - 2024 para",20,"Tabela 44 - Área colhida (Hectares), Quantidade Produzida (Toneladas) e Valor (Mil Reais) da Produção por Tipo de Lavoura Temporária - 2024 para","..\..\Desktop\tabelas-powerBI\1 Pará\Tabela 44 - Área colhida (Hectares), Quantidade Produzida (Toneladas) e Valor (Mil Reais) da Produção por Tipo de Lavoura Temporária - 2024 para.xlsx",RIS,96067,24620.0
Baixo Amazonas,1 Pará,44,"Área colhida (Hectares), Quantidade Produzida (Toneladas) e Valor (Mil Reais) da Produção por Tipo de Lavoura Temporária - 2024 para",20,"Tabela 44 - Área colhida (Hectares), Quantidade Produzida (Toneladas) e Valor (Mil Reais) da Produção por Tipo de Lavoura Temporária - 2024 para","..\..\Desktop\tabelas-powerBI\1 Pará\Tabela 44 - Área colhida (Hectares), Quantidade Produzida (Toneladas) e Valor (Mil Reais) da Produção por Tipo de Lavoura Temporária - 2024 para.xlsx",RIS,96067,18853.0
Carajás,1 Pará,44,"Área colhida (Hectares), Quantidade Produzida (Toneladas) e Valor (Mil Reais) da Produção por Tipo de Lavoura Temporária - 2024 para",20,"Tabela 44 - Área colhida (Hectares), Quantidade Produzida (Toneladas) e Valor (Mil Reais) da Produção por Tipo de Lavoura Temporária - 2024 para","..\..\Desktop\tabelas-powerBI\1 Pará\Tabela 44 - Área colhida (Hectares), Quantidade Produzida (Toneladas) e Valor (Mil Reais) da Produção por Tipo de Lavoura Temporária - 2024 para.xlsx",RIS,96067,9775.0
Guajará,1 Pará,44,"Área colhida (Hectares), Quantidade Produzida (Toneladas) e Valor (Mil Reais) da Produção por Tipo de Lavoura Temporária - 2024 para",20,"Tabela 44 - Área colhida (Hectares), Quantidade Produzida (Toneladas) e Valor (Mil Reais) da Produção por Tipo de Lavoura Temporária - 2024 para","..\..\Desktop\tabelas-powerBI\1 Pará\Tabela 44 - Área colhida (Hectares), Quantidade Produzida (Toneladas) e Valor (Mil Reais) da Produção por Tipo de Lavoura Temporária - 2024 para.xlsx",RIS,96067,0.0
Guamá,1 Pará,44,"Área colhida (Hectares), Quantidade Produzida (Toneladas) e Valor (Mil Reais) da Produção por Tipo de Lavoura Temporária - 2024 para",20,"Tabela 44 - Área colhida (Hectares), Quantidade Produzida (Toneladas) e Valor (Mil Reais) da Produção por Tipo de Lavoura Temporária - 2024 para","..\..\Desktop\tabelas-powerBI\1 Pará\Tabela 44 - Área colhida (Hectares), Quantidade Produzida (Toneladas) e Valor (Mil Reais) da Produção por Tipo de Lavoura Temporária - 2024 para.xlsx",RIS,96067,5400.0
Lago de Tucuruí,1 Pará,44,"Área colhida (Hectares), Quantidade Produzida (Toneladas) e Valor (Mil Reais) da Produção por Tipo de Lavoura Temporária - 2024 para",20,"Tabela 44 - Área colhida (Hectares), Quantidade Produzida (Toneladas) e Valor (Mil Reais) da Produção por Tipo de Lavoura Temporária - 2024 para","..\..\Desktop\tabelas-powerBI\1 Pará\Tabela 44 - Área colhida (Hectares), Quantidade Produzida (Toneladas) e Valor (Mil Reais) da Produção por Tipo de Lavoura Temporária - 2024 para.xlsx",RIS,96067,704.0
Marajó,1 Pará,44,"Área colhida (Hectares), Quantidade Produzida (Toneladas) e Valor (Mil Reais) da Produção por Tipo de Lavoura Temporária - 2024 para",20,"Tabela 44 - Área colhida (Hectares), Quantidade Produzida (Toneladas) e Valor (Mil Reais) da Produção por Tipo de Lavoura Temporária - 2024 para","..\..\Desktop\tabelas-powerBI\1 Pará\Tabela 44 - Área colhida (Hectares), Quantidade Produzida (Toneladas) e Valor (Mil Reais) da Produção por Tipo de Lavoura Temporária - 2024 para.xlsx",RIS,96067,270.0
Rio Caeté,1 Pará,44,"Área colhida (Hectares), Quantidade Produzida (Toneladas) e Valor (Mil Reais) da Produção por Tipo de Lavoura Temporária - 2024 para",20,"Tabela 44 - Área colhida (Hectares), Quantidade Produzida (Toneladas) e Valor (Mil Reais) da Produção por Tipo de Lavoura Temporária - 2024 para","..\..\Desktop\tabelas-powerBI\1 Pará\Tabela 44 - Área colhida (Hectares), Quantidade Produzida (Toneladas) e Valor (Mil Reais) da Produção por Tipo de Lavoura Temporária - 2024 para.xlsx",RIS,96067,4369.0
Rio Capim,1 Pará,44,"Área colhida (Hectares), Quantidade Produzida (Toneladas) e Valor (Mil Reais) da Produção por Tipo de Lavoura Temporária - 2024 para",20,"Tabela 44 - Área colhida (Hectares), Quantidade Produzida (Toneladas) e Valor (Mil Reais) da Produção por Tipo de Lavoura Temporária - 2024 para","..\..\Desktop\tabelas-powerBI\1 Pará\Tabela 44 - Área colhida (Hectares), Quantidade Produzida (Toneladas) e Valor (Mil Reais) da Produção por Tipo de Lavoura Temporária - 2024 para.xlsx",RIS,96067,9717.0
Tapajós,1 Pará,44,"Área colhida (Hectares), Quantidade Produzida (Toneladas) e Valor (Mil Reais) da Produção por Tipo de Lavoura Temporária - 2024 para",20,"Tabela 44 - Área colhida (Hectares), Quantidade Produzida (Toneladas) e Valor (Mil Reais) da Produção por Tipo de Lavoura Temporária - 2024 para","..\..\Desktop\tabelas-powerBI\1 Pará\Tabela 44 - Área colhida (Hectares), Quantidade Produzida (Toneladas) e Valor (Mil Reais) da Produção por Tipo de Lavoura Temporária - 2024 para.xlsx",RIS,96067,10054.0
Tocantins,1 Pará,44,"Área colhida (Hectares), Quantidade Produzida (Toneladas) e Valor (Mil Reais) da Produção por Tipo de Lavoura Temporária - 2024 para",20,"Tabela 44 - Área colhida (Hectares), Quantidade Produzida (Toneladas) e Valor (Mil Reais) da Produção por Tipo de Lavoura Temporária - 2024 para","..\..\Desktop\tabelas-powerBI\1 Pará\Tabela 44 - Área colhida (Hectares), Quantidade Produzida (Toneladas) e Valor (Mil Reais) da Produção por Tipo de Lavoura Temporária - 2024 para.xlsx",RIS,96067,3299.0
Xingu,1 Pará,44,"Área colhida (Hectares), Quantidade Produzida (Toneladas) e Valor (Mil Reais) da Produção por Tipo de Lavoura Temporária - 2024 para",20,"Tabela 44 - Área colhida (Hectares), Quantidade Produzida (Toneladas) e Valor (Mil Reais) da Produção por Tipo de Lavoura Temporária - 2024 para","..\..\Desktop\tabelas-powerBI\1 Pará\Tabela 44 - Área colhida (Hectares), Quantidade Produzida (Toneladas) e Valor (Mil Reais) da Produção por Tipo de Lavoura Temporária - 2024 para.xlsx",RIS,96067,9006.0
Fonte: IBGE/PAM,1 Pará,44,"Área colhida (Hectares), Quantidade Produzida (Toneladas) e Valor (Mil Reais) da Produção por Tipo de Lavoura Temporária - 2024 para",20,"Tabela 44 - Área colhida (Hectares), Quantidade Produzida (Toneladas) e Valor (Mil Reais) da Produção por Tipo de Lavoura Temporária - 2024 para","..\..\Desktop\tabelas-powerBI\1 Pará\Tabela 44 - Área colhida (Hectares), Quantidade Produzida (Toneladas) e Valor (Mil Reais) da Produção por Tipo de Lavoura Temporária - 2024 para.xlsx",RIS,96067,
Elaboração: FAPESPA,1 Pará,44,"Área colhida (Hectares), Quantidade Produzida (Toneladas) e Valor (Mil Reais) da Produção por Tipo de Lavoura Temporária - 2024 para",20,"Tabela 44 - Área colhida (Hectares), Quantidade Produzida (Toneladas) e Valor (Mil Reais) da Produção por Tipo de Lavoura Temporária - 2024 para","..\..\Desktop\tabelas-powerBI\1 Pará\Tabela 44 - Área colhida (Hectares), Quantidade Produzida (Toneladas) e Valor (Mil Reais) da Produção por Tipo de Lavoura Temporária - 2024 para.xlsx",RIS,96067,
Nota: A quantidade produzida de abacaxi é expressa em mil frutos,1 Pará,44,"Área colhida (Hectares), Quantidade Produzida (Toneladas) e Valor (Mil Reais) da Produção por Tipo de Lavoura Temporária - 2024 para",20,"Tabela 44 - Área colhida (Hectares), Quantidade Produzida (Toneladas) e Valor (Mil Reais) da Produção por Tipo de Lavoura Temporária - 2024 para","..\..\Desktop\tabelas-powerBI\1 Pará\Tabela 44 - Área colhida (Hectares), Quantidade Produzida (Toneladas) e Valor (Mil Reais) da Produção por Tipo de Lavoura Temporária - 2024 para.xlsx",RIS,96067,
Araguaia,1 Pará,44,"Área colhida (Hectares), Quantidade Produzida (Toneladas) e Valor (Mil Reais) da Produção por Tipo de Lavoura Temporária - 2024 para",20,"Tabela 44 - Área colhida (Hectares), Quantidade Produzida (Toneladas) e Valor (Mil Reais) da Produção por Tipo de Lavoura Temporária - 2024 para","..\..\Desktop\tabelas-powerBI\1 Pará\Tabela 44 - Área colhida (Hectares), Quantidade Produzida (Toneladas) e Valor (Mil Reais) da Produção por Tipo de Lavoura Temporária - 2024 para.xlsx",RIS,161718,26599.0
Baixo Amazonas,1 Pará,44,"Área colhida (Hectares), Quantidade Produzida (Toneladas) e Valor (Mil Reais) da Produção por Tipo de Lavoura Temporária - 2024 para",20,"Tabela 44 - Área colhida (Hectares), Quantidade Produzida (Toneladas) e Valor (Mil Reais) da Produção por Tipo de Lavoura Temporária - 2024 para","..\..\Desktop\tabelas-powerBI\1 Pará\Tabela 44 - Área colhida (Hectares), Quantidade Produzida (Toneladas) e Valor (Mil Reais) da Produção por Tipo de Lavoura Temporária - 2024 para.xlsx",RIS,161718,32731.0
Carajás,1 Pará,44,"Área colhida (Hectares), Quantidade Produzida (Toneladas) e Valor (Mil Reais) da Produção por Tipo de Lavoura Temporária - 2024 para",20,"Tabela 44 - Área colhida (Hectares), Quantidade Produzida (Toneladas) e Valor (Mil Reais) da Produção por Tipo de Lavoura Temporária - 2024 para","..\..\Desktop\tabelas-powerBI\1 Pará\Tabela 44 - Área colhida (Hectares), Quantidade Produzida (Toneladas) e Valor (Mil Reais) da Produção por Tipo de Lavoura Temporária - 2024 para.xlsx",RIS,161718,18670.0
Guajará,1 Pará,44,"Área colhida (Hectares), Quantidade Produzida (Toneladas) e Valor (Mil Reais) da Produção por Tipo de Lavoura Temporária - 2024 para",20,"Tabela 44 - Área colhida (Hectares), Quantidade Produzida (Toneladas) e Valor (Mil Reais) da Produção por Tipo de Lavoura Temporária - 2024 para","..\..\Desktop\tabelas-powerBI\1 Pará\Tabela 44 - Área colhida (Hectares), Quantidade Produzida (Toneladas) e Valor (Mil Reais) da Produção por Tipo de Lavoura Temporária - 2024 para.xlsx",RIS,161718,0.0
Guamá,1 Pará,44,"Área colhida (Hectares), Quantidade Produzida (Toneladas) e Valor (Mil Reais) da Produção por Tipo de Lavoura Temporária - 2024 para",20,"Tabela 44 - Área colhida (Hectares), Quantidade Produzida (Toneladas) e Valor (Mil Reais) da Produção por Tipo de Lavoura Temporária - 2024 para","..\..\Desktop\tabelas-powerBI\1 Pará\Tabela 44 - Área colhida (Hectares), Quantidade Produzida (Toneladas) e Valor (Mil Reais) da Produção por Tipo de Lavoura Temporária - 2024 para.xlsx",RIS,161718,9877.0
Lago de Tucuruí,1 Pará,44,"Área colhida (Hectares), Quantidade Produzida (Toneladas) e Valor (Mil Reais) da Produção por Tipo de Lavoura Temporária - 2024 para",20,"Tabela 44 - Área colhida (Hectares), Quantidade Produzida (Toneladas) e Valor (Mil Reais) da Produção por Tipo de Lavoura Temporária - 2024 para","..\..\Desktop\tabelas-powerBI\1 Pará\Tabela 44 - Área colhida (Hectares), Quantidade Produzida (Toneladas) e Valor (Mil Reais) da Produção por Tipo de Lavoura Temporária - 2024 para.xlsx",RIS,161718,1135.0
Marajó,1 Pará,44,"Área colhida (Hectares), Quantidade Produzida (Toneladas) e Valor (Mil Reais) da Produção por Tipo de Lavoura Temporária - 2024 para",20,"Tabela 44 - Área colhida (Hectares), Quantidade Produzida (Toneladas) e Valor (Mil Reais) da Produção por Tipo de Lavoura Temporária - 2024 para","..\..\Desktop\tabelas-powerBI\1 Pará\Tabela 44 - Área colhida (Hectares), Quantidade Produzida (Toneladas) e Valor (Mil Reais) da Produção por Tipo de Lavoura Temporária - 2024 para.xlsx",RIS,161718,378.0
Rio Caeté,1 Pará,44,"Área colhida (Hectares), Quantidade Produzida (Toneladas) e Valor (Mil Reais) da Produção por Tipo de Lavoura Temporária - 2024 para",20,"Tabela 44 - Área colhida (Hectares), Quantidade Produzida (Toneladas) e Valor (Mil Reais) da Produção por Tipo de Lavoura Temporária - 2024 para","..\..\Desktop\tabelas-powerBI\1 Pará\Tabela 44 - Área colhida (Hectares), Quantidade Produzida (Toneladas) e Valor (Mil Reais) da Produção por Tipo de Lavoura Temporária - 2024 para.xlsx",RIS,161718,5701.0
Rio Capim,1 Pará,44,"Área colhida (Hectares), Quantidade Produzida (Toneladas) e Valor (Mil Reais) da Produção por Tipo de Lavoura Temporária - 2024 para",20,"Tabela 44 - Área colhida (Hectares), Quantidade Produzida (Toneladas) e Valor (Mil Reais) da Produção por Tipo de Lavoura Temporária - 2024 para","..\..\Desktop\tabelas-powerBI\1 Pará\Tabela 44 - Área colhida (Hectares), Quantidade Produzida (Toneladas) e Valor (Mil Reais) da Produção por Tipo de Lavoura Temporária - 2024 para.xlsx",RIS,161718,18401.0
Tapajós,1 Pará,44,"Área colhida (Hectares), Quantidade Produzida (Toneladas) e Valor (Mil Reais) da Produção por Tipo de Lavoura Temporária - 2024 para",20,"Tabela 44 - Área colhida (Hectares), Quantidade Produzida (Toneladas) e Valor (Mil Reais) da Produção por Tipo de Lavoura Temporária - 2024 para","..\..\Desktop\tabelas-powerBI\1 Pará\Tabela 44 - Área colhida (Hectares), Quantidade Produzida (Toneladas) e Valor (Mil Reais) da Produção por Tipo de Lavoura Temporária - 2024 para.xlsx",RIS,161718,25576.0
Tocantins,1 Pará,44,"Área colhida (Hectares), Quantidade Produzida (Toneladas) e Valor (Mil Reais) da Produção por Tipo de Lavoura Temporária - 2024 para",20,"Tabela 44 - Área colhida (Hectares), Quantidade Produzida (Toneladas) e Valor (Mil Reais) da Produção por Tipo de Lavoura Temporária - 2024 para","..\..\Desktop\tabelas-powerBI\1 Pará\Tabela 44 - Área colhida (Hectares), Quantidade Produzida (Toneladas) e Valor (Mil Reais) da Produção por Tipo de Lavoura Temporária - 2024 para.xlsx",RIS,161718,5842.0
Xingu,1 Pará,44,"Área colhida (Hectares), Quantidade Produzida (Toneladas) e Valor (Mil Reais) da Produção por Tipo de Lavoura Temporária - 2024 para",20,"Tabela 44 - Área colhida (Hectares), Quantidade Produzida (Toneladas) e Valor (Mil Reais) da Produção por Tipo de Lavoura Temporária - 2024 para","..\..\Desktop\tabelas-powerBI\1 Pará\Tabela 44 - Área colhida (Hectares), Quantidade Produzida (Toneladas) e Valor (Mil Reais) da Produção por Tipo de Lavoura Temporária - 2024 para.xlsx",RIS,161718,16814.0
Fonte: IBGE/PAM,1 Pará,44,"Área colhida (Hectares), Quantidade Produzida (Toneladas) e Valor (Mil Reais) da Produção por Tipo de Lavoura Temporária - 2024 para",20,"Tabela 44 - Área colhida (Hectares), Quantidade Produzida (Toneladas) e Valor (Mil Reais) da Produção por Tipo de Lavoura Temporária - 2024 para","..\..\Desktop\tabelas-powerBI\1 Pará\Tabela 44 - Área colhida (Hectares), Quantidade Produzida (Toneladas) e Valor (Mil Reais) da Produção por Tipo de Lavoura Temporária - 2024 para.xlsx",RIS,161718,
Elaboração: FAPESPA,1 Pará,44,"Área colhida (Hectares), Quantidade Produzida (Toneladas) e Valor (Mil Reais) da Produção por Tipo de Lavoura Temporária - 2024 para",20,"Tabela 44 - Área colhida (Hectares), Quantidade Produzida (Toneladas) e Valor (Mil Reais) da Produção por Tipo de Lavoura Temporária - 2024 para","..\..\Desktop\tabelas-powerBI\1 Pará\Tabela 44 - Área colhida (Hectares), Quantidade Produzida (Toneladas) e Valor (Mil Reais) da Produção por Tipo de Lavoura Temporária - 2024 para.xlsx",RIS,161718,
Nota: A quantidade produzida de abacaxi é expressa em mil frutos,1 Pará,44,"Área colhida (Hectares), Quantidade Produzida (Toneladas) e Valor (Mil Reais) da Produção por Tipo de Lavoura Temporária - 2024 para",20,"Tabela 44 - Área colhida (Hectares), Quantidade Produzida (Toneladas) e Valor (Mil Reais) da Produção por Tipo de Lavoura Temporária - 2024 para","..\..\Desktop\tabelas-powerBI\1 Pará\Tabela 44 - Área colhida (Hectares), Quantidade Produzida (Toneladas) e Valor (Mil Reais) da Produção por Tipo de Lavoura Temporária - 2024 para.xlsx",RIS,161718,
Araguaia,1 Pará,44,"Área colhida (Hectares), Quantidade Produzida (Toneladas) e Valor (Mil Reais) da Produção por Tipo de Lavoura Temporária - 2024 para",20,"Tabela 44 - Área colhida (Hectares), Quantidade Produzida (Toneladas) e Valor (Mil Reais) da Produção por Tipo de Lavoura Temporária - 2024 para","..\..\Desktop\tabelas-powerBI\1 Pará\Tabela 44 - Área colhida (Hectares), Quantidade Produzida (Toneladas) e Valor (Mil Reais) da Produção por Tipo de Lavoura Temporária - 2024 para.xlsx",RIS,477562,175534.0
Baixo Amazonas,1 Pará,44,"Área colhida (Hectares), Quantidade Produzida (Toneladas) e Valor (Mil Reais) da Produção por Tipo de Lavoura Temporária - 2024 para",20,"Tabela 44 - Área colhida (Hectares), Quantidade Produzida (Toneladas) e Valor (Mil Reais) da Produção por Tipo de Lavoura Temporária - 2024 para","..\..\Desktop\tabelas-powerBI\1 Pará\Tabela 44 - Área colhida (Hectares), Quantidade Produzida (Toneladas) e Valor (Mil Reais) da Produção por Tipo de Lavoura Temporária - 2024 para.xlsx",RIS,477562,69238.0
Carajás,1 Pará,44,"Área colhida (Hectares), Quantidade Produzida (Toneladas) e Valor (Mil Reais) da Produção por Tipo de Lavoura Temporária - 2024 para",20,"Tabela 44 - Área colhida (Hectares), Quantidade Produzida (Toneladas) e Valor (Mil Reais) da Produção por Tipo de Lavoura Temporária - 2024 para","..\..\Desktop\tabelas-powerBI\1 Pará\Tabela 44 - Área colhida (Hectares), Quantidade Produzida (Toneladas) e Valor (Mil Reais) da Produção por Tipo de Lavoura Temporária - 2024 para.xlsx",RIS,477562,34225.0
Guajará,1 Pará,44,"Área colhida (Hectares), Quantidade Produzida (Toneladas) e Valor (Mil Reais) da Produção por Tipo de Lavoura Temporária - 2024 para",20,"Tabela 44 - Área colhida (Hectares), Quantidade Produzida (Toneladas) e Valor (Mil Reais) da Produção por Tipo de Lavoura Temporária - 2024 para","..\..\Desktop\tabelas-powerBI\1 Pará\Tabela 44 - Área colhida (Hectares), Quantidade Produzida (Toneladas) e Valor (Mil Reais) da Produção por Tipo de Lavoura Temporária - 2024 para.xlsx",RIS,477562,30.0
Guamá,1 Pará,44,"Área colhida (Hectares), Quantidade Produzida (Toneladas) e Valor (Mil Reais) da Produção por Tipo de Lavoura Temporária - 2024 para",20,"Tabela 44 - Área colhida (Hectares), Quantidade Produzida (Toneladas) e Valor (Mil Reais) da Produção por Tipo de Lavoura Temporária - 2024 para","..\..\Desktop\tabelas-powerBI\1 Pará\Tabela 44 - Área colhida (Hectares), Quantidade Produzida (Toneladas) e Valor (Mil Reais) da Produção por Tipo de Lavoura Temporária - 2024 para.xlsx",RIS,477562,3387.0
Lago de Tucuruí,1 Pará,44,"Área colhida (Hectares), Quantidade Produzida (Toneladas) e Valor (Mil Reais) da Produção por Tipo de Lavoura Temporária - 2024 para",20,"Tabela 44 - Área colhida (Hectares), Quantidade Produzida (Toneladas) e Valor (Mil Reais) da Produção por Tipo de Lavoura Temporária - 2024 para","..\..\Desktop\tabelas-powerBI\1 Pará\Tabela 44 - Área colhida (Hectares), Quantidade Produzida (Toneladas) e Valor (Mil Reais) da Produção por Tipo de Lavoura Temporária - 2024 para.xlsx",RIS,477562,7642.0
Marajó,1 Pará,44,"Área colhida (Hectares), Quantidade Produzida (Toneladas) e Valor (Mil Reais) da Produção por Tipo de Lavoura Temporária - 2024 para",20,"Tabela 44 - Área colhida (Hectares), Quantidade Produzida (Toneladas) e Valor (Mil Reais) da Produção por Tipo de Lavoura Temporária - 2024 para","..\..\Desktop\tabelas-powerBI\1 Pará\Tabela 44 - Área colhida (Hectares), Quantidade Produzida (Toneladas) e Valor (Mil Reais) da Produção por Tipo de Lavoura Temporária - 2024 para.xlsx",RIS,477562,114.0
Rio Caeté,1 Pará,44,"Área colhida (Hectares), Quantidade Produzida (Toneladas) e Valor (Mil Reais) da Produção por Tipo de Lavoura Temporária - 2024 para",20,"Tabela 44 - Área colhida (Hectares), Quantidade Produzida (Toneladas) e Valor (Mil Reais) da Produção por Tipo de Lavoura Temporária - 2024 para","..\..\Desktop\tabelas-powerBI\1 Pará\Tabela 44 - Área colhida (Hectares), Quantidade Produzida (Toneladas) e Valor (Mil Reais) da Produção por Tipo de Lavoura Temporária - 2024 para.xlsx",RIS,477562,2850.0
Rio Capim,1 Pará,44,"Área colhida (Hectares), Quantidade Produzida (Toneladas) e Valor (Mil Reais) da Produção por Tipo de Lavoura Temporária - 2024 para",20,"Tabela 44 - Área colhida (Hectares), Quantidade Produzida (Toneladas) e Valor (Mil Reais) da Produção por Tipo de Lavoura Temporária - 2024 para","..\..\Desktop\tabelas-powerBI\1 Pará\Tabela 44 - Área colhida (Hectares), Quantidade Produzida (Toneladas) e Valor (Mil Reais) da Produção por Tipo de Lavoura Temporária - 2024 para.xlsx",RIS,477562,128870.0
Tapajós,1 Pará,44,"Área colhida (Hectares), Quantidade Produzida (Toneladas) e Valor (Mil Reais) da Produção por Tipo de Lavoura Temporária - 2024 para",20,"Tabela 44 - Área colhida (Hectares), Quantidade Produzida (Toneladas) e Valor (Mil Reais) da Produção por Tipo de Lavoura Temporária - 2024 para","..\..\Desktop\tabelas-powerBI\1 Pará\Tabela 44 - Área colhida (Hectares), Quantidade Produzida (Toneladas) e Valor (Mil Reais) da Produção por Tipo de Lavoura Temporária - 2024 para.xlsx",RIS,477562,9560.0
Tocantins,1 Pará,44,"Área colhida (Hectares), Quantidade Produzida (Toneladas) e Valor (Mil Reais) da Produção por Tipo de Lavoura Temporária - 2024 para",20,"Tabela 44 - Área colhida (Hectares), Quantidade Produzida (Toneladas) e Valor (Mil Reais) da Produção por Tipo de Lavoura Temporária - 2024 para","..\..\Desktop\tabelas-powerBI\1 Pará\Tabela 44 - Área colhida (Hectares), Quantidade Produzida (Toneladas) e Valor (Mil Reais) da Produção por Tipo de Lavoura Temporária - 2024 para.xlsx",RIS,477562,23362.0
Xingu,1 Pará,44,"Área colhida (Hectares), Quantidade Produzida (Toneladas) e Valor (Mil Reais) da Produção por Tipo de Lavoura Temporária - 2024 para",20,"Tabela 44 - Área colhida (Hectares), Quantidade Produzida (Toneladas) e Valor (Mil Reais) da Produção por Tipo de Lavoura Temporária - 2024 para","..\..\Desktop\tabelas-powerBI\1 Pará\Tabela 44 - Área colhida (Hectares), Quantidade Produzida (Toneladas) e Valor (Mil Reais) da Produção por Tipo de Lavoura Temporária - 2024 para.xlsx",RIS,477562,22750.0
Fonte: IBGE/PAM,1 Pará,44,"Área colhida (Hectares), Quantidade Produzida (Toneladas) e Valor (Mil Reais) da Produção por Tipo de Lavoura Temporária - 2024 para",20,"Tabela 44 - Área colhida (Hectares), Quantidade Produzida (Toneladas) e Valor (Mil Reais) da Produção por Tipo de Lavoura Temporária - 2024 para","..\..\Desktop\tabelas-powerBI\1 Pará\Tabela 44 - Área colhida (Hectares), Quantidade Produzida (Toneladas) e Valor (Mil Reais) da Produção por Tipo de Lavoura Temporária - 2024 para.xlsx",RIS,477562,
Elaboração: FAPESPA,1 Pará,44,"Área colhida (Hectares), Quantidade Produzida (Toneladas) e Valor (Mil Reais) da Produção por Tipo de Lavoura Temporária - 2024 para",20,"Tabela 44 - Área colhida (Hectares), Quantidade Produzida (Toneladas) e Valor (Mil Reais) da Produção por Tipo de Lavoura Temporária - 2024 para","..\..\Desktop\tabelas-powerBI\1 Pará\Tabela 44 - Área colhida (Hectares), Quantidade Produzida (Toneladas) e Valor (Mil Reais) da Produção por Tipo de Lavoura Temporária - 2024 para.xlsx",RIS,477562,
Nota: A quantidade produzida de abacaxi é expressa em mil frutos,1 Pará,44,"Área colhida (Hectares), Quantidade Produzida (Toneladas) e Valor (Mil Reais) da Produção por Tipo de Lavoura Temporária - 2024 para",20,"Tabela 44 - Área colhida (Hectares), Quantidade Produzida (Toneladas) e Valor (Mil Reais) da Produção por Tipo de Lavoura Temporária - 2024 para","..\..\Desktop\tabelas-powerBI\1 Pará\Tabela 44 - Área colhida (Hectares), Quantidade Produzida (Toneladas) e Valor (Mil Reais) da Produção por Tipo de Lavoura Temporária - 2024 para.xlsx",RIS,477562,
Araguaia,1 Pará,44,"Área colhida (Hectares), Quantidade Produzida (Toneladas) e Valor (Mil Reais) da Produção por Tipo de Lavoura Temporária - 2024 para",20,"Tabela 44 - Área colhida (Hectares), Quantidade Produzida (Toneladas) e Valor (Mil Reais) da Produção por Tipo de Lavoura Temporária - 2024 para","..\..\Desktop\tabelas-powerBI\1 Pará\Tabela 44 - Área colhida (Hectares), Quantidade Produzida (Toneladas) e Valor (Mil Reais) da Produção por Tipo de Lavoura Temporária - 2024 para.xlsx",RIS,1759249,781958.0
Baixo Amazonas,1 Pará,44,"Área colhida (Hectares), Quantidade Produzida (Toneladas) e Valor (Mil Reais) da Produção por Tipo de Lavoura Temporária - 2024 para",20,"Tabela 44 - Área colhida (Hectares), Quantidade Produzida (Toneladas) e Valor (Mil Reais) da Produção por Tipo de Lavoura Temporária - 2024 para","..\..\Desktop\tabelas-powerBI\1 Pará\Tabela 44 - Área colhida (Hectares), Quantidade Produzida (Toneladas) e Valor (Mil Reais) da Produção por Tipo de Lavoura Temporária - 2024 para.xlsx",RIS,1759249,185193.0
Carajás,1 Pará,44,"Área colhida (Hectares), Quantidade Produzida (Toneladas) e Valor (Mil Reais) da Produção por Tipo de Lavoura Temporária - 2024 para",20,"Tabela 44 - Área colhida (Hectares), Quantidade Produzida (Toneladas) e Valor (Mil Reais) da Produção por Tipo de Lavoura Temporária - 2024 para","..\..\Desktop\tabelas-powerBI\1 Pará\Tabela 44 - Área colhida (Hectares), Quantidade Produzida (Toneladas) e Valor (Mil Reais) da Produção por Tipo de Lavoura Temporária - 2024 para.xlsx",RIS,1759249,111627.0
Guajará,1 Pará,44,"Área colhida (Hectares), Quantidade Produzida (Toneladas) e Valor (Mil Reais) da Produção por Tipo de Lavoura Temporária - 2024 para",20,"Tabela 44 - Área colhida (Hectares), Quantidade Produzida (Toneladas) e Valor (Mil Reais) da Produção por Tipo de Lavoura Temporária - 2024 para","..\..\Desktop\tabelas-powerBI\1 Pará\Tabela 44 - Área colhida (Hectares), Quantidade Produzida (Toneladas) e Valor (Mil Reais) da Produção por Tipo de Lavoura Temporária - 2024 para.xlsx",RIS,1759249,34.0
Guamá,1 Pará,44,"Área colhida (Hectares), Quantidade Produzida (Toneladas) e Valor (Mil Reais) da Produção por Tipo de Lavoura Temporária - 2024 para",20,"Tabela 44 - Área colhida (Hectares), Quantidade Produzida (Toneladas) e Valor (Mil Reais) da Produção por Tipo de Lavoura Temporária - 2024 para","..\..\Desktop\tabelas-powerBI\1 Pará\Tabela 44 - Área colhida (Hectares), Quantidade Produzida (Toneladas) e Valor (Mil Reais) da Produção por Tipo de Lavoura Temporária - 2024 para.xlsx",RIS,1759249,2446.0
Lago de Tucuruí,1 Pará,44,"Área colhida (Hectares), Quantidade Produzida (Toneladas) e Valor (Mil Reais) da Produção por Tipo de Lavoura Temporária - 2024 para",20,"Tabela 44 - Área colhida (Hectares), Quantidade Produzida (Toneladas) e Valor (Mil Reais) da Produção por Tipo de Lavoura Temporária - 2024 para","..\..\Desktop\tabelas-powerBI\1 Pará\Tabela 44 - Área colhida (Hectares), Quantidade Produzida (Toneladas) e Valor (Mil Reais) da Produção por Tipo de Lavoura Temporária - 2024 para.xlsx",RIS,1759249,25947.0
Marajó,1 Pará,44,"Área colhida (Hectares), Quantidade Produzida (Toneladas) e Valor (Mil Reais) da Produção por Tipo de Lavoura Temporária - 2024 para",20,"Tabela 44 - Área colhida (Hectares), Quantidade Produzida (Toneladas) e Valor (Mil Reais) da Produção por Tipo de Lavoura Temporária - 2024 para","..\..\Desktop\tabelas-powerBI\1 Pará\Tabela 44 - Área colhida (Hectares), Quantidade Produzida (Toneladas) e Valor (Mil Reais) da Produção por Tipo de Lavoura Temporária - 2024 para.xlsx",RIS,1759249,113.0
Rio Caeté,1 Pará,44,"Área colhida (Hectares), Quantidade Produzida (Toneladas) e Valor (Mil Reais) da Produção por Tipo de Lavoura Temporária - 2024 para",20,"Tabela 44 - Área colhida (Hectares), Quantidade Produzida (Toneladas) e Valor (Mil Reais) da Produção por Tipo de Lavoura Temporária - 2024 para","..\..\Desktop\tabelas-powerBI\1 Pará\Tabela 44 - Área colhida (Hectares), Quantidade Produzida (Toneladas) e Valor (Mil Reais) da Produção por Tipo de Lavoura Temporária - 2024 para.xlsx",RIS,1759249,2594.0
Rio Capim,1 Pará,44,"Área colhida (Hectares), Quantidade Produzida (Toneladas) e Valor (Mil Reais) da Produção por Tipo de Lavoura Temporária - 2024 para",20,"Tabela 44 - Área colhida (Hectares), Quantidade Produzida (Toneladas) e Valor (Mil Reais) da Produção por Tipo de Lavoura Temporária - 2024 para","..\..\Desktop\tabelas-powerBI\1 Pará\Tabela 44 - Área colhida (Hectares), Quantidade Produzida (Toneladas) e Valor (Mil Reais) da Produção por Tipo de Lavoura Temporária - 2024 para.xlsx",RIS,1759249,477386.0
Tapajós,1 Pará,44,"Área colhida (Hectares), Quantidade Produzida (Toneladas) e Valor (Mil Reais) da Produção por Tipo de Lavoura Temporária - 2024 para",20,"Tabela 44 - Área colhida (Hectares), Quantidade Produzida (Toneladas) e Valor (Mil Reais) da Produção por Tipo de Lavoura Temporária - 2024 para","..\..\Desktop\tabelas-powerBI\1 Pará\Tabela 44 - Área colhida (Hectares), Quantidade Produzida (Toneladas) e Valor (Mil Reais) da Produção por Tipo de Lavoura Temporária - 2024 para.xlsx",RIS,1759249,30197.0
Tocantins,1 Pará,44,"Área colhida (Hectares), Quantidade Produzida (Toneladas) e Valor (Mil Reais) da Produção por Tipo de Lavoura Temporária - 2024 para",20,"Tabela 44 - Área colhida (Hectares), Quantidade Produzida (Toneladas) e Valor (Mil Reais) da Produção por Tipo de Lavoura Temporária - 2024 para","..\..\Desktop\tabelas-powerBI\1 Pará\Tabela 44 - Área colhida (Hectares), Quantidade Produzida (Toneladas) e Valor (Mil Reais) da Produção por Tipo de Lavoura Temporária - 2024 para.xlsx",RIS,1759249,57192.0
Xingu,1 Pará,44,"Área colhida (Hectares), Quantidade Produzida (Toneladas) e Valor (Mil Reais) da Produção por Tipo de Lavoura Temporária - 2024 para",20,"Tabela 44 - Área colhida (Hectares), Quantidade Produzida (Toneladas) e Valor (Mil Reais) da Produção por Tipo de Lavoura Temporária - 2024 para","..\..\Desktop\tabelas-powerBI\1 Pará\Tabela 44 - Área colhida (Hectares), Quantidade Produzida (Toneladas) e Valor (Mil Reais) da Produção por Tipo de Lavoura Temporária - 2024 para.xlsx",RIS,1759249,84562.0
Fonte: IBGE/PAM,1 Pará,44,"Área colhida (Hectares), Quantidade Produzida (Toneladas) e Valor (Mil Reais) da Produção por Tipo de Lavoura Temporária - 2024 para",20,"Tabela 44 - Área colhida (Hectares), Quantidade Produzida (Toneladas) e Valor (Mil Reais) da Produção por Tipo de Lavoura Temporária - 2024 para","..\..\Desktop\tabelas-powerBI\1 Pará\Tabela 44 - Área colhida (Hectares), Quantidade Produzida (Toneladas) e Valor (Mil Reais) da Produção por Tipo de Lavoura Temporária - 2024 para.xlsx",RIS,1759249,
Elaboração: FAPESPA,1 Pará,44,"Área colhida (Hectares), Quantidade Produzida (Toneladas) e Valor (Mil Reais) da Produção por Tipo de Lavoura Temporária - 2024 para",20,"Tabela 44 - Área colhida (Hectares), Quantidade Produzida (Toneladas) e Valor (Mil Reais) da Produção por Tipo de Lavoura Temporária - 2024 para","..\..\Desktop\tabelas-powerBI\1 Pará\Tabela 44 - Área colhida (Hectares), Quantidade Produzida (Toneladas) e Valor (Mil Reais) da Produção por Tipo de Lavoura Temporária - 2024 para.xlsx",RIS,1759249,
Nota: A quantidade produzida de abacaxi é expressa em mil frutos,1 Pará,44,"Área colhida (Hectares), Quantidade Produzida (Toneladas) e Valor (Mil Reais) da Produção por Tipo de Lavoura Temporária - 2024 para",20,"Tabela 44 - Área colhida (Hectares), Quantidade Produzida (Toneladas) e Valor (Mil Reais) da Produção por Tipo de Lavoura Temporária - 2024 para","..\..\Desktop\tabelas-powerBI\1 Pará\Tabela 44 - Área colhida (Hectares), Quantidade Produzida (Toneladas) e Valor (Mil Reais) da Produção por Tipo de Lavoura Temporária - 2024 para.xlsx",RIS,1759249,
Araguaia,1 Pará,44,"Área colhida (Hectares), Quantidade Produzida (Toneladas) e Valor (Mil Reais) da Produção por Tipo de Lavoura Temporária - 2024 para",20,"Tabela 44 - Área colhida (Hectares), Quantidade Produzida (Toneladas) e Valor (Mil Reais) da Produção por Tipo de Lavoura Temporária - 2024 para","..\..\Desktop\tabelas-powerBI\1 Pará\Tabela 44 - Área colhida (Hectares), Quantidade Produzida (Toneladas) e Valor (Mil Reais) da Produção por Tipo de Lavoura Temporária - 2024 para.xlsx",RIS,1562172,647960.0
Baixo Amazonas,1 Pará,44,"Área colhida (Hectares), Quantidade Produzida (Toneladas) e Valor (Mil Reais) da Produção por Tipo de Lavoura Temporária - 2024 para",20,"Tabela 44 - Área colhida (Hectares), Quantidade Produzida (Toneladas) e Valor (Mil Reais) da Produção por Tipo de Lavoura Temporária - 2024 para","..\..\Desktop\tabelas-powerBI\1 Pará\Tabela 44 - Área colhida (Hectares), Quantidade Produzida (Toneladas) e Valor (Mil Reais) da Produção por Tipo de Lavoura Temporária - 2024 para.xlsx",RIS,1562172,156678.0
Carajás,1 Pará,44,"Área colhida (Hectares), Quantidade Produzida (Toneladas) e Valor (Mil Reais) da Produção por Tipo de Lavoura Temporária - 2024 para",20,"Tabela 44 - Área colhida (Hectares), Quantidade Produzida (Toneladas) e Valor (Mil Reais) da Produção por Tipo de Lavoura Temporária - 2024 para","..\..\Desktop\tabelas-powerBI\1 Pará\Tabela 44 - Área colhida (Hectares), Quantidade Produzida (Toneladas) e Valor (Mil Reais) da Produção por Tipo de Lavoura Temporária - 2024 para.xlsx",RIS,1562172,104743.0
Guajará,1 Pará,44,"Área colhida (Hectares), Quantidade Produzida (Toneladas) e Valor (Mil Reais) da Produção por Tipo de Lavoura Temporária - 2024 para",20,"Tabela 44 - Área colhida (Hectares), Quantidade Produzida (Toneladas) e Valor (Mil Reais) da Produção por Tipo de Lavoura Temporária - 2024 para","..\..\Desktop\tabelas-powerBI\1 Pará\Tabela 44 - Área colhida (Hectares), Quantidade Produzida (Toneladas) e Valor (Mil Reais) da Produção por Tipo de Lavoura Temporária - 2024 para.xlsx",RIS,1562172,34.0
Guamá,1 Pará,44,"Área colhida (Hectares), Quantidade Produzida (Toneladas) e Valor (Mil Reais) da Produção por Tipo de Lavoura Temporária - 2024 para",20,"Tabela 44 - Área colhida (Hectares), Quantidade Produzida (Toneladas) e Valor (Mil Reais) da Produção por Tipo de Lavoura Temporária - 2024 para","..\..\Desktop\tabelas-powerBI\1 Pará\Tabela 44 - Área colhida (Hectares), Quantidade Produzida (Toneladas) e Valor (Mil Reais) da Produção por Tipo de Lavoura Temporária - 2024 para.xlsx",RIS,1562172,3709.0
Lago de Tucuruí,1 Pará,44,"Área colhida (Hectares), Quantidade Produzida (Toneladas) e Valor (Mil Reais) da Produção por Tipo de Lavoura Temporária - 2024 para",20,"Tabela 44 - Área colhida (Hectares), Quantidade Produzida (Toneladas) e Valor (Mil Reais) da Produção por Tipo de Lavoura Temporária - 2024 para","..\..\Desktop\tabelas-powerBI\1 Pará\Tabela 44 - Área colhida (Hectares), Quantidade Produzida (Toneladas) e Valor (Mil Reais) da Produção por Tipo de Lavoura Temporária - 2024 para.xlsx",RIS,1562172,22423.0
Marajó,1 Pará,44,"Área colhida (Hectares), Quantidade Produzida (Toneladas) e Valor (Mil Reais) da Produção por Tipo de Lavoura Temporária - 2024 para",20,"Tabela 44 - Área colhida (Hectares), Quantidade Produzida (Toneladas) e Valor (Mil Reais) da Produção por Tipo de Lavoura Temporária - 2024 para","..\..\Desktop\tabelas-powerBI\1 Pará\Tabela 44 - Área colhida (Hectares), Quantidade Produzida (Toneladas) e Valor (Mil Reais) da Produção por Tipo de Lavoura Temporária - 2024 para.xlsx",RIS,1562172,139.0
Rio Caeté,1 Pará,44,"Área colhida (Hectares), Quantidade Produzida (Toneladas) e Valor (Mil Reais) da Produção por Tipo de Lavoura Temporária - 2024 para",20,"Tabela 44 - Área colhida (Hectares), Quantidade Produzida (Toneladas) e Valor (Mil Reais) da Produção por Tipo de Lavoura Temporária - 2024 para","..\..\Desktop\tabelas-powerBI\1 Pará\Tabela 44 - Área colhida (Hectares), Quantidade Produzida (Toneladas) e Valor (Mil Reais) da Produção por Tipo de Lavoura Temporária - 2024 para.xlsx",RIS,1562172,3605.0
Rio Capim,1 Pará,44,"Área colhida (Hectares), Quantidade Produzida (Toneladas) e Valor (Mil Reais) da Produção por Tipo de Lavoura Temporária - 2024 para",20,"Tabela 44 - Área colhida (Hectares), Quantidade Produzida (Toneladas) e Valor (Mil Reais) da Produção por Tipo de Lavoura Temporária - 2024 para","..\..\Desktop\tabelas-powerBI\1 Pará\Tabela 44 - Área colhida (Hectares), Quantidade Produzida (Toneladas) e Valor (Mil Reais) da Produção por Tipo de Lavoura Temporária - 2024 para.xlsx",RIS,1562172,449154.0
Tapajós,1 Pará,44,"Área colhida (Hectares), Quantidade Produzida (Toneladas) e Valor (Mil Reais) da Produção por Tipo de Lavoura Temporária - 2024 para",20,"Tabela 44 - Área colhida (Hectares), Quantidade Produzida (Toneladas) e Valor (Mil Reais) da Produção por Tipo de Lavoura Temporária - 2024 para","..\..\Desktop\tabelas-powerBI\1 Pará\Tabela 44 - Área colhida (Hectares), Quantidade Produzida (Toneladas) e Valor (Mil Reais) da Produção por Tipo de Lavoura Temporária - 2024 para.xlsx",RIS,1562172,26841.0
Tocantins,1 Pará,44,"Área colhida (Hectares), Quantidade Produzida (Toneladas) e Valor (Mil Reais) da Produção por Tipo de Lavoura Temporária - 2024 para",20,"Tabela 44 - Área colhida (Hectares), Quantidade Produzida (Toneladas) e Valor (Mil Reais) da Produção por Tipo de Lavoura Temporária - 2024 para","..\..\Desktop\tabelas-powerBI\1 Pará\Tabela 44 - Área colhida (Hectares), Quantidade Produzida (Toneladas) e Valor (Mil Reais) da Produção por Tipo de Lavoura Temporária - 2024 para.xlsx",RIS,1562172,58377.0
Xingu,1 Pará,44,"Área colhida (Hectares), Quantidade Produzida (Toneladas) e Valor (Mil Reais) da Produção por Tipo de Lavoura Temporária - 2024 para",20,"Tabela 44 - Área colhida (Hectares), Quantidade Produzida (Toneladas) e Valor (Mil Reais) da Produção por Tipo de Lavoura Temporária - 2024 para","..\..\Desktop\tabelas-powerBI\1 Pará\Tabela 44 - Área colhida (Hectares), Quantidade Produzida (Toneladas) e Valor (Mil Reais) da Produção por Tipo de Lavoura Temporária - 2024 para.xlsx",RIS,1562172,88510.0
Fonte: IBGE/PAM,1 Pará,44,"Área colhida (Hectares), Quantidade Produzida (Toneladas) e Valor (Mil Reais) da Produção por Tipo de Lavoura Temporária - 2024 para",20,"Tabela 44 - Área colhida (Hectares), Quantidade Produzida (Toneladas) e Valor (Mil Reais) da Produção por Tipo de Lavoura Temporária - 2024 para","..\..\Desktop\tabelas-powerBI\1 Pará\Tabela 44 - Área colhida (Hectares), Quantidade Produzida (Toneladas) e Valor (Mil Reais) da Produção por Tipo de Lavoura Temporária - 2024 para.xlsx",RIS,1562172,
Elaboração: FAPESPA,1 Pará,44,"Área colhida (Hectares), Quantidade Produzida (Toneladas) e Valor (Mil Reais) da Produção por Tipo de Lavoura Temporária - 2024 para",20,"Tabela 44 - Área colhida (Hectares), Quantidade Produzida (Toneladas) e Valor (Mil Reais) da Produção por Tipo de Lavoura Temporária - 2024 para","..\..\Desktop\tabelas-powerBI\1 Pará\Tabela 44 - Área colhida (Hectares), Quantidade Produzida (Toneladas) e Valor (Mil Reais) da Produção por Tipo de Lavoura Temporária - 2024 para.xlsx",RIS,1562172,
Nota: A quantidade produzida de abacaxi é expressa em mil frutos,1 Pará,44,"Área colhida (Hectares), Quantidade Produzida (Toneladas) e Valor (Mil Reais) da Produção por Tipo de Lavoura Temporária - 2024 para",20,"Tabela 44 - Área colhida (Hectares), Quantidade Produzida (Toneladas) e Valor (Mil Reais) da Produção por Tipo de Lavoura Temporária - 2024 para","..\..\Desktop\tabelas-powerBI\1 Pará\Tabela 44 - Área colhida (Hectares), Quantidade Produzida (Toneladas) e Valor (Mil Reais) da Produção por Tipo de Lavoura Temporária - 2024 para.xlsx",RIS,1562172,
Araguaia,1 Pará,44,"Área colhida (Hectares), Quantidade Produzida (Toneladas) e Valor (Mil Reais) da Produção por Tipo de Lavoura Temporária - 2024 para",20,"Tabela 44 - Área colhida (Hectares), Quantidade Produzida (Toneladas) e Valor (Mil Reais) da Produção por Tipo de Lavoura Temporária - 2024 para","..\..\Desktop\tabelas-powerBI\1 Pará\Tabela 44 - Área colhida (Hectares), Quantidade Produzida (Toneladas) e Valor (Mil Reais) da Produção por Tipo de Lavoura Temporária - 2024 para.xlsx",RIS,1192224,387461.0
Baixo Amazonas,1 Pará,44,"Área colhida (Hectares), Quantidade Produzida (Toneladas) e Valor (Mil Reais) da Produção por Tipo de Lavoura Temporária - 2024 para",20,"Tabela 44 - Área colhida (Hectares), Quantidade Produzida (Toneladas) e Valor (Mil Reais) da Produção por Tipo de Lavoura Temporária - 2024 para","..\..\Desktop\tabelas-powerBI\1 Pará\Tabela 44 - Área colhida (Hectares), Quantidade Produzida (Toneladas) e Valor (Mil Reais) da Produção por Tipo de Lavoura Temporária - 2024 para.xlsx",RIS,1192224,118900.0
Carajás,1 Pará,44,"Área colhida (Hectares), Quantidade Produzida (Toneladas) e Valor (Mil Reais) da Produção por Tipo de Lavoura Temporária - 2024 para",20,"Tabela 44 - Área colhida (Hectares), Quantidade Produzida (Toneladas) e Valor (Mil Reais) da Produção por Tipo de Lavoura Temporária - 2024 para","..\..\Desktop\tabelas-powerBI\1 Pará\Tabela 44 - Área colhida (Hectares), Quantidade Produzida (Toneladas) e Valor (Mil Reais) da Produção por Tipo de Lavoura Temporária - 2024 para.xlsx",RIS,1192224,3640.0
Guajará,1 Pará,44,"Área colhida (Hectares), Quantidade Produzida (Toneladas) e Valor (Mil Reais) da Produção por Tipo de Lavoura Temporária - 2024 para",20,"Tabela 44 - Área colhida (Hectares), Quantidade Produzida (Toneladas) e Valor (Mil Reais) da Produção por Tipo de Lavoura Temporária - 2024 para","..\..\Desktop\tabelas-powerBI\1 Pará\Tabela 44 - Área colhida (Hectares), Quantidade Produzida (Toneladas) e Valor (Mil Reais) da Produção por Tipo de Lavoura Temporária - 2024 para.xlsx",RIS,1192224,0.0
Guamá,1 Pará,44,"Área colhida (Hectares), Quantidade Produzida (Toneladas) e Valor (Mil Reais) da Produção por Tipo de Lavoura Temporária - 2024 para",20,"Tabela 44 - Área colhida (Hectares), Quantidade Produzida (Toneladas) e Valor (Mil Reais) da Produção por Tipo de Lavoura Temporária - 2024 para","..\..\Desktop\tabelas-powerBI\1 Pará\Tabela 44 - Área colhida (Hectares), Quantidade Produzida (Toneladas) e Valor (Mil Reais) da Produção por Tipo de Lavoura Temporária - 2024 para.xlsx",RIS,1192224,0.0
Lago de Tucuruí,1 Pará,44,"Área colhida (Hectares), Quantidade Produzida (Toneladas) e Valor (Mil Reais) da Produção por Tipo de Lavoura Temporária - 2024 para",20,"Tabela 44 - Área colhida (Hectares), Quantidade Produzida (Toneladas) e Valor (Mil Reais) da Produção por Tipo de Lavoura Temporária - 2024 para","..\..\Desktop\tabelas-powerBI\1 Pará\Tabela 44 - Área colhida (Hectares), Quantidade Produzida (Toneladas) e Valor (Mil Reais) da Produção por Tipo de Lavoura Temporária - 2024 para.xlsx",RIS,1192224,17010.0
Marajó,1 Pará,44,"Área colhida (Hectares), Quantidade Produzida (Toneladas) e Valor (Mil Reais) da Produção por Tipo de Lavoura Temporária - 2024 para",20,"Tabela 44 - Área colhida (Hectares), Quantidade Produzida (Toneladas) e Valor (Mil Reais) da Produção por Tipo de Lavoura Temporária - 2024 para","..\..\Desktop\tabelas-powerBI\1 Pará\Tabela 44 - Área colhida (Hectares), Quantidade Produzida (Toneladas) e Valor (Mil Reais) da Produção por Tipo de Lavoura Temporária - 2024 para.xlsx",RIS,1192224,0.0
Rio Caeté,1 Pará,44,"Área colhida (Hectares), Quantidade Produzida (Toneladas) e Valor (Mil Reais) da Produção por Tipo de Lavoura Temporária - 2024 para",20,"Tabela 44 - Área colhida (Hectares), Quantidade Produzida (Toneladas) e Valor (Mil Reais) da Produção por Tipo de Lavoura Temporária - 2024 para","..\..\Desktop\tabelas-powerBI\1 Pará\Tabela 44 - Área colhida (Hectares), Quantidade Produzida (Toneladas) e Valor (Mil Reais) da Produção por Tipo de Lavoura Temporária - 2024 para.xlsx",RIS,1192224,0.0
Rio Capim,1 Pará,44,"Área colhida (Hectares), Quantidade Produzida (Toneladas) e Valor (Mil Reais) da Produção por Tipo de Lavoura Temporária - 2024 para",20,"Tabela 44 - Área colhida (Hectares), Quantidade Produzida (Toneladas) e Valor (Mil Reais) da Produção por Tipo de Lavoura Temporária - 2024 para","..\..\Desktop\tabelas-powerBI\1 Pará\Tabela 44 - Área colhida (Hectares), Quantidade Produzida (Toneladas) e Valor (Mil Reais) da Produção por Tipo de Lavoura Temporária - 2024 para.xlsx",RIS,1192224,596321.0
Tapajós,1 Pará,44,"Área colhida (Hectares), Quantidade Produzida (Toneladas) e Valor (Mil Reais) da Produção por Tipo de Lavoura Temporária - 2024 para",20,"Tabela 44 - Área colhida (Hectares), Quantidade Produzida (Toneladas) e Valor (Mil Reais) da Produção por Tipo de Lavoura Temporária - 2024 para","..\..\Desktop\tabelas-powerBI\1 Pará\Tabela 44 - Área colhida (Hectares), Quantidade Produzida (Toneladas) e Valor (Mil Reais) da Produção por Tipo de Lavoura Temporária - 2024 para.xlsx",RIS,1192224,31992.0
Tocantins,1 Pará,44,"Área colhida (Hectares), Quantidade Produzida (Toneladas) e Valor (Mil Reais) da Produção por Tipo de Lavoura Temporária - 2024 para",20,"Tabela 44 - Área colhida (Hectares), Quantidade Produzida (Toneladas) e Valor (Mil Reais) da Produção por Tipo de Lavoura Temporária - 2024 para","..\..\Desktop\tabelas-powerBI\1 Pará\Tabela 44 - Área colhida (Hectares), Quantidade Produzida (Toneladas) e Valor (Mil Reais) da Produção por Tipo de Lavoura Temporária - 2024 para.xlsx",RIS,1192224,17500.0
Xingu,1 Pará,44,"Área colhida (Hectares), Quantidade Produzida (Toneladas) e Valor (Mil Reais) da Produção por Tipo de Lavoura Temporária - 2024 para",20,"Tabela 44 - Área colhida (Hectares), Quantidade Produzida (Toneladas) e Valor (Mil Reais) da Produção por Tipo de Lavoura Temporária - 2024 para","..\..\Desktop\tabelas-powerBI\1 Pará\Tabela 44 - Área colhida (Hectares), Quantidade Produzida (Toneladas) e Valor (Mil Reais) da Produção por Tipo de Lavoura Temporária - 2024 para.xlsx",RIS,1192224,19400.0
Fonte: IBGE/PAM,1 Pará,44,"Área colhida (Hectares), Quantidade Produzida (Toneladas) e Valor (Mil Reais) da Produção por Tipo de Lavoura Temporária - 2024 para",20,"Tabela 44 - Área colhida (Hectares), Quantidade Produzida (Toneladas) e Valor (Mil Reais) da Produção por Tipo de Lavoura Temporária - 2024 para","..\..\Desktop\tabelas-powerBI\1 Pará\Tabela 44 - Área colhida (Hectares), Quantidade Produzida (Toneladas) e Valor (Mil Reais) da Produção por Tipo de Lavoura Temporária - 2024 para.xlsx",RIS,1192224,
Elaboração: FAPESPA,1 Pará,44,"Área colhida (Hectares), Quantidade Produzida (Toneladas) e Valor (Mil Reais) da Produção por Tipo de Lavoura Temporária - 2024 para",20,"Tabela 44 - Área colhida (Hectares), Quantidade Produzida (Toneladas) e Valor (Mil Reais) da Produção por Tipo de Lavoura Temporária - 2024 para","..\..\Desktop\tabelas-powerBI\1 Pará\Tabela 44 - Área colhida (Hectares), Quantidade Produzida (Toneladas) e Valor (Mil Reais) da Produção por Tipo de Lavoura Temporária - 2024 para.xlsx",RIS,1192224,
Nota: A quantidade produzida de abacaxi é expressa em mil frutos,1 Pará,44,"Área colhida (Hectares), Quantidade Produzida (Toneladas) e Valor (Mil Reais) da Produção por Tipo de Lavoura Temporária - 2024 para",20,"Tabela 44 - Área colhida (Hectares), Quantidade Produzida (Toneladas) e Valor (Mil Reais) da Produção por Tipo de Lavoura Temporária - 2024 para","..\..\Desktop\tabelas-powerBI\1 Pará\Tabela 44 - Área colhida (Hectares), Quantidade Produzida (Toneladas) e Valor (Mil Reais) da Produção por Tipo de Lavoura Temporária - 2024 para.xlsx",RIS,1192224,
Araguaia,1 Pará,44,"Área colhida (Hectares), Quantidade Produzida (Toneladas) e Valor (Mil Reais) da Produção por Tipo de Lavoura Temporária - 2024 para",20,"Tabela 44 - Área colhida (Hectares), Quantidade Produzida (Toneladas) e Valor (Mil Reais) da Produção por Tipo de Lavoura Temporária - 2024 para","..\..\Desktop\tabelas-powerBI\1 Pará\Tabela 44 - Área colhida (Hectares), Quantidade Produzida (Toneladas) e Valor (Mil Reais) da Produção por Tipo de Lavoura Temporária - 2024 para.xlsx",RIS,3751973,1214078.0
Baixo Amazonas,1 Pará,44,"Área colhida (Hectares), Quantidade Produzida (Toneladas) e Valor (Mil Reais) da Produção por Tipo de Lavoura Temporária - 2024 para",20,"Tabela 44 - Área colhida (Hectares), Quantidade Produzida (Toneladas) e Valor (Mil Reais) da Produção por Tipo de Lavoura Temporária - 2024 para","..\..\Desktop\tabelas-powerBI\1 Pará\Tabela 44 - Área colhida (Hectares), Quantidade Produzida (Toneladas) e Valor (Mil Reais) da Produção por Tipo de Lavoura Temporária - 2024 para.xlsx",RIS,3751973,351174.0
Carajás,1 Pará,44,"Área colhida (Hectares), Quantidade Produzida (Toneladas) e Valor (Mil Reais) da Produção por Tipo de Lavoura Temporária - 2024 para",20,"Tabela 44 - Área colhida (Hectares), Quantidade Produzida (Toneladas) e Valor (Mil Reais) da Produção por Tipo de Lavoura Temporária - 2024 para","..\..\Desktop\tabelas-powerBI\1 Pará\Tabela 44 - Área colhida (Hectares), Quantidade Produzida (Toneladas) e Valor (Mil Reais) da Produção por Tipo de Lavoura Temporária - 2024 para.xlsx",RIS,3751973,10860.0
Guajará,1 Pará,44,"Área colhida (Hectares), Quantidade Produzida (Toneladas) e Valor (Mil Reais) da Produção por Tipo de Lavoura Temporária - 2024 para",20,"Tabela 44 - Área colhida (Hectares), Quantidade Produzida (Toneladas) e Valor (Mil Reais) da Produção por Tipo de Lavoura Temporária - 2024 para","..\..\Desktop\tabelas-powerBI\1 Pará\Tabela 44 - Área colhida (Hectares), Quantidade Produzida (Toneladas) e Valor (Mil Reais) da Produção por Tipo de Lavoura Temporária - 2024 para.xlsx",RIS,3751973,0.0
Guamá,1 Pará,44,"Área colhida (Hectares), Quantidade Produzida (Toneladas) e Valor (Mil Reais) da Produção por Tipo de Lavoura Temporária - 2024 para",20,"Tabela 44 - Área colhida (Hectares), Quantidade Produzida (Toneladas) e Valor (Mil Reais) da Produção por Tipo de Lavoura Temporária - 2024 para","..\..\Desktop\tabelas-powerBI\1 Pará\Tabela 44 - Área colhida (Hectares), Quantidade Produzida (Toneladas) e Valor (Mil Reais) da Produção por Tipo de Lavoura Temporária - 2024 para.xlsx",RIS,3751973,0.0
Lago de Tucuruí,1 Pará,44,"Área colhida (Hectares), Quantidade Produzida (Toneladas) e Valor (Mil Reais) da Produção por Tipo de Lavoura Temporária - 2024 para",20,"Tabela 44 - Área colhida (Hectares), Quantidade Produzida (Toneladas) e Valor (Mil Reais) da Produção por Tipo de Lavoura Temporária - 2024 para","..\..\Desktop\tabelas-powerBI\1 Pará\Tabela 44 - Área colhida (Hectares), Quantidade Produzida (Toneladas) e Valor (Mil Reais) da Produção por Tipo de Lavoura Temporária - 2024 para.xlsx",RIS,3751973,48863.0
Marajó,1 Pará,44,"Área colhida (Hectares), Quantidade Produzida (Toneladas) e Valor (Mil Reais) da Produção por Tipo de Lavoura Temporária - 2024 para",20,"Tabela 44 - Área colhida (Hectares), Quantidade Produzida (Toneladas) e Valor (Mil Reais) da Produção por Tipo de Lavoura Temporária - 2024 para","..\..\Desktop\tabelas-powerBI\1 Pará\Tabela 44 - Área colhida (Hectares), Quantidade Produzida (Toneladas) e Valor (Mil Reais) da Produção por Tipo de Lavoura Temporária - 2024 para.xlsx",RIS,3751973,0.0
Rio Caeté,1 Pará,44,"Área colhida (Hectares), Quantidade Produzida (Toneladas) e Valor (Mil Reais) da Produção por Tipo de Lavoura Temporária - 2024 para",20,"Tabela 44 - Área colhida (Hectares), Quantidade Produzida (Toneladas) e Valor (Mil Reais) da Produção por Tipo de Lavoura Temporária - 2024 para","..\..\Desktop\tabelas-powerBI\1 Pará\Tabela 44 - Área colhida (Hectares), Quantidade Produzida (Toneladas) e Valor (Mil Reais) da Produção por Tipo de Lavoura Temporária - 2024 para.xlsx",RIS,3751973,0.0
Rio Capim,1 Pará,44,"Área colhida (Hectares), Quantidade Produzida (Toneladas) e Valor (Mil Reais) da Produção por Tipo de Lavoura Temporária - 2024 para",20,"Tabela 44 - Área colhida (Hectares), Quantidade Produzida (Toneladas) e Valor (Mil Reais) da Produção por Tipo de Lavoura Temporária - 2024 para","..\..\Desktop\tabelas-powerBI\1 Pará\Tabela 44 - Área colhida (Hectares), Quantidade Produzida (Toneladas) e Valor (Mil Reais) da Produção por Tipo de Lavoura Temporária - 2024 para.xlsx",RIS,3751973,1903804.0
Tapajós,1 Pará,44,"Área colhida (Hectares), Quantidade Produzida (Toneladas) e Valor (Mil Reais) da Produção por Tipo de Lavoura Temporária - 2024 para",20,"Tabela 44 - Área colhida (Hectares), Quantidade Produzida (Toneladas) e Valor (Mil Reais) da Produção por Tipo de Lavoura Temporária - 2024 para","..\..\Desktop\tabelas-powerBI\1 Pará\Tabela 44 - Área colhida (Hectares), Quantidade Produzida (Toneladas) e Valor (Mil Reais) da Produção por Tipo de Lavoura Temporária - 2024 para.xlsx",RIS,3751973,104402.0
Tocantins,1 Pará,44,"Área colhida (Hectares), Quantidade Produzida (Toneladas) e Valor (Mil Reais) da Produção por Tipo de Lavoura Temporária - 2024 para",20,"Tabela 44 - Área colhida (Hectares), Quantidade Produzida (Toneladas) e Valor (Mil Reais) da Produção por Tipo de Lavoura Temporária - 2024 para","..\..\Desktop\tabelas-powerBI\1 Pará\Tabela 44 - Área colhida (Hectares), Quantidade Produzida (Toneladas) e Valor (Mil Reais) da Produção por Tipo de Lavoura Temporária - 2024 para.xlsx",RIS,3751973,52500.0
Xingu,1 Pará,44,"Área colhida (Hectares), Quantidade Produzida (Toneladas) e Valor (Mil Reais) da Produção por Tipo de Lavoura Temporária - 2024 para",20,"Tabela 44 - Área colhida (Hectares), Quantidade Produzida (Toneladas) e Valor (Mil Reais) da Produção por Tipo de Lavoura Temporária - 2024 para","..\..\Desktop\tabelas-powerBI\1 Pará\Tabela 44 - Área colhida (Hectares), Quantidade Produzida (Toneladas) e Valor (Mil Reais) da Produção por Tipo de Lavoura Temporária - 2024 para.xlsx",RIS,3751973,66292.0
Fonte: IBGE/PAM,1 Pará,44,"Área colhida (Hectares), Quantidade Produzida (Toneladas) e Valor (Mil Reais) da Produção por Tipo de Lavoura Temporária - 2024 para",20,"Tabela 44 - Área colhida (Hectares), Quantidade Produzida (Toneladas) e Valor (Mil Reais) da Produção por Tipo de Lavoura Temporária - 2024 para","..\..\Desktop\tabelas-powerBI\1 Pará\Tabela 44 - Área colhida (Hectares), Quantidade Produzida (Toneladas) e Valor (Mil Reais) da Produção por Tipo de Lavoura Temporária - 2024 para.xlsx",RIS,3751973,
Elaboração: FAPESPA,1 Pará,44,"Área colhida (Hectares), Quantidade Produzida (Toneladas) e Valor (Mil Reais) da Produção por Tipo de Lavoura Temporária - 2024 para",20,"Tabela 44 - Área colhida (Hectares), Quantidade Produzida (Toneladas) e Valor (Mil Reais) da Produção por Tipo de Lavoura Temporária - 2024 para","..\..\Desktop\tabelas-powerBI\1 Pará\Tabela 44 - Área colhida (Hectares), Quantidade Produzida (Toneladas) e Valor (Mil Reais) da Produção por Tipo de Lavoura Temporária - 2024 para.xlsx",RIS,3751973,
Nota: A quantidade produzida de abacaxi é expressa em mil frutos,1 Pará,44,"Área colhida (Hectares), Quantidade Produzida (Toneladas) e Valor (Mil Reais) da Produção por Tipo de Lavoura Temporária - 2024 para",20,"Tabela 44 - Área colhida (Hectares), Quantidade Produzida (Toneladas) e Valor (Mil Reais) da Produção por Tipo de Lavoura Temporária - 2024 para","..\..\Desktop\tabelas-powerBI\1 Pará\Tabela 44 - Área colhida (Hectares), Quantidade Produzida (Toneladas) e Valor (Mil Reais) da Produção por Tipo de Lavoura Temporária - 2024 para.xlsx",RIS,3751973,
Araguaia,1 Pará,44,"Área colhida (Hectares), Quantidade Produzida (Toneladas) e Valor (Mil Reais) da Produção por Tipo de Lavoura Temporária - 2024 para",20,"Tabela 44 - Área colhida (Hectares), Quantidade Produzida (Toneladas) e Valor (Mil Reais) da Produção por Tipo de Lavoura Temporária - 2024 para","..\..\Desktop\tabelas-powerBI\1 Pará\Tabela 44 - Área colhida (Hectares), Quantidade Produzida (Toneladas) e Valor (Mil Reais) da Produção por Tipo de Lavoura Temporária - 2024 para.xlsx",RIS,7307684,2228486.0
Baixo Amazonas,1 Pará,44,"Área colhida (Hectares), Quantidade Produzida (Toneladas) e Valor (Mil Reais) da Produção por Tipo de Lavoura Temporária - 2024 para",20,"Tabela 44 - Área colhida (Hectares), Quantidade Produzida (Toneladas) e Valor (Mil Reais) da Produção por Tipo de Lavoura Temporária - 2024 para","..\..\Desktop\tabelas-powerBI\1 Pará\Tabela 44 - Área colhida (Hectares), Quantidade Produzida (Toneladas) e Valor (Mil Reais) da Produção por Tipo de Lavoura Temporária - 2024 para.xlsx",RIS,7307684,698019.0
Carajás,1 Pará,44,"Área colhida (Hectares), Quantidade Produzida (Toneladas) e Valor (Mil Reais) da Produção por Tipo de Lavoura Temporária - 2024 para",20,"Tabela 44 - Área colhida (Hectares), Quantidade Produzida (Toneladas) e Valor (Mil Reais) da Produção por Tipo de Lavoura Temporária - 2024 para","..\..\Desktop\tabelas-powerBI\1 Pará\Tabela 44 - Área colhida (Hectares), Quantidade Produzida (Toneladas) e Valor (Mil Reais) da Produção por Tipo de Lavoura Temporária - 2024 para.xlsx",RIS,7307684,21854.0
Guajará,1 Pará,44,"Área colhida (Hectares), Quantidade Produzida (Toneladas) e Valor (Mil Reais) da Produção por Tipo de Lavoura Temporária - 2024 para",20,"Tabela 44 - Área colhida (Hectares), Quantidade Produzida (Toneladas) e Valor (Mil Reais) da Produção por Tipo de Lavoura Temporária - 2024 para","..\..\Desktop\tabelas-powerBI\1 Pará\Tabela 44 - Área colhida (Hectares), Quantidade Produzida (Toneladas) e Valor (Mil Reais) da Produção por Tipo de Lavoura Temporária - 2024 para.xlsx",RIS,7307684,0.0
Guamá,1 Pará,44,"Área colhida (Hectares), Quantidade Produzida (Toneladas) e Valor (Mil Reais) da Produção por Tipo de Lavoura Temporária - 2024 para",20,"Tabela 44 - Área colhida (Hectares), Quantidade Produzida (Toneladas) e Valor (Mil Reais) da Produção por Tipo de Lavoura Temporária - 2024 para","..\..\Desktop\tabelas-powerBI\1 Pará\Tabela 44 - Área colhida (Hectares), Quantidade Produzida (Toneladas) e Valor (Mil Reais) da Produção por Tipo de Lavoura Temporária - 2024 para.xlsx",RIS,7307684,0.0
Lago de Tucuruí,1 Pará,44,"Área colhida (Hectares), Quantidade Produzida (Toneladas) e Valor (Mil Reais) da Produção por Tipo de Lavoura Temporária - 2024 para",20,"Tabela 44 - Área colhida (Hectares), Quantidade Produzida (Toneladas) e Valor (Mil Reais) da Produção por Tipo de Lavoura Temporária - 2024 para","..\..\Desktop\tabelas-powerBI\1 Pará\Tabela 44 - Área colhida (Hectares), Quantidade Produzida (Toneladas) e Valor (Mil Reais) da Produção por Tipo de Lavoura Temporária - 2024 para.xlsx",RIS,7307684,99927.0
Marajó,1 Pará,44,"Área colhida (Hectares), Quantidade Produzida (Toneladas) e Valor (Mil Reais) da Produção por Tipo de Lavoura Temporária - 2024 para",20,"Tabela 44 - Área colhida (Hectares), Quantidade Produzida (Toneladas) e Valor (Mil Reais) da Produção por Tipo de Lavoura Temporária - 2024 para","..\..\Desktop\tabelas-powerBI\1 Pará\Tabela 44 - Área colhida (Hectares), Quantidade Produzida (Toneladas) e Valor (Mil Reais) da Produção por Tipo de Lavoura Temporária - 2024 para.xlsx",RIS,7307684,0.0
Rio Caeté,1 Pará,44,"Área colhida (Hectares), Quantidade Produzida (Toneladas) e Valor (Mil Reais) da Produção por Tipo de Lavoura Temporária - 2024 para",20,"Tabela 44 - Área colhida (Hectares), Quantidade Produzida (Toneladas) e Valor (Mil Reais) da Produção por Tipo de Lavoura Temporária - 2024 para","..\..\Desktop\tabelas-powerBI\1 Pará\Tabela 44 - Área colhida (Hectares), Quantidade Produzida (Toneladas) e Valor (Mil Reais) da Produção por Tipo de Lavoura Temporária - 2024 para.xlsx",RIS,7307684,0.0
Rio Capim,1 Pará,44,"Área colhida (Hectares), Quantidade Produzida (Toneladas) e Valor (Mil Reais) da Produção por Tipo de Lavoura Temporária - 2024 para",20,"Tabela 44 - Área colhida (Hectares), Quantidade Produzida (Toneladas) e Valor (Mil Reais) da Produção por Tipo de Lavoura Temporária - 2024 para","..\..\Desktop\tabelas-powerBI\1 Pará\Tabela 44 - Área colhida (Hectares), Quantidade Produzida (Toneladas) e Valor (Mil Reais) da Produção por Tipo de Lavoura Temporária - 2024 para.xlsx",RIS,7307684,3836107.0
Tapajós,1 Pará,44,"Área colhida (Hectares), Quantidade Produzida (Toneladas) e Valor (Mil Reais) da Produção por Tipo de Lavoura Temporária - 2024 para",20,"Tabela 44 - Área colhida (Hectares), Quantidade Produzida (Toneladas) e Valor (Mil Reais) da Produção por Tipo de Lavoura Temporária - 2024 para","..\..\Desktop\tabelas-powerBI\1 Pará\Tabela 44 - Área colhida (Hectares), Quantidade Produzida (Toneladas) e Valor (Mil Reais) da Produção por Tipo de Lavoura Temporária - 2024 para.xlsx",RIS,7307684,177400.0
Tocantins,1 Pará,44,"Área colhida (Hectares), Quantidade Produzida (Toneladas) e Valor (Mil Reais) da Produção por Tipo de Lavoura Temporária - 2024 para",20,"Tabela 44 - Área colhida (Hectares), Quantidade Produzida (Toneladas) e Valor (Mil Reais) da Produção por Tipo de Lavoura Temporária - 2024 para","..\..\Desktop\tabelas-powerBI\1 Pará\Tabela 44 - Área colhida (Hectares), Quantidade Produzida (Toneladas) e Valor (Mil Reais) da Produção por Tipo de Lavoura Temporária - 2024 para.xlsx",RIS,7307684,113715.0
Xingu,1 Pará,44,"Área colhida (Hectares), Quantidade Produzida (Toneladas) e Valor (Mil Reais) da Produção por Tipo de Lavoura Temporária - 2024 para",20,"Tabela 44 - Área colhida (Hectares), Quantidade Produzida (Toneladas) e Valor (Mil Reais) da Produção por Tipo de Lavoura Temporária - 2024 para","..\..\Desktop\tabelas-powerBI\1 Pará\Tabela 44 - Área colhida (Hectares), Quantidade Produzida (Toneladas) e Valor (Mil Reais) da Produção por Tipo de Lavoura Temporária - 2024 para.xlsx",RIS,7307684,132176.0
Fonte: IBGE/PAM,1 Pará,44,"Área colhida (Hectares), Quantidade Produzida (Toneladas) e Valor (Mil Reais) da Produção por Tipo de Lavoura Temporária - 2024 para",20,"Tabela 44 - Área colhida (Hectares), Quantidade Produzida (Toneladas) e Valor (Mil Reais) da Produção por Tipo de Lavoura Temporária - 2024 para","..\..\Desktop\tabelas-powerBI\1 Pará\Tabela 44 - Área colhida (Hectares), Quantidade Produzida (Toneladas) e Valor (Mil Reais) da Produção por Tipo de Lavoura Temporária - 2024 para.xlsx",RIS,7307684,
Elaboração: FAPESPA,1 Pará,44,"Área colhida (Hectares), Quantidade Produzida (Toneladas) e Valor (Mil Reais) da Produção por Tipo de Lavoura Temporária - 2024 para",20,"Tabela 44 - Área colhida (Hectares), Quantidade Produzida (Toneladas) e Valor (Mil Reais) da Produção por Tipo de Lavoura Temporária - 2024 para","..\..\Desktop\tabelas-powerBI\1 Pará\Tabela 44 - Área colhida (Hectares), Quantidade Produzida (Toneladas) e Valor (Mil Reais) da Produção por Tipo de Lavoura Temporária - 2024 para.xlsx",RIS,7307684,
Nota: A quantidade produzida de abacaxi é expressa em mil frutos,1 Pará,44,"Área colhida (Hectares), Quantidade Produzida (Toneladas) e Valor (Mil Reais) da Produção por Tipo de Lavoura Temporária - 2024 para",20,"Tabela 44 - Área colhida (Hectares), Quantidade Produzida (Toneladas) e Valor (Mil Reais) da Produção por Tipo de Lavoura Temporária - 2024 para","..\..\Desktop\tabelas-powerBI\1 Pará\Tabela 44 - Área colhida (Hectares), Quantidade Produzida (Toneladas) e Valor (Mil Reais) da Produção por Tipo de Lavoura Temporária - 2024 para.xlsx",RIS,7307684,
Araguaia,1 Pará,44,"Área colhida (Hectares), Quantidade Produzida (Toneladas) e Valor (Mil Reais) da Produção por Tipo de Lavoura Temporária - 2024 para",20,"Tabela 44 - Área colhida (Hectares), Quantidade Produzida (Toneladas) e Valor (Mil Reais) da Produção por Tipo de Lavoura Temporária - 2024 para","..\..\Desktop\tabelas-powerBI\1 Pará\Tabela 44 - Área colhida (Hectares), Quantidade Produzida (Toneladas) e Valor (Mil Reais) da Produção por Tipo de Lavoura Temporária - 2024 para.xlsx",RIS,127,0.0
Baixo Amazonas,1 Pará,44,"Área colhida (Hectares), Quantidade Produzida (Toneladas) e Valor (Mil Reais) da Produção por Tipo de Lavoura Temporária - 2024 para",20,"Tabela 44 - Área colhida (Hectares), Quantidade Produzida (Toneladas) e Valor (Mil Reais) da Produção por Tipo de Lavoura Temporária - 2024 para","..\..\Desktop\tabelas-powerBI\1 Pará\Tabela 44 - Área colhida (Hectares), Quantidade Produzida (Toneladas) e Valor (Mil Reais) da Produção por Tipo de Lavoura Temporária - 2024 para.xlsx",RIS,127,54.0
Carajás,1 Pará,44,"Área colhida (Hectares), Quantidade Produzida (Toneladas) e Valor (Mil Reais) da Produção por Tipo de Lavoura Temporária - 2024 para",20,"Tabela 44 - Área colhida (Hectares), Quantidade Produzida (Toneladas) e Valor (Mil Reais) da Produção por Tipo de Lavoura Temporária - 2024 para","..\..\Desktop\tabelas-powerBI\1 Pará\Tabela 44 - Área colhida (Hectares), Quantidade Produzida (Toneladas) e Valor (Mil Reais) da Produção por Tipo de Lavoura Temporária - 2024 para.xlsx",RIS,127,6.0
Guajará,1 Pará,44,"Área colhida (Hectares), Quantidade Produzida (Toneladas) e Valor (Mil Reais) da Produção por Tipo de Lavoura Temporária - 2024 para",20,"Tabela 44 - Área colhida (Hectares), Quantidade Produzida (Toneladas) e Valor (Mil Reais) da Produção por Tipo de Lavoura Temporária - 2024 para","..\..\Desktop\tabelas-powerBI\1 Pará\Tabela 44 - Área colhida (Hectares), Quantidade Produzida (Toneladas) e Valor (Mil Reais) da Produção por Tipo de Lavoura Temporária - 2024 para.xlsx",RIS,127,0.0
Guamá,1 Pará,44,"Área colhida (Hectares), Quantidade Produzida (Toneladas) e Valor (Mil Reais) da Produção por Tipo de Lavoura Temporária - 2024 para",20,"Tabela 44 - Área colhida (Hectares), Quantidade Produzida (Toneladas) e Valor (Mil Reais) da Produção por Tipo de Lavoura Temporária - 2024 para","..\..\Desktop\tabelas-powerBI\1 Pará\Tabela 44 - Área colhida (Hectares), Quantidade Produzida (Toneladas) e Valor (Mil Reais) da Produção por Tipo de Lavoura Temporária - 2024 para.xlsx",RIS,127,0.0
Lago de Tucuruí,1 Pará,44,"Área colhida (Hectares), Quantidade Produzida (Toneladas) e Valor (Mil Reais) da Produção por Tipo de Lavoura Temporária - 2024 para",20,"Tabela 44 - Área colhida (Hectares), Quantidade Produzida (Toneladas) e Valor (Mil Reais) da Produção por Tipo de Lavoura Temporária - 2024 para","..\..\Desktop\tabelas-powerBI\1 Pará\Tabela 44 - Área colhida (Hectares), Quantidade Produzida (Toneladas) e Valor (Mil Reais) da Produção por Tipo de Lavoura Temporária - 2024 para.xlsx",RIS,127,0.0
Marajó,1 Pará,44,"Área colhida (Hectares), Quantidade Produzida (Toneladas) e Valor (Mil Reais) da Produção por Tipo de Lavoura Temporária - 2024 para",20,"Tabela 44 - Área colhida (Hectares), Quantidade Produzida (Toneladas) e Valor (Mil Reais) da Produção por Tipo de Lavoura Temporária - 2024 para","..\..\Desktop\tabelas-powerBI\1 Pará\Tabela 44 - Área colhida (Hectares), Quantidade Produzida (Toneladas) e Valor (Mil Reais) da Produção por Tipo de Lavoura Temporária - 2024 para.xlsx",RIS,127,0.0
Rio Caeté,1 Pará,44,"Área colhida (Hectares), Quantidade Produzida (Toneladas) e Valor (Mil Reais) da Produção por Tipo de Lavoura Temporária - 2024 para",20,"Tabela 44 - Área colhida (Hectares), Quantidade Produzida (Toneladas) e Valor (Mil Reais) da Produção por Tipo de Lavoura Temporária - 2024 para","..\..\Desktop\tabelas-powerBI\1 Pará\Tabela 44 - Área colhida (Hectares), Quantidade Produzida (Toneladas) e Valor (Mil Reais) da Produção por Tipo de Lavoura Temporária - 2024 para.xlsx",RIS,127,0.0
Rio Capim,1 Pará,44,"Área colhida (Hectares), Quantidade Produzida (Toneladas) e Valor (Mil Reais) da Produção por Tipo de Lavoura Temporária - 2024 para",20,"Tabela 44 - Área colhida (Hectares), Quantidade Produzida (Toneladas) e Valor (Mil Reais) da Produção por Tipo de Lavoura Temporária - 2024 para","..\..\Desktop\tabelas-powerBI\1 Pará\Tabela 44 - Área colhida (Hectares), Quantidade Produzida (Toneladas) e Valor (Mil Reais) da Produção por Tipo de Lavoura Temporária - 2024 para.xlsx",RIS,127,18.0
Tapajós,1 Pará,44,"Área colhida (Hectares), Quantidade Produzida (Toneladas) e Valor (Mil Reais) da Produção por Tipo de Lavoura Temporária - 2024 para",20,"Tabela 44 - Área colhida (Hectares), Quantidade Produzida (Toneladas) e Valor (Mil Reais) da Produção por Tipo de Lavoura Temporária - 2024 para","..\..\Desktop\tabelas-powerBI\1 Pará\Tabela 44 - Área colhida (Hectares), Quantidade Produzida (Toneladas) e Valor (Mil Reais) da Produção por Tipo de Lavoura Temporária - 2024 para.xlsx",RIS,127,3.0
Tocantins,1 Pará,44,"Área colhida (Hectares), Quantidade Produzida (Toneladas) e Valor (Mil Reais) da Produção por Tipo de Lavoura Temporária - 2024 para",20,"Tabela 44 - Área colhida (Hectares), Quantidade Produzida (Toneladas) e Valor (Mil Reais) da Produção por Tipo de Lavoura Temporária - 2024 para","..\..\Desktop\tabelas-powerBI\1 Pará\Tabela 44 - Área colhida (Hectares), Quantidade Produzida (Toneladas) e Valor (Mil Reais) da Produção por Tipo de Lavoura Temporária - 2024 para.xlsx",RIS,127,0.0
Xingu,1 Pará,44,"Área colhida (Hectares), Quantidade Produzida (Toneladas) e Valor (Mil Reais) da Produção por Tipo de Lavoura Temporária - 2024 para",20,"Tabela 44 - Área colhida (Hectares), Quantidade Produzida (Toneladas) e Valor (Mil Reais) da Produção por Tipo de Lavoura Temporária - 2024 para","..\..\Desktop\tabelas-powerBI\1 Pará\Tabela 44 - Área colhida (Hectares), Quantidade Produzida (Toneladas) e Valor (Mil Reais) da Produção por Tipo de Lavoura Temporária - 2024 para.xlsx",RIS,127,46.0
Fonte: IBGE/PAM,1 Pará,44,"Área colhida (Hectares), Quantidade Produzida (Toneladas) e Valor (Mil Reais) da Produção por Tipo de Lavoura Temporária - 2024 para",20,"Tabela 44 - Área colhida (Hectares), Quantidade Produzida (Toneladas) e Valor (Mil Reais) da Produção por Tipo de Lavoura Temporária - 2024 para","..\..\Desktop\tabelas-powerBI\1 Pará\Tabela 44 - Área colhida (Hectares), Quantidade Produzida (Toneladas) e Valor (Mil Reais) da Produção por Tipo de Lavoura Temporária - 2024 para.xlsx",RIS,127,
Elaboração: FAPESPA,1 Pará,44,"Área colhida (Hectares), Quantidade Produzida (Toneladas) e Valor (Mil Reais) da Produção por Tipo de Lavoura Temporária - 2024 para",20,"Tabela 44 - Área colhida (Hectares), Quantidade Produzida (Toneladas) e Valor (Mil Reais) da Produção por Tipo de Lavoura Temporária - 2024 para","..\..\Desktop\tabelas-powerBI\1 Pará\Tabela 44 - Área colhida (Hectares), Quantidade Produzida (Toneladas) e Valor (Mil Reais) da Produção por Tipo de Lavoura Temporária - 2024 para.xlsx",RIS,127,
Nota: A quantidade produzida de abacaxi é expressa em mil frutos,1 Pará,44,"Área colhida (Hectares), Quantidade Produzida (Toneladas) e Valor (Mil Reais) da Produção por Tipo de Lavoura Temporária - 2024 para",20,"Tabela 44 - Área colhida (Hectares), Quantidade Produzida (Toneladas) e Valor (Mil Reais) da Produção por Tipo de Lavoura Temporária - 2024 para","..\..\Desktop\tabelas-powerBI\1 Pará\Tabela 44 - Área colhida (Hectares), Quantidade Produzida (Toneladas) e Valor (Mil Reais) da Produção por Tipo de Lavoura Temporária - 2024 para.xlsx",RIS,127,
Araguaia,1 Pará,44,"Área colhida (Hectares), Quantidade Produzida (Toneladas) e Valor (Mil Reais) da Produção por Tipo de Lavoura Temporária - 2024 para",20,"Tabela 44 - Área colhida (Hectares), Quantidade Produzida (Toneladas) e Valor (Mil Reais) da Produção por Tipo de Lavoura Temporária - 2024 para","..\..\Desktop\tabelas-powerBI\1 Pará\Tabela 44 - Área colhida (Hectares), Quantidade Produzida (Toneladas) e Valor (Mil Reais) da Produção por Tipo de Lavoura Temporária - 2024 para.xlsx",RIS,2802,0.0
Baixo Amazonas,1 Pará,44,"Área colhida (Hectares), Quantidade Produzida (Toneladas) e Valor (Mil Reais) da Produção por Tipo de Lavoura Temporária - 2024 para",20,"Tabela 44 - Área colhida (Hectares), Quantidade Produzida (Toneladas) e Valor (Mil Reais) da Produção por Tipo de Lavoura Temporária - 2024 para","..\..\Desktop\tabelas-powerBI\1 Pará\Tabela 44 - Área colhida (Hectares), Quantidade Produzida (Toneladas) e Valor (Mil Reais) da Produção por Tipo de Lavoura Temporária - 2024 para.xlsx",RIS,2802,1164.0
Carajás,1 Pará,44,"Área colhida (Hectares), Quantidade Produzida (Toneladas) e Valor (Mil Reais) da Produção por Tipo de Lavoura Temporária - 2024 para",20,"Tabela 44 - Área colhida (Hectares), Quantidade Produzida (Toneladas) e Valor (Mil Reais) da Produção por Tipo de Lavoura Temporária - 2024 para","..\..\Desktop\tabelas-powerBI\1 Pará\Tabela 44 - Área colhida (Hectares), Quantidade Produzida (Toneladas) e Valor (Mil Reais) da Produção por Tipo de Lavoura Temporária - 2024 para.xlsx",RIS,2802,210.0
Guajará,1 Pará,44,"Área colhida (Hectares), Quantidade Produzida (Toneladas) e Valor (Mil Reais) da Produção por Tipo de Lavoura Temporária - 2024 para",20,"Tabela 44 - Área colhida (Hectares), Quantidade Produzida (Toneladas) e Valor (Mil Reais) da Produção por Tipo de Lavoura Temporária - 2024 para","..\..\Desktop\tabelas-powerBI\1 Pará\Tabela 44 - Área colhida (Hectares), Quantidade Produzida (Toneladas) e Valor (Mil Reais) da Produção por Tipo de Lavoura Temporária - 2024 para.xlsx",RIS,2802,0.0
Guamá,1 Pará,44,"Área colhida (Hectares), Quantidade Produzida (Toneladas) e Valor (Mil Reais) da Produção por Tipo de Lavoura Temporária - 2024 para",20,"Tabela 44 - Área colhida (Hectares), Quantidade Produzida (Toneladas) e Valor (Mil Reais) da Produção por Tipo de Lavoura Temporária - 2024 para","..\..\Desktop\tabelas-powerBI\1 Pará\Tabela 44 - Área colhida (Hectares), Quantidade Produzida (Toneladas) e Valor (Mil Reais) da Produção por Tipo de Lavoura Temporária - 2024 para.xlsx",RIS,2802,0.0
Lago de Tucuruí,1 Pará,44,"Área colhida (Hectares), Quantidade Produzida (Toneladas) e Valor (Mil Reais) da Produção por Tipo de Lavoura Temporária - 2024 para",20,"Tabela 44 - Área colhida (Hectares), Quantidade Produzida (Toneladas) e Valor (Mil Reais) da Produção por Tipo de Lavoura Temporária - 2024 para","..\..\Desktop\tabelas-powerBI\1 Pará\Tabela 44 - Área colhida (Hectares), Quantidade Produzida (Toneladas) e Valor (Mil Reais) da Produção por Tipo de Lavoura Temporária - 2024 para.xlsx",RIS,2802,0.0
Marajó,1 Pará,44,"Área colhida (Hectares), Quantidade Produzida (Toneladas) e Valor (Mil Reais) da Produção por Tipo de Lavoura Temporária - 2024 para",20,"Tabela 44 - Área colhida (Hectares), Quantidade Produzida (Toneladas) e Valor (Mil Reais) da Produção por Tipo de Lavoura Temporária - 2024 para","..\..\Desktop\tabelas-powerBI\1 Pará\Tabela 44 - Área colhida (Hectares), Quantidade Produzida (Toneladas) e Valor (Mil Reais) da Produção por Tipo de Lavoura Temporária - 2024 para.xlsx",RIS,2802,0.0
Rio Caeté,1 Pará,44,"Área colhida (Hectares), Quantidade Produzida (Toneladas) e Valor (Mil Reais) da Produção por Tipo de Lavoura Temporária - 2024 para",20,"Tabela 44 - Área colhida (Hectares), Quantidade Produzida (Toneladas) e Valor (Mil Reais) da Produção por Tipo de Lavoura Temporária - 2024 para","..\..\Desktop\tabelas-powerBI\1 Pará\Tabela 44 - Área colhida (Hectares), Quantidade Produzida (Toneladas) e Valor (Mil Reais) da Produção por Tipo de Lavoura Temporária - 2024 para.xlsx",RIS,2802,0.0
Rio Capim,1 Pará,44,"Área colhida (Hectares), Quantidade Produzida (Toneladas) e Valor (Mil Reais) da Produção por Tipo de Lavoura Temporária - 2024 para",20,"Tabela 44 - Área colhida (Hectares), Quantidade Produzida (Toneladas) e Valor (Mil Reais) da Produção por Tipo de Lavoura Temporária - 2024 para","..\..\Desktop\tabelas-powerBI\1 Pará\Tabela 44 - Área colhida (Hectares), Quantidade Produzida (Toneladas) e Valor (Mil Reais) da Produção por Tipo de Lavoura Temporária - 2024 para.xlsx",RIS,2802,232.0
Tapajós,1 Pará,44,"Área colhida (Hectares), Quantidade Produzida (Toneladas) e Valor (Mil Reais) da Produção por Tipo de Lavoura Temporária - 2024 para",20,"Tabela 44 - Área colhida (Hectares), Quantidade Produzida (Toneladas) e Valor (Mil Reais) da Produção por Tipo de Lavoura Temporária - 2024 para","..\..\Desktop\tabelas-powerBI\1 Pará\Tabela 44 - Área colhida (Hectares), Quantidade Produzida (Toneladas) e Valor (Mil Reais) da Produção por Tipo de Lavoura Temporária - 2024 para.xlsx",RIS,2802,46.0
Tocantins,1 Pará,44,"Área colhida (Hectares), Quantidade Produzida (Toneladas) e Valor (Mil Reais) da Produção por Tipo de Lavoura Temporária - 2024 para",20,"Tabela 44 - Área colhida (Hectares), Quantidade Produzida (Toneladas) e Valor (Mil Reais) da Produção por Tipo de Lavoura Temporária - 2024 para","..\..\Desktop\tabelas-powerBI\1 Pará\Tabela 44 - Área colhida (Hectares), Quantidade Produzida (Toneladas) e Valor (Mil Reais) da Produção por Tipo de Lavoura Temporária - 2024 para.xlsx",RIS,2802,0.0
Xingu,1 Pará,44,"Área colhida (Hectares), Quantidade Produzida (Toneladas) e Valor (Mil Reais) da Produção por Tipo de Lavoura Temporária - 2024 para",20,"Tabela 44 - Área colhida (Hectares), Quantidade Produzida (Toneladas) e Valor (Mil Reais) da Produção por Tipo de Lavoura Temporária - 2024 para","..\..\Desktop\tabelas-powerBI\1 Pará\Tabela 44 - Área colhida (Hectares), Quantidade Produzida (Toneladas) e Valor (Mil Reais) da Produção por Tipo de Lavoura Temporária - 2024 para.xlsx",RIS,2802,1150.0
Fonte: IBGE/PAM,1 Pará,44,"Área colhida (Hectares), Quantidade Produzida (Toneladas) e Valor (Mil Reais) da Produção por Tipo de Lavoura Temporária - 2024 para",20,"Tabela 44 - Área colhida (Hectares), Quantidade Produzida (Toneladas) e Valor (Mil Reais) da Produção por Tipo de Lavoura Temporária - 2024 para","..\..\Desktop\tabelas-powerBI\1 Pará\Tabela 44 - Área colhida (Hectares), Quantidade Produzida (Toneladas) e Valor (Mil Reais) da Produção por Tipo de Lavoura Temporária - 2024 para.xlsx",RIS,2802,
Elaboração: FAPESPA,1 Pará,44,"Área colhida (Hectares), Quantidade Produzida (Toneladas) e Valor (Mil Reais) da Produção por Tipo de Lavoura Temporária - 2024 para",20,"Tabela 44 - Área colhida (Hectares), Quantidade Produzida (Toneladas) e Valor (Mil Reais) da Produção por Tipo de Lavoura Temporária - 2024 para","..\..\Desktop\tabelas-powerBI\1 Pará\Tabela 44 - Área colhida (Hectares), Quantidade Produzida (Toneladas) e Valor (Mil Reais) da Produção por Tipo de Lavoura Temporária - 2024 para.xlsx",RIS,2802,
Nota: A quantidade produzida de abacaxi é expressa em mil frutos,1 Pará,44,"Área colhida (Hectares), Quantidade Produzida (Toneladas) e Valor (Mil Reais) da Produção por Tipo de Lavoura Temporária - 2024 para",20,"Tabela 44 - Área colhida (Hectares), Quantidade Produzida (Toneladas) e Valor (Mil Reais) da Produção por Tipo de Lavoura Temporária - 2024 para","..\..\Desktop\tabelas-powerBI\1 Pará\Tabela 44 - Área colhida (Hectares), Quantidade Produzida (Toneladas) e Valor (Mil Reais) da Produção por Tipo de Lavoura Temporária - 2024 para.xlsx",RIS,2802,
Araguaia,1 Pará,44,"Área colhida (Hectares), Quantidade Produzida (Toneladas) e Valor (Mil Reais) da Produção por Tipo de Lavoura Temporária - 2024 para",20,"Tabela 44 - Área colhida (Hectares), Quantidade Produzida (Toneladas) e Valor (Mil Reais) da Produção por Tipo de Lavoura Temporária - 2024 para","..\..\Desktop\tabelas-powerBI\1 Pará\Tabela 44 - Área colhida (Hectares), Quantidade Produzida (Toneladas) e Valor (Mil Reais) da Produção por Tipo de Lavoura Temporária - 2024 para.xlsx",RIS,12167,0.0
Baixo Amazonas,1 Pará,44,"Área colhida (Hectares), Quantidade Produzida (Toneladas) e Valor (Mil Reais) da Produção por Tipo de Lavoura Temporária - 2024 para",20,"Tabela 44 - Área colhida (Hectares), Quantidade Produzida (Toneladas) e Valor (Mil Reais) da Produção por Tipo de Lavoura Temporária - 2024 para","..\..\Desktop\tabelas-powerBI\1 Pará\Tabela 44 - Área colhida (Hectares), Quantidade Produzida (Toneladas) e Valor (Mil Reais) da Produção por Tipo de Lavoura Temporária - 2024 para.xlsx",RIS,12167,5040.0
Carajás,1 Pará,44,"Área colhida (Hectares), Quantidade Produzida (Toneladas) e Valor (Mil Reais) da Produção por Tipo de Lavoura Temporária - 2024 para",20,"Tabela 44 - Área colhida (Hectares), Quantidade Produzida (Toneladas) e Valor (Mil Reais) da Produção por Tipo de Lavoura Temporária - 2024 para","..\..\Desktop\tabelas-powerBI\1 Pará\Tabela 44 - Área colhida (Hectares), Quantidade Produzida (Toneladas) e Valor (Mil Reais) da Produção por Tipo de Lavoura Temporária - 2024 para.xlsx",RIS,12167,630.0
Guajará,1 Pará,44,"Área colhida (Hectares), Quantidade Produzida (Toneladas) e Valor (Mil Reais) da Produção por Tipo de Lavoura Temporária - 2024 para",20,"Tabela 44 - Área colhida (Hectares), Quantidade Produzida (Toneladas) e Valor (Mil Reais) da Produção por Tipo de Lavoura Temporária - 2024 para","..\..\Desktop\tabelas-powerBI\1 Pará\Tabela 44 - Área colhida (Hectares), Quantidade Produzida (Toneladas) e Valor (Mil Reais) da Produção por Tipo de Lavoura Temporária - 2024 para.xlsx",RIS,12167,0.0
Guamá,1 Pará,44,"Área colhida (Hectares), Quantidade Produzida (Toneladas) e Valor (Mil Reais) da Produção por Tipo de Lavoura Temporária - 2024 para",20,"Tabela 44 - Área colhida (Hectares), Quantidade Produzida (Toneladas) e Valor (Mil Reais) da Produção por Tipo de Lavoura Temporária - 2024 para","..\..\Desktop\tabelas-powerBI\1 Pará\Tabela 44 - Área colhida (Hectares), Quantidade Produzida (Toneladas) e Valor (Mil Reais) da Produção por Tipo de Lavoura Temporária - 2024 para.xlsx",RIS,12167,0.0
Lago de Tucuruí,1 Pará,44,"Área colhida (Hectares), Quantidade Produzida (Toneladas) e Valor (Mil Reais) da Produção por Tipo de Lavoura Temporária - 2024 para",20,"Tabela 44 - Área colhida (Hectares), Quantidade Produzida (Toneladas) e Valor (Mil Reais) da Produção por Tipo de Lavoura Temporária - 2024 para","..\..\Desktop\tabelas-powerBI\1 Pará\Tabela 44 - Área colhida (Hectares), Quantidade Produzida (Toneladas) e Valor (Mil Reais) da Produção por Tipo de Lavoura Temporária - 2024 para.xlsx",RIS,12167,0.0
Marajó,1 Pará,44,"Área colhida (Hectares), Quantidade Produzida (Toneladas) e Valor (Mil Reais) da Produção por Tipo de Lavoura Temporária - 2024 para",20,"Tabela 44 - Área colhida (Hectares), Quantidade Produzida (Toneladas) e Valor (Mil Reais) da Produção por Tipo de Lavoura Temporária - 2024 para","..\..\Desktop\tabelas-powerBI\1 Pará\Tabela 44 - Área colhida (Hectares), Quantidade Produzida (Toneladas) e Valor (Mil Reais) da Produção por Tipo de Lavoura Temporária - 2024 para.xlsx",RIS,12167,0.0
Rio Caeté,1 Pará,44,"Área colhida (Hectares), Quantidade Produzida (Toneladas) e Valor (Mil Reais) da Produção por Tipo de Lavoura Temporária - 2024 para",20,"Tabela 44 - Área colhida (Hectares), Quantidade Produzida (Toneladas) e Valor (Mil Reais) da Produção por Tipo de Lavoura Temporária - 2024 para","..\..\Desktop\tabelas-powerBI\1 Pará\Tabela 44 - Área colhida (Hectares), Quantidade Produzida (Toneladas) e Valor (Mil Reais) da Produção por Tipo de Lavoura Temporária - 2024 para.xlsx",RIS,12167,0.0
Rio Capim,1 Pará,44,"Área colhida (Hectares), Quantidade Produzida (Toneladas) e Valor (Mil Reais) da Produção por Tipo de Lavoura Temporária - 2024 para",20,"Tabela 44 - Área colhida (Hectares), Quantidade Produzida (Toneladas) e Valor (Mil Reais) da Produção por Tipo de Lavoura Temporária - 2024 para","..\..\Desktop\tabelas-powerBI\1 Pará\Tabela 44 - Área colhida (Hectares), Quantidade Produzida (Toneladas) e Valor (Mil Reais) da Produção por Tipo de Lavoura Temporária - 2024 para.xlsx",RIS,12167,928.0
Tapajós,1 Pará,44,"Área colhida (Hectares), Quantidade Produzida (Toneladas) e Valor (Mil Reais) da Produção por Tipo de Lavoura Temporária - 2024 para",20,"Tabela 44 - Área colhida (Hectares), Quantidade Produzida (Toneladas) e Valor (Mil Reais) da Produção por Tipo de Lavoura Temporária - 2024 para","..\..\Desktop\tabelas-powerBI\1 Pará\Tabela 44 - Área colhida (Hectares), Quantidade Produzida (Toneladas) e Valor (Mil Reais) da Produção por Tipo de Lavoura Temporária - 2024 para.xlsx",RIS,12167,184.0
Tocantins,1 Pará,44,"Área colhida (Hectares), Quantidade Produzida (Toneladas) e Valor (Mil Reais) da Produção por Tipo de Lavoura Temporária - 2024 para",20,"Tabela 44 - Área colhida (Hectares), Quantidade Produzida (Toneladas) e Valor (Mil Reais) da Produção por Tipo de Lavoura Temporária - 2024 para","..\..\Desktop\tabelas-powerBI\1 Pará\Tabela 44 - Área colhida (Hectares), Quantidade Produzida (Toneladas) e Valor (Mil Reais) da Produção por Tipo de Lavoura Temporária - 2024 para.xlsx",RIS,12167,0.0
Xingu,1 Pará,44,"Área colhida (Hectares), Quantidade Produzida (Toneladas) e Valor (Mil Reais) da Produção por Tipo de Lavoura Temporária - 2024 para",20,"Tabela 44 - Área colhida (Hectares), Quantidade Produzida (Toneladas) e Valor (Mil Reais) da Produção por Tipo de Lavoura Temporária - 2024 para","..\..\Desktop\tabelas-powerBI\1 Pará\Tabela 44 - Área colhida (Hectares), Quantidade Produzida (Toneladas) e Valor (Mil Reais) da Produção por Tipo de Lavoura Temporária - 2024 para.xlsx",RIS,12167,5385.0
Fonte: IBGE/PAM,1 Pará,44,"Área colhida (Hectares), Quantidade Produzida (Toneladas) e Valor (Mil Reais) da Produção por Tipo de Lavoura Temporária - 2024 para",20,"Tabela 44 - Área colhida (Hectares), Quantidade Produzida (Toneladas) e Valor (Mil Reais) da Produção por Tipo de Lavoura Temporária - 2024 para","..\..\Desktop\tabelas-powerBI\1 Pará\Tabela 44 - Área colhida (Hectares), Quantidade Produzida (Toneladas) e Valor (Mil Reais) da Produção por Tipo de Lavoura Temporária - 2024 para.xlsx",RIS,12167,
Elaboração: FAPESPA,1 Pará,44,"Área colhida (Hectares), Quantidade Produzida (Toneladas) e Valor (Mil Reais) da Produção por Tipo de Lavoura Temporária - 2024 para",20,"Tabela 44 - Área colhida (Hectares), Quantidade Produzida (Toneladas) e Valor (Mil Reais) da Produção por Tipo de Lavoura Temporária - 2024 para","..\..\Desktop\tabelas-powerBI\1 Pará\Tabela 44 - Área colhida (Hectares), Quantidade Produzida (Toneladas) e Valor (Mil Reais) da Produção por Tipo de Lavoura Temporária - 2024 para.xlsx",RIS,12167,
Nota: A quantidade produzida de abacaxi é expressa em mil frutos,1 Pará,44,"Área colhida (Hectares), Quantidade Produzida (Toneladas) e Valor (Mil Reais) da Produção por Tipo de Lavoura Temporária - 2024 para",20,"Tabela 44 - Área colhida (Hectares), Quantidade Produzida (Toneladas) e Valor (Mil Reais) da Produção por Tipo de Lavoura Temporária - 2024 para","..\..\Desktop\tabelas-powerBI\1 Pará\Tabela 44 - Área colhida (Hectares), Quantidade Produzida (Toneladas) e Valor (Mil Reais) da Produção por Tipo de Lavoura Temporária - 2024 para.xlsx",RIS,12167,
